{
    "homo_matrix": [
        [
            0.013134514752084606,
            -0.0489011415342209,
            9.120825850656301
        ],
        [
            0.002550174480584035,
            -0.04229899698941747,
            20.72930727096128
        ],
        [
            9.410237911863726e-05,
            -0.0024105323954969776,
            1.0
        ]
    ],
    "pixel_points": [
        [
            1506.0,
            761.0
        ],
        [
            558.0,
            670.0
        ],
        [
            724.0,
            291.0
        ],
        [
            1319.0,
            293.0
        ]
    ],
    "real_world_points": [
        [
            12.0,
            11.0
        ],
        [
            29.0,
            11.0
        ],
        [
            12.0,
            28.0
        ],
        [
            29.0,
            28.0
        ]
    ]
}