ISO-10303-21;
HEADER;
/* Generated by software containing ST-Developer
 * from STEP Tools, Inc. (www.steptools.com) 
 */

FILE_DESCRIPTION(
/* description */ (''),
/* implementation_level */ '2;1');

FILE_NAME(
/* name */ 'Claw Base C x1.step',
/* time_stamp */ '2026-06-20T17:10:33-05:00',
/* author */ (''),
/* organization */ (''),
/* preprocessor_version */ 'ST-DEVELOPER v20.1',
/* originating_system */ 'Autodesk Translation Framework v15.8.0.0',
/* authorisation */ '');

FILE_SCHEMA (('AUTOMOTIVE_DESIGN { 1 0 10303 214 3 1 1 }'));
ENDSEC;

DATA;
#10=MECHANICAL_DESIGN_GEOMETRIC_PRESENTATION_REPRESENTATION('',(#13),#8193);
#11=SHAPE_REPRESENTATION_RELATIONSHIP('SRR','None',#8200,#12);
#12=ADVANCED_BREP_SHAPE_REPRESENTATION('',(#14),#8192);
#13=STYLED_ITEM('',(#8209),#14);
#14=MANIFOLD_SOLID_BREP('Body1',#4825);
#15=FACE_BOUND('',#677,.T.);
#16=FACE_BOUND('',#678,.T.);
#17=FACE_BOUND('',#679,.T.);
#18=FACE_BOUND('',#680,.T.);
#19=FACE_BOUND('',#681,.T.);
#20=FACE_BOUND('',#682,.T.);
#21=FACE_BOUND('',#683,.T.);
#22=FACE_BOUND('',#684,.T.);
#23=FACE_BOUND('',#685,.T.);
#24=FACE_BOUND('',#737,.T.);
#25=FACE_BOUND('',#738,.T.);
#26=FACE_BOUND('',#739,.T.);
#27=FACE_BOUND('',#740,.T.);
#28=FACE_BOUND('',#741,.T.);
#29=FACE_BOUND('',#742,.T.);
#30=FACE_BOUND('',#743,.T.);
#31=FACE_BOUND('',#744,.T.);
#32=FACE_BOUND('',#745,.T.);
#33=FACE_BOUND('',#746,.T.);
#34=FACE_BOUND('',#747,.T.);
#35=FACE_BOUND('',#748,.T.);
#36=FACE_BOUND('',#749,.T.);
#37=FACE_BOUND('',#750,.T.);
#38=FACE_BOUND('',#761,.T.);
#39=FACE_BOUND('',#764,.T.);
#40=FACE_BOUND('',#767,.T.);
#41=FACE_BOUND('',#770,.T.);
#42=FACE_BOUND('',#773,.T.);
#43=FACE_BOUND('',#776,.T.);
#44=FACE_BOUND('',#779,.T.);
#45=FACE_BOUND('',#782,.T.);
#46=FACE_BOUND('',#785,.T.);
#47=FACE_BOUND('',#788,.T.);
#48=FACE_BOUND('',#791,.T.);
#49=FACE_BOUND('',#794,.T.);
#50=ELLIPSE('',#4921,7.07106781186578,5.);
#51=ELLIPSE('',#4922,7.07106781186565,5.);
#52=ELLIPSE('',#4924,7.07106781186548,5.);
#53=ELLIPSE('',#4925,7.07106781186549,5.);
#54=ELLIPSE('',#4928,3.53553390593274,2.5);
#55=ELLIPSE('',#4952,7.07106781186549,5.);
#56=ELLIPSE('',#4953,7.07106781186548,5.);
#57=ELLIPSE('',#4954,7.07106781186544,5.);
#58=ELLIPSE('',#4955,7.07106781186549,5.);
#59=ELLIPSE('',#4960,3.53553390593274,2.5);
#60=ELLIPSE('',#4965,3.53553390593274,2.5);
#61=ELLIPSE('',#5053,1.4142135623731,1.);
#62=ELLIPSE('',#5054,1.4142135623731,1.);
#63=ELLIPSE('',#5056,1.41421356237313,1.);
#64=ELLIPSE('',#5058,1.41421356237316,1.);
#65=ELLIPSE('',#5062,3.53553390593274,2.5);
#66=ELLIPSE('',#5063,3.53553390593268,2.5);
#67=ELLIPSE('',#5067,3.53553390593261,2.5);
#68=ELLIPSE('',#5068,3.53553390593274,2.5);
#69=ELLIPSE('',#5072,3.53553390593268,2.5);
#70=ELLIPSE('',#5073,3.53553390593273,2.5);
#71=ELLIPSE('',#5077,3.53553390593274,2.5);
#72=ELLIPSE('',#5078,3.53553390593276,2.5);
#73=ELLIPSE('',#5082,3.53553390593274,2.5);
#74=ELLIPSE('',#5083,3.53553390593274,2.5);
#75=ELLIPSE('',#5084,3.53553390593275,2.5);
#76=ELLIPSE('',#5085,3.53553390593274,2.5);
#77=ELLIPSE('',#5089,3.53553390593274,2.5);
#78=ELLIPSE('',#5090,3.53553390593274,2.5);
#79=ELLIPSE('',#5091,3.53553390593272,2.5);
#80=ELLIPSE('',#5092,3.53553390593275,2.5);
#81=ELLIPSE('',#5096,3.53553390593274,2.5);
#82=ELLIPSE('',#5097,3.53553390593274,2.5);
#83=ELLIPSE('',#5098,3.53553390593273,2.5);
#84=ELLIPSE('',#5099,3.53553390593275,2.5);
#85=ELLIPSE('',#5103,3.53553390593274,2.5);
#86=ELLIPSE('',#5104,3.53553390593274,2.5);
#87=ELLIPSE('',#5105,3.53553390593272,2.5);
#88=ELLIPSE('',#5109,3.53553390593274,2.5);
#89=ELLIPSE('',#5110,3.53553390593274,2.5);
#90=ELLIPSE('',#5111,3.53553390593275,2.5);
#91=ELLIPSE('',#5112,3.53553390593272,2.5);
#92=ELLIPSE('',#5116,3.53553390593274,2.5);
#93=ELLIPSE('',#5117,3.53553390593274,2.5);
#94=ELLIPSE('',#5118,3.53553390593275,2.5);
#95=ELLIPSE('',#5119,3.53553390593274,2.5);
#96=ELLIPSE('',#5123,3.53553390593274,2.5);
#97=ELLIPSE('',#5124,3.53553390593274,2.5);
#98=ELLIPSE('',#5125,3.53553390593275,2.5);
#99=ELLIPSE('',#5126,3.53553390593274,2.5);
#100=ELLIPSE('',#5130,3.53553390593275,2.5);
#101=ELLIPSE('',#5131,3.53553390593274,2.5);
#102=ELLIPSE('',#5135,1.4142135623731,1.);
#103=ELLIPSE('',#5136,1.4142135623731,1.);
#104=ELLIPSE('',#5137,1.41421356237307,1.);
#105=ELLIPSE('',#5138,1.4142135623731,1.);
#106=ELLIPSE('',#5142,1.41421356237307,1.);
#107=ELLIPSE('',#5144,1.4142135623731,1.);
#108=ELLIPSE('',#5145,1.4142135623731,1.);
#109=ELLIPSE('',#5146,1.4142135623731,1.);
#110=ELLIPSE('',#5147,1.4142135623731,1.);
#111=ELLIPSE('',#5150,1.4142135623731,1.);
#112=ELLIPSE('',#5152,1.4142135623731,1.);
#113=ELLIPSE('',#5153,1.4142135623731,1.);
#114=ELLIPSE('',#5154,1.4142135623731,1.);
#115=ELLIPSE('',#5158,1.4142135623731,1.);
#116=ELLIPSE('',#5159,1.4142135623731,1.);
#117=ELLIPSE('',#5160,1.4142135623731,1.);
#118=ELLIPSE('',#5161,1.4142135623731,1.);
#119=ELLIPSE('',#5164,1.4142135623731,1.);
#120=ELLIPSE('',#5167,1.4142135623731,1.);
#121=ELLIPSE('',#5168,1.4142135623731,1.);
#122=ELLIPSE('',#5169,1.4142135623731,1.);
#123=ELLIPSE('',#5173,1.41421356237309,1.);
#124=ELLIPSE('',#5174,1.4142135623731,1.);
#125=ELLIPSE('',#5175,1.4142135623731,1.);
#126=ELLIPSE('',#5176,1.41421356237309,1.);
#127=ELLIPSE('',#5179,1.4142135623731,1.);
#128=ELLIPSE('',#5181,1.41421356237309,1.);
#129=ELLIPSE('',#5182,1.41421356237309,1.);
#130=ELLIPSE('',#5183,1.4142135623731,1.);
#131=ELLIPSE('',#5187,1.4142135623731,1.);
#132=ELLIPSE('',#5188,1.41421356237309,1.);
#133=ELLIPSE('',#5189,1.41421356237309,1.);
#134=ELLIPSE('',#5190,1.4142135623731,1.);
#135=ELLIPSE('',#5193,1.41421356237309,1.);
#136=ELLIPSE('',#5196,1.4142135623731,1.);
#137=ELLIPSE('',#5197,1.41421356237309,1.);
#138=ELLIPSE('',#5198,1.4142135623731,1.);
#139=ELLIPSE('',#5202,1.41421356237309,1.);
#140=ELLIPSE('',#5203,1.4142135623731,1.);
#141=ELLIPSE('',#5204,1.4142135623731,1.);
#142=ELLIPSE('',#5205,1.4142135623731,1.);
#143=ELLIPSE('',#5207,1.4142135623731,1.);
#144=ELLIPSE('',#5210,1.41421356237309,1.);
#145=ELLIPSE('',#5212,1.41421356237309,1.);
#146=ELLIPSE('',#5213,1.41421356237309,1.);
#147=ELLIPSE('',#5216,1.4142135623731,1.);
#148=ELLIPSE('',#5217,1.4142135623731,1.);
#149=ELLIPSE('',#5218,1.41421356237304,1.);
#150=ELLIPSE('',#5222,1.41421356237309,1.);
#151=ELLIPSE('',#5223,1.4142135623731,1.);
#152=ELLIPSE('',#5224,1.4142135623731,1.);
#153=ELLIPSE('',#5225,1.4142135623731,1.);
#154=ELLIPSE('',#5227,1.4142135623731,1.);
#155=ELLIPSE('',#5230,1.41421356237309,1.);
#156=ELLIPSE('',#5232,1.4142135623731,1.);
#157=ELLIPSE('',#5233,1.4142135623731,1.);
#158=CIRCLE('',#4841,0.500000000000009);
#159=CIRCLE('',#4842,0.500000000000009);
#160=CIRCLE('',#4845,0.499999999999998);
#161=CIRCLE('',#4846,0.499999999999998);
#162=CIRCLE('',#4849,0.499999999999998);
#163=CIRCLE('',#4850,0.499999999999998);
#164=CIRCLE('',#4853,0.499999999999998);
#165=CIRCLE('',#4854,0.499999999999998);
#166=CIRCLE('',#4858,0.499999999999998);
#167=CIRCLE('',#4859,0.499999999999998);
#168=CIRCLE('',#4862,0.499999999999998);
#169=CIRCLE('',#4863,0.499999999999998);
#170=CIRCLE('',#4866,0.499999999999994);
#171=CIRCLE('',#4867,0.499999999999994);
#172=CIRCLE('',#4871,0.500000000000003);
#173=CIRCLE('',#4872,0.500000000000003);
#174=CIRCLE('',#4875,0.500000000000003);
#175=CIRCLE('',#4876,0.500000000000003);
#176=CIRCLE('',#4879,0.499999999999999);
#177=CIRCLE('',#4880,0.499999999999999);
#178=CIRCLE('',#4884,0.49999999999998);
#179=CIRCLE('',#4885,0.49999999999998);
#180=CIRCLE('',#4888,0.500000000000005);
#181=CIRCLE('',#4889,0.500000000000005);
#182=CIRCLE('',#4892,0.499999999999972);
#183=CIRCLE('',#4893,0.499999999999972);
#184=CIRCLE('',#4896,0.499999999999999);
#185=CIRCLE('',#4897,0.499999999999999);
#186=CIRCLE('',#4900,0.500000000000001);
#187=CIRCLE('',#4901,0.500000000000001);
#188=CIRCLE('',#4905,0.499999999999998);
#189=CIRCLE('',#4906,0.499999999999998);
#190=CIRCLE('',#4909,0.500000000000015);
#191=CIRCLE('',#4910,0.500000000000015);
#192=CIRCLE('',#4913,0.499999999999998);
#193=CIRCLE('',#4914,0.499999999999998);
#194=CIRCLE('',#4917,0.499999999999998);
#195=CIRCLE('',#4918,0.499999999999998);
#196=CIRCLE('',#4923,5.);
#197=CIRCLE('',#4926,5.);
#198=CIRCLE('',#4930,5.);
#199=CIRCLE('',#4931,1.);
#200=CIRCLE('',#4932,1.);
#201=CIRCLE('',#4933,1.);
#202=CIRCLE('',#4934,1.);
#203=CIRCLE('',#4935,0.583333333333331);
#204=CIRCLE('',#4936,0.583333333333327);
#205=CIRCLE('',#4937,1.);
#206=CIRCLE('',#4938,1.);
#207=CIRCLE('',#4939,1.);
#208=CIRCLE('',#4940,1.);
#209=CIRCLE('',#4941,0.583333333333322);
#210=CIRCLE('',#4942,0.583333333333327);
#211=CIRCLE('',#4943,1.);
#212=CIRCLE('',#4944,1.);
#213=CIRCLE('',#4945,1.);
#214=CIRCLE('',#4946,1.);
#215=CIRCLE('',#4947,0.583333333333323);
#216=CIRCLE('',#4948,0.583333333333326);
#217=CIRCLE('',#4956,5.);
#218=CIRCLE('',#4967,1.);
#219=CIRCLE('',#4970,1.);
#220=CIRCLE('',#4973,1.);
#221=CIRCLE('',#4976,1.);
#222=CIRCLE('',#4978,1.);
#223=CIRCLE('',#4980,1.);
#224=CIRCLE('',#4982,1.);
#225=CIRCLE('',#4985,1.);
#226=CIRCLE('',#4988,1.);
#227=CIRCLE('',#4991,1.);
#228=CIRCLE('',#4993,1.);
#229=CIRCLE('',#4995,1.);
#230=CIRCLE('',#4997,1.);
#231=CIRCLE('',#4998,1.);
#232=CIRCLE('',#5001,1.);
#233=CIRCLE('',#5002,1.);
#234=CIRCLE('',#5005,1.);
#235=CIRCLE('',#5006,1.);
#236=CIRCLE('',#5008,1.);
#237=CIRCLE('',#5009,1.);
#238=CIRCLE('',#5010,1.);
#239=CIRCLE('',#5013,1.);
#240=CIRCLE('',#5014,1.);
#241=CIRCLE('',#5017,1.);
#242=CIRCLE('',#5018,1.);
#243=CIRCLE('',#5021,1.);
#244=CIRCLE('',#5022,1.);
#245=CIRCLE('',#5025,1.);
#246=CIRCLE('',#5026,1.);
#247=CIRCLE('',#5029,1.);
#248=CIRCLE('',#5032,1.);
#249=CIRCLE('',#5035,1.);
#250=CIRCLE('',#5036,4.142905283975);
#251=CIRCLE('',#5039,1.);
#252=CIRCLE('',#5041,1.);
#253=CIRCLE('',#5042,0.583333333333327);
#254=CIRCLE('',#5043,0.583333333333322);
#255=CIRCLE('',#5044,0.583333333333325);
#256=CIRCLE('',#5045,0.583333333333322);
#257=CIRCLE('',#5046,0.583333333333322);
#258=CIRCLE('',#5047,0.583333333333323);
#259=CIRCLE('',#5049,1.);
#260=CIRCLE('',#5065,2.6);
#261=CIRCLE('',#5070,2.6);
#262=CIRCLE('',#5075,2.6);
#263=CIRCLE('',#5080,2.6);
#264=CIRCLE('',#5087,2.6);
#265=CIRCLE('',#5094,2.6);
#266=CIRCLE('',#5101,2.6);
#267=CIRCLE('',#5107,2.6);
#268=CIRCLE('',#5114,2.6);
#269=CIRCLE('',#5121,2.6);
#270=CIRCLE('',#5128,2.6);
#271=CIRCLE('',#5133,2.6);
#272=CIRCLE('',#5284,4.142905283975);
#273=CIRCLE('',#5287,0.583333333333331);
#274=CIRCLE('',#5290,0.583333333333327);
#275=CIRCLE('',#5295,0.583333333333322);
#276=CIRCLE('',#5298,0.583333333333327);
#277=CIRCLE('',#5303,0.583333333333323);
#278=CIRCLE('',#5306,0.583333333333326);
#279=CIRCLE('',#5311,0.583333333333327);
#280=CIRCLE('',#5314,0.583333333333322);
#281=CIRCLE('',#5317,0.583333333333325);
#282=CIRCLE('',#5320,0.583333333333322);
#283=CIRCLE('',#5323,0.583333333333322);
#284=CIRCLE('',#5326,0.583333333333323);
#285=CYLINDRICAL_SURFACE('',#4840,0.500000000000009);
#286=CYLINDRICAL_SURFACE('',#4844,0.499999999999998);
#287=CYLINDRICAL_SURFACE('',#4848,0.499999999999998);
#288=CYLINDRICAL_SURFACE('',#4852,0.499999999999998);
#289=CYLINDRICAL_SURFACE('',#4857,0.499999999999998);
#290=CYLINDRICAL_SURFACE('',#4861,0.499999999999998);
#291=CYLINDRICAL_SURFACE('',#4865,0.499999999999994);
#292=CYLINDRICAL_SURFACE('',#4870,0.500000000000003);
#293=CYLINDRICAL_SURFACE('',#4874,0.500000000000003);
#294=CYLINDRICAL_SURFACE('',#4878,0.499999999999999);
#295=CYLINDRICAL_SURFACE('',#4883,0.49999999999998);
#296=CYLINDRICAL_SURFACE('',#4887,0.500000000000005);
#297=CYLINDRICAL_SURFACE('',#4891,0.499999999999972);
#298=CYLINDRICAL_SURFACE('',#4895,0.499999999999999);
#299=CYLINDRICAL_SURFACE('',#4899,0.500000000000001);
#300=CYLINDRICAL_SURFACE('',#4904,0.499999999999998);
#301=CYLINDRICAL_SURFACE('',#4908,0.500000000000015);
#302=CYLINDRICAL_SURFACE('',#4912,0.499999999999998);
#303=CYLINDRICAL_SURFACE('',#4916,0.499999999999998);
#304=CYLINDRICAL_SURFACE('',#4920,5.);
#305=CYLINDRICAL_SURFACE('',#4951,5.);
#306=CYLINDRICAL_SURFACE('',#4966,1.);
#307=CYLINDRICAL_SURFACE('',#4969,1.);
#308=CYLINDRICAL_SURFACE('',#4972,1.);
#309=CYLINDRICAL_SURFACE('',#4975,1.);
#310=CYLINDRICAL_SURFACE('',#4977,1.);
#311=CYLINDRICAL_SURFACE('',#4979,1.);
#312=CYLINDRICAL_SURFACE('',#4981,1.);
#313=CYLINDRICAL_SURFACE('',#4984,1.);
#314=CYLINDRICAL_SURFACE('',#4987,1.);
#315=CYLINDRICAL_SURFACE('',#4990,1.);
#316=CYLINDRICAL_SURFACE('',#4992,1.);
#317=CYLINDRICAL_SURFACE('',#4994,1.);
#318=CYLINDRICAL_SURFACE('',#4996,1.);
#319=CYLINDRICAL_SURFACE('',#5000,1.);
#320=CYLINDRICAL_SURFACE('',#5004,1.);
#321=CYLINDRICAL_SURFACE('',#5012,1.);
#322=CYLINDRICAL_SURFACE('',#5016,1.);
#323=CYLINDRICAL_SURFACE('',#5020,1.);
#324=CYLINDRICAL_SURFACE('',#5024,1.);
#325=CYLINDRICAL_SURFACE('',#5028,1.);
#326=CYLINDRICAL_SURFACE('',#5031,1.);
#327=CYLINDRICAL_SURFACE('',#5038,1.);
#328=CYLINDRICAL_SURFACE('',#5048,1.);
#329=CYLINDRICAL_SURFACE('',#5052,1.);
#330=CYLINDRICAL_SURFACE('',#5055,1.);
#331=CYLINDRICAL_SURFACE('',#5057,1.);
#332=CYLINDRICAL_SURFACE('',#5061,2.5);
#333=CYLINDRICAL_SURFACE('',#5066,2.5);
#334=CYLINDRICAL_SURFACE('',#5071,2.5);
#335=CYLINDRICAL_SURFACE('',#5076,2.5);
#336=CYLINDRICAL_SURFACE('',#5081,2.5);
#337=CYLINDRICAL_SURFACE('',#5088,2.5);
#338=CYLINDRICAL_SURFACE('',#5095,2.5);
#339=CYLINDRICAL_SURFACE('',#5102,2.5);
#340=CYLINDRICAL_SURFACE('',#5108,2.5);
#341=CYLINDRICAL_SURFACE('',#5115,2.5);
#342=CYLINDRICAL_SURFACE('',#5122,2.5);
#343=CYLINDRICAL_SURFACE('',#5129,2.5);
#344=CYLINDRICAL_SURFACE('',#5134,1.);
#345=CYLINDRICAL_SURFACE('',#5143,1.);
#346=CYLINDRICAL_SURFACE('',#5151,1.);
#347=CYLINDRICAL_SURFACE('',#5157,1.);
#348=CYLINDRICAL_SURFACE('',#5166,1.);
#349=CYLINDRICAL_SURFACE('',#5172,1.);
#350=CYLINDRICAL_SURFACE('',#5180,1.);
#351=CYLINDRICAL_SURFACE('',#5186,1.);
#352=CYLINDRICAL_SURFACE('',#5195,1.);
#353=CYLINDRICAL_SURFACE('',#5201,1.);
#354=CYLINDRICAL_SURFACE('',#5211,1.);
#355=CYLINDRICAL_SURFACE('',#5215,1.);
#356=CYLINDRICAL_SURFACE('',#5221,1.);
#357=CYLINDRICAL_SURFACE('',#5231,1.);
#358=CYLINDRICAL_SURFACE('',#5254,2.6);
#359=CYLINDRICAL_SURFACE('',#5256,2.6);
#360=CYLINDRICAL_SURFACE('',#5273,2.6);
#361=CYLINDRICAL_SURFACE('',#5275,2.6);
#362=CYLINDRICAL_SURFACE('',#5278,2.6);
#363=CYLINDRICAL_SURFACE('',#5280,2.6);
#364=CYLINDRICAL_SURFACE('',#5285,4.142905283975);
#365=CYLINDRICAL_SURFACE('',#5288,0.583333333333331);
#366=CYLINDRICAL_SURFACE('',#5291,0.583333333333327);
#367=CYLINDRICAL_SURFACE('',#5296,0.583333333333322);
#368=CYLINDRICAL_SURFACE('',#5299,0.583333333333327);
#369=CYLINDRICAL_SURFACE('',#5304,0.583333333333323);
#370=CYLINDRICAL_SURFACE('',#5307,0.583333333333326);
#371=CYLINDRICAL_SURFACE('',#5312,0.583333333333327);
#372=CYLINDRICAL_SURFACE('',#5315,0.583333333333322);
#373=CYLINDRICAL_SURFACE('',#5318,0.583333333333325);
#374=CYLINDRICAL_SURFACE('',#5321,0.583333333333322);
#375=CYLINDRICAL_SURFACE('',#5324,0.583333333333322);
#376=CYLINDRICAL_SURFACE('',#5327,0.583333333333323);
#377=FACE_OUTER_BOUND('',#631,.T.);
#378=FACE_OUTER_BOUND('',#632,.T.);
#379=FACE_OUTER_BOUND('',#633,.T.);
#380=FACE_OUTER_BOUND('',#634,.T.);
#381=FACE_OUTER_BOUND('',#635,.T.);
#382=FACE_OUTER_BOUND('',#636,.T.);
#383=FACE_OUTER_BOUND('',#637,.T.);
#384=FACE_OUTER_BOUND('',#638,.T.);
#385=FACE_OUTER_BOUND('',#639,.T.);
#386=FACE_OUTER_BOUND('',#640,.T.);
#387=FACE_OUTER_BOUND('',#641,.T.);
#388=FACE_OUTER_BOUND('',#642,.T.);
#389=FACE_OUTER_BOUND('',#643,.T.);
#390=FACE_OUTER_BOUND('',#644,.T.);
#391=FACE_OUTER_BOUND('',#645,.T.);
#392=FACE_OUTER_BOUND('',#646,.T.);
#393=FACE_OUTER_BOUND('',#647,.T.);
#394=FACE_OUTER_BOUND('',#648,.T.);
#395=FACE_OUTER_BOUND('',#649,.T.);
#396=FACE_OUTER_BOUND('',#650,.T.);
#397=FACE_OUTER_BOUND('',#651,.T.);
#398=FACE_OUTER_BOUND('',#652,.T.);
#399=FACE_OUTER_BOUND('',#653,.T.);
#400=FACE_OUTER_BOUND('',#654,.T.);
#401=FACE_OUTER_BOUND('',#655,.T.);
#402=FACE_OUTER_BOUND('',#656,.T.);
#403=FACE_OUTER_BOUND('',#657,.T.);
#404=FACE_OUTER_BOUND('',#658,.T.);
#405=FACE_OUTER_BOUND('',#659,.T.);
#406=FACE_OUTER_BOUND('',#660,.T.);
#407=FACE_OUTER_BOUND('',#661,.T.);
#408=FACE_OUTER_BOUND('',#662,.T.);
#409=FACE_OUTER_BOUND('',#663,.T.);
#410=FACE_OUTER_BOUND('',#664,.T.);
#411=FACE_OUTER_BOUND('',#665,.T.);
#412=FACE_OUTER_BOUND('',#666,.T.);
#413=FACE_OUTER_BOUND('',#667,.T.);
#414=FACE_OUTER_BOUND('',#668,.T.);
#415=FACE_OUTER_BOUND('',#669,.T.);
#416=FACE_OUTER_BOUND('',#670,.T.);
#417=FACE_OUTER_BOUND('',#671,.T.);
#418=FACE_OUTER_BOUND('',#672,.T.);
#419=FACE_OUTER_BOUND('',#673,.T.);
#420=FACE_OUTER_BOUND('',#674,.T.);
#421=FACE_OUTER_BOUND('',#675,.T.);
#422=FACE_OUTER_BOUND('',#676,.T.);
#423=FACE_OUTER_BOUND('',#686,.T.);
#424=FACE_OUTER_BOUND('',#687,.T.);
#425=FACE_OUTER_BOUND('',#688,.T.);
#426=FACE_OUTER_BOUND('',#689,.T.);
#427=FACE_OUTER_BOUND('',#690,.T.);
#428=FACE_OUTER_BOUND('',#691,.T.);
#429=FACE_OUTER_BOUND('',#692,.T.);
#430=FACE_OUTER_BOUND('',#693,.T.);
#431=FACE_OUTER_BOUND('',#694,.T.);
#432=FACE_OUTER_BOUND('',#695,.T.);
#433=FACE_OUTER_BOUND('',#696,.T.);
#434=FACE_OUTER_BOUND('',#697,.T.);
#435=FACE_OUTER_BOUND('',#698,.T.);
#436=FACE_OUTER_BOUND('',#699,.T.);
#437=FACE_OUTER_BOUND('',#700,.T.);
#438=FACE_OUTER_BOUND('',#701,.T.);
#439=FACE_OUTER_BOUND('',#702,.T.);
#440=FACE_OUTER_BOUND('',#703,.T.);
#441=FACE_OUTER_BOUND('',#704,.T.);
#442=FACE_OUTER_BOUND('',#705,.T.);
#443=FACE_OUTER_BOUND('',#706,.T.);
#444=FACE_OUTER_BOUND('',#707,.T.);
#445=FACE_OUTER_BOUND('',#708,.T.);
#446=FACE_OUTER_BOUND('',#709,.T.);
#447=FACE_OUTER_BOUND('',#710,.T.);
#448=FACE_OUTER_BOUND('',#711,.T.);
#449=FACE_OUTER_BOUND('',#712,.T.);
#450=FACE_OUTER_BOUND('',#713,.T.);
#451=FACE_OUTER_BOUND('',#714,.T.);
#452=FACE_OUTER_BOUND('',#715,.T.);
#453=FACE_OUTER_BOUND('',#716,.T.);
#454=FACE_OUTER_BOUND('',#717,.T.);
#455=FACE_OUTER_BOUND('',#718,.T.);
#456=FACE_OUTER_BOUND('',#719,.T.);
#457=FACE_OUTER_BOUND('',#720,.T.);
#458=FACE_OUTER_BOUND('',#721,.T.);
#459=FACE_OUTER_BOUND('',#722,.T.);
#460=FACE_OUTER_BOUND('',#723,.T.);
#461=FACE_OUTER_BOUND('',#724,.T.);
#462=FACE_OUTER_BOUND('',#725,.T.);
#463=FACE_OUTER_BOUND('',#726,.T.);
#464=FACE_OUTER_BOUND('',#727,.T.);
#465=FACE_OUTER_BOUND('',#728,.T.);
#466=FACE_OUTER_BOUND('',#729,.T.);
#467=FACE_OUTER_BOUND('',#730,.T.);
#468=FACE_OUTER_BOUND('',#731,.T.);
#469=FACE_OUTER_BOUND('',#732,.T.);
#470=FACE_OUTER_BOUND('',#733,.T.);
#471=FACE_OUTER_BOUND('',#734,.T.);
#472=FACE_OUTER_BOUND('',#735,.T.);
#473=FACE_OUTER_BOUND('',#736,.T.);
#474=FACE_OUTER_BOUND('',#751,.T.);
#475=FACE_OUTER_BOUND('',#752,.T.);
#476=FACE_OUTER_BOUND('',#753,.T.);
#477=FACE_OUTER_BOUND('',#754,.T.);
#478=FACE_OUTER_BOUND('',#755,.T.);
#479=FACE_OUTER_BOUND('',#756,.T.);
#480=FACE_OUTER_BOUND('',#757,.T.);
#481=FACE_OUTER_BOUND('',#758,.T.);
#482=FACE_OUTER_BOUND('',#759,.T.);
#483=FACE_OUTER_BOUND('',#760,.T.);
#484=FACE_OUTER_BOUND('',#762,.T.);
#485=FACE_OUTER_BOUND('',#763,.T.);
#486=FACE_OUTER_BOUND('',#765,.T.);
#487=FACE_OUTER_BOUND('',#766,.T.);
#488=FACE_OUTER_BOUND('',#768,.T.);
#489=FACE_OUTER_BOUND('',#769,.T.);
#490=FACE_OUTER_BOUND('',#771,.T.);
#491=FACE_OUTER_BOUND('',#772,.T.);
#492=FACE_OUTER_BOUND('',#774,.T.);
#493=FACE_OUTER_BOUND('',#775,.T.);
#494=FACE_OUTER_BOUND('',#777,.T.);
#495=FACE_OUTER_BOUND('',#778,.T.);
#496=FACE_OUTER_BOUND('',#780,.T.);
#497=FACE_OUTER_BOUND('',#781,.T.);
#498=FACE_OUTER_BOUND('',#783,.T.);
#499=FACE_OUTER_BOUND('',#784,.T.);
#500=FACE_OUTER_BOUND('',#786,.T.);
#501=FACE_OUTER_BOUND('',#787,.T.);
#502=FACE_OUTER_BOUND('',#789,.T.);
#503=FACE_OUTER_BOUND('',#790,.T.);
#504=FACE_OUTER_BOUND('',#792,.T.);
#505=FACE_OUTER_BOUND('',#793,.T.);
#506=FACE_OUTER_BOUND('',#795,.T.);
#507=FACE_OUTER_BOUND('',#796,.T.);
#508=FACE_OUTER_BOUND('',#797,.T.);
#509=FACE_OUTER_BOUND('',#798,.T.);
#510=FACE_OUTER_BOUND('',#799,.T.);
#511=FACE_OUTER_BOUND('',#800,.T.);
#512=FACE_OUTER_BOUND('',#801,.T.);
#513=FACE_OUTER_BOUND('',#802,.T.);
#514=FACE_OUTER_BOUND('',#803,.T.);
#515=FACE_OUTER_BOUND('',#804,.T.);
#516=FACE_OUTER_BOUND('',#805,.T.);
#517=FACE_OUTER_BOUND('',#806,.T.);
#518=FACE_OUTER_BOUND('',#807,.T.);
#519=FACE_OUTER_BOUND('',#808,.T.);
#520=FACE_OUTER_BOUND('',#809,.T.);
#521=FACE_OUTER_BOUND('',#810,.T.);
#522=FACE_OUTER_BOUND('',#811,.T.);
#523=FACE_OUTER_BOUND('',#812,.T.);
#524=FACE_OUTER_BOUND('',#813,.T.);
#525=FACE_OUTER_BOUND('',#814,.T.);
#526=FACE_OUTER_BOUND('',#815,.T.);
#527=FACE_OUTER_BOUND('',#816,.T.);
#528=FACE_OUTER_BOUND('',#817,.T.);
#529=FACE_OUTER_BOUND('',#818,.T.);
#530=FACE_OUTER_BOUND('',#819,.T.);
#531=FACE_OUTER_BOUND('',#820,.T.);
#532=FACE_OUTER_BOUND('',#821,.T.);
#533=FACE_OUTER_BOUND('',#822,.T.);
#534=FACE_OUTER_BOUND('',#823,.T.);
#535=FACE_OUTER_BOUND('',#824,.T.);
#536=FACE_OUTER_BOUND('',#825,.T.);
#537=FACE_OUTER_BOUND('',#826,.T.);
#538=FACE_OUTER_BOUND('',#827,.T.);
#539=FACE_OUTER_BOUND('',#828,.T.);
#540=FACE_OUTER_BOUND('',#829,.T.);
#541=FACE_OUTER_BOUND('',#830,.T.);
#542=FACE_OUTER_BOUND('',#831,.T.);
#543=FACE_OUTER_BOUND('',#832,.T.);
#544=FACE_OUTER_BOUND('',#833,.T.);
#545=FACE_OUTER_BOUND('',#834,.T.);
#546=FACE_OUTER_BOUND('',#835,.T.);
#547=FACE_OUTER_BOUND('',#836,.T.);
#548=FACE_OUTER_BOUND('',#837,.T.);
#549=FACE_OUTER_BOUND('',#838,.T.);
#550=FACE_OUTER_BOUND('',#839,.T.);
#551=FACE_OUTER_BOUND('',#840,.T.);
#552=FACE_OUTER_BOUND('',#841,.T.);
#553=FACE_OUTER_BOUND('',#842,.T.);
#554=FACE_OUTER_BOUND('',#843,.T.);
#555=FACE_OUTER_BOUND('',#844,.T.);
#556=FACE_OUTER_BOUND('',#845,.T.);
#557=FACE_OUTER_BOUND('',#846,.T.);
#558=FACE_OUTER_BOUND('',#847,.T.);
#559=FACE_OUTER_BOUND('',#848,.T.);
#560=FACE_OUTER_BOUND('',#849,.T.);
#561=FACE_OUTER_BOUND('',#850,.T.);
#562=FACE_OUTER_BOUND('',#851,.T.);
#563=FACE_OUTER_BOUND('',#852,.T.);
#564=FACE_OUTER_BOUND('',#853,.T.);
#565=FACE_OUTER_BOUND('',#854,.T.);
#566=FACE_OUTER_BOUND('',#855,.T.);
#567=FACE_OUTER_BOUND('',#856,.T.);
#568=FACE_OUTER_BOUND('',#857,.T.);
#569=FACE_OUTER_BOUND('',#858,.T.);
#570=FACE_OUTER_BOUND('',#859,.T.);
#571=FACE_OUTER_BOUND('',#860,.T.);
#572=FACE_OUTER_BOUND('',#861,.T.);
#573=FACE_OUTER_BOUND('',#862,.T.);
#574=FACE_OUTER_BOUND('',#863,.T.);
#575=FACE_OUTER_BOUND('',#864,.T.);
#576=FACE_OUTER_BOUND('',#865,.T.);
#577=FACE_OUTER_BOUND('',#866,.T.);
#578=FACE_OUTER_BOUND('',#867,.T.);
#579=FACE_OUTER_BOUND('',#868,.T.);
#580=FACE_OUTER_BOUND('',#869,.T.);
#581=FACE_OUTER_BOUND('',#870,.T.);
#582=FACE_OUTER_BOUND('',#871,.T.);
#583=FACE_OUTER_BOUND('',#872,.T.);
#584=FACE_OUTER_BOUND('',#873,.T.);
#585=FACE_OUTER_BOUND('',#874,.T.);
#586=FACE_OUTER_BOUND('',#875,.T.);
#587=FACE_OUTER_BOUND('',#876,.T.);
#588=FACE_OUTER_BOUND('',#877,.T.);
#589=FACE_OUTER_BOUND('',#878,.T.);
#590=FACE_OUTER_BOUND('',#879,.T.);
#591=FACE_OUTER_BOUND('',#880,.T.);
#592=FACE_OUTER_BOUND('',#881,.T.);
#593=FACE_OUTER_BOUND('',#882,.T.);
#594=FACE_OUTER_BOUND('',#883,.T.);
#595=FACE_OUTER_BOUND('',#884,.T.);
#596=FACE_OUTER_BOUND('',#885,.T.);
#597=FACE_OUTER_BOUND('',#886,.T.);
#598=FACE_OUTER_BOUND('',#887,.T.);
#599=FACE_OUTER_BOUND('',#888,.T.);
#600=FACE_OUTER_BOUND('',#889,.T.);
#601=FACE_OUTER_BOUND('',#890,.T.);
#602=FACE_OUTER_BOUND('',#891,.T.);
#603=FACE_OUTER_BOUND('',#892,.T.);
#604=FACE_OUTER_BOUND('',#893,.T.);
#605=FACE_OUTER_BOUND('',#894,.T.);
#606=FACE_OUTER_BOUND('',#895,.T.);
#607=FACE_OUTER_BOUND('',#896,.T.);
#608=FACE_OUTER_BOUND('',#897,.T.);
#609=FACE_OUTER_BOUND('',#898,.T.);
#610=FACE_OUTER_BOUND('',#899,.T.);
#611=FACE_OUTER_BOUND('',#900,.T.);
#612=FACE_OUTER_BOUND('',#901,.T.);
#613=FACE_OUTER_BOUND('',#902,.T.);
#614=FACE_OUTER_BOUND('',#903,.T.);
#615=FACE_OUTER_BOUND('',#904,.T.);
#616=FACE_OUTER_BOUND('',#905,.T.);
#617=FACE_OUTER_BOUND('',#906,.T.);
#618=FACE_OUTER_BOUND('',#907,.T.);
#619=FACE_OUTER_BOUND('',#908,.T.);
#620=FACE_OUTER_BOUND('',#909,.T.);
#621=FACE_OUTER_BOUND('',#910,.T.);
#622=FACE_OUTER_BOUND('',#911,.T.);
#623=FACE_OUTER_BOUND('',#912,.T.);
#624=FACE_OUTER_BOUND('',#913,.T.);
#625=FACE_OUTER_BOUND('',#914,.T.);
#626=FACE_OUTER_BOUND('',#915,.T.);
#627=FACE_OUTER_BOUND('',#916,.T.);
#628=FACE_OUTER_BOUND('',#917,.T.);
#629=FACE_OUTER_BOUND('',#918,.T.);
#630=FACE_OUTER_BOUND('',#919,.T.);
#631=EDGE_LOOP('',(#3011,#3012,#3013,#3014));
#632=EDGE_LOOP('',(#3015,#3016,#3017,#3018));
#633=EDGE_LOOP('',(#3019,#3020,#3021,#3022));
#634=EDGE_LOOP('',(#3023,#3024,#3025,#3026));
#635=EDGE_LOOP('',(#3027,#3028,#3029,#3030));
#636=EDGE_LOOP('',(#3031,#3032,#3033,#3034));
#637=EDGE_LOOP('',(#3035,#3036,#3037,#3038));
#638=EDGE_LOOP('',(#3039,#3040,#3041,#3042));
#639=EDGE_LOOP('',(#3043,#3044,#3045,#3046,#3047,#3048,#3049,#3050));
#640=EDGE_LOOP('',(#3051,#3052,#3053,#3054));
#641=EDGE_LOOP('',(#3055,#3056,#3057,#3058));
#642=EDGE_LOOP('',(#3059,#3060,#3061,#3062));
#643=EDGE_LOOP('',(#3063,#3064,#3065,#3066));
#644=EDGE_LOOP('',(#3067,#3068,#3069,#3070));
#645=EDGE_LOOP('',(#3071,#3072,#3073,#3074));
#646=EDGE_LOOP('',(#3075,#3076,#3077,#3078,#3079,#3080));
#647=EDGE_LOOP('',(#3081,#3082,#3083,#3084));
#648=EDGE_LOOP('',(#3085,#3086,#3087,#3088));
#649=EDGE_LOOP('',(#3089,#3090,#3091,#3092));
#650=EDGE_LOOP('',(#3093,#3094,#3095,#3096));
#651=EDGE_LOOP('',(#3097,#3098,#3099,#3100));
#652=EDGE_LOOP('',(#3101,#3102,#3103,#3104));
#653=EDGE_LOOP('',(#3105,#3106,#3107,#3108,#3109,#3110));
#654=EDGE_LOOP('',(#3111,#3112,#3113,#3114));
#655=EDGE_LOOP('',(#3115,#3116,#3117,#3118));
#656=EDGE_LOOP('',(#3119,#3120,#3121,#3122));
#657=EDGE_LOOP('',(#3123,#3124,#3125,#3126));
#658=EDGE_LOOP('',(#3127,#3128,#3129,#3130));
#659=EDGE_LOOP('',(#3131,#3132,#3133,#3134));
#660=EDGE_LOOP('',(#3135,#3136,#3137,#3138));
#661=EDGE_LOOP('',(#3139,#3140,#3141,#3142));
#662=EDGE_LOOP('',(#3143,#3144,#3145,#3146));
#663=EDGE_LOOP('',(#3147,#3148,#3149,#3150));
#664=EDGE_LOOP('',(#3151,#3152,#3153,#3154,#3155,#3156,#3157,#3158,#3159,
#3160));
#665=EDGE_LOOP('',(#3161,#3162,#3163,#3164));
#666=EDGE_LOOP('',(#3165,#3166,#3167,#3168));
#667=EDGE_LOOP('',(#3169,#3170,#3171,#3172));
#668=EDGE_LOOP('',(#3173,#3174,#3175,#3176));
#669=EDGE_LOOP('',(#3177,#3178,#3179,#3180));
#670=EDGE_LOOP('',(#3181,#3182,#3183,#3184));
#671=EDGE_LOOP('',(#3185,#3186,#3187,#3188));
#672=EDGE_LOOP('',(#3189,#3190,#3191,#3192));
#673=EDGE_LOOP('',(#3193,#3194,#3195,#3196,#3197,#3198,#3199,#3200));
#674=EDGE_LOOP('',(#3201,#3202,#3203,#3204,#3205,#3206,#3207,#3208));
#675=EDGE_LOOP('',(#3209,#3210,#3211,#3212,#3213));
#676=EDGE_LOOP('',(#3214,#3215,#3216,#3217,#3218,#3219,#3220,#3221,#3222,
#3223,#3224,#3225,#3226,#3227,#3228,#3229,#3230,#3231,#3232,#3233,#3234,
#3235,#3236,#3237,#3238,#3239,#3240,#3241,#3242,#3243,#3244,#3245));
#677=EDGE_LOOP('',(#3246,#3247,#3248,#3249,#3250,#3251,#3252,#3253));
#678=EDGE_LOOP('',(#3254));
#679=EDGE_LOOP('',(#3255));
#680=EDGE_LOOP('',(#3256,#3257,#3258,#3259,#3260,#3261,#3262,#3263));
#681=EDGE_LOOP('',(#3264));
#682=EDGE_LOOP('',(#3265));
#683=EDGE_LOOP('',(#3266,#3267,#3268,#3269,#3270,#3271,#3272,#3273));
#684=EDGE_LOOP('',(#3274));
#685=EDGE_LOOP('',(#3275));
#686=EDGE_LOOP('',(#3276,#3277,#3278,#3279));
#687=EDGE_LOOP('',(#3280,#3281,#3282,#3283,#3284,#3285,#3286,#3287));
#688=EDGE_LOOP('',(#3288,#3289,#3290,#3291,#3292,#3293,#3294,#3295));
#689=EDGE_LOOP('',(#3296,#3297,#3298,#3299));
#690=EDGE_LOOP('',(#3300,#3301,#3302,#3303));
#691=EDGE_LOOP('',(#3304,#3305,#3306,#3307,#3308));
#692=EDGE_LOOP('',(#3309,#3310,#3311,#3312));
#693=EDGE_LOOP('',(#3313,#3314,#3315,#3316));
#694=EDGE_LOOP('',(#3317,#3318,#3319,#3320));
#695=EDGE_LOOP('',(#3321,#3322,#3323,#3324,#3325));
#696=EDGE_LOOP('',(#3326,#3327,#3328,#3329));
#697=EDGE_LOOP('',(#3330,#3331,#3332,#3333));
#698=EDGE_LOOP('',(#3334,#3335,#3336,#3337));
#699=EDGE_LOOP('',(#3338,#3339,#3340,#3341));
#700=EDGE_LOOP('',(#3342,#3343,#3344,#3345));
#701=EDGE_LOOP('',(#3346,#3347,#3348,#3349));
#702=EDGE_LOOP('',(#3350,#3351,#3352,#3353));
#703=EDGE_LOOP('',(#3354,#3355,#3356,#3357));
#704=EDGE_LOOP('',(#3358,#3359,#3360,#3361));
#705=EDGE_LOOP('',(#3362,#3363,#3364,#3365));
#706=EDGE_LOOP('',(#3366,#3367,#3368,#3369));
#707=EDGE_LOOP('',(#3370,#3371,#3372,#3373));
#708=EDGE_LOOP('',(#3374,#3375,#3376,#3377));
#709=EDGE_LOOP('',(#3378,#3379,#3380,#3381));
#710=EDGE_LOOP('',(#3382,#3383,#3384,#3385));
#711=EDGE_LOOP('',(#3386,#3387,#3388,#3389));
#712=EDGE_LOOP('',(#3390,#3391,#3392,#3393));
#713=EDGE_LOOP('',(#3394,#3395,#3396,#3397));
#714=EDGE_LOOP('',(#3398,#3399,#3400,#3401));
#715=EDGE_LOOP('',(#3402,#3403,#3404,#3405,#3406));
#716=EDGE_LOOP('',(#3407,#3408,#3409,#3410));
#717=EDGE_LOOP('',(#3411,#3412,#3413,#3414));
#718=EDGE_LOOP('',(#3415,#3416,#3417,#3418));
#719=EDGE_LOOP('',(#3419,#3420,#3421,#3422,#3423,#3424,#3425,#3426,#3427,
#3428,#3429));
#720=EDGE_LOOP('',(#3430,#3431,#3432,#3433));
#721=EDGE_LOOP('',(#3434,#3435,#3436,#3437));
#722=EDGE_LOOP('',(#3438,#3439,#3440,#3441));
#723=EDGE_LOOP('',(#3442,#3443,#3444,#3445));
#724=EDGE_LOOP('',(#3446,#3447,#3448,#3449));
#725=EDGE_LOOP('',(#3450,#3451,#3452,#3453));
#726=EDGE_LOOP('',(#3454,#3455,#3456,#3457));
#727=EDGE_LOOP('',(#3458,#3459,#3460,#3461));
#728=EDGE_LOOP('',(#3462,#3463,#3464,#3465,#3466,#3467));
#729=EDGE_LOOP('',(#3468,#3469,#3470,#3471));
#730=EDGE_LOOP('',(#3472,#3473,#3474,#3475,#3476,#3477,#3478,#3479,#3480,
#3481,#3482,#3483,#3484,#3485,#3486));
#731=EDGE_LOOP('',(#3487,#3488,#3489,#3490));
#732=EDGE_LOOP('',(#3491,#3492,#3493,#3494,#3495,#3496,#3497,#3498));
#733=EDGE_LOOP('',(#3499,#3500,#3501,#3502,#3503,#3504,#3505,#3506,#3507,
#3508,#3509,#3510,#3511));
#734=EDGE_LOOP('',(#3512,#3513,#3514,#3515,#3516));
#735=EDGE_LOOP('',(#3517,#3518,#3519,#3520));
#736=EDGE_LOOP('',(#3521,#3522,#3523,#3524,#3525,#3526,#3527,#3528,#3529,
#3530,#3531,#3532,#3533,#3534,#3535,#3536,#3537,#3538,#3539,#3540,#3541,
#3542,#3543,#3544,#3545,#3546,#3547,#3548,#3549,#3550,#3551,#3552,#3553,
#3554,#3555,#3556,#3557,#3558));
#737=EDGE_LOOP('',(#3559,#3560,#3561,#3562,#3563,#3564));
#738=EDGE_LOOP('',(#3565,#3566,#3567,#3568,#3569,#3570,#3571,#3572,#3573,
#3574));
#739=EDGE_LOOP('',(#3575,#3576,#3577,#3578,#3579,#3580,#3581,#3582));
#740=EDGE_LOOP('',(#3583,#3584,#3585,#3586,#3587,#3588,#3589,#3590));
#741=EDGE_LOOP('',(#3591,#3592,#3593,#3594,#3595,#3596,#3597,#3598));
#742=EDGE_LOOP('',(#3599));
#743=EDGE_LOOP('',(#3600));
#744=EDGE_LOOP('',(#3601));
#745=EDGE_LOOP('',(#3602));
#746=EDGE_LOOP('',(#3603));
#747=EDGE_LOOP('',(#3604));
#748=EDGE_LOOP('',(#3605,#3606,#3607,#3608,#3609,#3610,#3611,#3612));
#749=EDGE_LOOP('',(#3613,#3614,#3615,#3616,#3617,#3618));
#750=EDGE_LOOP('',(#3619,#3620,#3621,#3622,#3623,#3624,#3625,#3626));
#751=EDGE_LOOP('',(#3627,#3628,#3629,#3630,#3631,#3632));
#752=EDGE_LOOP('',(#3633,#3634,#3635,#3636,#3637,#3638,#3639,#3640,#3641,
#3642,#3643));
#753=EDGE_LOOP('',(#3644,#3645,#3646,#3647));
#754=EDGE_LOOP('',(#3648,#3649,#3650,#3651));
#755=EDGE_LOOP('',(#3652,#3653,#3654,#3655));
#756=EDGE_LOOP('',(#3656,#3657,#3658,#3659));
#757=EDGE_LOOP('',(#3660,#3661,#3662,#3663,#3664,#3665));
#758=EDGE_LOOP('',(#3666,#3667,#3668,#3669));
#759=EDGE_LOOP('',(#3670,#3671,#3672,#3673));
#760=EDGE_LOOP('',(#3674,#3675,#3676,#3677,#3678));
#761=EDGE_LOOP('',(#3679));
#762=EDGE_LOOP('',(#3680,#3681,#3682,#3683));
#763=EDGE_LOOP('',(#3684,#3685,#3686,#3687,#3688));
#764=EDGE_LOOP('',(#3689));
#765=EDGE_LOOP('',(#3690,#3691,#3692,#3693));
#766=EDGE_LOOP('',(#3694,#3695,#3696,#3697,#3698));
#767=EDGE_LOOP('',(#3699));
#768=EDGE_LOOP('',(#3700,#3701,#3702,#3703));
#769=EDGE_LOOP('',(#3704,#3705,#3706,#3707,#3708));
#770=EDGE_LOOP('',(#3709));
#771=EDGE_LOOP('',(#3710,#3711,#3712,#3713,#3714,#3715));
#772=EDGE_LOOP('',(#3716,#3717,#3718,#3719));
#773=EDGE_LOOP('',(#3720));
#774=EDGE_LOOP('',(#3721,#3722,#3723,#3724,#3725,#3726));
#775=EDGE_LOOP('',(#3727,#3728,#3729,#3730));
#776=EDGE_LOOP('',(#3731));
#777=EDGE_LOOP('',(#3732,#3733,#3734,#3735,#3736,#3737));
#778=EDGE_LOOP('',(#3738,#3739,#3740,#3741));
#779=EDGE_LOOP('',(#3742));
#780=EDGE_LOOP('',(#3743,#3744,#3745,#3746,#3747,#3748));
#781=EDGE_LOOP('',(#3749,#3750,#3751,#3752));
#782=EDGE_LOOP('',(#3753));
#783=EDGE_LOOP('',(#3754,#3755,#3756,#3757,#3758,#3759));
#784=EDGE_LOOP('',(#3760,#3761,#3762,#3763));
#785=EDGE_LOOP('',(#3764));
#786=EDGE_LOOP('',(#3765,#3766,#3767,#3768,#3769,#3770));
#787=EDGE_LOOP('',(#3771,#3772,#3773,#3774));
#788=EDGE_LOOP('',(#3775));
#789=EDGE_LOOP('',(#3776,#3777,#3778,#3779,#3780,#3781));
#790=EDGE_LOOP('',(#3782,#3783,#3784,#3785));
#791=EDGE_LOOP('',(#3786));
#792=EDGE_LOOP('',(#3787,#3788,#3789,#3790,#3791,#3792));
#793=EDGE_LOOP('',(#3793,#3794,#3795,#3796));
#794=EDGE_LOOP('',(#3797));
#795=EDGE_LOOP('',(#3798,#3799,#3800,#3801,#3802,#3803));
#796=EDGE_LOOP('',(#3804,#3805,#3806,#3807,#3808,#3809,#3810));
#797=EDGE_LOOP('',(#3811,#3812,#3813,#3814,#3815));
#798=EDGE_LOOP('',(#3816,#3817,#3818,#3819,#3820,#3821,#3822,#3823,#3824,
#3825,#3826,#3827,#3828,#3829));
#799=EDGE_LOOP('',(#3830,#3831,#3832,#3833,#3834,#3835));
#800=EDGE_LOOP('',(#3836,#3837,#3838,#3839,#3840,#3841));
#801=EDGE_LOOP('',(#3842,#3843,#3844,#3845,#3846,#3847));
#802=EDGE_LOOP('',(#3848,#3849,#3850,#3851,#3852,#3853));
#803=EDGE_LOOP('',(#3854,#3855,#3856,#3857,#3858,#3859));
#804=EDGE_LOOP('',(#3860,#3861,#3862,#3863,#3864,#3865));
#805=EDGE_LOOP('',(#3866,#3867,#3868,#3869,#3870,#3871));
#806=EDGE_LOOP('',(#3872,#3873,#3874,#3875));
#807=EDGE_LOOP('',(#3876,#3877,#3878,#3879,#3880,#3881));
#808=EDGE_LOOP('',(#3882,#3883,#3884,#3885,#3886,#3887));
#809=EDGE_LOOP('',(#3888,#3889,#3890,#3891,#3892,#3893));
#810=EDGE_LOOP('',(#3894,#3895,#3896,#3897,#3898,#3899));
#811=EDGE_LOOP('',(#3900,#3901,#3902,#3903,#3904,#3905));
#812=EDGE_LOOP('',(#3906,#3907,#3908,#3909,#3910,#3911));
#813=EDGE_LOOP('',(#3912,#3913,#3914,#3915,#3916,#3917));
#814=EDGE_LOOP('',(#3918,#3919,#3920,#3921,#3922,#3923));
#815=EDGE_LOOP('',(#3924,#3925,#3926,#3927,#3928,#3929));
#816=EDGE_LOOP('',(#3930,#3931,#3932,#3933,#3934,#3935));
#817=EDGE_LOOP('',(#3936,#3937,#3938,#3939,#3940,#3941));
#818=EDGE_LOOP('',(#3942,#3943,#3944,#3945,#3946,#3947));
#819=EDGE_LOOP('',(#3948,#3949,#3950,#3951));
#820=EDGE_LOOP('',(#3952,#3953,#3954,#3955,#3956,#3957));
#821=EDGE_LOOP('',(#3958,#3959,#3960,#3961,#3962,#3963));
#822=EDGE_LOOP('',(#3964,#3965,#3966,#3967,#3968,#3969));
#823=EDGE_LOOP('',(#3970,#3971,#3972,#3973,#3974,#3975));
#824=EDGE_LOOP('',(#3976,#3977,#3978,#3979,#3980,#3981));
#825=EDGE_LOOP('',(#3982,#3983,#3984,#3985,#3986,#3987));
#826=EDGE_LOOP('',(#3988,#3989,#3990,#3991,#3992,#3993));
#827=EDGE_LOOP('',(#3994,#3995,#3996,#3997));
#828=EDGE_LOOP('',(#3998,#3999,#4000,#4001,#4002,#4003));
#829=EDGE_LOOP('',(#4004,#4005,#4006,#4007,#4008,#4009));
#830=EDGE_LOOP('',(#4010,#4011,#4012,#4013,#4014,#4015,#4016));
#831=EDGE_LOOP('',(#4017,#4018,#4019,#4020,#4021,#4022));
#832=EDGE_LOOP('',(#4023,#4024,#4025,#4026));
#833=EDGE_LOOP('',(#4027,#4028,#4029,#4030,#4031));
#834=EDGE_LOOP('',(#4032,#4033,#4034,#4035,#4036,#4037));
#835=EDGE_LOOP('',(#4038,#4039,#4040,#4041,#4042,#4043));
#836=EDGE_LOOP('',(#4044,#4045,#4046,#4047));
#837=EDGE_LOOP('',(#4048,#4049,#4050,#4051,#4052,#4053));
#838=EDGE_LOOP('',(#4054,#4055,#4056,#4057,#4058,#4059));
#839=EDGE_LOOP('',(#4060,#4061,#4062,#4063,#4064,#4065,#4066));
#840=EDGE_LOOP('',(#4067,#4068,#4069,#4070,#4071));
#841=EDGE_LOOP('',(#4072,#4073,#4074,#4075,#4076));
#842=EDGE_LOOP('',(#4077,#4078,#4079,#4080));
#843=EDGE_LOOP('',(#4081,#4082,#4083,#4084,#4085,#4086));
#844=EDGE_LOOP('',(#4087,#4088,#4089,#4090,#4091));
#845=EDGE_LOOP('',(#4092,#4093,#4094,#4095,#4096,#4097));
#846=EDGE_LOOP('',(#4098,#4099,#4100,#4101,#4102,#4103));
#847=EDGE_LOOP('',(#4104,#4105,#4106,#4107,#4108,#4109));
#848=EDGE_LOOP('',(#4110,#4111,#4112,#4113,#4114,#4115));
#849=EDGE_LOOP('',(#4116,#4117,#4118,#4119,#4120,#4121));
#850=EDGE_LOOP('',(#4122,#4123,#4124,#4125,#4126,#4127));
#851=EDGE_LOOP('',(#4128,#4129,#4130,#4131,#4132,#4133));
#852=EDGE_LOOP('',(#4134,#4135,#4136,#4137,#4138,#4139));
#853=EDGE_LOOP('',(#4140,#4141,#4142,#4143,#4144,#4145));
#854=EDGE_LOOP('',(#4146,#4147,#4148,#4149,#4150,#4151,#4152));
#855=EDGE_LOOP('',(#4153,#4154,#4155,#4156,#4157,#4158,#4159));
#856=EDGE_LOOP('',(#4160,#4161,#4162,#4163));
#857=EDGE_LOOP('',(#4164,#4165,#4166,#4167));
#858=EDGE_LOOP('',(#4168,#4169,#4170,#4171));
#859=EDGE_LOOP('',(#4172,#4173,#4174,#4175));
#860=EDGE_LOOP('',(#4176,#4177,#4178,#4179));
#861=EDGE_LOOP('',(#4180,#4181,#4182,#4183));
#862=EDGE_LOOP('',(#4184,#4185,#4186,#4187));
#863=EDGE_LOOP('',(#4188,#4189,#4190,#4191));
#864=EDGE_LOOP('',(#4192,#4193,#4194,#4195,#4196,#4197,#4198));
#865=EDGE_LOOP('',(#4199,#4200,#4201,#4202,#4203,#4204,#4205));
#866=EDGE_LOOP('',(#4206,#4207,#4208,#4209,#4210,#4211,#4212));
#867=EDGE_LOOP('',(#4213,#4214,#4215,#4216,#4217,#4218,#4219));
#868=EDGE_LOOP('',(#4220,#4221,#4222,#4223,#4224,#4225,#4226));
#869=EDGE_LOOP('',(#4227,#4228,#4229,#4230,#4231,#4232));
#870=EDGE_LOOP('',(#4233,#4234,#4235,#4236,#4237,#4238));
#871=EDGE_LOOP('',(#4239,#4240,#4241,#4242,#4243,#4244));
#872=EDGE_LOOP('',(#4245,#4246,#4247,#4248,#4249));
#873=EDGE_LOOP('',(#4250,#4251,#4252,#4253,#4254,#4255));
#874=EDGE_LOOP('',(#4256,#4257,#4258,#4259,#4260,#4261));
#875=EDGE_LOOP('',(#4262,#4263,#4264,#4265,#4266));
#876=EDGE_LOOP('',(#4267,#4268,#4269,#4270,#4271,#4272,#4273,#4274));
#877=EDGE_LOOP('',(#4275,#4276,#4277,#4278));
#878=EDGE_LOOP('',(#4279,#4280,#4281,#4282));
#879=EDGE_LOOP('',(#4283,#4284,#4285,#4286));
#880=EDGE_LOOP('',(#4287,#4288,#4289,#4290));
#881=EDGE_LOOP('',(#4291,#4292,#4293,#4294));
#882=EDGE_LOOP('',(#4295,#4296,#4297,#4298));
#883=EDGE_LOOP('',(#4299,#4300,#4301,#4302));
#884=EDGE_LOOP('',(#4303,#4304,#4305,#4306));
#885=EDGE_LOOP('',(#4307,#4308,#4309,#4310));
#886=EDGE_LOOP('',(#4311,#4312,#4313,#4314));
#887=EDGE_LOOP('',(#4315,#4316,#4317,#4318));
#888=EDGE_LOOP('',(#4319,#4320));
#889=EDGE_LOOP('',(#4321,#4322,#4323,#4324));
#890=EDGE_LOOP('',(#4325));
#891=EDGE_LOOP('',(#4326,#4327,#4328,#4329));
#892=EDGE_LOOP('',(#4330));
#893=EDGE_LOOP('',(#4331,#4332,#4333,#4334));
#894=EDGE_LOOP('',(#4335,#4336,#4337,#4338));
#895=EDGE_LOOP('',(#4339,#4340,#4341,#4342));
#896=EDGE_LOOP('',(#4343));
#897=EDGE_LOOP('',(#4344,#4345,#4346,#4347));
#898=EDGE_LOOP('',(#4348));
#899=EDGE_LOOP('',(#4349,#4350,#4351,#4352));
#900=EDGE_LOOP('',(#4353,#4354,#4355,#4356));
#901=EDGE_LOOP('',(#4357,#4358,#4359,#4360));
#902=EDGE_LOOP('',(#4361));
#903=EDGE_LOOP('',(#4362,#4363,#4364,#4365));
#904=EDGE_LOOP('',(#4366));
#905=EDGE_LOOP('',(#4367,#4368,#4369,#4370));
#906=EDGE_LOOP('',(#4371,#4372,#4373,#4374));
#907=EDGE_LOOP('',(#4375,#4376,#4377,#4378));
#908=EDGE_LOOP('',(#4379));
#909=EDGE_LOOP('',(#4380,#4381,#4382,#4383));
#910=EDGE_LOOP('',(#4384));
#911=EDGE_LOOP('',(#4385,#4386,#4387,#4388));
#912=EDGE_LOOP('',(#4389));
#913=EDGE_LOOP('',(#4390,#4391,#4392,#4393));
#914=EDGE_LOOP('',(#4394));
#915=EDGE_LOOP('',(#4395,#4396,#4397,#4398));
#916=EDGE_LOOP('',(#4399));
#917=EDGE_LOOP('',(#4400,#4401,#4402,#4403));
#918=EDGE_LOOP('',(#4404));
#919=EDGE_LOOP('',(#4405,#4406,#4407,#4408));
#920=LINE('',#6776,#1384);
#921=LINE('',#6778,#1385);
#922=LINE('',#6780,#1386);
#923=LINE('',#6781,#1387);
#924=LINE('',#6787,#1388);
#925=LINE('',#6790,#1389);
#926=LINE('',#6792,#1390);
#927=LINE('',#6793,#1391);
#928=LINE('',#6799,#1392);
#929=LINE('',#6802,#1393);
#930=LINE('',#6804,#1394);
#931=LINE('',#6805,#1395);
#932=LINE('',#6811,#1396);
#933=LINE('',#6814,#1397);
#934=LINE('',#6816,#1398);
#935=LINE('',#6817,#1399);
#936=LINE('',#6825,#1400);
#937=LINE('',#6827,#1401);
#938=LINE('',#6829,#1402);
#939=LINE('',#6830,#1403);
#940=LINE('',#6836,#1404);
#941=LINE('',#6839,#1405);
#942=LINE('',#6841,#1406);
#943=LINE('',#6842,#1407);
#944=LINE('',#6848,#1408);
#945=LINE('',#6851,#1409);
#946=LINE('',#6853,#1410);
#947=LINE('',#6854,#1411);
#948=LINE('',#6862,#1412);
#949=LINE('',#6864,#1413);
#950=LINE('',#6866,#1414);
#951=LINE('',#6867,#1415);
#952=LINE('',#6873,#1416);
#953=LINE('',#6876,#1417);
#954=LINE('',#6878,#1418);
#955=LINE('',#6879,#1419);
#956=LINE('',#6885,#1420);
#957=LINE('',#6888,#1421);
#958=LINE('',#6890,#1422);
#959=LINE('',#6891,#1423);
#960=LINE('',#6899,#1424);
#961=LINE('',#6901,#1425);
#962=LINE('',#6903,#1426);
#963=LINE('',#6904,#1427);
#964=LINE('',#6910,#1428);
#965=LINE('',#6913,#1429);
#966=LINE('',#6915,#1430);
#967=LINE('',#6916,#1431);
#968=LINE('',#6922,#1432);
#969=LINE('',#6925,#1433);
#970=LINE('',#6927,#1434);
#971=LINE('',#6928,#1435);
#972=LINE('',#6934,#1436);
#973=LINE('',#6937,#1437);
#974=LINE('',#6939,#1438);
#975=LINE('',#6940,#1439);
#976=LINE('',#6946,#1440);
#977=LINE('',#6949,#1441);
#978=LINE('',#6951,#1442);
#979=LINE('',#6952,#1443);
#980=LINE('',#6960,#1444);
#981=LINE('',#6962,#1445);
#982=LINE('',#6964,#1446);
#983=LINE('',#6965,#1447);
#984=LINE('',#6971,#1448);
#985=LINE('',#6974,#1449);
#986=LINE('',#6976,#1450);
#987=LINE('',#6977,#1451);
#988=LINE('',#6983,#1452);
#989=LINE('',#6986,#1453);
#990=LINE('',#6988,#1454);
#991=LINE('',#6989,#1455);
#992=LINE('',#6995,#1456);
#993=LINE('',#6998,#1457);
#994=LINE('',#7000,#1458);
#995=LINE('',#7001,#1459);
#996=LINE('',#7011,#1460);
#997=LINE('',#7019,#1461);
#998=LINE('',#7025,#1462);
#999=LINE('',#7027,#1463);
#1000=LINE('',#7030,#1464);
#1001=LINE('',#7033,#1465);
#1002=LINE('',#7035,#1466);
#1003=LINE('',#7037,#1467);
#1004=LINE('',#7039,#1468);
#1005=LINE('',#7041,#1469);
#1006=LINE('',#7043,#1470);
#1007=LINE('',#7045,#1471);
#1008=LINE('',#7047,#1472);
#1009=LINE('',#7049,#1473);
#1010=LINE('',#7051,#1474);
#1011=LINE('',#7053,#1475);
#1012=LINE('',#7055,#1476);
#1013=LINE('',#7057,#1477);
#1014=LINE('',#7061,#1478);
#1015=LINE('',#7063,#1479);
#1016=LINE('',#7065,#1480);
#1017=LINE('',#7067,#1481);
#1018=LINE('',#7069,#1482);
#1019=LINE('',#7071,#1483);
#1020=LINE('',#7073,#1484);
#1021=LINE('',#7075,#1485);
#1022=LINE('',#7077,#1486);
#1023=LINE('',#7079,#1487);
#1024=LINE('',#7081,#1488);
#1025=LINE('',#7083,#1489);
#1026=LINE('',#7085,#1490);
#1027=LINE('',#7087,#1491);
#1028=LINE('',#7089,#1492);
#1029=LINE('',#7090,#1493);
#1030=LINE('',#7093,#1494);
#1031=LINE('',#7097,#1495);
#1032=LINE('',#7101,#1496);
#1033=LINE('',#7105,#1497);
#1034=LINE('',#7113,#1498);
#1035=LINE('',#7117,#1499);
#1036=LINE('',#7121,#1500);
#1037=LINE('',#7125,#1501);
#1038=LINE('',#7133,#1502);
#1039=LINE('',#7137,#1503);
#1040=LINE('',#7141,#1504);
#1041=LINE('',#7145,#1505);
#1042=LINE('',#7153,#1506);
#1043=LINE('',#7154,#1507);
#1044=LINE('',#7157,#1508);
#1045=LINE('',#7159,#1509);
#1046=LINE('',#7161,#1510);
#1047=LINE('',#7163,#1511);
#1048=LINE('',#7165,#1512);
#1049=LINE('',#7166,#1513);
#1050=LINE('',#7172,#1514);
#1051=LINE('',#7177,#1515);
#1052=LINE('',#7183,#1516);
#1053=LINE('',#7185,#1517);
#1054=LINE('',#7186,#1518);
#1055=LINE('',#7188,#1519);
#1056=LINE('',#7191,#1520);
#1057=LINE('',#7194,#1521);
#1058=LINE('',#7197,#1522);
#1059=LINE('',#7198,#1523);
#1060=LINE('',#7201,#1524);
#1061=LINE('',#7202,#1525);
#1062=LINE('',#7205,#1526);
#1063=LINE('',#7206,#1527);
#1064=LINE('',#7211,#1528);
#1065=LINE('',#7212,#1529);
#1066=LINE('',#7215,#1530);
#1067=LINE('',#7218,#1531);
#1068=LINE('',#7221,#1532);
#1069=LINE('',#7222,#1533);
#1070=LINE('',#7225,#1534);
#1071=LINE('',#7228,#1535);
#1072=LINE('',#7231,#1536);
#1073=LINE('',#7232,#1537);
#1074=LINE('',#7235,#1538);
#1075=LINE('',#7238,#1539);
#1076=LINE('',#7241,#1540);
#1077=LINE('',#7242,#1541);
#1078=LINE('',#7246,#1542);
#1079=LINE('',#7250,#1543);
#1080=LINE('',#7254,#1544);
#1081=LINE('',#7257,#1545);
#1082=LINE('',#7260,#1546);
#1083=LINE('',#7263,#1547);
#1084=LINE('',#7264,#1548);
#1085=LINE('',#7267,#1549);
#1086=LINE('',#7270,#1550);
#1087=LINE('',#7273,#1551);
#1088=LINE('',#7274,#1552);
#1089=LINE('',#7277,#1553);
#1090=LINE('',#7280,#1554);
#1091=LINE('',#7283,#1555);
#1092=LINE('',#7284,#1556);
#1093=LINE('',#7288,#1557);
#1094=LINE('',#7292,#1558);
#1095=LINE('',#7296,#1559);
#1096=LINE('',#7302,#1560);
#1097=LINE('',#7305,#1561);
#1098=LINE('',#7308,#1562);
#1099=LINE('',#7310,#1563);
#1100=LINE('',#7312,#1564);
#1101=LINE('',#7313,#1565);
#1102=LINE('',#7319,#1566);
#1103=LINE('',#7322,#1567);
#1104=LINE('',#7324,#1568);
#1105=LINE('',#7325,#1569);
#1106=LINE('',#7331,#1570);
#1107=LINE('',#7334,#1571);
#1108=LINE('',#7337,#1572);
#1109=LINE('',#7341,#1573);
#1110=LINE('',#7343,#1574);
#1111=LINE('',#7345,#1575);
#1112=LINE('',#7347,#1576);
#1113=LINE('',#7351,#1577);
#1114=LINE('',#7354,#1578);
#1115=LINE('',#7357,#1579);
#1116=LINE('',#7358,#1580);
#1117=LINE('',#7364,#1581);
#1118=LINE('',#7367,#1582);
#1119=LINE('',#7370,#1583);
#1120=LINE('',#7372,#1584);
#1121=LINE('',#7373,#1585);
#1122=LINE('',#7379,#1586);
#1123=LINE('',#7382,#1587);
#1124=LINE('',#7385,#1588);
#1125=LINE('',#7387,#1589);
#1126=LINE('',#7388,#1590);
#1127=LINE('',#7394,#1591);
#1128=LINE('',#7397,#1592);
#1129=LINE('',#7399,#1593);
#1130=LINE('',#7400,#1594);
#1131=LINE('',#7405,#1595);
#1132=LINE('',#7409,#1596);
#1133=LINE('',#7411,#1597);
#1134=LINE('',#7413,#1598);
#1135=LINE('',#7415,#1599);
#1136=LINE('',#7416,#1600);
#1137=LINE('',#7420,#1601);
#1138=LINE('',#7423,#1602);
#1139=LINE('',#7424,#1603);
#1140=LINE('',#7426,#1604);
#1141=LINE('',#7428,#1605);
#1142=LINE('',#7429,#1606);
#1143=LINE('',#7430,#1607);
#1144=LINE('',#7433,#1608);
#1145=LINE('',#7436,#1609);
#1146=LINE('',#7439,#1610);
#1147=LINE('',#7441,#1611);
#1148=LINE('',#7443,#1612);
#1149=LINE('',#7444,#1613);
#1150=LINE('',#7445,#1614);
#1151=LINE('',#7448,#1615);
#1152=LINE('',#7451,#1616);
#1153=LINE('',#7454,#1617);
#1154=LINE('',#7458,#1618);
#1155=LINE('',#7461,#1619);
#1156=LINE('',#7463,#1620);
#1157=LINE('',#7465,#1621);
#1158=LINE('',#7467,#1622);
#1159=LINE('',#7469,#1623);
#1160=LINE('',#7471,#1624);
#1161=LINE('',#7473,#1625);
#1162=LINE('',#7475,#1626);
#1163=LINE('',#7477,#1627);
#1164=LINE('',#7479,#1628);
#1165=LINE('',#7481,#1629);
#1166=LINE('',#7483,#1630);
#1167=LINE('',#7485,#1631);
#1168=LINE('',#7487,#1632);
#1169=LINE('',#7489,#1633);
#1170=LINE('',#7490,#1634);
#1171=LINE('',#7492,#1635);
#1172=LINE('',#7494,#1636);
#1173=LINE('',#7496,#1637);
#1174=LINE('',#7497,#1638);
#1175=LINE('',#7499,#1639);
#1176=LINE('',#7500,#1640);
#1177=LINE('',#7501,#1641);
#1178=LINE('',#7502,#1642);
#1179=LINE('',#7503,#1643);
#1180=LINE('',#7504,#1644);
#1181=LINE('',#7505,#1645);
#1182=LINE('',#7506,#1646);
#1183=LINE('',#7521,#1647);
#1184=LINE('',#7524,#1648);
#1185=LINE('',#7530,#1649);
#1186=LINE('',#7541,#1650);
#1187=LINE('',#7544,#1651);
#1188=LINE('',#7547,#1652);
#1189=LINE('',#7549,#1653);
#1190=LINE('',#7551,#1654);
#1191=LINE('',#7552,#1655);
#1192=LINE('',#7560,#1656);
#1193=LINE('',#7563,#1657);
#1194=LINE('',#7566,#1658);
#1195=LINE('',#7568,#1659);
#1196=LINE('',#7570,#1660);
#1197=LINE('',#7571,#1661);
#1198=LINE('',#7579,#1662);
#1199=LINE('',#7582,#1663);
#1200=LINE('',#7585,#1664);
#1201=LINE('',#7587,#1665);
#1202=LINE('',#7589,#1666);
#1203=LINE('',#7590,#1667);
#1204=LINE('',#7598,#1668);
#1205=LINE('',#7601,#1669);
#1206=LINE('',#7604,#1670);
#1207=LINE('',#7606,#1671);
#1208=LINE('',#7608,#1672);
#1209=LINE('',#7609,#1673);
#1210=LINE('',#7617,#1674);
#1211=LINE('',#7623,#1675);
#1212=LINE('',#7627,#1676);
#1213=LINE('',#7629,#1677);
#1214=LINE('',#7630,#1678);
#1215=LINE('',#7638,#1679);
#1216=LINE('',#7644,#1680);
#1217=LINE('',#7648,#1681);
#1218=LINE('',#7650,#1682);
#1219=LINE('',#7651,#1683);
#1220=LINE('',#7659,#1684);
#1221=LINE('',#7665,#1685);
#1222=LINE('',#7669,#1686);
#1223=LINE('',#7671,#1687);
#1224=LINE('',#7672,#1688);
#1225=LINE('',#7681,#1689);
#1226=LINE('',#7685,#1690);
#1227=LINE('',#7687,#1691);
#1228=LINE('',#7688,#1692);
#1229=LINE('',#7696,#1693);
#1230=LINE('',#7702,#1694);
#1231=LINE('',#7706,#1695);
#1232=LINE('',#7708,#1696);
#1233=LINE('',#7709,#1697);
#1234=LINE('',#7717,#1698);
#1235=LINE('',#7723,#1699);
#1236=LINE('',#7727,#1700);
#1237=LINE('',#7729,#1701);
#1238=LINE('',#7730,#1702);
#1239=LINE('',#7738,#1703);
#1240=LINE('',#7744,#1704);
#1241=LINE('',#7748,#1705);
#1242=LINE('',#7750,#1706);
#1243=LINE('',#7751,#1707);
#1244=LINE('',#7758,#1708);
#1245=LINE('',#7762,#1709);
#1246=LINE('',#7764,#1710);
#1247=LINE('',#7765,#1711);
#1248=LINE('',#7773,#1712);
#1249=LINE('',#7779,#1713);
#1250=LINE('',#7782,#1714);
#1251=LINE('',#7783,#1715);
#1252=LINE('',#7784,#1716);
#1253=LINE('',#7787,#1717);
#1254=LINE('',#7788,#1718);
#1255=LINE('',#7790,#1719);
#1256=LINE('',#7792,#1720);
#1257=LINE('',#7796,#1721);
#1258=LINE('',#7798,#1722);
#1259=LINE('',#7800,#1723);
#1260=LINE('',#7802,#1724);
#1261=LINE('',#7804,#1725);
#1262=LINE('',#7806,#1726);
#1263=LINE('',#7808,#1727);
#1264=LINE('',#7809,#1728);
#1265=LINE('',#7815,#1729);
#1266=LINE('',#7821,#1730);
#1267=LINE('',#7824,#1731);
#1268=LINE('',#7827,#1732);
#1269=LINE('',#7830,#1733);
#1270=LINE('',#7836,#1734);
#1271=LINE('',#7837,#1735);
#1272=LINE('',#7839,#1736);
#1273=LINE('',#7840,#1737);
#1274=LINE('',#7849,#1738);
#1275=LINE('',#7853,#1739);
#1276=LINE('',#7855,#1740);
#1277=LINE('',#7856,#1741);
#1278=LINE('',#7858,#1742);
#1279=LINE('',#7860,#1743);
#1280=LINE('',#7863,#1744);
#1281=LINE('',#7870,#1745);
#1282=LINE('',#7871,#1746);
#1283=LINE('',#7873,#1747);
#1284=LINE('',#7879,#1748);
#1285=LINE('',#7885,#1749);
#1286=LINE('',#7886,#1750);
#1287=LINE('',#7889,#1751);
#1288=LINE('',#7892,#1752);
#1289=LINE('',#7895,#1753);
#1290=LINE('',#7901,#1754);
#1291=LINE('',#7902,#1755);
#1292=LINE('',#7904,#1756);
#1293=LINE('',#7905,#1757);
#1294=LINE('',#7914,#1758);
#1295=LINE('',#7918,#1759);
#1296=LINE('',#7920,#1760);
#1297=LINE('',#7921,#1761);
#1298=LINE('',#7923,#1762);
#1299=LINE('',#7925,#1763);
#1300=LINE('',#7928,#1764);
#1301=LINE('',#7935,#1765);
#1302=LINE('',#7936,#1766);
#1303=LINE('',#7943,#1767);
#1304=LINE('',#7950,#1768);
#1305=LINE('',#7954,#1769);
#1306=LINE('',#7956,#1770);
#1307=LINE('',#7957,#1771);
#1308=LINE('',#7960,#1772);
#1309=LINE('',#7961,#1773);
#1310=LINE('',#7964,#1774);
#1311=LINE('',#7966,#1775);
#1312=LINE('',#7968,#1776);
#1313=LINE('',#7974,#1777);
#1314=LINE('',#7975,#1778);
#1315=LINE('',#7980,#1779);
#1316=LINE('',#7985,#1780);
#1317=LINE('',#7987,#1781);
#1318=LINE('',#7988,#1782);
#1319=LINE('',#7995,#1783);
#1320=LINE('',#8002,#1784);
#1321=LINE('',#8006,#1785);
#1322=LINE('',#8008,#1786);
#1323=LINE('',#8009,#1787);
#1324=LINE('',#8012,#1788);
#1325=LINE('',#8013,#1789);
#1326=LINE('',#8016,#1790);
#1327=LINE('',#8018,#1791);
#1328=LINE('',#8020,#1792);
#1329=LINE('',#8026,#1793);
#1330=LINE('',#8027,#1794);
#1331=LINE('',#8029,#1795);
#1332=LINE('',#8031,#1796);
#1333=LINE('',#8032,#1797);
#1334=LINE('',#8035,#1798);
#1335=LINE('',#8036,#1799);
#1336=LINE('',#8039,#1800);
#1337=LINE('',#8041,#1801);
#1338=LINE('',#8043,#1802);
#1339=LINE('',#8044,#1803);
#1340=LINE('',#8047,#1804);
#1341=LINE('',#8049,#1805);
#1342=LINE('',#8051,#1806);
#1343=LINE('',#8053,#1807);
#1344=LINE('',#8054,#1808);
#1345=LINE('',#8057,#1809);
#1346=LINE('',#8059,#1810);
#1347=LINE('',#8062,#1811);
#1348=LINE('',#8064,#1812);
#1349=LINE('',#8065,#1813);
#1350=LINE('',#8068,#1814);
#1351=LINE('',#8069,#1815);
#1352=LINE('',#8071,#1816);
#1353=LINE('',#8074,#1817);
#1354=LINE('',#8076,#1818);
#1355=LINE('',#8077,#1819);
#1356=LINE('',#8079,#1820);
#1357=LINE('',#8081,#1821);
#1358=LINE('',#8082,#1822);
#1359=LINE('',#8086,#1823);
#1360=LINE('',#8088,#1824);
#1361=LINE('',#8090,#1825);
#1362=LINE('',#8092,#1826);
#1363=LINE('',#8094,#1827);
#1364=LINE('',#8096,#1828);
#1365=LINE('',#8097,#1829);
#1366=LINE('',#8099,#1830);
#1367=LINE('',#8101,#1831);
#1368=LINE('',#8108,#1832);
#1369=LINE('',#8111,#1833);
#1370=LINE('',#8115,#1834);
#1371=LINE('',#8118,#1835);
#1372=LINE('',#8128,#1836);
#1373=LINE('',#8133,#1837);
#1374=LINE('',#8140,#1838);
#1375=LINE('',#8145,#1839);
#1376=LINE('',#8152,#1840);
#1377=LINE('',#8157,#1841);
#1378=LINE('',#8164,#1842);
#1379=LINE('',#8169,#1843);
#1380=LINE('',#8174,#1844);
#1381=LINE('',#8179,#1845);
#1382=LINE('',#8184,#1846);
#1383=LINE('',#8189,#1847);
#1384=VECTOR('',#5332,10.);
#1385=VECTOR('',#5333,10.);
#1386=VECTOR('',#5334,10.);
#1387=VECTOR('',#5335,10.);
#1388=VECTOR('',#5342,10.);
#1389=VECTOR('',#5345,10.);
#1390=VECTOR('',#5346,10.);
#1391=VECTOR('',#5347,10.);
#1392=VECTOR('',#5354,10.);
#1393=VECTOR('',#5357,10.);
#1394=VECTOR('',#5358,10.);
#1395=VECTOR('',#5359,10.);
#1396=VECTOR('',#5366,10.);
#1397=VECTOR('',#5369,10.);
#1398=VECTOR('',#5370,10.);
#1399=VECTOR('',#5371,10.);
#1400=VECTOR('',#5382,10.);
#1401=VECTOR('',#5383,10.);
#1402=VECTOR('',#5384,10.);
#1403=VECTOR('',#5385,10.);
#1404=VECTOR('',#5392,10.);
#1405=VECTOR('',#5395,10.);
#1406=VECTOR('',#5396,10.);
#1407=VECTOR('',#5397,10.);
#1408=VECTOR('',#5404,10.);
#1409=VECTOR('',#5407,10.);
#1410=VECTOR('',#5408,10.);
#1411=VECTOR('',#5409,10.);
#1412=VECTOR('',#5420,10.);
#1413=VECTOR('',#5421,10.);
#1414=VECTOR('',#5422,10.);
#1415=VECTOR('',#5423,10.);
#1416=VECTOR('',#5430,10.);
#1417=VECTOR('',#5433,10.);
#1418=VECTOR('',#5434,10.);
#1419=VECTOR('',#5435,10.);
#1420=VECTOR('',#5442,10.);
#1421=VECTOR('',#5445,10.);
#1422=VECTOR('',#5446,10.);
#1423=VECTOR('',#5447,10.);
#1424=VECTOR('',#5458,10.);
#1425=VECTOR('',#5459,10.);
#1426=VECTOR('',#5460,10.);
#1427=VECTOR('',#5461,10.);
#1428=VECTOR('',#5468,10.);
#1429=VECTOR('',#5471,10.);
#1430=VECTOR('',#5472,10.);
#1431=VECTOR('',#5473,10.);
#1432=VECTOR('',#5480,10.);
#1433=VECTOR('',#5483,10.);
#1434=VECTOR('',#5484,10.);
#1435=VECTOR('',#5485,10.);
#1436=VECTOR('',#5492,10.);
#1437=VECTOR('',#5495,10.);
#1438=VECTOR('',#5496,10.);
#1439=VECTOR('',#5497,10.);
#1440=VECTOR('',#5504,10.);
#1441=VECTOR('',#5507,10.);
#1442=VECTOR('',#5508,10.);
#1443=VECTOR('',#5509,10.);
#1444=VECTOR('',#5520,10.);
#1445=VECTOR('',#5521,10.);
#1446=VECTOR('',#5522,10.);
#1447=VECTOR('',#5523,10.);
#1448=VECTOR('',#5530,10.);
#1449=VECTOR('',#5533,10.);
#1450=VECTOR('',#5534,10.);
#1451=VECTOR('',#5535,10.);
#1452=VECTOR('',#5542,10.);
#1453=VECTOR('',#5545,10.);
#1454=VECTOR('',#5546,10.);
#1455=VECTOR('',#5547,10.);
#1456=VECTOR('',#5554,10.);
#1457=VECTOR('',#5557,10.);
#1458=VECTOR('',#5558,10.);
#1459=VECTOR('',#5559,10.);
#1460=VECTOR('',#5572,10.);
#1461=VECTOR('',#5579,10.);
#1462=VECTOR('',#5586,10.);
#1463=VECTOR('',#5587,10.);
#1464=VECTOR('',#5590,10.);
#1465=VECTOR('',#5593,10.);
#1466=VECTOR('',#5594,10.);
#1467=VECTOR('',#5595,10.);
#1468=VECTOR('',#5596,10.);
#1469=VECTOR('',#5597,10.);
#1470=VECTOR('',#5598,10.);
#1471=VECTOR('',#5599,10.);
#1472=VECTOR('',#5600,10.);
#1473=VECTOR('',#5601,10.);
#1474=VECTOR('',#5602,10.);
#1475=VECTOR('',#5603,10.);
#1476=VECTOR('',#5604,10.);
#1477=VECTOR('',#5605,10.);
#1478=VECTOR('',#5608,10.);
#1479=VECTOR('',#5609,10.);
#1480=VECTOR('',#5610,10.);
#1481=VECTOR('',#5611,10.);
#1482=VECTOR('',#5612,10.);
#1483=VECTOR('',#5613,10.);
#1484=VECTOR('',#5614,10.);
#1485=VECTOR('',#5615,10.);
#1486=VECTOR('',#5616,10.);
#1487=VECTOR('',#5617,10.);
#1488=VECTOR('',#5618,10.);
#1489=VECTOR('',#5619,10.);
#1490=VECTOR('',#5620,10.);
#1491=VECTOR('',#5621,10.);
#1492=VECTOR('',#5622,10.);
#1493=VECTOR('',#5623,10.);
#1494=VECTOR('',#5624,10.);
#1495=VECTOR('',#5627,10.);
#1496=VECTOR('',#5630,10.);
#1497=VECTOR('',#5633,10.);
#1498=VECTOR('',#5640,10.);
#1499=VECTOR('',#5643,10.);
#1500=VECTOR('',#5646,10.);
#1501=VECTOR('',#5649,10.);
#1502=VECTOR('',#5656,10.);
#1503=VECTOR('',#5659,10.);
#1504=VECTOR('',#5662,10.);
#1505=VECTOR('',#5665,10.);
#1506=VECTOR('',#5674,10.);
#1507=VECTOR('',#5675,10.);
#1508=VECTOR('',#5678,10.);
#1509=VECTOR('',#5679,10.);
#1510=VECTOR('',#5680,10.);
#1511=VECTOR('',#5681,10.);
#1512=VECTOR('',#5682,10.);
#1513=VECTOR('',#5683,10.);
#1514=VECTOR('',#5688,10.);
#1515=VECTOR('',#5693,10.);
#1516=VECTOR('',#5700,10.);
#1517=VECTOR('',#5701,10.);
#1518=VECTOR('',#5702,10.);
#1519=VECTOR('',#5705,10.);
#1520=VECTOR('',#5708,10.);
#1521=VECTOR('',#5711,10.);
#1522=VECTOR('',#5714,10.);
#1523=VECTOR('',#5715,10.);
#1524=VECTOR('',#5718,10.);
#1525=VECTOR('',#5719,10.);
#1526=VECTOR('',#5722,10.);
#1527=VECTOR('',#5723,10.);
#1528=VECTOR('',#5728,10.);
#1529=VECTOR('',#5729,10.);
#1530=VECTOR('',#5732,10.);
#1531=VECTOR('',#5735,10.);
#1532=VECTOR('',#5738,10.);
#1533=VECTOR('',#5739,10.);
#1534=VECTOR('',#5742,10.);
#1535=VECTOR('',#5745,10.);
#1536=VECTOR('',#5748,10.);
#1537=VECTOR('',#5749,10.);
#1538=VECTOR('',#5752,10.);
#1539=VECTOR('',#5755,10.);
#1540=VECTOR('',#5758,10.);
#1541=VECTOR('',#5759,10.);
#1542=VECTOR('',#5764,10.);
#1543=VECTOR('',#5769,10.);
#1544=VECTOR('',#5774,10.);
#1545=VECTOR('',#5777,10.);
#1546=VECTOR('',#5780,10.);
#1547=VECTOR('',#5783,10.);
#1548=VECTOR('',#5784,10.);
#1549=VECTOR('',#5787,10.);
#1550=VECTOR('',#5790,10.);
#1551=VECTOR('',#5793,10.);
#1552=VECTOR('',#5794,10.);
#1553=VECTOR('',#5797,10.);
#1554=VECTOR('',#5800,10.);
#1555=VECTOR('',#5803,10.);
#1556=VECTOR('',#5804,10.);
#1557=VECTOR('',#5809,10.);
#1558=VECTOR('',#5814,10.);
#1559=VECTOR('',#5819,10.);
#1560=VECTOR('',#5824,10.);
#1561=VECTOR('',#5827,10.);
#1562=VECTOR('',#5830,10.);
#1563=VECTOR('',#5831,10.);
#1564=VECTOR('',#5832,10.);
#1565=VECTOR('',#5833,10.);
#1566=VECTOR('',#5838,10.);
#1567=VECTOR('',#5841,10.);
#1568=VECTOR('',#5844,10.);
#1569=VECTOR('',#5845,10.);
#1570=VECTOR('',#5850,10.);
#1571=VECTOR('',#5853,10.);
#1572=VECTOR('',#5856,10.);
#1573=VECTOR('',#5859,10.);
#1574=VECTOR('',#5860,10.);
#1575=VECTOR('',#5861,10.);
#1576=VECTOR('',#5862,10.);
#1577=VECTOR('',#5865,10.);
#1578=VECTOR('',#5868,10.);
#1579=VECTOR('',#5871,10.);
#1580=VECTOR('',#5872,10.);
#1581=VECTOR('',#5877,10.);
#1582=VECTOR('',#5880,10.);
#1583=VECTOR('',#5883,10.);
#1584=VECTOR('',#5884,10.);
#1585=VECTOR('',#5885,10.);
#1586=VECTOR('',#5890,10.);
#1587=VECTOR('',#5893,10.);
#1588=VECTOR('',#5896,10.);
#1589=VECTOR('',#5897,10.);
#1590=VECTOR('',#5898,10.);
#1591=VECTOR('',#5903,10.);
#1592=VECTOR('',#5906,10.);
#1593=VECTOR('',#5909,10.);
#1594=VECTOR('',#5910,10.);
#1595=VECTOR('',#5915,10.);
#1596=VECTOR('',#5920,10.);
#1597=VECTOR('',#5921,10.);
#1598=VECTOR('',#5922,10.);
#1599=VECTOR('',#5923,10.);
#1600=VECTOR('',#5924,10.);
#1601=VECTOR('',#5929,10.);
#1602=VECTOR('',#5932,10.);
#1603=VECTOR('',#5933,10.);
#1604=VECTOR('',#5934,10.);
#1605=VECTOR('',#5935,10.);
#1606=VECTOR('',#5936,10.);
#1607=VECTOR('',#5937,10.);
#1608=VECTOR('',#5940,10.);
#1609=VECTOR('',#5943,10.);
#1610=VECTOR('',#5946,10.);
#1611=VECTOR('',#5947,10.);
#1612=VECTOR('',#5948,10.);
#1613=VECTOR('',#5949,10.);
#1614=VECTOR('',#5950,10.);
#1615=VECTOR('',#5953,10.);
#1616=VECTOR('',#5956,10.);
#1617=VECTOR('',#5961,10.);
#1618=VECTOR('',#5966,10.);
#1619=VECTOR('',#5969,10.);
#1620=VECTOR('',#5970,10.);
#1621=VECTOR('',#5971,10.);
#1622=VECTOR('',#5972,10.);
#1623=VECTOR('',#5973,10.);
#1624=VECTOR('',#5974,10.);
#1625=VECTOR('',#5975,10.);
#1626=VECTOR('',#5976,10.);
#1627=VECTOR('',#5977,10.);
#1628=VECTOR('',#5978,10.);
#1629=VECTOR('',#5979,10.);
#1630=VECTOR('',#5980,10.);
#1631=VECTOR('',#5981,10.);
#1632=VECTOR('',#5982,10.);
#1633=VECTOR('',#5983,10.);
#1634=VECTOR('',#5984,10.);
#1635=VECTOR('',#5985,10.);
#1636=VECTOR('',#5986,10.);
#1637=VECTOR('',#5987,10.);
#1638=VECTOR('',#5988,10.);
#1639=VECTOR('',#5991,10.);
#1640=VECTOR('',#5992,10.);
#1641=VECTOR('',#5993,10.);
#1642=VECTOR('',#5994,10.);
#1643=VECTOR('',#5995,10.);
#1644=VECTOR('',#5996,10.);
#1645=VECTOR('',#5997,10.);
#1646=VECTOR('',#5998,10.);
#1647=VECTOR('',#6013,10.);
#1648=VECTOR('',#6018,10.);
#1649=VECTOR('',#6029,10.);
#1650=VECTOR('',#6044,10.);
#1651=VECTOR('',#6047,10.);
#1652=VECTOR('',#6050,10.);
#1653=VECTOR('',#6051,10.);
#1654=VECTOR('',#6052,10.);
#1655=VECTOR('',#6053,10.);
#1656=VECTOR('',#6060,10.);
#1657=VECTOR('',#6063,10.);
#1658=VECTOR('',#6066,10.);
#1659=VECTOR('',#6067,10.);
#1660=VECTOR('',#6068,10.);
#1661=VECTOR('',#6069,10.);
#1662=VECTOR('',#6076,10.);
#1663=VECTOR('',#6079,10.);
#1664=VECTOR('',#6082,10.);
#1665=VECTOR('',#6083,10.);
#1666=VECTOR('',#6084,10.);
#1667=VECTOR('',#6085,10.);
#1668=VECTOR('',#6092,10.);
#1669=VECTOR('',#6095,10.);
#1670=VECTOR('',#6098,10.);
#1671=VECTOR('',#6099,10.);
#1672=VECTOR('',#6100,10.);
#1673=VECTOR('',#6101,10.);
#1674=VECTOR('',#6108,10.);
#1675=VECTOR('',#6113,10.);
#1676=VECTOR('',#6118,10.);
#1677=VECTOR('',#6119,10.);
#1678=VECTOR('',#6120,10.);
#1679=VECTOR('',#6127,10.);
#1680=VECTOR('',#6132,10.);
#1681=VECTOR('',#6137,10.);
#1682=VECTOR('',#6138,10.);
#1683=VECTOR('',#6139,10.);
#1684=VECTOR('',#6146,10.);
#1685=VECTOR('',#6151,10.);
#1686=VECTOR('',#6156,10.);
#1687=VECTOR('',#6157,10.);
#1688=VECTOR('',#6158,10.);
#1689=VECTOR('',#6167,10.);
#1690=VECTOR('',#6172,10.);
#1691=VECTOR('',#6173,10.);
#1692=VECTOR('',#6174,10.);
#1693=VECTOR('',#6181,10.);
#1694=VECTOR('',#6186,10.);
#1695=VECTOR('',#6191,10.);
#1696=VECTOR('',#6192,10.);
#1697=VECTOR('',#6193,10.);
#1698=VECTOR('',#6200,10.);
#1699=VECTOR('',#6205,10.);
#1700=VECTOR('',#6210,10.);
#1701=VECTOR('',#6211,10.);
#1702=VECTOR('',#6212,10.);
#1703=VECTOR('',#6219,10.);
#1704=VECTOR('',#6224,10.);
#1705=VECTOR('',#6229,10.);
#1706=VECTOR('',#6230,10.);
#1707=VECTOR('',#6231,10.);
#1708=VECTOR('',#6238,10.);
#1709=VECTOR('',#6243,10.);
#1710=VECTOR('',#6244,10.);
#1711=VECTOR('',#6245,10.);
#1712=VECTOR('',#6252,10.);
#1713=VECTOR('',#6257,10.);
#1714=VECTOR('',#6262,10.);
#1715=VECTOR('',#6263,10.);
#1716=VECTOR('',#6264,10.);
#1717=VECTOR('',#6267,10.);
#1718=VECTOR('',#6268,10.);
#1719=VECTOR('',#6271,10.);
#1720=VECTOR('',#6272,10.);
#1721=VECTOR('',#6275,10.);
#1722=VECTOR('',#6276,10.);
#1723=VECTOR('',#6277,10.);
#1724=VECTOR('',#6278,10.);
#1725=VECTOR('',#6279,10.);
#1726=VECTOR('',#6280,10.);
#1727=VECTOR('',#6281,10.);
#1728=VECTOR('',#6282,10.);
#1729=VECTOR('',#6287,10.);
#1730=VECTOR('',#6296,10.);
#1731=VECTOR('',#6299,10.);
#1732=VECTOR('',#6302,10.);
#1733=VECTOR('',#6305,10.);
#1734=VECTOR('',#6314,10.);
#1735=VECTOR('',#6315,10.);
#1736=VECTOR('',#6318,10.);
#1737=VECTOR('',#6319,10.);
#1738=VECTOR('',#6328,10.);
#1739=VECTOR('',#6333,10.);
#1740=VECTOR('',#6334,10.);
#1741=VECTOR('',#6335,10.);
#1742=VECTOR('',#6338,10.);
#1743=VECTOR('',#6339,10.);
#1744=VECTOR('',#6344,10.);
#1745=VECTOR('',#6355,10.);
#1746=VECTOR('',#6356,10.);
#1747=VECTOR('',#6359,10.);
#1748=VECTOR('',#6364,10.);
#1749=VECTOR('',#6373,10.);
#1750=VECTOR('',#6374,10.);
#1751=VECTOR('',#6377,10.);
#1752=VECTOR('',#6380,10.);
#1753=VECTOR('',#6383,10.);
#1754=VECTOR('',#6392,10.);
#1755=VECTOR('',#6393,10.);
#1756=VECTOR('',#6396,10.);
#1757=VECTOR('',#6397,10.);
#1758=VECTOR('',#6406,10.);
#1759=VECTOR('',#6411,10.);
#1760=VECTOR('',#6412,10.);
#1761=VECTOR('',#6413,10.);
#1762=VECTOR('',#6416,10.);
#1763=VECTOR('',#6417,10.);
#1764=VECTOR('',#6422,10.);
#1765=VECTOR('',#6433,10.);
#1766=VECTOR('',#6434,10.);
#1767=VECTOR('',#6441,10.);
#1768=VECTOR('',#6450,10.);
#1769=VECTOR('',#6453,10.);
#1770=VECTOR('',#6454,10.);
#1771=VECTOR('',#6455,10.);
#1772=VECTOR('',#6458,10.);
#1773=VECTOR('',#6459,10.);
#1774=VECTOR('',#6462,10.);
#1775=VECTOR('',#6463,10.);
#1776=VECTOR('',#6464,10.);
#1777=VECTOR('',#6475,10.);
#1778=VECTOR('',#6476,10.);
#1779=VECTOR('',#6481,10.);
#1780=VECTOR('',#6486,10.);
#1781=VECTOR('',#6489,10.);
#1782=VECTOR('',#6490,10.);
#1783=VECTOR('',#6497,10.);
#1784=VECTOR('',#6506,10.);
#1785=VECTOR('',#6509,10.);
#1786=VECTOR('',#6510,10.);
#1787=VECTOR('',#6511,10.);
#1788=VECTOR('',#6514,10.);
#1789=VECTOR('',#6515,10.);
#1790=VECTOR('',#6518,10.);
#1791=VECTOR('',#6519,10.);
#1792=VECTOR('',#6520,10.);
#1793=VECTOR('',#6531,10.);
#1794=VECTOR('',#6532,10.);
#1795=VECTOR('',#6535,10.);
#1796=VECTOR('',#6538,10.);
#1797=VECTOR('',#6539,10.);
#1798=VECTOR('',#6544,10.);
#1799=VECTOR('',#6545,10.);
#1800=VECTOR('',#6550,10.);
#1801=VECTOR('',#6553,10.);
#1802=VECTOR('',#6556,10.);
#1803=VECTOR('',#6557,10.);
#1804=VECTOR('',#6562,10.);
#1805=VECTOR('',#6565,10.);
#1806=VECTOR('',#6568,10.);
#1807=VECTOR('',#6571,10.);
#1808=VECTOR('',#6572,10.);
#1809=VECTOR('',#6577,10.);
#1810=VECTOR('',#6580,10.);
#1811=VECTOR('',#6583,10.);
#1812=VECTOR('',#6584,10.);
#1813=VECTOR('',#6585,10.);
#1814=VECTOR('',#6590,10.);
#1815=VECTOR('',#6591,10.);
#1816=VECTOR('',#6594,2.6);
#1817=VECTOR('',#6597,10.);
#1818=VECTOR('',#6598,10.);
#1819=VECTOR('',#6599,10.);
#1820=VECTOR('',#6602,2.6);
#1821=VECTOR('',#6605,10.);
#1822=VECTOR('',#6606,10.);
#1823=VECTOR('',#6613,10.);
#1824=VECTOR('',#6616,10.);
#1825=VECTOR('',#6619,10.);
#1826=VECTOR('',#6622,10.);
#1827=VECTOR('',#6625,10.);
#1828=VECTOR('',#6628,10.);
#1829=VECTOR('',#6629,10.);
#1830=VECTOR('',#6632,10.);
#1831=VECTOR('',#6635,10.);
#1832=VECTOR('',#6648,2.6);
#1833=VECTOR('',#6653,2.6);
#1834=VECTOR('',#6660,2.6);
#1835=VECTOR('',#6665,2.6);
#1836=VECTOR('',#6682,0.583333333333331);
#1837=VECTOR('',#6689,0.583333333333327);
#1838=VECTOR('',#6700,0.583333333333322);
#1839=VECTOR('',#6707,0.583333333333327);
#1840=VECTOR('',#6718,0.583333333333323);
#1841=VECTOR('',#6725,0.583333333333326);
#1842=VECTOR('',#6736,0.583333333333327);
#1843=VECTOR('',#6743,0.583333333333322);
#1844=VECTOR('',#6750,0.583333333333325);
#1845=VECTOR('',#6757,0.583333333333322);
#1846=VECTOR('',#6764,0.583333333333322);
#1847=VECTOR('',#6771,0.583333333333323);
#1848=VERTEX_POINT('',#6774);
#1849=VERTEX_POINT('',#6775);
#1850=VERTEX_POINT('',#6777);
#1851=VERTEX_POINT('',#6779);
#1852=VERTEX_POINT('',#6783);
#1853=VERTEX_POINT('',#6785);
#1854=VERTEX_POINT('',#6789);
#1855=VERTEX_POINT('',#6791);
#1856=VERTEX_POINT('',#6795);
#1857=VERTEX_POINT('',#6797);
#1858=VERTEX_POINT('',#6801);
#1859=VERTEX_POINT('',#6803);
#1860=VERTEX_POINT('',#6807);
#1861=VERTEX_POINT('',#6809);
#1862=VERTEX_POINT('',#6813);
#1863=VERTEX_POINT('',#6815);
#1864=VERTEX_POINT('',#6823);
#1865=VERTEX_POINT('',#6824);
#1866=VERTEX_POINT('',#6826);
#1867=VERTEX_POINT('',#6828);
#1868=VERTEX_POINT('',#6832);
#1869=VERTEX_POINT('',#6834);
#1870=VERTEX_POINT('',#6838);
#1871=VERTEX_POINT('',#6840);
#1872=VERTEX_POINT('',#6844);
#1873=VERTEX_POINT('',#6846);
#1874=VERTEX_POINT('',#6850);
#1875=VERTEX_POINT('',#6852);
#1876=VERTEX_POINT('',#6860);
#1877=VERTEX_POINT('',#6861);
#1878=VERTEX_POINT('',#6863);
#1879=VERTEX_POINT('',#6865);
#1880=VERTEX_POINT('',#6869);
#1881=VERTEX_POINT('',#6871);
#1882=VERTEX_POINT('',#6875);
#1883=VERTEX_POINT('',#6877);
#1884=VERTEX_POINT('',#6881);
#1885=VERTEX_POINT('',#6883);
#1886=VERTEX_POINT('',#6887);
#1887=VERTEX_POINT('',#6889);
#1888=VERTEX_POINT('',#6897);
#1889=VERTEX_POINT('',#6898);
#1890=VERTEX_POINT('',#6900);
#1891=VERTEX_POINT('',#6902);
#1892=VERTEX_POINT('',#6906);
#1893=VERTEX_POINT('',#6908);
#1894=VERTEX_POINT('',#6912);
#1895=VERTEX_POINT('',#6914);
#1896=VERTEX_POINT('',#6918);
#1897=VERTEX_POINT('',#6920);
#1898=VERTEX_POINT('',#6924);
#1899=VERTEX_POINT('',#6926);
#1900=VERTEX_POINT('',#6930);
#1901=VERTEX_POINT('',#6932);
#1902=VERTEX_POINT('',#6936);
#1903=VERTEX_POINT('',#6938);
#1904=VERTEX_POINT('',#6942);
#1905=VERTEX_POINT('',#6944);
#1906=VERTEX_POINT('',#6948);
#1907=VERTEX_POINT('',#6950);
#1908=VERTEX_POINT('',#6958);
#1909=VERTEX_POINT('',#6959);
#1910=VERTEX_POINT('',#6961);
#1911=VERTEX_POINT('',#6963);
#1912=VERTEX_POINT('',#6967);
#1913=VERTEX_POINT('',#6969);
#1914=VERTEX_POINT('',#6973);
#1915=VERTEX_POINT('',#6975);
#1916=VERTEX_POINT('',#6979);
#1917=VERTEX_POINT('',#6981);
#1918=VERTEX_POINT('',#6985);
#1919=VERTEX_POINT('',#6987);
#1920=VERTEX_POINT('',#6991);
#1921=VERTEX_POINT('',#6993);
#1922=VERTEX_POINT('',#6997);
#1923=VERTEX_POINT('',#6999);
#1924=VERTEX_POINT('',#7007);
#1925=VERTEX_POINT('',#7008);
#1926=VERTEX_POINT('',#7010);
#1927=VERTEX_POINT('',#7012);
#1928=VERTEX_POINT('',#7014);
#1929=VERTEX_POINT('',#7016);
#1930=VERTEX_POINT('',#7018);
#1931=VERTEX_POINT('',#7020);
#1932=VERTEX_POINT('',#7024);
#1933=VERTEX_POINT('',#7026);
#1934=VERTEX_POINT('',#7028);
#1935=VERTEX_POINT('',#7032);
#1936=VERTEX_POINT('',#7034);
#1937=VERTEX_POINT('',#7036);
#1938=VERTEX_POINT('',#7038);
#1939=VERTEX_POINT('',#7040);
#1940=VERTEX_POINT('',#7042);
#1941=VERTEX_POINT('',#7044);
#1942=VERTEX_POINT('',#7046);
#1943=VERTEX_POINT('',#7048);
#1944=VERTEX_POINT('',#7050);
#1945=VERTEX_POINT('',#7052);
#1946=VERTEX_POINT('',#7054);
#1947=VERTEX_POINT('',#7056);
#1948=VERTEX_POINT('',#7058);
#1949=VERTEX_POINT('',#7060);
#1950=VERTEX_POINT('',#7062);
#1951=VERTEX_POINT('',#7064);
#1952=VERTEX_POINT('',#7066);
#1953=VERTEX_POINT('',#7068);
#1954=VERTEX_POINT('',#7070);
#1955=VERTEX_POINT('',#7072);
#1956=VERTEX_POINT('',#7074);
#1957=VERTEX_POINT('',#7076);
#1958=VERTEX_POINT('',#7078);
#1959=VERTEX_POINT('',#7080);
#1960=VERTEX_POINT('',#7082);
#1961=VERTEX_POINT('',#7084);
#1962=VERTEX_POINT('',#7086);
#1963=VERTEX_POINT('',#7088);
#1964=VERTEX_POINT('',#7091);
#1965=VERTEX_POINT('',#7092);
#1966=VERTEX_POINT('',#7094);
#1967=VERTEX_POINT('',#7096);
#1968=VERTEX_POINT('',#7098);
#1969=VERTEX_POINT('',#7100);
#1970=VERTEX_POINT('',#7102);
#1971=VERTEX_POINT('',#7104);
#1972=VERTEX_POINT('',#7107);
#1973=VERTEX_POINT('',#7109);
#1974=VERTEX_POINT('',#7111);
#1975=VERTEX_POINT('',#7112);
#1976=VERTEX_POINT('',#7114);
#1977=VERTEX_POINT('',#7116);
#1978=VERTEX_POINT('',#7118);
#1979=VERTEX_POINT('',#7120);
#1980=VERTEX_POINT('',#7122);
#1981=VERTEX_POINT('',#7124);
#1982=VERTEX_POINT('',#7127);
#1983=VERTEX_POINT('',#7129);
#1984=VERTEX_POINT('',#7131);
#1985=VERTEX_POINT('',#7132);
#1986=VERTEX_POINT('',#7134);
#1987=VERTEX_POINT('',#7136);
#1988=VERTEX_POINT('',#7138);
#1989=VERTEX_POINT('',#7140);
#1990=VERTEX_POINT('',#7142);
#1991=VERTEX_POINT('',#7144);
#1992=VERTEX_POINT('',#7147);
#1993=VERTEX_POINT('',#7149);
#1994=VERTEX_POINT('',#7152);
#1995=VERTEX_POINT('',#7156);
#1996=VERTEX_POINT('',#7158);
#1997=VERTEX_POINT('',#7160);
#1998=VERTEX_POINT('',#7162);
#1999=VERTEX_POINT('',#7164);
#2000=VERTEX_POINT('',#7168);
#2001=VERTEX_POINT('',#7169);
#2002=VERTEX_POINT('',#7171);
#2003=VERTEX_POINT('',#7174);
#2004=VERTEX_POINT('',#7176);
#2005=VERTEX_POINT('',#7178);
#2006=VERTEX_POINT('',#7182);
#2007=VERTEX_POINT('',#7184);
#2008=VERTEX_POINT('',#7190);
#2009=VERTEX_POINT('',#7192);
#2010=VERTEX_POINT('',#7196);
#2011=VERTEX_POINT('',#7200);
#2012=VERTEX_POINT('',#7204);
#2013=VERTEX_POINT('',#7208);
#2014=VERTEX_POINT('',#7210);
#2015=VERTEX_POINT('',#7214);
#2016=VERTEX_POINT('',#7216);
#2017=VERTEX_POINT('',#7220);
#2018=VERTEX_POINT('',#7224);
#2019=VERTEX_POINT('',#7226);
#2020=VERTEX_POINT('',#7230);
#2021=VERTEX_POINT('',#7234);
#2022=VERTEX_POINT('',#7236);
#2023=VERTEX_POINT('',#7240);
#2024=VERTEX_POINT('',#7244);
#2025=VERTEX_POINT('',#7248);
#2026=VERTEX_POINT('',#7252);
#2027=VERTEX_POINT('',#7256);
#2028=VERTEX_POINT('',#7258);
#2029=VERTEX_POINT('',#7262);
#2030=VERTEX_POINT('',#7266);
#2031=VERTEX_POINT('',#7268);
#2032=VERTEX_POINT('',#7272);
#2033=VERTEX_POINT('',#7276);
#2034=VERTEX_POINT('',#7278);
#2035=VERTEX_POINT('',#7282);
#2036=VERTEX_POINT('',#7286);
#2037=VERTEX_POINT('',#7290);
#2038=VERTEX_POINT('',#7294);
#2039=VERTEX_POINT('',#7298);
#2040=VERTEX_POINT('',#7299);
#2041=VERTEX_POINT('',#7301);
#2042=VERTEX_POINT('',#7303);
#2043=VERTEX_POINT('',#7307);
#2044=VERTEX_POINT('',#7309);
#2045=VERTEX_POINT('',#7311);
#2046=VERTEX_POINT('',#7315);
#2047=VERTEX_POINT('',#7316);
#2048=VERTEX_POINT('',#7318);
#2049=VERTEX_POINT('',#7320);
#2050=VERTEX_POINT('',#7327);
#2051=VERTEX_POINT('',#7328);
#2052=VERTEX_POINT('',#7330);
#2053=VERTEX_POINT('',#7332);
#2054=VERTEX_POINT('',#7336);
#2055=VERTEX_POINT('',#7338);
#2056=VERTEX_POINT('',#7340);
#2057=VERTEX_POINT('',#7342);
#2058=VERTEX_POINT('',#7344);
#2059=VERTEX_POINT('',#7346);
#2060=VERTEX_POINT('',#7348);
#2061=VERTEX_POINT('',#7350);
#2062=VERTEX_POINT('',#7352);
#2063=VERTEX_POINT('',#7356);
#2064=VERTEX_POINT('',#7360);
#2065=VERTEX_POINT('',#7361);
#2066=VERTEX_POINT('',#7363);
#2067=VERTEX_POINT('',#7365);
#2068=VERTEX_POINT('',#7369);
#2069=VERTEX_POINT('',#7371);
#2070=VERTEX_POINT('',#7375);
#2071=VERTEX_POINT('',#7376);
#2072=VERTEX_POINT('',#7378);
#2073=VERTEX_POINT('',#7380);
#2074=VERTEX_POINT('',#7384);
#2075=VERTEX_POINT('',#7386);
#2076=VERTEX_POINT('',#7390);
#2077=VERTEX_POINT('',#7391);
#2078=VERTEX_POINT('',#7393);
#2079=VERTEX_POINT('',#7395);
#2080=VERTEX_POINT('',#7402);
#2081=VERTEX_POINT('',#7404);
#2082=VERTEX_POINT('',#7408);
#2083=VERTEX_POINT('',#7410);
#2084=VERTEX_POINT('',#7412);
#2085=VERTEX_POINT('',#7414);
#2086=VERTEX_POINT('',#7418);
#2087=VERTEX_POINT('',#7422);
#2088=VERTEX_POINT('',#7425);
#2089=VERTEX_POINT('',#7427);
#2090=VERTEX_POINT('',#7432);
#2091=VERTEX_POINT('',#7434);
#2092=VERTEX_POINT('',#7438);
#2093=VERTEX_POINT('',#7440);
#2094=VERTEX_POINT('',#7442);
#2095=VERTEX_POINT('',#7447);
#2096=VERTEX_POINT('',#7450);
#2097=VERTEX_POINT('',#7456);
#2098=VERTEX_POINT('',#7460);
#2099=VERTEX_POINT('',#7462);
#2100=VERTEX_POINT('',#7464);
#2101=VERTEX_POINT('',#7466);
#2102=VERTEX_POINT('',#7468);
#2103=VERTEX_POINT('',#7470);
#2104=VERTEX_POINT('',#7472);
#2105=VERTEX_POINT('',#7474);
#2106=VERTEX_POINT('',#7476);
#2107=VERTEX_POINT('',#7478);
#2108=VERTEX_POINT('',#7480);
#2109=VERTEX_POINT('',#7482);
#2110=VERTEX_POINT('',#7484);
#2111=VERTEX_POINT('',#7486);
#2112=VERTEX_POINT('',#7488);
#2113=VERTEX_POINT('',#7491);
#2114=VERTEX_POINT('',#7493);
#2115=VERTEX_POINT('',#7495);
#2116=VERTEX_POINT('',#7507);
#2117=VERTEX_POINT('',#7509);
#2118=VERTEX_POINT('',#7511);
#2119=VERTEX_POINT('',#7513);
#2120=VERTEX_POINT('',#7515);
#2121=VERTEX_POINT('',#7517);
#2122=VERTEX_POINT('',#7520);
#2123=VERTEX_POINT('',#7537);
#2124=VERTEX_POINT('',#7538);
#2125=VERTEX_POINT('',#7540);
#2126=VERTEX_POINT('',#7542);
#2127=VERTEX_POINT('',#7546);
#2128=VERTEX_POINT('',#7548);
#2129=VERTEX_POINT('',#7550);
#2130=VERTEX_POINT('',#7553);
#2131=VERTEX_POINT('',#7556);
#2132=VERTEX_POINT('',#7557);
#2133=VERTEX_POINT('',#7559);
#2134=VERTEX_POINT('',#7561);
#2135=VERTEX_POINT('',#7565);
#2136=VERTEX_POINT('',#7567);
#2137=VERTEX_POINT('',#7569);
#2138=VERTEX_POINT('',#7572);
#2139=VERTEX_POINT('',#7575);
#2140=VERTEX_POINT('',#7576);
#2141=VERTEX_POINT('',#7578);
#2142=VERTEX_POINT('',#7580);
#2143=VERTEX_POINT('',#7584);
#2144=VERTEX_POINT('',#7586);
#2145=VERTEX_POINT('',#7588);
#2146=VERTEX_POINT('',#7591);
#2147=VERTEX_POINT('',#7594);
#2148=VERTEX_POINT('',#7595);
#2149=VERTEX_POINT('',#7597);
#2150=VERTEX_POINT('',#7599);
#2151=VERTEX_POINT('',#7603);
#2152=VERTEX_POINT('',#7605);
#2153=VERTEX_POINT('',#7607);
#2154=VERTEX_POINT('',#7610);
#2155=VERTEX_POINT('',#7613);
#2156=VERTEX_POINT('',#7614);
#2157=VERTEX_POINT('',#7616);
#2158=VERTEX_POINT('',#7618);
#2159=VERTEX_POINT('',#7620);
#2160=VERTEX_POINT('',#7622);
#2161=VERTEX_POINT('',#7626);
#2162=VERTEX_POINT('',#7628);
#2163=VERTEX_POINT('',#7631);
#2164=VERTEX_POINT('',#7634);
#2165=VERTEX_POINT('',#7635);
#2166=VERTEX_POINT('',#7637);
#2167=VERTEX_POINT('',#7639);
#2168=VERTEX_POINT('',#7641);
#2169=VERTEX_POINT('',#7643);
#2170=VERTEX_POINT('',#7647);
#2171=VERTEX_POINT('',#7649);
#2172=VERTEX_POINT('',#7652);
#2173=VERTEX_POINT('',#7655);
#2174=VERTEX_POINT('',#7656);
#2175=VERTEX_POINT('',#7658);
#2176=VERTEX_POINT('',#7660);
#2177=VERTEX_POINT('',#7662);
#2178=VERTEX_POINT('',#7664);
#2179=VERTEX_POINT('',#7668);
#2180=VERTEX_POINT('',#7670);
#2181=VERTEX_POINT('',#7673);
#2182=VERTEX_POINT('',#7676);
#2183=VERTEX_POINT('',#7678);
#2184=VERTEX_POINT('',#7680);
#2185=VERTEX_POINT('',#7684);
#2186=VERTEX_POINT('',#7686);
#2187=VERTEX_POINT('',#7689);
#2188=VERTEX_POINT('',#7692);
#2189=VERTEX_POINT('',#7693);
#2190=VERTEX_POINT('',#7695);
#2191=VERTEX_POINT('',#7697);
#2192=VERTEX_POINT('',#7699);
#2193=VERTEX_POINT('',#7701);
#2194=VERTEX_POINT('',#7705);
#2195=VERTEX_POINT('',#7707);
#2196=VERTEX_POINT('',#7710);
#2197=VERTEX_POINT('',#7713);
#2198=VERTEX_POINT('',#7714);
#2199=VERTEX_POINT('',#7716);
#2200=VERTEX_POINT('',#7718);
#2201=VERTEX_POINT('',#7720);
#2202=VERTEX_POINT('',#7722);
#2203=VERTEX_POINT('',#7726);
#2204=VERTEX_POINT('',#7728);
#2205=VERTEX_POINT('',#7731);
#2206=VERTEX_POINT('',#7734);
#2207=VERTEX_POINT('',#7735);
#2208=VERTEX_POINT('',#7737);
#2209=VERTEX_POINT('',#7739);
#2210=VERTEX_POINT('',#7741);
#2211=VERTEX_POINT('',#7743);
#2212=VERTEX_POINT('',#7747);
#2213=VERTEX_POINT('',#7749);
#2214=VERTEX_POINT('',#7752);
#2215=VERTEX_POINT('',#7755);
#2216=VERTEX_POINT('',#7757);
#2217=VERTEX_POINT('',#7761);
#2218=VERTEX_POINT('',#7763);
#2219=VERTEX_POINT('',#7766);
#2220=VERTEX_POINT('',#7769);
#2221=VERTEX_POINT('',#7770);
#2222=VERTEX_POINT('',#7772);
#2223=VERTEX_POINT('',#7774);
#2224=VERTEX_POINT('',#7776);
#2225=VERTEX_POINT('',#7778);
#2226=VERTEX_POINT('',#7786);
#2227=VERTEX_POINT('',#7791);
#2228=VERTEX_POINT('',#7793);
#2229=VERTEX_POINT('',#7795);
#2230=VERTEX_POINT('',#7797);
#2231=VERTEX_POINT('',#7799);
#2232=VERTEX_POINT('',#7801);
#2233=VERTEX_POINT('',#7803);
#2234=VERTEX_POINT('',#7805);
#2235=VERTEX_POINT('',#7807);
#2236=VERTEX_POINT('',#7811);
#2237=VERTEX_POINT('',#7812);
#2238=VERTEX_POINT('',#7814);
#2239=VERTEX_POINT('',#7816);
#2240=VERTEX_POINT('',#7823);
#2241=VERTEX_POINT('',#7825);
#2242=VERTEX_POINT('',#7829);
#2243=VERTEX_POINT('',#7831);
#2244=VERTEX_POINT('',#7842);
#2245=VERTEX_POINT('',#7844);
#2246=VERTEX_POINT('',#7846);
#2247=VERTEX_POINT('',#7848);
#2248=VERTEX_POINT('',#7852);
#2249=VERTEX_POINT('',#7854);
#2250=VERTEX_POINT('',#7859);
#2251=VERTEX_POINT('',#7865);
#2252=VERTEX_POINT('',#7875);
#2253=VERTEX_POINT('',#7876);
#2254=VERTEX_POINT('',#7878);
#2255=VERTEX_POINT('',#7880);
#2256=VERTEX_POINT('',#7888);
#2257=VERTEX_POINT('',#7890);
#2258=VERTEX_POINT('',#7894);
#2259=VERTEX_POINT('',#7896);
#2260=VERTEX_POINT('',#7907);
#2261=VERTEX_POINT('',#7909);
#2262=VERTEX_POINT('',#7911);
#2263=VERTEX_POINT('',#7913);
#2264=VERTEX_POINT('',#7917);
#2265=VERTEX_POINT('',#7919);
#2266=VERTEX_POINT('',#7924);
#2267=VERTEX_POINT('',#7930);
#2268=VERTEX_POINT('',#7939);
#2269=VERTEX_POINT('',#7940);
#2270=VERTEX_POINT('',#7942);
#2271=VERTEX_POINT('',#7944);
#2272=VERTEX_POINT('',#7949);
#2273=VERTEX_POINT('',#7951);
#2274=VERTEX_POINT('',#7953);
#2275=VERTEX_POINT('',#7955);
#2276=VERTEX_POINT('',#7959);
#2277=VERTEX_POINT('',#7963);
#2278=VERTEX_POINT('',#7965);
#2279=VERTEX_POINT('',#7967);
#2280=VERTEX_POINT('',#7977);
#2281=VERTEX_POINT('',#7979);
#2282=VERTEX_POINT('',#7981);
#2283=VERTEX_POINT('',#7983);
#2284=VERTEX_POINT('',#7991);
#2285=VERTEX_POINT('',#7992);
#2286=VERTEX_POINT('',#7994);
#2287=VERTEX_POINT('',#7996);
#2288=VERTEX_POINT('',#8001);
#2289=VERTEX_POINT('',#8003);
#2290=VERTEX_POINT('',#8005);
#2291=VERTEX_POINT('',#8007);
#2292=VERTEX_POINT('',#8011);
#2293=VERTEX_POINT('',#8015);
#2294=VERTEX_POINT('',#8017);
#2295=VERTEX_POINT('',#8019);
#2296=VERTEX_POINT('',#8061);
#2297=VERTEX_POINT('',#8063);
#2298=VERTEX_POINT('',#8073);
#2299=VERTEX_POINT('',#8075);
#2300=VERTEX_POINT('',#8125);
#2301=VERTEX_POINT('',#8130);
#2302=VERTEX_POINT('',#8137);
#2303=VERTEX_POINT('',#8142);
#2304=VERTEX_POINT('',#8149);
#2305=VERTEX_POINT('',#8154);
#2306=VERTEX_POINT('',#8161);
#2307=VERTEX_POINT('',#8166);
#2308=VERTEX_POINT('',#8171);
#2309=VERTEX_POINT('',#8176);
#2310=VERTEX_POINT('',#8181);
#2311=VERTEX_POINT('',#8186);
#2312=EDGE_CURVE('',#1848,#1849,#920,.T.);
#2313=EDGE_CURVE('',#1848,#1850,#921,.T.);
#2314=EDGE_CURVE('',#1851,#1850,#922,.T.);
#2315=EDGE_CURVE('',#1849,#1851,#923,.T.);
#2316=EDGE_CURVE('',#1849,#1852,#158,.T.);
#2317=EDGE_CURVE('',#1853,#1851,#159,.T.);
#2318=EDGE_CURVE('',#1852,#1853,#924,.T.);
#2319=EDGE_CURVE('',#1852,#1854,#925,.T.);
#2320=EDGE_CURVE('',#1855,#1853,#926,.T.);
#2321=EDGE_CURVE('',#1854,#1855,#927,.T.);
#2322=EDGE_CURVE('',#1854,#1856,#160,.T.);
#2323=EDGE_CURVE('',#1857,#1855,#161,.T.);
#2324=EDGE_CURVE('',#1856,#1857,#928,.T.);
#2325=EDGE_CURVE('',#1856,#1858,#929,.T.);
#2326=EDGE_CURVE('',#1859,#1857,#930,.T.);
#2327=EDGE_CURVE('',#1858,#1859,#931,.T.);
#2328=EDGE_CURVE('',#1858,#1860,#162,.T.);
#2329=EDGE_CURVE('',#1861,#1859,#163,.T.);
#2330=EDGE_CURVE('',#1860,#1861,#932,.T.);
#2331=EDGE_CURVE('',#1860,#1862,#933,.T.);
#2332=EDGE_CURVE('',#1863,#1861,#934,.T.);
#2333=EDGE_CURVE('',#1862,#1863,#935,.T.);
#2334=EDGE_CURVE('',#1862,#1848,#164,.T.);
#2335=EDGE_CURVE('',#1850,#1863,#165,.T.);
#2336=EDGE_CURVE('',#1864,#1865,#936,.T.);
#2337=EDGE_CURVE('',#1864,#1866,#937,.T.);
#2338=EDGE_CURVE('',#1867,#1866,#938,.T.);
#2339=EDGE_CURVE('',#1865,#1867,#939,.T.);
#2340=EDGE_CURVE('',#1865,#1868,#166,.T.);
#2341=EDGE_CURVE('',#1869,#1867,#167,.T.);
#2342=EDGE_CURVE('',#1868,#1869,#940,.T.);
#2343=EDGE_CURVE('',#1868,#1870,#941,.T.);
#2344=EDGE_CURVE('',#1871,#1869,#942,.T.);
#2345=EDGE_CURVE('',#1870,#1871,#943,.T.);
#2346=EDGE_CURVE('',#1870,#1872,#168,.T.);
#2347=EDGE_CURVE('',#1873,#1871,#169,.T.);
#2348=EDGE_CURVE('',#1872,#1873,#944,.T.);
#2349=EDGE_CURVE('',#1872,#1874,#945,.T.);
#2350=EDGE_CURVE('',#1875,#1873,#946,.T.);
#2351=EDGE_CURVE('',#1874,#1875,#947,.T.);
#2352=EDGE_CURVE('',#1874,#1864,#170,.T.);
#2353=EDGE_CURVE('',#1866,#1875,#171,.T.);
#2354=EDGE_CURVE('',#1876,#1877,#948,.T.);
#2355=EDGE_CURVE('',#1876,#1878,#949,.T.);
#2356=EDGE_CURVE('',#1879,#1878,#950,.T.);
#2357=EDGE_CURVE('',#1877,#1879,#951,.T.);
#2358=EDGE_CURVE('',#1877,#1880,#172,.T.);
#2359=EDGE_CURVE('',#1881,#1879,#173,.T.);
#2360=EDGE_CURVE('',#1880,#1881,#952,.T.);
#2361=EDGE_CURVE('',#1880,#1882,#953,.T.);
#2362=EDGE_CURVE('',#1883,#1881,#954,.T.);
#2363=EDGE_CURVE('',#1882,#1883,#955,.T.);
#2364=EDGE_CURVE('',#1882,#1884,#174,.T.);
#2365=EDGE_CURVE('',#1885,#1883,#175,.T.);
#2366=EDGE_CURVE('',#1884,#1885,#956,.T.);
#2367=EDGE_CURVE('',#1884,#1886,#957,.T.);
#2368=EDGE_CURVE('',#1887,#1885,#958,.T.);
#2369=EDGE_CURVE('',#1886,#1887,#959,.T.);
#2370=EDGE_CURVE('',#1886,#1876,#176,.T.);
#2371=EDGE_CURVE('',#1878,#1887,#177,.T.);
#2372=EDGE_CURVE('',#1888,#1889,#960,.T.);
#2373=EDGE_CURVE('',#1888,#1890,#961,.T.);
#2374=EDGE_CURVE('',#1891,#1890,#962,.T.);
#2375=EDGE_CURVE('',#1889,#1891,#963,.T.);
#2376=EDGE_CURVE('',#1889,#1892,#178,.T.);
#2377=EDGE_CURVE('',#1893,#1891,#179,.T.);
#2378=EDGE_CURVE('',#1892,#1893,#964,.T.);
#2379=EDGE_CURVE('',#1892,#1894,#965,.T.);
#2380=EDGE_CURVE('',#1895,#1893,#966,.T.);
#2381=EDGE_CURVE('',#1894,#1895,#967,.T.);
#2382=EDGE_CURVE('',#1894,#1896,#180,.T.);
#2383=EDGE_CURVE('',#1897,#1895,#181,.T.);
#2384=EDGE_CURVE('',#1896,#1897,#968,.T.);
#2385=EDGE_CURVE('',#1896,#1898,#969,.T.);
#2386=EDGE_CURVE('',#1899,#1897,#970,.T.);
#2387=EDGE_CURVE('',#1898,#1899,#971,.T.);
#2388=EDGE_CURVE('',#1898,#1900,#182,.T.);
#2389=EDGE_CURVE('',#1901,#1899,#183,.T.);
#2390=EDGE_CURVE('',#1900,#1901,#972,.T.);
#2391=EDGE_CURVE('',#1900,#1902,#973,.T.);
#2392=EDGE_CURVE('',#1903,#1901,#974,.T.);
#2393=EDGE_CURVE('',#1902,#1903,#975,.T.);
#2394=EDGE_CURVE('',#1902,#1904,#184,.T.);
#2395=EDGE_CURVE('',#1905,#1903,#185,.T.);
#2396=EDGE_CURVE('',#1904,#1905,#976,.T.);
#2397=EDGE_CURVE('',#1904,#1906,#977,.T.);
#2398=EDGE_CURVE('',#1907,#1905,#978,.T.);
#2399=EDGE_CURVE('',#1906,#1907,#979,.T.);
#2400=EDGE_CURVE('',#1906,#1888,#186,.T.);
#2401=EDGE_CURVE('',#1890,#1907,#187,.T.);
#2402=EDGE_CURVE('',#1908,#1909,#980,.T.);
#2403=EDGE_CURVE('',#1908,#1910,#981,.T.);
#2404=EDGE_CURVE('',#1911,#1910,#982,.T.);
#2405=EDGE_CURVE('',#1909,#1911,#983,.T.);
#2406=EDGE_CURVE('',#1909,#1912,#188,.T.);
#2407=EDGE_CURVE('',#1913,#1911,#189,.T.);
#2408=EDGE_CURVE('',#1912,#1913,#984,.T.);
#2409=EDGE_CURVE('',#1912,#1914,#985,.T.);
#2410=EDGE_CURVE('',#1915,#1913,#986,.T.);
#2411=EDGE_CURVE('',#1914,#1915,#987,.T.);
#2412=EDGE_CURVE('',#1914,#1916,#190,.T.);
#2413=EDGE_CURVE('',#1917,#1915,#191,.T.);
#2414=EDGE_CURVE('',#1916,#1917,#988,.T.);
#2415=EDGE_CURVE('',#1916,#1918,#989,.T.);
#2416=EDGE_CURVE('',#1919,#1917,#990,.T.);
#2417=EDGE_CURVE('',#1918,#1919,#991,.T.);
#2418=EDGE_CURVE('',#1918,#1920,#192,.T.);
#2419=EDGE_CURVE('',#1921,#1919,#193,.T.);
#2420=EDGE_CURVE('',#1920,#1921,#992,.T.);
#2421=EDGE_CURVE('',#1920,#1922,#993,.T.);
#2422=EDGE_CURVE('',#1923,#1921,#994,.T.);
#2423=EDGE_CURVE('',#1922,#1923,#995,.T.);
#2424=EDGE_CURVE('',#1922,#1908,#194,.T.);
#2425=EDGE_CURVE('',#1910,#1923,#195,.T.);
#2426=EDGE_CURVE('',#1924,#1925,#50,.T.);
#2427=EDGE_CURVE('',#1925,#1926,#996,.T.);
#2428=EDGE_CURVE('',#1926,#1927,#51,.T.);
#2429=EDGE_CURVE('',#1927,#1928,#196,.T.);
#2430=EDGE_CURVE('',#1928,#1929,#52,.T.);
#2431=EDGE_CURVE('',#1929,#1930,#997,.T.);
#2432=EDGE_CURVE('',#1930,#1931,#53,.T.);
#2433=EDGE_CURVE('',#1931,#1924,#197,.T.);
#2434=EDGE_CURVE('',#1928,#1932,#998,.T.);
#2435=EDGE_CURVE('',#1933,#1932,#999,.F.);
#2436=EDGE_CURVE('',#1933,#1934,#54,.F.);
#2437=EDGE_CURVE('',#1934,#1929,#1000,.T.);
#2438=EDGE_CURVE('',#1935,#1927,#1001,.T.);
#2439=EDGE_CURVE('',#1936,#1935,#1002,.T.);
#2440=EDGE_CURVE('',#1937,#1936,#1003,.T.);
#2441=EDGE_CURVE('',#1938,#1937,#1004,.T.);
#2442=EDGE_CURVE('',#1939,#1938,#1005,.T.);
#2443=EDGE_CURVE('',#1940,#1939,#1006,.T.);
#2444=EDGE_CURVE('',#1941,#1940,#1007,.T.);
#2445=EDGE_CURVE('',#1942,#1941,#1008,.T.);
#2446=EDGE_CURVE('',#1943,#1942,#1009,.T.);
#2447=EDGE_CURVE('',#1944,#1943,#1010,.T.);
#2448=EDGE_CURVE('',#1945,#1944,#1011,.T.);
#2449=EDGE_CURVE('',#1946,#1945,#1012,.T.);
#2450=EDGE_CURVE('',#1947,#1946,#1013,.T.);
#2451=EDGE_CURVE('',#1948,#1947,#198,.T.);
#2452=EDGE_CURVE('',#1949,#1948,#1014,.T.);
#2453=EDGE_CURVE('',#1950,#1949,#1015,.T.);
#2454=EDGE_CURVE('',#1951,#1950,#1016,.T.);
#2455=EDGE_CURVE('',#1952,#1951,#1017,.T.);
#2456=EDGE_CURVE('',#1953,#1952,#1018,.T.);
#2457=EDGE_CURVE('',#1954,#1953,#1019,.T.);
#2458=EDGE_CURVE('',#1955,#1954,#1020,.T.);
#2459=EDGE_CURVE('',#1956,#1955,#1021,.T.);
#2460=EDGE_CURVE('',#1957,#1956,#1022,.T.);
#2461=EDGE_CURVE('',#1958,#1957,#1023,.T.);
#2462=EDGE_CURVE('',#1959,#1958,#1024,.T.);
#2463=EDGE_CURVE('',#1960,#1959,#1025,.T.);
#2464=EDGE_CURVE('',#1961,#1960,#1026,.T.);
#2465=EDGE_CURVE('',#1962,#1961,#1027,.T.);
#2466=EDGE_CURVE('',#1963,#1962,#1028,.T.);
#2467=EDGE_CURVE('',#1932,#1963,#1029,.T.);
#2468=EDGE_CURVE('',#1964,#1965,#1030,.T.);
#2469=EDGE_CURVE('',#1966,#1965,#199,.T.);
#2470=EDGE_CURVE('',#1967,#1966,#1031,.T.);
#2471=EDGE_CURVE('',#1968,#1967,#200,.T.);
#2472=EDGE_CURVE('',#1968,#1969,#1032,.T.);
#2473=EDGE_CURVE('',#1970,#1969,#201,.T.);
#2474=EDGE_CURVE('',#1971,#1970,#1033,.T.);
#2475=EDGE_CURVE('',#1964,#1971,#202,.T.);
#2476=EDGE_CURVE('',#1972,#1972,#203,.T.);
#2477=EDGE_CURVE('',#1973,#1973,#204,.T.);
#2478=EDGE_CURVE('',#1974,#1975,#1034,.T.);
#2479=EDGE_CURVE('',#1976,#1975,#205,.T.);
#2480=EDGE_CURVE('',#1977,#1976,#1035,.T.);
#2481=EDGE_CURVE('',#1978,#1977,#206,.T.);
#2482=EDGE_CURVE('',#1978,#1979,#1036,.T.);
#2483=EDGE_CURVE('',#1980,#1979,#207,.T.);
#2484=EDGE_CURVE('',#1981,#1980,#1037,.T.);
#2485=EDGE_CURVE('',#1974,#1981,#208,.T.);
#2486=EDGE_CURVE('',#1982,#1982,#209,.T.);
#2487=EDGE_CURVE('',#1983,#1983,#210,.T.);
#2488=EDGE_CURVE('',#1984,#1985,#1038,.T.);
#2489=EDGE_CURVE('',#1986,#1985,#211,.T.);
#2490=EDGE_CURVE('',#1987,#1986,#1039,.T.);
#2491=EDGE_CURVE('',#1988,#1987,#212,.T.);
#2492=EDGE_CURVE('',#1988,#1989,#1040,.T.);
#2493=EDGE_CURVE('',#1990,#1989,#213,.T.);
#2494=EDGE_CURVE('',#1991,#1990,#1041,.T.);
#2495=EDGE_CURVE('',#1984,#1991,#214,.T.);
#2496=EDGE_CURVE('',#1992,#1992,#215,.T.);
#2497=EDGE_CURVE('',#1993,#1993,#216,.T.);
#2498=EDGE_CURVE('',#1926,#1994,#1042,.T.);
#2499=EDGE_CURVE('',#1994,#1935,#1043,.T.);
#2500=EDGE_CURVE('',#1995,#1925,#1044,.T.);
#2501=EDGE_CURVE('',#1996,#1995,#1045,.T.);
#2502=EDGE_CURVE('',#1997,#1996,#1046,.T.);
#2503=EDGE_CURVE('',#1998,#1997,#1047,.T.);
#2504=EDGE_CURVE('',#1999,#1998,#1048,.T.);
#2505=EDGE_CURVE('',#1999,#1994,#1049,.T.);
#2506=EDGE_CURVE('',#2000,#2001,#55,.T.);
#2507=EDGE_CURVE('',#2001,#2002,#1050,.T.);
#2508=EDGE_CURVE('',#2002,#1948,#56,.T.);
#2509=EDGE_CURVE('',#1947,#2003,#57,.T.);
#2510=EDGE_CURVE('',#2003,#2004,#1051,.T.);
#2511=EDGE_CURVE('',#2004,#2005,#58,.T.);
#2512=EDGE_CURVE('',#2005,#2000,#217,.T.);
#2513=EDGE_CURVE('',#2006,#2003,#1052,.T.);
#2514=EDGE_CURVE('',#2006,#2007,#1053,.T.);
#2515=EDGE_CURVE('',#2004,#2007,#1054,.T.);
#2516=EDGE_CURVE('',#1946,#2006,#1055,.T.);
#2517=EDGE_CURVE('',#2002,#2008,#1056,.T.);
#2518=EDGE_CURVE('',#2009,#2008,#59,.T.);
#2519=EDGE_CURVE('',#2009,#1949,#1057,.T.);
#2520=EDGE_CURVE('',#2007,#2010,#1058,.T.);
#2521=EDGE_CURVE('',#2010,#2005,#1059,.T.);
#2522=EDGE_CURVE('',#2011,#2001,#1060,.T.);
#2523=EDGE_CURVE('',#2008,#2011,#1061,.T.);
#2524=EDGE_CURVE('',#2012,#1934,#1062,.T.);
#2525=EDGE_CURVE('',#1930,#2012,#1063,.T.);
#2526=EDGE_CURVE('',#2013,#2012,#60,.T.);
#2527=EDGE_CURVE('',#2013,#2014,#1064,.T.);
#2528=EDGE_CURVE('',#2014,#1931,#1065,.T.);
#2529=EDGE_CURVE('',#1971,#2015,#1066,.T.);
#2530=EDGE_CURVE('',#2015,#2016,#218,.T.);
#2531=EDGE_CURVE('',#2016,#1964,#1067,.T.);
#2532=EDGE_CURVE('',#2017,#1970,#1068,.T.);
#2533=EDGE_CURVE('',#2017,#2015,#1069,.T.);
#2534=EDGE_CURVE('',#1987,#2018,#1070,.T.);
#2535=EDGE_CURVE('',#2018,#2019,#219,.T.);
#2536=EDGE_CURVE('',#2019,#1988,#1071,.T.);
#2537=EDGE_CURVE('',#2020,#1986,#1072,.T.);
#2538=EDGE_CURVE('',#2020,#2018,#1073,.T.);
#2539=EDGE_CURVE('',#1977,#2021,#1074,.T.);
#2540=EDGE_CURVE('',#2021,#2022,#220,.T.);
#2541=EDGE_CURVE('',#2022,#1978,#1075,.T.);
#2542=EDGE_CURVE('',#2023,#1976,#1076,.T.);
#2543=EDGE_CURVE('',#2023,#2021,#1077,.T.);
#2544=EDGE_CURVE('',#2024,#2023,#221,.T.);
#2545=EDGE_CURVE('',#1975,#2024,#1078,.T.);
#2546=EDGE_CURVE('',#2025,#2020,#222,.T.);
#2547=EDGE_CURVE('',#1985,#2025,#1079,.T.);
#2548=EDGE_CURVE('',#2026,#2017,#223,.T.);
#2549=EDGE_CURVE('',#1969,#2026,#1080,.T.);
#2550=EDGE_CURVE('',#1981,#2027,#1081,.T.);
#2551=EDGE_CURVE('',#2027,#2028,#224,.T.);
#2552=EDGE_CURVE('',#2028,#1974,#1082,.T.);
#2553=EDGE_CURVE('',#2029,#1980,#1083,.T.);
#2554=EDGE_CURVE('',#2029,#2027,#1084,.T.);
#2555=EDGE_CURVE('',#1991,#2030,#1085,.T.);
#2556=EDGE_CURVE('',#2030,#2031,#225,.T.);
#2557=EDGE_CURVE('',#2031,#1984,#1086,.T.);
#2558=EDGE_CURVE('',#2032,#1990,#1087,.T.);
#2559=EDGE_CURVE('',#2032,#2030,#1088,.T.);
#2560=EDGE_CURVE('',#1967,#2033,#1089,.T.);
#2561=EDGE_CURVE('',#2033,#2034,#226,.T.);
#2562=EDGE_CURVE('',#2034,#1968,#1090,.T.);
#2563=EDGE_CURVE('',#2035,#1966,#1091,.T.);
#2564=EDGE_CURVE('',#2035,#2033,#1092,.T.);
#2565=EDGE_CURVE('',#2036,#2032,#227,.T.);
#2566=EDGE_CURVE('',#1989,#2036,#1093,.T.);
#2567=EDGE_CURVE('',#2037,#2029,#228,.T.);
#2568=EDGE_CURVE('',#1979,#2037,#1094,.T.);
#2569=EDGE_CURVE('',#2038,#2035,#229,.T.);
#2570=EDGE_CURVE('',#1965,#2038,#1095,.T.);
#2571=EDGE_CURVE('',#2039,#2040,#230,.T.);
#2572=EDGE_CURVE('',#2039,#2041,#1096,.T.);
#2573=EDGE_CURVE('',#2041,#2042,#231,.T.);
#2574=EDGE_CURVE('',#2042,#2040,#1097,.T.);
#2575=EDGE_CURVE('',#2043,#2042,#1098,.T.);
#2576=EDGE_CURVE('',#2043,#2044,#1099,.T.);
#2577=EDGE_CURVE('',#2045,#2044,#1100,.T.);
#2578=EDGE_CURVE('',#2040,#2045,#1101,.T.);
#2579=EDGE_CURVE('',#2046,#2047,#232,.T.);
#2580=EDGE_CURVE('',#2046,#2048,#1102,.T.);
#2581=EDGE_CURVE('',#2048,#2049,#233,.T.);
#2582=EDGE_CURVE('',#2049,#2047,#1103,.T.);
#2583=EDGE_CURVE('',#2047,#2039,#1104,.T.);
#2584=EDGE_CURVE('',#2041,#2049,#1105,.T.);
#2585=EDGE_CURVE('',#2050,#2051,#234,.T.);
#2586=EDGE_CURVE('',#2050,#2052,#1106,.T.);
#2587=EDGE_CURVE('',#2052,#2053,#235,.T.);
#2588=EDGE_CURVE('',#2053,#2051,#1107,.T.);
#2589=EDGE_CURVE('',#2054,#2051,#1108,.T.);
#2590=EDGE_CURVE('',#2054,#2055,#236,.T.);
#2591=EDGE_CURVE('',#2056,#2055,#1109,.T.);
#2592=EDGE_CURVE('',#2057,#2056,#1110,.T.);
#2593=EDGE_CURVE('',#2058,#2057,#1111,.T.);
#2594=EDGE_CURVE('',#2059,#2058,#1112,.T.);
#2595=EDGE_CURVE('',#2059,#2060,#237,.F.);
#2596=EDGE_CURVE('',#2060,#2061,#1113,.T.);
#2597=EDGE_CURVE('',#2062,#2061,#238,.F.);
#2598=EDGE_CURVE('',#2050,#2062,#1114,.T.);
#2599=EDGE_CURVE('',#2063,#2053,#1115,.T.);
#2600=EDGE_CURVE('',#2054,#2063,#1116,.T.);
#2601=EDGE_CURVE('',#2064,#2065,#239,.T.);
#2602=EDGE_CURVE('',#2064,#2066,#1117,.T.);
#2603=EDGE_CURVE('',#2066,#2067,#240,.T.);
#2604=EDGE_CURVE('',#2067,#2065,#1118,.T.);
#2605=EDGE_CURVE('',#2068,#2064,#1119,.T.);
#2606=EDGE_CURVE('',#2069,#2068,#1120,.T.);
#2607=EDGE_CURVE('',#2066,#2069,#1121,.T.);
#2608=EDGE_CURVE('',#2070,#2071,#241,.T.);
#2609=EDGE_CURVE('',#2070,#2072,#1122,.T.);
#2610=EDGE_CURVE('',#2072,#2073,#242,.T.);
#2611=EDGE_CURVE('',#2073,#2071,#1123,.T.);
#2612=EDGE_CURVE('',#2074,#2073,#1124,.T.);
#2613=EDGE_CURVE('',#2075,#2074,#1125,.T.);
#2614=EDGE_CURVE('',#2075,#2071,#1126,.T.);
#2615=EDGE_CURVE('',#2076,#2077,#243,.T.);
#2616=EDGE_CURVE('',#2076,#2078,#1127,.T.);
#2617=EDGE_CURVE('',#2078,#2079,#244,.T.);
#2618=EDGE_CURVE('',#2079,#2077,#1128,.T.);
#2619=EDGE_CURVE('',#2070,#2077,#1129,.T.);
#2620=EDGE_CURVE('',#2072,#2079,#1130,.T.);
#2621=EDGE_CURVE('',#2080,#2068,#245,.T.);
#2622=EDGE_CURVE('',#2080,#2081,#1131,.T.);
#2623=EDGE_CURVE('',#2081,#2069,#246,.T.);
#2624=EDGE_CURVE('',#2082,#2080,#1132,.T.);
#2625=EDGE_CURVE('',#2083,#2082,#1133,.T.);
#2626=EDGE_CURVE('',#2084,#2083,#1134,.T.);
#2627=EDGE_CURVE('',#2085,#2084,#1135,.T.);
#2628=EDGE_CURVE('',#2081,#2085,#1136,.T.);
#2629=EDGE_CURVE('',#2063,#2086,#247,.T.);
#2630=EDGE_CURVE('',#2086,#2055,#1137,.T.);
#2631=EDGE_CURVE('',#2076,#2087,#1138,.T.);
#2632=EDGE_CURVE('',#2087,#2081,#1139,.T.);
#2633=EDGE_CURVE('',#2083,#2088,#1140,.T.);
#2634=EDGE_CURVE('',#2088,#2089,#1141,.T.);
#2635=EDGE_CURVE('',#2089,#2059,#1142,.T.);
#2636=EDGE_CURVE('',#2078,#2086,#1143,.T.);
#2637=EDGE_CURVE('',#2059,#2090,#1144,.T.);
#2638=EDGE_CURVE('',#2091,#2090,#248,.T.);
#2639=EDGE_CURVE('',#2091,#2060,#1145,.T.);
#2640=EDGE_CURVE('',#2092,#2046,#1146,.T.);
#2641=EDGE_CURVE('',#2093,#2092,#1147,.T.);
#2642=EDGE_CURVE('',#2094,#2093,#1148,.T.);
#2643=EDGE_CURVE('',#2061,#2094,#1149,.T.);
#2644=EDGE_CURVE('',#2048,#2091,#1150,.T.);
#2645=EDGE_CURVE('',#2065,#2095,#1151,.T.);
#2646=EDGE_CURVE('',#2042,#2095,#249,.F.);
#2647=EDGE_CURVE('',#2090,#2096,#1152,.T.);
#2648=EDGE_CURVE('',#2082,#2096,#250,.T.);
#2649=EDGE_CURVE('',#2096,#2088,#1153,.T.);
#2650=EDGE_CURVE('',#2094,#2097,#251,.T.);
#2651=EDGE_CURVE('',#2097,#2062,#1154,.T.);
#2652=EDGE_CURVE('',#2098,#2014,#1155,.T.);
#2653=EDGE_CURVE('',#2099,#2098,#1156,.T.);
#2654=EDGE_CURVE('',#2100,#2099,#1157,.T.);
#2655=EDGE_CURVE('',#2101,#2100,#1158,.T.);
#2656=EDGE_CURVE('',#2102,#2101,#1159,.T.);
#2657=EDGE_CURVE('',#2103,#2102,#1160,.T.);
#2658=EDGE_CURVE('',#2104,#2103,#1161,.T.);
#2659=EDGE_CURVE('',#2105,#2104,#1162,.T.);
#2660=EDGE_CURVE('',#2106,#2105,#1163,.T.);
#2661=EDGE_CURVE('',#2107,#2106,#1164,.T.);
#2662=EDGE_CURVE('',#2108,#2107,#1165,.T.);
#2663=EDGE_CURVE('',#2109,#2108,#1166,.T.);
#2664=EDGE_CURVE('',#2110,#2109,#1167,.T.);
#2665=EDGE_CURVE('',#2111,#2110,#1168,.T.);
#2666=EDGE_CURVE('',#2112,#2111,#1169,.T.);
#2667=EDGE_CURVE('',#2000,#2112,#1170,.T.);
#2668=EDGE_CURVE('',#2113,#2010,#1171,.T.);
#2669=EDGE_CURVE('',#2114,#2113,#1172,.T.);
#2670=EDGE_CURVE('',#2115,#2114,#1173,.T.);
#2671=EDGE_CURVE('',#2044,#2115,#1174,.T.);
#2672=EDGE_CURVE('',#2074,#2043,#252,.T.);
#2673=EDGE_CURVE('',#2052,#2097,#1175,.T.);
#2674=EDGE_CURVE('',#1924,#2093,#1176,.T.);
#2675=EDGE_CURVE('',#2024,#2028,#1177,.T.);
#2676=EDGE_CURVE('',#2037,#2022,#1178,.T.);
#2677=EDGE_CURVE('',#2025,#2031,#1179,.T.);
#2678=EDGE_CURVE('',#2036,#2019,#1180,.T.);
#2679=EDGE_CURVE('',#2026,#2034,#1181,.T.);
#2680=EDGE_CURVE('',#2038,#2016,#1182,.T.);
#2681=EDGE_CURVE('',#2116,#2116,#253,.T.);
#2682=EDGE_CURVE('',#2117,#2117,#254,.T.);
#2683=EDGE_CURVE('',#2118,#2118,#255,.T.);
#2684=EDGE_CURVE('',#2119,#2119,#256,.T.);
#2685=EDGE_CURVE('',#2120,#2120,#257,.T.);
#2686=EDGE_CURVE('',#2121,#2121,#258,.T.);
#2687=EDGE_CURVE('',#2095,#2122,#1183,.T.);
#2688=EDGE_CURVE('',#2122,#2075,#259,.T.);
#2689=EDGE_CURVE('',#2122,#2067,#1184,.T.);
#2690=EDGE_CURVE('',#2044,#1998,#61,.T.);
#2691=EDGE_CURVE('',#1997,#2045,#62,.T.);
#2692=EDGE_CURVE('',#2092,#2045,#1185,.T.);
#2693=EDGE_CURVE('',#1996,#2092,#63,.T.);
#2694=EDGE_CURVE('',#1995,#2093,#64,.T.);
#2695=EDGE_CURVE('',#2123,#2124,#65,.T.);
#2696=EDGE_CURVE('',#2124,#2125,#1186,.T.);
#2697=EDGE_CURVE('',#2125,#2126,#66,.T.);
#2698=EDGE_CURVE('',#2126,#2123,#1187,.T.);
#2699=EDGE_CURVE('',#2127,#2125,#1188,.T.);
#2700=EDGE_CURVE('',#2128,#2124,#1189,.T.);
#2701=EDGE_CURVE('',#2129,#2128,#1190,.T.);
#2702=EDGE_CURVE('',#2127,#2129,#1191,.T.);
#2703=EDGE_CURVE('',#2130,#2130,#260,.T.);
#2704=EDGE_CURVE('',#2131,#2132,#67,.T.);
#2705=EDGE_CURVE('',#2132,#2133,#1192,.T.);
#2706=EDGE_CURVE('',#2133,#2134,#68,.T.);
#2707=EDGE_CURVE('',#2134,#2131,#1193,.T.);
#2708=EDGE_CURVE('',#2135,#2132,#1194,.F.);
#2709=EDGE_CURVE('',#2136,#2135,#1195,.T.);
#2710=EDGE_CURVE('',#2137,#2136,#1196,.T.);
#2711=EDGE_CURVE('',#2133,#2137,#1197,.T.);
#2712=EDGE_CURVE('',#2138,#2138,#261,.T.);
#2713=EDGE_CURVE('',#2139,#2140,#69,.T.);
#2714=EDGE_CURVE('',#2140,#2141,#1198,.T.);
#2715=EDGE_CURVE('',#2141,#2142,#70,.T.);
#2716=EDGE_CURVE('',#2142,#2139,#1199,.T.);
#2717=EDGE_CURVE('',#2143,#2140,#1200,.F.);
#2718=EDGE_CURVE('',#2144,#2143,#1201,.T.);
#2719=EDGE_CURVE('',#2145,#2144,#1202,.T.);
#2720=EDGE_CURVE('',#2141,#2145,#1203,.T.);
#2721=EDGE_CURVE('',#2146,#2146,#262,.T.);
#2722=EDGE_CURVE('',#2147,#2148,#71,.T.);
#2723=EDGE_CURVE('',#2148,#2149,#1204,.T.);
#2724=EDGE_CURVE('',#2149,#2150,#72,.T.);
#2725=EDGE_CURVE('',#2150,#2147,#1205,.T.);
#2726=EDGE_CURVE('',#2151,#2149,#1206,.T.);
#2727=EDGE_CURVE('',#2152,#2148,#1207,.T.);
#2728=EDGE_CURVE('',#2153,#2152,#1208,.T.);
#2729=EDGE_CURVE('',#2151,#2153,#1209,.T.);
#2730=EDGE_CURVE('',#2154,#2154,#263,.T.);
#2731=EDGE_CURVE('',#2155,#2156,#73,.T.);
#2732=EDGE_CURVE('',#2156,#2157,#1210,.T.);
#2733=EDGE_CURVE('',#2158,#2157,#74,.F.);
#2734=EDGE_CURVE('',#2159,#2158,#75,.F.);
#2735=EDGE_CURVE('',#2159,#2160,#1211,.T.);
#2736=EDGE_CURVE('',#2160,#2155,#76,.T.);
#2737=EDGE_CURVE('',#2161,#2159,#1212,.T.);
#2738=EDGE_CURVE('',#2162,#2161,#1213,.T.);
#2739=EDGE_CURVE('',#2160,#2162,#1214,.T.);
#2740=EDGE_CURVE('',#2163,#2163,#264,.T.);
#2741=EDGE_CURVE('',#2164,#2165,#77,.T.);
#2742=EDGE_CURVE('',#2165,#2166,#1215,.T.);
#2743=EDGE_CURVE('',#2167,#2166,#78,.F.);
#2744=EDGE_CURVE('',#2168,#2167,#79,.F.);
#2745=EDGE_CURVE('',#2168,#2169,#1216,.T.);
#2746=EDGE_CURVE('',#2169,#2164,#80,.T.);
#2747=EDGE_CURVE('',#2170,#2168,#1217,.T.);
#2748=EDGE_CURVE('',#2171,#2170,#1218,.T.);
#2749=EDGE_CURVE('',#2169,#2171,#1219,.T.);
#2750=EDGE_CURVE('',#2172,#2172,#265,.T.);
#2751=EDGE_CURVE('',#2173,#2174,#81,.T.);
#2752=EDGE_CURVE('',#2174,#2175,#1220,.T.);
#2753=EDGE_CURVE('',#2176,#2175,#82,.F.);
#2754=EDGE_CURVE('',#2177,#2176,#83,.F.);
#2755=EDGE_CURVE('',#2177,#2178,#1221,.T.);
#2756=EDGE_CURVE('',#2178,#2173,#84,.T.);
#2757=EDGE_CURVE('',#2179,#2177,#1222,.T.);
#2758=EDGE_CURVE('',#2180,#2179,#1223,.T.);
#2759=EDGE_CURVE('',#2178,#2180,#1224,.T.);
#2760=EDGE_CURVE('',#2181,#2181,#266,.T.);
#2761=EDGE_CURVE('',#2182,#2011,#85,.F.);
#2762=EDGE_CURVE('',#2183,#2182,#86,.F.);
#2763=EDGE_CURVE('',#2183,#2184,#1225,.T.);
#2764=EDGE_CURVE('',#2184,#2009,#87,.T.);
#2765=EDGE_CURVE('',#2185,#2183,#1226,.T.);
#2766=EDGE_CURVE('',#2186,#2185,#1227,.T.);
#2767=EDGE_CURVE('',#2184,#2186,#1228,.T.);
#2768=EDGE_CURVE('',#2187,#2187,#267,.T.);
#2769=EDGE_CURVE('',#2188,#2189,#88,.T.);
#2770=EDGE_CURVE('',#2189,#2190,#1229,.T.);
#2771=EDGE_CURVE('',#2191,#2190,#89,.F.);
#2772=EDGE_CURVE('',#2192,#2191,#90,.F.);
#2773=EDGE_CURVE('',#2192,#2193,#1230,.T.);
#2774=EDGE_CURVE('',#2193,#2188,#91,.T.);
#2775=EDGE_CURVE('',#2194,#2192,#1231,.T.);
#2776=EDGE_CURVE('',#2195,#2194,#1232,.T.);
#2777=EDGE_CURVE('',#2193,#2195,#1233,.T.);
#2778=EDGE_CURVE('',#2196,#2196,#268,.T.);
#2779=EDGE_CURVE('',#2197,#2198,#92,.T.);
#2780=EDGE_CURVE('',#2198,#2199,#1234,.T.);
#2781=EDGE_CURVE('',#2200,#2199,#93,.F.);
#2782=EDGE_CURVE('',#2201,#2200,#94,.F.);
#2783=EDGE_CURVE('',#2201,#2202,#1235,.T.);
#2784=EDGE_CURVE('',#2202,#2197,#95,.T.);
#2785=EDGE_CURVE('',#2203,#2201,#1236,.T.);
#2786=EDGE_CURVE('',#2204,#2203,#1237,.T.);
#2787=EDGE_CURVE('',#2202,#2204,#1238,.T.);
#2788=EDGE_CURVE('',#2205,#2205,#269,.T.);
#2789=EDGE_CURVE('',#2206,#2207,#96,.T.);
#2790=EDGE_CURVE('',#2207,#2208,#1239,.T.);
#2791=EDGE_CURVE('',#2209,#2208,#97,.F.);
#2792=EDGE_CURVE('',#2210,#2209,#98,.F.);
#2793=EDGE_CURVE('',#2210,#2211,#1240,.T.);
#2794=EDGE_CURVE('',#2211,#2206,#99,.T.);
#2795=EDGE_CURVE('',#2212,#2210,#1241,.T.);
#2796=EDGE_CURVE('',#2213,#2212,#1242,.T.);
#2797=EDGE_CURVE('',#2211,#2213,#1243,.T.);
#2798=EDGE_CURVE('',#2214,#2214,#270,.T.);
#2799=EDGE_CURVE('',#2215,#1933,#100,.F.);
#2800=EDGE_CURVE('',#2215,#2216,#1244,.T.);
#2801=EDGE_CURVE('',#2216,#2013,#101,.T.);
#2802=EDGE_CURVE('',#2217,#2215,#1245,.T.);
#2803=EDGE_CURVE('',#2218,#2217,#1246,.T.);
#2804=EDGE_CURVE('',#2216,#2218,#1247,.T.);
#2805=EDGE_CURVE('',#2219,#2219,#271,.T.);
#2806=EDGE_CURVE('',#2220,#2221,#102,.T.);
#2807=EDGE_CURVE('',#2221,#2222,#1248,.T.);
#2808=EDGE_CURVE('',#2222,#2223,#103,.T.);
#2809=EDGE_CURVE('',#2223,#2224,#104,.T.);
#2810=EDGE_CURVE('',#2224,#2225,#1249,.T.);
#2811=EDGE_CURVE('',#2225,#2220,#105,.T.);
#2812=EDGE_CURVE('',#2225,#2150,#1250,.T.);
#2813=EDGE_CURVE('',#2151,#1937,#1251,.T.);
#2814=EDGE_CURVE('',#1936,#2220,#1252,.T.);
#2815=EDGE_CURVE('',#2226,#2224,#1253,.T.);
#2816=EDGE_CURVE('',#2147,#2226,#1254,.T.);
#2817=EDGE_CURVE('',#2223,#2114,#1255,.T.);
#2818=EDGE_CURVE('',#2113,#2227,#1256,.T.);
#2819=EDGE_CURVE('',#2228,#2227,#106,.T.);
#2820=EDGE_CURVE('',#2228,#2229,#1257,.T.);
#2821=EDGE_CURVE('',#2230,#2229,#1258,.T.);
#2822=EDGE_CURVE('',#2230,#2231,#1259,.F.);
#2823=EDGE_CURVE('',#2232,#2231,#1260,.T.);
#2824=EDGE_CURVE('',#2232,#2233,#1261,.T.);
#2825=EDGE_CURVE('',#2234,#2233,#1262,.T.);
#2826=EDGE_CURVE('',#2234,#2235,#1263,.F.);
#2827=EDGE_CURVE('',#2226,#2235,#1264,.T.);
#2828=EDGE_CURVE('',#2236,#2237,#107,.T.);
#2829=EDGE_CURVE('',#2237,#2238,#1265,.T.);
#2830=EDGE_CURVE('',#2238,#2239,#108,.T.);
#2831=EDGE_CURVE('',#2239,#2218,#109,.T.);
#2832=EDGE_CURVE('',#2217,#2236,#110,.T.);
#2833=EDGE_CURVE('',#2098,#2239,#1266,.T.);
#2834=EDGE_CURVE('',#2238,#2240,#1267,.T.);
#2835=EDGE_CURVE('',#2241,#2240,#111,.T.);
#2836=EDGE_CURVE('',#2099,#2241,#1268,.T.);
#2837=EDGE_CURVE('',#2240,#2242,#1269,.T.);
#2838=EDGE_CURVE('',#2242,#2243,#112,.T.);
#2839=EDGE_CURVE('',#2243,#2213,#113,.T.);
#2840=EDGE_CURVE('',#2212,#2241,#114,.T.);
#2841=EDGE_CURVE('',#1962,#2243,#1270,.T.);
#2842=EDGE_CURVE('',#2206,#1961,#1271,.T.);
#2843=EDGE_CURVE('',#2236,#1963,#1272,.T.);
#2844=EDGE_CURVE('',#2242,#2237,#1273,.T.);
#2845=EDGE_CURVE('',#2244,#2162,#115,.T.);
#2846=EDGE_CURVE('',#2161,#2245,#116,.T.);
#2847=EDGE_CURVE('',#2245,#2246,#117,.T.);
#2848=EDGE_CURVE('',#2246,#2247,#1274,.T.);
#2849=EDGE_CURVE('',#2247,#2244,#118,.T.);
#2850=EDGE_CURVE('',#2248,#2246,#1275,.T.);
#2851=EDGE_CURVE('',#2249,#2248,#1276,.T.);
#2852=EDGE_CURVE('',#2247,#2249,#1277,.T.);
#2853=EDGE_CURVE('',#1959,#2245,#1278,.T.);
#2854=EDGE_CURVE('',#2250,#1958,#1279,.T.);
#2855=EDGE_CURVE('',#2248,#2250,#119,.T.);
#2856=EDGE_CURVE('',#2158,#1960,#1280,.F.);
#2857=EDGE_CURVE('',#2251,#2249,#120,.T.);
#2858=EDGE_CURVE('',#2250,#2204,#121,.T.);
#2859=EDGE_CURVE('',#2203,#2251,#122,.T.);
#2860=EDGE_CURVE('',#2200,#2104,#1281,.F.);
#2861=EDGE_CURVE('',#2103,#2251,#1282,.T.);
#2862=EDGE_CURVE('',#2197,#1957,#1283,.T.);
#2863=EDGE_CURVE('',#2252,#2253,#123,.T.);
#2864=EDGE_CURVE('',#2253,#2254,#1284,.T.);
#2865=EDGE_CURVE('',#2254,#2255,#124,.T.);
#2866=EDGE_CURVE('',#2255,#2171,#125,.T.);
#2867=EDGE_CURVE('',#2170,#2252,#126,.T.);
#2868=EDGE_CURVE('',#2106,#2255,#1285,.T.);
#2869=EDGE_CURVE('',#2164,#2105,#1286,.T.);
#2870=EDGE_CURVE('',#2254,#2256,#1287,.T.);
#2871=EDGE_CURVE('',#2257,#2256,#127,.T.);
#2872=EDGE_CURVE('',#2107,#2257,#1288,.T.);
#2873=EDGE_CURVE('',#2256,#2258,#1289,.T.);
#2874=EDGE_CURVE('',#2258,#2259,#128,.T.);
#2875=EDGE_CURVE('',#2259,#2195,#129,.T.);
#2876=EDGE_CURVE('',#2194,#2257,#130,.T.);
#2877=EDGE_CURVE('',#1954,#2259,#1290,.T.);
#2878=EDGE_CURVE('',#2188,#1953,#1291,.T.);
#2879=EDGE_CURVE('',#2252,#1955,#1292,.T.);
#2880=EDGE_CURVE('',#2258,#2253,#1293,.T.);
#2881=EDGE_CURVE('',#2260,#2180,#131,.T.);
#2882=EDGE_CURVE('',#2179,#2261,#132,.T.);
#2883=EDGE_CURVE('',#2261,#2262,#133,.T.);
#2884=EDGE_CURVE('',#2262,#2263,#1294,.T.);
#2885=EDGE_CURVE('',#2263,#2260,#134,.T.);
#2886=EDGE_CURVE('',#2264,#2262,#1295,.T.);
#2887=EDGE_CURVE('',#2265,#2264,#1296,.T.);
#2888=EDGE_CURVE('',#2263,#2265,#1297,.T.);
#2889=EDGE_CURVE('',#1951,#2261,#1298,.T.);
#2890=EDGE_CURVE('',#2266,#1950,#1299,.T.);
#2891=EDGE_CURVE('',#2264,#2266,#135,.T.);
#2892=EDGE_CURVE('',#2176,#1952,#1300,.F.);
#2893=EDGE_CURVE('',#2267,#2265,#136,.T.);
#2894=EDGE_CURVE('',#2266,#2186,#137,.T.);
#2895=EDGE_CURVE('',#2185,#2267,#138,.T.);
#2896=EDGE_CURVE('',#2182,#2112,#1301,.F.);
#2897=EDGE_CURVE('',#2111,#2267,#1302,.T.);
#2898=EDGE_CURVE('',#2268,#2269,#139,.T.);
#2899=EDGE_CURVE('',#2269,#2270,#1303,.T.);
#2900=EDGE_CURVE('',#2270,#2271,#140,.T.);
#2901=EDGE_CURVE('',#2271,#2153,#141,.T.);
#2902=EDGE_CURVE('',#2152,#2268,#142,.T.);
#2903=EDGE_CURVE('',#2270,#2272,#1304,.T.);
#2904=EDGE_CURVE('',#2273,#2272,#143,.T.);
#2905=EDGE_CURVE('',#2274,#2273,#1305,.T.);
#2906=EDGE_CURVE('',#2274,#2275,#1306,.T.);
#2907=EDGE_CURVE('',#2271,#2275,#1307,.T.);
#2908=EDGE_CURVE('',#2276,#2269,#1308,.T.);
#2909=EDGE_CURVE('',#2272,#2276,#1309,.T.);
#2910=EDGE_CURVE('',#2277,#2268,#1310,.T.);
#2911=EDGE_CURVE('',#2277,#2278,#1311,.T.);
#2912=EDGE_CURVE('',#2278,#2279,#1312,.T.);
#2913=EDGE_CURVE('',#2276,#2279,#144,.T.);
#2914=EDGE_CURVE('',#2279,#2145,#145,.T.);
#2915=EDGE_CURVE('',#2144,#2273,#146,.T.);
#2916=EDGE_CURVE('',#2278,#2234,#1313,.T.);
#2917=EDGE_CURVE('',#2233,#2142,#1314,.F.);
#2918=EDGE_CURVE('',#2227,#2280,#147,.T.);
#2919=EDGE_CURVE('',#2280,#2281,#1315,.T.);
#2920=EDGE_CURVE('',#2281,#2282,#148,.T.);
#2921=EDGE_CURVE('',#2282,#2283,#149,.T.);
#2922=EDGE_CURVE('',#2283,#2228,#1316,.T.);
#2923=EDGE_CURVE('',#2007,#2280,#1317,.T.);
#2924=EDGE_CURVE('',#2281,#2006,#1318,.T.);
#2925=EDGE_CURVE('',#2284,#2285,#150,.T.);
#2926=EDGE_CURVE('',#2285,#2286,#1319,.T.);
#2927=EDGE_CURVE('',#2286,#2287,#151,.T.);
#2928=EDGE_CURVE('',#2287,#2129,#152,.T.);
#2929=EDGE_CURVE('',#2128,#2284,#153,.T.);
#2930=EDGE_CURVE('',#2286,#2288,#1320,.T.);
#2931=EDGE_CURVE('',#2289,#2288,#154,.T.);
#2932=EDGE_CURVE('',#2289,#2290,#1321,.T.);
#2933=EDGE_CURVE('',#2290,#2291,#1322,.T.);
#2934=EDGE_CURVE('',#2291,#2287,#1323,.T.);
#2935=EDGE_CURVE('',#2292,#2285,#1324,.T.);
#2936=EDGE_CURVE('',#2288,#2292,#1325,.T.);
#2937=EDGE_CURVE('',#2293,#2284,#1326,.T.);
#2938=EDGE_CURVE('',#2293,#2294,#1327,.T.);
#2939=EDGE_CURVE('',#2294,#2295,#1328,.T.);
#2940=EDGE_CURVE('',#2292,#2295,#155,.T.);
#2941=EDGE_CURVE('',#2295,#2137,#156,.T.);
#2942=EDGE_CURVE('',#2136,#2289,#157,.T.);
#2943=EDGE_CURVE('',#2294,#2230,#1329,.T.);
#2944=EDGE_CURVE('',#2229,#2134,#1330,.F.);
#2945=EDGE_CURVE('',#2131,#2283,#1331,.T.);
#2946=EDGE_CURVE('',#2222,#1999,#1332,.T.);
#2947=EDGE_CURVE('',#2115,#1999,#1333,.T.);
#2948=EDGE_CURVE('',#2139,#2126,#1334,.T.);
#2949=EDGE_CURVE('',#2123,#2232,#1335,.T.);
#2950=EDGE_CURVE('',#2110,#2260,#1336,.T.);
#2951=EDGE_CURVE('',#2173,#2109,#1337,.T.);
#2952=EDGE_CURVE('',#2190,#2174,#1338,.T.);
#2953=EDGE_CURVE('',#2191,#2108,#1339,.F.);
#2954=EDGE_CURVE('',#2199,#2165,#1340,.T.);
#2955=EDGE_CURVE('',#2102,#2244,#1341,.T.);
#2956=EDGE_CURVE('',#2155,#2101,#1342,.T.);
#2957=EDGE_CURVE('',#2208,#2156,#1343,.T.);
#2958=EDGE_CURVE('',#2209,#2100,#1344,.F.);
#2959=EDGE_CURVE('',#2231,#2293,#1345,.T.);
#2960=EDGE_CURVE('',#2235,#2277,#1346,.T.);
#2961=EDGE_CURVE('',#2296,#1942,#1347,.T.);
#2962=EDGE_CURVE('',#2297,#2296,#1348,.T.);
#2963=EDGE_CURVE('',#1943,#2297,#1349,.T.);
#2964=EDGE_CURVE('',#2297,#2290,#1350,.T.);
#2965=EDGE_CURVE('',#2291,#2296,#1351,.T.);
#2966=EDGE_CURVE('',#2130,#2138,#1352,.T.);
#2967=EDGE_CURVE('',#2298,#1938,#1353,.T.);
#2968=EDGE_CURVE('',#2299,#2298,#1354,.T.);
#2969=EDGE_CURVE('',#1939,#2299,#1355,.T.);
#2970=EDGE_CURVE('',#2154,#2146,#1356,.T.);
#2971=EDGE_CURVE('',#2275,#2298,#1357,.T.);
#2972=EDGE_CURVE('',#2299,#2274,#1358,.T.);
#2973=EDGE_CURVE('',#2143,#1940,#1359,.F.);
#2974=EDGE_CURVE('',#2135,#1944,#1360,.F.);
#2975=EDGE_CURVE('',#2127,#1941,#1361,.T.);
#2976=EDGE_CURVE('',#2282,#1945,#1362,.T.);
#2977=EDGE_CURVE('',#2175,#2189,#1363,.T.);
#2978=EDGE_CURVE('',#2166,#2198,#1364,.T.);
#2979=EDGE_CURVE('',#2167,#1956,#1365,.F.);
#2980=EDGE_CURVE('',#2157,#2207,#1366,.T.);
#2981=EDGE_CURVE('',#1994,#2221,#1367,.T.);
#2982=EDGE_CURVE('',#2214,#2219,#1368,.T.);
#2983=EDGE_CURVE('',#2205,#2163,#1369,.T.);
#2984=EDGE_CURVE('',#2196,#2172,#1370,.T.);
#2985=EDGE_CURVE('',#2187,#2181,#1371,.T.);
#2986=EDGE_CURVE('',#2083,#2088,#272,.T.);
#2987=EDGE_CURVE('',#2300,#2300,#273,.T.);
#2988=EDGE_CURVE('',#1972,#2300,#1372,.T.);
#2989=EDGE_CURVE('',#2301,#2301,#274,.T.);
#2990=EDGE_CURVE('',#1973,#2301,#1373,.T.);
#2991=EDGE_CURVE('',#2302,#2302,#275,.T.);
#2992=EDGE_CURVE('',#1982,#2302,#1374,.T.);
#2993=EDGE_CURVE('',#2303,#2303,#276,.T.);
#2994=EDGE_CURVE('',#1983,#2303,#1375,.T.);
#2995=EDGE_CURVE('',#2304,#2304,#277,.T.);
#2996=EDGE_CURVE('',#1992,#2304,#1376,.T.);
#2997=EDGE_CURVE('',#2305,#2305,#278,.T.);
#2998=EDGE_CURVE('',#1993,#2305,#1377,.T.);
#2999=EDGE_CURVE('',#2306,#2306,#279,.T.);
#3000=EDGE_CURVE('',#2116,#2306,#1378,.T.);
#3001=EDGE_CURVE('',#2307,#2307,#280,.T.);
#3002=EDGE_CURVE('',#2117,#2307,#1379,.T.);
#3003=EDGE_CURVE('',#2308,#2308,#281,.T.);
#3004=EDGE_CURVE('',#2118,#2308,#1380,.T.);
#3005=EDGE_CURVE('',#2309,#2309,#282,.T.);
#3006=EDGE_CURVE('',#2119,#2309,#1381,.T.);
#3007=EDGE_CURVE('',#2310,#2310,#283,.T.);
#3008=EDGE_CURVE('',#2120,#2310,#1382,.T.);
#3009=EDGE_CURVE('',#2311,#2311,#284,.T.);
#3010=EDGE_CURVE('',#2121,#2311,#1383,.T.);
#3011=ORIENTED_EDGE('',*,*,#2312,.F.);
#3012=ORIENTED_EDGE('',*,*,#2313,.T.);
#3013=ORIENTED_EDGE('',*,*,#2314,.F.);
#3014=ORIENTED_EDGE('',*,*,#2315,.F.);
#3015=ORIENTED_EDGE('',*,*,#2316,.F.);
#3016=ORIENTED_EDGE('',*,*,#2315,.T.);
#3017=ORIENTED_EDGE('',*,*,#2317,.F.);
#3018=ORIENTED_EDGE('',*,*,#2318,.F.);
#3019=ORIENTED_EDGE('',*,*,#2319,.F.);
#3020=ORIENTED_EDGE('',*,*,#2318,.T.);
#3021=ORIENTED_EDGE('',*,*,#2320,.F.);
#3022=ORIENTED_EDGE('',*,*,#2321,.F.);
#3023=ORIENTED_EDGE('',*,*,#2322,.F.);
#3024=ORIENTED_EDGE('',*,*,#2321,.T.);
#3025=ORIENTED_EDGE('',*,*,#2323,.F.);
#3026=ORIENTED_EDGE('',*,*,#2324,.F.);
#3027=ORIENTED_EDGE('',*,*,#2325,.F.);
#3028=ORIENTED_EDGE('',*,*,#2324,.T.);
#3029=ORIENTED_EDGE('',*,*,#2326,.F.);
#3030=ORIENTED_EDGE('',*,*,#2327,.F.);
#3031=ORIENTED_EDGE('',*,*,#2328,.F.);
#3032=ORIENTED_EDGE('',*,*,#2327,.T.);
#3033=ORIENTED_EDGE('',*,*,#2329,.F.);
#3034=ORIENTED_EDGE('',*,*,#2330,.F.);
#3035=ORIENTED_EDGE('',*,*,#2331,.F.);
#3036=ORIENTED_EDGE('',*,*,#2330,.T.);
#3037=ORIENTED_EDGE('',*,*,#2332,.F.);
#3038=ORIENTED_EDGE('',*,*,#2333,.F.);
#3039=ORIENTED_EDGE('',*,*,#2334,.F.);
#3040=ORIENTED_EDGE('',*,*,#2333,.T.);
#3041=ORIENTED_EDGE('',*,*,#2335,.F.);
#3042=ORIENTED_EDGE('',*,*,#2313,.F.);
#3043=ORIENTED_EDGE('',*,*,#2335,.T.);
#3044=ORIENTED_EDGE('',*,*,#2332,.T.);
#3045=ORIENTED_EDGE('',*,*,#2329,.T.);
#3046=ORIENTED_EDGE('',*,*,#2326,.T.);
#3047=ORIENTED_EDGE('',*,*,#2323,.T.);
#3048=ORIENTED_EDGE('',*,*,#2320,.T.);
#3049=ORIENTED_EDGE('',*,*,#2317,.T.);
#3050=ORIENTED_EDGE('',*,*,#2314,.T.);
#3051=ORIENTED_EDGE('',*,*,#2336,.F.);
#3052=ORIENTED_EDGE('',*,*,#2337,.T.);
#3053=ORIENTED_EDGE('',*,*,#2338,.F.);
#3054=ORIENTED_EDGE('',*,*,#2339,.F.);
#3055=ORIENTED_EDGE('',*,*,#2340,.F.);
#3056=ORIENTED_EDGE('',*,*,#2339,.T.);
#3057=ORIENTED_EDGE('',*,*,#2341,.F.);
#3058=ORIENTED_EDGE('',*,*,#2342,.F.);
#3059=ORIENTED_EDGE('',*,*,#2343,.F.);
#3060=ORIENTED_EDGE('',*,*,#2342,.T.);
#3061=ORIENTED_EDGE('',*,*,#2344,.F.);
#3062=ORIENTED_EDGE('',*,*,#2345,.F.);
#3063=ORIENTED_EDGE('',*,*,#2346,.F.);
#3064=ORIENTED_EDGE('',*,*,#2345,.T.);
#3065=ORIENTED_EDGE('',*,*,#2347,.F.);
#3066=ORIENTED_EDGE('',*,*,#2348,.F.);
#3067=ORIENTED_EDGE('',*,*,#2349,.F.);
#3068=ORIENTED_EDGE('',*,*,#2348,.T.);
#3069=ORIENTED_EDGE('',*,*,#2350,.F.);
#3070=ORIENTED_EDGE('',*,*,#2351,.F.);
#3071=ORIENTED_EDGE('',*,*,#2352,.F.);
#3072=ORIENTED_EDGE('',*,*,#2351,.T.);
#3073=ORIENTED_EDGE('',*,*,#2353,.F.);
#3074=ORIENTED_EDGE('',*,*,#2337,.F.);
#3075=ORIENTED_EDGE('',*,*,#2353,.T.);
#3076=ORIENTED_EDGE('',*,*,#2350,.T.);
#3077=ORIENTED_EDGE('',*,*,#2347,.T.);
#3078=ORIENTED_EDGE('',*,*,#2344,.T.);
#3079=ORIENTED_EDGE('',*,*,#2341,.T.);
#3080=ORIENTED_EDGE('',*,*,#2338,.T.);
#3081=ORIENTED_EDGE('',*,*,#2354,.F.);
#3082=ORIENTED_EDGE('',*,*,#2355,.T.);
#3083=ORIENTED_EDGE('',*,*,#2356,.F.);
#3084=ORIENTED_EDGE('',*,*,#2357,.F.);
#3085=ORIENTED_EDGE('',*,*,#2358,.F.);
#3086=ORIENTED_EDGE('',*,*,#2357,.T.);
#3087=ORIENTED_EDGE('',*,*,#2359,.F.);
#3088=ORIENTED_EDGE('',*,*,#2360,.F.);
#3089=ORIENTED_EDGE('',*,*,#2361,.F.);
#3090=ORIENTED_EDGE('',*,*,#2360,.T.);
#3091=ORIENTED_EDGE('',*,*,#2362,.F.);
#3092=ORIENTED_EDGE('',*,*,#2363,.F.);
#3093=ORIENTED_EDGE('',*,*,#2364,.F.);
#3094=ORIENTED_EDGE('',*,*,#2363,.T.);
#3095=ORIENTED_EDGE('',*,*,#2365,.F.);
#3096=ORIENTED_EDGE('',*,*,#2366,.F.);
#3097=ORIENTED_EDGE('',*,*,#2367,.F.);
#3098=ORIENTED_EDGE('',*,*,#2366,.T.);
#3099=ORIENTED_EDGE('',*,*,#2368,.F.);
#3100=ORIENTED_EDGE('',*,*,#2369,.F.);
#3101=ORIENTED_EDGE('',*,*,#2370,.F.);
#3102=ORIENTED_EDGE('',*,*,#2369,.T.);
#3103=ORIENTED_EDGE('',*,*,#2371,.F.);
#3104=ORIENTED_EDGE('',*,*,#2355,.F.);
#3105=ORIENTED_EDGE('',*,*,#2371,.T.);
#3106=ORIENTED_EDGE('',*,*,#2368,.T.);
#3107=ORIENTED_EDGE('',*,*,#2365,.T.);
#3108=ORIENTED_EDGE('',*,*,#2362,.T.);
#3109=ORIENTED_EDGE('',*,*,#2359,.T.);
#3110=ORIENTED_EDGE('',*,*,#2356,.T.);
#3111=ORIENTED_EDGE('',*,*,#2372,.F.);
#3112=ORIENTED_EDGE('',*,*,#2373,.T.);
#3113=ORIENTED_EDGE('',*,*,#2374,.F.);
#3114=ORIENTED_EDGE('',*,*,#2375,.F.);
#3115=ORIENTED_EDGE('',*,*,#2376,.F.);
#3116=ORIENTED_EDGE('',*,*,#2375,.T.);
#3117=ORIENTED_EDGE('',*,*,#2377,.F.);
#3118=ORIENTED_EDGE('',*,*,#2378,.F.);
#3119=ORIENTED_EDGE('',*,*,#2379,.F.);
#3120=ORIENTED_EDGE('',*,*,#2378,.T.);
#3121=ORIENTED_EDGE('',*,*,#2380,.F.);
#3122=ORIENTED_EDGE('',*,*,#2381,.F.);
#3123=ORIENTED_EDGE('',*,*,#2382,.F.);
#3124=ORIENTED_EDGE('',*,*,#2381,.T.);
#3125=ORIENTED_EDGE('',*,*,#2383,.F.);
#3126=ORIENTED_EDGE('',*,*,#2384,.F.);
#3127=ORIENTED_EDGE('',*,*,#2385,.F.);
#3128=ORIENTED_EDGE('',*,*,#2384,.T.);
#3129=ORIENTED_EDGE('',*,*,#2386,.F.);
#3130=ORIENTED_EDGE('',*,*,#2387,.F.);
#3131=ORIENTED_EDGE('',*,*,#2388,.F.);
#3132=ORIENTED_EDGE('',*,*,#2387,.T.);
#3133=ORIENTED_EDGE('',*,*,#2389,.F.);
#3134=ORIENTED_EDGE('',*,*,#2390,.F.);
#3135=ORIENTED_EDGE('',*,*,#2391,.F.);
#3136=ORIENTED_EDGE('',*,*,#2390,.T.);
#3137=ORIENTED_EDGE('',*,*,#2392,.F.);
#3138=ORIENTED_EDGE('',*,*,#2393,.F.);
#3139=ORIENTED_EDGE('',*,*,#2394,.F.);
#3140=ORIENTED_EDGE('',*,*,#2393,.T.);
#3141=ORIENTED_EDGE('',*,*,#2395,.F.);
#3142=ORIENTED_EDGE('',*,*,#2396,.F.);
#3143=ORIENTED_EDGE('',*,*,#2397,.F.);
#3144=ORIENTED_EDGE('',*,*,#2396,.T.);
#3145=ORIENTED_EDGE('',*,*,#2398,.F.);
#3146=ORIENTED_EDGE('',*,*,#2399,.F.);
#3147=ORIENTED_EDGE('',*,*,#2400,.F.);
#3148=ORIENTED_EDGE('',*,*,#2399,.T.);
#3149=ORIENTED_EDGE('',*,*,#2401,.F.);
#3150=ORIENTED_EDGE('',*,*,#2373,.F.);
#3151=ORIENTED_EDGE('',*,*,#2401,.T.);
#3152=ORIENTED_EDGE('',*,*,#2398,.T.);
#3153=ORIENTED_EDGE('',*,*,#2395,.T.);
#3154=ORIENTED_EDGE('',*,*,#2392,.T.);
#3155=ORIENTED_EDGE('',*,*,#2389,.T.);
#3156=ORIENTED_EDGE('',*,*,#2386,.T.);
#3157=ORIENTED_EDGE('',*,*,#2383,.T.);
#3158=ORIENTED_EDGE('',*,*,#2380,.T.);
#3159=ORIENTED_EDGE('',*,*,#2377,.T.);
#3160=ORIENTED_EDGE('',*,*,#2374,.T.);
#3161=ORIENTED_EDGE('',*,*,#2402,.F.);
#3162=ORIENTED_EDGE('',*,*,#2403,.T.);
#3163=ORIENTED_EDGE('',*,*,#2404,.F.);
#3164=ORIENTED_EDGE('',*,*,#2405,.F.);
#3165=ORIENTED_EDGE('',*,*,#2406,.F.);
#3166=ORIENTED_EDGE('',*,*,#2405,.T.);
#3167=ORIENTED_EDGE('',*,*,#2407,.F.);
#3168=ORIENTED_EDGE('',*,*,#2408,.F.);
#3169=ORIENTED_EDGE('',*,*,#2409,.F.);
#3170=ORIENTED_EDGE('',*,*,#2408,.T.);
#3171=ORIENTED_EDGE('',*,*,#2410,.F.);
#3172=ORIENTED_EDGE('',*,*,#2411,.F.);
#3173=ORIENTED_EDGE('',*,*,#2412,.F.);
#3174=ORIENTED_EDGE('',*,*,#2411,.T.);
#3175=ORIENTED_EDGE('',*,*,#2413,.F.);
#3176=ORIENTED_EDGE('',*,*,#2414,.F.);
#3177=ORIENTED_EDGE('',*,*,#2415,.F.);
#3178=ORIENTED_EDGE('',*,*,#2414,.T.);
#3179=ORIENTED_EDGE('',*,*,#2416,.F.);
#3180=ORIENTED_EDGE('',*,*,#2417,.F.);
#3181=ORIENTED_EDGE('',*,*,#2418,.F.);
#3182=ORIENTED_EDGE('',*,*,#2417,.T.);
#3183=ORIENTED_EDGE('',*,*,#2419,.F.);
#3184=ORIENTED_EDGE('',*,*,#2420,.F.);
#3185=ORIENTED_EDGE('',*,*,#2421,.F.);
#3186=ORIENTED_EDGE('',*,*,#2420,.T.);
#3187=ORIENTED_EDGE('',*,*,#2422,.F.);
#3188=ORIENTED_EDGE('',*,*,#2423,.F.);
#3189=ORIENTED_EDGE('',*,*,#2424,.F.);
#3190=ORIENTED_EDGE('',*,*,#2423,.T.);
#3191=ORIENTED_EDGE('',*,*,#2425,.F.);
#3192=ORIENTED_EDGE('',*,*,#2403,.F.);
#3193=ORIENTED_EDGE('',*,*,#2425,.T.);
#3194=ORIENTED_EDGE('',*,*,#2422,.T.);
#3195=ORIENTED_EDGE('',*,*,#2419,.T.);
#3196=ORIENTED_EDGE('',*,*,#2416,.T.);
#3197=ORIENTED_EDGE('',*,*,#2413,.T.);
#3198=ORIENTED_EDGE('',*,*,#2410,.T.);
#3199=ORIENTED_EDGE('',*,*,#2407,.T.);
#3200=ORIENTED_EDGE('',*,*,#2404,.T.);
#3201=ORIENTED_EDGE('',*,*,#2426,.T.);
#3202=ORIENTED_EDGE('',*,*,#2427,.T.);
#3203=ORIENTED_EDGE('',*,*,#2428,.T.);
#3204=ORIENTED_EDGE('',*,*,#2429,.T.);
#3205=ORIENTED_EDGE('',*,*,#2430,.T.);
#3206=ORIENTED_EDGE('',*,*,#2431,.T.);
#3207=ORIENTED_EDGE('',*,*,#2432,.T.);
#3208=ORIENTED_EDGE('',*,*,#2433,.T.);
#3209=ORIENTED_EDGE('',*,*,#2430,.F.);
#3210=ORIENTED_EDGE('',*,*,#2434,.T.);
#3211=ORIENTED_EDGE('',*,*,#2435,.F.);
#3212=ORIENTED_EDGE('',*,*,#2436,.T.);
#3213=ORIENTED_EDGE('',*,*,#2437,.T.);
#3214=ORIENTED_EDGE('',*,*,#2429,.F.);
#3215=ORIENTED_EDGE('',*,*,#2438,.F.);
#3216=ORIENTED_EDGE('',*,*,#2439,.F.);
#3217=ORIENTED_EDGE('',*,*,#2440,.F.);
#3218=ORIENTED_EDGE('',*,*,#2441,.F.);
#3219=ORIENTED_EDGE('',*,*,#2442,.F.);
#3220=ORIENTED_EDGE('',*,*,#2443,.F.);
#3221=ORIENTED_EDGE('',*,*,#2444,.F.);
#3222=ORIENTED_EDGE('',*,*,#2445,.F.);
#3223=ORIENTED_EDGE('',*,*,#2446,.F.);
#3224=ORIENTED_EDGE('',*,*,#2447,.F.);
#3225=ORIENTED_EDGE('',*,*,#2448,.F.);
#3226=ORIENTED_EDGE('',*,*,#2449,.F.);
#3227=ORIENTED_EDGE('',*,*,#2450,.F.);
#3228=ORIENTED_EDGE('',*,*,#2451,.F.);
#3229=ORIENTED_EDGE('',*,*,#2452,.F.);
#3230=ORIENTED_EDGE('',*,*,#2453,.F.);
#3231=ORIENTED_EDGE('',*,*,#2454,.F.);
#3232=ORIENTED_EDGE('',*,*,#2455,.F.);
#3233=ORIENTED_EDGE('',*,*,#2456,.F.);
#3234=ORIENTED_EDGE('',*,*,#2457,.F.);
#3235=ORIENTED_EDGE('',*,*,#2458,.F.);
#3236=ORIENTED_EDGE('',*,*,#2459,.F.);
#3237=ORIENTED_EDGE('',*,*,#2460,.F.);
#3238=ORIENTED_EDGE('',*,*,#2461,.F.);
#3239=ORIENTED_EDGE('',*,*,#2462,.F.);
#3240=ORIENTED_EDGE('',*,*,#2463,.F.);
#3241=ORIENTED_EDGE('',*,*,#2464,.F.);
#3242=ORIENTED_EDGE('',*,*,#2465,.F.);
#3243=ORIENTED_EDGE('',*,*,#2466,.F.);
#3244=ORIENTED_EDGE('',*,*,#2467,.F.);
#3245=ORIENTED_EDGE('',*,*,#2434,.F.);
#3246=ORIENTED_EDGE('',*,*,#2468,.T.);
#3247=ORIENTED_EDGE('',*,*,#2469,.F.);
#3248=ORIENTED_EDGE('',*,*,#2470,.F.);
#3249=ORIENTED_EDGE('',*,*,#2471,.F.);
#3250=ORIENTED_EDGE('',*,*,#2472,.T.);
#3251=ORIENTED_EDGE('',*,*,#2473,.F.);
#3252=ORIENTED_EDGE('',*,*,#2474,.F.);
#3253=ORIENTED_EDGE('',*,*,#2475,.F.);
#3254=ORIENTED_EDGE('',*,*,#2476,.T.);
#3255=ORIENTED_EDGE('',*,*,#2477,.T.);
#3256=ORIENTED_EDGE('',*,*,#2478,.T.);
#3257=ORIENTED_EDGE('',*,*,#2479,.F.);
#3258=ORIENTED_EDGE('',*,*,#2480,.F.);
#3259=ORIENTED_EDGE('',*,*,#2481,.F.);
#3260=ORIENTED_EDGE('',*,*,#2482,.T.);
#3261=ORIENTED_EDGE('',*,*,#2483,.F.);
#3262=ORIENTED_EDGE('',*,*,#2484,.F.);
#3263=ORIENTED_EDGE('',*,*,#2485,.F.);
#3264=ORIENTED_EDGE('',*,*,#2486,.T.);
#3265=ORIENTED_EDGE('',*,*,#2487,.T.);
#3266=ORIENTED_EDGE('',*,*,#2488,.T.);
#3267=ORIENTED_EDGE('',*,*,#2489,.F.);
#3268=ORIENTED_EDGE('',*,*,#2490,.F.);
#3269=ORIENTED_EDGE('',*,*,#2491,.F.);
#3270=ORIENTED_EDGE('',*,*,#2492,.T.);
#3271=ORIENTED_EDGE('',*,*,#2493,.F.);
#3272=ORIENTED_EDGE('',*,*,#2494,.F.);
#3273=ORIENTED_EDGE('',*,*,#2495,.F.);
#3274=ORIENTED_EDGE('',*,*,#2496,.T.);
#3275=ORIENTED_EDGE('',*,*,#2497,.T.);
#3276=ORIENTED_EDGE('',*,*,#2428,.F.);
#3277=ORIENTED_EDGE('',*,*,#2498,.T.);
#3278=ORIENTED_EDGE('',*,*,#2499,.T.);
#3279=ORIENTED_EDGE('',*,*,#2438,.T.);
#3280=ORIENTED_EDGE('',*,*,#2427,.F.);
#3281=ORIENTED_EDGE('',*,*,#2500,.F.);
#3282=ORIENTED_EDGE('',*,*,#2501,.F.);
#3283=ORIENTED_EDGE('',*,*,#2502,.F.);
#3284=ORIENTED_EDGE('',*,*,#2503,.F.);
#3285=ORIENTED_EDGE('',*,*,#2504,.F.);
#3286=ORIENTED_EDGE('',*,*,#2505,.T.);
#3287=ORIENTED_EDGE('',*,*,#2498,.F.);
#3288=ORIENTED_EDGE('',*,*,#2506,.T.);
#3289=ORIENTED_EDGE('',*,*,#2507,.T.);
#3290=ORIENTED_EDGE('',*,*,#2508,.T.);
#3291=ORIENTED_EDGE('',*,*,#2451,.T.);
#3292=ORIENTED_EDGE('',*,*,#2509,.T.);
#3293=ORIENTED_EDGE('',*,*,#2510,.T.);
#3294=ORIENTED_EDGE('',*,*,#2511,.T.);
#3295=ORIENTED_EDGE('',*,*,#2512,.T.);
#3296=ORIENTED_EDGE('',*,*,#2510,.F.);
#3297=ORIENTED_EDGE('',*,*,#2513,.F.);
#3298=ORIENTED_EDGE('',*,*,#2514,.T.);
#3299=ORIENTED_EDGE('',*,*,#2515,.F.);
#3300=ORIENTED_EDGE('',*,*,#2509,.F.);
#3301=ORIENTED_EDGE('',*,*,#2450,.T.);
#3302=ORIENTED_EDGE('',*,*,#2516,.T.);
#3303=ORIENTED_EDGE('',*,*,#2513,.T.);
#3304=ORIENTED_EDGE('',*,*,#2508,.F.);
#3305=ORIENTED_EDGE('',*,*,#2517,.T.);
#3306=ORIENTED_EDGE('',*,*,#2518,.F.);
#3307=ORIENTED_EDGE('',*,*,#2519,.T.);
#3308=ORIENTED_EDGE('',*,*,#2452,.T.);
#3309=ORIENTED_EDGE('',*,*,#2511,.F.);
#3310=ORIENTED_EDGE('',*,*,#2515,.T.);
#3311=ORIENTED_EDGE('',*,*,#2520,.T.);
#3312=ORIENTED_EDGE('',*,*,#2521,.T.);
#3313=ORIENTED_EDGE('',*,*,#2507,.F.);
#3314=ORIENTED_EDGE('',*,*,#2522,.F.);
#3315=ORIENTED_EDGE('',*,*,#2523,.F.);
#3316=ORIENTED_EDGE('',*,*,#2517,.F.);
#3317=ORIENTED_EDGE('',*,*,#2431,.F.);
#3318=ORIENTED_EDGE('',*,*,#2437,.F.);
#3319=ORIENTED_EDGE('',*,*,#2524,.F.);
#3320=ORIENTED_EDGE('',*,*,#2525,.F.);
#3321=ORIENTED_EDGE('',*,*,#2432,.F.);
#3322=ORIENTED_EDGE('',*,*,#2525,.T.);
#3323=ORIENTED_EDGE('',*,*,#2526,.F.);
#3324=ORIENTED_EDGE('',*,*,#2527,.T.);
#3325=ORIENTED_EDGE('',*,*,#2528,.T.);
#3326=ORIENTED_EDGE('',*,*,#2475,.T.);
#3327=ORIENTED_EDGE('',*,*,#2529,.T.);
#3328=ORIENTED_EDGE('',*,*,#2530,.T.);
#3329=ORIENTED_EDGE('',*,*,#2531,.T.);
#3330=ORIENTED_EDGE('',*,*,#2529,.F.);
#3331=ORIENTED_EDGE('',*,*,#2474,.T.);
#3332=ORIENTED_EDGE('',*,*,#2532,.F.);
#3333=ORIENTED_EDGE('',*,*,#2533,.T.);
#3334=ORIENTED_EDGE('',*,*,#2491,.T.);
#3335=ORIENTED_EDGE('',*,*,#2534,.T.);
#3336=ORIENTED_EDGE('',*,*,#2535,.T.);
#3337=ORIENTED_EDGE('',*,*,#2536,.T.);
#3338=ORIENTED_EDGE('',*,*,#2534,.F.);
#3339=ORIENTED_EDGE('',*,*,#2490,.T.);
#3340=ORIENTED_EDGE('',*,*,#2537,.F.);
#3341=ORIENTED_EDGE('',*,*,#2538,.T.);
#3342=ORIENTED_EDGE('',*,*,#2481,.T.);
#3343=ORIENTED_EDGE('',*,*,#2539,.T.);
#3344=ORIENTED_EDGE('',*,*,#2540,.T.);
#3345=ORIENTED_EDGE('',*,*,#2541,.T.);
#3346=ORIENTED_EDGE('',*,*,#2539,.F.);
#3347=ORIENTED_EDGE('',*,*,#2480,.T.);
#3348=ORIENTED_EDGE('',*,*,#2542,.F.);
#3349=ORIENTED_EDGE('',*,*,#2543,.T.);
#3350=ORIENTED_EDGE('',*,*,#2544,.T.);
#3351=ORIENTED_EDGE('',*,*,#2542,.T.);
#3352=ORIENTED_EDGE('',*,*,#2479,.T.);
#3353=ORIENTED_EDGE('',*,*,#2545,.T.);
#3354=ORIENTED_EDGE('',*,*,#2546,.T.);
#3355=ORIENTED_EDGE('',*,*,#2537,.T.);
#3356=ORIENTED_EDGE('',*,*,#2489,.T.);
#3357=ORIENTED_EDGE('',*,*,#2547,.T.);
#3358=ORIENTED_EDGE('',*,*,#2548,.T.);
#3359=ORIENTED_EDGE('',*,*,#2532,.T.);
#3360=ORIENTED_EDGE('',*,*,#2473,.T.);
#3361=ORIENTED_EDGE('',*,*,#2549,.T.);
#3362=ORIENTED_EDGE('',*,*,#2485,.T.);
#3363=ORIENTED_EDGE('',*,*,#2550,.T.);
#3364=ORIENTED_EDGE('',*,*,#2551,.T.);
#3365=ORIENTED_EDGE('',*,*,#2552,.T.);
#3366=ORIENTED_EDGE('',*,*,#2550,.F.);
#3367=ORIENTED_EDGE('',*,*,#2484,.T.);
#3368=ORIENTED_EDGE('',*,*,#2553,.F.);
#3369=ORIENTED_EDGE('',*,*,#2554,.T.);
#3370=ORIENTED_EDGE('',*,*,#2495,.T.);
#3371=ORIENTED_EDGE('',*,*,#2555,.T.);
#3372=ORIENTED_EDGE('',*,*,#2556,.T.);
#3373=ORIENTED_EDGE('',*,*,#2557,.T.);
#3374=ORIENTED_EDGE('',*,*,#2555,.F.);
#3375=ORIENTED_EDGE('',*,*,#2494,.T.);
#3376=ORIENTED_EDGE('',*,*,#2558,.F.);
#3377=ORIENTED_EDGE('',*,*,#2559,.T.);
#3378=ORIENTED_EDGE('',*,*,#2471,.T.);
#3379=ORIENTED_EDGE('',*,*,#2560,.T.);
#3380=ORIENTED_EDGE('',*,*,#2561,.T.);
#3381=ORIENTED_EDGE('',*,*,#2562,.T.);
#3382=ORIENTED_EDGE('',*,*,#2560,.F.);
#3383=ORIENTED_EDGE('',*,*,#2470,.T.);
#3384=ORIENTED_EDGE('',*,*,#2563,.F.);
#3385=ORIENTED_EDGE('',*,*,#2564,.T.);
#3386=ORIENTED_EDGE('',*,*,#2565,.T.);
#3387=ORIENTED_EDGE('',*,*,#2558,.T.);
#3388=ORIENTED_EDGE('',*,*,#2493,.T.);
#3389=ORIENTED_EDGE('',*,*,#2566,.T.);
#3390=ORIENTED_EDGE('',*,*,#2567,.T.);
#3391=ORIENTED_EDGE('',*,*,#2553,.T.);
#3392=ORIENTED_EDGE('',*,*,#2483,.T.);
#3393=ORIENTED_EDGE('',*,*,#2568,.T.);
#3394=ORIENTED_EDGE('',*,*,#2569,.T.);
#3395=ORIENTED_EDGE('',*,*,#2563,.T.);
#3396=ORIENTED_EDGE('',*,*,#2469,.T.);
#3397=ORIENTED_EDGE('',*,*,#2570,.T.);
#3398=ORIENTED_EDGE('',*,*,#2571,.F.);
#3399=ORIENTED_EDGE('',*,*,#2572,.T.);
#3400=ORIENTED_EDGE('',*,*,#2573,.T.);
#3401=ORIENTED_EDGE('',*,*,#2574,.T.);
#3402=ORIENTED_EDGE('',*,*,#2574,.F.);
#3403=ORIENTED_EDGE('',*,*,#2575,.F.);
#3404=ORIENTED_EDGE('',*,*,#2576,.T.);
#3405=ORIENTED_EDGE('',*,*,#2577,.F.);
#3406=ORIENTED_EDGE('',*,*,#2578,.F.);
#3407=ORIENTED_EDGE('',*,*,#2579,.F.);
#3408=ORIENTED_EDGE('',*,*,#2580,.T.);
#3409=ORIENTED_EDGE('',*,*,#2581,.T.);
#3410=ORIENTED_EDGE('',*,*,#2582,.T.);
#3411=ORIENTED_EDGE('',*,*,#2572,.F.);
#3412=ORIENTED_EDGE('',*,*,#2583,.F.);
#3413=ORIENTED_EDGE('',*,*,#2582,.F.);
#3414=ORIENTED_EDGE('',*,*,#2584,.F.);
#3415=ORIENTED_EDGE('',*,*,#2585,.F.);
#3416=ORIENTED_EDGE('',*,*,#2586,.T.);
#3417=ORIENTED_EDGE('',*,*,#2587,.T.);
#3418=ORIENTED_EDGE('',*,*,#2588,.T.);
#3419=ORIENTED_EDGE('',*,*,#2585,.T.);
#3420=ORIENTED_EDGE('',*,*,#2589,.F.);
#3421=ORIENTED_EDGE('',*,*,#2590,.T.);
#3422=ORIENTED_EDGE('',*,*,#2591,.F.);
#3423=ORIENTED_EDGE('',*,*,#2592,.F.);
#3424=ORIENTED_EDGE('',*,*,#2593,.F.);
#3425=ORIENTED_EDGE('',*,*,#2594,.F.);
#3426=ORIENTED_EDGE('',*,*,#2595,.T.);
#3427=ORIENTED_EDGE('',*,*,#2596,.T.);
#3428=ORIENTED_EDGE('',*,*,#2597,.F.);
#3429=ORIENTED_EDGE('',*,*,#2598,.F.);
#3430=ORIENTED_EDGE('',*,*,#2588,.F.);
#3431=ORIENTED_EDGE('',*,*,#2599,.F.);
#3432=ORIENTED_EDGE('',*,*,#2600,.F.);
#3433=ORIENTED_EDGE('',*,*,#2589,.T.);
#3434=ORIENTED_EDGE('',*,*,#2601,.F.);
#3435=ORIENTED_EDGE('',*,*,#2602,.T.);
#3436=ORIENTED_EDGE('',*,*,#2603,.T.);
#3437=ORIENTED_EDGE('',*,*,#2604,.T.);
#3438=ORIENTED_EDGE('',*,*,#2602,.F.);
#3439=ORIENTED_EDGE('',*,*,#2605,.F.);
#3440=ORIENTED_EDGE('',*,*,#2606,.F.);
#3441=ORIENTED_EDGE('',*,*,#2607,.F.);
#3442=ORIENTED_EDGE('',*,*,#2608,.F.);
#3443=ORIENTED_EDGE('',*,*,#2609,.T.);
#3444=ORIENTED_EDGE('',*,*,#2610,.T.);
#3445=ORIENTED_EDGE('',*,*,#2611,.T.);
#3446=ORIENTED_EDGE('',*,*,#2611,.F.);
#3447=ORIENTED_EDGE('',*,*,#2612,.F.);
#3448=ORIENTED_EDGE('',*,*,#2613,.F.);
#3449=ORIENTED_EDGE('',*,*,#2614,.T.);
#3450=ORIENTED_EDGE('',*,*,#2615,.F.);
#3451=ORIENTED_EDGE('',*,*,#2616,.T.);
#3452=ORIENTED_EDGE('',*,*,#2617,.T.);
#3453=ORIENTED_EDGE('',*,*,#2618,.T.);
#3454=ORIENTED_EDGE('',*,*,#2609,.F.);
#3455=ORIENTED_EDGE('',*,*,#2619,.T.);
#3456=ORIENTED_EDGE('',*,*,#2618,.F.);
#3457=ORIENTED_EDGE('',*,*,#2620,.F.);
#3458=ORIENTED_EDGE('',*,*,#2621,.F.);
#3459=ORIENTED_EDGE('',*,*,#2622,.T.);
#3460=ORIENTED_EDGE('',*,*,#2623,.T.);
#3461=ORIENTED_EDGE('',*,*,#2606,.T.);
#3462=ORIENTED_EDGE('',*,*,#2622,.F.);
#3463=ORIENTED_EDGE('',*,*,#2624,.F.);
#3464=ORIENTED_EDGE('',*,*,#2625,.F.);
#3465=ORIENTED_EDGE('',*,*,#2626,.F.);
#3466=ORIENTED_EDGE('',*,*,#2627,.F.);
#3467=ORIENTED_EDGE('',*,*,#2628,.F.);
#3468=ORIENTED_EDGE('',*,*,#2590,.F.);
#3469=ORIENTED_EDGE('',*,*,#2600,.T.);
#3470=ORIENTED_EDGE('',*,*,#2629,.T.);
#3471=ORIENTED_EDGE('',*,*,#2630,.T.);
#3472=ORIENTED_EDGE('',*,*,#2616,.F.);
#3473=ORIENTED_EDGE('',*,*,#2631,.T.);
#3474=ORIENTED_EDGE('',*,*,#2632,.T.);
#3475=ORIENTED_EDGE('',*,*,#2628,.T.);
#3476=ORIENTED_EDGE('',*,*,#2627,.T.);
#3477=ORIENTED_EDGE('',*,*,#2626,.T.);
#3478=ORIENTED_EDGE('',*,*,#2633,.T.);
#3479=ORIENTED_EDGE('',*,*,#2634,.T.);
#3480=ORIENTED_EDGE('',*,*,#2635,.T.);
#3481=ORIENTED_EDGE('',*,*,#2594,.T.);
#3482=ORIENTED_EDGE('',*,*,#2593,.T.);
#3483=ORIENTED_EDGE('',*,*,#2592,.T.);
#3484=ORIENTED_EDGE('',*,*,#2591,.T.);
#3485=ORIENTED_EDGE('',*,*,#2630,.F.);
#3486=ORIENTED_EDGE('',*,*,#2636,.F.);
#3487=ORIENTED_EDGE('',*,*,#2595,.F.);
#3488=ORIENTED_EDGE('',*,*,#2637,.T.);
#3489=ORIENTED_EDGE('',*,*,#2638,.F.);
#3490=ORIENTED_EDGE('',*,*,#2639,.T.);
#3491=ORIENTED_EDGE('',*,*,#2580,.F.);
#3492=ORIENTED_EDGE('',*,*,#2640,.F.);
#3493=ORIENTED_EDGE('',*,*,#2641,.F.);
#3494=ORIENTED_EDGE('',*,*,#2642,.F.);
#3495=ORIENTED_EDGE('',*,*,#2643,.F.);
#3496=ORIENTED_EDGE('',*,*,#2596,.F.);
#3497=ORIENTED_EDGE('',*,*,#2639,.F.);
#3498=ORIENTED_EDGE('',*,*,#2644,.F.);
#3499=ORIENTED_EDGE('',*,*,#2601,.T.);
#3500=ORIENTED_EDGE('',*,*,#2645,.T.);
#3501=ORIENTED_EDGE('',*,*,#2646,.F.);
#3502=ORIENTED_EDGE('',*,*,#2573,.F.);
#3503=ORIENTED_EDGE('',*,*,#2584,.T.);
#3504=ORIENTED_EDGE('',*,*,#2581,.F.);
#3505=ORIENTED_EDGE('',*,*,#2644,.T.);
#3506=ORIENTED_EDGE('',*,*,#2638,.T.);
#3507=ORIENTED_EDGE('',*,*,#2647,.T.);
#3508=ORIENTED_EDGE('',*,*,#2648,.F.);
#3509=ORIENTED_EDGE('',*,*,#2624,.T.);
#3510=ORIENTED_EDGE('',*,*,#2621,.T.);
#3511=ORIENTED_EDGE('',*,*,#2605,.T.);
#3512=ORIENTED_EDGE('',*,*,#2637,.F.);
#3513=ORIENTED_EDGE('',*,*,#2635,.F.);
#3514=ORIENTED_EDGE('',*,*,#2634,.F.);
#3515=ORIENTED_EDGE('',*,*,#2649,.F.);
#3516=ORIENTED_EDGE('',*,*,#2647,.F.);
#3517=ORIENTED_EDGE('',*,*,#2650,.T.);
#3518=ORIENTED_EDGE('',*,*,#2651,.T.);
#3519=ORIENTED_EDGE('',*,*,#2597,.T.);
#3520=ORIENTED_EDGE('',*,*,#2643,.T.);
#3521=ORIENTED_EDGE('',*,*,#2433,.F.);
#3522=ORIENTED_EDGE('',*,*,#2528,.F.);
#3523=ORIENTED_EDGE('',*,*,#2652,.F.);
#3524=ORIENTED_EDGE('',*,*,#2653,.F.);
#3525=ORIENTED_EDGE('',*,*,#2654,.F.);
#3526=ORIENTED_EDGE('',*,*,#2655,.F.);
#3527=ORIENTED_EDGE('',*,*,#2656,.F.);
#3528=ORIENTED_EDGE('',*,*,#2657,.F.);
#3529=ORIENTED_EDGE('',*,*,#2658,.F.);
#3530=ORIENTED_EDGE('',*,*,#2659,.F.);
#3531=ORIENTED_EDGE('',*,*,#2660,.F.);
#3532=ORIENTED_EDGE('',*,*,#2661,.F.);
#3533=ORIENTED_EDGE('',*,*,#2662,.F.);
#3534=ORIENTED_EDGE('',*,*,#2663,.F.);
#3535=ORIENTED_EDGE('',*,*,#2664,.F.);
#3536=ORIENTED_EDGE('',*,*,#2665,.F.);
#3537=ORIENTED_EDGE('',*,*,#2666,.F.);
#3538=ORIENTED_EDGE('',*,*,#2667,.F.);
#3539=ORIENTED_EDGE('',*,*,#2512,.F.);
#3540=ORIENTED_EDGE('',*,*,#2521,.F.);
#3541=ORIENTED_EDGE('',*,*,#2668,.F.);
#3542=ORIENTED_EDGE('',*,*,#2669,.F.);
#3543=ORIENTED_EDGE('',*,*,#2670,.F.);
#3544=ORIENTED_EDGE('',*,*,#2671,.F.);
#3545=ORIENTED_EDGE('',*,*,#2576,.F.);
#3546=ORIENTED_EDGE('',*,*,#2672,.F.);
#3547=ORIENTED_EDGE('',*,*,#2612,.T.);
#3548=ORIENTED_EDGE('',*,*,#2610,.F.);
#3549=ORIENTED_EDGE('',*,*,#2620,.T.);
#3550=ORIENTED_EDGE('',*,*,#2617,.F.);
#3551=ORIENTED_EDGE('',*,*,#2636,.T.);
#3552=ORIENTED_EDGE('',*,*,#2629,.F.);
#3553=ORIENTED_EDGE('',*,*,#2599,.T.);
#3554=ORIENTED_EDGE('',*,*,#2587,.F.);
#3555=ORIENTED_EDGE('',*,*,#2673,.T.);
#3556=ORIENTED_EDGE('',*,*,#2650,.F.);
#3557=ORIENTED_EDGE('',*,*,#2642,.T.);
#3558=ORIENTED_EDGE('',*,*,#2674,.F.);
#3559=ORIENTED_EDGE('',*,*,#2336,.T.);
#3560=ORIENTED_EDGE('',*,*,#2340,.T.);
#3561=ORIENTED_EDGE('',*,*,#2343,.T.);
#3562=ORIENTED_EDGE('',*,*,#2346,.T.);
#3563=ORIENTED_EDGE('',*,*,#2349,.T.);
#3564=ORIENTED_EDGE('',*,*,#2352,.T.);
#3565=ORIENTED_EDGE('',*,*,#2372,.T.);
#3566=ORIENTED_EDGE('',*,*,#2376,.T.);
#3567=ORIENTED_EDGE('',*,*,#2379,.T.);
#3568=ORIENTED_EDGE('',*,*,#2382,.T.);
#3569=ORIENTED_EDGE('',*,*,#2385,.T.);
#3570=ORIENTED_EDGE('',*,*,#2388,.T.);
#3571=ORIENTED_EDGE('',*,*,#2391,.T.);
#3572=ORIENTED_EDGE('',*,*,#2394,.T.);
#3573=ORIENTED_EDGE('',*,*,#2397,.T.);
#3574=ORIENTED_EDGE('',*,*,#2400,.T.);
#3575=ORIENTED_EDGE('',*,*,#2675,.T.);
#3576=ORIENTED_EDGE('',*,*,#2551,.F.);
#3577=ORIENTED_EDGE('',*,*,#2554,.F.);
#3578=ORIENTED_EDGE('',*,*,#2567,.F.);
#3579=ORIENTED_EDGE('',*,*,#2676,.T.);
#3580=ORIENTED_EDGE('',*,*,#2540,.F.);
#3581=ORIENTED_EDGE('',*,*,#2543,.F.);
#3582=ORIENTED_EDGE('',*,*,#2544,.F.);
#3583=ORIENTED_EDGE('',*,*,#2677,.T.);
#3584=ORIENTED_EDGE('',*,*,#2556,.F.);
#3585=ORIENTED_EDGE('',*,*,#2559,.F.);
#3586=ORIENTED_EDGE('',*,*,#2565,.F.);
#3587=ORIENTED_EDGE('',*,*,#2678,.T.);
#3588=ORIENTED_EDGE('',*,*,#2535,.F.);
#3589=ORIENTED_EDGE('',*,*,#2538,.F.);
#3590=ORIENTED_EDGE('',*,*,#2546,.F.);
#3591=ORIENTED_EDGE('',*,*,#2679,.T.);
#3592=ORIENTED_EDGE('',*,*,#2561,.F.);
#3593=ORIENTED_EDGE('',*,*,#2564,.F.);
#3594=ORIENTED_EDGE('',*,*,#2569,.F.);
#3595=ORIENTED_EDGE('',*,*,#2680,.T.);
#3596=ORIENTED_EDGE('',*,*,#2530,.F.);
#3597=ORIENTED_EDGE('',*,*,#2533,.F.);
#3598=ORIENTED_EDGE('',*,*,#2548,.F.);
#3599=ORIENTED_EDGE('',*,*,#2681,.T.);
#3600=ORIENTED_EDGE('',*,*,#2682,.T.);
#3601=ORIENTED_EDGE('',*,*,#2683,.T.);
#3602=ORIENTED_EDGE('',*,*,#2684,.T.);
#3603=ORIENTED_EDGE('',*,*,#2685,.T.);
#3604=ORIENTED_EDGE('',*,*,#2686,.T.);
#3605=ORIENTED_EDGE('',*,*,#2402,.T.);
#3606=ORIENTED_EDGE('',*,*,#2406,.T.);
#3607=ORIENTED_EDGE('',*,*,#2409,.T.);
#3608=ORIENTED_EDGE('',*,*,#2412,.T.);
#3609=ORIENTED_EDGE('',*,*,#2415,.T.);
#3610=ORIENTED_EDGE('',*,*,#2418,.T.);
#3611=ORIENTED_EDGE('',*,*,#2421,.T.);
#3612=ORIENTED_EDGE('',*,*,#2424,.T.);
#3613=ORIENTED_EDGE('',*,*,#2354,.T.);
#3614=ORIENTED_EDGE('',*,*,#2358,.T.);
#3615=ORIENTED_EDGE('',*,*,#2361,.T.);
#3616=ORIENTED_EDGE('',*,*,#2364,.T.);
#3617=ORIENTED_EDGE('',*,*,#2367,.T.);
#3618=ORIENTED_EDGE('',*,*,#2370,.T.);
#3619=ORIENTED_EDGE('',*,*,#2312,.T.);
#3620=ORIENTED_EDGE('',*,*,#2316,.T.);
#3621=ORIENTED_EDGE('',*,*,#2319,.T.);
#3622=ORIENTED_EDGE('',*,*,#2322,.T.);
#3623=ORIENTED_EDGE('',*,*,#2325,.T.);
#3624=ORIENTED_EDGE('',*,*,#2328,.T.);
#3625=ORIENTED_EDGE('',*,*,#2331,.T.);
#3626=ORIENTED_EDGE('',*,*,#2334,.T.);
#3627=ORIENTED_EDGE('',*,*,#2672,.T.);
#3628=ORIENTED_EDGE('',*,*,#2575,.T.);
#3629=ORIENTED_EDGE('',*,*,#2646,.T.);
#3630=ORIENTED_EDGE('',*,*,#2687,.T.);
#3631=ORIENTED_EDGE('',*,*,#2688,.T.);
#3632=ORIENTED_EDGE('',*,*,#2613,.T.);
#3633=ORIENTED_EDGE('',*,*,#2608,.T.);
#3634=ORIENTED_EDGE('',*,*,#2614,.F.);
#3635=ORIENTED_EDGE('',*,*,#2688,.F.);
#3636=ORIENTED_EDGE('',*,*,#2689,.T.);
#3637=ORIENTED_EDGE('',*,*,#2603,.F.);
#3638=ORIENTED_EDGE('',*,*,#2607,.T.);
#3639=ORIENTED_EDGE('',*,*,#2623,.F.);
#3640=ORIENTED_EDGE('',*,*,#2632,.F.);
#3641=ORIENTED_EDGE('',*,*,#2631,.F.);
#3642=ORIENTED_EDGE('',*,*,#2615,.T.);
#3643=ORIENTED_EDGE('',*,*,#2619,.F.);
#3644=ORIENTED_EDGE('',*,*,#2604,.F.);
#3645=ORIENTED_EDGE('',*,*,#2689,.F.);
#3646=ORIENTED_EDGE('',*,*,#2687,.F.);
#3647=ORIENTED_EDGE('',*,*,#2645,.F.);
#3648=ORIENTED_EDGE('',*,*,#2577,.T.);
#3649=ORIENTED_EDGE('',*,*,#2690,.T.);
#3650=ORIENTED_EDGE('',*,*,#2503,.T.);
#3651=ORIENTED_EDGE('',*,*,#2691,.T.);
#3652=ORIENTED_EDGE('',*,*,#2692,.T.);
#3653=ORIENTED_EDGE('',*,*,#2691,.F.);
#3654=ORIENTED_EDGE('',*,*,#2502,.T.);
#3655=ORIENTED_EDGE('',*,*,#2693,.T.);
#3656=ORIENTED_EDGE('',*,*,#2501,.T.);
#3657=ORIENTED_EDGE('',*,*,#2694,.T.);
#3658=ORIENTED_EDGE('',*,*,#2641,.T.);
#3659=ORIENTED_EDGE('',*,*,#2693,.F.);
#3660=ORIENTED_EDGE('',*,*,#2571,.T.);
#3661=ORIENTED_EDGE('',*,*,#2578,.T.);
#3662=ORIENTED_EDGE('',*,*,#2692,.F.);
#3663=ORIENTED_EDGE('',*,*,#2640,.T.);
#3664=ORIENTED_EDGE('',*,*,#2579,.T.);
#3665=ORIENTED_EDGE('',*,*,#2583,.T.);
#3666=ORIENTED_EDGE('',*,*,#2426,.F.);
#3667=ORIENTED_EDGE('',*,*,#2674,.T.);
#3668=ORIENTED_EDGE('',*,*,#2694,.F.);
#3669=ORIENTED_EDGE('',*,*,#2500,.T.);
#3670=ORIENTED_EDGE('',*,*,#2695,.T.);
#3671=ORIENTED_EDGE('',*,*,#2696,.T.);
#3672=ORIENTED_EDGE('',*,*,#2697,.T.);
#3673=ORIENTED_EDGE('',*,*,#2698,.T.);
#3674=ORIENTED_EDGE('',*,*,#2699,.T.);
#3675=ORIENTED_EDGE('',*,*,#2696,.F.);
#3676=ORIENTED_EDGE('',*,*,#2700,.F.);
#3677=ORIENTED_EDGE('',*,*,#2701,.F.);
#3678=ORIENTED_EDGE('',*,*,#2702,.F.);
#3679=ORIENTED_EDGE('',*,*,#2703,.T.);
#3680=ORIENTED_EDGE('',*,*,#2704,.T.);
#3681=ORIENTED_EDGE('',*,*,#2705,.T.);
#3682=ORIENTED_EDGE('',*,*,#2706,.T.);
#3683=ORIENTED_EDGE('',*,*,#2707,.T.);
#3684=ORIENTED_EDGE('',*,*,#2705,.F.);
#3685=ORIENTED_EDGE('',*,*,#2708,.F.);
#3686=ORIENTED_EDGE('',*,*,#2709,.F.);
#3687=ORIENTED_EDGE('',*,*,#2710,.F.);
#3688=ORIENTED_EDGE('',*,*,#2711,.F.);
#3689=ORIENTED_EDGE('',*,*,#2712,.T.);
#3690=ORIENTED_EDGE('',*,*,#2713,.T.);
#3691=ORIENTED_EDGE('',*,*,#2714,.T.);
#3692=ORIENTED_EDGE('',*,*,#2715,.T.);
#3693=ORIENTED_EDGE('',*,*,#2716,.T.);
#3694=ORIENTED_EDGE('',*,*,#2714,.F.);
#3695=ORIENTED_EDGE('',*,*,#2717,.F.);
#3696=ORIENTED_EDGE('',*,*,#2718,.F.);
#3697=ORIENTED_EDGE('',*,*,#2719,.F.);
#3698=ORIENTED_EDGE('',*,*,#2720,.F.);
#3699=ORIENTED_EDGE('',*,*,#2721,.T.);
#3700=ORIENTED_EDGE('',*,*,#2722,.T.);
#3701=ORIENTED_EDGE('',*,*,#2723,.T.);
#3702=ORIENTED_EDGE('',*,*,#2724,.T.);
#3703=ORIENTED_EDGE('',*,*,#2725,.T.);
#3704=ORIENTED_EDGE('',*,*,#2726,.T.);
#3705=ORIENTED_EDGE('',*,*,#2723,.F.);
#3706=ORIENTED_EDGE('',*,*,#2727,.F.);
#3707=ORIENTED_EDGE('',*,*,#2728,.F.);
#3708=ORIENTED_EDGE('',*,*,#2729,.F.);
#3709=ORIENTED_EDGE('',*,*,#2730,.T.);
#3710=ORIENTED_EDGE('',*,*,#2731,.T.);
#3711=ORIENTED_EDGE('',*,*,#2732,.T.);
#3712=ORIENTED_EDGE('',*,*,#2733,.F.);
#3713=ORIENTED_EDGE('',*,*,#2734,.F.);
#3714=ORIENTED_EDGE('',*,*,#2735,.T.);
#3715=ORIENTED_EDGE('',*,*,#2736,.T.);
#3716=ORIENTED_EDGE('',*,*,#2735,.F.);
#3717=ORIENTED_EDGE('',*,*,#2737,.F.);
#3718=ORIENTED_EDGE('',*,*,#2738,.F.);
#3719=ORIENTED_EDGE('',*,*,#2739,.F.);
#3720=ORIENTED_EDGE('',*,*,#2740,.T.);
#3721=ORIENTED_EDGE('',*,*,#2741,.T.);
#3722=ORIENTED_EDGE('',*,*,#2742,.T.);
#3723=ORIENTED_EDGE('',*,*,#2743,.F.);
#3724=ORIENTED_EDGE('',*,*,#2744,.F.);
#3725=ORIENTED_EDGE('',*,*,#2745,.T.);
#3726=ORIENTED_EDGE('',*,*,#2746,.T.);
#3727=ORIENTED_EDGE('',*,*,#2745,.F.);
#3728=ORIENTED_EDGE('',*,*,#2747,.F.);
#3729=ORIENTED_EDGE('',*,*,#2748,.F.);
#3730=ORIENTED_EDGE('',*,*,#2749,.F.);
#3731=ORIENTED_EDGE('',*,*,#2750,.F.);
#3732=ORIENTED_EDGE('',*,*,#2751,.T.);
#3733=ORIENTED_EDGE('',*,*,#2752,.T.);
#3734=ORIENTED_EDGE('',*,*,#2753,.F.);
#3735=ORIENTED_EDGE('',*,*,#2754,.F.);
#3736=ORIENTED_EDGE('',*,*,#2755,.T.);
#3737=ORIENTED_EDGE('',*,*,#2756,.T.);
#3738=ORIENTED_EDGE('',*,*,#2755,.F.);
#3739=ORIENTED_EDGE('',*,*,#2757,.F.);
#3740=ORIENTED_EDGE('',*,*,#2758,.F.);
#3741=ORIENTED_EDGE('',*,*,#2759,.F.);
#3742=ORIENTED_EDGE('',*,*,#2760,.T.);
#3743=ORIENTED_EDGE('',*,*,#2518,.T.);
#3744=ORIENTED_EDGE('',*,*,#2523,.T.);
#3745=ORIENTED_EDGE('',*,*,#2761,.F.);
#3746=ORIENTED_EDGE('',*,*,#2762,.F.);
#3747=ORIENTED_EDGE('',*,*,#2763,.T.);
#3748=ORIENTED_EDGE('',*,*,#2764,.T.);
#3749=ORIENTED_EDGE('',*,*,#2763,.F.);
#3750=ORIENTED_EDGE('',*,*,#2765,.F.);
#3751=ORIENTED_EDGE('',*,*,#2766,.F.);
#3752=ORIENTED_EDGE('',*,*,#2767,.F.);
#3753=ORIENTED_EDGE('',*,*,#2768,.T.);
#3754=ORIENTED_EDGE('',*,*,#2769,.T.);
#3755=ORIENTED_EDGE('',*,*,#2770,.T.);
#3756=ORIENTED_EDGE('',*,*,#2771,.F.);
#3757=ORIENTED_EDGE('',*,*,#2772,.F.);
#3758=ORIENTED_EDGE('',*,*,#2773,.T.);
#3759=ORIENTED_EDGE('',*,*,#2774,.T.);
#3760=ORIENTED_EDGE('',*,*,#2773,.F.);
#3761=ORIENTED_EDGE('',*,*,#2775,.F.);
#3762=ORIENTED_EDGE('',*,*,#2776,.F.);
#3763=ORIENTED_EDGE('',*,*,#2777,.F.);
#3764=ORIENTED_EDGE('',*,*,#2778,.T.);
#3765=ORIENTED_EDGE('',*,*,#2779,.T.);
#3766=ORIENTED_EDGE('',*,*,#2780,.T.);
#3767=ORIENTED_EDGE('',*,*,#2781,.F.);
#3768=ORIENTED_EDGE('',*,*,#2782,.F.);
#3769=ORIENTED_EDGE('',*,*,#2783,.T.);
#3770=ORIENTED_EDGE('',*,*,#2784,.T.);
#3771=ORIENTED_EDGE('',*,*,#2783,.F.);
#3772=ORIENTED_EDGE('',*,*,#2785,.F.);
#3773=ORIENTED_EDGE('',*,*,#2786,.F.);
#3774=ORIENTED_EDGE('',*,*,#2787,.F.);
#3775=ORIENTED_EDGE('',*,*,#2788,.T.);
#3776=ORIENTED_EDGE('',*,*,#2789,.T.);
#3777=ORIENTED_EDGE('',*,*,#2790,.T.);
#3778=ORIENTED_EDGE('',*,*,#2791,.F.);
#3779=ORIENTED_EDGE('',*,*,#2792,.F.);
#3780=ORIENTED_EDGE('',*,*,#2793,.T.);
#3781=ORIENTED_EDGE('',*,*,#2794,.T.);
#3782=ORIENTED_EDGE('',*,*,#2793,.F.);
#3783=ORIENTED_EDGE('',*,*,#2795,.F.);
#3784=ORIENTED_EDGE('',*,*,#2796,.F.);
#3785=ORIENTED_EDGE('',*,*,#2797,.F.);
#3786=ORIENTED_EDGE('',*,*,#2798,.T.);
#3787=ORIENTED_EDGE('',*,*,#2526,.T.);
#3788=ORIENTED_EDGE('',*,*,#2524,.T.);
#3789=ORIENTED_EDGE('',*,*,#2436,.F.);
#3790=ORIENTED_EDGE('',*,*,#2799,.F.);
#3791=ORIENTED_EDGE('',*,*,#2800,.T.);
#3792=ORIENTED_EDGE('',*,*,#2801,.T.);
#3793=ORIENTED_EDGE('',*,*,#2800,.F.);
#3794=ORIENTED_EDGE('',*,*,#2802,.F.);
#3795=ORIENTED_EDGE('',*,*,#2803,.F.);
#3796=ORIENTED_EDGE('',*,*,#2804,.F.);
#3797=ORIENTED_EDGE('',*,*,#2805,.F.);
#3798=ORIENTED_EDGE('',*,*,#2806,.T.);
#3799=ORIENTED_EDGE('',*,*,#2807,.T.);
#3800=ORIENTED_EDGE('',*,*,#2808,.T.);
#3801=ORIENTED_EDGE('',*,*,#2809,.T.);
#3802=ORIENTED_EDGE('',*,*,#2810,.T.);
#3803=ORIENTED_EDGE('',*,*,#2811,.T.);
#3804=ORIENTED_EDGE('',*,*,#2811,.F.);
#3805=ORIENTED_EDGE('',*,*,#2812,.T.);
#3806=ORIENTED_EDGE('',*,*,#2724,.F.);
#3807=ORIENTED_EDGE('',*,*,#2726,.F.);
#3808=ORIENTED_EDGE('',*,*,#2813,.T.);
#3809=ORIENTED_EDGE('',*,*,#2440,.T.);
#3810=ORIENTED_EDGE('',*,*,#2814,.T.);
#3811=ORIENTED_EDGE('',*,*,#2725,.F.);
#3812=ORIENTED_EDGE('',*,*,#2812,.F.);
#3813=ORIENTED_EDGE('',*,*,#2810,.F.);
#3814=ORIENTED_EDGE('',*,*,#2815,.F.);
#3815=ORIENTED_EDGE('',*,*,#2816,.F.);
#3816=ORIENTED_EDGE('',*,*,#2809,.F.);
#3817=ORIENTED_EDGE('',*,*,#2817,.T.);
#3818=ORIENTED_EDGE('',*,*,#2669,.T.);
#3819=ORIENTED_EDGE('',*,*,#2818,.T.);
#3820=ORIENTED_EDGE('',*,*,#2819,.F.);
#3821=ORIENTED_EDGE('',*,*,#2820,.T.);
#3822=ORIENTED_EDGE('',*,*,#2821,.F.);
#3823=ORIENTED_EDGE('',*,*,#2822,.T.);
#3824=ORIENTED_EDGE('',*,*,#2823,.F.);
#3825=ORIENTED_EDGE('',*,*,#2824,.T.);
#3826=ORIENTED_EDGE('',*,*,#2825,.F.);
#3827=ORIENTED_EDGE('',*,*,#2826,.T.);
#3828=ORIENTED_EDGE('',*,*,#2827,.F.);
#3829=ORIENTED_EDGE('',*,*,#2815,.T.);
#3830=ORIENTED_EDGE('',*,*,#2828,.T.);
#3831=ORIENTED_EDGE('',*,*,#2829,.T.);
#3832=ORIENTED_EDGE('',*,*,#2830,.T.);
#3833=ORIENTED_EDGE('',*,*,#2831,.T.);
#3834=ORIENTED_EDGE('',*,*,#2803,.T.);
#3835=ORIENTED_EDGE('',*,*,#2832,.T.);
#3836=ORIENTED_EDGE('',*,*,#2831,.F.);
#3837=ORIENTED_EDGE('',*,*,#2833,.F.);
#3838=ORIENTED_EDGE('',*,*,#2652,.T.);
#3839=ORIENTED_EDGE('',*,*,#2527,.F.);
#3840=ORIENTED_EDGE('',*,*,#2801,.F.);
#3841=ORIENTED_EDGE('',*,*,#2804,.T.);
#3842=ORIENTED_EDGE('',*,*,#2830,.F.);
#3843=ORIENTED_EDGE('',*,*,#2834,.T.);
#3844=ORIENTED_EDGE('',*,*,#2835,.F.);
#3845=ORIENTED_EDGE('',*,*,#2836,.F.);
#3846=ORIENTED_EDGE('',*,*,#2653,.T.);
#3847=ORIENTED_EDGE('',*,*,#2833,.T.);
#3848=ORIENTED_EDGE('',*,*,#2835,.T.);
#3849=ORIENTED_EDGE('',*,*,#2837,.T.);
#3850=ORIENTED_EDGE('',*,*,#2838,.T.);
#3851=ORIENTED_EDGE('',*,*,#2839,.T.);
#3852=ORIENTED_EDGE('',*,*,#2796,.T.);
#3853=ORIENTED_EDGE('',*,*,#2840,.T.);
#3854=ORIENTED_EDGE('',*,*,#2839,.F.);
#3855=ORIENTED_EDGE('',*,*,#2841,.F.);
#3856=ORIENTED_EDGE('',*,*,#2465,.T.);
#3857=ORIENTED_EDGE('',*,*,#2842,.F.);
#3858=ORIENTED_EDGE('',*,*,#2794,.F.);
#3859=ORIENTED_EDGE('',*,*,#2797,.T.);
#3860=ORIENTED_EDGE('',*,*,#2828,.F.);
#3861=ORIENTED_EDGE('',*,*,#2843,.T.);
#3862=ORIENTED_EDGE('',*,*,#2466,.T.);
#3863=ORIENTED_EDGE('',*,*,#2841,.T.);
#3864=ORIENTED_EDGE('',*,*,#2838,.F.);
#3865=ORIENTED_EDGE('',*,*,#2844,.T.);
#3866=ORIENTED_EDGE('',*,*,#2845,.T.);
#3867=ORIENTED_EDGE('',*,*,#2738,.T.);
#3868=ORIENTED_EDGE('',*,*,#2846,.T.);
#3869=ORIENTED_EDGE('',*,*,#2847,.T.);
#3870=ORIENTED_EDGE('',*,*,#2848,.T.);
#3871=ORIENTED_EDGE('',*,*,#2849,.T.);
#3872=ORIENTED_EDGE('',*,*,#2848,.F.);
#3873=ORIENTED_EDGE('',*,*,#2850,.F.);
#3874=ORIENTED_EDGE('',*,*,#2851,.F.);
#3875=ORIENTED_EDGE('',*,*,#2852,.F.);
#3876=ORIENTED_EDGE('',*,*,#2847,.F.);
#3877=ORIENTED_EDGE('',*,*,#2853,.F.);
#3878=ORIENTED_EDGE('',*,*,#2462,.T.);
#3879=ORIENTED_EDGE('',*,*,#2854,.F.);
#3880=ORIENTED_EDGE('',*,*,#2855,.F.);
#3881=ORIENTED_EDGE('',*,*,#2850,.T.);
#3882=ORIENTED_EDGE('',*,*,#2846,.F.);
#3883=ORIENTED_EDGE('',*,*,#2737,.T.);
#3884=ORIENTED_EDGE('',*,*,#2734,.T.);
#3885=ORIENTED_EDGE('',*,*,#2856,.T.);
#3886=ORIENTED_EDGE('',*,*,#2463,.T.);
#3887=ORIENTED_EDGE('',*,*,#2853,.T.);
#3888=ORIENTED_EDGE('',*,*,#2857,.T.);
#3889=ORIENTED_EDGE('',*,*,#2851,.T.);
#3890=ORIENTED_EDGE('',*,*,#2855,.T.);
#3891=ORIENTED_EDGE('',*,*,#2858,.T.);
#3892=ORIENTED_EDGE('',*,*,#2786,.T.);
#3893=ORIENTED_EDGE('',*,*,#2859,.T.);
#3894=ORIENTED_EDGE('',*,*,#2859,.F.);
#3895=ORIENTED_EDGE('',*,*,#2785,.T.);
#3896=ORIENTED_EDGE('',*,*,#2782,.T.);
#3897=ORIENTED_EDGE('',*,*,#2860,.T.);
#3898=ORIENTED_EDGE('',*,*,#2658,.T.);
#3899=ORIENTED_EDGE('',*,*,#2861,.T.);
#3900=ORIENTED_EDGE('',*,*,#2858,.F.);
#3901=ORIENTED_EDGE('',*,*,#2854,.T.);
#3902=ORIENTED_EDGE('',*,*,#2461,.T.);
#3903=ORIENTED_EDGE('',*,*,#2862,.F.);
#3904=ORIENTED_EDGE('',*,*,#2784,.F.);
#3905=ORIENTED_EDGE('',*,*,#2787,.T.);
#3906=ORIENTED_EDGE('',*,*,#2863,.T.);
#3907=ORIENTED_EDGE('',*,*,#2864,.T.);
#3908=ORIENTED_EDGE('',*,*,#2865,.T.);
#3909=ORIENTED_EDGE('',*,*,#2866,.T.);
#3910=ORIENTED_EDGE('',*,*,#2748,.T.);
#3911=ORIENTED_EDGE('',*,*,#2867,.T.);
#3912=ORIENTED_EDGE('',*,*,#2866,.F.);
#3913=ORIENTED_EDGE('',*,*,#2868,.F.);
#3914=ORIENTED_EDGE('',*,*,#2660,.T.);
#3915=ORIENTED_EDGE('',*,*,#2869,.F.);
#3916=ORIENTED_EDGE('',*,*,#2746,.F.);
#3917=ORIENTED_EDGE('',*,*,#2749,.T.);
#3918=ORIENTED_EDGE('',*,*,#2865,.F.);
#3919=ORIENTED_EDGE('',*,*,#2870,.T.);
#3920=ORIENTED_EDGE('',*,*,#2871,.F.);
#3921=ORIENTED_EDGE('',*,*,#2872,.F.);
#3922=ORIENTED_EDGE('',*,*,#2661,.T.);
#3923=ORIENTED_EDGE('',*,*,#2868,.T.);
#3924=ORIENTED_EDGE('',*,*,#2871,.T.);
#3925=ORIENTED_EDGE('',*,*,#2873,.T.);
#3926=ORIENTED_EDGE('',*,*,#2874,.T.);
#3927=ORIENTED_EDGE('',*,*,#2875,.T.);
#3928=ORIENTED_EDGE('',*,*,#2776,.T.);
#3929=ORIENTED_EDGE('',*,*,#2876,.T.);
#3930=ORIENTED_EDGE('',*,*,#2875,.F.);
#3931=ORIENTED_EDGE('',*,*,#2877,.F.);
#3932=ORIENTED_EDGE('',*,*,#2457,.T.);
#3933=ORIENTED_EDGE('',*,*,#2878,.F.);
#3934=ORIENTED_EDGE('',*,*,#2774,.F.);
#3935=ORIENTED_EDGE('',*,*,#2777,.T.);
#3936=ORIENTED_EDGE('',*,*,#2863,.F.);
#3937=ORIENTED_EDGE('',*,*,#2879,.T.);
#3938=ORIENTED_EDGE('',*,*,#2458,.T.);
#3939=ORIENTED_EDGE('',*,*,#2877,.T.);
#3940=ORIENTED_EDGE('',*,*,#2874,.F.);
#3941=ORIENTED_EDGE('',*,*,#2880,.T.);
#3942=ORIENTED_EDGE('',*,*,#2881,.T.);
#3943=ORIENTED_EDGE('',*,*,#2758,.T.);
#3944=ORIENTED_EDGE('',*,*,#2882,.T.);
#3945=ORIENTED_EDGE('',*,*,#2883,.T.);
#3946=ORIENTED_EDGE('',*,*,#2884,.T.);
#3947=ORIENTED_EDGE('',*,*,#2885,.T.);
#3948=ORIENTED_EDGE('',*,*,#2884,.F.);
#3949=ORIENTED_EDGE('',*,*,#2886,.F.);
#3950=ORIENTED_EDGE('',*,*,#2887,.F.);
#3951=ORIENTED_EDGE('',*,*,#2888,.F.);
#3952=ORIENTED_EDGE('',*,*,#2883,.F.);
#3953=ORIENTED_EDGE('',*,*,#2889,.F.);
#3954=ORIENTED_EDGE('',*,*,#2454,.T.);
#3955=ORIENTED_EDGE('',*,*,#2890,.F.);
#3956=ORIENTED_EDGE('',*,*,#2891,.F.);
#3957=ORIENTED_EDGE('',*,*,#2886,.T.);
#3958=ORIENTED_EDGE('',*,*,#2882,.F.);
#3959=ORIENTED_EDGE('',*,*,#2757,.T.);
#3960=ORIENTED_EDGE('',*,*,#2754,.T.);
#3961=ORIENTED_EDGE('',*,*,#2892,.T.);
#3962=ORIENTED_EDGE('',*,*,#2455,.T.);
#3963=ORIENTED_EDGE('',*,*,#2889,.T.);
#3964=ORIENTED_EDGE('',*,*,#2893,.T.);
#3965=ORIENTED_EDGE('',*,*,#2887,.T.);
#3966=ORIENTED_EDGE('',*,*,#2891,.T.);
#3967=ORIENTED_EDGE('',*,*,#2894,.T.);
#3968=ORIENTED_EDGE('',*,*,#2766,.T.);
#3969=ORIENTED_EDGE('',*,*,#2895,.T.);
#3970=ORIENTED_EDGE('',*,*,#2895,.F.);
#3971=ORIENTED_EDGE('',*,*,#2765,.T.);
#3972=ORIENTED_EDGE('',*,*,#2762,.T.);
#3973=ORIENTED_EDGE('',*,*,#2896,.T.);
#3974=ORIENTED_EDGE('',*,*,#2666,.T.);
#3975=ORIENTED_EDGE('',*,*,#2897,.T.);
#3976=ORIENTED_EDGE('',*,*,#2894,.F.);
#3977=ORIENTED_EDGE('',*,*,#2890,.T.);
#3978=ORIENTED_EDGE('',*,*,#2453,.T.);
#3979=ORIENTED_EDGE('',*,*,#2519,.F.);
#3980=ORIENTED_EDGE('',*,*,#2764,.F.);
#3981=ORIENTED_EDGE('',*,*,#2767,.T.);
#3982=ORIENTED_EDGE('',*,*,#2898,.T.);
#3983=ORIENTED_EDGE('',*,*,#2899,.T.);
#3984=ORIENTED_EDGE('',*,*,#2900,.T.);
#3985=ORIENTED_EDGE('',*,*,#2901,.T.);
#3986=ORIENTED_EDGE('',*,*,#2728,.T.);
#3987=ORIENTED_EDGE('',*,*,#2902,.T.);
#3988=ORIENTED_EDGE('',*,*,#2900,.F.);
#3989=ORIENTED_EDGE('',*,*,#2903,.T.);
#3990=ORIENTED_EDGE('',*,*,#2904,.F.);
#3991=ORIENTED_EDGE('',*,*,#2905,.F.);
#3992=ORIENTED_EDGE('',*,*,#2906,.T.);
#3993=ORIENTED_EDGE('',*,*,#2907,.F.);
#3994=ORIENTED_EDGE('',*,*,#2899,.F.);
#3995=ORIENTED_EDGE('',*,*,#2908,.F.);
#3996=ORIENTED_EDGE('',*,*,#2909,.F.);
#3997=ORIENTED_EDGE('',*,*,#2903,.F.);
#3998=ORIENTED_EDGE('',*,*,#2898,.F.);
#3999=ORIENTED_EDGE('',*,*,#2910,.F.);
#4000=ORIENTED_EDGE('',*,*,#2911,.T.);
#4001=ORIENTED_EDGE('',*,*,#2912,.T.);
#4002=ORIENTED_EDGE('',*,*,#2913,.F.);
#4003=ORIENTED_EDGE('',*,*,#2908,.T.);
#4004=ORIENTED_EDGE('',*,*,#2914,.T.);
#4005=ORIENTED_EDGE('',*,*,#2719,.T.);
#4006=ORIENTED_EDGE('',*,*,#2915,.T.);
#4007=ORIENTED_EDGE('',*,*,#2904,.T.);
#4008=ORIENTED_EDGE('',*,*,#2909,.T.);
#4009=ORIENTED_EDGE('',*,*,#2913,.T.);
#4010=ORIENTED_EDGE('',*,*,#2914,.F.);
#4011=ORIENTED_EDGE('',*,*,#2912,.F.);
#4012=ORIENTED_EDGE('',*,*,#2916,.T.);
#4013=ORIENTED_EDGE('',*,*,#2825,.T.);
#4014=ORIENTED_EDGE('',*,*,#2917,.T.);
#4015=ORIENTED_EDGE('',*,*,#2715,.F.);
#4016=ORIENTED_EDGE('',*,*,#2720,.T.);
#4017=ORIENTED_EDGE('',*,*,#2918,.T.);
#4018=ORIENTED_EDGE('',*,*,#2919,.T.);
#4019=ORIENTED_EDGE('',*,*,#2920,.T.);
#4020=ORIENTED_EDGE('',*,*,#2921,.T.);
#4021=ORIENTED_EDGE('',*,*,#2922,.T.);
#4022=ORIENTED_EDGE('',*,*,#2819,.T.);
#4023=ORIENTED_EDGE('',*,*,#2919,.F.);
#4024=ORIENTED_EDGE('',*,*,#2923,.F.);
#4025=ORIENTED_EDGE('',*,*,#2514,.F.);
#4026=ORIENTED_EDGE('',*,*,#2924,.F.);
#4027=ORIENTED_EDGE('',*,*,#2918,.F.);
#4028=ORIENTED_EDGE('',*,*,#2818,.F.);
#4029=ORIENTED_EDGE('',*,*,#2668,.T.);
#4030=ORIENTED_EDGE('',*,*,#2520,.F.);
#4031=ORIENTED_EDGE('',*,*,#2923,.T.);
#4032=ORIENTED_EDGE('',*,*,#2925,.T.);
#4033=ORIENTED_EDGE('',*,*,#2926,.T.);
#4034=ORIENTED_EDGE('',*,*,#2927,.T.);
#4035=ORIENTED_EDGE('',*,*,#2928,.T.);
#4036=ORIENTED_EDGE('',*,*,#2701,.T.);
#4037=ORIENTED_EDGE('',*,*,#2929,.T.);
#4038=ORIENTED_EDGE('',*,*,#2927,.F.);
#4039=ORIENTED_EDGE('',*,*,#2930,.T.);
#4040=ORIENTED_EDGE('',*,*,#2931,.F.);
#4041=ORIENTED_EDGE('',*,*,#2932,.T.);
#4042=ORIENTED_EDGE('',*,*,#2933,.T.);
#4043=ORIENTED_EDGE('',*,*,#2934,.T.);
#4044=ORIENTED_EDGE('',*,*,#2926,.F.);
#4045=ORIENTED_EDGE('',*,*,#2935,.F.);
#4046=ORIENTED_EDGE('',*,*,#2936,.F.);
#4047=ORIENTED_EDGE('',*,*,#2930,.F.);
#4048=ORIENTED_EDGE('',*,*,#2925,.F.);
#4049=ORIENTED_EDGE('',*,*,#2937,.F.);
#4050=ORIENTED_EDGE('',*,*,#2938,.T.);
#4051=ORIENTED_EDGE('',*,*,#2939,.T.);
#4052=ORIENTED_EDGE('',*,*,#2940,.F.);
#4053=ORIENTED_EDGE('',*,*,#2935,.T.);
#4054=ORIENTED_EDGE('',*,*,#2941,.T.);
#4055=ORIENTED_EDGE('',*,*,#2710,.T.);
#4056=ORIENTED_EDGE('',*,*,#2942,.T.);
#4057=ORIENTED_EDGE('',*,*,#2931,.T.);
#4058=ORIENTED_EDGE('',*,*,#2936,.T.);
#4059=ORIENTED_EDGE('',*,*,#2940,.T.);
#4060=ORIENTED_EDGE('',*,*,#2941,.F.);
#4061=ORIENTED_EDGE('',*,*,#2939,.F.);
#4062=ORIENTED_EDGE('',*,*,#2943,.T.);
#4063=ORIENTED_EDGE('',*,*,#2821,.T.);
#4064=ORIENTED_EDGE('',*,*,#2944,.T.);
#4065=ORIENTED_EDGE('',*,*,#2706,.F.);
#4066=ORIENTED_EDGE('',*,*,#2711,.T.);
#4067=ORIENTED_EDGE('',*,*,#2944,.F.);
#4068=ORIENTED_EDGE('',*,*,#2820,.F.);
#4069=ORIENTED_EDGE('',*,*,#2922,.F.);
#4070=ORIENTED_EDGE('',*,*,#2945,.F.);
#4071=ORIENTED_EDGE('',*,*,#2707,.F.);
#4072=ORIENTED_EDGE('',*,*,#2808,.F.);
#4073=ORIENTED_EDGE('',*,*,#2946,.T.);
#4074=ORIENTED_EDGE('',*,*,#2947,.F.);
#4075=ORIENTED_EDGE('',*,*,#2670,.T.);
#4076=ORIENTED_EDGE('',*,*,#2817,.F.);
#4077=ORIENTED_EDGE('',*,*,#2690,.F.);
#4078=ORIENTED_EDGE('',*,*,#2671,.T.);
#4079=ORIENTED_EDGE('',*,*,#2947,.T.);
#4080=ORIENTED_EDGE('',*,*,#2504,.T.);
#4081=ORIENTED_EDGE('',*,*,#2698,.F.);
#4082=ORIENTED_EDGE('',*,*,#2948,.F.);
#4083=ORIENTED_EDGE('',*,*,#2716,.F.);
#4084=ORIENTED_EDGE('',*,*,#2917,.F.);
#4085=ORIENTED_EDGE('',*,*,#2824,.F.);
#4086=ORIENTED_EDGE('',*,*,#2949,.F.);
#4087=ORIENTED_EDGE('',*,*,#2506,.F.);
#4088=ORIENTED_EDGE('',*,*,#2667,.T.);
#4089=ORIENTED_EDGE('',*,*,#2896,.F.);
#4090=ORIENTED_EDGE('',*,*,#2761,.T.);
#4091=ORIENTED_EDGE('',*,*,#2522,.T.);
#4092=ORIENTED_EDGE('',*,*,#2885,.F.);
#4093=ORIENTED_EDGE('',*,*,#2888,.T.);
#4094=ORIENTED_EDGE('',*,*,#2893,.F.);
#4095=ORIENTED_EDGE('',*,*,#2897,.F.);
#4096=ORIENTED_EDGE('',*,*,#2665,.T.);
#4097=ORIENTED_EDGE('',*,*,#2950,.T.);
#4098=ORIENTED_EDGE('',*,*,#2881,.F.);
#4099=ORIENTED_EDGE('',*,*,#2950,.F.);
#4100=ORIENTED_EDGE('',*,*,#2664,.T.);
#4101=ORIENTED_EDGE('',*,*,#2951,.F.);
#4102=ORIENTED_EDGE('',*,*,#2756,.F.);
#4103=ORIENTED_EDGE('',*,*,#2759,.T.);
#4104=ORIENTED_EDGE('',*,*,#2952,.T.);
#4105=ORIENTED_EDGE('',*,*,#2751,.F.);
#4106=ORIENTED_EDGE('',*,*,#2951,.T.);
#4107=ORIENTED_EDGE('',*,*,#2663,.T.);
#4108=ORIENTED_EDGE('',*,*,#2953,.F.);
#4109=ORIENTED_EDGE('',*,*,#2771,.T.);
#4110=ORIENTED_EDGE('',*,*,#2876,.F.);
#4111=ORIENTED_EDGE('',*,*,#2775,.T.);
#4112=ORIENTED_EDGE('',*,*,#2772,.T.);
#4113=ORIENTED_EDGE('',*,*,#2953,.T.);
#4114=ORIENTED_EDGE('',*,*,#2662,.T.);
#4115=ORIENTED_EDGE('',*,*,#2872,.T.);
#4116=ORIENTED_EDGE('',*,*,#2954,.T.);
#4117=ORIENTED_EDGE('',*,*,#2741,.F.);
#4118=ORIENTED_EDGE('',*,*,#2869,.T.);
#4119=ORIENTED_EDGE('',*,*,#2659,.T.);
#4120=ORIENTED_EDGE('',*,*,#2860,.F.);
#4121=ORIENTED_EDGE('',*,*,#2781,.T.);
#4122=ORIENTED_EDGE('',*,*,#2849,.F.);
#4123=ORIENTED_EDGE('',*,*,#2852,.T.);
#4124=ORIENTED_EDGE('',*,*,#2857,.F.);
#4125=ORIENTED_EDGE('',*,*,#2861,.F.);
#4126=ORIENTED_EDGE('',*,*,#2657,.T.);
#4127=ORIENTED_EDGE('',*,*,#2955,.T.);
#4128=ORIENTED_EDGE('',*,*,#2845,.F.);
#4129=ORIENTED_EDGE('',*,*,#2955,.F.);
#4130=ORIENTED_EDGE('',*,*,#2656,.T.);
#4131=ORIENTED_EDGE('',*,*,#2956,.F.);
#4132=ORIENTED_EDGE('',*,*,#2736,.F.);
#4133=ORIENTED_EDGE('',*,*,#2739,.T.);
#4134=ORIENTED_EDGE('',*,*,#2957,.T.);
#4135=ORIENTED_EDGE('',*,*,#2731,.F.);
#4136=ORIENTED_EDGE('',*,*,#2956,.T.);
#4137=ORIENTED_EDGE('',*,*,#2655,.T.);
#4138=ORIENTED_EDGE('',*,*,#2958,.F.);
#4139=ORIENTED_EDGE('',*,*,#2791,.T.);
#4140=ORIENTED_EDGE('',*,*,#2840,.F.);
#4141=ORIENTED_EDGE('',*,*,#2795,.T.);
#4142=ORIENTED_EDGE('',*,*,#2792,.T.);
#4143=ORIENTED_EDGE('',*,*,#2958,.T.);
#4144=ORIENTED_EDGE('',*,*,#2654,.T.);
#4145=ORIENTED_EDGE('',*,*,#2836,.T.);
#4146=ORIENTED_EDGE('',*,*,#2929,.F.);
#4147=ORIENTED_EDGE('',*,*,#2700,.T.);
#4148=ORIENTED_EDGE('',*,*,#2695,.F.);
#4149=ORIENTED_EDGE('',*,*,#2949,.T.);
#4150=ORIENTED_EDGE('',*,*,#2823,.T.);
#4151=ORIENTED_EDGE('',*,*,#2959,.T.);
#4152=ORIENTED_EDGE('',*,*,#2937,.T.);
#4153=ORIENTED_EDGE('',*,*,#2902,.F.);
#4154=ORIENTED_EDGE('',*,*,#2727,.T.);
#4155=ORIENTED_EDGE('',*,*,#2722,.F.);
#4156=ORIENTED_EDGE('',*,*,#2816,.T.);
#4157=ORIENTED_EDGE('',*,*,#2827,.T.);
#4158=ORIENTED_EDGE('',*,*,#2960,.T.);
#4159=ORIENTED_EDGE('',*,*,#2910,.T.);
#4160=ORIENTED_EDGE('',*,*,#2446,.T.);
#4161=ORIENTED_EDGE('',*,*,#2961,.F.);
#4162=ORIENTED_EDGE('',*,*,#2962,.F.);
#4163=ORIENTED_EDGE('',*,*,#2963,.F.);
#4164=ORIENTED_EDGE('',*,*,#2959,.F.);
#4165=ORIENTED_EDGE('',*,*,#2822,.F.);
#4166=ORIENTED_EDGE('',*,*,#2943,.F.);
#4167=ORIENTED_EDGE('',*,*,#2938,.F.);
#4168=ORIENTED_EDGE('',*,*,#2964,.F.);
#4169=ORIENTED_EDGE('',*,*,#2962,.T.);
#4170=ORIENTED_EDGE('',*,*,#2965,.F.);
#4171=ORIENTED_EDGE('',*,*,#2933,.F.);
#4172=ORIENTED_EDGE('',*,*,#2703,.F.);
#4173=ORIENTED_EDGE('',*,*,#2966,.T.);
#4174=ORIENTED_EDGE('',*,*,#2712,.F.);
#4175=ORIENTED_EDGE('',*,*,#2966,.F.);
#4176=ORIENTED_EDGE('',*,*,#2442,.T.);
#4177=ORIENTED_EDGE('',*,*,#2967,.F.);
#4178=ORIENTED_EDGE('',*,*,#2968,.F.);
#4179=ORIENTED_EDGE('',*,*,#2969,.F.);
#4180=ORIENTED_EDGE('',*,*,#2730,.F.);
#4181=ORIENTED_EDGE('',*,*,#2970,.T.);
#4182=ORIENTED_EDGE('',*,*,#2721,.F.);
#4183=ORIENTED_EDGE('',*,*,#2970,.F.);
#4184=ORIENTED_EDGE('',*,*,#2971,.F.);
#4185=ORIENTED_EDGE('',*,*,#2906,.F.);
#4186=ORIENTED_EDGE('',*,*,#2972,.F.);
#4187=ORIENTED_EDGE('',*,*,#2968,.T.);
#4188=ORIENTED_EDGE('',*,*,#2960,.F.);
#4189=ORIENTED_EDGE('',*,*,#2826,.F.);
#4190=ORIENTED_EDGE('',*,*,#2916,.F.);
#4191=ORIENTED_EDGE('',*,*,#2911,.F.);
#4192=ORIENTED_EDGE('',*,*,#2901,.F.);
#4193=ORIENTED_EDGE('',*,*,#2907,.T.);
#4194=ORIENTED_EDGE('',*,*,#2971,.T.);
#4195=ORIENTED_EDGE('',*,*,#2967,.T.);
#4196=ORIENTED_EDGE('',*,*,#2441,.T.);
#4197=ORIENTED_EDGE('',*,*,#2813,.F.);
#4198=ORIENTED_EDGE('',*,*,#2729,.T.);
#4199=ORIENTED_EDGE('',*,*,#2915,.F.);
#4200=ORIENTED_EDGE('',*,*,#2718,.T.);
#4201=ORIENTED_EDGE('',*,*,#2973,.T.);
#4202=ORIENTED_EDGE('',*,*,#2443,.T.);
#4203=ORIENTED_EDGE('',*,*,#2969,.T.);
#4204=ORIENTED_EDGE('',*,*,#2972,.T.);
#4205=ORIENTED_EDGE('',*,*,#2905,.T.);
#4206=ORIENTED_EDGE('',*,*,#2942,.F.);
#4207=ORIENTED_EDGE('',*,*,#2709,.T.);
#4208=ORIENTED_EDGE('',*,*,#2974,.T.);
#4209=ORIENTED_EDGE('',*,*,#2447,.T.);
#4210=ORIENTED_EDGE('',*,*,#2963,.T.);
#4211=ORIENTED_EDGE('',*,*,#2964,.T.);
#4212=ORIENTED_EDGE('',*,*,#2932,.F.);
#4213=ORIENTED_EDGE('',*,*,#2928,.F.);
#4214=ORIENTED_EDGE('',*,*,#2934,.F.);
#4215=ORIENTED_EDGE('',*,*,#2965,.T.);
#4216=ORIENTED_EDGE('',*,*,#2961,.T.);
#4217=ORIENTED_EDGE('',*,*,#2445,.T.);
#4218=ORIENTED_EDGE('',*,*,#2975,.F.);
#4219=ORIENTED_EDGE('',*,*,#2702,.T.);
#4220=ORIENTED_EDGE('',*,*,#2921,.F.);
#4221=ORIENTED_EDGE('',*,*,#2976,.T.);
#4222=ORIENTED_EDGE('',*,*,#2448,.T.);
#4223=ORIENTED_EDGE('',*,*,#2974,.F.);
#4224=ORIENTED_EDGE('',*,*,#2708,.T.);
#4225=ORIENTED_EDGE('',*,*,#2704,.F.);
#4226=ORIENTED_EDGE('',*,*,#2945,.T.);
#4227=ORIENTED_EDGE('',*,*,#2977,.T.);
#4228=ORIENTED_EDGE('',*,*,#2769,.F.);
#4229=ORIENTED_EDGE('',*,*,#2878,.T.);
#4230=ORIENTED_EDGE('',*,*,#2456,.T.);
#4231=ORIENTED_EDGE('',*,*,#2892,.F.);
#4232=ORIENTED_EDGE('',*,*,#2753,.T.);
#4233=ORIENTED_EDGE('',*,*,#2978,.T.);
#4234=ORIENTED_EDGE('',*,*,#2779,.F.);
#4235=ORIENTED_EDGE('',*,*,#2862,.T.);
#4236=ORIENTED_EDGE('',*,*,#2460,.T.);
#4237=ORIENTED_EDGE('',*,*,#2979,.F.);
#4238=ORIENTED_EDGE('',*,*,#2743,.T.);
#4239=ORIENTED_EDGE('',*,*,#2980,.T.);
#4240=ORIENTED_EDGE('',*,*,#2789,.F.);
#4241=ORIENTED_EDGE('',*,*,#2842,.T.);
#4242=ORIENTED_EDGE('',*,*,#2464,.T.);
#4243=ORIENTED_EDGE('',*,*,#2856,.F.);
#4244=ORIENTED_EDGE('',*,*,#2733,.T.);
#4245=ORIENTED_EDGE('',*,*,#2806,.F.);
#4246=ORIENTED_EDGE('',*,*,#2814,.F.);
#4247=ORIENTED_EDGE('',*,*,#2439,.T.);
#4248=ORIENTED_EDGE('',*,*,#2499,.F.);
#4249=ORIENTED_EDGE('',*,*,#2981,.T.);
#4250=ORIENTED_EDGE('',*,*,#2832,.F.);
#4251=ORIENTED_EDGE('',*,*,#2802,.T.);
#4252=ORIENTED_EDGE('',*,*,#2799,.T.);
#4253=ORIENTED_EDGE('',*,*,#2435,.T.);
#4254=ORIENTED_EDGE('',*,*,#2467,.T.);
#4255=ORIENTED_EDGE('',*,*,#2843,.F.);
#4256=ORIENTED_EDGE('',*,*,#2867,.F.);
#4257=ORIENTED_EDGE('',*,*,#2747,.T.);
#4258=ORIENTED_EDGE('',*,*,#2744,.T.);
#4259=ORIENTED_EDGE('',*,*,#2979,.T.);
#4260=ORIENTED_EDGE('',*,*,#2459,.T.);
#4261=ORIENTED_EDGE('',*,*,#2879,.F.);
#4262=ORIENTED_EDGE('',*,*,#2920,.F.);
#4263=ORIENTED_EDGE('',*,*,#2924,.T.);
#4264=ORIENTED_EDGE('',*,*,#2516,.F.);
#4265=ORIENTED_EDGE('',*,*,#2449,.T.);
#4266=ORIENTED_EDGE('',*,*,#2976,.F.);
#4267=ORIENTED_EDGE('',*,*,#2717,.T.);
#4268=ORIENTED_EDGE('',*,*,#2713,.F.);
#4269=ORIENTED_EDGE('',*,*,#2948,.T.);
#4270=ORIENTED_EDGE('',*,*,#2697,.F.);
#4271=ORIENTED_EDGE('',*,*,#2699,.F.);
#4272=ORIENTED_EDGE('',*,*,#2975,.T.);
#4273=ORIENTED_EDGE('',*,*,#2444,.T.);
#4274=ORIENTED_EDGE('',*,*,#2973,.F.);
#4275=ORIENTED_EDGE('',*,*,#2829,.F.);
#4276=ORIENTED_EDGE('',*,*,#2844,.F.);
#4277=ORIENTED_EDGE('',*,*,#2837,.F.);
#4278=ORIENTED_EDGE('',*,*,#2834,.F.);
#4279=ORIENTED_EDGE('',*,*,#2798,.F.);
#4280=ORIENTED_EDGE('',*,*,#2982,.T.);
#4281=ORIENTED_EDGE('',*,*,#2805,.T.);
#4282=ORIENTED_EDGE('',*,*,#2982,.F.);
#4283=ORIENTED_EDGE('',*,*,#2732,.F.);
#4284=ORIENTED_EDGE('',*,*,#2957,.F.);
#4285=ORIENTED_EDGE('',*,*,#2790,.F.);
#4286=ORIENTED_EDGE('',*,*,#2980,.F.);
#4287=ORIENTED_EDGE('',*,*,#2788,.F.);
#4288=ORIENTED_EDGE('',*,*,#2983,.T.);
#4289=ORIENTED_EDGE('',*,*,#2740,.F.);
#4290=ORIENTED_EDGE('',*,*,#2983,.F.);
#4291=ORIENTED_EDGE('',*,*,#2742,.F.);
#4292=ORIENTED_EDGE('',*,*,#2954,.F.);
#4293=ORIENTED_EDGE('',*,*,#2780,.F.);
#4294=ORIENTED_EDGE('',*,*,#2978,.F.);
#4295=ORIENTED_EDGE('',*,*,#2864,.F.);
#4296=ORIENTED_EDGE('',*,*,#2880,.F.);
#4297=ORIENTED_EDGE('',*,*,#2873,.F.);
#4298=ORIENTED_EDGE('',*,*,#2870,.F.);
#4299=ORIENTED_EDGE('',*,*,#2778,.F.);
#4300=ORIENTED_EDGE('',*,*,#2984,.T.);
#4301=ORIENTED_EDGE('',*,*,#2750,.T.);
#4302=ORIENTED_EDGE('',*,*,#2984,.F.);
#4303=ORIENTED_EDGE('',*,*,#2752,.F.);
#4304=ORIENTED_EDGE('',*,*,#2952,.F.);
#4305=ORIENTED_EDGE('',*,*,#2770,.F.);
#4306=ORIENTED_EDGE('',*,*,#2977,.F.);
#4307=ORIENTED_EDGE('',*,*,#2768,.F.);
#4308=ORIENTED_EDGE('',*,*,#2985,.T.);
#4309=ORIENTED_EDGE('',*,*,#2760,.F.);
#4310=ORIENTED_EDGE('',*,*,#2985,.F.);
#4311=ORIENTED_EDGE('',*,*,#2586,.F.);
#4312=ORIENTED_EDGE('',*,*,#2598,.T.);
#4313=ORIENTED_EDGE('',*,*,#2651,.F.);
#4314=ORIENTED_EDGE('',*,*,#2673,.F.);
#4315=ORIENTED_EDGE('',*,*,#2807,.F.);
#4316=ORIENTED_EDGE('',*,*,#2981,.F.);
#4317=ORIENTED_EDGE('',*,*,#2505,.F.);
#4318=ORIENTED_EDGE('',*,*,#2946,.F.);
#4319=ORIENTED_EDGE('',*,*,#2633,.F.);
#4320=ORIENTED_EDGE('',*,*,#2986,.T.);
#4321=ORIENTED_EDGE('',*,*,#2625,.T.);
#4322=ORIENTED_EDGE('',*,*,#2648,.T.);
#4323=ORIENTED_EDGE('',*,*,#2649,.T.);
#4324=ORIENTED_EDGE('',*,*,#2986,.F.);
#4325=ORIENTED_EDGE('',*,*,#2987,.F.);
#4326=ORIENTED_EDGE('',*,*,#2476,.F.);
#4327=ORIENTED_EDGE('',*,*,#2988,.T.);
#4328=ORIENTED_EDGE('',*,*,#2987,.T.);
#4329=ORIENTED_EDGE('',*,*,#2988,.F.);
#4330=ORIENTED_EDGE('',*,*,#2989,.F.);
#4331=ORIENTED_EDGE('',*,*,#2477,.F.);
#4332=ORIENTED_EDGE('',*,*,#2990,.T.);
#4333=ORIENTED_EDGE('',*,*,#2989,.T.);
#4334=ORIENTED_EDGE('',*,*,#2990,.F.);
#4335=ORIENTED_EDGE('',*,*,#2541,.F.);
#4336=ORIENTED_EDGE('',*,*,#2676,.F.);
#4337=ORIENTED_EDGE('',*,*,#2568,.F.);
#4338=ORIENTED_EDGE('',*,*,#2482,.F.);
#4339=ORIENTED_EDGE('',*,*,#2545,.F.);
#4340=ORIENTED_EDGE('',*,*,#2478,.F.);
#4341=ORIENTED_EDGE('',*,*,#2552,.F.);
#4342=ORIENTED_EDGE('',*,*,#2675,.F.);
#4343=ORIENTED_EDGE('',*,*,#2991,.F.);
#4344=ORIENTED_EDGE('',*,*,#2486,.F.);
#4345=ORIENTED_EDGE('',*,*,#2992,.T.);
#4346=ORIENTED_EDGE('',*,*,#2991,.T.);
#4347=ORIENTED_EDGE('',*,*,#2992,.F.);
#4348=ORIENTED_EDGE('',*,*,#2993,.F.);
#4349=ORIENTED_EDGE('',*,*,#2487,.F.);
#4350=ORIENTED_EDGE('',*,*,#2994,.T.);
#4351=ORIENTED_EDGE('',*,*,#2993,.T.);
#4352=ORIENTED_EDGE('',*,*,#2994,.F.);
#4353=ORIENTED_EDGE('',*,*,#2547,.F.);
#4354=ORIENTED_EDGE('',*,*,#2488,.F.);
#4355=ORIENTED_EDGE('',*,*,#2557,.F.);
#4356=ORIENTED_EDGE('',*,*,#2677,.F.);
#4357=ORIENTED_EDGE('',*,*,#2536,.F.);
#4358=ORIENTED_EDGE('',*,*,#2678,.F.);
#4359=ORIENTED_EDGE('',*,*,#2566,.F.);
#4360=ORIENTED_EDGE('',*,*,#2492,.F.);
#4361=ORIENTED_EDGE('',*,*,#2995,.F.);
#4362=ORIENTED_EDGE('',*,*,#2496,.F.);
#4363=ORIENTED_EDGE('',*,*,#2996,.T.);
#4364=ORIENTED_EDGE('',*,*,#2995,.T.);
#4365=ORIENTED_EDGE('',*,*,#2996,.F.);
#4366=ORIENTED_EDGE('',*,*,#2997,.F.);
#4367=ORIENTED_EDGE('',*,*,#2497,.F.);
#4368=ORIENTED_EDGE('',*,*,#2998,.T.);
#4369=ORIENTED_EDGE('',*,*,#2997,.T.);
#4370=ORIENTED_EDGE('',*,*,#2998,.F.);
#4371=ORIENTED_EDGE('',*,*,#2549,.F.);
#4372=ORIENTED_EDGE('',*,*,#2472,.F.);
#4373=ORIENTED_EDGE('',*,*,#2562,.F.);
#4374=ORIENTED_EDGE('',*,*,#2679,.F.);
#4375=ORIENTED_EDGE('',*,*,#2531,.F.);
#4376=ORIENTED_EDGE('',*,*,#2680,.F.);
#4377=ORIENTED_EDGE('',*,*,#2570,.F.);
#4378=ORIENTED_EDGE('',*,*,#2468,.F.);
#4379=ORIENTED_EDGE('',*,*,#2999,.F.);
#4380=ORIENTED_EDGE('',*,*,#2681,.F.);
#4381=ORIENTED_EDGE('',*,*,#3000,.T.);
#4382=ORIENTED_EDGE('',*,*,#2999,.T.);
#4383=ORIENTED_EDGE('',*,*,#3000,.F.);
#4384=ORIENTED_EDGE('',*,*,#3001,.F.);
#4385=ORIENTED_EDGE('',*,*,#2682,.F.);
#4386=ORIENTED_EDGE('',*,*,#3002,.T.);
#4387=ORIENTED_EDGE('',*,*,#3001,.T.);
#4388=ORIENTED_EDGE('',*,*,#3002,.F.);
#4389=ORIENTED_EDGE('',*,*,#3003,.F.);
#4390=ORIENTED_EDGE('',*,*,#2683,.F.);
#4391=ORIENTED_EDGE('',*,*,#3004,.T.);
#4392=ORIENTED_EDGE('',*,*,#3003,.T.);
#4393=ORIENTED_EDGE('',*,*,#3004,.F.);
#4394=ORIENTED_EDGE('',*,*,#3005,.F.);
#4395=ORIENTED_EDGE('',*,*,#2684,.F.);
#4396=ORIENTED_EDGE('',*,*,#3006,.T.);
#4397=ORIENTED_EDGE('',*,*,#3005,.T.);
#4398=ORIENTED_EDGE('',*,*,#3006,.F.);
#4399=ORIENTED_EDGE('',*,*,#3007,.F.);
#4400=ORIENTED_EDGE('',*,*,#2685,.F.);
#4401=ORIENTED_EDGE('',*,*,#3008,.T.);
#4402=ORIENTED_EDGE('',*,*,#3007,.T.);
#4403=ORIENTED_EDGE('',*,*,#3008,.F.);
#4404=ORIENTED_EDGE('',*,*,#3009,.F.);
#4405=ORIENTED_EDGE('',*,*,#2686,.F.);
#4406=ORIENTED_EDGE('',*,*,#3010,.T.);
#4407=ORIENTED_EDGE('',*,*,#3009,.T.);
#4408=ORIENTED_EDGE('',*,*,#3010,.F.);
#4409=PLANE('',#4839);
#4410=PLANE('',#4843);
#4411=PLANE('',#4847);
#4412=PLANE('',#4851);
#4413=PLANE('',#4855);
#4414=PLANE('',#4856);
#4415=PLANE('',#4860);
#4416=PLANE('',#4864);
#4417=PLANE('',#4868);
#4418=PLANE('',#4869);
#4419=PLANE('',#4873);
#4420=PLANE('',#4877);
#4421=PLANE('',#4881);
#4422=PLANE('',#4882);
#4423=PLANE('',#4886);
#4424=PLANE('',#4890);
#4425=PLANE('',#4894);
#4426=PLANE('',#4898);
#4427=PLANE('',#4902);
#4428=PLANE('',#4903);
#4429=PLANE('',#4907);
#4430=PLANE('',#4911);
#4431=PLANE('',#4915);
#4432=PLANE('',#4919);
#4433=PLANE('',#4927);
#4434=PLANE('',#4929);
#4435=PLANE('',#4949);
#4436=PLANE('',#4950);
#4437=PLANE('',#4957);
#4438=PLANE('',#4958);
#4439=PLANE('',#4959);
#4440=PLANE('',#4961);
#4441=PLANE('',#4962);
#4442=PLANE('',#4963);
#4443=PLANE('',#4964);
#4444=PLANE('',#4968);
#4445=PLANE('',#4971);
#4446=PLANE('',#4974);
#4447=PLANE('',#4983);
#4448=PLANE('',#4986);
#4449=PLANE('',#4989);
#4450=PLANE('',#4999);
#4451=PLANE('',#5003);
#4452=PLANE('',#5007);
#4453=PLANE('',#5011);
#4454=PLANE('',#5015);
#4455=PLANE('',#5019);
#4456=PLANE('',#5023);
#4457=PLANE('',#5027);
#4458=PLANE('',#5030);
#4459=PLANE('',#5033);
#4460=PLANE('',#5034);
#4461=PLANE('',#5037);
#4462=PLANE('',#5040);
#4463=PLANE('',#5050);
#4464=PLANE('',#5051);
#4465=PLANE('',#5059);
#4466=PLANE('',#5060);
#4467=PLANE('',#5064);
#4468=PLANE('',#5069);
#4469=PLANE('',#5074);
#4470=PLANE('',#5079);
#4471=PLANE('',#5086);
#4472=PLANE('',#5093);
#4473=PLANE('',#5100);
#4474=PLANE('',#5106);
#4475=PLANE('',#5113);
#4476=PLANE('',#5120);
#4477=PLANE('',#5127);
#4478=PLANE('',#5132);
#4479=PLANE('',#5139);
#4480=PLANE('',#5140);
#4481=PLANE('',#5141);
#4482=PLANE('',#5148);
#4483=PLANE('',#5149);
#4484=PLANE('',#5155);
#4485=PLANE('',#5156);
#4486=PLANE('',#5162);
#4487=PLANE('',#5163);
#4488=PLANE('',#5165);
#4489=PLANE('',#5170);
#4490=PLANE('',#5171);
#4491=PLANE('',#5177);
#4492=PLANE('',#5178);
#4493=PLANE('',#5184);
#4494=PLANE('',#5185);
#4495=PLANE('',#5191);
#4496=PLANE('',#5192);
#4497=PLANE('',#5194);
#4498=PLANE('',#5199);
#4499=PLANE('',#5200);
#4500=PLANE('',#5206);
#4501=PLANE('',#5208);
#4502=PLANE('',#5209);
#4503=PLANE('',#5214);
#4504=PLANE('',#5219);
#4505=PLANE('',#5220);
#4506=PLANE('',#5226);
#4507=PLANE('',#5228);
#4508=PLANE('',#5229);
#4509=PLANE('',#5234);
#4510=PLANE('',#5235);
#4511=PLANE('',#5236);
#4512=PLANE('',#5237);
#4513=PLANE('',#5238);
#4514=PLANE('',#5239);
#4515=PLANE('',#5240);
#4516=PLANE('',#5241);
#4517=PLANE('',#5242);
#4518=PLANE('',#5243);
#4519=PLANE('',#5244);
#4520=PLANE('',#5245);
#4521=PLANE('',#5246);
#4522=PLANE('',#5247);
#4523=PLANE('',#5248);
#4524=PLANE('',#5249);
#4525=PLANE('',#5250);
#4526=PLANE('',#5251);
#4527=PLANE('',#5252);
#4528=PLANE('',#5253);
#4529=PLANE('',#5255);
#4530=PLANE('',#5257);
#4531=PLANE('',#5258);
#4532=PLANE('',#5259);
#4533=PLANE('',#5260);
#4534=PLANE('',#5261);
#4535=PLANE('',#5262);
#4536=PLANE('',#5263);
#4537=PLANE('',#5264);
#4538=PLANE('',#5265);
#4539=PLANE('',#5266);
#4540=PLANE('',#5267);
#4541=PLANE('',#5268);
#4542=PLANE('',#5269);
#4543=PLANE('',#5270);
#4544=PLANE('',#5271);
#4545=PLANE('',#5272);
#4546=PLANE('',#5274);
#4547=PLANE('',#5276);
#4548=PLANE('',#5277);
#4549=PLANE('',#5279);
#4550=PLANE('',#5281);
#4551=PLANE('',#5282);
#4552=PLANE('',#5283);
#4553=PLANE('',#5286);
#4554=PLANE('',#5289);
#4555=PLANE('',#5292);
#4556=PLANE('',#5293);
#4557=PLANE('',#5294);
#4558=PLANE('',#5297);
#4559=PLANE('',#5300);
#4560=PLANE('',#5301);
#4561=PLANE('',#5302);
#4562=PLANE('',#5305);
#4563=PLANE('',#5308);
#4564=PLANE('',#5309);
#4565=PLANE('',#5310);
#4566=PLANE('',#5313);
#4567=PLANE('',#5316);
#4568=PLANE('',#5319);
#4569=PLANE('',#5322);
#4570=PLANE('',#5325);
#4571=ADVANCED_FACE('',(#377),#4409,.T.);
#4572=ADVANCED_FACE('',(#378),#285,.T.);
#4573=ADVANCED_FACE('',(#379),#4410,.T.);
#4574=ADVANCED_FACE('',(#380),#286,.T.);
#4575=ADVANCED_FACE('',(#381),#4411,.T.);
#4576=ADVANCED_FACE('',(#382),#287,.T.);
#4577=ADVANCED_FACE('',(#383),#4412,.T.);
#4578=ADVANCED_FACE('',(#384),#288,.T.);
#4579=ADVANCED_FACE('',(#385),#4413,.T.);
#4580=ADVANCED_FACE('',(#386),#4414,.T.);
#4581=ADVANCED_FACE('',(#387),#289,.T.);
#4582=ADVANCED_FACE('',(#388),#4415,.T.);
#4583=ADVANCED_FACE('',(#389),#290,.T.);
#4584=ADVANCED_FACE('',(#390),#4416,.T.);
#4585=ADVANCED_FACE('',(#391),#291,.T.);
#4586=ADVANCED_FACE('',(#392),#4417,.T.);
#4587=ADVANCED_FACE('',(#393),#4418,.T.);
#4588=ADVANCED_FACE('',(#394),#292,.T.);
#4589=ADVANCED_FACE('',(#395),#4419,.T.);
#4590=ADVANCED_FACE('',(#396),#293,.T.);
#4591=ADVANCED_FACE('',(#397),#4420,.T.);
#4592=ADVANCED_FACE('',(#398),#294,.T.);
#4593=ADVANCED_FACE('',(#399),#4421,.T.);
#4594=ADVANCED_FACE('',(#400),#4422,.T.);
#4595=ADVANCED_FACE('',(#401),#295,.T.);
#4596=ADVANCED_FACE('',(#402),#4423,.T.);
#4597=ADVANCED_FACE('',(#403),#296,.T.);
#4598=ADVANCED_FACE('',(#404),#4424,.T.);
#4599=ADVANCED_FACE('',(#405),#297,.T.);
#4600=ADVANCED_FACE('',(#406),#4425,.T.);
#4601=ADVANCED_FACE('',(#407),#298,.T.);
#4602=ADVANCED_FACE('',(#408),#4426,.T.);
#4603=ADVANCED_FACE('',(#409),#299,.T.);
#4604=ADVANCED_FACE('',(#410),#4427,.T.);
#4605=ADVANCED_FACE('',(#411),#4428,.T.);
#4606=ADVANCED_FACE('',(#412),#300,.T.);
#4607=ADVANCED_FACE('',(#413),#4429,.T.);
#4608=ADVANCED_FACE('',(#414),#301,.T.);
#4609=ADVANCED_FACE('',(#415),#4430,.T.);
#4610=ADVANCED_FACE('',(#416),#302,.T.);
#4611=ADVANCED_FACE('',(#417),#4431,.T.);
#4612=ADVANCED_FACE('',(#418),#303,.T.);
#4613=ADVANCED_FACE('',(#419),#4432,.T.);
#4614=ADVANCED_FACE('',(#420),#304,.T.);
#4615=ADVANCED_FACE('',(#421),#4433,.T.);
#4616=ADVANCED_FACE('',(#422,#15,#16,#17,#18,#19,#20,#21,#22,#23),#4434,
 .T.);
#4617=ADVANCED_FACE('',(#423),#4435,.T.);
#4618=ADVANCED_FACE('',(#424),#4436,.T.);
#4619=ADVANCED_FACE('',(#425),#305,.T.);
#4620=ADVANCED_FACE('',(#426),#4437,.T.);
#4621=ADVANCED_FACE('',(#427),#4438,.T.);
#4622=ADVANCED_FACE('',(#428),#4439,.T.);
#4623=ADVANCED_FACE('',(#429),#4440,.T.);
#4624=ADVANCED_FACE('',(#430),#4441,.T.);
#4625=ADVANCED_FACE('',(#431),#4442,.T.);
#4626=ADVANCED_FACE('',(#432),#4443,.T.);
#4627=ADVANCED_FACE('',(#433),#306,.F.);
#4628=ADVANCED_FACE('',(#434),#4444,.T.);
#4629=ADVANCED_FACE('',(#435),#307,.F.);
#4630=ADVANCED_FACE('',(#436),#4445,.T.);
#4631=ADVANCED_FACE('',(#437),#308,.F.);
#4632=ADVANCED_FACE('',(#438),#4446,.T.);
#4633=ADVANCED_FACE('',(#439),#309,.F.);
#4634=ADVANCED_FACE('',(#440),#310,.F.);
#4635=ADVANCED_FACE('',(#441),#311,.F.);
#4636=ADVANCED_FACE('',(#442),#312,.F.);
#4637=ADVANCED_FACE('',(#443),#4447,.T.);
#4638=ADVANCED_FACE('',(#444),#313,.F.);
#4639=ADVANCED_FACE('',(#445),#4448,.T.);
#4640=ADVANCED_FACE('',(#446),#314,.F.);
#4641=ADVANCED_FACE('',(#447),#4449,.T.);
#4642=ADVANCED_FACE('',(#448),#315,.F.);
#4643=ADVANCED_FACE('',(#449),#316,.F.);
#4644=ADVANCED_FACE('',(#450),#317,.F.);
#4645=ADVANCED_FACE('',(#451),#318,.F.);
#4646=ADVANCED_FACE('',(#452),#4450,.T.);
#4647=ADVANCED_FACE('',(#453),#319,.F.);
#4648=ADVANCED_FACE('',(#454),#4451,.T.);
#4649=ADVANCED_FACE('',(#455),#320,.F.);
#4650=ADVANCED_FACE('',(#456),#4452,.F.);
#4651=ADVANCED_FACE('',(#457),#4453,.F.);
#4652=ADVANCED_FACE('',(#458),#321,.F.);
#4653=ADVANCED_FACE('',(#459),#4454,.F.);
#4654=ADVANCED_FACE('',(#460),#322,.F.);
#4655=ADVANCED_FACE('',(#461),#4455,.F.);
#4656=ADVANCED_FACE('',(#462),#323,.F.);
#4657=ADVANCED_FACE('',(#463),#4456,.F.);
#4658=ADVANCED_FACE('',(#464),#324,.F.);
#4659=ADVANCED_FACE('',(#465),#4457,.F.);
#4660=ADVANCED_FACE('',(#466),#325,.F.);
#4661=ADVANCED_FACE('',(#467),#4458,.F.);
#4662=ADVANCED_FACE('',(#468),#326,.F.);
#4663=ADVANCED_FACE('',(#469),#4459,.F.);
#4664=ADVANCED_FACE('',(#470),#4460,.F.);
#4665=ADVANCED_FACE('',(#471),#4461,.F.);
#4666=ADVANCED_FACE('',(#472),#327,.T.);
#4667=ADVANCED_FACE('',(#473,#24,#25,#26,#27,#28,#29,#30,#31,#32,#33,#34,
#35,#36,#37),#4462,.F.);
#4668=ADVANCED_FACE('',(#474),#328,.T.);
#4669=ADVANCED_FACE('',(#475),#4463,.F.);
#4670=ADVANCED_FACE('',(#476),#4464,.F.);
#4671=ADVANCED_FACE('',(#477),#329,.T.);
#4672=ADVANCED_FACE('',(#478),#330,.T.);
#4673=ADVANCED_FACE('',(#479),#331,.T.);
#4674=ADVANCED_FACE('',(#480),#4465,.F.);
#4675=ADVANCED_FACE('',(#481),#4466,.T.);
#4676=ADVANCED_FACE('',(#482),#332,.F.);
#4677=ADVANCED_FACE('',(#483,#38),#4467,.F.);
#4678=ADVANCED_FACE('',(#484),#333,.F.);
#4679=ADVANCED_FACE('',(#485,#39),#4468,.T.);
#4680=ADVANCED_FACE('',(#486),#334,.F.);
#4681=ADVANCED_FACE('',(#487,#40),#4469,.T.);
#4682=ADVANCED_FACE('',(#488),#335,.F.);
#4683=ADVANCED_FACE('',(#489,#41),#4470,.T.);
#4684=ADVANCED_FACE('',(#490),#336,.F.);
#4685=ADVANCED_FACE('',(#491,#42),#4471,.T.);
#4686=ADVANCED_FACE('',(#492),#337,.F.);
#4687=ADVANCED_FACE('',(#493,#43),#4472,.T.);
#4688=ADVANCED_FACE('',(#494),#338,.F.);
#4689=ADVANCED_FACE('',(#495,#44),#4473,.T.);
#4690=ADVANCED_FACE('',(#496),#339,.F.);
#4691=ADVANCED_FACE('',(#497,#45),#4474,.T.);
#4692=ADVANCED_FACE('',(#498),#340,.F.);
#4693=ADVANCED_FACE('',(#499,#46),#4475,.F.);
#4694=ADVANCED_FACE('',(#500),#341,.F.);
#4695=ADVANCED_FACE('',(#501,#47),#4476,.T.);
#4696=ADVANCED_FACE('',(#502),#342,.F.);
#4697=ADVANCED_FACE('',(#503,#48),#4477,.F.);
#4698=ADVANCED_FACE('',(#504),#343,.F.);
#4699=ADVANCED_FACE('',(#505,#49),#4478,.T.);
#4700=ADVANCED_FACE('',(#506),#344,.T.);
#4701=ADVANCED_FACE('',(#507),#4479,.T.);
#4702=ADVANCED_FACE('',(#508),#4480,.T.);
#4703=ADVANCED_FACE('',(#509),#4481,.T.);
#4704=ADVANCED_FACE('',(#510),#345,.T.);
#4705=ADVANCED_FACE('',(#511),#4482,.T.);
#4706=ADVANCED_FACE('',(#512),#4483,.T.);
#4707=ADVANCED_FACE('',(#513),#346,.T.);
#4708=ADVANCED_FACE('',(#514),#4484,.T.);
#4709=ADVANCED_FACE('',(#515),#4485,.T.);
#4710=ADVANCED_FACE('',(#516),#347,.T.);
#4711=ADVANCED_FACE('',(#517),#4486,.T.);
#4712=ADVANCED_FACE('',(#518),#4487,.T.);
#4713=ADVANCED_FACE('',(#519),#4488,.T.);
#4714=ADVANCED_FACE('',(#520),#348,.T.);
#4715=ADVANCED_FACE('',(#521),#4489,.T.);
#4716=ADVANCED_FACE('',(#522),#4490,.T.);
#4717=ADVANCED_FACE('',(#523),#349,.T.);
#4718=ADVANCED_FACE('',(#524),#4491,.T.);
#4719=ADVANCED_FACE('',(#525),#4492,.T.);
#4720=ADVANCED_FACE('',(#526),#350,.T.);
#4721=ADVANCED_FACE('',(#527),#4493,.T.);
#4722=ADVANCED_FACE('',(#528),#4494,.T.);
#4723=ADVANCED_FACE('',(#529),#351,.T.);
#4724=ADVANCED_FACE('',(#530),#4495,.T.);
#4725=ADVANCED_FACE('',(#531),#4496,.T.);
#4726=ADVANCED_FACE('',(#532),#4497,.T.);
#4727=ADVANCED_FACE('',(#533),#352,.T.);
#4728=ADVANCED_FACE('',(#534),#4498,.T.);
#4729=ADVANCED_FACE('',(#535),#4499,.T.);
#4730=ADVANCED_FACE('',(#536),#353,.T.);
#4731=ADVANCED_FACE('',(#537),#4500,.T.);
#4732=ADVANCED_FACE('',(#538),#4501,.T.);
#4733=ADVANCED_FACE('',(#539),#4502,.T.);
#4734=ADVANCED_FACE('',(#540),#354,.T.);
#4735=ADVANCED_FACE('',(#541),#4503,.T.);
#4736=ADVANCED_FACE('',(#542),#355,.T.);
#4737=ADVANCED_FACE('',(#543),#4504,.T.);
#4738=ADVANCED_FACE('',(#544),#4505,.T.);
#4739=ADVANCED_FACE('',(#545),#356,.T.);
#4740=ADVANCED_FACE('',(#546),#4506,.T.);
#4741=ADVANCED_FACE('',(#547),#4507,.T.);
#4742=ADVANCED_FACE('',(#548),#4508,.T.);
#4743=ADVANCED_FACE('',(#549),#357,.T.);
#4744=ADVANCED_FACE('',(#550),#4509,.T.);
#4745=ADVANCED_FACE('',(#551),#4510,.T.);
#4746=ADVANCED_FACE('',(#552),#4511,.T.);
#4747=ADVANCED_FACE('',(#553),#4512,.T.);
#4748=ADVANCED_FACE('',(#554),#4513,.T.);
#4749=ADVANCED_FACE('',(#555),#4514,.T.);
#4750=ADVANCED_FACE('',(#556),#4515,.T.);
#4751=ADVANCED_FACE('',(#557),#4516,.T.);
#4752=ADVANCED_FACE('',(#558),#4517,.T.);
#4753=ADVANCED_FACE('',(#559),#4518,.T.);
#4754=ADVANCED_FACE('',(#560),#4519,.T.);
#4755=ADVANCED_FACE('',(#561),#4520,.T.);
#4756=ADVANCED_FACE('',(#562),#4521,.T.);
#4757=ADVANCED_FACE('',(#563),#4522,.T.);
#4758=ADVANCED_FACE('',(#564),#4523,.T.);
#4759=ADVANCED_FACE('',(#565),#4524,.T.);
#4760=ADVANCED_FACE('',(#566),#4525,.T.);
#4761=ADVANCED_FACE('',(#567),#4526,.F.);
#4762=ADVANCED_FACE('',(#568),#4527,.F.);
#4763=ADVANCED_FACE('',(#569),#4528,.T.);
#4764=ADVANCED_FACE('',(#570),#358,.F.);
#4765=ADVANCED_FACE('',(#571),#4529,.F.);
#4766=ADVANCED_FACE('',(#572),#359,.F.);
#4767=ADVANCED_FACE('',(#573),#4530,.T.);
#4768=ADVANCED_FACE('',(#574),#4531,.F.);
#4769=ADVANCED_FACE('',(#575),#4532,.T.);
#4770=ADVANCED_FACE('',(#576),#4533,.T.);
#4771=ADVANCED_FACE('',(#577),#4534,.T.);
#4772=ADVANCED_FACE('',(#578),#4535,.T.);
#4773=ADVANCED_FACE('',(#579),#4536,.T.);
#4774=ADVANCED_FACE('',(#580),#4537,.T.);
#4775=ADVANCED_FACE('',(#581),#4538,.T.);
#4776=ADVANCED_FACE('',(#582),#4539,.T.);
#4777=ADVANCED_FACE('',(#583),#4540,.T.);
#4778=ADVANCED_FACE('',(#584),#4541,.T.);
#4779=ADVANCED_FACE('',(#585),#4542,.T.);
#4780=ADVANCED_FACE('',(#586),#4543,.T.);
#4781=ADVANCED_FACE('',(#587),#4544,.T.);
#4782=ADVANCED_FACE('',(#588),#4545,.T.);
#4783=ADVANCED_FACE('',(#589),#360,.F.);
#4784=ADVANCED_FACE('',(#590),#4546,.T.);
#4785=ADVANCED_FACE('',(#591),#361,.F.);
#4786=ADVANCED_FACE('',(#592),#4547,.T.);
#4787=ADVANCED_FACE('',(#593),#4548,.T.);
#4788=ADVANCED_FACE('',(#594),#362,.F.);
#4789=ADVANCED_FACE('',(#595),#4549,.T.);
#4790=ADVANCED_FACE('',(#596),#363,.F.);
#4791=ADVANCED_FACE('',(#597),#4550,.F.);
#4792=ADVANCED_FACE('',(#598),#4551,.T.);
#4793=ADVANCED_FACE('',(#599),#4552,.T.);
#4794=ADVANCED_FACE('',(#600),#364,.F.);
#4795=ADVANCED_FACE('',(#601),#4553,.T.);
#4796=ADVANCED_FACE('',(#602),#365,.F.);
#4797=ADVANCED_FACE('',(#603),#4554,.T.);
#4798=ADVANCED_FACE('',(#604),#366,.F.);
#4799=ADVANCED_FACE('',(#605),#4555,.F.);
#4800=ADVANCED_FACE('',(#606),#4556,.F.);
#4801=ADVANCED_FACE('',(#607),#4557,.T.);
#4802=ADVANCED_FACE('',(#608),#367,.F.);
#4803=ADVANCED_FACE('',(#609),#4558,.T.);
#4804=ADVANCED_FACE('',(#610),#368,.F.);
#4805=ADVANCED_FACE('',(#611),#4559,.F.);
#4806=ADVANCED_FACE('',(#612),#4560,.F.);
#4807=ADVANCED_FACE('',(#613),#4561,.T.);
#4808=ADVANCED_FACE('',(#614),#369,.F.);
#4809=ADVANCED_FACE('',(#615),#4562,.T.);
#4810=ADVANCED_FACE('',(#616),#370,.F.);
#4811=ADVANCED_FACE('',(#617),#4563,.F.);
#4812=ADVANCED_FACE('',(#618),#4564,.F.);
#4813=ADVANCED_FACE('',(#619),#4565,.T.);
#4814=ADVANCED_FACE('',(#620),#371,.F.);
#4815=ADVANCED_FACE('',(#621),#4566,.T.);
#4816=ADVANCED_FACE('',(#622),#372,.F.);
#4817=ADVANCED_FACE('',(#623),#4567,.T.);
#4818=ADVANCED_FACE('',(#624),#373,.F.);
#4819=ADVANCED_FACE('',(#625),#4568,.T.);
#4820=ADVANCED_FACE('',(#626),#374,.F.);
#4821=ADVANCED_FACE('',(#627),#4569,.T.);
#4822=ADVANCED_FACE('',(#628),#375,.F.);
#4823=ADVANCED_FACE('',(#629),#4570,.T.);
#4824=ADVANCED_FACE('',(#630),#376,.F.);
#4825=CLOSED_SHELL('',(#4571,#4572,#4573,#4574,#4575,#4576,#4577,#4578,
#4579,#4580,#4581,#4582,#4583,#4584,#4585,#4586,#4587,#4588,#4589,#4590,
#4591,#4592,#4593,#4594,#4595,#4596,#4597,#4598,#4599,#4600,#4601,#4602,
#4603,#4604,#4605,#4606,#4607,#4608,#4609,#4610,#4611,#4612,#4613,#4614,
#4615,#4616,#4617,#4618,#4619,#4620,#4621,#4622,#4623,#4624,#4625,#4626,
#4627,#4628,#4629,#4630,#4631,#4632,#4633,#4634,#4635,#4636,#4637,#4638,
#4639,#4640,#4641,#4642,#4643,#4644,#4645,#4646,#4647,#4648,#4649,#4650,
#4651,#4652,#4653,#4654,#4655,#4656,#4657,#4658,#4659,#4660,#4661,#4662,
#4663,#4664,#4665,#4666,#4667,#4668,#4669,#4670,#4671,#4672,#4673,#4674,
#4675,#4676,#4677,#4678,#4679,#4680,#4681,#4682,#4683,#4684,#4685,#4686,
#4687,#4688,#4689,#4690,#4691,#4692,#4693,#4694,#4695,#4696,#4697,#4698,
#4699,#4700,#4701,#4702,#4703,#4704,#4705,#4706,#4707,#4708,#4709,#4710,
#4711,#4712,#4713,#4714,#4715,#4716,#4717,#4718,#4719,#4720,#4721,#4722,
#4723,#4724,#4725,#4726,#4727,#4728,#4729,#4730,#4731,#4732,#4733,#4734,
#4735,#4736,#4737,#4738,#4739,#4740,#4741,#4742,#4743,#4744,#4745,#4746,
#4747,#4748,#4749,#4750,#4751,#4752,#4753,#4754,#4755,#4756,#4757,#4758,
#4759,#4760,#4761,#4762,#4763,#4764,#4765,#4766,#4767,#4768,#4769,#4770,
#4771,#4772,#4773,#4774,#4775,#4776,#4777,#4778,#4779,#4780,#4781,#4782,
#4783,#4784,#4785,#4786,#4787,#4788,#4789,#4790,#4791,#4792,#4793,#4794,
#4795,#4796,#4797,#4798,#4799,#4800,#4801,#4802,#4803,#4804,#4805,#4806,
#4807,#4808,#4809,#4810,#4811,#4812,#4813,#4814,#4815,#4816,#4817,#4818,
#4819,#4820,#4821,#4822,#4823,#4824));
#4826=DERIVED_UNIT_ELEMENT(#4828,1.);
#4827=DERIVED_UNIT_ELEMENT(#8195,-3.);
#4828=(
MASS_UNIT()
NAMED_UNIT(*)
SI_UNIT(.KILO.,.GRAM.)
);
#4829=DERIVED_UNIT((#4826,#4827));
#4830=MEASURE_REPRESENTATION_ITEM('density measure',
POSITIVE_RATIO_MEASURE(7850.),#4829);
#4831=PROPERTY_DEFINITION_REPRESENTATION(#4836,#4833);
#4832=PROPERTY_DEFINITION_REPRESENTATION(#4837,#4834);
#4833=REPRESENTATION('material name',(#4835),#8192);
#4834=REPRESENTATION('density',(#4830),#8192);
#4835=DESCRIPTIVE_REPRESENTATION_ITEM('Steel','Steel');
#4836=PROPERTY_DEFINITION('material property','material name',#8202);
#4837=PROPERTY_DEFINITION('material property','density of part',#8202);
#4838=AXIS2_PLACEMENT_3D('',#6772,#5328,#5329);
#4839=AXIS2_PLACEMENT_3D('',#6773,#5330,#5331);
#4840=AXIS2_PLACEMENT_3D('',#6782,#5336,#5337);
#4841=AXIS2_PLACEMENT_3D('',#6784,#5338,#5339);
#4842=AXIS2_PLACEMENT_3D('',#6786,#5340,#5341);
#4843=AXIS2_PLACEMENT_3D('',#6788,#5343,#5344);
#4844=AXIS2_PLACEMENT_3D('',#6794,#5348,#5349);
#4845=AXIS2_PLACEMENT_3D('',#6796,#5350,#5351);
#4846=AXIS2_PLACEMENT_3D('',#6798,#5352,#5353);
#4847=AXIS2_PLACEMENT_3D('',#6800,#5355,#5356);
#4848=AXIS2_PLACEMENT_3D('',#6806,#5360,#5361);
#4849=AXIS2_PLACEMENT_3D('',#6808,#5362,#5363);
#4850=AXIS2_PLACEMENT_3D('',#6810,#5364,#5365);
#4851=AXIS2_PLACEMENT_3D('',#6812,#5367,#5368);
#4852=AXIS2_PLACEMENT_3D('',#6818,#5372,#5373);
#4853=AXIS2_PLACEMENT_3D('',#6819,#5374,#5375);
#4854=AXIS2_PLACEMENT_3D('',#6820,#5376,#5377);
#4855=AXIS2_PLACEMENT_3D('',#6821,#5378,#5379);
#4856=AXIS2_PLACEMENT_3D('',#6822,#5380,#5381);
#4857=AXIS2_PLACEMENT_3D('',#6831,#5386,#5387);
#4858=AXIS2_PLACEMENT_3D('',#6833,#5388,#5389);
#4859=AXIS2_PLACEMENT_3D('',#6835,#5390,#5391);
#4860=AXIS2_PLACEMENT_3D('',#6837,#5393,#5394);
#4861=AXIS2_PLACEMENT_3D('',#6843,#5398,#5399);
#4862=AXIS2_PLACEMENT_3D('',#6845,#5400,#5401);
#4863=AXIS2_PLACEMENT_3D('',#6847,#5402,#5403);
#4864=AXIS2_PLACEMENT_3D('',#6849,#5405,#5406);
#4865=AXIS2_PLACEMENT_3D('',#6855,#5410,#5411);
#4866=AXIS2_PLACEMENT_3D('',#6856,#5412,#5413);
#4867=AXIS2_PLACEMENT_3D('',#6857,#5414,#5415);
#4868=AXIS2_PLACEMENT_3D('',#6858,#5416,#5417);
#4869=AXIS2_PLACEMENT_3D('',#6859,#5418,#5419);
#4870=AXIS2_PLACEMENT_3D('',#6868,#5424,#5425);
#4871=AXIS2_PLACEMENT_3D('',#6870,#5426,#5427);
#4872=AXIS2_PLACEMENT_3D('',#6872,#5428,#5429);
#4873=AXIS2_PLACEMENT_3D('',#6874,#5431,#5432);
#4874=AXIS2_PLACEMENT_3D('',#6880,#5436,#5437);
#4875=AXIS2_PLACEMENT_3D('',#6882,#5438,#5439);
#4876=AXIS2_PLACEMENT_3D('',#6884,#5440,#5441);
#4877=AXIS2_PLACEMENT_3D('',#6886,#5443,#5444);
#4878=AXIS2_PLACEMENT_3D('',#6892,#5448,#5449);
#4879=AXIS2_PLACEMENT_3D('',#6893,#5450,#5451);
#4880=AXIS2_PLACEMENT_3D('',#6894,#5452,#5453);
#4881=AXIS2_PLACEMENT_3D('',#6895,#5454,#5455);
#4882=AXIS2_PLACEMENT_3D('',#6896,#5456,#5457);
#4883=AXIS2_PLACEMENT_3D('',#6905,#5462,#5463);
#4884=AXIS2_PLACEMENT_3D('',#6907,#5464,#5465);
#4885=AXIS2_PLACEMENT_3D('',#6909,#5466,#5467);
#4886=AXIS2_PLACEMENT_3D('',#6911,#5469,#5470);
#4887=AXIS2_PLACEMENT_3D('',#6917,#5474,#5475);
#4888=AXIS2_PLACEMENT_3D('',#6919,#5476,#5477);
#4889=AXIS2_PLACEMENT_3D('',#6921,#5478,#5479);
#4890=AXIS2_PLACEMENT_3D('',#6923,#5481,#5482);
#4891=AXIS2_PLACEMENT_3D('',#6929,#5486,#5487);
#4892=AXIS2_PLACEMENT_3D('',#6931,#5488,#5489);
#4893=AXIS2_PLACEMENT_3D('',#6933,#5490,#5491);
#4894=AXIS2_PLACEMENT_3D('',#6935,#5493,#5494);
#4895=AXIS2_PLACEMENT_3D('',#6941,#5498,#5499);
#4896=AXIS2_PLACEMENT_3D('',#6943,#5500,#5501);
#4897=AXIS2_PLACEMENT_3D('',#6945,#5502,#5503);
#4898=AXIS2_PLACEMENT_3D('',#6947,#5505,#5506);
#4899=AXIS2_PLACEMENT_3D('',#6953,#5510,#5511);
#4900=AXIS2_PLACEMENT_3D('',#6954,#5512,#5513);
#4901=AXIS2_PLACEMENT_3D('',#6955,#5514,#5515);
#4902=AXIS2_PLACEMENT_3D('',#6956,#5516,#5517);
#4903=AXIS2_PLACEMENT_3D('',#6957,#5518,#5519);
#4904=AXIS2_PLACEMENT_3D('',#6966,#5524,#5525);
#4905=AXIS2_PLACEMENT_3D('',#6968,#5526,#5527);
#4906=AXIS2_PLACEMENT_3D('',#6970,#5528,#5529);
#4907=AXIS2_PLACEMENT_3D('',#6972,#5531,#5532);
#4908=AXIS2_PLACEMENT_3D('',#6978,#5536,#5537);
#4909=AXIS2_PLACEMENT_3D('',#6980,#5538,#5539);
#4910=AXIS2_PLACEMENT_3D('',#6982,#5540,#5541);
#4911=AXIS2_PLACEMENT_3D('',#6984,#5543,#5544);
#4912=AXIS2_PLACEMENT_3D('',#6990,#5548,#5549);
#4913=AXIS2_PLACEMENT_3D('',#6992,#5550,#5551);
#4914=AXIS2_PLACEMENT_3D('',#6994,#5552,#5553);
#4915=AXIS2_PLACEMENT_3D('',#6996,#5555,#5556);
#4916=AXIS2_PLACEMENT_3D('',#7002,#5560,#5561);
#4917=AXIS2_PLACEMENT_3D('',#7003,#5562,#5563);
#4918=AXIS2_PLACEMENT_3D('',#7004,#5564,#5565);
#4919=AXIS2_PLACEMENT_3D('',#7005,#5566,#5567);
#4920=AXIS2_PLACEMENT_3D('',#7006,#5568,#5569);
#4921=AXIS2_PLACEMENT_3D('',#7009,#5570,#5571);
#4922=AXIS2_PLACEMENT_3D('',#7013,#5573,#5574);
#4923=AXIS2_PLACEMENT_3D('',#7015,#5575,#5576);
#4924=AXIS2_PLACEMENT_3D('',#7017,#5577,#5578);
#4925=AXIS2_PLACEMENT_3D('',#7021,#5580,#5581);
#4926=AXIS2_PLACEMENT_3D('',#7022,#5582,#5583);
#4927=AXIS2_PLACEMENT_3D('',#7023,#5584,#5585);
#4928=AXIS2_PLACEMENT_3D('',#7029,#5588,#5589);
#4929=AXIS2_PLACEMENT_3D('',#7031,#5591,#5592);
#4930=AXIS2_PLACEMENT_3D('',#7059,#5606,#5607);
#4931=AXIS2_PLACEMENT_3D('',#7095,#5625,#5626);
#4932=AXIS2_PLACEMENT_3D('',#7099,#5628,#5629);
#4933=AXIS2_PLACEMENT_3D('',#7103,#5631,#5632);
#4934=AXIS2_PLACEMENT_3D('',#7106,#5634,#5635);
#4935=AXIS2_PLACEMENT_3D('',#7108,#5636,#5637);
#4936=AXIS2_PLACEMENT_3D('',#7110,#5638,#5639);
#4937=AXIS2_PLACEMENT_3D('',#7115,#5641,#5642);
#4938=AXIS2_PLACEMENT_3D('',#7119,#5644,#5645);
#4939=AXIS2_PLACEMENT_3D('',#7123,#5647,#5648);
#4940=AXIS2_PLACEMENT_3D('',#7126,#5650,#5651);
#4941=AXIS2_PLACEMENT_3D('',#7128,#5652,#5653);
#4942=AXIS2_PLACEMENT_3D('',#7130,#5654,#5655);
#4943=AXIS2_PLACEMENT_3D('',#7135,#5657,#5658);
#4944=AXIS2_PLACEMENT_3D('',#7139,#5660,#5661);
#4945=AXIS2_PLACEMENT_3D('',#7143,#5663,#5664);
#4946=AXIS2_PLACEMENT_3D('',#7146,#5666,#5667);
#4947=AXIS2_PLACEMENT_3D('',#7148,#5668,#5669);
#4948=AXIS2_PLACEMENT_3D('',#7150,#5670,#5671);
#4949=AXIS2_PLACEMENT_3D('',#7151,#5672,#5673);
#4950=AXIS2_PLACEMENT_3D('',#7155,#5676,#5677);
#4951=AXIS2_PLACEMENT_3D('',#7167,#5684,#5685);
#4952=AXIS2_PLACEMENT_3D('',#7170,#5686,#5687);
#4953=AXIS2_PLACEMENT_3D('',#7173,#5689,#5690);
#4954=AXIS2_PLACEMENT_3D('',#7175,#5691,#5692);
#4955=AXIS2_PLACEMENT_3D('',#7179,#5694,#5695);
#4956=AXIS2_PLACEMENT_3D('',#7180,#5696,#5697);
#4957=AXIS2_PLACEMENT_3D('',#7181,#5698,#5699);
#4958=AXIS2_PLACEMENT_3D('',#7187,#5703,#5704);
#4959=AXIS2_PLACEMENT_3D('',#7189,#5706,#5707);
#4960=AXIS2_PLACEMENT_3D('',#7193,#5709,#5710);
#4961=AXIS2_PLACEMENT_3D('',#7195,#5712,#5713);
#4962=AXIS2_PLACEMENT_3D('',#7199,#5716,#5717);
#4963=AXIS2_PLACEMENT_3D('',#7203,#5720,#5721);
#4964=AXIS2_PLACEMENT_3D('',#7207,#5724,#5725);
#4965=AXIS2_PLACEMENT_3D('',#7209,#5726,#5727);
#4966=AXIS2_PLACEMENT_3D('',#7213,#5730,#5731);
#4967=AXIS2_PLACEMENT_3D('',#7217,#5733,#5734);
#4968=AXIS2_PLACEMENT_3D('',#7219,#5736,#5737);
#4969=AXIS2_PLACEMENT_3D('',#7223,#5740,#5741);
#4970=AXIS2_PLACEMENT_3D('',#7227,#5743,#5744);
#4971=AXIS2_PLACEMENT_3D('',#7229,#5746,#5747);
#4972=AXIS2_PLACEMENT_3D('',#7233,#5750,#5751);
#4973=AXIS2_PLACEMENT_3D('',#7237,#5753,#5754);
#4974=AXIS2_PLACEMENT_3D('',#7239,#5756,#5757);
#4975=AXIS2_PLACEMENT_3D('',#7243,#5760,#5761);
#4976=AXIS2_PLACEMENT_3D('',#7245,#5762,#5763);
#4977=AXIS2_PLACEMENT_3D('',#7247,#5765,#5766);
#4978=AXIS2_PLACEMENT_3D('',#7249,#5767,#5768);
#4979=AXIS2_PLACEMENT_3D('',#7251,#5770,#5771);
#4980=AXIS2_PLACEMENT_3D('',#7253,#5772,#5773);
#4981=AXIS2_PLACEMENT_3D('',#7255,#5775,#5776);
#4982=AXIS2_PLACEMENT_3D('',#7259,#5778,#5779);
#4983=AXIS2_PLACEMENT_3D('',#7261,#5781,#5782);
#4984=AXIS2_PLACEMENT_3D('',#7265,#5785,#5786);
#4985=AXIS2_PLACEMENT_3D('',#7269,#5788,#5789);
#4986=AXIS2_PLACEMENT_3D('',#7271,#5791,#5792);
#4987=AXIS2_PLACEMENT_3D('',#7275,#5795,#5796);
#4988=AXIS2_PLACEMENT_3D('',#7279,#5798,#5799);
#4989=AXIS2_PLACEMENT_3D('',#7281,#5801,#5802);
#4990=AXIS2_PLACEMENT_3D('',#7285,#5805,#5806);
#4991=AXIS2_PLACEMENT_3D('',#7287,#5807,#5808);
#4992=AXIS2_PLACEMENT_3D('',#7289,#5810,#5811);
#4993=AXIS2_PLACEMENT_3D('',#7291,#5812,#5813);
#4994=AXIS2_PLACEMENT_3D('',#7293,#5815,#5816);
#4995=AXIS2_PLACEMENT_3D('',#7295,#5817,#5818);
#4996=AXIS2_PLACEMENT_3D('',#7297,#5820,#5821);
#4997=AXIS2_PLACEMENT_3D('',#7300,#5822,#5823);
#4998=AXIS2_PLACEMENT_3D('',#7304,#5825,#5826);
#4999=AXIS2_PLACEMENT_3D('',#7306,#5828,#5829);
#5000=AXIS2_PLACEMENT_3D('',#7314,#5834,#5835);
#5001=AXIS2_PLACEMENT_3D('',#7317,#5836,#5837);
#5002=AXIS2_PLACEMENT_3D('',#7321,#5839,#5840);
#5003=AXIS2_PLACEMENT_3D('',#7323,#5842,#5843);
#5004=AXIS2_PLACEMENT_3D('',#7326,#5846,#5847);
#5005=AXIS2_PLACEMENT_3D('',#7329,#5848,#5849);
#5006=AXIS2_PLACEMENT_3D('',#7333,#5851,#5852);
#5007=AXIS2_PLACEMENT_3D('',#7335,#5854,#5855);
#5008=AXIS2_PLACEMENT_3D('',#7339,#5857,#5858);
#5009=AXIS2_PLACEMENT_3D('',#7349,#5863,#5864);
#5010=AXIS2_PLACEMENT_3D('',#7353,#5866,#5867);
#5011=AXIS2_PLACEMENT_3D('',#7355,#5869,#5870);
#5012=AXIS2_PLACEMENT_3D('',#7359,#5873,#5874);
#5013=AXIS2_PLACEMENT_3D('',#7362,#5875,#5876);
#5014=AXIS2_PLACEMENT_3D('',#7366,#5878,#5879);
#5015=AXIS2_PLACEMENT_3D('',#7368,#5881,#5882);
#5016=AXIS2_PLACEMENT_3D('',#7374,#5886,#5887);
#5017=AXIS2_PLACEMENT_3D('',#7377,#5888,#5889);
#5018=AXIS2_PLACEMENT_3D('',#7381,#5891,#5892);
#5019=AXIS2_PLACEMENT_3D('',#7383,#5894,#5895);
#5020=AXIS2_PLACEMENT_3D('',#7389,#5899,#5900);
#5021=AXIS2_PLACEMENT_3D('',#7392,#5901,#5902);
#5022=AXIS2_PLACEMENT_3D('',#7396,#5904,#5905);
#5023=AXIS2_PLACEMENT_3D('',#7398,#5907,#5908);
#5024=AXIS2_PLACEMENT_3D('',#7401,#5911,#5912);
#5025=AXIS2_PLACEMENT_3D('',#7403,#5913,#5914);
#5026=AXIS2_PLACEMENT_3D('',#7406,#5916,#5917);
#5027=AXIS2_PLACEMENT_3D('',#7407,#5918,#5919);
#5028=AXIS2_PLACEMENT_3D('',#7417,#5925,#5926);
#5029=AXIS2_PLACEMENT_3D('',#7419,#5927,#5928);
#5030=AXIS2_PLACEMENT_3D('',#7421,#5930,#5931);
#5031=AXIS2_PLACEMENT_3D('',#7431,#5938,#5939);
#5032=AXIS2_PLACEMENT_3D('',#7435,#5941,#5942);
#5033=AXIS2_PLACEMENT_3D('',#7437,#5944,#5945);
#5034=AXIS2_PLACEMENT_3D('',#7446,#5951,#5952);
#5035=AXIS2_PLACEMENT_3D('',#7449,#5954,#5955);
#5036=AXIS2_PLACEMENT_3D('',#7452,#5957,#5958);
#5037=AXIS2_PLACEMENT_3D('',#7453,#5959,#5960);
#5038=AXIS2_PLACEMENT_3D('',#7455,#5962,#5963);
#5039=AXIS2_PLACEMENT_3D('',#7457,#5964,#5965);
#5040=AXIS2_PLACEMENT_3D('',#7459,#5967,#5968);
#5041=AXIS2_PLACEMENT_3D('',#7498,#5989,#5990);
#5042=AXIS2_PLACEMENT_3D('',#7508,#5999,#6000);
#5043=AXIS2_PLACEMENT_3D('',#7510,#6001,#6002);
#5044=AXIS2_PLACEMENT_3D('',#7512,#6003,#6004);
#5045=AXIS2_PLACEMENT_3D('',#7514,#6005,#6006);
#5046=AXIS2_PLACEMENT_3D('',#7516,#6007,#6008);
#5047=AXIS2_PLACEMENT_3D('',#7518,#6009,#6010);
#5048=AXIS2_PLACEMENT_3D('',#7519,#6011,#6012);
#5049=AXIS2_PLACEMENT_3D('',#7522,#6014,#6015);
#5050=AXIS2_PLACEMENT_3D('',#7523,#6016,#6017);
#5051=AXIS2_PLACEMENT_3D('',#7525,#6019,#6020);
#5052=AXIS2_PLACEMENT_3D('',#7526,#6021,#6022);
#5053=AXIS2_PLACEMENT_3D('',#7527,#6023,#6024);
#5054=AXIS2_PLACEMENT_3D('',#7528,#6025,#6026);
#5055=AXIS2_PLACEMENT_3D('',#7529,#6027,#6028);
#5056=AXIS2_PLACEMENT_3D('',#7531,#6030,#6031);
#5057=AXIS2_PLACEMENT_3D('',#7532,#6032,#6033);
#5058=AXIS2_PLACEMENT_3D('',#7533,#6034,#6035);
#5059=AXIS2_PLACEMENT_3D('',#7534,#6036,#6037);
#5060=AXIS2_PLACEMENT_3D('',#7535,#6038,#6039);
#5061=AXIS2_PLACEMENT_3D('',#7536,#6040,#6041);
#5062=AXIS2_PLACEMENT_3D('',#7539,#6042,#6043);
#5063=AXIS2_PLACEMENT_3D('',#7543,#6045,#6046);
#5064=AXIS2_PLACEMENT_3D('',#7545,#6048,#6049);
#5065=AXIS2_PLACEMENT_3D('',#7554,#6054,#6055);
#5066=AXIS2_PLACEMENT_3D('',#7555,#6056,#6057);
#5067=AXIS2_PLACEMENT_3D('',#7558,#6058,#6059);
#5068=AXIS2_PLACEMENT_3D('',#7562,#6061,#6062);
#5069=AXIS2_PLACEMENT_3D('',#7564,#6064,#6065);
#5070=AXIS2_PLACEMENT_3D('',#7573,#6070,#6071);
#5071=AXIS2_PLACEMENT_3D('',#7574,#6072,#6073);
#5072=AXIS2_PLACEMENT_3D('',#7577,#6074,#6075);
#5073=AXIS2_PLACEMENT_3D('',#7581,#6077,#6078);
#5074=AXIS2_PLACEMENT_3D('',#7583,#6080,#6081);
#5075=AXIS2_PLACEMENT_3D('',#7592,#6086,#6087);
#5076=AXIS2_PLACEMENT_3D('',#7593,#6088,#6089);
#5077=AXIS2_PLACEMENT_3D('',#7596,#6090,#6091);
#5078=AXIS2_PLACEMENT_3D('',#7600,#6093,#6094);
#5079=AXIS2_PLACEMENT_3D('',#7602,#6096,#6097);
#5080=AXIS2_PLACEMENT_3D('',#7611,#6102,#6103);
#5081=AXIS2_PLACEMENT_3D('',#7612,#6104,#6105);
#5082=AXIS2_PLACEMENT_3D('',#7615,#6106,#6107);
#5083=AXIS2_PLACEMENT_3D('',#7619,#6109,#6110);
#5084=AXIS2_PLACEMENT_3D('',#7621,#6111,#6112);
#5085=AXIS2_PLACEMENT_3D('',#7624,#6114,#6115);
#5086=AXIS2_PLACEMENT_3D('',#7625,#6116,#6117);
#5087=AXIS2_PLACEMENT_3D('',#7632,#6121,#6122);
#5088=AXIS2_PLACEMENT_3D('',#7633,#6123,#6124);
#5089=AXIS2_PLACEMENT_3D('',#7636,#6125,#6126);
#5090=AXIS2_PLACEMENT_3D('',#7640,#6128,#6129);
#5091=AXIS2_PLACEMENT_3D('',#7642,#6130,#6131);
#5092=AXIS2_PLACEMENT_3D('',#7645,#6133,#6134);
#5093=AXIS2_PLACEMENT_3D('',#7646,#6135,#6136);
#5094=AXIS2_PLACEMENT_3D('',#7653,#6140,#6141);
#5095=AXIS2_PLACEMENT_3D('',#7654,#6142,#6143);
#5096=AXIS2_PLACEMENT_3D('',#7657,#6144,#6145);
#5097=AXIS2_PLACEMENT_3D('',#7661,#6147,#6148);
#5098=AXIS2_PLACEMENT_3D('',#7663,#6149,#6150);
#5099=AXIS2_PLACEMENT_3D('',#7666,#6152,#6153);
#5100=AXIS2_PLACEMENT_3D('',#7667,#6154,#6155);
#5101=AXIS2_PLACEMENT_3D('',#7674,#6159,#6160);
#5102=AXIS2_PLACEMENT_3D('',#7675,#6161,#6162);
#5103=AXIS2_PLACEMENT_3D('',#7677,#6163,#6164);
#5104=AXIS2_PLACEMENT_3D('',#7679,#6165,#6166);
#5105=AXIS2_PLACEMENT_3D('',#7682,#6168,#6169);
#5106=AXIS2_PLACEMENT_3D('',#7683,#6170,#6171);
#5107=AXIS2_PLACEMENT_3D('',#7690,#6175,#6176);
#5108=AXIS2_PLACEMENT_3D('',#7691,#6177,#6178);
#5109=AXIS2_PLACEMENT_3D('',#7694,#6179,#6180);
#5110=AXIS2_PLACEMENT_3D('',#7698,#6182,#6183);
#5111=AXIS2_PLACEMENT_3D('',#7700,#6184,#6185);
#5112=AXIS2_PLACEMENT_3D('',#7703,#6187,#6188);
#5113=AXIS2_PLACEMENT_3D('',#7704,#6189,#6190);
#5114=AXIS2_PLACEMENT_3D('',#7711,#6194,#6195);
#5115=AXIS2_PLACEMENT_3D('',#7712,#6196,#6197);
#5116=AXIS2_PLACEMENT_3D('',#7715,#6198,#6199);
#5117=AXIS2_PLACEMENT_3D('',#7719,#6201,#6202);
#5118=AXIS2_PLACEMENT_3D('',#7721,#6203,#6204);
#5119=AXIS2_PLACEMENT_3D('',#7724,#6206,#6207);
#5120=AXIS2_PLACEMENT_3D('',#7725,#6208,#6209);
#5121=AXIS2_PLACEMENT_3D('',#7732,#6213,#6214);
#5122=AXIS2_PLACEMENT_3D('',#7733,#6215,#6216);
#5123=AXIS2_PLACEMENT_3D('',#7736,#6217,#6218);
#5124=AXIS2_PLACEMENT_3D('',#7740,#6220,#6221);
#5125=AXIS2_PLACEMENT_3D('',#7742,#6222,#6223);
#5126=AXIS2_PLACEMENT_3D('',#7745,#6225,#6226);
#5127=AXIS2_PLACEMENT_3D('',#7746,#6227,#6228);
#5128=AXIS2_PLACEMENT_3D('',#7753,#6232,#6233);
#5129=AXIS2_PLACEMENT_3D('',#7754,#6234,#6235);
#5130=AXIS2_PLACEMENT_3D('',#7756,#6236,#6237);
#5131=AXIS2_PLACEMENT_3D('',#7759,#6239,#6240);
#5132=AXIS2_PLACEMENT_3D('',#7760,#6241,#6242);
#5133=AXIS2_PLACEMENT_3D('',#7767,#6246,#6247);
#5134=AXIS2_PLACEMENT_3D('',#7768,#6248,#6249);
#5135=AXIS2_PLACEMENT_3D('',#7771,#6250,#6251);
#5136=AXIS2_PLACEMENT_3D('',#7775,#6253,#6254);
#5137=AXIS2_PLACEMENT_3D('',#7777,#6255,#6256);
#5138=AXIS2_PLACEMENT_3D('',#7780,#6258,#6259);
#5139=AXIS2_PLACEMENT_3D('',#7781,#6260,#6261);
#5140=AXIS2_PLACEMENT_3D('',#7785,#6265,#6266);
#5141=AXIS2_PLACEMENT_3D('',#7789,#6269,#6270);
#5142=AXIS2_PLACEMENT_3D('',#7794,#6273,#6274);
#5143=AXIS2_PLACEMENT_3D('',#7810,#6283,#6284);
#5144=AXIS2_PLACEMENT_3D('',#7813,#6285,#6286);
#5145=AXIS2_PLACEMENT_3D('',#7817,#6288,#6289);
#5146=AXIS2_PLACEMENT_3D('',#7818,#6290,#6291);
#5147=AXIS2_PLACEMENT_3D('',#7819,#6292,#6293);
#5148=AXIS2_PLACEMENT_3D('',#7820,#6294,#6295);
#5149=AXIS2_PLACEMENT_3D('',#7822,#6297,#6298);
#5150=AXIS2_PLACEMENT_3D('',#7826,#6300,#6301);
#5151=AXIS2_PLACEMENT_3D('',#7828,#6303,#6304);
#5152=AXIS2_PLACEMENT_3D('',#7832,#6306,#6307);
#5153=AXIS2_PLACEMENT_3D('',#7833,#6308,#6309);
#5154=AXIS2_PLACEMENT_3D('',#7834,#6310,#6311);
#5155=AXIS2_PLACEMENT_3D('',#7835,#6312,#6313);
#5156=AXIS2_PLACEMENT_3D('',#7838,#6316,#6317);
#5157=AXIS2_PLACEMENT_3D('',#7841,#6320,#6321);
#5158=AXIS2_PLACEMENT_3D('',#7843,#6322,#6323);
#5159=AXIS2_PLACEMENT_3D('',#7845,#6324,#6325);
#5160=AXIS2_PLACEMENT_3D('',#7847,#6326,#6327);
#5161=AXIS2_PLACEMENT_3D('',#7850,#6329,#6330);
#5162=AXIS2_PLACEMENT_3D('',#7851,#6331,#6332);
#5163=AXIS2_PLACEMENT_3D('',#7857,#6336,#6337);
#5164=AXIS2_PLACEMENT_3D('',#7861,#6340,#6341);
#5165=AXIS2_PLACEMENT_3D('',#7862,#6342,#6343);
#5166=AXIS2_PLACEMENT_3D('',#7864,#6345,#6346);
#5167=AXIS2_PLACEMENT_3D('',#7866,#6347,#6348);
#5168=AXIS2_PLACEMENT_3D('',#7867,#6349,#6350);
#5169=AXIS2_PLACEMENT_3D('',#7868,#6351,#6352);
#5170=AXIS2_PLACEMENT_3D('',#7869,#6353,#6354);
#5171=AXIS2_PLACEMENT_3D('',#7872,#6357,#6358);
#5172=AXIS2_PLACEMENT_3D('',#7874,#6360,#6361);
#5173=AXIS2_PLACEMENT_3D('',#7877,#6362,#6363);
#5174=AXIS2_PLACEMENT_3D('',#7881,#6365,#6366);
#5175=AXIS2_PLACEMENT_3D('',#7882,#6367,#6368);
#5176=AXIS2_PLACEMENT_3D('',#7883,#6369,#6370);
#5177=AXIS2_PLACEMENT_3D('',#7884,#6371,#6372);
#5178=AXIS2_PLACEMENT_3D('',#7887,#6375,#6376);
#5179=AXIS2_PLACEMENT_3D('',#7891,#6378,#6379);
#5180=AXIS2_PLACEMENT_3D('',#7893,#6381,#6382);
#5181=AXIS2_PLACEMENT_3D('',#7897,#6384,#6385);
#5182=AXIS2_PLACEMENT_3D('',#7898,#6386,#6387);
#5183=AXIS2_PLACEMENT_3D('',#7899,#6388,#6389);
#5184=AXIS2_PLACEMENT_3D('',#7900,#6390,#6391);
#5185=AXIS2_PLACEMENT_3D('',#7903,#6394,#6395);
#5186=AXIS2_PLACEMENT_3D('',#7906,#6398,#6399);
#5187=AXIS2_PLACEMENT_3D('',#7908,#6400,#6401);
#5188=AXIS2_PLACEMENT_3D('',#7910,#6402,#6403);
#5189=AXIS2_PLACEMENT_3D('',#7912,#6404,#6405);
#5190=AXIS2_PLACEMENT_3D('',#7915,#6407,#6408);
#5191=AXIS2_PLACEMENT_3D('',#7916,#6409,#6410);
#5192=AXIS2_PLACEMENT_3D('',#7922,#6414,#6415);
#5193=AXIS2_PLACEMENT_3D('',#7926,#6418,#6419);
#5194=AXIS2_PLACEMENT_3D('',#7927,#6420,#6421);
#5195=AXIS2_PLACEMENT_3D('',#7929,#6423,#6424);
#5196=AXIS2_PLACEMENT_3D('',#7931,#6425,#6426);
#5197=AXIS2_PLACEMENT_3D('',#7932,#6427,#6428);
#5198=AXIS2_PLACEMENT_3D('',#7933,#6429,#6430);
#5199=AXIS2_PLACEMENT_3D('',#7934,#6431,#6432);
#5200=AXIS2_PLACEMENT_3D('',#7937,#6435,#6436);
#5201=AXIS2_PLACEMENT_3D('',#7938,#6437,#6438);
#5202=AXIS2_PLACEMENT_3D('',#7941,#6439,#6440);
#5203=AXIS2_PLACEMENT_3D('',#7945,#6442,#6443);
#5204=AXIS2_PLACEMENT_3D('',#7946,#6444,#6445);
#5205=AXIS2_PLACEMENT_3D('',#7947,#6446,#6447);
#5206=AXIS2_PLACEMENT_3D('',#7948,#6448,#6449);
#5207=AXIS2_PLACEMENT_3D('',#7952,#6451,#6452);
#5208=AXIS2_PLACEMENT_3D('',#7958,#6456,#6457);
#5209=AXIS2_PLACEMENT_3D('',#7962,#6460,#6461);
#5210=AXIS2_PLACEMENT_3D('',#7969,#6465,#6466);
#5211=AXIS2_PLACEMENT_3D('',#7970,#6467,#6468);
#5212=AXIS2_PLACEMENT_3D('',#7971,#6469,#6470);
#5213=AXIS2_PLACEMENT_3D('',#7972,#6471,#6472);
#5214=AXIS2_PLACEMENT_3D('',#7973,#6473,#6474);
#5215=AXIS2_PLACEMENT_3D('',#7976,#6477,#6478);
#5216=AXIS2_PLACEMENT_3D('',#7978,#6479,#6480);
#5217=AXIS2_PLACEMENT_3D('',#7982,#6482,#6483);
#5218=AXIS2_PLACEMENT_3D('',#7984,#6484,#6485);
#5219=AXIS2_PLACEMENT_3D('',#7986,#6487,#6488);
#5220=AXIS2_PLACEMENT_3D('',#7989,#6491,#6492);
#5221=AXIS2_PLACEMENT_3D('',#7990,#6493,#6494);
#5222=AXIS2_PLACEMENT_3D('',#7993,#6495,#6496);
#5223=AXIS2_PLACEMENT_3D('',#7997,#6498,#6499);
#5224=AXIS2_PLACEMENT_3D('',#7998,#6500,#6501);
#5225=AXIS2_PLACEMENT_3D('',#7999,#6502,#6503);
#5226=AXIS2_PLACEMENT_3D('',#8000,#6504,#6505);
#5227=AXIS2_PLACEMENT_3D('',#8004,#6507,#6508);
#5228=AXIS2_PLACEMENT_3D('',#8010,#6512,#6513);
#5229=AXIS2_PLACEMENT_3D('',#8014,#6516,#6517);
#5230=AXIS2_PLACEMENT_3D('',#8021,#6521,#6522);
#5231=AXIS2_PLACEMENT_3D('',#8022,#6523,#6524);
#5232=AXIS2_PLACEMENT_3D('',#8023,#6525,#6526);
#5233=AXIS2_PLACEMENT_3D('',#8024,#6527,#6528);
#5234=AXIS2_PLACEMENT_3D('',#8025,#6529,#6530);
#5235=AXIS2_PLACEMENT_3D('',#8028,#6533,#6534);
#5236=AXIS2_PLACEMENT_3D('',#8030,#6536,#6537);
#5237=AXIS2_PLACEMENT_3D('',#8033,#6540,#6541);
#5238=AXIS2_PLACEMENT_3D('',#8034,#6542,#6543);
#5239=AXIS2_PLACEMENT_3D('',#8037,#6546,#6547);
#5240=AXIS2_PLACEMENT_3D('',#8038,#6548,#6549);
#5241=AXIS2_PLACEMENT_3D('',#8040,#6551,#6552);
#5242=AXIS2_PLACEMENT_3D('',#8042,#6554,#6555);
#5243=AXIS2_PLACEMENT_3D('',#8045,#6558,#6559);
#5244=AXIS2_PLACEMENT_3D('',#8046,#6560,#6561);
#5245=AXIS2_PLACEMENT_3D('',#8048,#6563,#6564);
#5246=AXIS2_PLACEMENT_3D('',#8050,#6566,#6567);
#5247=AXIS2_PLACEMENT_3D('',#8052,#6569,#6570);
#5248=AXIS2_PLACEMENT_3D('',#8055,#6573,#6574);
#5249=AXIS2_PLACEMENT_3D('',#8056,#6575,#6576);
#5250=AXIS2_PLACEMENT_3D('',#8058,#6578,#6579);
#5251=AXIS2_PLACEMENT_3D('',#8060,#6581,#6582);
#5252=AXIS2_PLACEMENT_3D('',#8066,#6586,#6587);
#5253=AXIS2_PLACEMENT_3D('',#8067,#6588,#6589);
#5254=AXIS2_PLACEMENT_3D('',#8070,#6592,#6593);
#5255=AXIS2_PLACEMENT_3D('',#8072,#6595,#6596);
#5256=AXIS2_PLACEMENT_3D('',#8078,#6600,#6601);
#5257=AXIS2_PLACEMENT_3D('',#8080,#6603,#6604);
#5258=AXIS2_PLACEMENT_3D('',#8083,#6607,#6608);
#5259=AXIS2_PLACEMENT_3D('',#8084,#6609,#6610);
#5260=AXIS2_PLACEMENT_3D('',#8085,#6611,#6612);
#5261=AXIS2_PLACEMENT_3D('',#8087,#6614,#6615);
#5262=AXIS2_PLACEMENT_3D('',#8089,#6617,#6618);
#5263=AXIS2_PLACEMENT_3D('',#8091,#6620,#6621);
#5264=AXIS2_PLACEMENT_3D('',#8093,#6623,#6624);
#5265=AXIS2_PLACEMENT_3D('',#8095,#6626,#6627);
#5266=AXIS2_PLACEMENT_3D('',#8098,#6630,#6631);
#5267=AXIS2_PLACEMENT_3D('',#8100,#6633,#6634);
#5268=AXIS2_PLACEMENT_3D('',#8102,#6636,#6637);
#5269=AXIS2_PLACEMENT_3D('',#8103,#6638,#6639);
#5270=AXIS2_PLACEMENT_3D('',#8104,#6640,#6641);
#5271=AXIS2_PLACEMENT_3D('',#8105,#6642,#6643);
#5272=AXIS2_PLACEMENT_3D('',#8106,#6644,#6645);
#5273=AXIS2_PLACEMENT_3D('',#8107,#6646,#6647);
#5274=AXIS2_PLACEMENT_3D('',#8109,#6649,#6650);
#5275=AXIS2_PLACEMENT_3D('',#8110,#6651,#6652);
#5276=AXIS2_PLACEMENT_3D('',#8112,#6654,#6655);
#5277=AXIS2_PLACEMENT_3D('',#8113,#6656,#6657);
#5278=AXIS2_PLACEMENT_3D('',#8114,#6658,#6659);
#5279=AXIS2_PLACEMENT_3D('',#8116,#6661,#6662);
#5280=AXIS2_PLACEMENT_3D('',#8117,#6663,#6664);
#5281=AXIS2_PLACEMENT_3D('',#8119,#6666,#6667);
#5282=AXIS2_PLACEMENT_3D('',#8120,#6668,#6669);
#5283=AXIS2_PLACEMENT_3D('',#8121,#6670,#6671);
#5284=AXIS2_PLACEMENT_3D('',#8122,#6672,#6673);
#5285=AXIS2_PLACEMENT_3D('',#8123,#6674,#6675);
#5286=AXIS2_PLACEMENT_3D('',#8124,#6676,#6677);
#5287=AXIS2_PLACEMENT_3D('',#8126,#6678,#6679);
#5288=AXIS2_PLACEMENT_3D('',#8127,#6680,#6681);
#5289=AXIS2_PLACEMENT_3D('',#8129,#6683,#6684);
#5290=AXIS2_PLACEMENT_3D('',#8131,#6685,#6686);
#5291=AXIS2_PLACEMENT_3D('',#8132,#6687,#6688);
#5292=AXIS2_PLACEMENT_3D('',#8134,#6690,#6691);
#5293=AXIS2_PLACEMENT_3D('',#8135,#6692,#6693);
#5294=AXIS2_PLACEMENT_3D('',#8136,#6694,#6695);
#5295=AXIS2_PLACEMENT_3D('',#8138,#6696,#6697);
#5296=AXIS2_PLACEMENT_3D('',#8139,#6698,#6699);
#5297=AXIS2_PLACEMENT_3D('',#8141,#6701,#6702);
#5298=AXIS2_PLACEMENT_3D('',#8143,#6703,#6704);
#5299=AXIS2_PLACEMENT_3D('',#8144,#6705,#6706);
#5300=AXIS2_PLACEMENT_3D('',#8146,#6708,#6709);
#5301=AXIS2_PLACEMENT_3D('',#8147,#6710,#6711);
#5302=AXIS2_PLACEMENT_3D('',#8148,#6712,#6713);
#5303=AXIS2_PLACEMENT_3D('',#8150,#6714,#6715);
#5304=AXIS2_PLACEMENT_3D('',#8151,#6716,#6717);
#5305=AXIS2_PLACEMENT_3D('',#8153,#6719,#6720);
#5306=AXIS2_PLACEMENT_3D('',#8155,#6721,#6722);
#5307=AXIS2_PLACEMENT_3D('',#8156,#6723,#6724);
#5308=AXIS2_PLACEMENT_3D('',#8158,#6726,#6727);
#5309=AXIS2_PLACEMENT_3D('',#8159,#6728,#6729);
#5310=AXIS2_PLACEMENT_3D('',#8160,#6730,#6731);
#5311=AXIS2_PLACEMENT_3D('',#8162,#6732,#6733);
#5312=AXIS2_PLACEMENT_3D('',#8163,#6734,#6735);
#5313=AXIS2_PLACEMENT_3D('',#8165,#6737,#6738);
#5314=AXIS2_PLACEMENT_3D('',#8167,#6739,#6740);
#5315=AXIS2_PLACEMENT_3D('',#8168,#6741,#6742);
#5316=AXIS2_PLACEMENT_3D('',#8170,#6744,#6745);
#5317=AXIS2_PLACEMENT_3D('',#8172,#6746,#6747);
#5318=AXIS2_PLACEMENT_3D('',#8173,#6748,#6749);
#5319=AXIS2_PLACEMENT_3D('',#8175,#6751,#6752);
#5320=AXIS2_PLACEMENT_3D('',#8177,#6753,#6754);
#5321=AXIS2_PLACEMENT_3D('',#8178,#6755,#6756);
#5322=AXIS2_PLACEMENT_3D('',#8180,#6758,#6759);
#5323=AXIS2_PLACEMENT_3D('',#8182,#6760,#6761);
#5324=AXIS2_PLACEMENT_3D('',#8183,#6762,#6763);
#5325=AXIS2_PLACEMENT_3D('',#8185,#6765,#6766);
#5326=AXIS2_PLACEMENT_3D('',#8187,#6767,#6768);
#5327=AXIS2_PLACEMENT_3D('',#8188,#6769,#6770);
#5328=DIRECTION('axis',(0.,0.,1.));
#5329=DIRECTION('refdir',(1.,0.,0.));
#5330=DIRECTION('center_axis',(1.,-1.01698803100863E-60,0.));
#5331=DIRECTION('ref_axis',(-1.01698803100863E-60,-1.,0.));
#5332=DIRECTION('',(1.01698803100863E-60,1.,-4.37905770101505E-46));
#5333=DIRECTION('',(0.,0.,-1.));
#5334=DIRECTION('',(-1.01698803100863E-60,-1.,0.));
#5335=DIRECTION('',(0.,0.,-1.));
#5336=DIRECTION('center_axis',(0.,0.,-1.));
#5337=DIRECTION('ref_axis',(-0.866025403784436,0.500000000000005,0.));
#5338=DIRECTION('center_axis',(-2.32239011322663E-15,4.37905770101505E-46,
1.));
#5339=DIRECTION('ref_axis',(-0.866025403784436,0.500000000000005,0.));
#5340=DIRECTION('center_axis',(0.,0.,-1.));
#5341=DIRECTION('ref_axis',(-0.866025403784436,0.500000000000005,0.));
#5342=DIRECTION('',(0.,0.,-1.));
#5343=DIRECTION('center_axis',(-0.866025403784439,0.5,0.));
#5344=DIRECTION('ref_axis',(0.5,0.866025403784439,0.));
#5345=DIRECTION('',(-0.5,-0.866025403784439,-1.16119505661331E-15));
#5346=DIRECTION('',(0.5,0.866025403784439,0.));
#5347=DIRECTION('',(0.,0.,-1.));
#5348=DIRECTION('center_axis',(0.,0.,-1.));
#5349=DIRECTION('ref_axis',(-1.,1.01698803100863E-60,0.));
#5350=DIRECTION('center_axis',(-2.32239011322663E-15,4.37905770101505E-46,
1.));
#5351=DIRECTION('ref_axis',(-1.,1.01698803100863E-60,0.));
#5352=DIRECTION('center_axis',(0.,0.,-1.));
#5353=DIRECTION('ref_axis',(-1.,1.01698803100863E-60,0.));
#5354=DIRECTION('',(0.,0.,-1.));
#5355=DIRECTION('center_axis',(-1.,1.01698803100863E-60,0.));
#5356=DIRECTION('ref_axis',(1.01698803100863E-60,1.,0.));
#5357=DIRECTION('',(-1.01698803100863E-60,-1.,4.37905770101505E-46));
#5358=DIRECTION('',(1.01698803100863E-60,1.,0.));
#5359=DIRECTION('',(0.,0.,-1.));
#5360=DIRECTION('center_axis',(0.,0.,-1.));
#5361=DIRECTION('ref_axis',(-1.01698803100863E-60,-1.,0.));
#5362=DIRECTION('center_axis',(-2.32239011322663E-15,4.37905770101505E-46,
1.));
#5363=DIRECTION('ref_axis',(-1.01698803100863E-60,-1.,0.));
#5364=DIRECTION('center_axis',(0.,0.,-1.));
#5365=DIRECTION('ref_axis',(-1.01698803100863E-60,-1.,0.));
#5366=DIRECTION('',(0.,0.,-1.));
#5367=DIRECTION('center_axis',(-1.01698803100863E-60,-1.,0.));
#5368=DIRECTION('ref_axis',(-1.,1.01698803100863E-60,0.));
#5369=DIRECTION('',(1.,-1.01698803100863E-60,2.32239011322663E-15));
#5370=DIRECTION('',(-1.,1.01698803100863E-60,0.));
#5371=DIRECTION('',(0.,0.,-1.));
#5372=DIRECTION('center_axis',(0.,0.,-1.));
#5373=DIRECTION('ref_axis',(1.,-1.01698803100863E-60,0.));
#5374=DIRECTION('center_axis',(-2.32239011322663E-15,4.37905770101505E-46,
1.));
#5375=DIRECTION('ref_axis',(1.,-1.01698803100863E-60,0.));
#5376=DIRECTION('center_axis',(0.,0.,-1.));
#5377=DIRECTION('ref_axis',(1.,-1.01698803100863E-60,0.));
#5378=DIRECTION('center_axis',(0.,0.,-1.));
#5379=DIRECTION('ref_axis',(1.,-1.01698803100863E-60,0.));
#5380=DIRECTION('center_axis',(-1.01698803100863E-60,-1.,0.));
#5381=DIRECTION('ref_axis',(-1.,1.01698803100863E-60,0.));
#5382=DIRECTION('',(1.,-1.01698803100863E-60,2.32239011322663E-15));
#5383=DIRECTION('',(0.,0.,-1.));
#5384=DIRECTION('',(-1.,1.01698803100863E-60,0.));
#5385=DIRECTION('',(0.,0.,-1.));
#5386=DIRECTION('center_axis',(0.,0.,-1.));
#5387=DIRECTION('ref_axis',(0.866025403784439,0.5,0.));
#5388=DIRECTION('center_axis',(-2.32239011322663E-15,4.37905770101505E-46,
1.));
#5389=DIRECTION('ref_axis',(0.866025403784439,0.5,0.));
#5390=DIRECTION('center_axis',(0.,0.,-1.));
#5391=DIRECTION('ref_axis',(0.866025403784439,0.5,0.));
#5392=DIRECTION('',(0.,0.,-1.));
#5393=DIRECTION('center_axis',(0.866025403784439,0.5,0.));
#5394=DIRECTION('ref_axis',(0.5,-0.866025403784439,0.));
#5395=DIRECTION('',(-0.5,0.866025403784438,-1.16119505661331E-15));
#5396=DIRECTION('',(0.5,-0.866025403784439,0.));
#5397=DIRECTION('',(0.,0.,-1.));
#5398=DIRECTION('center_axis',(0.,0.,-1.));
#5399=DIRECTION('ref_axis',(-1.,-1.33226762955019E-14,0.));
#5400=DIRECTION('center_axis',(-2.32239011322663E-15,4.37905770101505E-46,
1.));
#5401=DIRECTION('ref_axis',(-1.,-1.33226762955019E-14,0.));
#5402=DIRECTION('center_axis',(0.,0.,-1.));
#5403=DIRECTION('ref_axis',(-1.,-1.33226762955019E-14,0.));
#5404=DIRECTION('',(0.,0.,-1.));
#5405=DIRECTION('center_axis',(-1.,1.01698803100863E-60,0.));
#5406=DIRECTION('ref_axis',(1.01698803100863E-60,1.,0.));
#5407=DIRECTION('',(-1.01698803100863E-60,-1.,4.37905770101505E-46));
#5408=DIRECTION('',(1.01698803100863E-60,1.,0.));
#5409=DIRECTION('',(0.,0.,-1.));
#5410=DIRECTION('center_axis',(0.,0.,-1.));
#5411=DIRECTION('ref_axis',(8.88178419700136E-15,-1.,0.));
#5412=DIRECTION('center_axis',(-2.32239011322663E-15,4.37905770101505E-46,
1.));
#5413=DIRECTION('ref_axis',(8.88178419700136E-15,-1.,0.));
#5414=DIRECTION('center_axis',(0.,0.,-1.));
#5415=DIRECTION('ref_axis',(8.88178419700136E-15,-1.,0.));
#5416=DIRECTION('center_axis',(0.,0.,-1.));
#5417=DIRECTION('ref_axis',(1.,-1.01698803100863E-60,0.));
#5418=DIRECTION('center_axis',(-0.866025403784439,0.5,0.));
#5419=DIRECTION('ref_axis',(0.5,0.866025403784438,0.));
#5420=DIRECTION('',(-0.5,-0.866025403784438,-1.16119505661332E-15));
#5421=DIRECTION('',(0.,0.,-1.));
#5422=DIRECTION('',(0.5,0.866025403784439,0.));
#5423=DIRECTION('',(0.,0.,-1.));
#5424=DIRECTION('center_axis',(0.,0.,-1.));
#5425=DIRECTION('ref_axis',(-8.8817841970012E-15,-1.,0.));
#5426=DIRECTION('center_axis',(-2.32239011322663E-15,4.37905770101505E-46,
1.));
#5427=DIRECTION('ref_axis',(-8.8817841970012E-15,-1.,0.));
#5428=DIRECTION('center_axis',(0.,0.,-1.));
#5429=DIRECTION('ref_axis',(-8.8817841970012E-15,-1.,0.));
#5430=DIRECTION('',(0.,0.,-1.));
#5431=DIRECTION('center_axis',(-4.44089209850063E-15,-1.,0.));
#5432=DIRECTION('ref_axis',(-1.,4.44089209850063E-15,0.));
#5433=DIRECTION('',(1.,-4.44089209850063E-15,2.32239011322663E-15));
#5434=DIRECTION('',(-1.,4.44089209850063E-15,0.));
#5435=DIRECTION('',(0.,0.,-1.));
#5436=DIRECTION('center_axis',(0.,0.,-1.));
#5437=DIRECTION('ref_axis',(1.,-4.4408920985006E-15,0.));
#5438=DIRECTION('center_axis',(-2.32239011322663E-15,4.37905770101505E-46,
1.));
#5439=DIRECTION('ref_axis',(1.,-4.4408920985006E-15,0.));
#5440=DIRECTION('center_axis',(0.,0.,-1.));
#5441=DIRECTION('ref_axis',(1.,-4.4408920985006E-15,0.));
#5442=DIRECTION('',(0.,0.,-1.));
#5443=DIRECTION('center_axis',(1.,-4.44248298412105E-15,0.));
#5444=DIRECTION('ref_axis',(-4.44248298412105E-15,-1.,0.));
#5445=DIRECTION('',(4.44248298412105E-15,1.,1.03171785605003E-29));
#5446=DIRECTION('',(-4.44248298412105E-15,-1.,0.));
#5447=DIRECTION('',(0.,0.,-1.));
#5448=DIRECTION('center_axis',(0.,0.,-1.));
#5449=DIRECTION('ref_axis',(-0.866025403784444,0.49999999999999,0.));
#5450=DIRECTION('center_axis',(-2.32239011322663E-15,4.37905770101505E-46,
1.));
#5451=DIRECTION('ref_axis',(-0.866025403784444,0.49999999999999,0.));
#5452=DIRECTION('center_axis',(0.,0.,-1.));
#5453=DIRECTION('ref_axis',(-0.866025403784444,0.49999999999999,0.));
#5454=DIRECTION('center_axis',(0.,0.,-1.));
#5455=DIRECTION('ref_axis',(1.,-1.01698803100863E-60,0.));
#5456=DIRECTION('center_axis',(0.866025403784439,0.499999999999999,0.));
#5457=DIRECTION('ref_axis',(0.499999999999999,-0.866025403784439,0.));
#5458=DIRECTION('',(-0.499999999999999,0.866025403784439,-1.16119505661331E-15));
#5459=DIRECTION('',(0.,0.,-1.));
#5460=DIRECTION('',(0.499999999999999,-0.866025403784439,0.));
#5461=DIRECTION('',(0.,0.,-1.));
#5462=DIRECTION('center_axis',(0.,0.,-1.));
#5463=DIRECTION('ref_axis',(0.631002513671212,0.775780785880014,0.));
#5464=DIRECTION('center_axis',(-2.32239011322663E-15,4.37905770101505E-46,
1.));
#5465=DIRECTION('ref_axis',(0.631002513671212,0.775780785880014,0.));
#5466=DIRECTION('center_axis',(0.,0.,-1.));
#5467=DIRECTION('ref_axis',(0.631002513671212,0.775780785880014,0.));
#5468=DIRECTION('',(0.,0.,-1.));
#5469=DIRECTION('center_axis',(0.631002513671218,0.775780785880009,0.));
#5470=DIRECTION('ref_axis',(0.775780785880009,-0.631002513671218,0.));
#5471=DIRECTION('',(-0.775780785880009,0.631002513671218,-1.80166562715892E-15));
#5472=DIRECTION('',(0.775780785880009,-0.631002513671218,0.));
#5473=DIRECTION('',(0.,0.,-1.));
#5474=DIRECTION('center_axis',(0.,0.,-1.));
#5475=DIRECTION('ref_axis',(-1.,1.77635683940023E-14,0.));
#5476=DIRECTION('center_axis',(-2.32239011322663E-15,4.37905770101505E-46,
1.));
#5477=DIRECTION('ref_axis',(-1.,1.77635683940023E-14,0.));
#5478=DIRECTION('center_axis',(0.,0.,-1.));
#5479=DIRECTION('ref_axis',(-1.,1.77635683940023E-14,0.));
#5480=DIRECTION('',(0.,0.,-1.));
#5481=DIRECTION('center_axis',(-1.,4.50998392955016E-15,0.));
#5482=DIRECTION('ref_axis',(4.50998392955016E-15,1.,0.));
#5483=DIRECTION('',(-4.50998392955016E-15,-1.,-1.04739420887983E-29));
#5484=DIRECTION('',(4.50998392955016E-15,1.,0.));
#5485=DIRECTION('',(0.,0.,-1.));
#5486=DIRECTION('center_axis',(0.,0.,-1.));
#5487=DIRECTION('ref_axis',(-0.866025403784434,-0.500000000000009,0.));
#5488=DIRECTION('center_axis',(-2.32239011322663E-15,4.37905770101505E-46,
1.));
#5489=DIRECTION('ref_axis',(-0.866025403784434,-0.500000000000009,0.));
#5490=DIRECTION('center_axis',(0.,0.,-1.));
#5491=DIRECTION('ref_axis',(-0.866025403784434,-0.500000000000009,0.));
#5492=DIRECTION('',(0.,0.,-1.));
#5493=DIRECTION('center_axis',(-0.86602540378444,-0.499999999999998,0.));
#5494=DIRECTION('ref_axis',(-0.499999999999998,0.86602540378444,0.));
#5495=DIRECTION('',(0.499999999999998,-0.86602540378444,1.16119505661331E-15));
#5496=DIRECTION('',(-0.499999999999998,0.86602540378444,0.));
#5497=DIRECTION('',(0.,0.,-1.));
#5498=DIRECTION('center_axis',(0.,0.,-1.));
#5499=DIRECTION('ref_axis',(0.499999999999999,-0.866025403784439,0.));
#5500=DIRECTION('center_axis',(-2.32239011322663E-15,4.37905770101505E-46,
1.));
#5501=DIRECTION('ref_axis',(0.499999999999999,-0.866025403784439,0.));
#5502=DIRECTION('center_axis',(0.,0.,-1.));
#5503=DIRECTION('ref_axis',(0.499999999999999,-0.866025403784439,0.));
#5504=DIRECTION('',(0.,0.,-1.));
#5505=DIRECTION('center_axis',(0.499999999999999,-0.866025403784439,0.));
#5506=DIRECTION('ref_axis',(-0.866025403784439,-0.499999999999999,0.));
#5507=DIRECTION('',(0.866025403784439,0.499999999999999,2.01124883555208E-15));
#5508=DIRECTION('',(-0.866025403784439,-0.499999999999999,0.));
#5509=DIRECTION('',(0.,0.,-1.));
#5510=DIRECTION('center_axis',(0.,0.,-1.));
#5511=DIRECTION('ref_axis',(0.86602540378444,0.499999999999997,0.));
#5512=DIRECTION('center_axis',(-2.32239011322663E-15,4.37905770101505E-46,
1.));
#5513=DIRECTION('ref_axis',(0.86602540378444,0.499999999999997,0.));
#5514=DIRECTION('center_axis',(0.,0.,-1.));
#5515=DIRECTION('ref_axis',(0.86602540378444,0.499999999999997,0.));
#5516=DIRECTION('center_axis',(0.,0.,-1.));
#5517=DIRECTION('ref_axis',(1.,-1.01698803100863E-60,0.));
#5518=DIRECTION('center_axis',(-1.01698803100863E-60,-1.,0.));
#5519=DIRECTION('ref_axis',(-1.,1.01698803100863E-60,0.));
#5520=DIRECTION('',(1.,-1.01698803100863E-60,2.32239011322663E-15));
#5521=DIRECTION('',(0.,0.,-1.));
#5522=DIRECTION('',(-1.,1.01698803100863E-60,0.));
#5523=DIRECTION('',(0.,0.,-1.));
#5524=DIRECTION('center_axis',(0.,0.,-1.));
#5525=DIRECTION('ref_axis',(1.,-1.01698803100863E-60,0.));
#5526=DIRECTION('center_axis',(-2.32239011322663E-15,4.37905770101505E-46,
1.));
#5527=DIRECTION('ref_axis',(1.,-1.01698803100863E-60,0.));
#5528=DIRECTION('center_axis',(0.,0.,-1.));
#5529=DIRECTION('ref_axis',(1.,-1.01698803100863E-60,0.));
#5530=DIRECTION('',(0.,0.,-1.));
#5531=DIRECTION('center_axis',(1.,-1.01698803100863E-60,0.));
#5532=DIRECTION('ref_axis',(-1.01698803100863E-60,-1.,0.));
#5533=DIRECTION('',(1.01698803100863E-60,1.,-4.37905770101505E-46));
#5534=DIRECTION('',(-1.01698803100863E-60,-1.,0.));
#5535=DIRECTION('',(0.,0.,-1.));
#5536=DIRECTION('center_axis',(0.,0.,-1.));
#5537=DIRECTION('ref_axis',(0.866025403784443,0.499999999999992,0.));
#5538=DIRECTION('center_axis',(-2.32239011322663E-15,4.37905770101505E-46,
1.));
#5539=DIRECTION('ref_axis',(0.866025403784443,0.499999999999992,0.));
#5540=DIRECTION('center_axis',(0.,0.,-1.));
#5541=DIRECTION('ref_axis',(0.866025403784443,0.499999999999992,0.));
#5542=DIRECTION('',(0.,0.,-1.));
#5543=DIRECTION('center_axis',(0.866025403784439,0.499999999999999,0.));
#5544=DIRECTION('ref_axis',(0.499999999999999,-0.866025403784439,0.));
#5545=DIRECTION('',(-0.499999999999999,0.866025403784439,-1.16119505661331E-15));
#5546=DIRECTION('',(0.499999999999999,-0.866025403784439,0.));
#5547=DIRECTION('',(0.,0.,-1.));
#5548=DIRECTION('center_axis',(0.,0.,-1.));
#5549=DIRECTION('ref_axis',(-1.,2.22044604925032E-15,0.));
#5550=DIRECTION('center_axis',(-2.32239011322663E-15,4.37905770101505E-46,
1.));
#5551=DIRECTION('ref_axis',(-1.,2.22044604925032E-15,0.));
#5552=DIRECTION('center_axis',(0.,0.,-1.));
#5553=DIRECTION('ref_axis',(-1.,2.22044604925032E-15,0.));
#5554=DIRECTION('',(0.,0.,-1.));
#5555=DIRECTION('center_axis',(-1.,1.01698803100863E-60,0.));
#5556=DIRECTION('ref_axis',(1.01698803100863E-60,1.,0.));
#5557=DIRECTION('',(-1.01698803100863E-60,-1.,4.37905770101505E-46));
#5558=DIRECTION('',(1.01698803100863E-60,1.,0.));
#5559=DIRECTION('',(0.,0.,-1.));
#5560=DIRECTION('center_axis',(0.,0.,-1.));
#5561=DIRECTION('ref_axis',(-1.01698803100863E-60,-1.,0.));
#5562=DIRECTION('center_axis',(-2.32239011322663E-15,4.37905770101505E-46,
1.));
#5563=DIRECTION('ref_axis',(-1.01698803100863E-60,-1.,0.));
#5564=DIRECTION('center_axis',(0.,0.,-1.));
#5565=DIRECTION('ref_axis',(-1.01698803100863E-60,-1.,0.));
#5566=DIRECTION('center_axis',(0.,0.,-1.));
#5567=DIRECTION('ref_axis',(1.,-1.01698803100863E-60,0.));
#5568=DIRECTION('center_axis',(2.32239011322663E-15,-4.37905770101505E-46,
-1.));
#5569=DIRECTION('ref_axis',(0.86602540378444,-0.499999999999998,2.01124924006923E-15));
#5570=DIRECTION('center_axis',(-0.612372435695823,-0.353553390593288,0.707106781186516));
#5571=DIRECTION('ref_axis',(0.612372435695767,0.353553390593258,0.707106781186579));
#5572=DIRECTION('',(-2.32239011322663E-15,4.37905770101505E-46,1.));
#5573=DIRECTION('center_axis',(-0.612372435695809,-0.353553390593282,-0.707106781186531));
#5574=DIRECTION('ref_axis',(0.612372435695781,0.353553390593264,-0.707106781186564));
#5575=DIRECTION('center_axis',(2.32239011322663E-15,-4.37905770101505E-46,
-1.));
#5576=DIRECTION('ref_axis',(0.86602540378444,-0.499999999999998,2.01124924006923E-15));
#5577=DIRECTION('center_axis',(1.64217779762314E-15,0.707106781186548,-0.707106781186547));
#5578=DIRECTION('ref_axis',(1.60934477015087E-15,-0.707106781186547,-0.707106781186548));
#5579=DIRECTION('',(2.32239011322663E-15,-4.37905770101505E-46,-1.));
#5580=DIRECTION('center_axis',(-1.64217779762314E-15,0.707106781186549,
0.707106781186546));
#5581=DIRECTION('ref_axis',(-1.64859708161796E-15,-0.707106781186546,0.707106781186549));
#5582=DIRECTION('center_axis',(-2.32239011322663E-15,4.37905770101505E-46,
1.));
#5583=DIRECTION('ref_axis',(0.86602540378444,-0.499999999999998,2.01124924006923E-15));
#5584=DIRECTION('center_axis',(-1.64217779762314E-15,-0.707106781186548,
0.707106781186547));
#5585=DIRECTION('ref_axis',(1.,0.,2.32239011322663E-15));
#5586=DIRECTION('',(-1.,0.,-2.32239011322663E-15));
#5587=DIRECTION('',(0.577350269189625,-0.577350269189626,-0.577350269189626));
#5588=DIRECTION('center_axis',(-1.64217779762314E-15,-0.707106781186548,
0.707106781186547));
#5589=DIRECTION('ref_axis',(-1.76635401601925E-15,0.707106781186547,0.707106781186548));
#5590=DIRECTION('',(1.,0.,2.32239011322663E-15));
#5591=DIRECTION('center_axis',(-2.32239011322663E-15,4.37905770101505E-46,
1.));
#5592=DIRECTION('ref_axis',(-1.,0.,-2.32239011322663E-15));
#5593=DIRECTION('',(0.499999999999999,-0.866025403784439,1.16119505661331E-15));
#5594=DIRECTION('',(-1.01698803100863E-60,-1.,4.37905770101505E-46));
#5595=DIRECTION('',(1.,-8.59527502935605E-16,2.32239011322663E-15));
#5596=DIRECTION('',(7.81368359339472E-16,-1.,1.8146421525181E-30));
#5597=DIRECTION('',(1.,-8.73001793867638E-16,2.32239011322663E-15));
#5598=DIRECTION('',(1.02629771916895E-15,1.,2.38346367622501E-30));
#5599=DIRECTION('',(1.,-8.59527502935605E-16,2.32239011322663E-15));
#5600=DIRECTION('',(7.81368359339478E-16,-1.,1.81464215251812E-30));
#5601=DIRECTION('',(1.,-8.73001793867638E-16,2.32239011322663E-15));
#5602=DIRECTION('',(1.02629771916895E-15,1.,2.383463676225E-30));
#5603=DIRECTION('',(1.,-8.59527502935605E-16,2.32239011322663E-15));
#5604=DIRECTION('',(1.01698803100863E-60,1.,-4.37905770101505E-46));
#5605=DIRECTION('',(0.5,0.866025403784439,1.16119505661332E-15));
#5606=DIRECTION('center_axis',(2.32239011322663E-15,-4.37905770101505E-46,
-1.));
#5607=DIRECTION('ref_axis',(-0.866025403784438,-0.500000000000001,-2.01124924006924E-15));
#5608=DIRECTION('',(-1.,0.,-2.32239011322663E-15));
#5609=DIRECTION('',(1.01698803100863E-60,1.,-4.37905770101505E-46));
#5610=DIRECTION('',(-1.,0.,-2.32239011322663E-15));
#5611=DIRECTION('',(-1.01698803100863E-60,-1.,4.37905770101505E-46));
#5612=DIRECTION('',(-1.,0.,-2.32239011322663E-15));
#5613=DIRECTION('',(1.01698803100863E-60,1.,-4.37905770101505E-46));
#5614=DIRECTION('',(-1.,0.,-2.32239011322663E-15));
#5615=DIRECTION('',(-1.01698803100863E-60,-1.,4.37905770101505E-46));
#5616=DIRECTION('',(-1.,0.,-2.32239011322663E-15));
#5617=DIRECTION('',(4.93038065763132E-32,1.,-3.23403097164237E-46));
#5618=DIRECTION('',(-1.,4.93038065763132E-32,-2.32239011322663E-15));
#5619=DIRECTION('',(-4.93038065763132E-32,-1.,3.23403097164237E-46));
#5620=DIRECTION('',(-1.,0.,-2.32239011322663E-15));
#5621=DIRECTION('',(4.93038065763132E-32,1.,-3.23403097164237E-46));
#5622=DIRECTION('',(-1.,4.93038065763132E-32,-2.32239011322663E-15));
#5623=DIRECTION('',(-4.93038065763132E-32,-1.,3.23403097164237E-46));
#5624=DIRECTION('',(3.60288731999999E-16,1.,8.36730989103756E-31));
#5625=DIRECTION('center_axis',(-2.32239011322663E-15,4.37905770101505E-46,
1.));
#5626=DIRECTION('ref_axis',(-0.707106781186546,0.707106781186549,-3.14018491736755E-15));
#5627=DIRECTION('',(-1.,0.,-2.32239011322663E-15));
#5628=DIRECTION('center_axis',(-2.32239011322663E-15,4.37905770101505E-46,
1.));
#5629=DIRECTION('ref_axis',(0.707106781186549,0.707106781186546,0.));
#5630=DIRECTION('',(-3.60288731999999E-16,-1.,-8.36730989103756E-31));
#5631=DIRECTION('center_axis',(-2.32239011322663E-15,4.37905770101505E-46,
1.));
#5632=DIRECTION('ref_axis',(0.707106781186547,-0.707106781186548,3.14018491736756E-15));
#5633=DIRECTION('',(1.,0.,2.32239011322663E-15));
#5634=DIRECTION('center_axis',(-2.32239011322663E-15,4.37905770101505E-46,
1.));
#5635=DIRECTION('ref_axis',(-0.70710678118655,-0.707106781186545,0.));
#5636=DIRECTION('center_axis',(2.32239011322663E-15,-4.37905770101505E-46,
-1.));
#5637=DIRECTION('ref_axis',(-1.,0.,-2.32239011322663E-15));
#5638=DIRECTION('center_axis',(2.32239011322663E-15,-4.37905770101505E-46,
-1.));
#5639=DIRECTION('ref_axis',(-1.,0.,-2.32239011322663E-15));
#5640=DIRECTION('',(2.56205320533332E-15,-1.,5.95008703362669E-30));
#5641=DIRECTION('center_axis',(-2.32239011322663E-15,4.37905770101505E-46,
1.));
#5642=DIRECTION('ref_axis',(0.70710678118655,-0.707106781186545,3.14018491736755E-15));
#5643=DIRECTION('',(1.,3.41607084500049E-15,2.32239011322663E-15));
#5644=DIRECTION('center_axis',(-2.32239011322663E-15,4.37905770101505E-46,
1.));
#5645=DIRECTION('ref_axis',(-0.707106781186544,-0.707106781186551,0.));
#5646=DIRECTION('',(-2.56205320533332E-15,1.,-5.95008703362669E-30));
#5647=DIRECTION('center_axis',(-2.32239011322663E-15,4.37905770101505E-46,
1.));
#5648=DIRECTION('ref_axis',(-0.70710678118655,0.707106781186545,-3.14018491736755E-15));
#5649=DIRECTION('',(-1.,-3.30931863109422E-15,-2.32239011322663E-15));
#5650=DIRECTION('center_axis',(-2.32239011322663E-15,4.37905770101505E-46,
1.));
#5651=DIRECTION('ref_axis',(0.707106781186544,0.707106781186551,3.14018491736755E-15));
#5652=DIRECTION('center_axis',(2.32239011322663E-15,-4.37905770101505E-46,
-1.));
#5653=DIRECTION('ref_axis',(-1.,0.,-2.32239011322663E-15));
#5654=DIRECTION('center_axis',(2.32239011322663E-15,-4.37905770101505E-46,
-1.));
#5655=DIRECTION('ref_axis',(-1.,0.,-2.32239011322663E-15));
#5656=DIRECTION('',(3.20256650666666E-16,-1.,7.4376087920334E-31));
#5657=DIRECTION('center_axis',(-2.32239011322663E-15,4.37905770101505E-46,
1.));
#5658=DIRECTION('ref_axis',(0.707106781186544,-0.707106781186551,3.14018491736755E-15));
#5659=DIRECTION('',(1.,8.54017711250128E-16,2.32239011322663E-15));
#5660=DIRECTION('center_axis',(-2.32239011322663E-15,4.37905770101505E-46,
1.));
#5661=DIRECTION('ref_axis',(-0.707106781186544,-0.707106781186551,-3.14018491736755E-15));
#5662=DIRECTION('',(-3.20256650666666E-16,1.,-7.4376087920334E-31));
#5663=DIRECTION('center_axis',(-2.32239011322663E-15,4.37905770101505E-46,
1.));
#5664=DIRECTION('ref_axis',(-0.707106781186544,0.707106781186551,-3.14018491736755E-15));
#5665=DIRECTION('',(-1.,-8.54017711250128E-16,-2.32239011322663E-15));
#5666=DIRECTION('center_axis',(-2.32239011322663E-15,4.37905770101505E-46,
1.));
#5667=DIRECTION('ref_axis',(0.707106781186544,0.707106781186551,0.));
#5668=DIRECTION('center_axis',(2.32239011322663E-15,-4.37905770101505E-46,
-1.));
#5669=DIRECTION('ref_axis',(-1.,0.,-2.32239011322663E-15));
#5670=DIRECTION('center_axis',(2.32239011322663E-15,-4.37905770101505E-46,
-1.));
#5671=DIRECTION('ref_axis',(-1.,0.,-2.32239011322663E-15));
#5672=DIRECTION('center_axis',(0.612372435695809,0.353553390593282,0.707106781186531));
#5673=DIRECTION('ref_axis',(0.75592894601844,0.,-0.654653670707994));
#5674=DIRECTION('',(-0.499999999999999,0.866025403784439,-1.16119505661331E-15));
#5675=DIRECTION('',(-0.694746590606875,-0.186156787897319,0.694746590606874));
#5676=DIRECTION('center_axis',(0.866025403784439,0.499999999999999,2.01124883555208E-15));
#5677=DIRECTION('ref_axis',(2.32239011322663E-15,-4.37905770101505E-46,
-1.));
#5678=DIRECTION('',(0.499999999999999,-0.866025403784439,1.16119505661331E-15));
#5679=DIRECTION('',(2.32239011322663E-15,1.97215226305253E-31,-1.));
#5680=DIRECTION('',(0.499999999999999,-0.866025403784439,1.16119505661331E-15));
#5681=DIRECTION('',(-2.32239011322663E-15,-5.25486924121806E-46,1.));
#5682=DIRECTION('',(0.499999999999999,-0.866025403784439,1.16119505661331E-15));
#5683=DIRECTION('',(-2.32239011322663E-15,4.37905770101505E-46,1.));
#5684=DIRECTION('center_axis',(2.32239011322663E-15,-4.37905770101505E-46,
-1.));
#5685=DIRECTION('ref_axis',(-0.866025403784438,-0.500000000000001,-2.01124924006924E-15));
#5686=DIRECTION('center_axis',(-1.64217779762314E-15,0.707106781186549,
0.707106781186546));
#5687=DIRECTION('ref_axis',(-1.57009245868377E-15,-0.707106781186546,0.707106781186549));
#5688=DIRECTION('',(-2.32239011322663E-15,4.37905770101505E-46,1.));
#5689=DIRECTION('center_axis',(1.64217779762314E-15,0.707106781186548,-0.707106781186547));
#5690=DIRECTION('ref_axis',(1.68784939308506E-15,-0.707106781186547,-0.707106781186548));
#5691=DIRECTION('center_axis',(0.612372435695793,-0.353553390593272,-0.707106781186549));
#5692=DIRECTION('ref_axis',(-0.612372435695795,0.353553390593276,-0.707106781186546));
#5693=DIRECTION('',(2.32239011322663E-15,-4.37905770101505E-46,-1.));
#5694=DIRECTION('center_axis',(0.612372435695794,-0.353553390593275,0.707106781186547));
#5695=DIRECTION('ref_axis',(-0.612372435695794,0.353553390593273,0.707106781186548));
#5696=DIRECTION('center_axis',(-2.32239011322663E-15,4.37905770101505E-46,
1.));
#5697=DIRECTION('ref_axis',(-0.866025403784438,-0.500000000000001,-2.01124924006924E-15));
#5698=DIRECTION('center_axis',(-0.866025403784439,0.5,-2.01124883555208E-15));
#5699=DIRECTION('ref_axis',(-2.32239011322663E-15,4.37905770101505E-46,
1.));
#5700=DIRECTION('',(-0.5,-0.866025403784439,-1.16119505661332E-15));
#5701=DIRECTION('',(2.32239011322663E-15,-4.37905770101505E-46,-1.));
#5702=DIRECTION('',(0.5,0.866025403784439,1.16119505661332E-15));
#5703=DIRECTION('center_axis',(-0.612372435695793,0.353553390593272,0.707106781186549));
#5704=DIRECTION('ref_axis',(0.755928946018456,0.,0.654653670707976));
#5705=DIRECTION('',(-0.694746590606862,0.186156787897396,-0.694746590606866));
#5706=DIRECTION('center_axis',(-1.64217779762314E-15,-0.707106781186548,
0.707106781186547));
#5707=DIRECTION('ref_axis',(1.,0.,2.32239011322663E-15));
#5708=DIRECTION('',(1.,0.,2.32239011322663E-15));
#5709=DIRECTION('center_axis',(-1.64217779762314E-15,-0.707106781186548,
0.707106781186547));
#5710=DIRECTION('ref_axis',(-1.76635401601925E-15,0.707106781186547,0.707106781186548));
#5711=DIRECTION('',(0.577350269189628,0.577350269189624,0.577350269189626));
#5712=DIRECTION('center_axis',(-0.612372435695794,0.353553390593275,-0.707106781186547));
#5713=DIRECTION('ref_axis',(-0.755928946018454,0.,0.654653670707977));
#5714=DIRECTION('',(0.694746590606866,-0.186156787897382,-0.694746590606866));
#5715=DIRECTION('',(-0.5,-0.866025403784439,-1.16119505661332E-15));
#5716=DIRECTION('center_axis',(-1.01698803100863E-60,-1.,4.37905770101505E-46));
#5717=DIRECTION('ref_axis',(1.,0.,2.32239011322663E-15));
#5718=DIRECTION('',(-1.,0.,-2.32239011322663E-15));
#5719=DIRECTION('',(2.32239011322663E-15,-4.37905770101505E-46,-1.));
#5720=DIRECTION('center_axis',(-1.01698803100863E-60,-1.,4.37905770101505E-46));
#5721=DIRECTION('ref_axis',(1.,0.,2.32239011322663E-15));
#5722=DIRECTION('',(-2.32239011322663E-15,4.37905770101505E-46,1.));
#5723=DIRECTION('',(-1.,0.,-2.32239011322663E-15));
#5724=DIRECTION('center_axis',(1.64217779762314E-15,-0.707106781186549,
-0.707106781186546));
#5725=DIRECTION('ref_axis',(-1.,0.,-2.32239011322663E-15));
#5726=DIRECTION('center_axis',(1.64217779762314E-15,-0.707106781186549,
-0.707106781186546));
#5727=DIRECTION('ref_axis',(1.80560632748634E-15,0.707106781186546,-0.707106781186549));
#5728=DIRECTION('',(-0.577350269189624,0.577350269189625,-0.577350269189628));
#5729=DIRECTION('',(1.,0.,2.32239011322663E-15));
#5730=DIRECTION('center_axis',(2.32239011322663E-15,-4.37905770101505E-46,
-1.));
#5731=DIRECTION('ref_axis',(-0.70710678118655,-0.707106781186545,0.));
#5732=DIRECTION('',(2.32239011322663E-15,-4.37905770101505E-46,-1.));
#5733=DIRECTION('center_axis',(2.32239011322663E-15,-4.37905770101505E-46,
-1.));
#5734=DIRECTION('ref_axis',(-0.70710678118655,-0.707106781186545,0.));
#5735=DIRECTION('',(-2.32239011322663E-15,4.37905770101505E-46,1.));
#5736=DIRECTION('center_axis',(1.01698803100863E-60,1.,-4.37905770101505E-46));
#5737=DIRECTION('ref_axis',(-2.32239011322663E-15,4.37905770101505E-46,
1.));
#5738=DIRECTION('',(-2.32239011322663E-15,4.37905770101505E-46,1.));
#5739=DIRECTION('',(-1.,0.,-2.32239011322663E-15));
#5740=DIRECTION('center_axis',(2.32239011322663E-15,-4.37905770101505E-46,
-1.));
#5741=DIRECTION('ref_axis',(-0.707106781186544,-0.707106781186551,-3.14018491736755E-15));
#5742=DIRECTION('',(2.32239011322663E-15,-4.37905770101505E-46,-1.));
#5743=DIRECTION('center_axis',(2.32239011322663E-15,-4.37905770101505E-46,
-1.));
#5744=DIRECTION('ref_axis',(-0.707106781186544,-0.707106781186551,-3.14018491736755E-15));
#5745=DIRECTION('',(-2.32239011322663E-15,4.37905770101505E-46,1.));
#5746=DIRECTION('center_axis',(1.01698803100863E-60,1.,-4.37905770101505E-46));
#5747=DIRECTION('ref_axis',(-2.32239011322663E-15,4.37905770101505E-46,
1.));
#5748=DIRECTION('',(-2.32239011322663E-15,4.37905770101505E-46,1.));
#5749=DIRECTION('',(-1.,-8.54017711250128E-16,-2.32239011322663E-15));
#5750=DIRECTION('center_axis',(2.32239011322663E-15,0.,-1.));
#5751=DIRECTION('ref_axis',(-0.707106781186544,-0.707106781186551,0.));
#5752=DIRECTION('',(2.32239011322663E-15,0.,-1.));
#5753=DIRECTION('center_axis',(2.32239011322663E-15,-4.37905770101505E-46,
-1.));
#5754=DIRECTION('ref_axis',(-0.707106781186544,-0.707106781186551,0.));
#5755=DIRECTION('',(-2.32239011322663E-15,0.,1.));
#5756=DIRECTION('center_axis',(-3.5527136788005E-15,1.,-8.25078712277129E-30));
#5757=DIRECTION('ref_axis',(-2.32239011322663E-15,4.37905770101505E-46,
1.));
#5758=DIRECTION('',(-2.32239011322663E-15,0.,1.));
#5759=DIRECTION('',(-1.,-3.41607084500049E-15,-2.32239011322663E-15));
#5760=DIRECTION('center_axis',(-2.32239011322663E-15,0.,1.));
#5761=DIRECTION('ref_axis',(0.70710678118655,-0.707106781186545,3.14018491736755E-15));
#5762=DIRECTION('center_axis',(2.32239011322663E-15,-4.37905770101505E-46,
-1.));
#5763=DIRECTION('ref_axis',(0.70710678118655,-0.707106781186545,3.14018491736755E-15));
#5764=DIRECTION('',(2.32239011322663E-15,0.,-1.));
#5765=DIRECTION('center_axis',(-2.32239011322663E-15,4.37905770101505E-46,
1.));
#5766=DIRECTION('ref_axis',(0.707106781186544,-0.707106781186551,3.14018491736755E-15));
#5767=DIRECTION('center_axis',(2.32239011322663E-15,-4.37905770101505E-46,
-1.));
#5768=DIRECTION('ref_axis',(0.707106781186544,-0.707106781186551,3.14018491736755E-15));
#5769=DIRECTION('',(2.32239011322663E-15,-4.37905770101505E-46,-1.));
#5770=DIRECTION('center_axis',(-2.32239011322663E-15,4.37905770101505E-46,
1.));
#5771=DIRECTION('ref_axis',(0.707106781186547,-0.707106781186548,3.14018491736756E-15));
#5772=DIRECTION('center_axis',(2.32239011322663E-15,-4.37905770101505E-46,
-1.));
#5773=DIRECTION('ref_axis',(0.707106781186547,-0.707106781186548,3.14018491736756E-15));
#5774=DIRECTION('',(2.32239011322663E-15,-4.37905770101505E-46,-1.));
#5775=DIRECTION('center_axis',(2.32239011322663E-15,0.,-1.));
#5776=DIRECTION('ref_axis',(0.707106781186544,0.707106781186551,3.14018491736755E-15));
#5777=DIRECTION('',(2.32239011322663E-15,0.,-1.));
#5778=DIRECTION('center_axis',(2.32239011322663E-15,-4.37905770101505E-46,
-1.));
#5779=DIRECTION('ref_axis',(0.707106781186544,0.707106781186551,3.14018491736755E-15));
#5780=DIRECTION('',(-2.32239011322663E-15,0.,1.));
#5781=DIRECTION('center_axis',(3.5527136788005E-15,-1.,8.25078712277129E-30));
#5782=DIRECTION('ref_axis',(2.32239011322663E-15,-4.37905770101505E-46,
-1.));
#5783=DIRECTION('',(-2.32239011322663E-15,0.,1.));
#5784=DIRECTION('',(1.,3.30931863109422E-15,2.32239011322663E-15));
#5785=DIRECTION('center_axis',(2.32239011322663E-15,-4.37905770101505E-46,
-1.));
#5786=DIRECTION('ref_axis',(0.707106781186544,0.707106781186551,0.));
#5787=DIRECTION('',(2.32239011322663E-15,-4.37905770101505E-46,-1.));
#5788=DIRECTION('center_axis',(2.32239011322663E-15,-4.37905770101505E-46,
-1.));
#5789=DIRECTION('ref_axis',(0.707106781186544,0.707106781186551,0.));
#5790=DIRECTION('',(-2.32239011322663E-15,4.37905770101505E-46,1.));
#5791=DIRECTION('center_axis',(-1.01698803100863E-60,-1.,4.37905770101505E-46));
#5792=DIRECTION('ref_axis',(2.32239011322663E-15,-4.37905770101505E-46,
-1.));
#5793=DIRECTION('',(-2.32239011322663E-15,4.37905770101505E-46,1.));
#5794=DIRECTION('',(1.,8.54017711250128E-16,2.32239011322663E-15));
#5795=DIRECTION('center_axis',(2.32239011322663E-15,-4.37905770101505E-46,
-1.));
#5796=DIRECTION('ref_axis',(0.707106781186549,0.707106781186546,0.));
#5797=DIRECTION('',(2.32239011322663E-15,-4.37905770101505E-46,-1.));
#5798=DIRECTION('center_axis',(2.32239011322663E-15,-4.37905770101505E-46,
-1.));
#5799=DIRECTION('ref_axis',(0.707106781186549,0.707106781186546,0.));
#5800=DIRECTION('',(-2.32239011322663E-15,4.37905770101505E-46,1.));
#5801=DIRECTION('center_axis',(-1.01698803100863E-60,-1.,4.37905770101505E-46));
#5802=DIRECTION('ref_axis',(2.32239011322663E-15,-4.37905770101505E-46,
-1.));
#5803=DIRECTION('',(-2.32239011322663E-15,4.37905770101505E-46,1.));
#5804=DIRECTION('',(1.,0.,2.32239011322663E-15));
#5805=DIRECTION('center_axis',(-2.32239011322663E-15,4.37905770101505E-46,
1.));
#5806=DIRECTION('ref_axis',(-0.707106781186544,0.707106781186551,-3.14018491736755E-15));
#5807=DIRECTION('center_axis',(2.32239011322663E-15,-4.37905770101505E-46,
-1.));
#5808=DIRECTION('ref_axis',(-0.707106781186544,0.707106781186551,-3.14018491736755E-15));
#5809=DIRECTION('',(2.32239011322663E-15,-4.37905770101505E-46,-1.));
#5810=DIRECTION('center_axis',(-2.32239011322663E-15,0.,1.));
#5811=DIRECTION('ref_axis',(-0.70710678118655,0.707106781186545,-3.14018491736755E-15));
#5812=DIRECTION('center_axis',(2.32239011322663E-15,-4.37905770101505E-46,
-1.));
#5813=DIRECTION('ref_axis',(-0.70710678118655,0.707106781186545,-3.14018491736755E-15));
#5814=DIRECTION('',(2.32239011322663E-15,0.,-1.));
#5815=DIRECTION('center_axis',(-2.32239011322663E-15,4.37905770101505E-46,
1.));
#5816=DIRECTION('ref_axis',(-0.707106781186546,0.707106781186549,-3.14018491736755E-15));
#5817=DIRECTION('center_axis',(2.32239011322663E-15,-4.37905770101505E-46,
-1.));
#5818=DIRECTION('ref_axis',(-0.707106781186546,0.707106781186549,-3.14018491736755E-15));
#5819=DIRECTION('',(2.32239011322663E-15,-4.37905770101505E-46,-1.));
#5820=DIRECTION('center_axis',(-2.32239011322663E-15,0.,1.));
#5821=DIRECTION('ref_axis',(-0.965925826289066,0.258819045102529,-3.14018491736758E-15));
#5822=DIRECTION('center_axis',(2.32239011322663E-15,-4.37905770101505E-46,
-1.));
#5823=DIRECTION('ref_axis',(-0.965925826289066,0.258819045102529,-3.14018491736758E-15));
#5824=DIRECTION('',(2.32239011322663E-15,-1.97215226305251E-31,-1.));
#5825=DIRECTION('center_axis',(2.2268493543127E-15,-1.84889274661175E-31,
-1.));
#5826=DIRECTION('ref_axis',(-0.965925826289066,0.258819045102529,-3.14018491736758E-15));
#5827=DIRECTION('',(-2.32239011322663E-15,-1.70793395993447E-31,1.));
#5828=DIRECTION('center_axis',(0.49999999999999,-0.866025403784444,1.16119505661329E-15));
#5829=DIRECTION('ref_axis',(2.32239011322663E-15,-4.37905770101505E-46,
-1.));
#5830=DIRECTION('',(-2.32239011322663E-15,-1.70793395993447E-31,1.));
#5831=DIRECTION('',(0.866025403784439,0.499999999999999,2.01124883555208E-15));
#5832=DIRECTION('',(2.32239011322663E-15,1.97215226305253E-31,-1.));
#5833=DIRECTION('',(0.866025403784444,0.49999999999999,2.01124883555209E-15));
#5834=DIRECTION('center_axis',(2.32239011322663E-15,0.,-1.));
#5835=DIRECTION('ref_axis',(-0.258819045102525,-0.965925826289067,0.));
#5836=DIRECTION('center_axis',(2.32239011322663E-15,-4.37905770101505E-46,
-1.));
#5837=DIRECTION('ref_axis',(-0.258819045102525,-0.965925826289067,0.));
#5838=DIRECTION('',(2.32239011322663E-15,0.,-1.));
#5839=DIRECTION('center_axis',(2.2268493543127E-15,-1.84889274661175E-31,
-1.));
#5840=DIRECTION('ref_axis',(-0.258819045102525,-0.965925826289067,0.));
#5841=DIRECTION('',(-2.32239011322663E-15,0.,1.));
#5842=DIRECTION('center_axis',(0.866025403784441,0.499999999999996,2.01124883555209E-15));
#5843=DIRECTION('ref_axis',(2.32239011322663E-15,-4.37905770101505E-46,
-1.));
#5844=DIRECTION('',(-0.499999999999996,0.866025403784441,-1.1611950566133E-15));
#5845=DIRECTION('',(0.499999999999999,-0.866025403784439,1.16119505661331E-15));
#5846=DIRECTION('center_axis',(-2.32239011322663E-15,0.,1.));
#5847=DIRECTION('ref_axis',(0.965926541361905,-0.258816376399618,2.24325550143999E-15));
#5848=DIRECTION('center_axis',(2.32239011322663E-15,-4.37905770101505E-46,
-1.));
#5849=DIRECTION('ref_axis',(0.965926541361905,-0.258816376399618,2.24325550143999E-15));
#5850=DIRECTION('',(2.32239011322663E-15,0.,-1.));
#5851=DIRECTION('center_axis',(2.32239011322663E-15,-4.37905770101505E-46,
-1.));
#5852=DIRECTION('ref_axis',(0.965926541361905,-0.258816376399618,2.24325550143999E-15));
#5853=DIRECTION('',(-2.32239011322663E-15,0.,1.));
#5854=DIRECTION('center_axis',(-2.32239011322663E-15,4.37905770101505E-46,
1.));
#5855=DIRECTION('ref_axis',(1.,0.,2.32239011322663E-15));
#5856=DIRECTION('',(0.866023870216513,0.500002656208157,2.01124527400909E-15));
#5857=DIRECTION('center_axis',(2.32239011322663E-15,-4.37905770101505E-46,
-1.));
#5858=DIRECTION('ref_axis',(-0.258816376399619,-0.965926541361904,-6.0107515994721E-16));
#5859=DIRECTION('',(0.500002129173338,-0.866024174502149,1.16120000138442E-15));
#5860=DIRECTION('',(0.500002129173338,-0.866024174502149,1.16120000138442E-15));
#5861=DIRECTION('',(0.500002129173338,-0.866024174502149,1.16120000138442E-15));
#5862=DIRECTION('',(0.500002129173338,-0.866024174502149,1.16120000138442E-15));
#5863=DIRECTION('center_axis',(2.32239011322663E-15,-4.37905770101505E-46,
-1.));
#5864=DIRECTION('ref_axis',(-0.258819045102518,-0.965925826289069,-1.57009245868377E-15));
#5865=DIRECTION('',(0.866025403784439,0.499999999999999,2.01124883555208E-15));
#5866=DIRECTION('center_axis',(-2.32239011322663E-15,4.37905770101505E-46,
1.));
#5867=DIRECTION('ref_axis',(-0.965926144449329,0.258817857709345,-1.57009438877008E-15));
#5868=DIRECTION('',(-0.500002129173338,0.866024174502149,-1.16120000138442E-15));
#5869=DIRECTION('center_axis',(0.500002656208157,-0.866023870216513,1.16120122536488E-15));
#5870=DIRECTION('ref_axis',(0.866023870216513,0.500002656208157,2.01124527400909E-15));
#5871=DIRECTION('',(0.866023870216513,0.500002656208157,2.01124527400909E-15));
#5872=DIRECTION('',(2.32239011322663E-15,0.,-1.));
#5873=DIRECTION('center_axis',(-2.32239011322663E-15,0.,1.));
#5874=DIRECTION('ref_axis',(0.258819045102535,0.965925826289065,7.85046229341881E-16));
#5875=DIRECTION('center_axis',(2.2268493543127E-15,-1.84889274661175E-31,
-1.));
#5876=DIRECTION('ref_axis',(0.258819045102535,0.965925826289065,7.85046229341881E-16));
#5877=DIRECTION('',(2.32239011322663E-15,1.70793395993447E-31,-1.));
#5878=DIRECTION('center_axis',(2.32239011322663E-15,-4.37905770101505E-46,
-1.));
#5879=DIRECTION('ref_axis',(0.258819045102535,0.965925826289065,7.85046229341881E-16));
#5880=DIRECTION('',(-2.32239011322663E-15,1.97215226305251E-31,1.));
#5881=DIRECTION('center_axis',(-0.49999999999999,0.866025403784444,-1.16119505661329E-15));
#5882=DIRECTION('ref_axis',(-2.32239011322663E-15,4.37905770101505E-46,
1.));
#5883=DIRECTION('',(0.866025403784441,0.499999999999996,2.01124883555209E-15));
#5884=DIRECTION('',(-2.32239011322663E-15,0.,1.));
#5885=DIRECTION('',(-0.866025403784441,-0.499999999999996,-2.01124883555209E-15));
#5886=DIRECTION('center_axis',(-2.32239011322663E-15,0.,1.));
#5887=DIRECTION('ref_axis',(0.258816670315776,0.96592646260813,6.0107497704952E-16));
#5888=DIRECTION('center_axis',(2.32239011322663E-15,-4.37905770101505E-46,
-1.));
#5889=DIRECTION('ref_axis',(0.258816670315776,0.96592646260813,6.0107497704952E-16));
#5890=DIRECTION('',(2.32239011322663E-15,0.,-1.));
#5891=DIRECTION('center_axis',(2.32239011322663E-15,-4.37905770101505E-46,
-1.));
#5892=DIRECTION('ref_axis',(0.258816670315776,0.96592646260813,6.0107497704952E-16));
#5893=DIRECTION('',(-2.32239011322663E-15,0.,1.));
#5894=DIRECTION('center_axis',(0.866024174502149,0.500002129173338,2.01124598067904E-15));
#5895=DIRECTION('ref_axis',(-0.500002129173338,0.866024174502149,-1.16120000138442E-15));
#5896=DIRECTION('',(-0.500002129173338,0.866024174502149,-1.16120000138442E-15));
#5897=DIRECTION('',(2.32239011322663E-15,0.,-1.));
#5898=DIRECTION('',(-0.500002129173338,0.866024174502149,-1.16120000138442E-15));
#5899=DIRECTION('center_axis',(-2.32239011322663E-15,0.,1.));
#5900=DIRECTION('ref_axis',(-0.965926462608131,0.258816670315771,-2.24325618402704E-15));
#5901=DIRECTION('center_axis',(2.32239011322663E-15,-4.37905770101505E-46,
-1.));
#5902=DIRECTION('ref_axis',(-0.965926462608131,0.258816670315771,-2.24325618402704E-15));
#5903=DIRECTION('',(2.32239011322663E-15,0.,-1.));
#5904=DIRECTION('center_axis',(2.32239011322663E-15,-4.37905770101505E-46,
-1.));
#5905=DIRECTION('ref_axis',(-0.965926462608131,0.258816670315771,-2.24325618402704E-15));
#5906=DIRECTION('',(-2.32239011322663E-15,0.,1.));
#5907=DIRECTION('center_axis',(-0.500002129173338,0.866024174502149,-1.16120000138442E-15));
#5908=DIRECTION('ref_axis',(-0.866024174502149,-0.500002129173337,-2.01124598067904E-15));
#5909=DIRECTION('',(-0.866024174502149,-0.500002129173337,-2.01124598067904E-15));
#5910=DIRECTION('',(-0.866024174502149,-0.500002129173337,-2.01124598067904E-15));
#5911=DIRECTION('center_axis',(-2.32239011322663E-15,0.,1.));
#5912=DIRECTION('ref_axis',(-0.965925826289067,0.258819045102527,-1.96261557335474E-15));
#5913=DIRECTION('center_axis',(2.2268493543127E-15,-1.84889274661175E-31,
-1.));
#5914=DIRECTION('ref_axis',(-0.965925826289067,0.258819045102527,-1.96261557335474E-15));
#5915=DIRECTION('',(2.32239011322663E-15,0.,-1.));
#5916=DIRECTION('center_axis',(2.32239011322663E-15,-4.37905770101505E-46,
-1.));
#5917=DIRECTION('ref_axis',(-0.965925826289067,0.258819045102527,-1.96261557335474E-15));
#5918=DIRECTION('center_axis',(-0.866025403784439,-0.499999999999999,-2.01124883555208E-15));
#5919=DIRECTION('ref_axis',(-2.32239011322663E-15,4.37905770101505E-46,
1.));
#5920=DIRECTION('',(-0.49999999999999,0.866025403784444,-1.16119505661329E-15));
#5921=DIRECTION('',(-2.2298715278412E-15,4.37905770101505E-46,1.));
#5922=DIRECTION('',(0.500002129173338,-0.866024174502149,1.16120000138442E-15));
#5923=DIRECTION('',(0.500002129173338,-0.866024174502149,1.16120000138442E-15));
#5924=DIRECTION('',(0.500002129173338,-0.866024174502149,1.16120000138442E-15));
#5925=DIRECTION('center_axis',(-2.32239011322663E-15,0.,1.));
#5926=DIRECTION('ref_axis',(-0.258816376399619,-0.965926541361904,-6.0107515994721E-16));
#5927=DIRECTION('center_axis',(2.32239011322663E-15,-4.37905770101505E-46,
-1.));
#5928=DIRECTION('ref_axis',(-0.258816376399619,-0.965926541361904,-6.0107515994721E-16));
#5929=DIRECTION('',(-2.32239011322663E-15,0.,1.));
#5930=DIRECTION('center_axis',(-0.866024174502149,-0.500002129173338,-2.01124598067904E-15));
#5931=DIRECTION('ref_axis',(0.500002129173338,-0.866024174502149,1.16120000138442E-15));
#5932=DIRECTION('',(0.500002129173338,-0.866024174502149,1.16120000138442E-15));
#5933=DIRECTION('',(0.500002129173338,-0.866024174502149,1.16120000138442E-15));
#5934=DIRECTION('',(0.500002129173338,-0.866024174502149,1.16120000138442E-15));
#5935=DIRECTION('',(0.500002129173338,-0.866024174502149,1.16120000138442E-15));
#5936=DIRECTION('',(0.500002129173338,-0.866024174502149,1.16120000138442E-15));
#5937=DIRECTION('',(0.500002129173338,-0.866024174502149,1.16120000138442E-15));
#5938=DIRECTION('center_axis',(2.32239011322663E-15,1.97215226305253E-31,
-1.));
#5939=DIRECTION('ref_axis',(-0.258819045102518,-0.965925826289069,-1.57009245868377E-15));
#5940=DIRECTION('',(-2.32239011322663E-15,-1.97215226305253E-31,1.));
#5941=DIRECTION('center_axis',(2.2268493543127E-15,-1.84889274661175E-31,
-1.));
#5942=DIRECTION('ref_axis',(-0.258819045102518,-0.965925826289069,-1.57009245868377E-15));
#5943=DIRECTION('',(2.32239011322663E-15,2.64218303118067E-32,-1.));
#5944=DIRECTION('center_axis',(0.499999999999999,-0.866025403784439,1.16119505661331E-15));
#5945=DIRECTION('ref_axis',(2.32239011322663E-15,-4.37905770101505E-46,
-1.));
#5946=DIRECTION('',(-0.866025403784439,-0.5,-2.01124883555208E-15));
#5947=DIRECTION('',(-2.32239011322663E-15,-2.64218303118067E-32,1.));
#5948=DIRECTION('',(0.866025403784439,0.499999999999999,2.01124883555208E-15));
#5949=DIRECTION('',(2.32239011322663E-15,-1.70793395993446E-31,-1.));
#5950=DIRECTION('',(-0.866025403784439,-0.5,-2.01124883555208E-15));
#5951=DIRECTION('center_axis',(-2.2268493543127E-15,1.84889274661175E-31,
1.));
#5952=DIRECTION('ref_axis',(0.866025403784439,0.499999999999999,1.92850811123577E-15));
#5953=DIRECTION('',(0.49999999999999,-0.866025403784444,1.16119505661329E-15));
#5954=DIRECTION('center_axis',(-2.2268493543127E-15,1.84889274661175E-31,
1.));
#5955=DIRECTION('ref_axis',(-0.258819045102536,-0.965925826289064,0.));
#5956=DIRECTION('',(-0.500000000000001,0.866025403784438,-1.16119505661332E-15));
#5957=DIRECTION('center_axis',(-2.2268493543127E-15,1.84889274661175E-31,
1.));
#5958=DIRECTION('ref_axis',(0.866025403784439,0.499999999999999,1.92850811123577E-15));
#5959=DIRECTION('center_axis',(-0.866025403784438,-0.500000000000001,-2.01124883555208E-15));
#5960=DIRECTION('ref_axis',(-2.32239011322663E-15,4.37905770101505E-46,
1.));
#5961=DIRECTION('',(2.2298715278412E-15,-4.37905770101505E-46,-1.));
#5962=DIRECTION('center_axis',(2.32239011322663E-15,0.,-1.));
#5963=DIRECTION('ref_axis',(-0.965926144449329,0.258817857709345,-1.57009438877008E-15));
#5964=DIRECTION('center_axis',(-2.32239011322663E-15,4.37905770101505E-46,
1.));
#5965=DIRECTION('ref_axis',(-0.965926144449329,0.258817857709345,-1.57009438877008E-15));
#5966=DIRECTION('',(-2.32239011322663E-15,-1.97216066116056E-31,1.));
#5967=DIRECTION('center_axis',(-2.32239011322663E-15,4.37905770101505E-46,
1.));
#5968=DIRECTION('ref_axis',(1.,0.,2.32239011322663E-15));
#5969=DIRECTION('',(4.93038065763132E-32,1.,-3.23403097164237E-46));
#5970=DIRECTION('',(1.,-4.93038065763132E-32,2.32239011322663E-15));
#5971=DIRECTION('',(-4.93038065763132E-32,-1.,3.23403097164237E-46));
#5972=DIRECTION('',(1.,0.,2.32239011322663E-15));
#5973=DIRECTION('',(4.93038065763132E-32,1.,-3.23403097164237E-46));
#5974=DIRECTION('',(1.,-4.93038065763132E-32,2.32239011322663E-15));
#5975=DIRECTION('',(-4.93038065763132E-32,-1.,3.23403097164237E-46));
#5976=DIRECTION('',(1.,0.,2.32239011322663E-15));
#5977=DIRECTION('',(1.01698803100863E-60,1.,-4.37905770101505E-46));
#5978=DIRECTION('',(1.,0.,2.32239011322663E-15));
#5979=DIRECTION('',(-1.01698803100863E-60,-1.,4.37905770101505E-46));
#5980=DIRECTION('',(1.,0.,2.32239011322663E-15));
#5981=DIRECTION('',(1.01698803100863E-60,1.,-4.37905770101505E-46));
#5982=DIRECTION('',(1.,0.,2.32239011322663E-15));
#5983=DIRECTION('',(-1.01698803100863E-60,-1.,4.37905770101505E-46));
#5984=DIRECTION('',(1.,0.,2.32239011322663E-15));
#5985=DIRECTION('',(-1.01698803100863E-60,-1.,4.37905770101505E-46));
#5986=DIRECTION('',(-1.,8.59527502935605E-16,-2.32239011322663E-15));
#5987=DIRECTION('',(1.01698803100863E-60,1.,-4.37905770101505E-46));
#5988=DIRECTION('',(-0.499999999999999,0.866025403784439,-1.16119505661331E-15));
#5989=DIRECTION('center_axis',(-2.32239011322663E-15,4.37905770101505E-46,
1.));
#5990=DIRECTION('ref_axis',(-0.258819045102536,-0.965925826289064,0.));
#5991=DIRECTION('',(-0.500002129173338,0.866024174502149,-1.16120000138442E-15));
#5992=DIRECTION('',(-0.499999999999999,0.866025403784439,-1.16119505661331E-15));
#5993=DIRECTION('',(-2.56205320533332E-15,1.,-5.95008703362669E-30));
#5994=DIRECTION('',(2.56205320533332E-15,-1.,5.95008703362669E-30));
#5995=DIRECTION('',(-3.20256650666666E-16,1.,-7.4376087920334E-31));
#5996=DIRECTION('',(3.20256650666666E-16,-1.,7.4376087920334E-31));
#5997=DIRECTION('',(3.60288731999999E-16,1.,8.36730989103756E-31));
#5998=DIRECTION('',(-3.60288731999999E-16,-1.,-8.36730989103756E-31));
#5999=DIRECTION('center_axis',(-2.32239011322663E-15,4.37905770101505E-46,
1.));
#6000=DIRECTION('ref_axis',(1.,0.,2.32239011322663E-15));
#6001=DIRECTION('center_axis',(-2.32239011322663E-15,4.37905770101505E-46,
1.));
#6002=DIRECTION('ref_axis',(1.,0.,2.32239011322663E-15));
#6003=DIRECTION('center_axis',(-2.32239011322663E-15,4.37905770101505E-46,
1.));
#6004=DIRECTION('ref_axis',(1.,0.,2.32239011322663E-15));
#6005=DIRECTION('center_axis',(-2.32239011322663E-15,4.37905770101505E-46,
1.));
#6006=DIRECTION('ref_axis',(1.,0.,2.32239011322663E-15));
#6007=DIRECTION('center_axis',(-2.32239011322663E-15,4.37905770101505E-46,
1.));
#6008=DIRECTION('ref_axis',(1.,0.,2.32239011322663E-15));
#6009=DIRECTION('center_axis',(-2.32239011322663E-15,4.37905770101505E-46,
1.));
#6010=DIRECTION('ref_axis',(1.,0.,2.32239011322663E-15));
#6011=DIRECTION('center_axis',(2.32239011322663E-15,0.,-1.));
#6012=DIRECTION('ref_axis',(-0.258819045102536,-0.965925826289064,0.));
#6013=DIRECTION('',(2.32239011322663E-15,-1.97215226305251E-31,-1.));
#6014=DIRECTION('center_axis',(-2.32239011322663E-15,4.37905770101505E-46,
1.));
#6015=DIRECTION('ref_axis',(-0.258819045102536,-0.965925826289064,0.));
#6016=DIRECTION('center_axis',(-2.32239011322663E-15,4.37905770101505E-46,
1.));
#6017=DIRECTION('ref_axis',(1.,0.,2.32239011322663E-15));
#6018=DIRECTION('',(-0.499999999999996,0.866025403784441,-1.1611950566133E-15));
#6019=DIRECTION('center_axis',(0.866025403784441,0.499999999999996,2.01124883555209E-15));
#6020=DIRECTION('ref_axis',(2.32239011322663E-15,-4.37905770101505E-46,
-1.));
#6021=DIRECTION('center_axis',(-2.32239011322663E-15,-1.97215226305253E-31,
1.));
#6022=DIRECTION('ref_axis',(0.965925826289066,-0.258819045102528,3.14018491736758E-15));
#6023=DIRECTION('center_axis',(-0.612372435695798,-0.353553390593274,0.707106781186545));
#6024=DIRECTION('ref_axis',(0.612372435695792,0.353553390593272,0.70710678118655));
#6025=DIRECTION('center_axis',(-0.353553390593271,0.612372435695798,-0.707106781186546));
#6026=DIRECTION('ref_axis',(0.353553390593272,-0.612372435695793,-0.707106781186549));
#6027=DIRECTION('center_axis',(-0.499999999999999,0.866025403784439,-1.16119505661331E-15));
#6028=DIRECTION('ref_axis',(0.612372435695794,0.353553390593268,-0.70710678118655));
#6029=DIRECTION('',(-0.499999999999999,0.866025403784439,-1.16119505661331E-15));
#6030=DIRECTION('center_axis',(-0.353553390593267,0.612372435695782,0.707106781186562));
#6031=DIRECTION('ref_axis',(0.353553390593279,-0.612372435695808,0.707106781186533));
#6032=DIRECTION('center_axis',(-2.32239011322663E-15,-1.97215226305253E-31,
1.));
#6033=DIRECTION('ref_axis',(0.258819045102526,0.965925826289067,1.57009245868378E-15));
#6034=DIRECTION('center_axis',(-0.612372435695823,-0.353553390593288,0.707106781186516));
#6035=DIRECTION('ref_axis',(0.612372435695767,0.353553390593258,0.707106781186579));
#6036=DIRECTION('center_axis',(-2.32239011322663E-15,4.37905770101505E-46,
1.));
#6037=DIRECTION('ref_axis',(1.,0.,2.32239011322663E-15));
#6038=DIRECTION('center_axis',(0.612372435695823,0.353553390593288,-0.707106781186516));
#6039=DIRECTION('ref_axis',(-0.755928946018425,0.,-0.654653670708011));
#6040=DIRECTION('center_axis',(-2.383622453184E-15,5.26308802624599E-32,
1.));
#6041=DIRECTION('ref_axis',(-0.707106781186547,-0.707106781186547,-1.88411095042053E-15));
#6042=DIRECTION('center_axis',(0.707106781186551,-7.25702076740648E-16,
-0.707106781186545));
#6043=DIRECTION('ref_axis',(-0.707106781186544,7.06541606407697E-16,-0.707106781186551));
#6044=DIRECTION('',(-2.383622453184E-15,5.26308802624599E-32,1.));
#6045=DIRECTION('center_axis',(-1.03440007168107E-15,0.707106781186537,
0.707106781186559));
#6046=DIRECTION('ref_axis',(-2.3551386880257E-15,-0.707106781186559,0.707106781186536));
#6047=DIRECTION('',(2.383622453184E-15,-5.26308802624599E-32,-1.));
#6048=DIRECTION('center_axis',(-1.,1.22464679914734E-16,-2.383622453184E-15));
#6049=DIRECTION('ref_axis',(1.22464679914736E-16,1.,-9.03833039254212E-16));
#6050=DIRECTION('',(1.77207120605844E-15,0.707106781186559,-0.707106781186537));
#6051=DIRECTION('',(-1.22464679914736E-16,-1.,9.03833039254212E-16));
#6052=DIRECTION('',(2.383622453184E-15,-9.03833039254212E-16,-1.));
#6053=DIRECTION('',(1.22464679914736E-16,1.,-9.03833039254212E-16));
#6054=DIRECTION('center_axis',(-1.,1.22464679914734E-16,-2.383622453184E-15));
#6055=DIRECTION('ref_axis',(1.22464679914736E-16,1.,-9.03833039254212E-16));
#6056=DIRECTION('center_axis',(2.383622453184E-15,-5.26308802624599E-32,
-1.));
#6057=DIRECTION('ref_axis',(0.707106781186546,-0.707106781186549,1.88411095042053E-15));
#6058=DIRECTION('center_axis',(-1.03440007168112E-15,0.707106781186522,
0.707106781186573));
#6059=DIRECTION('ref_axis',(-2.27663406509155E-15,-0.707106781186573,0.707106781186522));
#6060=DIRECTION('',(2.383622453184E-15,-5.26308802624599E-32,-1.));
#6061=DIRECTION('center_axis',(-0.707106781186546,-5.52510865493552E-16,
-0.707106781186549));
#6062=DIRECTION('ref_axis',(0.707106781186549,6.67289294940604E-16,-0.707106781186546));
#6063=DIRECTION('',(-2.383622453184E-15,5.26308802624599E-32,1.));
#6064=DIRECTION('center_axis',(-1.,1.22464679914734E-16,-2.383622453184E-15));
#6065=DIRECTION('ref_axis',(1.22464679914736E-16,1.,-9.03833039254212E-16));
#6066=DIRECTION('',(-1.77207120605841E-15,-0.707106781186573,0.707106781186522));
#6067=DIRECTION('',(-1.22464679914736E-16,-1.,9.03833039254212E-16));
#6068=DIRECTION('',(-2.383622453184E-15,9.03833039254212E-16,1.));
#6069=DIRECTION('',(1.22464679914736E-16,1.,-9.03833039254212E-16));
#6070=DIRECTION('center_axis',(1.,-1.22464679914734E-16,2.383622453184E-15));
#6071=DIRECTION('ref_axis',(1.22464679914736E-16,1.,-9.03833039254212E-16));
#6072=DIRECTION('center_axis',(2.383622453184E-15,-5.26308802624599E-32,
-1.));
#6073=DIRECTION('ref_axis',(0.707106781186546,-0.707106781186549,1.88411095042053E-15));
#6074=DIRECTION('center_axis',(-1.03440007168107E-15,0.707106781186537,
0.707106781186559));
#6075=DIRECTION('ref_axis',(-2.27663406509151E-15,-0.707106781186559,0.707106781186537));
#6076=DIRECTION('',(2.383622453184E-15,-5.26308802624599E-32,-1.));
#6077=DIRECTION('center_axis',(-0.707106781186545,-5.41441377849963E-16,
-0.70710678118655));
#6078=DIRECTION('ref_axis',(0.70710678118655,4.71027737605133E-16,-0.707106781186545));
#6079=DIRECTION('',(-2.383622453184E-15,5.26308802624599E-32,1.));
#6080=DIRECTION('center_axis',(-1.,1.22464679914734E-16,-2.383622453184E-15));
#6081=DIRECTION('ref_axis',(1.22464679914736E-16,1.,-9.03833039254212E-16));
#6082=DIRECTION('',(-1.77207120605844E-15,-0.707106781186559,0.707106781186537));
#6083=DIRECTION('',(-1.22464679914736E-16,-1.,9.03833039254212E-16));
#6084=DIRECTION('',(-2.383622453184E-15,9.03833039254212E-16,1.));
#6085=DIRECTION('',(1.22464679914736E-16,1.,-8.88178419700125E-16));
#6086=DIRECTION('center_axis',(1.,-1.22464679914734E-16,2.383622453184E-15));
#6087=DIRECTION('ref_axis',(1.22464679914736E-16,1.,-9.03833039254212E-16));
#6088=DIRECTION('center_axis',(-2.383622453184E-15,5.26308802624599E-32,
1.));
#6089=DIRECTION('ref_axis',(-0.707106781186549,-0.707106781186546,-1.88411095042053E-15));
#6090=DIRECTION('center_axis',(0.70710678118655,-7.14632589097058E-16,-0.707106781186545));
#6091=DIRECTION('ref_axis',(-0.707106781186546,8.63550852276076E-16,-0.70710678118655));
#6092=DIRECTION('',(-2.383622453184E-15,5.26308802624599E-32,1.));
#6093=DIRECTION('center_axis',(-1.03440007168102E-15,0.707106781186552,
0.707106781186543));
#6094=DIRECTION('ref_axis',(-2.15887713069018E-15,-0.707106781186543,0.707106781186552));
#6095=DIRECTION('',(2.383622453184E-15,-5.26308802624599E-32,-1.));
#6096=DIRECTION('center_axis',(1.,-1.22464679914734E-16,2.383622453184E-15));
#6097=DIRECTION('ref_axis',(-1.22464679914736E-16,-1.,9.03833039254212E-16));
#6098=DIRECTION('',(1.77207120605848E-15,0.707106781186543,-0.707106781186552));
#6099=DIRECTION('',(-1.22464679914736E-16,-1.,8.88178419700125E-16));
#6100=DIRECTION('',(2.383622453184E-15,-9.03833039254212E-16,-1.));
#6101=DIRECTION('',(1.22464679914736E-16,1.,-9.03833039254212E-16));
#6102=DIRECTION('center_axis',(-1.,1.22464679914734E-16,-2.383622453184E-15));
#6103=DIRECTION('ref_axis',(1.22464679914736E-16,1.,-9.03833039254212E-16));
#6104=DIRECTION('center_axis',(2.32239011322663E-15,-4.37905770101505E-46,
-1.));
#6105=DIRECTION('ref_axis',(-0.707106781186547,0.707106781186547,-1.25607396694702E-15));
#6106=DIRECTION('center_axis',(1.64217779762314E-15,-0.707106781186549,
-0.707106781186546));
#6107=DIRECTION('ref_axis',(1.80560632748634E-15,0.707106781186546,-0.707106781186549));
#6108=DIRECTION('',(-2.32239011322663E-15,4.37905770101505E-46,1.));
#6109=DIRECTION('center_axis',(-1.64217779762314E-15,-0.707106781186548,
0.707106781186547));
#6110=DIRECTION('ref_axis',(-1.76635401601925E-15,0.707106781186547,0.707106781186548));
#6111=DIRECTION('center_axis',(0.707106781186548,-3.48630559684208E-32,
0.707106781186548));
#6112=DIRECTION('ref_axis',(-0.707106781186548,0.,0.707106781186547));
#6113=DIRECTION('',(2.32239011322663E-15,-4.37905770101505E-46,-1.));
#6114=DIRECTION('center_axis',(0.70710678118655,-3.48630559684213E-32,-0.707106781186545));
#6115=DIRECTION('ref_axis',(-0.707106781186545,0.,-0.70710678118655));
#6116=DIRECTION('center_axis',(1.,-4.93038065763132E-32,2.32239011322663E-15));
#6117=DIRECTION('ref_axis',(-4.93038065763132E-32,-1.,5.12487417602563E-47));
#6118=DIRECTION('',(4.93038065763132E-32,1.,-3.23403097164237E-46));
#6119=DIRECTION('',(-2.32239011322663E-15,1.65751414697524E-46,1.));
#6120=DIRECTION('',(-4.93038065763132E-32,-1.,3.23403097164237E-46));
#6121=DIRECTION('center_axis',(-1.,4.93038065763132E-32,-2.32239011322663E-15));
#6122=DIRECTION('ref_axis',(-4.93038065763132E-32,-1.,5.12487417602563E-47));
#6123=DIRECTION('center_axis',(2.32239011322663E-15,-4.37905770101505E-46,
-1.));
#6124=DIRECTION('ref_axis',(-0.707106781186547,0.707106781186547,-1.25607396694702E-15));
#6125=DIRECTION('center_axis',(1.64217779762314E-15,-0.707106781186549,
-0.707106781186546));
#6126=DIRECTION('ref_axis',(1.80560632748634E-15,0.707106781186546,-0.707106781186549));
#6127=DIRECTION('',(-2.32239011322663E-15,4.37905770101505E-46,1.));
#6128=DIRECTION('center_axis',(-1.64217779762314E-15,-0.707106781186548,
0.707106781186547));
#6129=DIRECTION('ref_axis',(-1.76635401601925E-15,0.707106781186547,0.707106781186548));
#6130=DIRECTION('center_axis',(0.707106781186543,3.09646139559493E-46,0.707106781186552));
#6131=DIRECTION('ref_axis',(-0.707106781186552,0.,0.707106781186543));
#6132=DIRECTION('',(2.32239011322663E-15,-4.37905770101505E-46,-1.));
#6133=DIRECTION('center_axis',(0.707106781186552,-3.0964613955949E-46,-0.707106781186543));
#6134=DIRECTION('ref_axis',(-0.707106781186543,-7.85046229341884E-17,-0.707106781186552));
#6135=DIRECTION('center_axis',(1.,0.,2.32239011322663E-15));
#6136=DIRECTION('ref_axis',(-1.01698803100863E-60,-1.,4.37905770101505E-46));
#6137=DIRECTION('',(1.01698803100863E-60,1.,-4.37905770101505E-46));
#6138=DIRECTION('',(-2.32239011322663E-15,4.37905770101505E-46,1.));
#6139=DIRECTION('',(-1.01698803100863E-60,-1.,4.37905770101505E-46));
#6140=DIRECTION('center_axis',(1.,0.,2.32239011322663E-15));
#6141=DIRECTION('ref_axis',(-1.01698803100863E-60,-1.,4.37905770101505E-46));
#6142=DIRECTION('center_axis',(2.32239011322663E-15,-4.37905770101505E-46,
-1.));
#6143=DIRECTION('ref_axis',(-0.707106781186547,0.707106781186547,-1.88411095042053E-15));
#6144=DIRECTION('center_axis',(1.64217779762314E-15,-0.707106781186549,
-0.707106781186546));
#6145=DIRECTION('ref_axis',(1.76635401601924E-15,0.707106781186546,-0.707106781186549));
#6146=DIRECTION('',(-2.32239011322663E-15,4.37905770101505E-46,1.));
#6147=DIRECTION('center_axis',(-1.64217779762314E-15,-0.707106781186548,
0.707106781186547));
#6148=DIRECTION('ref_axis',(-1.68784939308506E-15,0.707106781186547,0.707106781186548));
#6149=DIRECTION('center_axis',(0.707106781186544,3.09646139559493E-46,0.707106781186551));
#6150=DIRECTION('ref_axis',(-0.707106781186551,0.,0.707106781186544));
#6151=DIRECTION('',(2.32239011322663E-15,-4.37905770101505E-46,-1.));
#6152=DIRECTION('center_axis',(0.707106781186551,-3.09646139559491E-46,
-0.707106781186544));
#6153=DIRECTION('ref_axis',(-0.707106781186544,0.,-0.707106781186551));
#6154=DIRECTION('center_axis',(1.,0.,2.32239011322663E-15));
#6155=DIRECTION('ref_axis',(-1.01698803100863E-60,-1.,4.37905770101505E-46));
#6156=DIRECTION('',(1.01698803100863E-60,1.,-4.37905770101505E-46));
#6157=DIRECTION('',(-2.32239011322663E-15,4.37905770101505E-46,1.));
#6158=DIRECTION('',(-1.01698803100863E-60,-1.,4.37905770101505E-46));
#6159=DIRECTION('center_axis',(-1.,0.,-2.32239011322663E-15));
#6160=DIRECTION('ref_axis',(-1.01698803100863E-60,-1.,4.37905770101505E-46));
#6161=DIRECTION('center_axis',(-2.32239011322663E-15,4.37905770101505E-46,
1.));
#6162=DIRECTION('ref_axis',(0.707106781186547,0.707106781186547,1.88411095042053E-15));
#6163=DIRECTION('center_axis',(1.64217779762314E-15,-0.707106781186549,
-0.707106781186546));
#6164=DIRECTION('ref_axis',(1.76635401601924E-15,0.707106781186546,-0.707106781186549));
#6165=DIRECTION('center_axis',(-0.707106781186547,-3.09646139559491E-46,
-0.707106781186548));
#6166=DIRECTION('ref_axis',(0.707106781186548,1.57009245868377E-16,-0.707106781186547));
#6167=DIRECTION('',(-2.32239011322663E-15,4.37905770101505E-46,1.));
#6168=DIRECTION('center_axis',(-0.707106781186547,3.09646139559493E-46,
0.707106781186548));
#6169=DIRECTION('ref_axis',(0.707106781186548,-7.8504622934189E-17,0.707106781186547));
#6170=DIRECTION('center_axis',(-1.,0.,-2.32239011322663E-15));
#6171=DIRECTION('ref_axis',(1.01698803100863E-60,1.,-4.37905770101505E-46));
#6172=DIRECTION('',(1.01698803100863E-60,1.,-4.37905770101505E-46));
#6173=DIRECTION('',(2.32239011322663E-15,-4.37905770101505E-46,-1.));
#6174=DIRECTION('',(-1.01698803100863E-60,-1.,4.37905770101505E-46));
#6175=DIRECTION('center_axis',(1.,0.,2.32239011322663E-15));
#6176=DIRECTION('ref_axis',(-1.01698803100863E-60,-1.,4.37905770101505E-46));
#6177=DIRECTION('center_axis',(-2.32239011322663E-15,4.37905770101505E-46,
1.));
#6178=DIRECTION('ref_axis',(0.707106781186547,0.707106781186547,1.25607396694702E-15));
#6179=DIRECTION('center_axis',(-1.64217779762314E-15,-0.707106781186548,
0.707106781186547));
#6180=DIRECTION('ref_axis',(-1.76635401601925E-15,0.707106781186547,0.707106781186548));
#6181=DIRECTION('',(2.32239011322663E-15,-4.37905770101505E-46,-1.));
#6182=DIRECTION('center_axis',(1.64217779762314E-15,-0.707106781186549,
-0.707106781186546));
#6183=DIRECTION('ref_axis',(1.76635401601924E-15,0.707106781186546,-0.707106781186549));
#6184=DIRECTION('center_axis',(-0.707106781186549,-3.0964613955949E-46,
-0.707106781186546));
#6185=DIRECTION('ref_axis',(0.707106781186546,1.57009245868377E-16,-0.707106781186549));
#6186=DIRECTION('',(-2.32239011322663E-15,4.37905770101505E-46,1.));
#6187=DIRECTION('center_axis',(-0.707106781186546,3.09646139559493E-46,
0.70710678118655));
#6188=DIRECTION('ref_axis',(0.707106781186549,0.,0.707106781186545));
#6189=DIRECTION('center_axis',(1.,0.,2.32239011322663E-15));
#6190=DIRECTION('ref_axis',(-1.01698803100863E-60,-1.,4.37905770101505E-46));
#6191=DIRECTION('',(1.01698803100863E-60,1.,-4.37905770101505E-46));
#6192=DIRECTION('',(2.32239011322663E-15,-4.37905770101505E-46,-1.));
#6193=DIRECTION('',(-1.01698803100863E-60,-1.,4.37905770101505E-46));
#6194=DIRECTION('center_axis',(1.,0.,2.32239011322663E-15));
#6195=DIRECTION('ref_axis',(-1.01698803100863E-60,-1.,4.37905770101505E-46));
#6196=DIRECTION('center_axis',(-2.32239011322663E-15,4.37905770101505E-46,
1.));
#6197=DIRECTION('ref_axis',(0.707106781186547,0.707106781186547,1.88411095042053E-15));
#6198=DIRECTION('center_axis',(-1.64217779762314E-15,-0.707106781186548,
0.707106781186547));
#6199=DIRECTION('ref_axis',(-1.76635401601925E-15,0.707106781186547,0.707106781186548));
#6200=DIRECTION('',(2.32239011322663E-15,-4.37905770101505E-46,-1.));
#6201=DIRECTION('center_axis',(1.64217779762314E-15,-0.707106781186549,
-0.707106781186546));
#6202=DIRECTION('ref_axis',(1.76635401601924E-15,0.707106781186546,-0.707106781186549));
#6203=DIRECTION('center_axis',(-0.707106781186548,3.48630559684208E-32,
-0.707106781186547));
#6204=DIRECTION('ref_axis',(0.707106781186547,0.,-0.707106781186548));
#6205=DIRECTION('',(-2.32239011322663E-15,4.37905770101505E-46,1.));
#6206=DIRECTION('center_axis',(-0.70710678118655,3.48630559684213E-32,0.707106781186545));
#6207=DIRECTION('ref_axis',(0.707106781186545,0.,0.70710678118655));
#6208=DIRECTION('center_axis',(-1.,4.93038065763132E-32,-2.32239011322663E-15));
#6209=DIRECTION('ref_axis',(4.93038065763132E-32,1.,-5.12487417602563E-47));
#6210=DIRECTION('',(4.93038065763132E-32,1.,-3.23403097164237E-46));
#6211=DIRECTION('',(2.32239011322663E-15,-1.65751414697524E-46,-1.));
#6212=DIRECTION('',(-4.93038065763132E-32,-1.,3.23403097164237E-46));
#6213=DIRECTION('center_axis',(1.,-4.93038065763132E-32,2.32239011322663E-15));
#6214=DIRECTION('ref_axis',(-4.93038065763132E-32,-1.,5.12487417602563E-47));
#6215=DIRECTION('center_axis',(-2.32239011322663E-15,4.37905770101505E-46,
1.));
#6216=DIRECTION('ref_axis',(0.707106781186547,0.707106781186547,1.88411095042053E-15));
#6217=DIRECTION('center_axis',(-1.64217779762314E-15,-0.707106781186548,
0.707106781186547));
#6218=DIRECTION('ref_axis',(-1.76635401601925E-15,0.707106781186547,0.707106781186548));
#6219=DIRECTION('',(2.32239011322663E-15,-4.37905770101505E-46,-1.));
#6220=DIRECTION('center_axis',(1.64217779762314E-15,-0.707106781186549,
-0.707106781186546));
#6221=DIRECTION('ref_axis',(1.76635401601924E-15,0.707106781186546,-0.707106781186549));
#6222=DIRECTION('center_axis',(-0.707106781186548,3.48630559684208E-32,
-0.707106781186547));
#6223=DIRECTION('ref_axis',(0.707106781186546,1.57009245868377E-16,-0.707106781186549));
#6224=DIRECTION('',(-2.32239011322663E-15,4.37905770101505E-46,1.));
#6225=DIRECTION('center_axis',(-0.70710678118655,3.48630559684213E-32,0.707106781186545));
#6226=DIRECTION('ref_axis',(0.707106781186545,0.,0.70710678118655));
#6227=DIRECTION('center_axis',(1.,-4.93038065763132E-32,2.32239011322663E-15));
#6228=DIRECTION('ref_axis',(-4.93038065763132E-32,-1.,5.12487417602563E-47));
#6229=DIRECTION('',(4.93038065763132E-32,1.,-3.23403097164237E-46));
#6230=DIRECTION('',(2.32239011322663E-15,-1.65751414697524E-46,-1.));
#6231=DIRECTION('',(-4.93038065763132E-32,-1.,3.23403097164237E-46));
#6232=DIRECTION('center_axis',(1.,-4.93038065763132E-32,2.32239011322663E-15));
#6233=DIRECTION('ref_axis',(-4.93038065763132E-32,-1.,5.12487417602563E-47));
#6234=DIRECTION('center_axis',(2.32239011322663E-15,-4.37905770101505E-46,
-1.));
#6235=DIRECTION('ref_axis',(-0.707106781186547,0.707106781186547,-1.25607396694702E-15));
#6236=DIRECTION('center_axis',(0.707106781186548,-3.48630559684208E-32,
0.707106781186547));
#6237=DIRECTION('ref_axis',(-0.707106781186547,0.,0.707106781186548));
#6238=DIRECTION('',(2.32239011322663E-15,-4.37905770101505E-46,-1.));
#6239=DIRECTION('center_axis',(0.70710678118655,-3.48630559684213E-32,-0.707106781186545));
#6240=DIRECTION('ref_axis',(-0.707106781186545,0.,-0.70710678118655));
#6241=DIRECTION('center_axis',(1.,-4.93038065763132E-32,2.32239011322663E-15));
#6242=DIRECTION('ref_axis',(-4.93038065763132E-32,-1.,5.12487417602563E-47));
#6243=DIRECTION('',(4.93038065763132E-32,1.,-3.23403097164237E-46));
#6244=DIRECTION('',(-2.32239011322663E-15,1.65751414697524E-46,1.));
#6245=DIRECTION('',(-4.93038065763132E-32,-1.,3.23403097164237E-46));
#6246=DIRECTION('center_axis',(1.,-4.93038065763132E-32,2.32239011322663E-15));
#6247=DIRECTION('ref_axis',(-4.93038065763132E-32,-1.,5.12487417602563E-47));
#6248=DIRECTION('center_axis',(-2.32239011322663E-15,3.50324616081204E-46,
1.));
#6249=DIRECTION('ref_axis',(0.707106781186548,0.707106781186548,1.64218120697754E-15));
#6250=DIRECTION('center_axis',(-0.707106781186547,-3.09646139559491E-46,
-0.707106781186548));
#6251=DIRECTION('ref_axis',(0.707106781186548,0.,-0.707106781186547));
#6252=DIRECTION('',(2.32239011322663E-15,-3.50324616081204E-46,-1.));
#6253=DIRECTION('center_axis',(-0.70710678118655,3.09646139559492E-46,0.707106781186545));
#6254=DIRECTION('ref_axis',(0.707106781186545,0.,0.70710678118655));
#6255=DIRECTION('center_axis',(-2.24995552356527E-15,-0.707106781186536,
0.707106781186559));
#6256=DIRECTION('ref_axis',(-1.03037317601124E-15,0.707106781186559,0.707106781186536));
#6257=DIRECTION('',(-2.32239011322663E-15,3.50324616081204E-46,1.));
#6258=DIRECTION('center_axis',(1.03440007168102E-15,-0.707106781186552,
-0.707106781186543));
#6259=DIRECTION('ref_axis',(2.15887713069018E-15,0.707106781186543,-0.707106781186552));
#6260=DIRECTION('center_axis',(-1.03440007168102E-15,0.707106781186552,
0.707106781186543));
#6261=DIRECTION('ref_axis',(1.,0.,1.46286261029101E-15));
#6262=DIRECTION('',(-1.,8.59527502935605E-16,-2.32239011322663E-15));
#6263=DIRECTION('',(-0.577350269189627,-0.577350269189622,0.577350269189629));
#6264=DIRECTION('',(0.577350269189625,0.57735026918963,-0.577350269189623));
#6265=DIRECTION('center_axis',(8.59527502935605E-16,1.,1.99615817486402E-30));
#6266=DIRECTION('ref_axis',(-1.,8.59527502935605E-16,-2.32239011322663E-15));
#6267=DIRECTION('',(1.,-8.59527502935605E-16,2.32239011322663E-15));
#6268=DIRECTION('',(-0.707106781186545,6.07777725942106E-16,-0.70710678118655));
#6269=DIRECTION('center_axis',(2.24995552356527E-15,0.707106781186536,-0.707106781186559));
#6270=DIRECTION('ref_axis',(-1.,0.,-3.18191761616221E-15));
#6271=DIRECTION('',(-0.577350269189618,-0.577350269189638,-0.577350269189621));
#6272=DIRECTION('',(-0.577350269189619,0.577350269189639,0.577350269189619));
#6273=DIRECTION('center_axis',(-2.24995552356527E-15,-0.707106781186536,
0.707106781186559));
#6274=DIRECTION('ref_axis',(-1.03037317601124E-15,0.707106781186559,0.707106781186536));
#6275=DIRECTION('',(1.,-8.59527502935605E-16,2.32239011322663E-15));
#6276=DIRECTION('',(-0.577350269189621,0.577350269189638,0.577350269189618));
#6277=DIRECTION('',(-1.,7.98295162978236E-16,-2.383622453184E-15));
#6278=DIRECTION('',(-0.577350269189617,-0.577350269189638,-0.577350269189622));
#6279=DIRECTION('',(1.,-8.59527502935605E-16,2.32239011322663E-15));
#6280=DIRECTION('',(-0.577350269189622,0.577350269189638,0.577350269189617));
#6281=DIRECTION('',(-1.,5.17382357061847E-16,-2.66453525910038E-15));
#6282=DIRECTION('',(-0.577350269189618,-0.577350269189638,-0.577350269189621));
#6283=DIRECTION('center_axis',(-2.32239011322663E-15,1.65751414697524E-46,
1.));
#6284=DIRECTION('ref_axis',(0.707106781186548,-0.707106781186548,3.14018491736756E-15));
#6285=DIRECTION('center_axis',(1.64217779762314E-15,0.707106781186549,-0.707106781186546));
#6286=DIRECTION('ref_axis',(1.61915784801764E-15,-0.707106781186546,-0.707106781186549));
#6287=DIRECTION('',(2.32239011322663E-15,-1.65751414697524E-46,-1.));
#6288=DIRECTION('center_axis',(-1.64217779762314E-15,0.707106781186549,
0.707106781186546));
#6289=DIRECTION('ref_axis',(-1.5210270693499E-15,-0.707106781186546,0.707106781186549));
#6290=DIRECTION('center_axis',(-0.70710678118655,3.48630559684213E-32,0.707106781186545));
#6291=DIRECTION('ref_axis',(0.707106781186545,0.,0.70710678118655));
#6292=DIRECTION('center_axis',(-0.707106781186548,3.48630559684208E-32,
-0.707106781186547));
#6293=DIRECTION('ref_axis',(0.707106781186547,0.,-0.707106781186548));
#6294=DIRECTION('center_axis',(0.70710678118655,-3.48630559684213E-32,-0.707106781186545));
#6295=DIRECTION('ref_axis',(-0.707106781186545,0.,-0.70710678118655));
#6296=DIRECTION('',(0.577350269189625,-0.577350269189625,0.577350269189628));
#6297=DIRECTION('center_axis',(1.64217779762314E-15,-0.707106781186549,
-0.707106781186546));
#6298=DIRECTION('ref_axis',(-1.,0.,-2.32239011322663E-15));
#6299=DIRECTION('',(-1.,4.93038065763132E-32,-2.32239011322663E-15));
#6300=DIRECTION('center_axis',(-1.64217779762314E-15,0.707106781186549,
0.707106781186546));
#6301=DIRECTION('ref_axis',(-1.61915784801764E-15,-0.707106781186546,0.707106781186549));
#6302=DIRECTION('',(-0.577350269189625,-0.577350269189625,0.577350269189627));
#6303=DIRECTION('center_axis',(2.32239011322663E-15,-1.65751414697524E-46,
-1.));
#6304=DIRECTION('ref_axis',(-0.707106781186548,-0.707106781186548,0.));
#6305=DIRECTION('',(-2.32239011322663E-15,1.65751414697524E-46,1.));
#6306=DIRECTION('center_axis',(1.64217779762314E-15,0.707106781186549,-0.707106781186546));
#6307=DIRECTION('ref_axis',(1.5210270693499E-15,-0.707106781186546,-0.707106781186549));
#6308=DIRECTION('center_axis',(0.70710678118655,-3.48630559684213E-32,-0.707106781186545));
#6309=DIRECTION('ref_axis',(-0.707106781186545,0.,-0.70710678118655));
#6310=DIRECTION('center_axis',(0.707106781186548,-3.48630559684208E-32,
0.707106781186547));
#6311=DIRECTION('ref_axis',(-0.707106781186547,0.,0.707106781186548));
#6312=DIRECTION('center_axis',(-0.70710678118655,3.48630559684213E-32,0.707106781186545));
#6313=DIRECTION('ref_axis',(0.707106781186545,0.,0.70710678118655));
#6314=DIRECTION('',(-0.577350269189621,-0.577350269189627,-0.577350269189629));
#6315=DIRECTION('',(0.577350269189624,0.577350269189625,0.577350269189628));
#6316=DIRECTION('center_axis',(-1.64217779762314E-15,-0.707106781186549,
0.707106781186546));
#6317=DIRECTION('ref_axis',(1.,0.,2.32239011322663E-15));
#6318=DIRECTION('',(-0.577350269189625,0.577350269189625,0.577350269189627));
#6319=DIRECTION('',(1.,-4.93038065763132E-32,2.32239011322663E-15));
#6320=DIRECTION('center_axis',(2.32239011322663E-15,-1.65751414697524E-46,
-1.));
#6321=DIRECTION('ref_axis',(0.707106781186548,-0.707106781186548,3.14018491736756E-15));
#6322=DIRECTION('center_axis',(-0.70710678118655,3.48630559684213E-32,0.707106781186545));
#6323=DIRECTION('ref_axis',(0.707106781186545,0.,0.70710678118655));
#6324=DIRECTION('center_axis',(-0.707106781186548,3.48630559684208E-32,
-0.707106781186548));
#6325=DIRECTION('ref_axis',(0.707106781186548,4.90653893338678E-17,-0.707106781186547));
#6326=DIRECTION('center_axis',(1.64217779762314E-15,0.707106781186549,-0.707106781186546));
#6327=DIRECTION('ref_axis',(1.61915784801764E-15,-0.707106781186546,-0.707106781186549));
#6328=DIRECTION('',(2.32239011322663E-15,-1.65751414697524E-46,-1.));
#6329=DIRECTION('center_axis',(-1.64217779762314E-15,0.707106781186549,
0.707106781186546));
#6330=DIRECTION('ref_axis',(-1.66822323735151E-15,-0.707106781186546,0.707106781186549));
#6331=DIRECTION('center_axis',(-4.93038065763132E-32,-1.,5.12487417602563E-47));
#6332=DIRECTION('ref_axis',(2.32239011322663E-15,-1.65751414697524E-46,
-1.));
#6333=DIRECTION('',(1.,-4.93038065763132E-32,2.32239011322663E-15));
#6334=DIRECTION('',(-2.32239011322663E-15,1.65751414697524E-46,1.));
#6335=DIRECTION('',(-1.,4.93038065763132E-32,-2.32239011322663E-15));
#6336=DIRECTION('center_axis',(-1.64217779762314E-15,-0.707106781186549,
0.707106781186546));
#6337=DIRECTION('ref_axis',(1.,0.,2.32239011322663E-15));
#6338=DIRECTION('',(0.577350269189626,-0.577350269189626,-0.577350269189626));
#6339=DIRECTION('',(0.577350269189625,0.577350269189625,0.577350269189628));
#6340=DIRECTION('center_axis',(1.64217779762314E-15,0.707106781186549,-0.707106781186546));
#6341=DIRECTION('ref_axis',(1.5210270693499E-15,-0.707106781186546,-0.707106781186549));
#6342=DIRECTION('center_axis',(0.707106781186548,-3.48630559684208E-32,
0.707106781186548));
#6343=DIRECTION('ref_axis',(0.707106781186548,0.,-0.707106781186548));
#6344=DIRECTION('',(0.577350269189626,-0.577350269189626,-0.577350269189626));
#6345=DIRECTION('center_axis',(2.32239011322663E-15,-1.65751414697524E-46,
-1.));
#6346=DIRECTION('ref_axis',(-0.707106781186548,-0.707106781186548,-3.14018491736756E-15));
#6347=DIRECTION('center_axis',(-1.64217779762314E-15,0.707106781186549,
0.707106781186546));
#6348=DIRECTION('ref_axis',(-1.66822323735151E-15,-0.707106781186546,0.707106781186549));
#6349=DIRECTION('center_axis',(0.70710678118655,-3.48630559684213E-32,-0.707106781186545));
#6350=DIRECTION('ref_axis',(-0.707106781186545,0.,-0.70710678118655));
#6351=DIRECTION('center_axis',(0.707106781186548,-3.48630559684208E-32,
0.707106781186547));
#6352=DIRECTION('ref_axis',(-0.707106781186547,0.,0.707106781186548));
#6353=DIRECTION('center_axis',(-0.707106781186548,3.48630559684208E-32,
-0.707106781186547));
#6354=DIRECTION('ref_axis',(-0.707106781186547,0.,0.707106781186548));
#6355=DIRECTION('',(-0.577350269189625,-0.577350269189626,0.577350269189626));
#6356=DIRECTION('',(-0.577350269189626,-0.577350269189626,0.577350269189626));
#6357=DIRECTION('center_axis',(-0.70710678118655,3.48630559684213E-32,0.707106781186545));
#6358=DIRECTION('ref_axis',(0.707106781186545,0.,0.70710678118655));
#6359=DIRECTION('',(0.577350269189624,0.577350269189625,0.577350269189628));
#6360=DIRECTION('center_axis',(-2.32239011322663E-15,4.37905770101505E-46,
1.));
#6361=DIRECTION('ref_axis',(0.707106781186548,-0.707106781186547,3.14018491736756E-15));
#6362=DIRECTION('center_axis',(1.64217779762315E-15,0.707106781186546,-0.707106781186549));
#6363=DIRECTION('ref_axis',(1.71728862668538E-15,-0.707106781186549,-0.707106781186546));
#6364=DIRECTION('',(2.32239011322663E-15,-4.37905770101505E-46,-1.));
#6365=DIRECTION('center_axis',(-1.64217779762313E-15,0.707106781186552,
0.707106781186543));
#6366=DIRECTION('ref_axis',(-1.61915784801763E-15,-0.707106781186543,0.707106781186552));
#6367=DIRECTION('center_axis',(-0.707106781186552,3.0964613955949E-46,0.707106781186543));
#6368=DIRECTION('ref_axis',(0.707106781186543,-9.81307786677355E-17,0.707106781186552));
#6369=DIRECTION('center_axis',(-0.707106781186543,-3.09646139559493E-46,
-0.707106781186552));
#6370=DIRECTION('ref_axis',(0.707106781186552,4.90653893338682E-17,-0.707106781186543));
#6371=DIRECTION('center_axis',(0.707106781186552,-3.0964613955949E-46,-0.707106781186543));
#6372=DIRECTION('ref_axis',(-0.707106781186543,0.,-0.707106781186552));
#6373=DIRECTION('',(0.577350269189624,-0.577350269189622,0.577350269189632));
#6374=DIRECTION('',(-0.577350269189622,0.577350269189626,-0.57735026918963));
#6375=DIRECTION('center_axis',(1.64217779762313E-15,-0.707106781186552,
-0.707106781186543));
#6376=DIRECTION('ref_axis',(-1.,0.,-2.32239011322663E-15));
#6377=DIRECTION('',(-1.,0.,-2.32239011322663E-15));
#6378=DIRECTION('center_axis',(-1.64217779762313E-15,0.707106781186552,
0.707106781186543));
#6379=DIRECTION('ref_axis',(-1.71728862668537E-15,-0.707106781186543,0.707106781186552));
#6380=DIRECTION('',(-0.577350269189627,-0.577350269189622,0.577350269189628));
#6381=DIRECTION('center_axis',(2.32239011322663E-15,-4.37905770101505E-46,
-1.));
#6382=DIRECTION('ref_axis',(-0.707106781186548,-0.707106781186547,0.));
#6383=DIRECTION('',(-2.32239011322663E-15,4.37905770101505E-46,1.));
#6384=DIRECTION('center_axis',(1.64217779762315E-15,0.707106781186546,-0.707106781186549));
#6385=DIRECTION('ref_axis',(1.61915784801765E-15,-0.707106781186549,-0.707106781186546));
#6386=DIRECTION('center_axis',(0.707106781186546,-3.09646139559493E-46,
-0.70710678118655));
#6387=DIRECTION('ref_axis',(-0.70710678118655,4.90653893338682E-17,-0.707106781186546));
#6388=DIRECTION('center_axis',(0.707106781186549,3.0964613955949E-46,0.707106781186546));
#6389=DIRECTION('ref_axis',(-0.707106781186546,-4.90653893338678E-17,0.707106781186549));
#6390=DIRECTION('center_axis',(-0.707106781186546,3.09646139559493E-46,
0.70710678118655));
#6391=DIRECTION('ref_axis',(0.707106781186549,0.,0.707106781186545));
#6392=DIRECTION('',(-0.577350269189628,-0.577350269189626,-0.577350269189624));
#6393=DIRECTION('',(0.577350269189629,0.577350269189623,0.577350269189626));
#6394=DIRECTION('center_axis',(-1.64217779762315E-15,-0.707106781186546,
0.707106781186549));
#6395=DIRECTION('ref_axis',(1.,0.,2.32239011322663E-15));
#6396=DIRECTION('',(-0.57735026918963,0.577350269189626,0.577350269189622));
#6397=DIRECTION('',(1.,0.,2.32239011322663E-15));
#6398=DIRECTION('center_axis',(2.32239011322663E-15,-4.37905770101505E-46,
-1.));
#6399=DIRECTION('ref_axis',(0.707106781186549,-0.707106781186546,3.14018491736755E-15));
#6400=DIRECTION('center_axis',(-0.707106781186551,3.09646139559491E-46,
0.707106781186544));
#6401=DIRECTION('ref_axis',(0.707106781186544,-9.81307786677356E-17,0.707106781186551));
#6402=DIRECTION('center_axis',(-0.707106781186544,-3.09646139559493E-46,
-0.707106781186551));
#6403=DIRECTION('ref_axis',(0.707106781186552,0.,-0.707106781186544));
#6404=DIRECTION('center_axis',(1.64217779762315E-15,0.707106781186546,-0.707106781186549));
#6405=DIRECTION('ref_axis',(1.76635401601925E-15,-0.707106781186549,-0.707106781186546));
#6406=DIRECTION('',(2.32239011322663E-15,-4.37905770101505E-46,-1.));
#6407=DIRECTION('center_axis',(-1.64217779762313E-15,0.707106781186552,
0.707106781186543));
#6408=DIRECTION('ref_axis',(-1.6682232373515E-15,-0.707106781186543,0.707106781186552));
#6409=DIRECTION('center_axis',(-1.01698803100863E-60,-1.,4.37905770101505E-46));
#6410=DIRECTION('ref_axis',(2.32239011322663E-15,-4.37905770101505E-46,
-1.));
#6411=DIRECTION('',(1.,0.,2.32239011322663E-15));
#6412=DIRECTION('',(-2.32239011322663E-15,4.37905770101505E-46,1.));
#6413=DIRECTION('',(-1.,0.,-2.32239011322663E-15));
#6414=DIRECTION('center_axis',(-1.64217779762315E-15,-0.707106781186546,
0.707106781186549));
#6415=DIRECTION('ref_axis',(1.,0.,2.32239011322663E-15));
#6416=DIRECTION('',(0.577350269189631,-0.577350269189625,-0.577350269189622));
#6417=DIRECTION('',(0.577350269189625,0.577350269189627,0.577350269189625));
#6418=DIRECTION('center_axis',(1.64217779762315E-15,0.707106781186546,-0.707106781186549));
#6419=DIRECTION('ref_axis',(1.76635401601925E-15,-0.707106781186549,-0.707106781186546));
#6420=DIRECTION('center_axis',(0.707106781186544,3.09646139559493E-46,0.707106781186551));
#6421=DIRECTION('ref_axis',(0.707106781186551,0.,-0.707106781186544));
#6422=DIRECTION('',(0.57735026918963,-0.577350269189624,-0.577350269189624));
#6423=DIRECTION('center_axis',(2.32239011322663E-15,-4.37905770101505E-46,
-1.));
#6424=DIRECTION('ref_axis',(-0.707106781186549,-0.707106781186546,0.));
#6425=DIRECTION('center_axis',(-1.64217779762313E-15,0.707106781186552,
0.707106781186543));
#6426=DIRECTION('ref_axis',(-1.6682232373515E-15,-0.707106781186543,0.707106781186552));
#6427=DIRECTION('center_axis',(0.707106781186547,-3.09646139559493E-46,
-0.707106781186548));
#6428=DIRECTION('ref_axis',(-0.707106781186548,0.,-0.707106781186547));
#6429=DIRECTION('center_axis',(0.707106781186547,3.09646139559491E-46,0.707106781186548));
#6430=DIRECTION('ref_axis',(-0.707106781186548,-4.90653893338679E-17,0.707106781186547));
#6431=DIRECTION('center_axis',(-0.707106781186547,-3.09646139559491E-46,
-0.707106781186548));
#6432=DIRECTION('ref_axis',(-0.707106781186548,0.,0.707106781186547));
#6433=DIRECTION('',(-0.577350269189626,-0.577350269189625,0.577350269189626));
#6434=DIRECTION('',(-0.577350269189629,-0.577350269189621,0.577350269189627));
#6435=DIRECTION('center_axis',(-0.707106781186547,3.09646139559493E-46,
0.707106781186548));
#6436=DIRECTION('ref_axis',(0.707106781186548,0.,0.707106781186547));
#6437=DIRECTION('center_axis',(2.383622453184E-15,-9.03833039254212E-16,
-1.));
#6438=DIRECTION('ref_axis',(0.707106781186548,0.707106781186548,0.));
#6439=DIRECTION('center_axis',(-1.97070655604408E-15,-0.707106781186545,
0.70710678118655));
#6440=DIRECTION('ref_axis',(-1.37383090134831E-15,0.70710678118655,0.707106781186545));
#6441=DIRECTION('',(-2.383622453184E-15,9.03833039254212E-16,1.));
#6442=DIRECTION('center_axis',(1.59887999481136E-15,-0.707106781186552,
-0.707106781186543));
#6443=DIRECTION('ref_axis',(1.8154194053531E-15,0.707106781186543,-0.707106781186552));
#6444=DIRECTION('center_axis',(-0.707106781186548,-5.5251086549355E-16,
-0.707106781186547));
#6445=DIRECTION('ref_axis',(0.707106781186547,-8.8317700800962E-16,-0.707106781186548));
#6446=DIRECTION('center_axis',(-0.70710678118655,7.14632589097058E-16,0.707106781186545));
#6447=DIRECTION('ref_axis',(0.707106781186545,7.35980840008019E-16,0.70710678118655));
#6448=DIRECTION('center_axis',(-1.59887999481136E-15,0.707106781186552,
0.707106781186543));
#6449=DIRECTION('ref_axis',(1.,0.,2.26115777326926E-15));
#6450=DIRECTION('',(-1.,1.22464679914734E-16,-2.383622453184E-15));
#6451=DIRECTION('center_axis',(1.59887999481136E-15,-0.707106781186552,
-0.707106781186543));
#6452=DIRECTION('ref_axis',(1.8154194053531E-15,0.707106781186543,-0.707106781186552));
#6453=DIRECTION('',(-0.577350269189626,0.577350269189624,-0.577350269189628));
#6454=DIRECTION('',(1.,-1.22464679914734E-16,2.383622453184E-15));
#6455=DIRECTION('',(-0.577350269189627,-0.577350269189622,0.577350269189629));
#6456=DIRECTION('center_axis',(1.22464679914736E-16,1.,-9.03833039254212E-16));
#6457=DIRECTION('ref_axis',(2.383622453184E-15,-9.03833039254212E-16,-1.));
#6458=DIRECTION('',(1.,-1.22464679914734E-16,2.66453525910038E-15));
#6459=DIRECTION('',(2.383622453184E-15,-9.03833039254212E-16,-1.));
#6460=DIRECTION('center_axis',(1.97070655604408E-15,0.707106781186545,-0.70710678118655));
#6461=DIRECTION('ref_axis',(-1.,0.,-2.78699993901511E-15));
#6462=DIRECTION('',(0.57735026918963,0.577350269189625,0.577350269189623));
#6463=DIRECTION('',(-1.,1.22464679914734E-16,-2.66453525910038E-15));
#6464=DIRECTION('',(-0.577350269189626,0.577350269189631,0.577350269189621));
#6465=DIRECTION('center_axis',(-1.97070655604408E-15,-0.707106781186545,
0.70710678118655));
#6466=DIRECTION('ref_axis',(-1.32476551201444E-15,0.70710678118655,0.707106781186545));
#6467=DIRECTION('center_axis',(2.383622453184E-15,-9.03833039254212E-16,
-1.));
#6468=DIRECTION('ref_axis',(-0.707106781186551,0.707106781186544,0.));
#6469=DIRECTION('center_axis',(0.707106781186545,5.41441377849963E-16,0.70710678118655));
#6470=DIRECTION('ref_axis',(-0.70710678118655,8.34111618675757E-16,0.707106781186545));
#6471=DIRECTION('center_axis',(0.707106781186548,-7.2570207674065E-16,-0.707106781186547));
#6472=DIRECTION('ref_axis',(-0.707106781186547,-6.37850061340284E-16,-0.707106781186548));
#6473=DIRECTION('center_axis',(-0.707106781186545,-5.41441377849963E-16,
-0.70710678118655));
#6474=DIRECTION('ref_axis',(-0.70710678118655,0.,0.707106781186545));
#6475=DIRECTION('',(-1.22464679914736E-16,-1.,8.88178419700125E-16));
#6476=DIRECTION('',(0.70710678118655,-6.07777725942108E-16,-0.707106781186545));
#6477=DIRECTION('center_axis',(2.32239011322663E-15,-3.50324616081204E-46,
-1.));
#6478=DIRECTION('ref_axis',(-0.707106781186549,0.707106781186546,-1.64218120697753E-15));
#6479=DIRECTION('center_axis',(0.707106781186548,3.09646139559491E-46,0.707106781186548));
#6480=DIRECTION('ref_axis',(-0.707106781186547,4.90653893338678E-17,0.707106781186547));
#6481=DIRECTION('',(-2.32239011322663E-15,3.50324616081204E-46,1.));
#6482=DIRECTION('center_axis',(0.70710678118655,-3.09646139559491E-46,-0.707106781186545));
#6483=DIRECTION('ref_axis',(-0.707106781186545,4.90653893338679E-17,-0.70710678118655));
#6484=DIRECTION('center_axis',(1.03440007168112E-15,-0.707106781186522,
-0.707106781186573));
#6485=DIRECTION('ref_axis',(2.15887713069027E-15,0.707106781186573,-0.707106781186522));
#6486=DIRECTION('',(2.32239011322663E-15,-3.50324616081204E-46,-1.));
#6487=DIRECTION('center_axis',(-1.,0.,-2.32239011322663E-15));
#6488=DIRECTION('ref_axis',(-2.32239011322663E-15,4.37905770101505E-46,
1.));
#6489=DIRECTION('',(1.01698803100863E-60,1.,-4.37905770101505E-46));
#6490=DIRECTION('',(-1.01698803100863E-60,-1.,4.37905770101505E-46));
#6491=DIRECTION('center_axis',(-0.707106781186548,-3.09646139559491E-46,
-0.707106781186548));
#6492=DIRECTION('ref_axis',(-0.707106781186548,0.,0.707106781186548));
#6493=DIRECTION('center_axis',(2.383622453184E-15,-9.03833039254212E-16,
-1.));
#6494=DIRECTION('ref_axis',(0.707106781186549,0.707106781186546,3.14018491736755E-15));
#6495=DIRECTION('center_axis',(-1.77207120605848E-15,-0.707106781186542,
0.707106781186553));
#6496=DIRECTION('ref_axis',(-1.57009245868379E-15,0.707106781186553,0.707106781186542));
#6497=DIRECTION('',(-2.383622453184E-15,9.03833039254212E-16,1.));
#6498=DIRECTION('center_axis',(1.59887999481136E-15,-0.707106781186549,
-0.707106781186546));
#6499=DIRECTION('ref_axis',(1.71728862668538E-15,0.707106781186546,-0.707106781186549));
#6500=DIRECTION('center_axis',(-0.707106781186546,-5.52510865493552E-16,
-0.707106781186549));
#6501=DIRECTION('ref_axis',(0.707106781186549,-8.83177008009623E-16,-0.707106781186546));
#6502=DIRECTION('center_axis',(-0.707106781186551,7.25702076740648E-16,
0.707106781186545));
#6503=DIRECTION('ref_axis',(0.707106781186545,6.8691545067415E-16,0.707106781186551));
#6504=DIRECTION('center_axis',(-1.59887999481136E-15,0.707106781186549,
0.707106781186546));
#6505=DIRECTION('ref_axis',(1.,0.,2.26115777326926E-15));
#6506=DIRECTION('',(-1.,1.22464679914734E-16,-2.383622453184E-15));
#6507=DIRECTION('center_axis',(1.59887999481136E-15,-0.707106781186549,
-0.707106781186546));
#6508=DIRECTION('ref_axis',(1.76635401601924E-15,0.707106781186546,-0.707106781186549));
#6509=DIRECTION('',(0.577350269189625,-0.577350269189624,0.577350269189628));
#6510=DIRECTION('',(1.,-1.22464679914734E-16,2.383622453184E-15));
#6511=DIRECTION('',(0.577350269189628,0.577350269189625,-0.577350269189625));
#6512=DIRECTION('center_axis',(1.22464679914736E-16,1.,-9.03833039254212E-16));
#6513=DIRECTION('ref_axis',(2.383622453184E-15,-9.03833039254212E-16,-1.));
#6514=DIRECTION('',(1.,-1.22464679914734E-16,2.383622453184E-15));
#6515=DIRECTION('',(2.383622453184E-15,-9.03833039254212E-16,-1.));
#6516=DIRECTION('center_axis',(1.77207120605848E-15,0.707106781186542,-0.707106781186553));
#6517=DIRECTION('ref_axis',(-1.,0.,-2.50608713309873E-15));
#6518=DIRECTION('',(0.577350269189621,0.577350269189632,0.577350269189625));
#6519=DIRECTION('',(-1.,1.22464679914734E-16,-2.383622453184E-15));
#6520=DIRECTION('',(-0.577350269189626,0.577350269189631,0.577350269189621));
#6521=DIRECTION('center_axis',(-1.77207120605848E-15,-0.707106781186542,
0.707106781186553));
#6522=DIRECTION('ref_axis',(-1.47196168001605E-15,0.707106781186553,0.707106781186542));
#6523=DIRECTION('center_axis',(2.383622453184E-15,-9.03833039254212E-16,
-1.));
#6524=DIRECTION('ref_axis',(-0.707106781186549,0.707106781186546,-3.14018491736755E-15));
#6525=DIRECTION('center_axis',(0.707106781186546,5.52510865493552E-16,0.707106781186549));
#6526=DIRECTION('ref_axis',(-0.707106781186549,8.34111618675755E-16,0.707106781186546));
#6527=DIRECTION('center_axis',(0.70710678118655,-7.25702076740649E-16,-0.707106781186545));
#6528=DIRECTION('ref_axis',(-0.707106781186545,-6.86915450674151E-16,-0.70710678118655));
#6529=DIRECTION('center_axis',(-0.707106781186546,-5.52510865493552E-16,
-0.707106781186549));
#6530=DIRECTION('ref_axis',(-0.707106781186549,0.,0.707106781186546));
#6531=DIRECTION('',(-1.22464679914736E-16,-1.,9.03833039254212E-16));
#6532=DIRECTION('',(0.707106781186549,-6.07777725942107E-16,-0.707106781186546));
#6533=DIRECTION('center_axis',(8.59527502935605E-16,1.,1.99615817486402E-30));
#6534=DIRECTION('ref_axis',(-1.,8.59527502935605E-16,-2.32239011322663E-15));
#6535=DIRECTION('',(-1.,8.59527502935605E-16,-2.32239011322663E-15));
#6536=DIRECTION('center_axis',(0.70710678118655,-3.09646139559492E-46,-0.707106781186545));
#6537=DIRECTION('ref_axis',(-0.707106781186545,0.,-0.70710678118655));
#6538=DIRECTION('',(-1.01698803100863E-60,-1.,4.37905770101505E-46));
#6539=DIRECTION('',(0.694746590606865,0.186156787897378,0.694746590606869));
#6540=DIRECTION('center_axis',(0.612372435695798,0.353553390593274,-0.707106781186545));
#6541=DIRECTION('ref_axis',(-0.755928946018451,0.,-0.654653670707981));
#6542=DIRECTION('center_axis',(8.59527502935605E-16,1.,1.99615817486402E-30));
#6543=DIRECTION('ref_axis',(-1.,8.59527502935605E-16,-2.32239011322663E-15));
#6544=DIRECTION('',(-1.,8.59527502935605E-16,-2.32239011322663E-15));
#6545=DIRECTION('',(-0.707106781186545,6.07777725942105E-16,-0.707106781186551));
#6546=DIRECTION('center_axis',(1.64217779762314E-15,-0.707106781186549,
-0.707106781186546));
#6547=DIRECTION('ref_axis',(-1.,0.,-2.32239011322663E-15));
#6548=DIRECTION('center_axis',(1.64217779762313E-15,-0.707106781186552,
-0.707106781186543));
#6549=DIRECTION('ref_axis',(-1.,0.,-2.32239011322663E-15));
#6550=DIRECTION('',(0.577350269189625,-0.577350269189622,0.57735026918963));
#6551=DIRECTION('center_axis',(0.707106781186551,-3.09646139559491E-46,
-0.707106781186544));
#6552=DIRECTION('ref_axis',(-0.707106781186544,0.,-0.707106781186551));
#6553=DIRECTION('',(-0.577350269189623,0.577350269189626,-0.577350269189629));
#6554=DIRECTION('center_axis',(1.64217779762314E-15,-0.707106781186549,
-0.707106781186546));
#6555=DIRECTION('ref_axis',(-1.,0.,-2.32239011322663E-15));
#6556=DIRECTION('',(-1.,0.,-2.32239011322663E-15));
#6557=DIRECTION('',(-0.577350269189625,-0.577350269189626,0.577350269189627));
#6558=DIRECTION('center_axis',(-0.707106781186549,-3.0964613955949E-46,
-0.707106781186546));
#6559=DIRECTION('ref_axis',(-0.707106781186546,0.,0.707106781186549));
#6560=DIRECTION('center_axis',(1.64217779762314E-15,-0.707106781186549,
-0.707106781186546));
#6561=DIRECTION('ref_axis',(-1.,0.,-2.32239011322663E-15));
#6562=DIRECTION('',(-1.,0.,-2.32239011322663E-15));
#6563=DIRECTION('center_axis',(1.64217779762314E-15,-0.707106781186549,
-0.707106781186546));
#6564=DIRECTION('ref_axis',(-1.,0.,-2.32239011322663E-15));
#6565=DIRECTION('',(0.577350269189621,-0.577350269189626,0.57735026918963));
#6566=DIRECTION('center_axis',(0.70710678118655,-3.48630559684213E-32,-0.707106781186545));
#6567=DIRECTION('ref_axis',(-0.707106781186545,0.,-0.70710678118655));
#6568=DIRECTION('',(-0.577350269189624,0.577350269189625,-0.577350269189628));
#6569=DIRECTION('center_axis',(1.64217779762314E-15,-0.707106781186549,
-0.707106781186546));
#6570=DIRECTION('ref_axis',(-1.,0.,-2.32239011322663E-15));
#6571=DIRECTION('',(-1.,0.,-2.32239011322663E-15));
#6572=DIRECTION('',(-0.577350269189625,-0.577350269189626,0.577350269189626));
#6573=DIRECTION('center_axis',(-0.707106781186548,3.48630559684208E-32,
-0.707106781186547));
#6574=DIRECTION('ref_axis',(-0.707106781186547,0.,0.707106781186548));
#6575=DIRECTION('center_axis',(0.707106781186551,-7.25702076740648E-16,
-0.707106781186545));
#6576=DIRECTION('ref_axis',(-0.707106781186545,0.,-0.707106781186551));
#6577=DIRECTION('',(1.22464679914736E-16,1.,-9.03833039254212E-16));
#6578=DIRECTION('center_axis',(0.70710678118655,-7.14632589097058E-16,-0.707106781186545));
#6579=DIRECTION('ref_axis',(-0.707106781186545,0.,-0.70710678118655));
#6580=DIRECTION('',(1.22464679914736E-16,1.,-8.88178419700125E-16));
#6581=DIRECTION('center_axis',(8.7300179386764E-16,1.,-9.0383303925421E-16));
#6582=DIRECTION('ref_axis',(2.383622453184E-15,-9.03833039254212E-16,-1.));
#6583=DIRECTION('',(0.707106781186549,-6.07777725942107E-16,-0.707106781186546));
#6584=DIRECTION('',(1.,-8.73001793867638E-16,2.383622453184E-15));
#6585=DIRECTION('',(0.707106781186545,-6.07777725942106E-16,0.70710678118655));
#6586=DIRECTION('center_axis',(-2.383622453184E-15,9.03833039254212E-16,
1.));
#6587=DIRECTION('ref_axis',(-1.,1.22464679914734E-16,-2.383622453184E-15));
#6588=DIRECTION('center_axis',(-2.383622453184E-15,9.03833039254212E-16,
1.));
#6589=DIRECTION('ref_axis',(-1.,1.22464679914734E-16,-2.383622453184E-15));
#6590=DIRECTION('',(1.22464679914736E-16,1.,-9.03833039254212E-16));
#6591=DIRECTION('',(-1.22464679914736E-16,-1.,9.03833039254212E-16));
#6592=DIRECTION('center_axis',(-1.,1.22464679914734E-16,-2.383622453184E-15));
#6593=DIRECTION('ref_axis',(1.22464679914736E-16,1.,-9.03833039254212E-16));
#6594=DIRECTION('',(-1.,1.22464679914734E-16,-2.383622453184E-15));
#6595=DIRECTION('center_axis',(8.7300179386764E-16,1.,-9.0383303925421E-16));
#6596=DIRECTION('ref_axis',(2.383622453184E-15,-9.03833039254212E-16,-1.));
#6597=DIRECTION('',(0.707106781186547,-6.07777725942105E-16,-0.707106781186548));
#6598=DIRECTION('',(1.,-8.73001793867638E-16,2.383622453184E-15));
#6599=DIRECTION('',(0.707106781186547,-6.07777725942107E-16,0.707106781186548));
#6600=DIRECTION('center_axis',(-1.,1.22464679914734E-16,-2.383622453184E-15));
#6601=DIRECTION('ref_axis',(1.22464679914736E-16,1.,-9.03833039254212E-16));
#6602=DIRECTION('',(-1.,1.22464679914734E-16,-2.383622453184E-15));
#6603=DIRECTION('center_axis',(-2.383622453184E-15,9.03833039254212E-16,
1.));
#6604=DIRECTION('ref_axis',(-1.,1.22464679914734E-16,-2.383622453184E-15));
#6605=DIRECTION('',(-1.22464679914736E-16,-1.,9.03833039254212E-16));
#6606=DIRECTION('',(1.22464679914736E-16,1.,-9.03833039254212E-16));
#6607=DIRECTION('center_axis',(-2.66453525910038E-15,8.88178419700125E-16,
1.));
#6608=DIRECTION('ref_axis',(1.,0.,2.66453525910038E-15));
#6609=DIRECTION('center_axis',(0.707106781186548,5.5251086549355E-16,0.707106781186547));
#6610=DIRECTION('ref_axis',(0.707106781186547,0.,-0.707106781186548));
#6611=DIRECTION('center_axis',(-0.707106781186548,7.2570207674065E-16,0.707106781186547));
#6612=DIRECTION('ref_axis',(0.707106781186547,0.,0.707106781186548));
#6613=DIRECTION('',(-0.577350269189619,0.577350269189638,-0.577350269189621));
#6614=DIRECTION('center_axis',(-0.70710678118655,7.25702076740649E-16,0.707106781186545));
#6615=DIRECTION('ref_axis',(0.707106781186545,0.,0.70710678118655));
#6616=DIRECTION('',(-0.57735026918961,0.577350269189654,-0.577350269189614));
#6617=DIRECTION('center_axis',(0.707106781186546,5.52510865493552E-16,0.707106781186549));
#6618=DIRECTION('ref_axis',(0.707106781186549,0.,-0.707106781186546));
#6619=DIRECTION('',(-0.577350269189621,-0.577350269189638,0.577350269189619));
#6620=DIRECTION('center_axis',(-1.03440007168112E-15,0.707106781186522,
0.707106781186573));
#6621=DIRECTION('ref_axis',(1.,0.,1.46286261029109E-15));
#6622=DIRECTION('',(0.577350269189613,-0.577350269189652,0.577350269189613));
#6623=DIRECTION('center_axis',(-1.64217779762314E-15,-0.707106781186548,
0.707106781186547));
#6624=DIRECTION('ref_axis',(1.,0.,2.32239011322663E-15));
#6625=DIRECTION('',(1.,0.,2.32239011322663E-15));
#6626=DIRECTION('center_axis',(-1.64217779762314E-15,-0.707106781186548,
0.707106781186547));
#6627=DIRECTION('ref_axis',(1.,0.,2.32239011322663E-15));
#6628=DIRECTION('',(1.,0.,2.32239011322663E-15));
#6629=DIRECTION('',(0.577350269189631,-0.577350269189623,-0.577350269189623));
#6630=DIRECTION('center_axis',(-1.64217779762314E-15,-0.707106781186548,
0.707106781186547));
#6631=DIRECTION('ref_axis',(1.,0.,2.32239011322663E-15));
#6632=DIRECTION('',(1.,0.,2.32239011322663E-15));
#6633=DIRECTION('center_axis',(0.707106781186547,3.09646139559491E-46,0.707106781186548));
#6634=DIRECTION('ref_axis',(0.707106781186548,0.,-0.707106781186547));
#6635=DIRECTION('',(1.01698803100863E-60,1.,-4.37905770101505E-46));
#6636=DIRECTION('center_axis',(0.707106781186548,-3.48630559684208E-32,
0.707106781186547));
#6637=DIRECTION('ref_axis',(0.707106781186547,0.,-0.707106781186548));
#6638=DIRECTION('center_axis',(0.707106781186543,3.09646139559493E-46,0.707106781186552));
#6639=DIRECTION('ref_axis',(0.707106781186552,0.,-0.707106781186543));
#6640=DIRECTION('center_axis',(-0.70710678118655,3.09646139559491E-46,0.707106781186545));
#6641=DIRECTION('ref_axis',(0.707106781186545,0.,0.70710678118655));
#6642=DIRECTION('center_axis',(-1.03440007168107E-15,0.707106781186537,
0.707106781186559));
#6643=DIRECTION('ref_axis',(1.,0.,1.46286261029105E-15));
#6644=DIRECTION('center_axis',(-4.93038065763132E-32,-1.,5.12487417602563E-47));
#6645=DIRECTION('ref_axis',(2.32239011322663E-15,-1.65751414697524E-46,
-1.));
#6646=DIRECTION('center_axis',(1.,-4.93038065763132E-32,2.32239011322663E-15));
#6647=DIRECTION('ref_axis',(-4.93038065763132E-32,-1.,5.12487417602563E-47));
#6648=DIRECTION('',(1.,-4.93038065763132E-32,2.32239011322663E-15));
#6649=DIRECTION('center_axis',(-1.01698803100863E-60,-1.,4.37905770101505E-46));
#6650=DIRECTION('ref_axis',(1.,0.,2.32239011322663E-15));
#6651=DIRECTION('center_axis',(1.,-4.93038065763132E-32,2.32239011322663E-15));
#6652=DIRECTION('ref_axis',(-4.93038065763132E-32,-1.,5.12487417602563E-47));
#6653=DIRECTION('',(1.,-4.93038065763132E-32,2.32239011322663E-15));
#6654=DIRECTION('center_axis',(-1.01698803100863E-60,-1.,4.37905770101505E-46));
#6655=DIRECTION('ref_axis',(1.,0.,2.32239011322663E-15));
#6656=DIRECTION('center_axis',(-1.01698803100863E-60,-1.,4.37905770101505E-46));
#6657=DIRECTION('ref_axis',(2.32239011322663E-15,-4.37905770101505E-46,
-1.));
#6658=DIRECTION('center_axis',(1.,0.,2.32239011322663E-15));
#6659=DIRECTION('ref_axis',(-1.01698803100863E-60,-1.,4.37905770101505E-46));
#6660=DIRECTION('',(1.,0.,2.32239011322663E-15));
#6661=DIRECTION('center_axis',(-1.01698803100863E-60,-1.,4.37905770101505E-46));
#6662=DIRECTION('ref_axis',(1.,0.,2.32239011322663E-15));
#6663=DIRECTION('center_axis',(1.,0.,2.32239011322663E-15));
#6664=DIRECTION('ref_axis',(-1.01698803100863E-60,-1.,4.37905770101505E-46));
#6665=DIRECTION('',(1.,0.,2.32239011322663E-15));
#6666=DIRECTION('center_axis',(0.866024174502149,0.500002129173338,2.01124598067904E-15));
#6667=DIRECTION('ref_axis',(-0.500002129173338,0.866024174502149,-1.16120000138442E-15));
#6668=DIRECTION('center_axis',(1.,0.,2.32239011322663E-15));
#6669=DIRECTION('ref_axis',(2.32239011322663E-15,-4.37905770101505E-46,
-1.));
#6670=DIRECTION('center_axis',(-2.2268493543127E-15,1.84889274661175E-31,
1.));
#6671=DIRECTION('ref_axis',(0.866025403784439,0.499999999999999,1.92850811123577E-15));
#6672=DIRECTION('center_axis',(-2.2268493543127E-15,1.84889274661175E-31,
1.));
#6673=DIRECTION('ref_axis',(0.866025403784439,0.499999999999999,1.92850811123577E-15));
#6674=DIRECTION('center_axis',(-2.2298715278412E-15,4.37905770101505E-46,
1.));
#6675=DIRECTION('ref_axis',(-0.866025403784438,-0.5,-1.9311253902861E-15));
#6676=DIRECTION('center_axis',(-2.32239011322663E-15,4.37905770101505E-46,
1.));
#6677=DIRECTION('ref_axis',(-1.,0.,-2.32239011322663E-15));
#6678=DIRECTION('center_axis',(2.32239011322663E-15,-4.37905770101505E-46,
-1.));
#6679=DIRECTION('ref_axis',(-1.,0.,-2.32239011322663E-15));
#6680=DIRECTION('center_axis',(2.32239011322663E-15,-4.37905770101505E-46,
-1.));
#6681=DIRECTION('ref_axis',(-1.,0.,-2.32239011322663E-15));
#6682=DIRECTION('',(2.32239011322663E-15,-4.37905770101505E-46,-1.));
#6683=DIRECTION('center_axis',(-2.32239011322663E-15,4.37905770101505E-46,
1.));
#6684=DIRECTION('ref_axis',(-1.,0.,-2.32239011322663E-15));
#6685=DIRECTION('center_axis',(2.32239011322663E-15,-4.37905770101505E-46,
-1.));
#6686=DIRECTION('ref_axis',(-1.,0.,-2.32239011322663E-15));
#6687=DIRECTION('center_axis',(2.32239011322663E-15,-4.37905770101505E-46,
-1.));
#6688=DIRECTION('ref_axis',(-1.,0.,-2.32239011322663E-15));
#6689=DIRECTION('',(2.32239011322663E-15,-4.37905770101505E-46,-1.));
#6690=DIRECTION('center_axis',(-1.,-2.56205320533332E-15,-2.32239011322663E-15));
#6691=DIRECTION('ref_axis',(-2.56205320533332E-15,1.,-5.95008703362669E-30));
#6692=DIRECTION('center_axis',(1.,2.56205320533332E-15,2.32239011322663E-15));
#6693=DIRECTION('ref_axis',(2.56205320533332E-15,-1.,5.95008703362669E-30));
#6694=DIRECTION('center_axis',(-2.32239011322663E-15,4.37905770101505E-46,
1.));
#6695=DIRECTION('ref_axis',(-1.,0.,-2.32239011322663E-15));
#6696=DIRECTION('center_axis',(2.32239011322663E-15,-4.37905770101505E-46,
-1.));
#6697=DIRECTION('ref_axis',(-1.,0.,-2.32239011322663E-15));
#6698=DIRECTION('center_axis',(2.32239011322663E-15,-4.37905770101505E-46,
-1.));
#6699=DIRECTION('ref_axis',(-1.,0.,-2.32239011322663E-15));
#6700=DIRECTION('',(2.32239011322663E-15,-4.37905770101505E-46,-1.));
#6701=DIRECTION('center_axis',(-2.32239011322663E-15,4.37905770101505E-46,
1.));
#6702=DIRECTION('ref_axis',(-1.,0.,-2.32239011322663E-15));
#6703=DIRECTION('center_axis',(2.32239011322663E-15,-4.37905770101505E-46,
-1.));
#6704=DIRECTION('ref_axis',(-1.,0.,-2.32239011322663E-15));
#6705=DIRECTION('center_axis',(2.32239011322663E-15,-4.37905770101505E-46,
-1.));
#6706=DIRECTION('ref_axis',(-1.,0.,-2.32239011322663E-15));
#6707=DIRECTION('',(2.32239011322663E-15,-4.37905770101505E-46,-1.));
#6708=DIRECTION('center_axis',(1.,3.20256650666666E-16,2.32239011322663E-15));
#6709=DIRECTION('ref_axis',(3.20256650666666E-16,-1.,7.4376087920334E-31));
#6710=DIRECTION('center_axis',(-1.,-3.20256650666666E-16,-2.32239011322663E-15));
#6711=DIRECTION('ref_axis',(-3.20256650666666E-16,1.,-7.4376087920334E-31));
#6712=DIRECTION('center_axis',(-2.32239011322663E-15,4.37905770101505E-46,
1.));
#6713=DIRECTION('ref_axis',(-1.,0.,-2.32239011322663E-15));
#6714=DIRECTION('center_axis',(2.32239011322663E-15,-4.37905770101505E-46,
-1.));
#6715=DIRECTION('ref_axis',(-1.,0.,-2.32239011322663E-15));
#6716=DIRECTION('center_axis',(2.32239011322663E-15,-4.37905770101505E-46,
-1.));
#6717=DIRECTION('ref_axis',(-1.,0.,-2.32239011322663E-15));
#6718=DIRECTION('',(2.32239011322663E-15,-4.37905770101505E-46,-1.));
#6719=DIRECTION('center_axis',(-2.32239011322663E-15,4.37905770101505E-46,
1.));
#6720=DIRECTION('ref_axis',(-1.,0.,-2.32239011322663E-15));
#6721=DIRECTION('center_axis',(2.32239011322663E-15,-4.37905770101505E-46,
-1.));
#6722=DIRECTION('ref_axis',(-1.,0.,-2.32239011322663E-15));
#6723=DIRECTION('center_axis',(2.32239011322663E-15,-4.37905770101505E-46,
-1.));
#6724=DIRECTION('ref_axis',(-1.,0.,-2.32239011322663E-15));
#6725=DIRECTION('',(2.32239011322663E-15,-4.37905770101505E-46,-1.));
#6726=DIRECTION('center_axis',(1.,-3.60288731999999E-16,2.32239011322663E-15));
#6727=DIRECTION('ref_axis',(-3.60288731999999E-16,-1.,-8.36730989103756E-31));
#6728=DIRECTION('center_axis',(-1.,3.60288731999999E-16,-2.32239011322663E-15));
#6729=DIRECTION('ref_axis',(3.60288731999999E-16,1.,8.36730989103756E-31));
#6730=DIRECTION('center_axis',(2.32239011322663E-15,-4.37905770101505E-46,
-1.));
#6731=DIRECTION('ref_axis',(1.,0.,2.32239011322663E-15));
#6732=DIRECTION('center_axis',(-2.32239011322663E-15,4.37905770101505E-46,
1.));
#6733=DIRECTION('ref_axis',(1.,0.,2.32239011322663E-15));
#6734=DIRECTION('center_axis',(-2.32239011322663E-15,4.37905770101505E-46,
1.));
#6735=DIRECTION('ref_axis',(1.,0.,2.32239011322663E-15));
#6736=DIRECTION('',(-2.32239011322663E-15,4.37905770101505E-46,1.));
#6737=DIRECTION('center_axis',(2.32239011322663E-15,-4.37905770101505E-46,
-1.));
#6738=DIRECTION('ref_axis',(1.,0.,2.32239011322663E-15));
#6739=DIRECTION('center_axis',(-2.32239011322663E-15,4.37905770101505E-46,
1.));
#6740=DIRECTION('ref_axis',(1.,0.,2.32239011322663E-15));
#6741=DIRECTION('center_axis',(-2.32239011322663E-15,4.37905770101505E-46,
1.));
#6742=DIRECTION('ref_axis',(1.,0.,2.32239011322663E-15));
#6743=DIRECTION('',(-2.32239011322663E-15,4.37905770101505E-46,1.));
#6744=DIRECTION('center_axis',(2.32239011322663E-15,-4.37905770101505E-46,
-1.));
#6745=DIRECTION('ref_axis',(1.,0.,2.32239011322663E-15));
#6746=DIRECTION('center_axis',(-2.32239011322663E-15,4.37905770101505E-46,
1.));
#6747=DIRECTION('ref_axis',(1.,0.,2.32239011322663E-15));
#6748=DIRECTION('center_axis',(-2.32239011322663E-15,4.37905770101505E-46,
1.));
#6749=DIRECTION('ref_axis',(1.,0.,2.32239011322663E-15));
#6750=DIRECTION('',(-2.32239011322663E-15,4.37905770101505E-46,1.));
#6751=DIRECTION('center_axis',(2.32239011322663E-15,-4.37905770101505E-46,
-1.));
#6752=DIRECTION('ref_axis',(1.,0.,2.32239011322663E-15));
#6753=DIRECTION('center_axis',(-2.32239011322663E-15,4.37905770101505E-46,
1.));
#6754=DIRECTION('ref_axis',(1.,0.,2.32239011322663E-15));
#6755=DIRECTION('center_axis',(-2.32239011322663E-15,4.37905770101505E-46,
1.));
#6756=DIRECTION('ref_axis',(1.,0.,2.32239011322663E-15));
#6757=DIRECTION('',(-2.32239011322663E-15,4.37905770101505E-46,1.));
#6758=DIRECTION('center_axis',(2.32239011322663E-15,-4.37905770101505E-46,
-1.));
#6759=DIRECTION('ref_axis',(1.,0.,2.32239011322663E-15));
#6760=DIRECTION('center_axis',(-2.32239011322663E-15,4.37905770101505E-46,
1.));
#6761=DIRECTION('ref_axis',(1.,0.,2.32239011322663E-15));
#6762=DIRECTION('center_axis',(-2.32239011322663E-15,4.37905770101505E-46,
1.));
#6763=DIRECTION('ref_axis',(1.,0.,2.32239011322663E-15));
#6764=DIRECTION('',(-2.32239011322663E-15,4.37905770101505E-46,1.));
#6765=DIRECTION('center_axis',(2.32239011322663E-15,-4.37905770101505E-46,
-1.));
#6766=DIRECTION('ref_axis',(1.,0.,2.32239011322663E-15));
#6767=DIRECTION('center_axis',(-2.32239011322663E-15,4.37905770101505E-46,
1.));
#6768=DIRECTION('ref_axis',(1.,0.,2.32239011322663E-15));
#6769=DIRECTION('center_axis',(-2.32239011322663E-15,4.37905770101505E-46,
1.));
#6770=DIRECTION('ref_axis',(1.,0.,2.32239011322663E-15));
#6771=DIRECTION('',(-2.32239011322663E-15,4.37905770101505E-46,1.));
#6772=CARTESIAN_POINT('',(0.,0.,0.));
#6773=CARTESIAN_POINT('Origin',(-22.3682063538889,-27.7265787283424,-0.000143889752886854));
#6774=CARTESIAN_POINT('',(-22.3682063538889,-42.216959785109,-0.000143889752886854));
#6775=CARTESIAN_POINT('',(-22.3682063538889,-27.7265787283424,-0.000143889752886854));
#6776=CARTESIAN_POINT('',(-22.3682063538889,-18.4432279568461,-0.00014388975299435));
#6777=CARTESIAN_POINT('',(-22.3682063538889,-42.216959785109,-12.4001438897529));
#6778=CARTESIAN_POINT('',(-22.3682063538889,-42.216959785109,-0.000143889752886854));
#6779=CARTESIAN_POINT('',(-22.3682063538889,-27.7265787283424,-12.4001438897529));
#6780=CARTESIAN_POINT('',(-22.3682063538889,-42.216959785109,-12.4001438897529));
#6781=CARTESIAN_POINT('',(-22.3682063538889,-27.7265787283424,-0.000143889752886854));
#6782=CARTESIAN_POINT('Origin',(-22.8682063538889,-27.7265787283424,-0.000143889752886854));
#6783=CARTESIAN_POINT('',(-23.3012190557811,-27.4765787283424,-0.000143889752886854));
#6784=CARTESIAN_POINT('Origin',(-22.8682063538889,-27.7265787283424,-0.000143889752877158));
#6785=CARTESIAN_POINT('',(-23.3012190557811,-27.4765787283424,-12.4001438897529));
#6786=CARTESIAN_POINT('Origin',(-22.8682063538889,-27.7265787283424,-12.4001438897529));
#6787=CARTESIAN_POINT('',(-23.3012190557811,-27.4765787283424,-0.000143889752886854));
#6788=CARTESIAN_POINT('Origin',(-30.3012190557811,-39.6009343813246,-0.000143889752886854));
#6789=CARTESIAN_POINT('',(-30.3012190557811,-39.6009343813246,-0.000143889752886854));
#6790=CARTESIAN_POINT('',(-16.4111602556023,-15.5426468192956,-0.000143889752980516));
#6791=CARTESIAN_POINT('',(-30.3012190557811,-39.6009343813246,-12.4001438897529));
#6792=CARTESIAN_POINT('',(-30.3012190557811,-39.6009343813246,-12.4001438897529));
#6793=CARTESIAN_POINT('',(-30.3012190557811,-39.6009343813246,-0.000143889752886854));
#6794=CARTESIAN_POINT('Origin',(-29.8682063538889,-39.8509343813246,-0.000143889752886854));
#6795=CARTESIAN_POINT('',(-30.3682063538889,-39.8509343813246,-0.000143889752886854));
#6796=CARTESIAN_POINT('Origin',(-29.8682063538889,-39.8509343813246,-0.000143889752877158));
#6797=CARTESIAN_POINT('',(-30.3682063538889,-39.8509343813246,-12.4001438897529));
#6798=CARTESIAN_POINT('Origin',(-29.8682063538889,-39.8509343813246,-12.4001438897529));
#6799=CARTESIAN_POINT('',(-30.3682063538889,-39.8509343813246,-0.000143889752886854));
#6800=CARTESIAN_POINT('Origin',(-30.3682063538889,-42.216959785109,-0.000143889752886854));
#6801=CARTESIAN_POINT('',(-30.3682063538889,-42.216959785109,-0.000143889752886854));
#6802=CARTESIAN_POINT('',(-30.3682063538889,-25.6884184852293,-0.00014388975301293));
#6803=CARTESIAN_POINT('',(-30.3682063538889,-42.216959785109,-12.4001438897529));
#6804=CARTESIAN_POINT('',(-30.3682063538889,-42.216959785109,-12.4001438897529));
#6805=CARTESIAN_POINT('',(-30.3682063538889,-42.216959785109,-0.000143889752886854));
#6806=CARTESIAN_POINT('Origin',(-29.8682063538889,-42.216959785109,-0.000143889752886854));
#6807=CARTESIAN_POINT('',(-29.8682063538889,-42.716959785109,-0.000143889752886854));
#6808=CARTESIAN_POINT('Origin',(-29.8682063538889,-42.216959785109,-0.000143889752877158));
#6809=CARTESIAN_POINT('',(-29.8682063538889,-42.716959785109,-12.4001438897529));
#6810=CARTESIAN_POINT('Origin',(-29.8682063538889,-42.216959785109,-12.4001438897529));
#6811=CARTESIAN_POINT('',(-29.8682063538889,-42.716959785109,-0.000143889752886854));
#6812=CARTESIAN_POINT('Origin',(-22.8682063538889,-42.716959785109,-0.000143889752886854));
#6813=CARTESIAN_POINT('',(-22.8682063538889,-42.716959785109,-0.000143889752886854));
#6814=CARTESIAN_POINT('',(2.61279364611112,-42.716959785109,-0.000143889752936335));
#6815=CARTESIAN_POINT('',(-22.8682063538889,-42.716959785109,-12.4001438897529));
#6816=CARTESIAN_POINT('',(-22.8682063538889,-42.716959785109,-12.4001438897529));
#6817=CARTESIAN_POINT('',(-22.8682063538889,-42.716959785109,-0.000143889752886854));
#6818=CARTESIAN_POINT('Origin',(-22.8682063538889,-42.216959785109,-0.000143889752886854));
#6819=CARTESIAN_POINT('Origin',(-22.8682063538889,-42.216959785109,-0.000143889752877158));
#6820=CARTESIAN_POINT('Origin',(-22.8682063538889,-42.216959785109,-12.4001438897529));
#6821=CARTESIAN_POINT('Origin',(-26.3682063538889,-34.9717692567257,-12.4001438897529));
#6822=CARTESIAN_POINT('Origin',(29.7657682423267,-42.716959785109,-0.000143889752886854));
#6823=CARTESIAN_POINT('',(13.1317936461111,-42.716959785109,-0.000143889752886854));
#6824=CARTESIAN_POINT('',(29.7657682423267,-42.716959785109,-0.000143889752886854));
#6825=CARTESIAN_POINT('',(28.9297809442189,-42.716959785109,-0.000143889752875217));
#6826=CARTESIAN_POINT('',(13.1317936461111,-42.716959785109,-12.4001438897529));
#6827=CARTESIAN_POINT('',(13.1317936461111,-42.716959785109,-0.000143889752886854));
#6828=CARTESIAN_POINT('',(29.7657682423267,-42.716959785109,-12.4001438897529));
#6829=CARTESIAN_POINT('',(13.1317936461111,-42.716959785109,-12.4001438897529));
#6830=CARTESIAN_POINT('',(29.7657682423267,-42.716959785109,-0.000143889752886854));
#6831=CARTESIAN_POINT('Origin',(29.7657682423267,-42.216959785109,-0.000143889752886854));
#6832=CARTESIAN_POINT('',(30.1987809442189,-41.966959785109,-0.000143889752886854));
#6833=CARTESIAN_POINT('Origin',(29.7657682423267,-42.216959785109,-0.000143889752877158));
#6834=CARTESIAN_POINT('',(30.1987809442189,-41.966959785109,-12.4001438897529));
#6835=CARTESIAN_POINT('Origin',(29.7657682423267,-42.216959785109,-12.4001438897529));
#6836=CARTESIAN_POINT('',(30.1987809442189,-41.966959785109,-0.000143889752886854));
#6837=CARTESIAN_POINT('Origin',(13.5648063480033,-13.1560706526537,-0.000143889752886854));
#6838=CARTESIAN_POINT('',(13.5648063480033,-13.1560706526537,-0.000143889752886854));
#6839=CARTESIAN_POINT('',(14.5157284949861,-14.8031161252704,-0.000143889752908692));
#6840=CARTESIAN_POINT('',(13.5648063480033,-13.1560706526537,-12.4001438897529));
#6841=CARTESIAN_POINT('',(30.1987809442189,-41.966959785109,-12.4001438897529));
#6842=CARTESIAN_POINT('',(13.5648063480033,-13.1560706526537,-0.000143889752886854));
#6843=CARTESIAN_POINT('Origin',(13.1317936461111,-13.4060706526537,-0.000143889752886854));
#6844=CARTESIAN_POINT('',(12.6317936461111,-13.4060706526537,-0.000143889752886854));
#6845=CARTESIAN_POINT('Origin',(13.1317936461111,-13.4060706526537,-0.000143889752877158));
#6846=CARTESIAN_POINT('',(12.6317936461111,-13.4060706526537,-12.4001438897529));
#6847=CARTESIAN_POINT('Origin',(13.1317936461111,-13.4060706526537,-12.4001438897529));
#6848=CARTESIAN_POINT('',(12.6317936461111,-13.4060706526537,-0.000143889752886854));
#6849=CARTESIAN_POINT('Origin',(12.6317936461111,-42.216959785109,-0.000143889752886854));
#6850=CARTESIAN_POINT('',(12.6317936461111,-42.216959785109,-0.000143889752886854));
#6851=CARTESIAN_POINT('',(12.6317936461111,-25.6884184852293,-0.000143889752913067));
#6852=CARTESIAN_POINT('',(12.6317936461111,-42.216959785109,-12.4001438897529));
#6853=CARTESIAN_POINT('',(12.6317936461111,-42.216959785109,-12.4001438897529));
#6854=CARTESIAN_POINT('',(12.6317936461111,-42.216959785109,-0.000143889752886854));
#6855=CARTESIAN_POINT('Origin',(13.1317936461111,-42.216959785109,-0.000143889752886854));
#6856=CARTESIAN_POINT('Origin',(13.1317936461111,-42.216959785109,-0.000143889752877158));
#6857=CARTESIAN_POINT('Origin',(13.1317936461111,-42.216959785109,-12.4001438897529));
#6858=CARTESIAN_POINT('Origin',(21.4487809442189,-27.8115152188813,-12.4001438897529));
#6859=CARTESIAN_POINT('Origin',(-6.97286025199665,-4.85279458559023,-0.000143889752886854));
#6860=CARTESIAN_POINT('',(8.16111434421891,21.3600183355118,-0.000143889752886854));
#6861=CARTESIAN_POINT('',(-6.97286025199665,-4.85279458559023,-0.000143889752886854));
#6862=CARTESIAN_POINT('',(-3.52203925163058,1.12420271486946,-0.000143889752950582));
#6863=CARTESIAN_POINT('',(8.16111434421891,21.3600183355118,-12.4001438897529));
#6864=CARTESIAN_POINT('',(8.16111434421891,21.3600183355118,-0.000143889752886854));
#6865=CARTESIAN_POINT('',(-6.97286025199665,-4.85279458559023,-12.4001438897529));
#6866=CARTESIAN_POINT('',(-7.40587295388886,-5.60279458559023,-12.4001438897529));
#6867=CARTESIAN_POINT('',(-6.97286025199665,-4.85279458559023,-0.000143889752886854));
#6868=CARTESIAN_POINT('Origin',(-6.53984755010443,-5.10279458559023,-0.000143889752886854));
#6869=CARTESIAN_POINT('',(-6.53984755010443,-5.60279458559023,-0.000143889752886854));
#6870=CARTESIAN_POINT('Origin',(-6.53984755010443,-5.10279458559023,-0.000143889752877158));
#6871=CARTESIAN_POINT('',(-6.53984755010443,-5.60279458559023,-12.4001438897529));
#6872=CARTESIAN_POINT('Origin',(-6.53984755010443,-5.10279458559023,-12.4001438897529));
#6873=CARTESIAN_POINT('',(-6.53984755010443,-5.60279458559023,-0.000143889752886854));
#6874=CARTESIAN_POINT('Origin',(8.59412704611102,-5.6027945855903,-0.000143889752886854));
#6875=CARTESIAN_POINT('',(8.59412704611102,-5.6027945855903,-0.000143889752886854));
#6876=CARTESIAN_POINT('',(18.3439603461111,-5.60279458559034,-0.000143889752899801));
#6877=CARTESIAN_POINT('',(8.59412704611102,-5.6027945855903,-12.4001438897529));
#6878=CARTESIAN_POINT('',(10.5941270461111,-5.60279458559031,-12.4001438897529));
#6879=CARTESIAN_POINT('',(8.59412704611102,-5.6027945855903,-0.000143889752886854));
#6880=CARTESIAN_POINT('Origin',(8.59412704611102,-5.1027945855903,-0.000143889752886854));
#6881=CARTESIAN_POINT('',(9.09412704611102,-5.1027945855903,-0.000143889752886854));
#6882=CARTESIAN_POINT('Origin',(8.59412704611102,-5.1027945855903,-0.000143889752877158));
#6883=CARTESIAN_POINT('',(9.09412704611102,-5.1027945855903,-12.4001438897529));
#6884=CARTESIAN_POINT('Origin',(8.59412704611102,-5.1027945855903,-12.4001438897529));
#6885=CARTESIAN_POINT('',(9.09412704611102,-5.1027945855903,-0.000143889752886854));
#6886=CARTESIAN_POINT('Origin',(9.09412704611114,21.1100183355118,-0.000143889752886854));
#6887=CARTESIAN_POINT('',(9.09412704611113,21.1100183355118,-0.000143889752886854));
#6888=CARTESIAN_POINT('',(9.09412704611107,5.97507057508108,-0.000143889752921283));
#6889=CARTESIAN_POINT('',(9.09412704611113,21.1100183355118,-12.4001438897529));
#6890=CARTESIAN_POINT('',(9.09412704611114,22.9760437392962,-12.4001438897529));
#6891=CARTESIAN_POINT('',(9.09412704611113,21.1100183355118,-0.000143889752886854));
#6892=CARTESIAN_POINT('Origin',(8.59412704611113,21.1100183355118,-0.000143889752886854));
#6893=CARTESIAN_POINT('Origin',(8.59412704611113,21.1100183355118,-0.000143889752877158));
#6894=CARTESIAN_POINT('Origin',(8.59412704611113,21.1100183355118,-12.4001438897529));
#6895=CARTESIAN_POINT('Origin',(1.02713974800335,8.00361187496074,-12.4001438897529));
#6896=CARTESIAN_POINT('Origin',(56.10529384876,13.3645989419245,-0.000143889752886854));
#6897=CARTESIAN_POINT('',(63.3579927275233,0.802555991908651,-0.000143889752886854));
#6898=CARTESIAN_POINT('',(56.10529384876,13.3645989419245,-0.000143889752886854));
#6899=CARTESIAN_POINT('',(57.4805484567178,10.9825880875984,-0.00014388975280891));
#6900=CARTESIAN_POINT('',(63.3579927275233,0.802555991908651,-12.4001438897529));
#6901=CARTESIAN_POINT('',(63.3579927275233,0.802555991908651,-0.000143889752886854));
#6902=CARTESIAN_POINT('',(56.10529384876,13.3645989419245,-12.4001438897529));
#6903=CARTESIAN_POINT('',(63.3579927275233,0.802555991908651,-12.4001438897529));
#6904=CARTESIAN_POINT('',(56.10529384876,13.3645989419245,-0.000143889752886854));
#6905=CARTESIAN_POINT('Origin',(55.6722811468678,13.1145989419246,-0.000143889752886854));
#6906=CARTESIAN_POINT('',(55.9877824037034,13.5024893348645,-0.000143889752886854));
#6907=CARTESIAN_POINT('Origin',(55.6722811468678,13.1145989419246,-0.000143889752877158));
#6908=CARTESIAN_POINT('',(55.9877824037034,13.5024893348645,-12.4001438897529));
#6909=CARTESIAN_POINT('Origin',(55.6722811468678,13.1145989419246,-12.4001438897529));
#6910=CARTESIAN_POINT('',(55.9877824037034,13.5024893348645,-0.000143889752886854));
#6911=CARTESIAN_POINT('Origin',(45.756072205427,21.8247305810745,-0.000143889752886854));
#6912=CARTESIAN_POINT('',(45.756072205427,21.8247305810745,-0.000143889752886854));
#6913=CARTESIAN_POINT('',(48.0249629891461,19.9792662258983,-0.00014388975283087));
#6914=CARTESIAN_POINT('',(45.756072205427,21.8247305810745,-12.4001438897529));
#6915=CARTESIAN_POINT('',(55.9877824037034,13.5024893348645,-12.4001438897529));
#6916=CARTESIAN_POINT('',(45.756072205427,21.8247305810745,-0.000143889752886854));
#6917=CARTESIAN_POINT('Origin',(45.4405709485914,21.4368401881345,-0.000143889752886854));
#6918=CARTESIAN_POINT('',(44.9405709485914,21.4368401881345,-0.000143889752886854));
#6919=CARTESIAN_POINT('Origin',(45.4405709485914,21.4368401881345,-0.000143889752877158));
#6920=CARTESIAN_POINT('',(44.9405709485914,21.4368401881345,-12.4001438897529));
#6921=CARTESIAN_POINT('Origin',(45.4405709485914,21.4368401881345,-12.4001438897529));
#6922=CARTESIAN_POINT('',(44.9405709485914,21.4368401881345,-0.000143889752886854));
#6923=CARTESIAN_POINT('Origin',(44.9405709485914,7.15897657838952,-0.000143889752886854));
#6924=CARTESIAN_POINT('',(44.9405709485914,7.15897657838952,-0.000143889752886854));
#6925=CARTESIAN_POINT('',(44.9405709485913,-1.00045030348013,-0.000143889752838033));
#6926=CARTESIAN_POINT('',(44.9405709485914,7.15897657838952,-12.4001438897529));
#6927=CARTESIAN_POINT('',(44.9405709485914,7.15897657838952,-12.4001438897529));
#6928=CARTESIAN_POINT('',(44.9405709485914,7.15897657838952,-0.000143889752886854));
#6929=CARTESIAN_POINT('Origin',(45.4405709485913,7.1589765783895,-0.000143889752886854));
#6930=CARTESIAN_POINT('',(45.0075582466991,6.90897657838951,-0.000143889752886854));
#6931=CARTESIAN_POINT('Origin',(45.4405709485913,7.1589765783895,-0.000143889752877158));
#6932=CARTESIAN_POINT('',(45.0075582466991,6.90897657838951,-12.4001438897529));
#6933=CARTESIAN_POINT('Origin',(45.4405709485913,7.1589765783895,-12.4001438897529));
#6934=CARTESIAN_POINT('',(45.0075582466991,6.90897657838951,-0.000143889752886854));
#6935=CARTESIAN_POINT('Origin',(52.2393245439475,-5.61681007690894,-0.000143889752886854));
#6936=CARTESIAN_POINT('',(52.2393245439475,-5.61681007690894,-0.000143889752886854));
#6937=CARTESIAN_POINT('',(49.9882297125237,-1.71779945622715,-0.000143889752826311));
#6938=CARTESIAN_POINT('',(52.2393245439475,-5.61681007690894,-12.4001438897529));
#6939=CARTESIAN_POINT('',(52.2393245439475,-5.61681007690894,-12.4001438897529));
#6940=CARTESIAN_POINT('',(52.2393245439475,-5.61681007690894,-0.000143889752886854));
#6941=CARTESIAN_POINT('Origin',(52.6723372458397,-5.36681007690894,-0.000143889752886854));
#6942=CARTESIAN_POINT('',(52.9223372458397,-5.79982277880116,-0.000143889752886854));
#6943=CARTESIAN_POINT('Origin',(52.6723372458397,-5.36681007690894,-0.000143889752877158));
#6944=CARTESIAN_POINT('',(52.9223372458397,-5.79982277880116,-12.4001438897529));
#6945=CARTESIAN_POINT('Origin',(52.6723372458397,-5.36681007690894,-12.4001438897529));
#6946=CARTESIAN_POINT('',(52.9223372458397,-5.79982277880116,-0.000143889752886854));
#6947=CARTESIAN_POINT('Origin',(63.1749800256311,0.119543290016431,-0.000143889752886854));
#6948=CARTESIAN_POINT('',(63.1749800256311,0.119543290016428,-0.000143889752886854));
#6949=CARTESIAN_POINT('',(48.0104816672949,-8.63568391929455,-0.000143889752830904));
#6950=CARTESIAN_POINT('',(63.1749800256311,0.119543290016428,-12.4001438897529));
#6951=CARTESIAN_POINT('',(52.9223372458397,-5.79982277880116,-12.4001438897529));
#6952=CARTESIAN_POINT('',(63.1749800256311,0.119543290016428,-0.000143889752886854));
#6953=CARTESIAN_POINT('Origin',(62.9249800256311,0.552555991908652,-0.000143889752886854));
#6954=CARTESIAN_POINT('Origin',(62.9249800256311,0.552555991908652,-0.000143889752877158));
#6955=CARTESIAN_POINT('Origin',(62.9249800256311,0.552555991908652,-12.4001438897529));
#6956=CARTESIAN_POINT('Origin',(54.1827754871112,8.03501505561279,-12.4001438897529));
#6957=CARTESIAN_POINT('Origin',(86.0557936461111,-42.716959785109,-0.000143889752886854));
#6958=CARTESIAN_POINT('',(79.0557936461111,-42.716959785109,-0.000143889752886854));
#6959=CARTESIAN_POINT('',(86.0557936461111,-42.716959785109,-0.000143889752886854));
#6960=CARTESIAN_POINT('',(57.0747936461111,-42.716959785109,-0.000143889752809853));
#6961=CARTESIAN_POINT('',(79.0557936461111,-42.716959785109,-12.4001438897529));
#6962=CARTESIAN_POINT('',(79.0557936461111,-42.716959785109,-0.000143889752886854));
#6963=CARTESIAN_POINT('',(86.0557936461111,-42.716959785109,-12.4001438897529));
#6964=CARTESIAN_POINT('',(79.0557936461111,-42.716959785109,-12.4001438897529));
#6965=CARTESIAN_POINT('',(86.0557936461111,-42.716959785109,-0.000143889752886854));
#6966=CARTESIAN_POINT('Origin',(86.0557936461111,-42.216959785109,-0.000143889752886854));
#6967=CARTESIAN_POINT('',(86.5557936461111,-42.216959785109,-0.000143889752886854));
#6968=CARTESIAN_POINT('Origin',(86.0557936461111,-42.216959785109,-0.000143889752877158));
#6969=CARTESIAN_POINT('',(86.5557936461111,-42.216959785109,-12.4001438897529));
#6970=CARTESIAN_POINT('Origin',(86.0557936461111,-42.216959785109,-12.4001438897529));
#6971=CARTESIAN_POINT('',(86.5557936461111,-42.216959785109,-0.000143889752886854));
#6972=CARTESIAN_POINT('Origin',(86.5557936461111,-38.8509343813246,-0.000143889752886854));
#6973=CARTESIAN_POINT('',(86.5557936461111,-38.8509343813246,-0.000143889752886854));
#6974=CARTESIAN_POINT('',(86.5557936461111,-24.0054057833371,-0.000143889752741386));
#6975=CARTESIAN_POINT('',(86.5557936461111,-38.8509343813246,-12.4001438897529));
#6976=CARTESIAN_POINT('',(86.5557936461111,-42.216959785109,-12.4001438897529));
#6977=CARTESIAN_POINT('',(86.5557936461111,-38.8509343813246,-0.000143889752886854));
#6978=CARTESIAN_POINT('Origin',(86.0557936461111,-38.8509343813246,-0.000143889752886854));
#6979=CARTESIAN_POINT('',(86.4888063480034,-38.6009343813246,-0.000143889752886854));
#6980=CARTESIAN_POINT('Origin',(86.0557936461111,-38.8509343813246,-0.000143889752877158));
#6981=CARTESIAN_POINT('',(86.4888063480034,-38.6009343813246,-12.4001438897529));
#6982=CARTESIAN_POINT('Origin',(86.0557936461111,-38.8509343813246,-12.4001438897529));
#6983=CARTESIAN_POINT('',(86.4888063480034,-38.6009343813246,-0.000143889752886854));
#6984=CARTESIAN_POINT('Origin',(79.4888063480033,-26.4765787283424,-0.000143889752886854));
#6985=CARTESIAN_POINT('',(79.4888063480033,-26.4765787283424,-0.000143889752886854));
#6986=CARTESIAN_POINT('',(69.3152538987706,-8.85546899280449,-0.000143889752781426));
#6987=CARTESIAN_POINT('',(79.4888063480033,-26.4765787283424,-12.4001438897529));
#6988=CARTESIAN_POINT('',(86.4888063480034,-38.6009343813246,-12.4001438897529));
#6989=CARTESIAN_POINT('',(79.4888063480033,-26.4765787283424,-0.000143889752886854));
#6990=CARTESIAN_POINT('Origin',(79.0557936461111,-26.7265787283424,-0.000143889752886854));
#6991=CARTESIAN_POINT('',(78.5557936461111,-26.7265787283424,-0.000143889752886854));
#6992=CARTESIAN_POINT('Origin',(79.0557936461111,-26.7265787283424,-0.000143889752877158));
#6993=CARTESIAN_POINT('',(78.5557936461111,-26.7265787283424,-12.4001438897529));
#6994=CARTESIAN_POINT('Origin',(79.0557936461111,-26.7265787283424,-12.4001438897529));
#6995=CARTESIAN_POINT('',(78.5557936461111,-26.7265787283424,-0.000143889752886854));
#6996=CARTESIAN_POINT('Origin',(78.5557936461111,-42.216959785109,-0.000143889752886854));
#6997=CARTESIAN_POINT('',(78.5557936461111,-42.216959785109,-0.000143889752886854));
#6998=CARTESIAN_POINT('',(78.5557936461111,-25.6884184852294,-0.000143889752759966));
#6999=CARTESIAN_POINT('',(78.5557936461111,-42.216959785109,-12.4001438897529));
#7000=CARTESIAN_POINT('',(78.5557936461111,-42.216959785109,-12.4001438897529));
#7001=CARTESIAN_POINT('',(78.5557936461111,-42.216959785109,-0.000143889752886854));
#7002=CARTESIAN_POINT('Origin',(79.0557936461111,-42.216959785109,-0.000143889752886854));
#7003=CARTESIAN_POINT('Origin',(79.0557936461111,-42.216959785109,-0.000143889752877158));
#7004=CARTESIAN_POINT('Origin',(79.0557936461111,-42.216959785109,-12.4001438897529));
#7005=CARTESIAN_POINT('Origin',(82.5557936461111,-34.4717692567257,-12.4001438897529));
#7006=CARTESIAN_POINT('Origin',(83.2878444536799,-39.716959785109,-0.000143889752748976));
#7007=CARTESIAN_POINT('',(88.2519460688176,-40.3150359964622,-0.00014388975273751));
#7008=CARTESIAN_POINT('',(87.6179714726021,-37.216959785109,0.999856110247261));
#7009=CARTESIAN_POINT('Origin',(83.2878444536799,-39.716959785109,-4.00014388975318));
#7010=CARTESIAN_POINT('',(87.617971472602,-37.216959785109,13.9998561102473));
#7011=CARTESIAN_POINT('',(87.6179714726021,-37.216959785109,-0.00014388975273892));
#7012=CARTESIAN_POINT('',(88.2519460688176,-40.3150359964622,14.9998561102473));
#7013=CARTESIAN_POINT('Origin',(83.2878444536798,-39.716959785109,18.9998561102475));
#7014=CARTESIAN_POINT('',(86.2878444536798,-43.716959785109,14.9998561102473));
#7015=CARTESIAN_POINT('Origin',(83.2878444536798,-39.716959785109,14.9998561102473));
#7016=CARTESIAN_POINT('',(83.2878444536798,-44.716959785109,13.9998561102473));
#7017=CARTESIAN_POINT('Origin',(83.2878444536798,-39.716959785109,18.9998561102473));
#7018=CARTESIAN_POINT('',(83.2878444536799,-44.716959785109,0.999856110247251));
#7019=CARTESIAN_POINT('',(83.2878444536799,-44.716959785109,-0.000143889752748976));
#7020=CARTESIAN_POINT('',(86.2878444536799,-43.716959785109,-0.00014388975274196));
#7021=CARTESIAN_POINT('Origin',(83.2878444536799,-39.716959785109,-4.00014388975276));
#7022=CARTESIAN_POINT('Origin',(83.2878444536799,-39.716959785109,-0.000143889752748976));
#7023=CARTESIAN_POINT('Origin',(8.40660931841539,-44.216959785109,14.4998561102471));
#7024=CARTESIAN_POINT('',(75.5557936461111,-43.716959785109,14.9998561102472));
#7025=CARTESIAN_POINT('',(8.40660931841538,-43.716959785109,14.9998561102471));
#7026=CARTESIAN_POINT('',(77.2880266931447,-45.4491928321426,13.2676230632136));
#7027=CARTESIAN_POINT('',(62.4296997811136,-30.5908659201115,28.1259499752447));
#7028=CARTESIAN_POINT('',(79.0557936461111,-44.716959785109,13.9998561102472));
#7029=CARTESIAN_POINT('Origin',(79.0557936461111,-47.216959785109,11.4998561102472));
#7030=CARTESIAN_POINT('',(8.40660931841539,-44.716959785109,13.9998561102471));
#7031=CARTESIAN_POINT('Origin',(38.7173233755819,-15.5022020605299,14.9998561102471));
#7032=CARTESIAN_POINT('',(51.5937936461111,23.1787465112698,14.9998561102472));
#7033=CARTESIAN_POINT('',(75.9379821000627,-18.9866247600062,14.9998561102472));
#7034=CARTESIAN_POINT('',(51.5937936461111,25.3972054144096,14.9998561102472));
#7035=CARTESIAN_POINT('',(51.5937936461111,3.43634843672323,14.9998561102472));
#7036=CARTESIAN_POINT('',(46.593937535864,25.3972054144096,14.9998561102472));
#7037=CARTESIAN_POINT('',(39.9364409432142,25.3972054144096,14.9998561102471));
#7038=CARTESIAN_POINT('',(46.593937535864,26.3972054144096,14.9998561102472));
#7039=CARTESIAN_POINT('',(46.593937535864,4.82250167693986,14.9998561102472));
#7040=CARTESIAN_POINT('',(39.5936497563582,26.3972054144096,14.9998561102471));
#7041=CARTESIAN_POINT('',(21.9244860615454,26.3972054144096,14.9998561102471));
#7042=CARTESIAN_POINT('',(39.5936497563582,25.3972054144096,14.9998561102471));
#7043=CARTESIAN_POINT('',(39.5936497563581,3.57250167693986,14.9998561102471));
#7044=CARTESIAN_POINT('',(16.593937535864,25.3972054144096,14.9998561102471));
#7045=CARTESIAN_POINT('',(39.9364409432142,25.3972054144096,14.9998561102471));
#7046=CARTESIAN_POINT('',(16.593937535864,26.3972054144096,14.9998561102471));
#7047=CARTESIAN_POINT('',(16.593937535864,3.57250167693986,14.9998561102471));
#7048=CARTESIAN_POINT('',(9.59364975635815,26.3972054144096,14.9998561102471));
#7049=CARTESIAN_POINT('',(21.9244860615454,26.3972054144096,14.9998561102471));
#7050=CARTESIAN_POINT('',(9.59364975635815,25.3972054144095,14.9998561102471));
#7051=CARTESIAN_POINT('',(9.59364975635813,3.57250167693988,14.9998561102471));
#7052=CARTESIAN_POINT('',(4.59379364611108,25.3972054144095,14.9998561102471));
#7053=CARTESIAN_POINT('',(39.9364409432142,25.3972054144095,14.9998561102471));
#7054=CARTESIAN_POINT('',(4.59379364611108,23.1787465112697,14.9998561102471));
#7055=CARTESIAN_POINT('',(4.59379364611108,5.44750167693986,14.9998561102471));
#7056=CARTESIAN_POINT('',(-32.0643587765956,-40.3150359964623,14.999856110247));
#7057=CARTESIAN_POINT('',(0.685525730203833,16.409427911327,14.9998561102471));
#7058=CARTESIAN_POINT('',(-30.1002571614578,-43.716959785109,14.999856110247));
#7059=CARTESIAN_POINT('Origin',(-27.1002571614578,-39.716959785109,14.999856110247));
#7060=CARTESIAN_POINT('',(-19.3682063538889,-43.716959785109,14.999856110247));
#7061=CARTESIAN_POINT('',(8.40660931841538,-43.716959785109,14.9998561102471));
#7062=CARTESIAN_POINT('',(-19.3682063538889,-58.716959785109,14.999856110247));
#7063=CARTESIAN_POINT('',(-19.3682063538889,-32.6095809228194,14.999856110247));
#7064=CARTESIAN_POINT('',(-16.3682063538889,-58.716959785109,14.999856110247));
#7065=CARTESIAN_POINT('',(11.6745585108465,-58.716959785109,14.9998561102471));
#7066=CARTESIAN_POINT('',(-16.3682063538889,-43.716959785109,14.999856110247));
#7067=CARTESIAN_POINT('',(-16.3682063538889,-30.1095809228194,14.999856110247));
#7068=CARTESIAN_POINT('',(6.6317936461111,-43.716959785109,14.9998561102471));
#7069=CARTESIAN_POINT('',(8.40660931841538,-43.716959785109,14.9998561102471));
#7070=CARTESIAN_POINT('',(6.6317936461111,-58.716959785109,14.9998561102471));
#7071=CARTESIAN_POINT('',(6.6317936461111,-30.1095809228194,14.9998561102471));
#7072=CARTESIAN_POINT('',(9.6317936461111,-58.716959785109,14.9998561102471));
#7073=CARTESIAN_POINT('',(26.6745585108465,-58.716959785109,14.9998561102471));
#7074=CARTESIAN_POINT('',(9.6317936461111,-43.716959785109,14.9998561102471));
#7075=CARTESIAN_POINT('',(9.6317936461111,-30.1095809228194,14.9998561102471));
#7076=CARTESIAN_POINT('',(46.5557936461111,-43.716959785109,14.9998561102472));
#7077=CARTESIAN_POINT('',(8.40660931841538,-43.716959785109,14.9998561102471));
#7078=CARTESIAN_POINT('',(46.5557936461111,-58.716959785109,14.9998561102472));
#7079=CARTESIAN_POINT('',(46.5557936461111,-32.6095809228194,14.9998561102472));
#7080=CARTESIAN_POINT('',(49.5557936461111,-58.716959785109,14.9998561102472));
#7081=CARTESIAN_POINT('',(44.6365585108465,-58.716959785109,14.9998561102472));
#7082=CARTESIAN_POINT('',(49.5557936461111,-43.716959785109,14.9998561102472));
#7083=CARTESIAN_POINT('',(49.5557936461111,-30.1095809228194,14.9998561102472));
#7084=CARTESIAN_POINT('',(72.5557936461111,-43.716959785109,14.9998561102472));
#7085=CARTESIAN_POINT('',(8.40660931841538,-43.716959785109,14.9998561102471));
#7086=CARTESIAN_POINT('',(72.5557936461111,-58.716959785109,14.9998561102472));
#7087=CARTESIAN_POINT('',(72.5557936461111,-30.1095809228194,14.9998561102472));
#7088=CARTESIAN_POINT('',(75.5557936461111,-58.716959785109,14.9998561102472));
#7089=CARTESIAN_POINT('',(59.6365585108465,-58.716959785109,14.9998561102472));
#7090=CARTESIAN_POINT('',(75.5557936461111,-30.1095809228194,14.9998561102472));
#7091=CARTESIAN_POINT('',(25.4937937127778,5.63053913517337,14.9998561102471));
#7092=CARTESIAN_POINT('',(25.4937937127778,12.4972054144097,14.9998561102471));
#7093=CARTESIAN_POINT('',(25.4937937127778,-6.68583146267825,14.9998561102471));
#7094=CARTESIAN_POINT('',(26.4937937127778,13.4972054144097,14.9998561102471));
#7095=CARTESIAN_POINT('Origin',(26.4937937127778,12.4972054144097,14.9998561102471));
#7096=CARTESIAN_POINT('',(29.6937937127777,13.4972054144097,14.9998561102471));
#7097=CARTESIAN_POINT('',(32.1055585441798,13.4972054144097,14.9998561102471));
#7098=CARTESIAN_POINT('',(30.6937937127777,12.4972054144097,14.9998561102471));
#7099=CARTESIAN_POINT('Origin',(29.6937937127777,12.4972054144097,14.9998561102471));
#7100=CARTESIAN_POINT('',(30.6937937127777,5.63053913517337,14.9998561102471));
#7101=CARTESIAN_POINT('',(30.6937937127777,0.247501676939914,14.9998561102471));
#7102=CARTESIAN_POINT('',(29.6937937127777,4.63053913517337,14.9998561102471));
#7103=CARTESIAN_POINT('Origin',(29.6937937127777,5.63053913517337,14.9998561102471));
#7104=CARTESIAN_POINT('',(26.4937937127778,4.63053913517337,14.9998561102471));
#7105=CARTESIAN_POINT('',(34.7055585441798,4.63053913517337,14.9998561102471));
#7106=CARTESIAN_POINT('Origin',(26.4937937127778,5.63053913517337,14.9998561102471));
#7107=CARTESIAN_POINT('',(0.0484602092535535,-15.4669601725395,14.9998561102471));
#7108=CARTESIAN_POINT('Origin',(-0.534873124079778,-15.4669601725395,14.9998561102471));
#7109=CARTESIAN_POINT('',(-8.6182063605555,-39.3002931184425,14.999856110247));
#7110=CARTESIAN_POINT('Origin',(-9.20153969388883,-39.3002931184425,14.999856110247));
#7111=CARTESIAN_POINT('',(-2.26820636055554,-23.9502935058728,14.9998561102471));
#7112=CARTESIAN_POINT('',(-2.26820636055553,-30.8169597851092,14.9998561102471));
#7113=CARTESIAN_POINT('',(-2.26820636055556,-17.9762477832014,14.9998561102471));
#7114=CARTESIAN_POINT('',(-3.26820636055552,-31.8169597851092,14.9998561102471));
#7115=CARTESIAN_POINT('Origin',(-3.26820636055553,-30.8169597851092,14.9998561102471));
#7116=CARTESIAN_POINT('',(-6.46820636055551,-31.8169597851092,14.999856110247));
#7117=CARTESIAN_POINT('',(18.2245585075132,-31.8169597851091,14.9998561102471));
#7118=CARTESIAN_POINT('',(-7.46820636055551,-30.8169597851092,14.999856110247));
#7119=CARTESIAN_POINT('Origin',(-6.46820636055551,-30.8169597851092,14.999856110247));
#7120=CARTESIAN_POINT('',(-7.46820636055553,-23.9502935058728,14.999856110247));
#7121=CARTESIAN_POINT('',(-7.46820636055553,-24.9095809228196,14.999856110247));
#7122=CARTESIAN_POINT('',(-6.46820636055554,-22.9502935058728,14.999856110247));
#7123=CARTESIAN_POINT('Origin',(-6.46820636055553,-23.9502935058728,14.999856110247));
#7124=CARTESIAN_POINT('',(-3.26820636055555,-22.9502935058728,14.9998561102471));
#7125=CARTESIAN_POINT('',(15.6245585075132,-22.9502935058727,14.9998561102471));
#7126=CARTESIAN_POINT('Origin',(-3.26820636055554,-23.9502935058728,14.9998561102471));
#7127=CARTESIAN_POINT('',(57.3057936394445,-39.3002931184424,14.9998561102472));
#7128=CARTESIAN_POINT('Origin',(56.7224603061112,-39.3002931184424,14.9998561102472));
#7129=CARTESIAN_POINT('',(65.9724602092536,-15.4669601725395,14.9998561102472));
#7130=CARTESIAN_POINT('Origin',(65.3891268759203,-15.4669601725395,14.9998561102472));
#7131=CARTESIAN_POINT('',(63.6557936394445,-23.9502935058728,14.9998561102472));
#7132=CARTESIAN_POINT('',(63.6557936394445,-30.8169597851091,14.9998561102472));
#7133=CARTESIAN_POINT('',(63.6557936394445,-17.9762477832013,14.9998561102472));
#7134=CARTESIAN_POINT('',(62.6557936394445,-31.8169597851091,14.9998561102472));
#7135=CARTESIAN_POINT('Origin',(62.6557936394445,-30.8169597851091,14.9998561102472));
#7136=CARTESIAN_POINT('',(59.4557936394445,-31.8169597851091,14.9998561102472));
#7137=CARTESIAN_POINT('',(51.1865585075132,-31.8169597851091,14.9998561102472));
#7138=CARTESIAN_POINT('',(58.4557936394445,-30.8169597851091,14.9998561102472));
#7139=CARTESIAN_POINT('Origin',(59.4557936394445,-30.8169597851091,14.9998561102472));
#7140=CARTESIAN_POINT('',(58.4557936394445,-23.9502935058728,14.9998561102472));
#7141=CARTESIAN_POINT('',(58.4557936394445,-24.9095809228195,14.9998561102472));
#7142=CARTESIAN_POINT('',(59.4557936394445,-22.9502935058728,14.9998561102472));
#7143=CARTESIAN_POINT('Origin',(59.4557936394445,-23.9502935058728,14.9998561102472));
#7144=CARTESIAN_POINT('',(62.6557936394445,-22.9502935058728,14.9998561102472));
#7145=CARTESIAN_POINT('',(48.5865585075132,-22.9502935058728,14.9998561102472));
#7146=CARTESIAN_POINT('Origin',(62.6557936394445,-23.9502935058728,14.9998561102472));
#7147=CARTESIAN_POINT('',(24.3437937127778,-2.85279419815991,14.9998561102471));
#7148=CARTESIAN_POINT('Origin',(23.7604603794444,-2.85279419815991,14.9998561102471));
#7149=CARTESIAN_POINT('',(33.0104602825868,20.980538747743,14.9998561102471));
#7150=CARTESIAN_POINT('Origin',(32.4271269492535,20.980538747743,14.9998561102471));
#7151=CARTESIAN_POINT('Origin',(76.3709948019549,-18.7366247600062,14.4998561102472));
#7152=CARTESIAN_POINT('',(52.5937936461111,23.4466957037008,13.9998561102472));
#7153=CARTESIAN_POINT('',(76.8040075038471,-18.4866247600062,13.9998561102472));
#7154=CARTESIAN_POINT('',(52.5937936461111,23.4466957037008,13.9998561102472));
#7155=CARTESIAN_POINT('Origin',(87.6179714726021,-37.2169597851091,-0.00014388975273892));
#7156=CARTESIAN_POINT('',(70.4400435350921,-7.46391582858487,0.999856110247221));
#7157=CARTESIAN_POINT('',(74.1029126724233,-13.8081912759184,0.99985611024723));
#7158=CARTESIAN_POINT('',(70.4400435350921,-7.46391582858487,7.99985611024722));
#7159=CARTESIAN_POINT('',(70.4400435350921,-7.46391582858487,7.49985611024722));
#7160=CARTESIAN_POINT('',(65.3400435350922,1.36954329001628,7.99985611024721));
#7161=CARTESIAN_POINT('',(77.7665075038471,-20.1537236622913,7.99985611024724));
#7162=CARTESIAN_POINT('',(65.3400435350922,1.36954329001629,0.999856110247209));
#7163=CARTESIAN_POINT('',(65.3400435350922,1.36954329001629,7.49985611024721));
#7164=CARTESIAN_POINT('',(52.5937936461111,23.4466957037008,0.99985611024718));
#7165=CARTESIAN_POINT('',(74.1029126724233,-13.8081912759184,0.99985611024723));
#7166=CARTESIAN_POINT('',(52.5937936461111,23.4466957037008,-0.000143889752820259));
#7167=CARTESIAN_POINT('Origin',(-27.1002571614578,-39.716959785109,-0.00014388975300534));
#7168=CARTESIAN_POINT('',(-30.1002571614578,-43.716959785109,-0.000143889753012259));
#7169=CARTESIAN_POINT('',(-27.1002571614578,-44.716959785109,0.999856110246995));
#7170=CARTESIAN_POINT('Origin',(-27.1002571614578,-39.716959785109,-4.00014388975302));
#7171=CARTESIAN_POINT('',(-27.1002571614578,-44.716959785109,13.999856110247));
#7172=CARTESIAN_POINT('',(-27.1002571614578,-44.716959785109,-0.00014388975300534));
#7173=CARTESIAN_POINT('Origin',(-27.1002571614578,-39.716959785109,18.999856110247));
#7174=CARTESIAN_POINT('',(-31.43038418038,-37.216959785109,13.999856110247));
#7175=CARTESIAN_POINT('Origin',(-27.1002571614578,-39.716959785109,18.999856110247));
#7176=CARTESIAN_POINT('',(-31.43038418038,-37.216959785109,0.999856110246985));
#7177=CARTESIAN_POINT('',(-31.43038418038,-37.216959785109,-0.000143889753015396));
#7178=CARTESIAN_POINT('',(-32.0643587765955,-40.3150359964623,-0.000143889753016881));
#7179=CARTESIAN_POINT('Origin',(-27.1002571614578,-39.716959785109,-4.00014388975302));
#7180=CARTESIAN_POINT('Origin',(-27.1002571614578,-39.716959785109,-0.00014388975300534));
#7181=CARTESIAN_POINT('Origin',(4.12969203097337,24.3748989339763,-0.000143889752932812));
#7182=CARTESIAN_POINT('',(3.59379364611109,23.4466957037008,13.9998561102471));
#7183=CARTESIAN_POINT('',(-0.18049967358061,16.909427911327,13.9998561102471));
#7184=CARTESIAN_POINT('',(3.59379364611112,23.4466957037008,0.999856110247066));
#7185=CARTESIAN_POINT('',(3.59379364611112,23.4466957037008,-0.000143889752934057));
#7186=CARTESIAN_POINT('',(-0.135287274524436,16.9877380836243,0.999856110247057));
#7187=CARTESIAN_POINT('Origin',(0.252513028311612,16.659427911327,14.4998561102471));
#7188=CARTESIAN_POINT('',(4.59379364611108,23.1787465112697,14.9998561102471));
#7189=CARTESIAN_POINT('Origin',(8.40660931841539,-44.216959785109,14.4998561102471));
#7190=CARTESIAN_POINT('',(-22.8682063538889,-44.716959785109,13.999856110247));
#7191=CARTESIAN_POINT('',(8.40660931841539,-44.716959785109,13.9998561102471));
#7192=CARTESIAN_POINT('',(-21.1004394009225,-45.4491928321426,13.2676230632134));
#7193=CARTESIAN_POINT('Origin',(-22.8682063538889,-47.216959785109,11.499856110247));
#7194=CARTESIAN_POINT('',(-13.2211739314566,-37.5699273626767,21.1468885326793));
#7195=CARTESIAN_POINT('Origin',(0.297725427367782,16.7377380836243,0.499856110247058));
#7196=CARTESIAN_POINT('',(4.59379364611112,23.1787465112697,-0.000143889752931746));
#7197=CARTESIAN_POINT('',(3.59379364611112,23.4466957037008,0.999856110247066));
#7198=CARTESIAN_POINT('',(0.73073812926,16.4877380836243,-0.000143889752940718));
#7199=CARTESIAN_POINT('Origin',(-21.9041047387511,-44.716959785109,-0.000143889752993273));
#7200=CARTESIAN_POINT('',(-22.8682063538889,-44.716959785109,0.999856110247005));
#7201=CARTESIAN_POINT('',(3.09484445368,-44.716959785109,0.999856110247065));
#7202=CARTESIAN_POINT('',(-22.8682063538889,-44.716959785109,7.49985611024701));
#7203=CARTESIAN_POINT('Origin',(-21.9041047387511,-44.716959785109,-0.000143889752993273));
#7204=CARTESIAN_POINT('',(79.0557936461111,-44.716959785109,0.999856110247241));
#7205=CARTESIAN_POINT('',(79.0557936461111,-44.716959785109,7.49985611024724));
#7206=CARTESIAN_POINT('',(3.09484445368,-44.716959785109,0.999856110247065));
#7207=CARTESIAN_POINT('Origin',(3.09484445368,-44.216959785109,0.499856110247065));
#7208=CARTESIAN_POINT('',(77.2880266931447,-45.4491928321426,1.73208915728087));
#7209=CARTESIAN_POINT('Origin',(79.0557936461111,-47.216959785109,3.49985611024725));
#7210=CARTESIAN_POINT('',(75.5557936461111,-43.716959785109,-0.000143889752766884));
#7211=CARTESIAN_POINT('',(61.0158785640594,-29.1770447030572,-14.5400589718046));
#7212=CARTESIAN_POINT('',(3.09484445368,-43.716959785109,-0.000143889752935167));
#7213=CARTESIAN_POINT('Origin',(26.4937937127778,5.63053913517337,14.9998561102471));
#7214=CARTESIAN_POINT('',(26.4937937127778,4.63053913517337,-0.000143889752880874));
#7215=CARTESIAN_POINT('',(26.4937937127778,4.63053913517337,14.9998561102471));
#7216=CARTESIAN_POINT('',(25.4937937127778,5.63053913517337,-0.000143889752883196));
#7217=CARTESIAN_POINT('Origin',(26.4937937127778,5.63053913517337,-0.000143889752881599));
#7218=CARTESIAN_POINT('',(25.4937937127778,5.63053913517337,14.9998561102471));
#7219=CARTESIAN_POINT('Origin',(30.6937937127777,4.63053913517337,14.9998561102471));
#7220=CARTESIAN_POINT('',(29.6937937127778,4.63053913517337,-0.000143889752873442));
#7221=CARTESIAN_POINT('',(29.6937937127777,4.63053913517337,14.9998561102471));
#7222=CARTESIAN_POINT('',(29.3937936794444,4.63053913517337,-0.000143889752874139));
#7223=CARTESIAN_POINT('Origin',(59.4557936394445,-30.8169597851091,14.9998561102472));
#7224=CARTESIAN_POINT('',(59.4557936394446,-31.8169597851091,-0.000143889752804323));
#7225=CARTESIAN_POINT('',(59.4557936394445,-31.8169597851091,14.9998561102472));
#7226=CARTESIAN_POINT('',(58.4557936394446,-30.8169597851091,-0.000143889752806646));
#7227=CARTESIAN_POINT('Origin',(59.4557936394446,-30.8169597851091,-0.000143889752803883));
#7228=CARTESIAN_POINT('',(58.4557936394445,-30.8169597851091,14.9998561102472));
#7229=CARTESIAN_POINT('Origin',(63.6557936394445,-31.8169597851091,14.9998561102472));
#7230=CARTESIAN_POINT('',(62.6557936394445,-31.8169597851091,-0.000143889752796892));
#7231=CARTESIAN_POINT('',(62.6557936394445,-31.8169597851091,14.9998561102472));
#7232=CARTESIAN_POINT('',(45.8747936427778,-31.8169597851091,-0.000143889752835864));
#7233=CARTESIAN_POINT('Origin',(-6.46820636055551,-30.8169597851092,14.999856110247));
#7234=CARTESIAN_POINT('',(-6.46820636055548,-31.8169597851092,-0.000143889752957424));
#7235=CARTESIAN_POINT('',(-6.46820636055551,-31.8169597851092,14.999856110247));
#7236=CARTESIAN_POINT('',(-7.46820636055548,-30.8169597851092,-0.000143889752959747));
#7237=CARTESIAN_POINT('Origin',(-6.46820636055548,-30.8169597851092,-0.000143889752957094));
#7238=CARTESIAN_POINT('',(-7.46820636055551,-30.8169597851092,14.999856110247));
#7239=CARTESIAN_POINT('Origin',(-2.26820636055553,-31.8169597851092,14.9998561102471));
#7240=CARTESIAN_POINT('',(-3.26820636055549,-31.8169597851092,-0.000143889752949993));
#7241=CARTESIAN_POINT('',(-3.26820636055552,-31.8169597851092,14.9998561102471));
#7242=CARTESIAN_POINT('',(12.9127936427779,-31.8169597851091,-0.000143889752912414));
#7243=CARTESIAN_POINT('Origin',(-3.26820636055553,-30.8169597851092,14.9998561102471));
#7244=CARTESIAN_POINT('',(-2.26820636055549,-30.8169597851092,-0.00014388975294767));
#7245=CARTESIAN_POINT('Origin',(-3.26820636055549,-30.8169597851092,-0.000143889752950432));
#7246=CARTESIAN_POINT('',(-2.26820636055553,-30.8169597851092,14.9998561102471));
#7247=CARTESIAN_POINT('Origin',(62.6557936394445,-30.8169597851091,14.9998561102472));
#7248=CARTESIAN_POINT('',(63.6557936394445,-30.8169597851091,-0.000143889752794569));
#7249=CARTESIAN_POINT('Origin',(62.6557936394445,-30.8169597851091,-0.000143889752797222));
#7250=CARTESIAN_POINT('',(63.6557936394445,-30.8169597851091,14.9998561102472));
#7251=CARTESIAN_POINT('Origin',(29.6937937127777,5.63053913517337,14.9998561102471));
#7252=CARTESIAN_POINT('',(30.6937937127777,5.63053913517337,-0.00014388975287112));
#7253=CARTESIAN_POINT('Origin',(29.6937937127778,5.63053913517337,-0.000143889752872717));
#7254=CARTESIAN_POINT('',(30.6937937127777,5.63053913517337,14.9998561102471));
#7255=CARTESIAN_POINT('Origin',(-3.26820636055554,-23.9502935058728,14.9998561102471));
#7256=CARTESIAN_POINT('',(-3.26820636055551,-22.9502935058728,-0.000143889752949993));
#7257=CARTESIAN_POINT('',(-3.26820636055555,-22.9502935058728,14.9998561102471));
#7258=CARTESIAN_POINT('',(-2.26820636055551,-23.9502935058728,-0.00014388975294767));
#7259=CARTESIAN_POINT('Origin',(-3.26820636055551,-23.9502935058728,-0.000143889752950432));
#7260=CARTESIAN_POINT('',(-2.26820636055554,-23.9502935058728,14.9998561102471));
#7261=CARTESIAN_POINT('Origin',(-7.46820636055553,-22.9502935058728,14.999856110247));
#7262=CARTESIAN_POINT('',(-6.4682063605555,-22.9502935058728,-0.000143889752957424));
#7263=CARTESIAN_POINT('',(-6.46820636055554,-22.9502935058728,14.999856110247));
#7264=CARTESIAN_POINT('',(10.3127936427778,-22.9502935058727,-0.000143889752918452));
#7265=CARTESIAN_POINT('Origin',(62.6557936394445,-23.9502935058728,14.9998561102472));
#7266=CARTESIAN_POINT('',(62.6557936394445,-22.9502935058728,-0.000143889752796892));
#7267=CARTESIAN_POINT('',(62.6557936394445,-22.9502935058728,14.9998561102472));
#7268=CARTESIAN_POINT('',(63.6557936394445,-23.9502935058728,-0.000143889752794569));
#7269=CARTESIAN_POINT('Origin',(62.6557936394445,-23.9502935058728,-0.000143889752797222));
#7270=CARTESIAN_POINT('',(63.6557936394445,-23.9502935058728,14.9998561102472));
#7271=CARTESIAN_POINT('Origin',(58.4557936394445,-22.9502935058728,14.9998561102472));
#7272=CARTESIAN_POINT('',(59.4557936394446,-22.9502935058728,-0.000143889752804323));
#7273=CARTESIAN_POINT('',(59.4557936394445,-22.9502935058728,14.9998561102472));
#7274=CARTESIAN_POINT('',(43.2747936427779,-22.9502935058728,-0.000143889752841902));
#7275=CARTESIAN_POINT('Origin',(29.6937937127777,12.4972054144097,14.9998561102471));
#7276=CARTESIAN_POINT('',(29.6937937127778,13.4972054144097,-0.000143889752873442));
#7277=CARTESIAN_POINT('',(29.6937937127777,13.4972054144097,14.9998561102471));
#7278=CARTESIAN_POINT('',(30.6937937127778,12.4972054144097,-0.00014388975287112));
#7279=CARTESIAN_POINT('Origin',(29.6937937127778,12.4972054144097,-0.000143889752872717));
#7280=CARTESIAN_POINT('',(30.6937937127777,12.4972054144097,14.9998561102471));
#7281=CARTESIAN_POINT('Origin',(25.4937937127778,13.4972054144097,14.9998561102471));
#7282=CARTESIAN_POINT('',(26.4937937127778,13.4972054144097,-0.000143889752880874));
#7283=CARTESIAN_POINT('',(26.4937937127778,13.4972054144097,14.9998561102471));
#7284=CARTESIAN_POINT('',(26.7937936794445,13.4972054144097,-0.000143889752880177));
#7285=CARTESIAN_POINT('Origin',(59.4557936394445,-23.9502935058728,14.9998561102472));
#7286=CARTESIAN_POINT('',(58.4557936394446,-23.9502935058728,-0.000143889752806646));
#7287=CARTESIAN_POINT('Origin',(59.4557936394446,-23.9502935058728,-0.000143889752803883));
#7288=CARTESIAN_POINT('',(58.4557936394445,-23.9502935058728,14.9998561102472));
#7289=CARTESIAN_POINT('Origin',(-6.46820636055553,-23.9502935058728,14.999856110247));
#7290=CARTESIAN_POINT('',(-7.4682063605555,-23.9502935058728,-0.000143889752959747));
#7291=CARTESIAN_POINT('Origin',(-6.4682063605555,-23.9502935058728,-0.000143889752957094));
#7292=CARTESIAN_POINT('',(-7.46820636055553,-23.9502935058728,14.999856110247));
#7293=CARTESIAN_POINT('Origin',(26.4937937127778,12.4972054144097,14.9998561102471));
#7294=CARTESIAN_POINT('',(25.4937937127778,12.4972054144097,-0.000143889752883196));
#7295=CARTESIAN_POINT('Origin',(26.4937937127778,12.4972054144097,-0.000143889752881599));
#7296=CARTESIAN_POINT('',(25.4937937127778,12.4972054144097,14.9998561102471));
#7297=CARTESIAN_POINT('Origin',(53.4892444248042,-7.781919843179,14.9998561102472));
#7298=CARTESIAN_POINT('',(52.6232190210197,-8.281919843179,6.99985611024718));
#7299=CARTESIAN_POINT('',(52.9892444248042,-6.91589443939456,6.99985611024718));
#7300=CARTESIAN_POINT('Origin',(53.4892444248042,-7.781919843179,6.99985611024718));
#7301=CARTESIAN_POINT('',(52.6232190210198,-8.28191984317899,5.42985611024719));
#7302=CARTESIAN_POINT('',(52.6232190210197,-8.281919843179,14.9998561102472));
#7303=CARTESIAN_POINT('',(52.9892444248042,-6.91589443939456,5.42985611024719));
#7304=CARTESIAN_POINT('Origin',(53.4892444248042,-7.781919843179,5.42985611024719));
#7305=CARTESIAN_POINT('',(52.9892444248042,-6.91589443939456,14.9998561102472));
#7306=CARTESIAN_POINT('Origin',(51.9907171342407,-7.49239443939456,14.9998561102472));
#7307=CARTESIAN_POINT('',(52.9892444248042,-6.91589443939455,-0.000143889752820451));
#7308=CARTESIAN_POINT('',(52.9892444248042,-6.91589443939456,8.71485611024718));
#7309=CARTESIAN_POINT('',(64.9740181313077,0.00351788623198512,-0.000143889752792618));
#7310=CARTESIAN_POINT('',(42.6683502215998,-12.8746654858923,-0.00014388975284442));
#7311=CARTESIAN_POINT('',(64.9740181313078,0.00351788623185079,6.99985611024721));
#7312=CARTESIAN_POINT('',(64.9740181313078,0.00351788623185023,7.49985611024721));
#7313=CARTESIAN_POINT('',(53.5044915759386,-6.61841635798792,6.99985611024718));
#7314=CARTESIAN_POINT('Origin',(56.5892444248041,-13.1512773466425,14.9998561102472));
#7315=CARTESIAN_POINT('',(57.0892444248041,-14.017302750427,6.99985611024719));
#7316=CARTESIAN_POINT('',(55.7232190210197,-13.6512773466425,6.99985611024719));
#7317=CARTESIAN_POINT('Origin',(56.5892444248042,-13.1512773466425,6.99985611024719));
#7318=CARTESIAN_POINT('',(57.0892444248042,-14.017302750427,5.4298561102472));
#7319=CARTESIAN_POINT('',(57.0892444248041,-14.017302750427,14.9998561102472));
#7320=CARTESIAN_POINT('',(55.7232190210197,-13.6512773466425,5.4298561102472));
#7321=CARTESIAN_POINT('Origin',(56.5892444248042,-13.1512773466425,5.4298561102472));
#7322=CARTESIAN_POINT('',(55.7232190210197,-13.6512773466425,14.9998561102472));
#7323=CARTESIAN_POINT('Origin',(56.1232190210197,-14.3440976696701,14.9998561102472));
#7324=CARTESIAN_POINT('',(55.1607190210197,-12.676998767385,6.99985611024719));
#7325=CARTESIAN_POINT('',(56.1232190210197,-14.3440976696701,5.4298561102472));
#7326=CARTESIAN_POINT('Origin',(57.2072563120573,-18.2214569443042,-0.000143889752809545));
#7327=CARTESIAN_POINT('',(58.0732804865595,-17.7214548151308,2.42985611024719));
#7328=CARTESIAN_POINT('',(57.7072589682655,-19.0874808145207,2.42985611024719));
#7329=CARTESIAN_POINT('Origin',(57.2072563120573,-18.2214569443042,2.42985611024719));
#7330=CARTESIAN_POINT('',(58.0732804865595,-17.7214548151308,-0.000143889752807534));
#7331=CARTESIAN_POINT('',(58.0732804865595,-17.7214548151308,-0.000143889752807534));
#7332=CARTESIAN_POINT('',(57.7072589682655,-19.0874808145207,-0.000143889752808384));
#7333=CARTESIAN_POINT('Origin',(57.2072563120573,-18.2214569443042,-0.000143889752809545));
#7334=CARTESIAN_POINT('',(57.7072589682655,-19.0874808145207,-0.000143889752808384));
#7335=CARTESIAN_POINT('Origin',(39.1732972088114,-15.2388998449591,2.42985611024715));
#7336=CARTESIAN_POINT('',(33.2393901586213,-33.2141115198801,2.42985611024713));
#7337=CARTESIAN_POINT('',(58.5732823114474,-18.5874784625982,2.42985611024719));
#7338=CARTESIAN_POINT('',(31.873363327911,-32.8480897788369,2.42985611024713));
#7339=CARTESIAN_POINT('Origin',(32.7393875024131,-32.3480876496636,2.42985611024713));
#7340=CARTESIAN_POINT('',(30.0233524803291,-29.6438027504269,2.42985611024714));
#7341=CARTESIAN_POINT('',(19.7733121061753,-11.8903052828741,2.4298561102471));
#7342=CARTESIAN_POINT('',(29.9233524803291,-29.47059766967,2.42985611024714));
#7343=CARTESIAN_POINT('',(19.7733121061753,-11.8903052828741,2.4298561102471));
#7344=CARTESIAN_POINT('',(29.8233524803291,-29.2973925889131,2.42985611024714));
#7345=CARTESIAN_POINT('',(19.7733121061753,-11.8903052828741,2.4298561102471));
#7346=CARTESIAN_POINT('',(29.5233536250834,-28.7777766857145,2.42985611024713));
#7347=CARTESIAN_POINT('',(19.7733121061753,-11.8903052828741,2.4298561102471));
#7348=CARTESIAN_POINT('',(30.8893778841136,-29.1438027504269,2.42985611024713));
#7349=CARTESIAN_POINT('Origin',(30.3893778841136,-28.2777773466425,2.42985611024713));
#7350=CARTESIAN_POINT('',(57.0893462325748,-14.0172439716832,2.42985611024719));
#7351=CARTESIAN_POINT('',(52.6345659276574,-16.5892125799079,2.42985611024718));
#7352=CARTESIAN_POINT('',(56.7233220580727,-15.383271504641,2.42985611024719));
#7353=CARTESIAN_POINT('Origin',(57.5893462325748,-14.8832693754676,2.42985611024719));
#7354=CARTESIAN_POINT('',(58.5732915170298,-18.5874944070441,2.42985611024719));
#7355=CARTESIAN_POINT('Origin',(32.3733657613699,-33.7141144803741,-0.000143889752867219));
#7356=CARTESIAN_POINT('',(33.2393901586213,-33.2141115198801,-0.000143889752865208));
#7357=CARTESIAN_POINT('',(36.0846990465361,-31.5713600315933,-0.0001438897528586));
#7358=CARTESIAN_POINT('',(33.2393901586213,-33.2141115198801,-0.000143889752865208));
#7359=CARTESIAN_POINT('Origin',(48.1071936172353,-2.45993439555255,2.42985611024718));
#7360=CARTESIAN_POINT('',(47.6071936172353,-1.59390899176811,5.42985611024718));
#7361=CARTESIAN_POINT('',(48.9732190210197,-1.95993439555257,5.42985611024718));
#7362=CARTESIAN_POINT('Origin',(48.1071936172353,-2.45993439555255,5.42985611024718));
#7363=CARTESIAN_POINT('',(47.6071936172353,-1.5939089917681,2.42985611024717));
#7364=CARTESIAN_POINT('',(47.6071936172353,-1.5939089917681,2.42985611024718));
#7365=CARTESIAN_POINT('',(48.9732190210198,-1.95993439555256,2.42985611024717));
#7366=CARTESIAN_POINT('Origin',(48.1071936172353,-2.45993439555255,2.42985611024717));
#7367=CARTESIAN_POINT('',(48.9732190210198,-1.95993439555256,2.42985611024718));
#7368=CARTESIAN_POINT('Origin',(48.3407171342407,-1.17040899176813,2.42985611024718));
#7369=CARTESIAN_POINT('',(23.1393778841135,-15.720408991768,5.42985611024712));
#7370=CARTESIAN_POINT('',(48.3407171342407,-1.17040899176813,5.42985611024718));
#7371=CARTESIAN_POINT('',(23.1393778841135,-15.720408991768,2.42985611024711));
#7372=CARTESIAN_POINT('',(23.1393778841134,-15.7204089917678,2.42985611024712));
#7373=CARTESIAN_POINT('',(41.8570170442616,-4.91377498406233,2.42985611024715));
#7374=CARTESIAN_POINT('Origin',(45.6072158165064,1.87028848678045,-0.000143889752836485));
#7375=CARTESIAN_POINT('',(45.1072136873331,2.73631266128259,2.42985611024716));
#7376=CARTESIAN_POINT('',(46.4732399910085,2.37029061595379,2.42985611024717));
#7377=CARTESIAN_POINT('Origin',(45.6072158165064,1.87028848678045,2.42985611024716));
#7378=CARTESIAN_POINT('',(45.1072136873331,2.73631266128259,-0.000143889752837646));
#7379=CARTESIAN_POINT('',(45.1072136873331,2.73631266128259,-0.000143889752837646));
#7380=CARTESIAN_POINT('',(46.4732399910086,2.37029061595379,-0.000143889752834474));
#7381=CARTESIAN_POINT('Origin',(45.6072158165064,1.87028848678045,-0.000143889752836485));
#7382=CARTESIAN_POINT('',(46.4732399910086,2.37029061595379,-0.000143889752834474));
#7383=CARTESIAN_POINT('Origin',(58.5732823114474,-18.5874784625982,-0.000143889752806373));
#7384=CARTESIAN_POINT('',(51.6301002188126,-6.5616025925625,-0.000143889752820536));
#7385=CARTESIAN_POINT('',(52.7221724348874,-8.45311641668662,-0.000143889752819961));
#7386=CARTESIAN_POINT('',(51.6301002188129,-6.56160259256287,2.42985611024718));
#7387=CARTESIAN_POINT('',(51.6301002188128,-6.56160259256272,8.71485611024718));
#7388=CARTESIAN_POINT('',(58.5732915170298,-18.5874944070441,2.42985611024719));
#7389=CARTESIAN_POINT('Origin',(21.1393384098508,-12.2563273282029,-0.000143889752893309));
#7390=CARTESIAN_POINT('',(20.2733142353486,-12.7563294573763,2.4298561102471));
#7391=CARTESIAN_POINT('',(20.6393362806775,-11.3903031537008,2.42985611024711));
#7392=CARTESIAN_POINT('Origin',(21.1393384098508,-12.2563273282029,2.42985611024711));
#7393=CARTESIAN_POINT('',(20.2733142353487,-12.7563294573763,-0.00014388975289532));
#7394=CARTESIAN_POINT('',(20.2733142353487,-12.7563294573763,-0.00014388975289532));
#7395=CARTESIAN_POINT('',(20.6393362806775,-11.3903031537008,-0.00014388975289447));
#7396=CARTESIAN_POINT('Origin',(21.1393384098508,-12.2563273282029,-0.000143889752893309));
#7397=CARTESIAN_POINT('',(20.6393362806775,-11.3903031537008,-0.00014388975289447));
#7398=CARTESIAN_POINT('Origin',(45.9732378618352,3.23631479045593,-0.000143889752835635));
#7399=CARTESIAN_POINT('',(45.9732378618352,3.23631479045593,2.42985611024716));
#7400=CARTESIAN_POINT('',(36.5846034057271,-2.18424661683141,-0.000143889752857439));
#7401=CARTESIAN_POINT('Origin',(23.6393778841134,-16.5864343955523,2.42985611024712));
#7402=CARTESIAN_POINT('',(22.773352480329,-17.0864343955523,5.42985611024712));
#7403=CARTESIAN_POINT('Origin',(23.6393778841134,-16.5864343955523,5.42985611024712));
#7404=CARTESIAN_POINT('',(22.7733248812636,-17.0864503299706,2.42985611024711));
#7405=CARTESIAN_POINT('',(22.773352480329,-17.0864343955523,2.42985611024712));
#7406=CARTESIAN_POINT('Origin',(23.6393778841134,-16.5864343955523,2.42985611024711));
#7407=CARTESIAN_POINT('Origin',(22.3233524803291,-16.3070115321465,2.42985611024712));
#7408=CARTESIAN_POINT('',(24.1563512254643,-19.4818584889306,5.42985611024712));
#7409=CARTESIAN_POINT('',(22.3233524803291,-16.3070115321465,5.42985611024712));
#7410=CARTESIAN_POINT('',(24.1563760047114,-19.4819515440522,2.42985611024713));
#7411=CARTESIAN_POINT('',(24.1563512254643,-19.4818584889306,2.42985611024713));
#7412=CARTESIAN_POINT('',(23.9968237413538,-19.2055487812476,2.42985611024712));
#7413=CARTESIAN_POINT('',(19.7733121061753,-11.8903052828741,2.4298561102471));
#7414=CARTESIAN_POINT('',(23.3944002536576,-18.162120692885,2.42985611024712));
#7415=CARTESIAN_POINT('',(19.7733121061753,-11.8903052828741,2.4298561102471));
#7416=CARTESIAN_POINT('',(19.7733121061753,-11.8903052828741,2.4298561102471));
#7417=CARTESIAN_POINT('Origin',(32.7393875024131,-32.3480876496636,-0.000143889752866369));
#7418=CARTESIAN_POINT('',(31.873363327911,-32.8480897788369,-0.00014388975286838));
#7419=CARTESIAN_POINT('Origin',(32.7393875024131,-32.3480876496636,-0.000143889752866369));
#7420=CARTESIAN_POINT('',(31.873363327911,-32.8480897788369,-0.00014388975286838));
#7421=CARTESIAN_POINT('Origin',(19.7733121061753,-11.8903052828741,-0.000143889752896481));
#7422=CARTESIAN_POINT('',(22.3233524803291,-16.3070115321465,2.42985611024712));
#7423=CARTESIAN_POINT('',(19.7733121061753,-11.8903052828741,2.4298561102471));
#7424=CARTESIAN_POINT('',(19.7733121061753,-11.8903052828741,2.4298561102471));
#7425=CARTESIAN_POINT('',(25.2348189978717,-21.3498589956534,2.42985611024713));
#7426=CARTESIAN_POINT('',(19.7733121061753,-11.8903052828741,2.4298561102471));
#7427=CARTESIAN_POINT('',(25.3944002536576,-21.6262223080227,2.42985611024713));
#7428=CARTESIAN_POINT('',(19.7733121061753,-11.8903052828741,2.4298561102471));
#7429=CARTESIAN_POINT('',(19.7733121061753,-11.8903052828741,2.4298561102471));
#7430=CARTESIAN_POINT('',(20.2222244544214,-12.6678398634896,-0.000143889752895439));
#7431=CARTESIAN_POINT('Origin',(30.3893778841135,-28.2777773466425,8.71485611024713));
#7432=CARTESIAN_POINT('',(29.5233524803291,-28.7777773466425,5.42985611024714));
#7433=CARTESIAN_POINT('',(29.5233524803291,-28.7777773466425,8.71485611024713));
#7434=CARTESIAN_POINT('',(30.8893778841136,-29.1438027504269,5.42985611024714));
#7435=CARTESIAN_POINT('Origin',(30.3893778841136,-28.2777773466425,5.42985611024714));
#7436=CARTESIAN_POINT('',(30.8893778841135,-29.1438027504269,8.71485611024713));
#7437=CARTESIAN_POINT('Origin',(62.1458149010322,-11.0978904248004,14.9998561102472));
#7438=CARTESIAN_POINT('',(69.0740181313077,-7.09789042480039,6.99985611024722));
#7439=CARTESIAN_POINT('',(62.1458149010322,-11.0978904248004,6.9998561102472));
#7440=CARTESIAN_POINT('',(69.0740181313078,-7.09789042480039,-0.000143889752781986));
#7441=CARTESIAN_POINT('',(69.0740181313077,-7.09789042480043,7.49985611024722));
#7442=CARTESIAN_POINT('',(57.0893462325748,-14.0172439716832,-0.000143889752809819));
#7443=CARTESIAN_POINT('',(49.7958991049955,-18.2281176341114,-0.000143889752826757));
#7444=CARTESIAN_POINT('',(57.0893462325748,-14.0172439716832,7.49985611024719));
#7445=CARTESIAN_POINT('',(59.1182660176364,-12.8458465876137,5.42985611024721));
#7446=CARTESIAN_POINT('Origin',(39.1503360774741,-15.2522020605299,5.42985611024716));
#7447=CARTESIAN_POINT('',(51.6232190210197,-6.54986903561014,5.42985611024719));
#7448=CARTESIAN_POINT('',(48.5232190210198,-1.18051153214657,5.42985611024718));
#7449=CARTESIAN_POINT('Origin',(52.4892444248042,-6.04986903561012,5.42985611024719));
#7450=CARTESIAN_POINT('',(25.2348727695471,-21.3499126003398,5.42985611024713));
#7451=CARTESIAN_POINT('',(25.3944002536576,-21.6262223080227,5.42985611024713));
#7452=CARTESIAN_POINT('Origin',(28.1597629184678,-18.4158570779042,5.42985611024713));
#7453=CARTESIAN_POINT('Origin',(25.3944002536576,-21.6262223080227,2.42985611024713));
#7454=CARTESIAN_POINT('',(25.2348727695471,-21.3499126003398,2.42985611024713));
#7455=CARTESIAN_POINT('Origin',(57.5893462325748,-14.8832693754676,7.49985611024719));
#7456=CARTESIAN_POINT('',(56.7233220580727,-15.383271504641,-0.000143889752810669));
#7457=CARTESIAN_POINT('Origin',(57.5893462325748,-14.8832693754676,-0.000143889752808324));
#7458=CARTESIAN_POINT('',(56.7233220580727,-15.383271504641,7.49985611024719));
#7459=CARTESIAN_POINT('Origin',(28.0937936461111,-9.15987718534971,-0.000143889752877158));
#7460=CARTESIAN_POINT('',(75.5557936461111,-58.716959785109,-0.000143889752766968));
#7461=CARTESIAN_POINT('',(75.5557936461111,-26.9384184852294,-0.000143889752766968));
#7462=CARTESIAN_POINT('',(72.5557936461111,-58.716959785109,-0.000143889752773895));
#7463=CARTESIAN_POINT('',(54.3247936461111,-58.716959785109,-0.000143889752816234));
#7464=CARTESIAN_POINT('',(72.5557936461111,-43.716959785109,-0.000143889752773907));
#7465=CARTESIAN_POINT('',(72.5557936461111,-26.9384184852294,-0.000143889752773907));
#7466=CARTESIAN_POINT('',(49.5557936461111,-43.716959785109,-0.000143889752827266));
#7467=CARTESIAN_POINT('',(3.09484445368,-43.716959785109,-0.000143889752935167));
#7468=CARTESIAN_POINT('',(49.5557936461111,-58.716959785109,-0.000143889752827336));
#7469=CARTESIAN_POINT('',(49.5557936461111,-26.9384184852293,-0.000143889752827336));
#7470=CARTESIAN_POINT('',(46.5557936461111,-58.716959785109,-0.000143889752834274));
#7471=CARTESIAN_POINT('',(39.3247936461111,-58.716959785109,-0.000143889752851067));
#7472=CARTESIAN_POINT('',(46.5557936461111,-43.716959785109,-0.000143889752834275));
#7473=CARTESIAN_POINT('',(46.5557936461111,-29.4384184852293,-0.000143889752834275));
#7474=CARTESIAN_POINT('',(9.63179364611113,-43.716959785109,-0.000143889752919985));
#7475=CARTESIAN_POINT('',(3.09484445368,-43.716959785109,-0.000143889752935167));
#7476=CARTESIAN_POINT('',(9.63179364611113,-58.716959785109,-0.00014388975292004));
#7477=CARTESIAN_POINT('',(9.63179364611113,-26.9384184852294,-0.00014388975292004));
#7478=CARTESIAN_POINT('',(6.63179364611113,-58.716959785109,-0.000143889752927051));
#7479=CARTESIAN_POINT('',(21.3627936461111,-58.716959785109,-0.00014388975289284));
#7480=CARTESIAN_POINT('',(6.63179364611113,-43.716959785109,-0.000143889752926979));
#7481=CARTESIAN_POINT('',(6.63179364611113,-26.9384184852294,-0.000143889752926979));
#7482=CARTESIAN_POINT('',(-16.3682063538889,-43.716959785109,-0.000143889752980368));
#7483=CARTESIAN_POINT('',(3.09484445368,-43.716959785109,-0.000143889752935167));
#7484=CARTESIAN_POINT('',(-16.3682063538889,-58.716959785109,-0.000143889752980408));
#7485=CARTESIAN_POINT('',(-16.3682063538889,-26.9384184852293,-0.000143889752980408));
#7486=CARTESIAN_POINT('',(-19.3682063538889,-58.716959785109,-0.00014388975298743));
#7487=CARTESIAN_POINT('',(6.36279364611112,-58.716959785109,-0.000143889752927673));
#7488=CARTESIAN_POINT('',(-19.3682063538889,-43.716959785109,-0.000143889752987347));
#7489=CARTESIAN_POINT('',(-19.3682063538889,-29.4384184852293,-0.000143889752987347));
#7490=CARTESIAN_POINT('',(3.09484445368,-43.716959785109,-0.000143889752935167));
#7491=CARTESIAN_POINT('',(4.59379364611112,25.3972054144096,-0.000143889752931697));
#7492=CARTESIAN_POINT('',(4.59379364611112,8.61866411452995,-0.000143889752931697));
#7493=CARTESIAN_POINT('',(51.5937936461111,25.3972054144095,-0.000143889752822618));
#7494=CARTESIAN_POINT('',(35.8437936461111,25.3972054144096,-0.000143889752859117));
#7495=CARTESIAN_POINT('',(51.5937936461111,23.1787465112697,-0.000143889752822618));
#7496=CARTESIAN_POINT('',(51.5937936461111,6.60751087431332,-0.000143889752822618));
#7497=CARTESIAN_POINT('',(73.2368872686389,-14.3081912759184,-0.00014388975277238));
#7498=CARTESIAN_POINT('Origin',(52.4892444248042,-6.04986903561012,-0.000143889752820536));
#7499=CARTESIAN_POINT('',(52.7221724348874,-8.45311641668662,-0.000143889752819961));
#7500=CARTESIAN_POINT('',(73.2368872686389,-14.3081912759184,-0.00014388975277238));
#7501=CARTESIAN_POINT('',(-2.26820636055553,-14.8050853456113,-0.00014388975294767));
#7502=CARTESIAN_POINT('',(-7.4682063605555,-21.7384184852295,-0.000143889752959747));
#7503=CARTESIAN_POINT('',(63.6557936394445,-14.8050853456112,-0.000143889752794569));
#7504=CARTESIAN_POINT('',(58.4557936394446,-21.7384184852294,-0.000143889752806646));
#7505=CARTESIAN_POINT('',(30.6937937127777,3.41866411453,-0.00014388975287112));
#7506=CARTESIAN_POINT('',(25.4937937127778,-3.51466902508817,-0.000143889752883196));
#7507=CARTESIAN_POINT('',(56.1391269727779,-39.3002931184424,-0.000143889752812026));
#7508=CARTESIAN_POINT('Origin',(56.7224603061112,-39.3002931184424,-0.000143889752810671));
#7509=CARTESIAN_POINT('',(-9.7848730272222,-39.3002931184424,-0.000143889752965127));
#7510=CARTESIAN_POINT('Origin',(-9.20153969388887,-39.3002931184424,-0.000143889752963772));
#7511=CARTESIAN_POINT('',(23.1771270461111,-2.85279419815997,-0.000143889752888576));
#7512=CARTESIAN_POINT('Origin',(23.7604603794445,-2.85279419815997,-0.000143889752887222));
#7513=CARTESIAN_POINT('',(64.805793542587,-15.4669601725395,-0.000143889752791898));
#7514=CARTESIAN_POINT('Origin',(65.3891268759203,-15.4669601725395,-0.000143889752790544));
#7515=CARTESIAN_POINT('',(-1.11820645741315,-15.4669601725395,-0.000143889752945));
#7516=CARTESIAN_POINT('Origin',(-0.534873124079827,-15.4669601725395,-0.000143889752943645));
#7517=CARTESIAN_POINT('',(31.8437936159202,20.9805387477429,-0.000143889752868449));
#7518=CARTESIAN_POINT('Origin',(32.4271269492535,20.9805387477429,-0.000143889752867094));
#7519=CARTESIAN_POINT('Origin',(52.4892444248042,-6.04986903561012,8.71485611024718));
#7520=CARTESIAN_POINT('',(51.6232190210198,-6.54986903561011,2.42985611024718));
#7521=CARTESIAN_POINT('',(51.6232190210198,-6.54986903561011,8.71485611024718));
#7522=CARTESIAN_POINT('Origin',(52.4892444248042,-6.04986903561012,2.42985611024718));
#7523=CARTESIAN_POINT('Origin',(39.1732972088114,-15.2388998449591,2.42985611024715));
#7524=CARTESIAN_POINT('',(54.1482091482842,-10.9232802246419,2.42985611024718));
#7525=CARTESIAN_POINT('Origin',(56.0232190210197,-14.1708925889132,2.42985611024719));
#7526=CARTESIAN_POINT('Origin',(64.4740181313078,0.86954329001629,7.49985611024721));
#7527=CARTESIAN_POINT('Origin',(64.4740181313078,0.86954329001629,-0.000143889752792781));
#7528=CARTESIAN_POINT('Origin',(64.4740181313078,0.86954329001629,7.99985611024721));
#7529=CARTESIAN_POINT('Origin',(76.9004821000627,-20.6537236622913,7.99985611024724));
#7530=CARTESIAN_POINT('',(76.9004821000627,-20.6537236622913,6.99985611024724));
#7531=CARTESIAN_POINT('Origin',(69.5740181313077,-7.96391582858487,7.99985611024722));
#7532=CARTESIAN_POINT('Origin',(69.5740181313077,-7.96391582858487,7.49985611024722));
#7533=CARTESIAN_POINT('Origin',(69.5740181313077,-7.96391582858487,-0.000143889752857174));
#7534=CARTESIAN_POINT('Origin',(57.0932660176365,-9.33844370228668,6.99985611024719));
#7535=CARTESIAN_POINT('Origin',(73.6698999705311,-14.0581912759184,0.499856110247229));
#7536=CARTESIAN_POINT('Origin',(20.0937936461111,28.8972054144096,7.49992805512357));
#7537=CARTESIAN_POINT('',(20.0937936461111,26.3972054144096,3.50000000000005));
#7538=CARTESIAN_POINT('',(17.5937936461111,28.8972054144096,1.00000000000003));
#7539=CARTESIAN_POINT('Origin',(20.0937936461111,28.8972054144096,3.50000000000004));
#7540=CARTESIAN_POINT('',(17.5937936461111,28.8972054144096,11.4998561102472));
#7541=CARTESIAN_POINT('',(17.5937936461111,28.8972054144096,7.49992805512356));
#7542=CARTESIAN_POINT('',(20.0937936461111,26.3972054144096,13.9998561102471));
#7543=CARTESIAN_POINT('Origin',(20.0937936461111,28.8972054144096,11.4998561102472));
#7544=CARTESIAN_POINT('',(20.0937936461111,26.3972054144096,7.49992805512357));
#7545=CARTESIAN_POINT('Origin',(17.5937936461111,26.3972054144096,15.));
#7546=CARTESIAN_POINT('',(17.5937936461111,26.3970615246567,14.));
#7547=CARTESIAN_POINT('',(17.5937936461111,25.8971694419714,14.4998920826853));
#7548=CARTESIAN_POINT('',(17.5937936461111,40.3972054144096,1.00000000000002));
#7549=CARTESIAN_POINT('',(17.5937936461111,22.6472054144096,1.00000000000003));
#7550=CARTESIAN_POINT('',(17.5937936461111,40.3972054144096,14.));
#7551=CARTESIAN_POINT('',(17.5937936461111,40.3972054144096,15.));
#7552=CARTESIAN_POINT('',(17.5937936461111,22.6472054144096,14.));
#7553=CARTESIAN_POINT('',(17.5937936461111,31.2972054144096,10.));
#7554=CARTESIAN_POINT('Origin',(17.5937936461111,33.8972054144096,10.));
#7555=CARTESIAN_POINT('Origin',(6.0937936461111,28.8972054144096,7.49992805512354));
#7556=CARTESIAN_POINT('',(6.09379364611109,26.3972054144096,13.9998561102471));
#7557=CARTESIAN_POINT('',(8.59379364611109,28.8972054144096,11.4998561102472));
#7558=CARTESIAN_POINT('Origin',(6.09379364611109,28.8972054144096,11.4998561102472));
#7559=CARTESIAN_POINT('',(8.59379364611112,28.8972054144096,1.00000000000001));
#7560=CARTESIAN_POINT('',(8.5937936461111,28.8972054144096,7.49992805512354));
#7561=CARTESIAN_POINT('',(6.09379364611111,26.3972054144096,3.50000000000001));
#7562=CARTESIAN_POINT('Origin',(6.09379364611111,28.8972054144096,3.5));
#7563=CARTESIAN_POINT('',(6.0937936461111,26.3972054144096,7.49992805512354));
#7564=CARTESIAN_POINT('Origin',(8.59379364611108,26.3972054144096,15.));
#7565=CARTESIAN_POINT('',(8.59379364611109,26.3970615246567,14.));
#7566=CARTESIAN_POINT('',(8.59379364611108,25.8971694419714,14.4998920826853));
#7567=CARTESIAN_POINT('',(8.59379364611109,40.3972054144096,14.));
#7568=CARTESIAN_POINT('',(8.59379364611108,22.6472054144096,14.));
#7569=CARTESIAN_POINT('',(8.59379364611112,40.3972054144096,0.999999999999996));
#7570=CARTESIAN_POINT('',(8.59379364611108,40.3972054144096,15.));
#7571=CARTESIAN_POINT('',(8.59379364611111,22.6472054144096,1.00000000000001));
#7572=CARTESIAN_POINT('',(8.5937936461111,31.2972054144096,10.));
#7573=CARTESIAN_POINT('Origin',(8.5937936461111,33.8972054144096,10.));
#7574=CARTESIAN_POINT('Origin',(36.0937936461111,28.8972054144096,7.49992805512361));
#7575=CARTESIAN_POINT('',(36.0937936461111,26.3972054144096,13.9998561102471));
#7576=CARTESIAN_POINT('',(38.5937936461111,28.8972054144096,11.4998561102472));
#7577=CARTESIAN_POINT('Origin',(36.0937936461111,28.8972054144096,11.4998561102472));
#7578=CARTESIAN_POINT('',(38.5937936461111,28.8972054144096,1.00000000000007));
#7579=CARTESIAN_POINT('',(38.5937936461111,28.8972054144096,7.49992805512361));
#7580=CARTESIAN_POINT('',(36.0937936461111,26.3972054144096,3.50000000000006));
#7581=CARTESIAN_POINT('Origin',(36.0937936461111,28.8972054144096,3.50000000000006));
#7582=CARTESIAN_POINT('',(36.0937936461111,26.3972054144096,7.49992805512361));
#7583=CARTESIAN_POINT('Origin',(38.5937936461111,26.3972054144096,15.0000000000001));
#7584=CARTESIAN_POINT('',(38.5937936461111,26.3970615246566,14.0000000000001));
#7585=CARTESIAN_POINT('',(38.5937936461111,25.8971694419713,14.4998920826854));
#7586=CARTESIAN_POINT('',(38.5937936461111,40.3972054144096,14.0000000000001));
#7587=CARTESIAN_POINT('',(38.5937936461111,22.6472054144096,14.0000000000001));
#7588=CARTESIAN_POINT('',(38.5937936461111,40.3972054144096,1.00000000000006));
#7589=CARTESIAN_POINT('',(38.5937936461111,40.3972054144096,15.0000000000001));
#7590=CARTESIAN_POINT('',(38.5937936461111,22.6472054144096,1.00000000000008));
#7591=CARTESIAN_POINT('',(38.5937936461111,31.2972054144096,10.0000000000001));
#7592=CARTESIAN_POINT('Origin',(38.5937936461111,33.8972054144096,10.0000000000001));
#7593=CARTESIAN_POINT('Origin',(50.0937936461111,28.8972054144096,7.49992805512364));
#7594=CARTESIAN_POINT('',(50.0937936461111,26.3972054144096,3.5000000000001));
#7595=CARTESIAN_POINT('',(47.5937936461111,28.8972054144096,1.0000000000001));
#7596=CARTESIAN_POINT('Origin',(50.0937936461111,28.8972054144096,3.5000000000001));
#7597=CARTESIAN_POINT('',(47.5937936461111,28.8972054144096,11.4998561102471));
#7598=CARTESIAN_POINT('',(47.5937936461111,28.8972054144096,7.49992805512363));
#7599=CARTESIAN_POINT('',(50.0937936461111,26.3972054144096,13.9998561102472));
#7600=CARTESIAN_POINT('Origin',(50.0937936461111,28.8972054144096,11.4998561102471));
#7601=CARTESIAN_POINT('',(50.0937936461111,26.3972054144096,7.49992805512364));
#7602=CARTESIAN_POINT('Origin',(47.5937936461111,31.3972054144096,15.0000000000001));
#7603=CARTESIAN_POINT('',(47.5937936461111,26.3970615246566,14.0000000000001));
#7604=CARTESIAN_POINT('',(47.5937936461111,27.1471694419713,13.2498920826854));
#7605=CARTESIAN_POINT('',(47.5937936461111,40.3972054144096,1.00000000000009));
#7606=CARTESIAN_POINT('',(47.5937936461111,25.1472054144096,1.0000000000001));
#7607=CARTESIAN_POINT('',(47.5937936461111,40.3972054144096,14.0000000000001));
#7608=CARTESIAN_POINT('',(47.5937936461111,40.3972054144096,15.0000000000001));
#7609=CARTESIAN_POINT('',(47.5937936461111,25.1472054144096,14.0000000000001));
#7610=CARTESIAN_POINT('',(47.5937936461111,31.2972054144096,10.0000000000001));
#7611=CARTESIAN_POINT('Origin',(47.5937936461111,33.8972054144096,10.0000000000001));
#7612=CARTESIAN_POINT('Origin',(53.0557936461111,-47.216959785109,7.49985611024718));
#7613=CARTESIAN_POINT('',(51.2880266931448,-45.4491928321426,1.7320891572808));
#7614=CARTESIAN_POINT('',(53.0557936461111,-44.716959785109,0.999856110247181));
#7615=CARTESIAN_POINT('Origin',(53.0557936461111,-47.216959785109,3.49985611024719));
#7616=CARTESIAN_POINT('',(53.0557936461111,-44.716959785109,13.9998561102472));
#7617=CARTESIAN_POINT('',(53.0557936461111,-44.716959785109,7.49985611024718));
#7618=CARTESIAN_POINT('',(51.2880266931447,-45.4491928321426,13.2676230632135));
#7619=CARTESIAN_POINT('Origin',(53.0557936461111,-47.216959785109,11.4998561102472));
#7620=CARTESIAN_POINT('',(50.5557936461111,-47.216959785109,13.9998561102472));
#7621=CARTESIAN_POINT('Origin',(53.0557936461111,-47.216959785109,11.4998561102472));
#7622=CARTESIAN_POINT('',(50.5557936461111,-47.216959785109,0.999856110247175));
#7623=CARTESIAN_POINT('',(50.5557936461111,-47.216959785109,7.49985611024718));
#7624=CARTESIAN_POINT('Origin',(53.0557936461111,-47.216959785109,3.49985611024718));
#7625=CARTESIAN_POINT('Origin',(50.5557936461111,-44.716959785109,14.9998561102472));
#7626=CARTESIAN_POINT('',(50.5557936461111,-58.716959785109,13.9998561102472));
#7627=CARTESIAN_POINT('',(50.5557936461111,-30.1095809228194,13.9998561102472));
#7628=CARTESIAN_POINT('',(50.5557936461111,-58.716959785109,0.999856110247175));
#7629=CARTESIAN_POINT('',(50.5557936461111,-58.716959785109,14.9998561102472));
#7630=CARTESIAN_POINT('',(50.5557936461111,-26.9384184852293,0.999856110247175));
#7631=CARTESIAN_POINT('',(50.5557936461111,-49.616959785109,9.99985611024717));
#7632=CARTESIAN_POINT('Origin',(50.5557936461111,-52.216959785109,9.99985611024717));
#7633=CARTESIAN_POINT('Origin',(13.1317936461111,-47.216959785109,7.49985611024709));
#7634=CARTESIAN_POINT('',(11.3640266931448,-45.4491928321426,1.73208915728072));
#7635=CARTESIAN_POINT('',(13.1317936461111,-44.716959785109,0.999856110247088));
#7636=CARTESIAN_POINT('Origin',(13.1317936461111,-47.216959785109,3.4998561102471));
#7637=CARTESIAN_POINT('',(13.1317936461111,-44.716959785109,13.9998561102471));
#7638=CARTESIAN_POINT('',(13.1317936461111,-44.716959785109,7.49985611024709));
#7639=CARTESIAN_POINT('',(11.3640266931447,-45.4491928321426,13.2676230632135));
#7640=CARTESIAN_POINT('Origin',(13.1317936461111,-47.216959785109,11.4998561102471));
#7641=CARTESIAN_POINT('',(10.6317936461111,-47.216959785109,13.9998561102471));
#7642=CARTESIAN_POINT('Origin',(13.1317936461111,-47.216959785109,11.4998561102471));
#7643=CARTESIAN_POINT('',(10.6317936461111,-47.216959785109,0.999856110247093));
#7644=CARTESIAN_POINT('',(10.6317936461111,-47.216959785109,7.49985611024709));
#7645=CARTESIAN_POINT('Origin',(13.1317936461111,-47.216959785109,3.49985611024712));
#7646=CARTESIAN_POINT('Origin',(10.6317936461111,-44.716959785109,14.9998561102471));
#7647=CARTESIAN_POINT('',(10.6317936461111,-58.716959785109,13.9998561102471));
#7648=CARTESIAN_POINT('',(10.6317936461111,-30.1095809228194,13.9998561102471));
#7649=CARTESIAN_POINT('',(10.6317936461111,-58.716959785109,0.999856110247093));
#7650=CARTESIAN_POINT('',(10.6317936461111,-58.716959785109,14.9998561102471));
#7651=CARTESIAN_POINT('',(10.6317936461111,-26.9384184852294,0.999856110247093));
#7652=CARTESIAN_POINT('',(10.6317936461111,-49.616959785109,9.99985611024709));
#7653=CARTESIAN_POINT('Origin',(10.6317936461111,-52.216959785109,9.99985611024709));
#7654=CARTESIAN_POINT('Origin',(-12.8682063538889,-47.216959785109,7.49985611024703));
#7655=CARTESIAN_POINT('',(-14.6359733068552,-45.4491928321426,1.73208915728066));
#7656=CARTESIAN_POINT('',(-12.8682063538889,-44.716959785109,0.999856110247028));
#7657=CARTESIAN_POINT('Origin',(-12.8682063538889,-47.216959785109,3.49985611024704));
#7658=CARTESIAN_POINT('',(-12.8682063538889,-44.716959785109,13.999856110247));
#7659=CARTESIAN_POINT('',(-12.8682063538889,-44.716959785109,7.49985611024703));
#7660=CARTESIAN_POINT('',(-14.6359733068553,-45.4491928321426,13.2676230632134));
#7661=CARTESIAN_POINT('Origin',(-12.8682063538889,-47.216959785109,11.499856110247));
#7662=CARTESIAN_POINT('',(-15.3682063538889,-47.216959785109,13.999856110247));
#7663=CARTESIAN_POINT('Origin',(-12.8682063538889,-47.216959785109,11.4998561102471));
#7664=CARTESIAN_POINT('',(-15.3682063538889,-47.216959785109,0.999856110247031));
#7665=CARTESIAN_POINT('',(-15.3682063538889,-47.216959785109,7.49985611024703));
#7666=CARTESIAN_POINT('Origin',(-12.8682063538889,-47.216959785109,3.49985611024705));
#7667=CARTESIAN_POINT('Origin',(-15.3682063538889,-44.716959785109,14.999856110247));
#7668=CARTESIAN_POINT('',(-15.3682063538889,-58.716959785109,13.999856110247));
#7669=CARTESIAN_POINT('',(-15.3682063538889,-30.1095809228194,13.999856110247));
#7670=CARTESIAN_POINT('',(-15.3682063538889,-58.716959785109,0.999856110247031));
#7671=CARTESIAN_POINT('',(-15.3682063538889,-58.716959785109,14.999856110247));
#7672=CARTESIAN_POINT('',(-15.3682063538889,-26.9384184852293,0.999856110247031));
#7673=CARTESIAN_POINT('',(-15.3682063538889,-49.616959785109,9.99985611024703));
#7674=CARTESIAN_POINT('Origin',(-15.3682063538889,-52.216959785109,9.99985611024703));
#7675=CARTESIAN_POINT('Origin',(-22.8682063538889,-47.216959785109,7.49985611024701));
#7676=CARTESIAN_POINT('',(-21.1004394009225,-45.4491928321426,1.73208915728065));
#7677=CARTESIAN_POINT('Origin',(-22.8682063538889,-47.216959785109,3.49985611024701));
#7678=CARTESIAN_POINT('',(-20.3682063538889,-47.216959785109,0.99985611024702));
#7679=CARTESIAN_POINT('Origin',(-22.8682063538889,-47.216959785109,3.49985611024702));
#7680=CARTESIAN_POINT('',(-20.3682063538889,-47.216959785109,13.999856110247));
#7681=CARTESIAN_POINT('',(-20.3682063538889,-47.216959785109,7.49985611024701));
#7682=CARTESIAN_POINT('Origin',(-22.8682063538889,-47.216959785109,11.499856110247));
#7683=CARTESIAN_POINT('Origin',(-20.3682063538889,-49.716959785109,14.999856110247));
#7684=CARTESIAN_POINT('',(-20.3682063538889,-58.716959785109,0.99985611024702));
#7685=CARTESIAN_POINT('',(-20.3682063538889,-29.4384184852293,0.99985611024702));
#7686=CARTESIAN_POINT('',(-20.3682063538889,-58.716959785109,13.999856110247));
#7687=CARTESIAN_POINT('',(-20.3682063538889,-58.716959785109,14.999856110247));
#7688=CARTESIAN_POINT('',(-20.3682063538889,-32.6095809228194,13.999856110247));
#7689=CARTESIAN_POINT('',(-20.3682063538889,-49.616959785109,9.99985611024702));
#7690=CARTESIAN_POINT('Origin',(-20.3682063538889,-52.216959785109,9.99985611024702));
#7691=CARTESIAN_POINT('Origin',(3.13179364611111,-47.216959785109,7.49985611024707));
#7692=CARTESIAN_POINT('',(4.89956059907746,-45.4491928321426,13.2676230632134));
#7693=CARTESIAN_POINT('',(3.1317936461111,-44.716959785109,13.9998561102471));
#7694=CARTESIAN_POINT('Origin',(3.1317936461111,-47.216959785109,11.4998561102471));
#7695=CARTESIAN_POINT('',(3.13179364611113,-44.716959785109,0.999856110247065));
#7696=CARTESIAN_POINT('',(3.13179364611111,-44.716959785109,7.49985611024707));
#7697=CARTESIAN_POINT('',(4.8995605990775,-45.4491928321426,1.73208915728071));
#7698=CARTESIAN_POINT('Origin',(3.13179364611112,-47.216959785109,3.49985611024707));
#7699=CARTESIAN_POINT('',(5.63179364611113,-47.216959785109,0.999856110247081));
#7700=CARTESIAN_POINT('Origin',(3.13179364611112,-47.216959785109,3.49985611024709));
#7701=CARTESIAN_POINT('',(5.6317936461111,-47.216959785109,13.9998561102471));
#7702=CARTESIAN_POINT('',(5.63179364611111,-47.216959785109,7.49985611024707));
#7703=CARTESIAN_POINT('Origin',(3.1317936461111,-47.216959785109,11.4998561102471));
#7704=CARTESIAN_POINT('Origin',(5.6317936461111,-44.716959785109,14.9998561102471));
#7705=CARTESIAN_POINT('',(5.63179364611113,-58.716959785109,0.999856110247081));
#7706=CARTESIAN_POINT('',(5.63179364611113,-26.9384184852294,0.999856110247081));
#7707=CARTESIAN_POINT('',(5.6317936461111,-58.716959785109,13.9998561102471));
#7708=CARTESIAN_POINT('',(5.6317936461111,-58.716959785109,14.9998561102471));
#7709=CARTESIAN_POINT('',(5.6317936461111,-30.1095809228194,13.9998561102471));
#7710=CARTESIAN_POINT('',(5.63179364611111,-49.616959785109,9.99985611024708));
#7711=CARTESIAN_POINT('Origin',(5.63179364611111,-52.216959785109,9.99985611024708));
#7712=CARTESIAN_POINT('Origin',(43.0557936461111,-47.216959785109,7.49985611024716));
#7713=CARTESIAN_POINT('',(44.8235605990775,-45.4491928321426,13.2676230632135));
#7714=CARTESIAN_POINT('',(43.0557936461111,-44.716959785109,13.9998561102472));
#7715=CARTESIAN_POINT('Origin',(43.0557936461111,-47.216959785109,11.4998561102472));
#7716=CARTESIAN_POINT('',(43.0557936461111,-44.716959785109,0.999856110247158));
#7717=CARTESIAN_POINT('',(43.0557936461111,-44.716959785109,7.49985611024716));
#7718=CARTESIAN_POINT('',(44.8235605990775,-45.4491928321426,1.7320891572808));
#7719=CARTESIAN_POINT('Origin',(43.0557936461111,-47.216959785109,3.49985611024717));
#7720=CARTESIAN_POINT('',(45.5557936461111,-47.216959785109,0.999856110247164));
#7721=CARTESIAN_POINT('Origin',(43.0557936461111,-47.216959785109,3.49985611024718));
#7722=CARTESIAN_POINT('',(45.5557936461111,-47.216959785109,13.9998561102472));
#7723=CARTESIAN_POINT('',(45.5557936461111,-47.216959785109,7.49985611024716));
#7724=CARTESIAN_POINT('Origin',(43.0557936461111,-47.216959785109,11.4998561102472));
#7725=CARTESIAN_POINT('Origin',(45.5557936461111,-49.716959785109,14.9998561102472));
#7726=CARTESIAN_POINT('',(45.5557936461111,-58.716959785109,0.999856110247164));
#7727=CARTESIAN_POINT('',(45.5557936461111,-29.4384184852293,0.999856110247164));
#7728=CARTESIAN_POINT('',(45.5557936461111,-58.716959785109,13.9998561102472));
#7729=CARTESIAN_POINT('',(45.5557936461111,-58.716959785109,14.9998561102472));
#7730=CARTESIAN_POINT('',(45.5557936461111,-32.6095809228194,13.9998561102472));
#7731=CARTESIAN_POINT('',(45.5557936461111,-49.616959785109,9.99985611024716));
#7732=CARTESIAN_POINT('Origin',(45.5557936461111,-52.216959785109,9.99985611024716));
#7733=CARTESIAN_POINT('Origin',(69.0557936461111,-47.216959785109,7.49985611024722));
#7734=CARTESIAN_POINT('',(70.8235605990775,-45.4491928321426,13.2676230632136));
#7735=CARTESIAN_POINT('',(69.0557936461111,-44.716959785109,13.9998561102472));
#7736=CARTESIAN_POINT('Origin',(69.0557936461111,-47.216959785109,11.4998561102472));
#7737=CARTESIAN_POINT('',(69.0557936461111,-44.716959785109,0.999856110247218));
#7738=CARTESIAN_POINT('',(69.0557936461111,-44.716959785109,7.49985611024722));
#7739=CARTESIAN_POINT('',(70.8235605990775,-45.4491928321426,1.73208915728086));
#7740=CARTESIAN_POINT('Origin',(69.0557936461111,-47.216959785109,3.49985611024723));
#7741=CARTESIAN_POINT('',(71.5557936461111,-47.216959785109,0.999856110247225));
#7742=CARTESIAN_POINT('Origin',(69.0557936461111,-47.216959785109,3.49985611024724));
#7743=CARTESIAN_POINT('',(71.5557936461111,-47.216959785109,13.9998561102472));
#7744=CARTESIAN_POINT('',(71.5557936461111,-47.216959785109,7.49985611024722));
#7745=CARTESIAN_POINT('Origin',(69.0557936461111,-47.216959785109,11.4998561102472));
#7746=CARTESIAN_POINT('Origin',(71.5557936461111,-44.716959785109,14.9998561102472));
#7747=CARTESIAN_POINT('',(71.5557936461111,-58.716959785109,0.999856110247225));
#7748=CARTESIAN_POINT('',(71.5557936461111,-26.9384184852294,0.999856110247225));
#7749=CARTESIAN_POINT('',(71.5557936461111,-58.716959785109,13.9998561102472));
#7750=CARTESIAN_POINT('',(71.5557936461111,-58.716959785109,14.9998561102472));
#7751=CARTESIAN_POINT('',(71.5557936461111,-30.1095809228194,13.9998561102472));
#7752=CARTESIAN_POINT('',(71.5557936461111,-49.616959785109,9.99985611024722));
#7753=CARTESIAN_POINT('Origin',(71.5557936461111,-52.216959785109,9.99985611024722));
#7754=CARTESIAN_POINT('Origin',(79.0557936461111,-47.216959785109,7.49985611024724));
#7755=CARTESIAN_POINT('',(76.5557936461111,-47.216959785109,13.9998561102472));
#7756=CARTESIAN_POINT('Origin',(79.0557936461111,-47.216959785109,11.4998561102472));
#7757=CARTESIAN_POINT('',(76.5557936461111,-47.216959785109,0.999856110247237));
#7758=CARTESIAN_POINT('',(76.5557936461111,-47.216959785109,7.49985611024724));
#7759=CARTESIAN_POINT('Origin',(79.0557936461111,-47.216959785109,3.49985611024725));
#7760=CARTESIAN_POINT('Origin',(76.5557936461111,-44.716959785109,14.9998561102472));
#7761=CARTESIAN_POINT('',(76.5557936461111,-58.716959785109,13.9998561102472));
#7762=CARTESIAN_POINT('',(76.5557936461111,-30.1095809228194,13.9998561102472));
#7763=CARTESIAN_POINT('',(76.5557936461111,-58.716959785109,0.999856110247237));
#7764=CARTESIAN_POINT('',(76.5557936461111,-58.716959785109,14.9998561102472));
#7765=CARTESIAN_POINT('',(76.5557936461111,-26.9384184852294,0.999856110247237));
#7766=CARTESIAN_POINT('',(76.5557936461111,-49.616959785109,9.99985611024724));
#7767=CARTESIAN_POINT('Origin',(76.5557936461111,-52.216959785109,9.99985611024724));
#7768=CARTESIAN_POINT('Origin',(51.5937936461111,25.3972054144096,-0.000143889752822582));
#7769=CARTESIAN_POINT('',(52.3009004272976,26.1043121955961,14.2927493290606));
#7770=CARTESIAN_POINT('',(52.5937936461111,25.3972054144096,13.9998561102472));
#7771=CARTESIAN_POINT('Origin',(51.5937936461111,25.3972054144096,14.9998561102472));
#7772=CARTESIAN_POINT('',(52.5937936461111,25.3972054144096,0.99985611024718));
#7773=CARTESIAN_POINT('',(52.5937936461111,25.3972054144096,-0.000143889752820259));
#7774=CARTESIAN_POINT('',(52.3009004272977,26.1043121955961,0.706962891433733));
#7775=CARTESIAN_POINT('Origin',(51.5937936461111,25.3972054144096,-0.000143889752822582));
#7776=CARTESIAN_POINT('',(51.5937936461111,26.3972054144096,0.999856110247178));
#7777=CARTESIAN_POINT('Origin',(51.5937936461111,25.3972054144096,-0.00014388975279118));
#7778=CARTESIAN_POINT('',(51.5937936461111,26.3972054144096,13.9998561102472));
#7779=CARTESIAN_POINT('',(51.5937936461111,26.3972054144096,-0.000143889752822582));
#7780=CARTESIAN_POINT('Origin',(51.5937936461111,25.3972054144096,14.9998561102472));
#7781=CARTESIAN_POINT('Origin',(41.1555585108465,25.8972054144096,14.4998561102472));
#7782=CARTESIAN_POINT('',(41.1555585108465,26.3972054144096,13.9998561102472));
#7783=CARTESIAN_POINT('',(45.9791597351101,24.7824276136557,15.6146339110011));
#7784=CARTESIAN_POINT('',(51.5937936461111,25.3972054144096,14.9998561102472));
#7785=CARTESIAN_POINT('Origin',(43.5937936461111,26.3972054144096,-0.000143889752841161));
#7786=CARTESIAN_POINT('',(47.5936497563582,26.3972054144096,0.999856110247168));
#7787=CARTESIAN_POINT('',(35.8437936461111,26.3972054144096,0.999856110247141));
#7788=CARTESIAN_POINT('',(46.0937576736729,26.3972054144096,-0.500035972438133));
#7789=CARTESIAN_POINT('Origin',(35.8437936461111,25.8972054144096,0.499856110247141));
#7790=CARTESIAN_POINT('',(46.1705112227618,19.97392299106,-5.42342631310218));
#7791=CARTESIAN_POINT('',(3.88668686492456,26.1043121955962,0.706962891433619));
#7792=CARTESIAN_POINT('',(12.265217196091,17.7257818644295,-7.67156743973278));
#7793=CARTESIAN_POINT('',(4.59379364611112,26.3972054144096,0.999856110247068));
#7794=CARTESIAN_POINT('Origin',(4.59379364611112,25.3972054144096,-0.000143889752896211));
#7795=CARTESIAN_POINT('',(8.59393753586405,26.3972054144096,0.999856110247076));
#7796=CARTESIAN_POINT('',(35.8437936461111,26.3972054144096,0.999856110247141));
#7797=CARTESIAN_POINT('',(9.59379364611111,25.3973493041625,1.11022302462516E-14));
#7798=CARTESIAN_POINT('',(14.0938655909875,20.897277359286,-4.50007194487636));
#7799=CARTESIAN_POINT('',(16.5937936461111,25.3973493041625,2.73962909581532E-14));
#7800=CARTESIAN_POINT('',(1.25762710577651,25.3973493041625,-9.15933995315754E-15));
#7801=CARTESIAN_POINT('',(17.5936497563582,26.3972054144096,0.999856110247098));
#7802=CARTESIAN_POINT('',(19.6770550345679,28.4806106926194,3.08326138845683));
#7803=CARTESIAN_POINT('',(38.593937535864,26.3972054144096,0.999856110247147));
#7804=CARTESIAN_POINT('',(35.8437936461111,26.3972054144096,0.999856110247141));
#7805=CARTESIAN_POINT('',(39.5937936461111,25.3973493041625,7.9658502016855E-14));
#7806=CARTESIAN_POINT('',(39.0938655909876,25.897277359286,0.499928055123599));
#7807=CARTESIAN_POINT('',(46.5937936461111,25.3973493041625,9.85953537666651E-14));
#7808=CARTESIAN_POINT('',(1.25762710577651,25.3973493041625,-2.22044604925031E-14));
#7809=CARTESIAN_POINT('',(45.0937217012347,23.897277359286,-1.50007194487632));
#7810=CARTESIAN_POINT('Origin',(75.5557936461111,-58.716959785109,14.9998561102472));
#7811=CARTESIAN_POINT('',(76.2629004272976,-59.4240665662956,14.2927493290607));
#7812=CARTESIAN_POINT('',(75.5557936461111,-59.716959785109,13.9998561102472));
#7813=CARTESIAN_POINT('Origin',(75.5557936461111,-58.716959785109,14.9998561102472));
#7814=CARTESIAN_POINT('',(75.5557936461111,-59.716959785109,0.999856110247234));
#7815=CARTESIAN_POINT('',(75.5557936461111,-59.716959785109,14.9998561102472));
#7816=CARTESIAN_POINT('',(76.2629004272977,-59.4240665662956,0.706962891433782));
#7817=CARTESIAN_POINT('Origin',(75.5557936461111,-58.716959785109,-0.000143889752768356));
#7818=CARTESIAN_POINT('Origin',(75.5557936461111,-58.716959785109,-0.000143889752768356));
#7819=CARTESIAN_POINT('Origin',(75.5557936461111,-58.716959785109,14.9998561102472));
#7820=CARTESIAN_POINT('Origin',(76.0557936461111,-26.9384184852294,0.499856110247235));
#7821=CARTESIAN_POINT('',(75.5557936461111,-58.716959785109,-0.000143889752766968));
#7822=CARTESIAN_POINT('Origin',(54.3247936461111,-59.216959785109,0.499856110247184));
#7823=CARTESIAN_POINT('',(72.5557936461111,-59.716959785109,0.999856110247227));
#7824=CARTESIAN_POINT('',(54.3247936461111,-59.716959785109,0.999856110247185));
#7825=CARTESIAN_POINT('',(71.8486868649246,-59.4240665662956,0.706962891433778));
#7826=CARTESIAN_POINT('Origin',(72.5557936461111,-58.716959785109,-0.000143889752777238));
#7827=CARTESIAN_POINT('',(72.5557936461111,-58.716959785109,-0.000143889752773895));
#7828=CARTESIAN_POINT('Origin',(72.5557936461111,-58.716959785109,14.9998561102472));
#7829=CARTESIAN_POINT('',(72.5557936461111,-59.716959785109,13.9998561102472));
#7830=CARTESIAN_POINT('',(72.5557936461111,-59.716959785109,14.9998561102472));
#7831=CARTESIAN_POINT('',(71.8486868649245,-59.4240665662956,14.2927493290607));
#7832=CARTESIAN_POINT('Origin',(72.5557936461111,-58.716959785109,14.9998561102472));
#7833=CARTESIAN_POINT('Origin',(72.5557936461111,-58.716959785109,14.9998561102472));
#7834=CARTESIAN_POINT('Origin',(72.5557936461111,-58.716959785109,-0.000143889752775017));
#7835=CARTESIAN_POINT('Origin',(72.0557936461111,-30.1095809228194,14.4998561102472));
#7836=CARTESIAN_POINT('',(72.5557936461111,-58.716959785109,14.9998561102472));
#7837=CARTESIAN_POINT('',(63.7988260685434,-52.4739273626767,6.24288853267951));
#7838=CARTESIAN_POINT('Origin',(59.6365585108465,-59.216959785109,14.4998561102472));
#7839=CARTESIAN_POINT('',(76.5557936461111,-59.716959785109,13.9998561102472));
#7840=CARTESIAN_POINT('',(59.6365585108465,-59.716959785109,13.9998561102472));
#7841=CARTESIAN_POINT('Origin',(49.5557936461111,-58.716959785109,14.9998561102472));
#7842=CARTESIAN_POINT('',(50.2629004272977,-59.4240665662955,0.706962891433724));
#7843=CARTESIAN_POINT('Origin',(49.5557936461111,-58.716959785109,-0.000143889752828308));
#7844=CARTESIAN_POINT('',(50.2629004272976,-59.4240665662955,14.2927493290606));
#7845=CARTESIAN_POINT('Origin',(49.5557936461111,-58.716959785109,14.9998561102472));
#7846=CARTESIAN_POINT('',(49.5557936461111,-59.716959785109,13.9998561102472));
#7847=CARTESIAN_POINT('Origin',(49.5557936461111,-58.716959785109,14.9998561102472));
#7848=CARTESIAN_POINT('',(49.5557936461111,-59.716959785109,0.999856110247173));
#7849=CARTESIAN_POINT('',(49.5557936461111,-59.716959785109,14.9998561102472));
#7850=CARTESIAN_POINT('Origin',(49.5557936461111,-58.716959785109,-0.000143889752823867));
#7851=CARTESIAN_POINT('Origin',(50.5557936461111,-59.716959785109,14.9998561102472));
#7852=CARTESIAN_POINT('',(46.5557936461111,-59.716959785109,13.9998561102472));
#7853=CARTESIAN_POINT('',(44.6365585108465,-59.716959785109,13.9998561102472));
#7854=CARTESIAN_POINT('',(46.5557936461111,-59.716959785109,0.999856110247166));
#7855=CARTESIAN_POINT('',(46.5557936461111,-59.716959785109,14.9998561102472));
#7856=CARTESIAN_POINT('',(39.3247936461111,-59.716959785109,0.999856110247149));
#7857=CARTESIAN_POINT('Origin',(44.6365585108465,-59.216959785109,14.4998561102472));
#7858=CARTESIAN_POINT('',(49.5557936461111,-58.716959785109,14.9998561102472));
#7859=CARTESIAN_POINT('',(45.8486868649245,-59.4240665662955,14.2927493290606));
#7860=CARTESIAN_POINT('',(45.5557936461111,-59.716959785109,13.9998561102472));
#7861=CARTESIAN_POINT('Origin',(46.5557936461111,-58.716959785109,14.9998561102472));
#7862=CARTESIAN_POINT('Origin',(50.0557936461111,-30.1095809228194,14.4998561102472));
#7863=CARTESIAN_POINT('',(40.7630331144469,-34.9241992534448,23.7926166419114));
#7864=CARTESIAN_POINT('Origin',(46.5557936461111,-58.716959785109,14.9998561102472));
#7865=CARTESIAN_POINT('',(45.8486868649246,-59.4240665662955,0.706962891433713));
#7866=CARTESIAN_POINT('Origin',(46.5557936461111,-58.716959785109,-0.000143889752834969));
#7867=CARTESIAN_POINT('Origin',(46.5557936461111,-58.716959785109,14.9998561102472));
#7868=CARTESIAN_POINT('Origin',(46.5557936461111,-58.716959785109,-0.000143889752834969));
#7869=CARTESIAN_POINT('Origin',(46.0557936461111,-29.4384184852293,0.499856110247165));
#7870=CARTESIAN_POINT('',(41.3587256640192,-48.9140277672009,5.19692409233906));
#7871=CARTESIAN_POINT('',(46.5557936461111,-58.716959785109,-0.000143889752834274));
#7872=CARTESIAN_POINT('Origin',(46.0557936461111,-32.6095809228194,14.4998561102472));
#7873=CARTESIAN_POINT('',(41.7154927352101,-48.55726069601,10.1595551993461));
#7874=CARTESIAN_POINT('Origin',(9.6317936461111,-58.716959785109,14.9998561102471));
#7875=CARTESIAN_POINT('',(10.3389004272976,-59.4240665662956,14.2927493290605));
#7876=CARTESIAN_POINT('',(9.6317936461111,-59.716959785109,13.9998561102471));
#7877=CARTESIAN_POINT('Origin',(9.6317936461111,-58.716959785109,14.9998561102471));
#7878=CARTESIAN_POINT('',(9.63179364611113,-59.716959785109,0.99985611024709));
#7879=CARTESIAN_POINT('',(9.6317936461111,-59.716959785109,14.9998561102471));
#7880=CARTESIAN_POINT('',(10.3389004272977,-59.4240665662956,0.70696289143364));
#7881=CARTESIAN_POINT('Origin',(9.63179364611113,-58.716959785109,-0.000143889752921567));
#7882=CARTESIAN_POINT('Origin',(9.63179364611113,-58.716959785109,-0.000143889752919346));
#7883=CARTESIAN_POINT('Origin',(9.6317936461111,-58.716959785109,14.9998561102471));
#7884=CARTESIAN_POINT('Origin',(10.1317936461111,-26.9384184852294,0.499856110247086));
#7885=CARTESIAN_POINT('',(9.63179364611113,-58.716959785109,-0.00014388975292004));
#7886=CARTESIAN_POINT('',(6.0792118973927,-40.1643780363905,-3.5527256384714));
#7887=CARTESIAN_POINT('Origin',(21.3627936461111,-59.216959785109,0.499856110247112));
#7888=CARTESIAN_POINT('',(6.63179364611113,-59.716959785109,0.999856110247083));
#7889=CARTESIAN_POINT('',(21.3627936461111,-59.716959785109,0.999856110247117));
#7890=CARTESIAN_POINT('',(5.92468686492458,-59.4240665662956,0.706962891433629));
#7891=CARTESIAN_POINT('Origin',(6.63179364611113,-58.716959785109,-0.000143889752928228));
#7892=CARTESIAN_POINT('',(6.63179364611113,-58.716959785109,-0.000143889752927051));
#7893=CARTESIAN_POINT('Origin',(6.6317936461111,-58.716959785109,14.9998561102471));
#7894=CARTESIAN_POINT('',(6.6317936461111,-59.716959785109,13.9998561102471));
#7895=CARTESIAN_POINT('',(6.6317936461111,-59.716959785109,14.9998561102471));
#7896=CARTESIAN_POINT('',(5.92468686492455,-59.4240665662956,14.2927493290605));
#7897=CARTESIAN_POINT('Origin',(6.6317936461111,-58.716959785109,14.9998561102471));
#7898=CARTESIAN_POINT('Origin',(6.6317936461111,-58.716959785109,14.9998561102471));
#7899=CARTESIAN_POINT('Origin',(6.63179364611113,-58.716959785109,-0.000143889752928228));
#7900=CARTESIAN_POINT('Origin',(6.1317936461111,-30.1095809228194,14.4998561102471));
#7901=CARTESIAN_POINT('',(6.6317936461111,-58.716959785109,14.9998561102471));
#7902=CARTESIAN_POINT('',(8.86215940187674,-41.4865940293434,17.2302218660127));
#7903=CARTESIAN_POINT('Origin',(26.6745585108465,-59.216959785109,14.4998561102471));
#7904=CARTESIAN_POINT('',(10.6317936461111,-59.716959785109,13.9998561102471));
#7905=CARTESIAN_POINT('',(26.6745585108465,-59.716959785109,13.9998561102471));
#7906=CARTESIAN_POINT('Origin',(-16.3682063538889,-58.716959785109,14.999856110247));
#7907=CARTESIAN_POINT('',(-15.6610995727023,-59.4240665662955,0.706962891433578));
#7908=CARTESIAN_POINT('Origin',(-16.3682063538889,-58.716959785109,-0.000143889752977078));
#7909=CARTESIAN_POINT('',(-15.6610995727024,-59.4240665662955,14.2927493290605));
#7910=CARTESIAN_POINT('Origin',(-16.3682063538889,-58.716959785109,14.999856110247));
#7911=CARTESIAN_POINT('',(-16.3682063538889,-59.716959785109,13.999856110247));
#7912=CARTESIAN_POINT('Origin',(-16.3682063538889,-58.716959785109,14.999856110247));
#7913=CARTESIAN_POINT('',(-16.3682063538889,-59.716959785109,0.99985611024703));
#7914=CARTESIAN_POINT('',(-16.3682063538889,-59.716959785109,14.999856110247));
#7915=CARTESIAN_POINT('Origin',(-16.3682063538889,-58.716959785109,-0.000143889752983739));
#7916=CARTESIAN_POINT('Origin',(-15.3682063538889,-59.716959785109,14.999856110247));
#7917=CARTESIAN_POINT('',(-19.3682063538889,-59.716959785109,13.999856110247));
#7918=CARTESIAN_POINT('',(11.6745585108465,-59.716959785109,13.9998561102471));
#7919=CARTESIAN_POINT('',(-19.3682063538889,-59.716959785109,0.999856110247023));
#7920=CARTESIAN_POINT('',(-19.3682063538889,-59.716959785109,14.999856110247));
#7921=CARTESIAN_POINT('',(6.36279364611112,-59.716959785109,0.999856110247083));
#7922=CARTESIAN_POINT('Origin',(11.6745585108465,-59.216959785109,14.4998561102471));
#7923=CARTESIAN_POINT('',(-16.3682063538889,-58.716959785109,14.999856110247));
#7924=CARTESIAN_POINT('',(-20.0753131350755,-59.4240665662955,14.2927493290605));
#7925=CARTESIAN_POINT('',(-20.3682063538889,-59.716959785109,13.999856110247));
#7926=CARTESIAN_POINT('Origin',(-19.3682063538889,-58.716959785109,14.999856110247));
#7927=CARTESIAN_POINT('Origin',(-15.8682063538889,-30.1095809228194,14.499856110247));
#7928=CARTESIAN_POINT('',(-14.1736335522197,-45.9115325867781,12.8052833085779));
#7929=CARTESIAN_POINT('Origin',(-19.3682063538889,-58.716959785109,14.999856110247));
#7930=CARTESIAN_POINT('',(-20.0753131350754,-59.4240665662955,0.706962891433567));
#7931=CARTESIAN_POINT('Origin',(-19.3682063538889,-58.716959785109,-0.0001438897529904));
#7932=CARTESIAN_POINT('Origin',(-19.3682063538889,-58.716959785109,14.999856110247));
#7933=CARTESIAN_POINT('Origin',(-19.3682063538889,-58.716959785109,-0.000143889752983739));
#7934=CARTESIAN_POINT('Origin',(-19.8682063538889,-29.4384184852293,0.499856110247016));
#7935=CARTESIAN_POINT('',(-13.5779410026475,-37.9266944338676,-5.7904092409944));
#7936=CARTESIAN_POINT('',(-19.3682063538889,-58.716959785109,-0.00014388975298743));
#7937=CARTESIAN_POINT('Origin',(-19.8682063538889,-32.6095809228194,14.499856110247));
#7938=CARTESIAN_POINT('Origin',(46.5937936461111,40.3972054144096,15.0000000000001));
#7939=CARTESIAN_POINT('',(47.3009004272977,41.1043121955961,0.707106781186633));
#7940=CARTESIAN_POINT('',(46.5937936461111,41.3972054144096,1.00000000000008));
#7941=CARTESIAN_POINT('Origin',(46.5937936461111,40.3972054144096,9.76996261670138E-14));
#7942=CARTESIAN_POINT('',(46.5937936461111,41.3972054144096,14.0000000000001));
#7943=CARTESIAN_POINT('',(46.5937936461111,41.3972054144096,15.0000000000001));
#7944=CARTESIAN_POINT('',(47.3009004272976,41.1043121955961,14.2928932188135));
#7945=CARTESIAN_POINT('Origin',(46.5937936461111,40.3972054144096,15.0000000000001));
#7946=CARTESIAN_POINT('Origin',(46.5937936461111,40.3972054144096,15.0000000000001));
#7947=CARTESIAN_POINT('Origin',(46.5937936461111,40.3972054144096,8.43769498715119E-14));
#7948=CARTESIAN_POINT('Origin',(2.63262710577647,40.8972054144096,14.5));
#7949=CARTESIAN_POINT('',(39.5937936461111,41.3972054144096,14.0000000000001));
#7950=CARTESIAN_POINT('',(2.63262710577647,41.3972054144096,14.));
#7951=CARTESIAN_POINT('',(38.8866868649245,41.1043121955961,14.2928932188135));
#7952=CARTESIAN_POINT('Origin',(39.5937936461111,40.3972054144096,15.0000000000001));
#7953=CARTESIAN_POINT('',(39.5937936461111,40.3972054144096,15.0000000000001));
#7954=CARTESIAN_POINT('',(39.5937936461111,40.3972054144096,15.0000000000001));
#7955=CARTESIAN_POINT('',(46.5937936461111,40.3972054144096,15.0000000000001));
#7956=CARTESIAN_POINT('',(2.63262710577647,40.3972054144096,15.));
#7957=CARTESIAN_POINT('',(37.058599222722,30.8620109910206,24.5351944233892));
#7958=CARTESIAN_POINT('Origin',(38.5937936461111,41.3972054144096,15.0000000000001));
#7959=CARTESIAN_POINT('',(39.5937936461111,41.3972054144096,1.00000000000007));
#7960=CARTESIAN_POINT('',(2.6326271057765,41.3972054144096,0.999999999999967));
#7961=CARTESIAN_POINT('',(39.5937936461111,41.3972054144096,15.0000000000001));
#7962=CARTESIAN_POINT('Origin',(2.6326271057765,40.8972054144096,0.499999999999967));
#7963=CARTESIAN_POINT('',(46.5937936461111,40.3972054144096,8.50783884418538E-14));
#7964=CARTESIAN_POINT('',(46.5937936461111,40.3972054144096,8.50783884418538E-14));
#7965=CARTESIAN_POINT('',(39.5937936461111,40.3972054144096,6.63913368725844E-14));
#7966=CARTESIAN_POINT('',(2.6326271057765,40.3972054144096,-3.20576898360514E-14));
#7967=CARTESIAN_POINT('',(38.8866868649246,41.1043121955961,0.707106781186608));
#7968=CARTESIAN_POINT('',(39.5937936461111,40.3972054144096,6.63913368725844E-14));
#7969=CARTESIAN_POINT('Origin',(39.5937936461111,40.3972054144096,7.7715611723761E-14));
#7970=CARTESIAN_POINT('Origin',(39.5937936461111,40.3972054144096,15.0000000000001));
#7971=CARTESIAN_POINT('Origin',(39.5937936461111,40.3972054144096,6.21724893790088E-14));
#7972=CARTESIAN_POINT('Origin',(39.5937936461111,40.3972054144096,15.0000000000001));
#7973=CARTESIAN_POINT('Origin',(39.0937936461111,22.6472054144096,0.500000000000081));
#7974=CARTESIAN_POINT('',(39.5937936461111,22.6472054144096,8.21565038222616E-14));
#7975=CARTESIAN_POINT('',(40.3438296185494,26.3972054144096,-0.75003597243815));
#7976=CARTESIAN_POINT('Origin',(4.59379364611112,25.3972054144096,-0.000143889752931734));
#7977=CARTESIAN_POINT('',(3.59379364611112,25.3972054144096,0.999856110247066));
#7978=CARTESIAN_POINT('Origin',(4.59379364611112,25.3972054144096,-0.000143889752937229));
#7979=CARTESIAN_POINT('',(3.59379364611109,25.3972054144096,13.9998561102471));
#7980=CARTESIAN_POINT('',(3.59379364611112,25.3972054144096,-0.000143889752934057));
#7981=CARTESIAN_POINT('',(3.88668686492452,26.1043121955961,14.2927493290605));
#7982=CARTESIAN_POINT('Origin',(4.59379364611109,25.3972054144096,14.9998561102471));
#7983=CARTESIAN_POINT('',(4.59379364611109,26.3972054144096,13.9998561102471));
#7984=CARTESIAN_POINT('Origin',(4.59379364611109,25.3972054144096,14.999856110247));
#7985=CARTESIAN_POINT('',(4.59379364611112,26.3972054144096,-0.000143889752931734));
#7986=CARTESIAN_POINT('Origin',(3.59379364611112,26.3972054144096,-0.000143889752934057));
#7987=CARTESIAN_POINT('',(3.59379364611112,8.61866411452995,0.999856110247066));
#7988=CARTESIAN_POINT('',(3.59379364611109,5.44750167693986,13.9998561102471));
#7989=CARTESIAN_POINT('Origin',(4.09379364611112,8.61866411452995,0.499856110247067));
#7990=CARTESIAN_POINT('Origin',(16.5937936461111,40.3972054144096,15.));
#7991=CARTESIAN_POINT('',(17.3009004272977,41.1043121955961,0.707106781186557));
#7992=CARTESIAN_POINT('',(16.5937936461111,41.3972054144096,1.00000000000001));
#7993=CARTESIAN_POINT('Origin',(16.5937936461111,40.3972054144096,2.88657986402541E-14));
#7994=CARTESIAN_POINT('',(16.5937936461111,41.3972054144096,14.));
#7995=CARTESIAN_POINT('',(16.5937936461111,41.3972054144096,15.));
#7996=CARTESIAN_POINT('',(17.3009004272976,41.1043121955962,14.2928932188135));
#7997=CARTESIAN_POINT('Origin',(16.5937936461111,40.3972054144096,15.));
#7998=CARTESIAN_POINT('Origin',(16.5937936461111,40.3972054144096,15.));
#7999=CARTESIAN_POINT('Origin',(16.5937936461111,40.3972054144096,8.88178419700125E-15));
#8000=CARTESIAN_POINT('Origin',(-12.3673728942235,40.8972054144096,14.4999999999999));
#8001=CARTESIAN_POINT('',(9.59379364611109,41.3972054144096,14.));
#8002=CARTESIAN_POINT('',(-12.3673728942235,41.3972054144096,13.9999999999999));
#8003=CARTESIAN_POINT('',(8.88668686492454,41.1043121955962,14.2928932188134));
#8004=CARTESIAN_POINT('Origin',(9.59379364611108,40.3972054144096,15.));
#8005=CARTESIAN_POINT('',(9.59379364611108,40.3972054144096,15.));
#8006=CARTESIAN_POINT('',(8.59379364611108,41.3972054144096,14.));
#8007=CARTESIAN_POINT('',(16.5937936461111,40.3972054144096,15.));
#8008=CARTESIAN_POINT('',(-12.3673728942235,40.3972054144096,14.9999999999999));
#8009=CARTESIAN_POINT('',(16.5937936461111,40.3972054144096,15.));
#8010=CARTESIAN_POINT('Origin',(8.59379364611108,41.3972054144096,15.));
#8011=CARTESIAN_POINT('',(9.59379364611112,41.3972054144096,0.999999999999996));
#8012=CARTESIAN_POINT('',(-12.3673728942235,41.3972054144096,0.999999999999943));
#8013=CARTESIAN_POINT('',(9.59379364611108,41.3972054144096,15.));
#8014=CARTESIAN_POINT('Origin',(-12.3673728942235,40.8972054144096,0.499999999999944));
#8015=CARTESIAN_POINT('',(16.5937936461111,40.3972054144096,1.39376692389193E-14));
#8016=CARTESIAN_POINT('',(16.5937936461111,40.3972054144096,1.39376692389193E-14));
#8017=CARTESIAN_POINT('',(9.59379364611112,40.3972054144096,-2.72036015126037E-15));
#8018=CARTESIAN_POINT('',(-12.3673728942235,40.3972054144096,-5.50948175970234E-14));
#8019=CARTESIAN_POINT('',(8.88668686492457,41.1043121955961,0.707106781186544));
#8020=CARTESIAN_POINT('',(9.59379364611112,40.3972054144096,-2.72036015126037E-15));
#8021=CARTESIAN_POINT('Origin',(9.59379364611112,40.3972054144096,1.33226762955019E-14));
#8022=CARTESIAN_POINT('Origin',(9.59379364611108,40.3972054144096,15.));
#8023=CARTESIAN_POINT('Origin',(9.59379364611112,40.3972054144096,-2.22044604925031E-15));
#8024=CARTESIAN_POINT('Origin',(9.59379364611108,40.3972054144096,15.));
#8025=CARTESIAN_POINT('Origin',(9.09379364611112,22.6472054144096,0.500000000000013));
#8026=CARTESIAN_POINT('',(9.59379364611112,22.6472054144096,1.33226762955019E-14));
#8027=CARTESIAN_POINT('',(17.8438296185494,26.3972054144096,-8.2500359724382));
#8028=CARTESIAN_POINT('Origin',(43.5937936461111,26.3972054144096,-0.000143889752841161));
#8029=CARTESIAN_POINT('',(41.1555585108465,26.3972054144096,13.9998561102472));
#8030=CARTESIAN_POINT('Origin',(52.0937936461111,6.60751087431332,0.499856110247179));
#8031=CARTESIAN_POINT('',(52.5937936461111,6.60751087431332,0.99985611024718));
#8032=CARTESIAN_POINT('',(51.5937936461111,23.1787465112697,-0.000143889752822618));
#8033=CARTESIAN_POINT('Origin',(73.6698999705311,-14.0581912759184,0.499856110247229));
#8034=CARTESIAN_POINT('Origin',(43.5937936461111,26.3972054144096,-0.000143889752841161));
#8035=CARTESIAN_POINT('',(41.1555585108465,26.3972054144096,13.9998561102472));
#8036=CARTESIAN_POINT('',(23.5937576736728,26.3972054144096,6.99996402756181));
#8037=CARTESIAN_POINT('Origin',(3.09484445368,-44.216959785109,0.499856110247065));
#8038=CARTESIAN_POINT('Origin',(6.36279364611112,-59.216959785109,0.499856110247077));
#8039=CARTESIAN_POINT('',(-16.3682063538889,-58.716959785109,-0.000143889752980408));
#8040=CARTESIAN_POINT('Origin',(-15.8682063538889,-26.9384184852293,0.499856110247025));
#8041=CARTESIAN_POINT('',(-15.587454769274,-44.4977113697239,0.780607694861891));
#8042=CARTESIAN_POINT('Origin',(3.09484445368,-44.216959785109,0.499856110247065));
#8043=CARTESIAN_POINT('',(3.09484445368,-44.716959785109,0.999856110247065));
#8044=CARTESIAN_POINT('',(8.50539233068588,-41.8433611005342,-1.87374257432768));
#8045=CARTESIAN_POINT('Origin',(6.13179364611113,-26.9384184852294,0.499856110247077));
#8046=CARTESIAN_POINT('Origin',(3.09484445368,-44.216959785109,0.499856110247065));
#8047=CARTESIAN_POINT('',(3.09484445368,-44.716959785109,0.999856110247065));
#8048=CARTESIAN_POINT('Origin',(39.3247936461111,-59.216959785109,0.499856110247149));
#8049=CARTESIAN_POINT('',(49.5557936461111,-58.716959785109,-0.000143889752827336));
#8050=CARTESIAN_POINT('Origin',(50.0557936461111,-26.9384184852293,0.499856110247174));
#8051=CARTESIAN_POINT('',(39.3492118973927,-33.5103780363906,-10.2067256384713));
#8052=CARTESIAN_POINT('Origin',(3.09484445368,-44.216959785109,0.499856110247065));
#8053=CARTESIAN_POINT('',(3.09484445368,-44.716959785109,0.999856110247065));
#8054=CARTESIAN_POINT('',(63.4420589973526,-52.8306944338675,9.11359075900578));
#8055=CARTESIAN_POINT('Origin',(72.0557936461111,-26.9384184852294,0.499856110247226));
#8056=CARTESIAN_POINT('Origin',(17.0937936461111,22.6472054144096,0.500000000000031));
#8057=CARTESIAN_POINT('',(16.5937936461111,22.6472054144096,2.99760216648792E-14));
#8058=CARTESIAN_POINT('Origin',(47.0937936461111,25.1472054144096,0.5000000000001));
#8059=CARTESIAN_POINT('',(46.5937936461111,25.1472054144096,9.86710713135608E-14));
#8060=CARTESIAN_POINT('Origin',(5.13164874750878,26.3972054144096,7.50007194487651));
#8061=CARTESIAN_POINT('',(16.5937936461111,26.3972054144096,15.));
#8062=CARTESIAN_POINT('',(21.5938116323302,26.3972054144096,9.9999820137809));
#8063=CARTESIAN_POINT('',(9.59379364611108,26.3972054144096,15.));
#8064=CARTESIAN_POINT('',(-14.0984453435247,26.3972054144096,15.));
#8065=CARTESIAN_POINT('',(12.0937756598919,26.3972054144096,17.4999820137809));
#8066=CARTESIAN_POINT('Origin',(-33.3285394345581,18.8972054144096,-8.5560422591535E-14));
#8067=CARTESIAN_POINT('Origin',(-33.3285394345582,18.8972054144096,14.9999999999999));
#8068=CARTESIAN_POINT('',(9.59379364611108,22.6472054144096,15.));
#8069=CARTESIAN_POINT('',(16.5937936461111,22.6472054144096,15.));
#8070=CARTESIAN_POINT('Origin',(43.5937936461111,33.8972054144096,10.0000000000001));
#8071=CARTESIAN_POINT('',(43.5937936461111,31.2972054144096,10.0000000000001));
#8072=CARTESIAN_POINT('Origin',(5.13164874750878,26.3972054144096,7.50007194487651));
#8073=CARTESIAN_POINT('',(46.5937936461111,26.3972054144096,15.0000000000001));
#8074=CARTESIAN_POINT('',(44.0938116323302,26.3972054144096,17.4999820137809));
#8075=CARTESIAN_POINT('',(39.5937936461111,26.3972054144096,15.0000000000001));
#8076=CARTESIAN_POINT('',(-14.0984453435247,26.3972054144096,15.));
#8077=CARTESIAN_POINT('',(34.593775659892,26.3972054144096,9.99998201378095));
#8078=CARTESIAN_POINT('Origin',(43.5937936461111,33.8972054144096,10.0000000000001));
#8079=CARTESIAN_POINT('',(43.5937936461111,31.2972054144096,10.0000000000001));
#8080=CARTESIAN_POINT('Origin',(-33.3285394345582,18.8972054144096,14.9999999999999));
#8081=CARTESIAN_POINT('',(46.5937936461111,25.1472054144096,15.0000000000001));
#8082=CARTESIAN_POINT('',(39.5937936461111,22.6472054144096,15.0000000000001));
#8083=CARTESIAN_POINT('Origin',(-33.3285394345581,18.8972054144096,-1.08801856413265E-13));
#8084=CARTESIAN_POINT('Origin',(47.0937936461111,25.1472054144096,14.5000000000001));
#8085=CARTESIAN_POINT('Origin',(39.0937936461111,22.6472054144096,14.5000000000001));
#8086=CARTESIAN_POINT('',(39.9790158453572,25.0118393254105,15.3852221992462));
#8087=CARTESIAN_POINT('Origin',(9.09379364611108,22.6472054144096,14.5));
#8088=CARTESIAN_POINT('',(14.9790158453569,20.0118393254104,20.3852221992459));
#8089=CARTESIAN_POINT('Origin',(17.0937936461111,22.6472054144096,14.5));
#8090=CARTESIAN_POINT('',(20.5624930684434,29.365760946989,11.0313005776677));
#8091=CARTESIAN_POINT('Origin',(41.1555585108465,25.8972054144095,14.4998561102472));
#8092=CARTESIAN_POINT('',(3.59379364611108,26.3972054144096,13.9998561102471));
#8093=CARTESIAN_POINT('Origin',(8.40660931841539,-44.216959785109,14.4998561102471));
#8094=CARTESIAN_POINT('',(8.40660931841539,-44.716959785109,13.9998561102471));
#8095=CARTESIAN_POINT('Origin',(8.40660931841539,-44.216959785109,14.4998561102471));
#8096=CARTESIAN_POINT('',(8.40660931841539,-44.716959785109,13.9998561102471));
#8097=CARTESIAN_POINT('',(7.49303311444687,-41.5781992534448,17.1386166419113));
#8098=CARTESIAN_POINT('Origin',(8.40660931841539,-44.216959785109,14.4998561102471));
#8099=CARTESIAN_POINT('',(8.40660931841539,-44.716959785109,13.9998561102471));
#8100=CARTESIAN_POINT('Origin',(52.0937936461111,3.43634843672323,14.4998561102472));
#8101=CARTESIAN_POINT('',(52.5937936461111,3.43634843672323,13.9998561102472));
#8102=CARTESIAN_POINT('Origin',(76.0557936461111,-30.1095809228194,14.4998561102472));
#8103=CARTESIAN_POINT('Origin',(10.1317936461111,-30.1095809228194,14.4998561102471));
#8104=CARTESIAN_POINT('Origin',(4.09379364611109,5.44750167693986,14.4998561102471));
#8105=CARTESIAN_POINT('Origin',(41.1555585108465,25.8972054144096,14.4998561102472));
#8106=CARTESIAN_POINT('Origin',(80.5557936461111,-59.716959785109,14.9998561102472));
#8107=CARTESIAN_POINT('Origin',(45.5557936461111,-52.216959785109,9.99985611024716));
#8108=CARTESIAN_POINT('',(45.5557936461111,-49.616959785109,9.99985611024716));
#8109=CARTESIAN_POINT('Origin',(-21.9041047387511,-44.716959785109,-0.000143889752993273));
#8110=CARTESIAN_POINT('Origin',(45.5557936461111,-52.216959785109,9.99985611024716));
#8111=CARTESIAN_POINT('',(45.5557936461111,-49.616959785109,9.99985611024716));
#8112=CARTESIAN_POINT('Origin',(-21.9041047387511,-44.716959785109,-0.000143889752993273));
#8113=CARTESIAN_POINT('Origin',(14.6317936461111,-59.716959785109,14.9998561102471));
#8114=CARTESIAN_POINT('Origin',(-20.3682063538889,-52.216959785109,9.99985611024702));
#8115=CARTESIAN_POINT('',(-20.3682063538889,-49.616959785109,9.99985611024702));
#8116=CARTESIAN_POINT('Origin',(-21.9041047387511,-44.716959785109,-0.000143889752993273));
#8117=CARTESIAN_POINT('Origin',(-20.3682063538889,-52.216959785109,9.99985611024702));
#8118=CARTESIAN_POINT('',(-20.3682063538889,-49.616959785109,9.99985611024702));
#8119=CARTESIAN_POINT('Origin',(58.5732823114474,-18.5874784625982,-0.000143889752806373));
#8120=CARTESIAN_POINT('Origin',(52.5937936461111,22.3748989339763,-0.000143889752820259));
#8121=CARTESIAN_POINT('Origin',(39.1503360774741,-15.2522020605299,2.42985611024716));
#8122=CARTESIAN_POINT('Origin',(28.1597629184678,-18.4158570779042,2.42985611024714));
#8123=CARTESIAN_POINT('Origin',(28.1597629184678,-18.4158570779042,2.42985611024714));
#8124=CARTESIAN_POINT('Origin',(-0.534873124079764,-15.4669601725395,9.99985611024706));
#8125=CARTESIAN_POINT('',(0.0484602092535669,-15.4669601725395,9.99985611024706));
#8126=CARTESIAN_POINT('Origin',(-0.534873124079764,-15.4669601725395,9.99985611024706));
#8127=CARTESIAN_POINT('Origin',(-0.534873124079778,-15.4669601725395,14.9998561102471));
#8128=CARTESIAN_POINT('',(0.0484602092535535,-15.4669601725395,14.9998561102471));
#8129=CARTESIAN_POINT('Origin',(-9.20153969388882,-39.3002931184425,9.99985611024704));
#8130=CARTESIAN_POINT('',(-8.61820636055549,-39.3002931184425,9.99985611024704));
#8131=CARTESIAN_POINT('Origin',(-9.20153969388882,-39.3002931184425,9.99985611024704));
#8132=CARTESIAN_POINT('Origin',(-9.20153969388883,-39.3002931184425,14.999856110247));
#8133=CARTESIAN_POINT('',(-8.6182063605555,-39.3002931184425,14.999856110247));
#8134=CARTESIAN_POINT('Origin',(-7.4682063605555,-34.3169597851092,14.999856110247));
#8135=CARTESIAN_POINT('Origin',(-2.26820636055555,-20.4502935058728,14.9998561102471));
#8136=CARTESIAN_POINT('Origin',(56.7224603061112,-39.3002931184424,9.99985611024719));
#8137=CARTESIAN_POINT('',(57.3057936394446,-39.3002931184424,9.99985611024719));
#8138=CARTESIAN_POINT('Origin',(56.7224603061112,-39.3002931184424,9.99985611024719));
#8139=CARTESIAN_POINT('Origin',(56.7224603061112,-39.3002931184424,14.9998561102472));
#8140=CARTESIAN_POINT('',(57.3057936394445,-39.3002931184424,14.9998561102472));
#8141=CARTESIAN_POINT('Origin',(65.3891268759203,-15.4669601725395,9.99985611024721));
#8142=CARTESIAN_POINT('',(65.9724602092536,-15.4669601725395,9.99985611024721));
#8143=CARTESIAN_POINT('Origin',(65.3891268759203,-15.4669601725395,9.99985611024721));
#8144=CARTESIAN_POINT('Origin',(65.3891268759203,-15.4669601725395,14.9998561102472));
#8145=CARTESIAN_POINT('',(65.9724602092536,-15.4669601725395,14.9998561102472));
#8146=CARTESIAN_POINT('Origin',(63.6557936394445,-20.4502935058728,14.9998561102472));
#8147=CARTESIAN_POINT('Origin',(58.4557936394445,-34.3169597851091,14.9998561102472));
#8148=CARTESIAN_POINT('Origin',(23.7604603794444,-2.85279419815991,9.99985611024711));
#8149=CARTESIAN_POINT('',(24.3437937127778,-2.85279419815991,9.99985611024711));
#8150=CARTESIAN_POINT('Origin',(23.7604603794444,-2.85279419815991,9.99985611024711));
#8151=CARTESIAN_POINT('Origin',(23.7604603794444,-2.85279419815991,14.9998561102471));
#8152=CARTESIAN_POINT('',(24.3437937127778,-2.85279419815991,14.9998561102471));
#8153=CARTESIAN_POINT('Origin',(32.4271269492535,20.980538747743,9.99985611024713));
#8154=CARTESIAN_POINT('',(33.0104602825868,20.980538747743,9.99985611024713));
#8155=CARTESIAN_POINT('Origin',(32.4271269492535,20.980538747743,9.99985611024713));
#8156=CARTESIAN_POINT('Origin',(32.4271269492535,20.980538747743,14.9998561102471));
#8157=CARTESIAN_POINT('',(33.0104602825868,20.980538747743,14.9998561102471));
#8158=CARTESIAN_POINT('Origin',(30.6937937127777,15.9972054144097,14.9998561102471));
#8159=CARTESIAN_POINT('Origin',(25.4937937127778,2.13053913517337,14.9998561102471));
#8160=CARTESIAN_POINT('Origin',(56.7224603061112,-39.3002931184424,4.99985611024719));
#8161=CARTESIAN_POINT('',(56.1391269727779,-39.3002931184424,4.99985611024719));
#8162=CARTESIAN_POINT('Origin',(56.7224603061112,-39.3002931184424,4.99985611024719));
#8163=CARTESIAN_POINT('Origin',(56.7224603061112,-39.3002931184424,-0.000143889752810671));
#8164=CARTESIAN_POINT('',(56.1391269727779,-39.3002931184424,-0.000143889752812026));
#8165=CARTESIAN_POINT('Origin',(-9.20153969388889,-39.3002931184424,4.99985611024704));
#8166=CARTESIAN_POINT('',(-9.78487302722221,-39.3002931184424,4.99985611024703));
#8167=CARTESIAN_POINT('Origin',(-9.20153969388889,-39.3002931184424,4.99985611024704));
#8168=CARTESIAN_POINT('Origin',(-9.20153969388887,-39.3002931184424,-0.000143889752963772));
#8169=CARTESIAN_POINT('',(-9.7848730272222,-39.3002931184424,-0.000143889752965127));
#8170=CARTESIAN_POINT('Origin',(23.7604603794445,-2.85279419815997,4.99985611024711));
#8171=CARTESIAN_POINT('',(23.1771270461111,-2.85279419815997,4.99985611024711));
#8172=CARTESIAN_POINT('Origin',(23.7604603794445,-2.85279419815997,4.99985611024711));
#8173=CARTESIAN_POINT('Origin',(23.7604603794445,-2.85279419815997,-0.000143889752887222));
#8174=CARTESIAN_POINT('',(23.1771270461112,-2.85279419815997,-0.000143889752888576));
#8175=CARTESIAN_POINT('Origin',(65.3891268759203,-15.4669601725395,4.99985611024721));
#8176=CARTESIAN_POINT('',(64.805793542587,-15.4669601725395,4.99985611024721));
#8177=CARTESIAN_POINT('Origin',(65.3891268759203,-15.4669601725395,4.99985611024721));
#8178=CARTESIAN_POINT('Origin',(65.3891268759203,-15.4669601725395,-0.000143889752790544));
#8179=CARTESIAN_POINT('',(64.805793542587,-15.4669601725395,-0.000143889752791898));
#8180=CARTESIAN_POINT('Origin',(-0.53487312407984,-15.4669601725395,4.99985611024706));
#8181=CARTESIAN_POINT('',(-1.11820645741316,-15.4669601725395,4.99985611024706));
#8182=CARTESIAN_POINT('Origin',(-0.53487312407984,-15.4669601725395,4.99985611024706));
#8183=CARTESIAN_POINT('Origin',(-0.534873124079827,-15.4669601725395,-0.000143889752943645));
#8184=CARTESIAN_POINT('',(-1.11820645741315,-15.4669601725395,-0.000143889752945));
#8185=CARTESIAN_POINT('Origin',(32.4271269492535,20.9805387477429,4.99985611024713));
#8186=CARTESIAN_POINT('',(31.8437936159202,20.9805387477429,4.99985611024713));
#8187=CARTESIAN_POINT('Origin',(32.4271269492535,20.9805387477429,4.99985611024713));
#8188=CARTESIAN_POINT('Origin',(32.4271269492535,20.9805387477429,-0.000143889752867094));
#8189=CARTESIAN_POINT('',(31.8437936159202,20.9805387477429,-0.000143889752868449));
#8190=UNCERTAINTY_MEASURE_WITH_UNIT(LENGTH_MEASURE(0.01),#8194,
'DISTANCE_ACCURACY_VALUE',
'Maximum model space distance between geometric entities at asserted c
onnectivities');
#8191=UNCERTAINTY_MEASURE_WITH_UNIT(LENGTH_MEASURE(0.01),#8194,
'DISTANCE_ACCURACY_VALUE',
'Maximum model space distance between geometric entities at asserted c
onnectivities');
#8192=(
GEOMETRIC_REPRESENTATION_CONTEXT(3)
GLOBAL_UNCERTAINTY_ASSIGNED_CONTEXT((#8190))
GLOBAL_UNIT_ASSIGNED_CONTEXT((#8194,#8196,#8197))
REPRESENTATION_CONTEXT('','3D')
);
#8193=(
GEOMETRIC_REPRESENTATION_CONTEXT(3)
GLOBAL_UNCERTAINTY_ASSIGNED_CONTEXT((#8191))
GLOBAL_UNIT_ASSIGNED_CONTEXT((#8194,#8196,#8197))
REPRESENTATION_CONTEXT('','3D')
);
#8194=(
LENGTH_UNIT()
NAMED_UNIT(*)
SI_UNIT(.MILLI.,.METRE.)
);
#8195=(
LENGTH_UNIT()
NAMED_UNIT(*)
SI_UNIT($,.METRE.)
);
#8196=(
NAMED_UNIT(*)
PLANE_ANGLE_UNIT()
SI_UNIT($,.RADIAN.)
);
#8197=(
NAMED_UNIT(*)
SI_UNIT($,.STERADIAN.)
SOLID_ANGLE_UNIT()
);
#8198=SHAPE_DEFINITION_REPRESENTATION(#8199,#8200);
#8199=PRODUCT_DEFINITION_SHAPE('',$,#8202);
#8200=SHAPE_REPRESENTATION('',(#4838),#8192);
#8201=PRODUCT_DEFINITION_CONTEXT('part definition',#8206,'design');
#8202=PRODUCT_DEFINITION('2026-06-20-17-10-33-512','FusionComponent',#8203,
#8201);
#8203=PRODUCT_DEFINITION_FORMATION('',$,#8208);
#8204=PRODUCT_RELATED_PRODUCT_CATEGORY('FusionComponent',
'FusionComponent',(#8208));
#8205=APPLICATION_PROTOCOL_DEFINITION('international standard',
'automotive_design',2009,#8206);
#8206=APPLICATION_CONTEXT(
'Core Data for Automotive Mechanical Design Process');
#8207=PRODUCT_CONTEXT('part definition',#8206,'mechanical');
#8208=PRODUCT('2026-06-20-17-10-33-512','FusionComponent',$,(#8207));
#8209=PRESENTATION_STYLE_ASSIGNMENT((#8210));
#8210=SURFACE_STYLE_USAGE(.BOTH.,#8211);
#8211=SURFACE_SIDE_STYLE('',(#8212));
#8212=SURFACE_STYLE_FILL_AREA(#8213);
#8213=FILL_AREA_STYLE('Steel - Satin',(#8214));
#8214=FILL_AREA_STYLE_COLOUR('Steel - Satin',#8215);
#8215=COLOUR_RGB('Steel - Satin',0.627450980392157,0.627450980392157,0.627450980392157);
ENDSEC;
END-ISO-10303-21;
