ISO-10303-21;
HEADER;
/* Generated by software containing ST-Developer
 * from STEP Tools, Inc. (www.steptools.com) 
 */

FILE_DESCRIPTION(
/* description */ (''),
/* implementation_level */ '2;1');

FILE_NAME(
/* name */ 'Pi Stack Casing x1.step',
/* time_stamp */ '2026-06-20T12:28:24-05:00',
/* author */ (''),
/* organization */ (''),
/* preprocessor_version */ 'ST-DEVELOPER v20.1',
/* originating_system */ 'Autodesk Translation Framework v15.8.0.0',
/* authorisation */ '');

FILE_SCHEMA (('AUTOMOTIVE_DESIGN { 1 0 10303 214 3 1 1 }'));
ENDSEC;

DATA;
#10=MECHANICAL_DESIGN_GEOMETRIC_PRESENTATION_REPRESENTATION('',(#13),#6593);
#11=SHAPE_REPRESENTATION_RELATIONSHIP('SRR','None',#6600,#12);
#12=ADVANCED_BREP_SHAPE_REPRESENTATION('',(#14),#6592);
#13=STYLED_ITEM('',(#6609),#14);
#14=MANIFOLD_SOLID_BREP('RPI5 Wall Mount v2',#3294);
#15=B_SPLINE_SURFACE_WITH_KNOTS('',3,3,((#4838,#4839,#4840,#4841,#4842,
#4843,#4844,#4845,#4846,#4847),(#4848,#4849,#4850,#4851,#4852,#4853,#4854,
#4855,#4856,#4857),(#4858,#4859,#4860,#4861,#4862,#4863,#4864,#4865,#4866,
#4867),(#4868,#4869,#4870,#4871,#4872,#4873,#4874,#4875,#4876,#4877)),
 .UNSPECIFIED.,.F.,.F.,.F.,(4,4),(4,1,1,1,1,1,1,4),(0.,1.),(-1.39005537979294,
-1.31755040113572,-1.2450454224785,-1.17254044382128,-1.10003546516407,
-1.02753048650685,-0.955025507849631,-0.882520529192414),.UNSPECIFIED.);
#16=B_SPLINE_SURFACE_WITH_KNOTS('',3,3,((#4969,#4970,#4971,#4972,#4973,
#4974,#4975,#4976,#4977,#4978,#4979,#4980,#4981,#4982),(#4983,#4984,#4985,
#4986,#4987,#4988,#4989,#4990,#4991,#4992,#4993,#4994,#4995,#4996),(#4997,
#4998,#4999,#5000,#5001,#5002,#5003,#5004,#5005,#5006,#5007,#5008,#5009,
#5010),(#5011,#5012,#5013,#5014,#5015,#5016,#5017,#5018,#5019,#5020,#5021,
#5022,#5023,#5024)),.UNSPECIFIED.,.F.,.F.,.F.,(4,4),(4,1,1,1,1,1,1,1,1,
1,1,4),(0.,1.),(-1.26854217897362,-1.21417608277674,-1.19605405071111,-1.1235659224486,
-1.05107779418608,-1.01483373005483,-0.978589665923572,-0.960467633857945,
-0.942345601792317,-0.906101537661061,-0.833613409398549,-0.761125281136037),
 .UNSPECIFIED.);
#17=B_SPLINE_SURFACE_WITH_KNOTS('',3,3,((#5068,#5069,#5070,#5071,#5072,
#5073,#5074,#5075,#5076,#5077),(#5078,#5079,#5080,#5081,#5082,#5083,#5084,
#5085,#5086,#5087),(#5088,#5089,#5090,#5091,#5092,#5093,#5094,#5095,#5096,
#5097),(#5098,#5099,#5100,#5101,#5102,#5103,#5104,#5105,#5106,#5107)),
 .UNSPECIFIED.,.F.,.F.,.F.,(4,4),(4,1,1,1,1,1,1,4),(0.,1.),(-1.39005537979287,
-1.31755040113565,-1.24504542247844,-1.17254044382123,-1.10003546516401,
-1.0275304865068,-0.955025507849584,-0.88252052919237),.UNSPECIFIED.);
#18=B_SPLINE_SURFACE_WITH_KNOTS('',3,3,((#5199,#5200,#5201,#5202,#5203,
#5204,#5205,#5206,#5207,#5208,#5209,#5210,#5211,#5212,#5213,#5214),(#5215,
#5216,#5217,#5218,#5219,#5220,#5221,#5222,#5223,#5224,#5225,#5226,#5227,
#5228,#5229,#5230),(#5231,#5232,#5233,#5234,#5235,#5236,#5237,#5238,#5239,
#5240,#5241,#5242,#5243,#5244,#5245,#5246),(#5247,#5248,#5249,#5250,#5251,
#5252,#5253,#5254,#5255,#5256,#5257,#5258,#5259,#5260,#5261,#5262)),
 .UNSPECIFIED.,.F.,.F.,.F.,(4,4),(4,1,1,1,1,1,1,1,1,1,1,1,1,4),(0.,1.),
(-1.26854217897356,-1.19605405071105,-1.1598099865798,-1.12356592244854,
-1.08732185831729,-1.05107779418604,-1.01483373005478,-0.978589665923527,
-0.906101537661019,-0.869857473529765,-0.833613409398511,-0.815491377332884,
-0.779247313201629,-0.761125281136002),.UNSPECIFIED.);
#19=B_SPLINE_SURFACE_WITH_KNOTS('',3,3,((#5463,#5464,#5465,#5466,#5467,
#5468,#5469,#5470,#5471,#5472,#5473,#5474),(#5475,#5476,#5477,#5478,#5479,
#5480,#5481,#5482,#5483,#5484,#5485,#5486),(#5487,#5488,#5489,#5490,#5491,
#5492,#5493,#5494,#5495,#5496,#5497,#5498),(#5499,#5500,#5501,#5502,#5503,
#5504,#5505,#5506,#5507,#5508,#5509,#5510)),.UNSPECIFIED.,.F.,.F.,.F.,(4,
4),(4,1,1,1,1,1,1,1,1,4),(0.,1.),(-1.56200715958662,-1.44782126719505,-1.42641141237163,
-1.41927479409716,-1.40500155754822,-1.39072832099927,-1.37645508445032,
-1.36931846617585,-1.36575015703861,-1.36218184790138),.UNSPECIFIED.);
#20=B_SPLINE_SURFACE_WITH_KNOTS('',3,3,((#5531,#5532,#5533,#5534,#5535,
#5536,#5537,#5538,#5539,#5540,#5541,#5542),(#5543,#5544,#5545,#5546,#5547,
#5548,#5549,#5550,#5551,#5552,#5553,#5554),(#5555,#5556,#5557,#5558,#5559,
#5560,#5561,#5562,#5563,#5564,#5565,#5566),(#5567,#5568,#5569,#5570,#5571,
#5572,#5573,#5574,#5575,#5576,#5577,#5578)),.UNSPECIFIED.,.F.,.F.,.F.,(4,
4),(4,1,1,1,1,1,1,1,1,4),(0.,1.),(-1.13698871850252,-1.12985358891478,-1.12271845932705,
-1.10844820015158,-1.09417794097611,-1.07990768180064,-1.06563742262518,
-1.05136716344971,-1.02282664509877,-0.937205090045961),.UNSPECIFIED.);
#21=B_SPLINE_SURFACE_WITH_KNOTS('',3,3,((#5608,#5609,#5610,#5611,#5612,
#5613,#5614,#5615,#5616,#5617,#5618,#5619,#5620,#5621,#5622),(#5623,#5624,
#5625,#5626,#5627,#5628,#5629,#5630,#5631,#5632,#5633,#5634,#5635,#5636,
#5637),(#5638,#5639,#5640,#5641,#5642,#5643,#5644,#5645,#5646,#5647,#5648,
#5649,#5650,#5651,#5652),(#5653,#5654,#5655,#5656,#5657,#5658,#5659,#5660,
#5661,#5662,#5663,#5664,#5665,#5666,#5667)),.UNSPECIFIED.,.F.,.F.,.F.,(4,
4),(4,1,1,1,1,1,1,1,1,1,1,1,4),(0.,1.),(-1.41433685944929,-1.340527818815,
-1.30362329849786,-1.19290973754644,-1.18829667250679,-1.18368360746715,
-1.17445747738787,-1.15600521722929,-1.11910069691215,-1.08219617659501,
-1.04529165627787,-0.971482615643584,-0.897673575009301),.UNSPECIFIED.);
#22=B_SPLINE_SURFACE_WITH_KNOTS('',3,3,((#5758,#5759,#5760,#5761,#5762,
#5763,#5764,#5765,#5766,#5767),(#5768,#5769,#5770,#5771,#5772,#5773,#5774,
#5775,#5776,#5777),(#5778,#5779,#5780,#5781,#5782,#5783,#5784,#5785,#5786,
#5787),(#5788,#5789,#5790,#5791,#5792,#5793,#5794,#5795,#5796,#5797)),
 .UNSPECIFIED.,.F.,.F.,.F.,(4,4),(4,1,1,1,1,1,1,4),(0.,1.),(-1.29132829693464,
-1.21753713473437,-1.1437459725341,-1.06995481033383,-0.996163648133564,
-0.922372485933294,-0.848581323733024,-0.774790161532754),.UNSPECIFIED.);
#23=B_SPLINE_SURFACE_WITH_KNOTS('',3,1,((#6452,#6453),(#6454,#6455),(#6456,
#6457),(#6458,#6459),(#6460,#6461),(#6462,#6463),(#6464,#6465),(#6466,#6467),
(#6468,#6469),(#6470,#6471),(#6472,#6473),(#6474,#6475)),.UNSPECIFIED.,
 .F.,.F.,.F.,(4,2,2,2,2,4),(2,2),(0.,0.0573535308419587,0.112663695482981,
0.165929703751087,0.202672390682789,0.238382825229035),(0.,0.728),
 .UNSPECIFIED.);
#24=B_SPLINE_SURFACE_WITH_KNOTS('',3,1,((#6504,#6505),(#6506,#6507),(#6508,
#6509),(#6510,#6511),(#6512,#6513),(#6514,#6515),(#6516,#6517),(#6518,#6519),
(#6520,#6521),(#6522,#6523),(#6524,#6525),(#6526,#6527)),.UNSPECIFIED.,
 .F.,.F.,.F.,(4,2,2,2,2,4),(2,2),(0.,0.0501110231620932,0.102261479702394,
0.156450478837905,0.196475761150173,0.237536628583357),(0.,0.728),
 .UNSPECIFIED.);
#25=CYLINDRICAL_SURFACE('',#3335,3.);
#26=CYLINDRICAL_SURFACE('',#3341,3.);
#27=CYLINDRICAL_SURFACE('',#3352,3.);
#28=CYLINDRICAL_SURFACE('',#3358,3.);
#29=CYLINDRICAL_SURFACE('',#3374,4.5);
#30=CYLINDRICAL_SURFACE('',#3378,4.5);
#31=CYLINDRICAL_SURFACE('',#3382,2.5);
#32=CYLINDRICAL_SURFACE('',#3384,3.68384122649486);
#33=CYLINDRICAL_SURFACE('',#3385,3.68225377848163);
#34=CYLINDRICAL_SURFACE('',#3387,7.49999999999998);
#35=CYLINDRICAL_SURFACE('',#3389,2.5);
#36=CYLINDRICAL_SURFACE('',#3390,7.49999999999998);
#37=CYLINDRICAL_SURFACE('',#3392,3.00000000000001);
#38=CYLINDRICAL_SURFACE('',#3393,3.);
#39=CYLINDRICAL_SURFACE('',#3397,5.5);
#40=CYLINDRICAL_SURFACE('',#3399,5.);
#41=CYLINDRICAL_SURFACE('',#3405,7.00000000000003);
#42=CYLINDRICAL_SURFACE('',#3406,7.00000000000003);
#43=CYLINDRICAL_SURFACE('',#3409,6.99999999999999);
#44=CYLINDRICAL_SURFACE('',#3410,6.99999999999999);
#45=CYLINDRICAL_SURFACE('',#3415,7.68260503553998);
#46=CYLINDRICAL_SURFACE('',#3417,7.73006350796252);
#47=CYLINDRICAL_SURFACE('',#3418,7.73006350796252);
#48=CYLINDRICAL_SURFACE('',#3420,1.4);
#49=CYLINDRICAL_SURFACE('',#3421,1.4);
#50=CYLINDRICAL_SURFACE('',#3425,1.4);
#51=CYLINDRICAL_SURFACE('',#3435,1.00000000000005);
#52=CYLINDRICAL_SURFACE('',#3438,1.5);
#53=CYLINDRICAL_SURFACE('',#3461,1.50000000000001);
#54=CYLINDRICAL_SURFACE('',#3463,7.68260503553998);
#55=CYLINDRICAL_SURFACE('',#3464,3.5);
#56=CYLINDRICAL_SURFACE('',#3467,3.49999999999999);
#57=CYLINDRICAL_SURFACE('',#3479,1.50000000000001);
#58=CYLINDRICAL_SURFACE('',#3487,1.50000000000001);
#59=CYLINDRICAL_SURFACE('',#3491,3.50000000000001);
#60=CYLINDRICAL_SURFACE('',#3493,0.999999999999988);
#61=CYLINDRICAL_SURFACE('',#3495,0.999999999999988);
#62=CYLINDRICAL_SURFACE('',#3501,3.50000000000003);
#63=CYLINDRICAL_SURFACE('',#3513,4.86410218385154);
#64=CYLINDRICAL_SURFACE('',#3518,2.74999999999999);
#65=CYLINDRICAL_SURFACE('',#3520,2.75);
#66=CYLINDRICAL_SURFACE('',#3525,4.90000000000001);
#67=CYLINDRICAL_SURFACE('',#3541,5.);
#68=CYLINDRICAL_SURFACE('',#3542,5.00000000000001);
#69=CYLINDRICAL_SURFACE('',#3545,4.9);
#70=CYLINDRICAL_SURFACE('',#3554,1.5);
#71=CYLINDRICAL_SURFACE('',#3556,1.5);
#72=CYLINDRICAL_SURFACE('',#3558,1.2645);
#73=CYLINDRICAL_SURFACE('',#3560,1.5);
#74=CYLINDRICAL_SURFACE('',#3562,1.5);
#75=CYLINDRICAL_SURFACE('',#3565,5.00000000000001);
#76=CYLINDRICAL_SURFACE('',#3566,2.9);
#77=CYLINDRICAL_SURFACE('',#3569,2.89999999999999);
#78=CYLINDRICAL_SURFACE('',#3572,2.9);
#79=CYLINDRICAL_SURFACE('',#3575,2.75);
#80=CYLINDRICAL_SURFACE('',#3582,4.88553603723345);
#81=CYLINDRICAL_SURFACE('',#3585,2.50000000000001);
#82=CYLINDRICAL_SURFACE('',#3587,1.50000000000001);
#83=B_SPLINE_CURVE_WITH_KNOTS('',3,(#4568,#4569,#4570,#4571,#4572,#4573,
#4574,#4575,#4576,#4577,#4578,#4579),.UNSPECIFIED.,.F.,.F.,(4,2,2,2,2,4),
(0.464192169952753,0.599794078543463,0.753753330842011,0.899352795595573,
0.950848340359539,0.989710191244627),.UNSPECIFIED.);
#84=B_SPLINE_CURVE_WITH_KNOTS('',3,(#4602,#4603,#4604,#4605,#4606,#4607,
#4608,#4609,#4610,#4611,#4612,#4613),.UNSPECIFIED.,.F.,.F.,(4,2,2,2,2,4),
(0.989710191244623,1.02857204212971,1.08006758689368,1.22566705164724,1.37962630394578,
1.51522821253649),.UNSPECIFIED.);
#85=B_SPLINE_CURVE_WITH_KNOTS('',3,(#4626,#4627,#4628,#4629,#4630,#4631,
#4632,#4633,#4634,#4635,#4636,#4637,#4638,#4639),.UNSPECIFIED.,.F.,.F.,
(4,2,2,2,2,2,4),(0.474273824989494,0.622427777382533,0.805270269114964,
0.989416589829322,1.04879486673666,1.06373732398243,1.07253698603765),
 .UNSPECIFIED.);
#86=B_SPLINE_CURVE_WITH_KNOTS('',3,(#4662,#4663,#4664,#4665,#4666,#4667,
#4668,#4669,#4670,#4671,#4672,#4673,#4674,#4675),.UNSPECIFIED.,.F.,.F.,
(4,2,2,2,2,2,4),(1.07446832216668,1.08270133585422,1.09767941318415,1.1578808919809,
1.34313084137134,1.52634277999032,1.67464754021543),.UNSPECIFIED.);
#87=B_SPLINE_CURVE_WITH_KNOTS('',3,(#4880,#4881,#4882,#4883,#4884,#4885,
#4886,#4887,#4888,#4889,#4890,#4891,#4892,#4893,#4894,#4895,#4896,#4897,
#4898,#4899),.UNSPECIFIED.,.F.,.F.,(4,2,2,2,2,2,2,2,2,4),(0.,0.0683904180547913,
0.118313804967552,0.147447520790503,0.163057492414067,0.168016374091972,
0.172034001812399,0.175020557420172,0.175813226548504,0.175948215043826),
 .UNSPECIFIED.);
#88=B_SPLINE_CURVE_WITH_KNOTS('',3,(#4901,#4902,#4903,#4904,#4905),
 .UNSPECIFIED.,.F.,.F.,(4,1,4),(1.01231621660253,1.02753048650685,1.03224348583191),
 .UNSPECIFIED.);
#89=B_SPLINE_CURVE_WITH_KNOTS('',3,(#4907,#4908,#4909,#4910,#4911,#4912,
#4913,#4914,#4915,#4916,#4917,#4918,#4919,#4920,#4921,#4922,#4923,#4924),
 .UNSPECIFIED.,.F.,.F.,(4,2,2,2,2,2,2,2,4),(-0.00167393086633528,0.,0.0579512648307765,
0.107737884806796,0.157649174310706,0.207147302322353,0.26069900057953,
0.277977051744739,0.27965403637951),.UNSPECIFIED.);
#90=B_SPLINE_CURVE_WITH_KNOTS('',3,(#4926,#4927,#4928,#4929,#4930),
 .UNSPECIFIED.,.F.,.F.,(4,1,4),(1.24049690210559,1.2450454224785,1.26041869031805),
 .UNSPECIFIED.);
#91=B_SPLINE_CURVE_WITH_KNOTS('',3,(#4932,#4933,#4934,#4935,#4936,#4937,
#4938,#4939,#4940,#4941,#4942,#4943,#4944,#4945,#4946,#4947,#4948,#4949,
#4950,#4951),.UNSPECIFIED.,.F.,.F.,(4,2,2,2,2,2,2,2,2,4),(-2.75521990988222E-5,
0.,0.000188920191102176,0.000926263972280163,0.00190307719617937,0.00311452077169154,
0.00693130399511274,0.0140492267531302,0.0262460827195864,0.042951288347396),
 .UNSPECIFIED.);
#92=B_SPLINE_CURVE_WITH_KNOTS('',3,(#4956,#4957,#4958,#4959,#4960),
 .UNSPECIFIED.,.F.,.F.,(4,1,4),(1.11891261401874,1.1235659224486,1.13885047379555),
 .UNSPECIFIED.);
#93=B_SPLINE_CURVE_WITH_KNOTS('',3,(#4963,#4964,#4965,#4966,#4967),
 .UNSPECIFIED.,.F.,.F.,(4,1,4),(0.89081301997888,0.906101537661061,0.910758698334037),
 .UNSPECIFIED.);
#94=B_SPLINE_CURVE_WITH_KNOTS('',3,(#5026,#5027,#5028,#5029,#5030,#5031,
#5032,#5033,#5034,#5035,#5036,#5037,#5038,#5039,#5040,#5041,#5042,#5043,
#5044,#5045),.UNSPECIFIED.,.F.,.F.,(4,2,2,2,2,2,2,2,2,4),(-2.76085603333951E-5,
0.,0.000224792568474138,0.000629177310381037,0.00195200247556241,0.00508162372198133,
0.0118687851256667,0.0245272135390477,0.0462162489874097,0.0759275676489024),
 .UNSPECIFIED.);
#95=B_SPLINE_CURVE_WITH_KNOTS('',3,(#5048,#5049,#5050,#5051,#5052,#5053,
#5054,#5055,#5056,#5057,#5058,#5059,#5060,#5061,#5062,#5063,#5064,#5065,
#5066,#5067),.UNSPECIFIED.,.F.,.F.,(4,2,2,2,2,2,2,2,2,4),(0.,0.0683850548808857,
0.118309667573094,0.147447567856297,0.163059155140926,0.17026723273724,
0.173319206103476,0.17424599325951,0.174769368841567,0.174845995808127),
 .UNSPECIFIED.);
#96=B_SPLINE_CURVE_WITH_KNOTS('',3,(#5110,#5111,#5112,#5113,#5114,#5115,
#5116,#5117,#5118,#5119,#5120,#5121,#5122,#5123,#5124,#5125,#5126,#5127,
#5128,#5129),.UNSPECIFIED.,.F.,.F.,(4,2,2,2,2,2,2,2,2,4),(0.,0.0683904180546917,
0.11831380496724,0.147447520793078,0.163057492419654,0.168016374100091,
0.172034001822355,0.175020557414254,0.175813226558185,0.175948215052033),
 .UNSPECIFIED.);
#97=B_SPLINE_CURVE_WITH_KNOTS('',3,(#5131,#5132,#5133,#5134,#5135),
 .UNSPECIFIED.,.F.,.F.,(4,1,4),(1.01231626828615,1.0275304865068,1.03224364360828),
 .UNSPECIFIED.);
#98=B_SPLINE_CURVE_WITH_KNOTS('',3,(#5137,#5138,#5139,#5140,#5141,#5142,
#5143,#5144,#5145,#5146,#5147,#5148,#5149,#5150,#5151,#5152,#5153,#5154),
 .UNSPECIFIED.,.F.,.F.,(4,2,2,2,2,2,2,2,4),(-0.00167393086570826,0.,0.0579512648163655,
0.107737884793051,0.15764917429691,0.207147302308606,0.26069900056023,0.277977051745745,
0.279654036380745),.UNSPECIFIED.);
#99=B_SPLINE_CURVE_WITH_KNOTS('',3,(#5156,#5157,#5158,#5159,#5160),
 .UNSPECIFIED.,.F.,.F.,(4,1,4),(1.24049446166112,1.24504542247844,1.2604161022266),
 .UNSPECIFIED.);
#100=B_SPLINE_CURVE_WITH_KNOTS('',3,(#5162,#5163,#5164,#5165,#5166,#5167,
#5168,#5169,#5170,#5171,#5172,#5173,#5174,#5175,#5176,#5177,#5178,#5179,
#5180,#5181),.UNSPECIFIED.,.F.,.F.,(4,2,2,2,2,2,2,2,2,4),(-2.75521990840545E-5,
0.,0.000188920191124093,0.000926263973540144,0.00190307719962664,0.00311452077768388,
0.00693130400930431,0.0140492267834021,0.0262460827786329,0.0429512884457321),
 .UNSPECIFIED.);
#101=B_SPLINE_CURVE_WITH_KNOTS('',3,(#5186,#5187,#5188,#5189,#5190),
 .UNSPECIFIED.,.F.,.F.,(4,1,4),(1.1188472606724,1.12356592244854,1.13879311364911),
 .UNSPECIFIED.);
#102=B_SPLINE_CURVE_WITH_KNOTS('',3,(#5193,#5194,#5195,#5196,#5197),
 .UNSPECIFIED.,.F.,.F.,(4,1,4),(0.890718105217151,0.906101537661019,0.910695053901688),
 .UNSPECIFIED.);
#103=B_SPLINE_CURVE_WITH_KNOTS('',3,(#5264,#5265,#5266,#5267,#5268,#5269,
#5270,#5271,#5272,#5273,#5274,#5275,#5276,#5277,#5278,#5279,#5280,#5281,
#5282,#5283),.UNSPECIFIED.,.F.,.F.,(4,2,2,2,2,2,2,2,2,4),(-2.76085603314693E-5,
0.,0.000224792569134059,0.000629177317176505,0.00195200250387331,0.00508162379938088,
0.0118687853102368,0.0245272139232668,0.0462162497137834,0.0759275688438682),
 .UNSPECIFIED.);
#104=B_SPLINE_CURVE_WITH_KNOTS('',3,(#5286,#5287,#5288,#5289,#5290,#5291,
#5292,#5293,#5294,#5295,#5296,#5297,#5298,#5299,#5300,#5301,#5302,#5303,
#5304,#5305),.UNSPECIFIED.,.F.,.F.,(4,2,2,2,2,2,2,2,2,4),(0.,0.0683850548809552,
0.118309667573466,0.147447567856096,0.163059155140296,0.170267232735174,
0.17331920610163,0.17424599326457,0.174769368848656,0.174845995814165),
 .UNSPECIFIED.);
#105=B_SPLINE_CURVE_WITH_KNOTS('',3,(#5309,#5310,#5311,#5312,#5313,#5314),
 .UNSPECIFIED.,.F.,.F.,(4,2,4),(0.0204048639243903,0.0506962261612449,0.126853429619035),
 .UNSPECIFIED.);
#106=B_SPLINE_CURVE_WITH_KNOTS('',3,(#5318,#5319,#5320,#5321,#5322,#5323,
#5324,#5325),.UNSPECIFIED.,.F.,.F.,(4,2,2,4),(0.,0.0640507116607105,0.0959064656940998,
0.106560763642567),.UNSPECIFIED.);
#107=B_SPLINE_CURVE_WITH_KNOTS('',3,(#5327,#5328,#5329,#5330,#5331,#5332,
#5333,#5334,#5335,#5336,#5337,#5338,#5339,#5340,#5341,#5342,#5343,#5344,
#5345,#5346,#5347,#5348,#5349,#5350,#5351,#5352,#5353,#5354,#5355,#5356,
#5357,#5358,#5359,#5360,#5361,#5362,#5363,#5364,#5365,#5366,#5367,#5368,
#5369,#5370,#5371,#5372,#5373,#5374,#5375,#5376,#5377,#5378,#5379,#5380,
#5381,#5382,#5383,#5384,#5385,#5386,#5387,#5388),.UNSPECIFIED.,.F.,.F.,
(4,2,2,2,2,2,2,2,2,2,2,2,2,2,2,2,2,2,2,2,2,2,2,2,2,2,2,2,2,2,4),(-0.349815457609365,
-0.216518088019027,-0.116484893430458,-0.0430682021863132,-0.0412606050640195,
-0.0401560240413362,-0.0394720283855001,-0.0391251536417133,-0.0389474659729627,
-0.0388189180543788,-0.0387142979454799,-0.0386289108633543,-0.0385588889936629,
-0.0385010576535022,-0.038452714101026,-0.0384114255886129,-0.0383743574632195,
-0.03833726270248,-0.0383288106319097,-0.038326424576482,-0.0383174132675091,
-0.0383089516669594,-0.0383012549382878,-0.0181381622674923,-0.00461143780212105,
-0.00122499259627469,-0.000345130898649926,-0.000105459505930787,-3.59402190738068E-5,
0.,5.46139354675303E-6),.UNSPECIFIED.);
#108=B_SPLINE_CURVE_WITH_KNOTS('',3,(#5391,#5392,#5393,#5394,#5395,#5396,
#5397,#5398,#5399,#5400,#5401,#5402,#5403,#5404,#5405,#5406,#5407,#5408,
#5409,#5410,#5411,#5412,#5413,#5414,#5415,#5416,#5417,#5418,#5419,#5420,
#5421,#5422,#5423,#5424,#5425,#5426,#5427,#5428,#5429,#5430,#5431,#5432,
#5433,#5434,#5435,#5436,#5437,#5438,#5439,#5440,#5441,#5442,#5443,#5444,
#5445,#5446,#5447,#5448,#5449,#5450),.UNSPECIFIED.,.F.,.F.,(4,2,2,2,2,2,
2,2,2,2,2,2,2,2,2,2,2,2,2,2,2,2,2,2,2,2,2,2,2,4),(-0.249877898056732,-0.249864445531829,
-0.249734179594408,-0.249466131283338,-0.248516036814508,-0.244922917079057,
-0.230868171845616,-0.174270856297501,-0.174135705269749,-0.174131595633556,
-0.174129122156291,-0.174128465153064,-0.174125038646286,-0.174104245235589,
-0.174083552607677,-0.174060391118795,-0.174033361023576,-0.174001123818618,
-0.17396207231424,-0.173914423086481,-0.173856053544353,-0.173784336036546,
-0.173685617848974,-0.173493522169313,-0.173112831843676,-0.172497562985946,
-0.171489324808921,-0.130434815935906,-0.074516288277806,0.),
 .UNSPECIFIED.);
#109=B_SPLINE_CURVE_WITH_KNOTS('',3,(#5454,#5455,#5456,#5457,#5458,#5459,
#5460,#5461,#5462),.UNSPECIFIED.,.F.,.F.,(4,1,1,1,1,1,4),(1.36218184790138,
1.36575015703861,1.36931846617585,1.37645508445032,1.39072832099927,1.40500155754822,
1.40606866061404),.UNSPECIFIED.);
#110=B_SPLINE_CURVE_WITH_KNOTS('',3,(#5511,#5512,#5513,#5514,#5515,#5516,
#5517,#5518,#5519,#5520,#5521,#5522,#5523,#5524,#5525,#5526,#5527,#5528,
#5529,#5530),.UNSPECIFIED.,.F.,.F.,(4,2,2,2,2,2,2,2,2,4),(-3.23528400384418E-5,
0.,0.00025600531510485,0.000991736941187577,0.00190195717732204,0.00300941882294414,
0.00661311108001148,0.0134225768445087,0.0253201226338967,0.0402980589903327),
 .UNSPECIFIED.);
#111=B_SPLINE_CURVE_WITH_KNOTS('',3,(#5580,#5581,#5582,#5583,#5584,#5585,
#5586,#5587,#5588,#5589,#5590,#5591,#5592,#5593,#5594,#5595,#5596,#5597,
#5598,#5599),.UNSPECIFIED.,.F.,.F.,(4,2,2,2,2,2,2,2,2,4),(0.,0.076817133891334,
0.137858560001489,0.17278626008823,0.191275725396451,0.196972962571487,
0.201652352028703,0.205386401791693,0.206697202876314,0.206895734564447),
 .UNSPECIFIED.);
#112=B_SPLINE_CURVE_WITH_KNOTS('',3,(#5600,#5601,#5602,#5603,#5604,#5605,
#5606,#5607),.UNSPECIFIED.,.F.,.F.,(4,1,1,1,1,4),(1.09320869406468,1.09417794097611,
1.10844820015158,1.12271845932705,1.12985358891478,1.13698871850252),
 .UNSPECIFIED.);
#113=B_SPLINE_CURVE_WITH_KNOTS('',3,(#5670,#5671,#5672,#5673,#5674,#5675,
#5676,#5677,#5678,#5679,#5680,#5681,#5682,#5683,#5684,#5685,#5686,#5687,
#5688,#5689),.UNSPECIFIED.,.F.,.F.,(4,2,2,2,2,2,2,2,2,4),(0.,0.0681162285438228,
0.117095857748358,0.145579722271964,0.160830347718271,0.165833061341348,
0.169929017217022,0.172687415769567,0.173460786524953,0.173604569860749),
 .UNSPECIFIED.);
#114=B_SPLINE_CURVE_WITH_KNOTS('',3,(#5691,#5692,#5693,#5694,#5695),
 .UNSPECIFIED.,.F.,.F.,(4,1,4),(1.025740525823,1.04529165627787,1.0490670891885),
 .UNSPECIFIED.);
#115=B_SPLINE_CURVE_WITH_KNOTS('',3,(#5697,#5698,#5699,#5700,#5701,#5702,
#5703,#5704,#5705,#5706,#5707,#5708,#5709,#5710,#5711,#5712,#5713,#5714),
 .UNSPECIFIED.,.F.,.F.,(4,2,2,2,2,2,2,2,4),(-0.00166303381597436,0.,0.0570054454864092,
0.106825789950895,0.157252911924032,0.206941064534314,0.260160701149707,
0.275806900881582,0.27747357383),.UNSPECIFIED.);
#116=B_SPLINE_CURVE_WITH_KNOTS('',3,(#5716,#5717,#5718,#5719),
 .UNSPECIFIED.,.F.,.F.,(4,4),(1.26301826932842,1.28630914958519),
 .UNSPECIFIED.);
#117=B_SPLINE_CURVE_WITH_KNOTS('',3,(#5721,#5722,#5723,#5724,#5725,#5726,
#5727,#5728,#5729,#5730,#5731,#5732,#5733,#5734,#5735,#5736,#5737,#5738,
#5739,#5740),.UNSPECIFIED.,.F.,.F.,(4,2,2,2,2,2,2,2,2,4),(-2.98910288949387E-5,
0.,5.81923243607615E-5,0.000486440019389756,0.00118885881869878,0.00281836476210214,
0.00632339852291188,0.0128656949188705,0.0241153705291776,0.0397577347259063),
 .UNSPECIFIED.);
#118=B_SPLINE_CURVE_WITH_KNOTS('',3,(#5745,#5746,#5747,#5748,#5749),
 .UNSPECIFIED.,.F.,.F.,(4,1,4),(1.14012867014523,1.1437459725341,1.16343566466044),
 .UNSPECIFIED.);
#119=B_SPLINE_CURVE_WITH_KNOTS('',3,(#5752,#5753,#5754,#5755,#5756),
 .UNSPECIFIED.,.F.,.F.,(4,1,4),(0.902754462782747,0.922372485933294,0.926088250355853),
 .UNSPECIFIED.);
#120=B_SPLINE_CURVE_WITH_KNOTS('',3,(#5799,#5800,#5801,#5802,#5803,#5804,
#5805,#5806,#5807,#5808,#5809,#5810,#5811,#5812,#5813,#5814,#5815,#5816,
#5817,#5818),.UNSPECIFIED.,.F.,.F.,(4,2,2,2,2,2,2,2,2,4),(-3.00382955042821E-5,
0.,6.15728641067878E-5,0.000491980248999921,0.00120156843096537,0.0028455845831684,
0.00638521147424291,0.0129927701092604,0.0243527514307704,0.040152383615005),
 .UNSPECIFIED.);
#121=B_SPLINE_CURVE_WITH_KNOTS('',3,(#5821,#5822,#5823,#5824,#5825,#5826,
#5827,#5828,#5829,#5830,#5831,#5832,#5833,#5834,#5835,#5836,#5837,#5838,
#5839,#5840),.UNSPECIFIED.,.F.,.F.,(4,2,2,2,2,2,2,2,2,4),(0.,0.0681123535694417,
0.117092770431917,0.14558104479173,0.160830397410224,0.165827473795853,
0.169921932478008,0.172689806516081,0.173463984518742,0.1736084432121),
 .UNSPECIFIED.);
#122=B_SPLINE_CURVE_WITH_KNOTS('',3,(#5843,#5844,#5845,#5846,#5847,#5848,
#5849,#5850,#5851,#5852,#5853,#5854,#5855,#5856,#5857,#5858,#5859,#5860,
#5861,#5862,#5863,#5864),.UNSPECIFIED.,.F.,.F.,(4,2,2,2,2,2,2,2,2,2,4),
(0.514214745040073,0.516790246467231,0.519365747894388,0.524516750748704,
0.534818756457335,0.555422767874596,0.59663079070912,0.679046836378166,
0.738660053754577,0.768466662442782,0.798273271130987),.UNSPECIFIED.);
#123=B_SPLINE_CURVE_WITH_KNOTS('',3,(#5866,#5867,#5868,#5869,#5870,#5871,
#5872,#5873,#5874,#5875),.UNSPECIFIED.,.F.,.F.,(4,2,2,2,4),(0.720863818603933,
0.773667568524612,0.82647131844529,0.904000202509864,0.981529086574437),
 .UNSPECIFIED.);
#124=B_SPLINE_CURVE_WITH_KNOTS('',3,(#5886,#5887,#5888,#5889,#5890,#5891,
#5892,#5893,#5894,#5895),.UNSPECIFIED.,.F.,.F.,(4,2,2,2,4),(0.00369385690040368,
0.0595685334622181,0.119137066924436,0.159465464383977,0.199793861843518),
 .UNSPECIFIED.);
#125=B_SPLINE_CURVE_WITH_KNOTS('',3,(#5897,#5898,#5899,#5900,#5901,#5902,
#5903,#5904,#5905,#5906,#5907,#5908,#5909,#5910,#5911,#5912,#5913,#5914,
#5915,#5916,#5917,#5918),.UNSPECIFIED.,.F.,.F.,(4,2,2,2,2,2,2,2,2,2,4),
(0.152227063817416,0.155583026536214,0.189493956326566,0.236910550881232,
0.284327145435897,0.331743739990563,0.355452037267896,0.367306185906563,
0.373233260225896,0.376196797385563,0.379160334545229),.UNSPECIFIED.);
#126=B_SPLINE_CURVE_WITH_KNOTS('',3,(#5921,#5922,#5923,#5924,#5925,#5926,
#5927,#5928,#5929,#5930,#5931,#5932,#5933,#5934,#5935,#5936,#5937,#5938,
#5939,#5940,#5941,#5942),.UNSPECIFIED.,.F.,.F.,(4,2,2,2,2,2,2,2,2,2,4),
(0.514214745040077,0.516790246467234,0.519365747894392,0.524516750748708,
0.534818756457339,0.555422767874601,0.596630790709125,0.679046836378174,
0.738660053754584,0.768466662442789,0.798273271130994),.UNSPECIFIED.);
#127=B_SPLINE_CURVE_WITH_KNOTS('',3,(#5944,#5945,#5946,#5947,#5948,#5949,
#5950,#5951,#5952,#5953,#5954,#5955,#5956,#5957,#5958,#5959,#5960,#5961,
#5962,#5963,#5964,#5965),.UNSPECIFIED.,.F.,.F.,(4,2,2,2,2,2,2,2,2,2,4),
(0.230156394426655,0.25996300311486,0.289769611803065,0.349382829179475,
0.431798874848527,0.473006897683053,0.493610909100315,0.503912914808947,
0.509063917663263,0.51163941909042,0.514214920517578),.UNSPECIFIED.);
#128=B_SPLINE_CURVE_WITH_KNOTS('',3,(#6075,#6076,#6077,#6078,#6079,#6080,
#6081,#6082,#6083,#6084,#6085,#6086,#6087,#6088,#6089,#6090),
 .UNSPECIFIED.,.F.,.F.,(4,3,3,3,3,4),(-0.238382825229035,-0.202672390682789,
-0.165929703751087,-0.112663695482981,-0.0573535308419587,0.),
 .UNSPECIFIED.);
#129=B_SPLINE_CURVE_WITH_KNOTS('',3,(#6094,#6095,#6096,#6097,#6098,#6099,
#6100,#6101,#6102,#6103,#6104,#6105,#6106,#6107,#6108,#6109),
 .UNSPECIFIED.,.F.,.F.,(4,3,3,3,3,4),(-0.237536628583357,-0.196475761150173,
-0.156450478837905,-0.102261479702394,-0.0501110231620932,0.),
 .UNSPECIFIED.);
#130=B_SPLINE_CURVE_WITH_KNOTS('',3,(#6478,#6479,#6480,#6481,#6482,#6483,
#6484,#6485,#6486,#6487,#6488,#6489,#6490,#6491,#6492,#6493),
 .UNSPECIFIED.,.F.,.F.,(4,3,3,3,3,4),(0.,0.0573535308419587,0.112663695482981,
0.165929703751087,0.202672390682789,0.238382825229035),.UNSPECIFIED.);
#131=B_SPLINE_CURVE_WITH_KNOTS('',3,(#6528,#6529,#6530,#6531,#6532,#6533,
#6534,#6535,#6536,#6537,#6538,#6539,#6540,#6541,#6542,#6543),
 .UNSPECIFIED.,.F.,.F.,(4,3,3,3,3,4),(0.,0.0501110231620932,0.102261479702394,
0.156450478837905,0.196475761150173,0.237536628583357),.UNSPECIFIED.);
#132=TOROIDAL_SURFACE('',#3331,6.00000000000001,3.);
#133=TOROIDAL_SURFACE('',#3337,4.49999999999998,3.);
#134=TOROIDAL_SURFACE('',#3343,6.,3.);
#135=TOROIDAL_SURFACE('',#3348,6.68384122649486,3.);
#136=TOROIDAL_SURFACE('',#3354,4.49999999999998,3.);
#137=TOROIDAL_SURFACE('',#3360,6.68225377848163,3.);
#138=TOROIDAL_SURFACE('',#3412,5.1,2.);
#139=FACE_BOUND('',#455,.T.);
#140=FACE_BOUND('',#456,.T.);
#141=FACE_BOUND('',#457,.T.);
#142=FACE_BOUND('',#458,.T.);
#143=FACE_BOUND('',#459,.T.);
#144=FACE_BOUND('',#460,.T.);
#145=FACE_BOUND('',#478,.T.);
#146=FACE_BOUND('',#481,.T.);
#147=FACE_BOUND('',#526,.T.);
#148=FACE_BOUND('',#527,.T.);
#149=FACE_BOUND('',#528,.T.);
#150=FACE_BOUND('',#529,.T.);
#151=FACE_BOUND('',#530,.T.);
#152=FACE_BOUND('',#534,.T.);
#153=FACE_BOUND('',#537,.T.);
#154=FACE_BOUND('',#556,.T.);
#155=FACE_BOUND('',#563,.T.);
#156=FACE_BOUND('',#624,.T.);
#157=FACE_BOUND('',#627,.T.);
#158=FACE_BOUND('',#630,.T.);
#159=FACE_BOUND('',#633,.T.);
#160=CIRCLE('',#3312,5.);
#161=CIRCLE('',#3313,3.68384122649486);
#162=CIRCLE('',#3314,7.49999999999998);
#163=CIRCLE('',#3315,3.68225377848163);
#164=CIRCLE('',#3316,5.5);
#165=CIRCLE('',#3317,5.);
#166=CIRCLE('',#3318,5.00000000000001);
#167=CIRCLE('',#3319,3.00000000000001);
#168=CIRCLE('',#3320,7.49999999999998);
#169=CIRCLE('',#3321,3.);
#170=CIRCLE('',#3322,5.);
#171=CIRCLE('',#3323,2.75);
#172=CIRCLE('',#3324,2.9);
#173=CIRCLE('',#3325,2.89999999999999);
#174=CIRCLE('',#3326,2.9);
#175=CIRCLE('',#3327,2.5);
#176=CIRCLE('',#3328,2.5);
#177=CIRCLE('',#3332,3.);
#178=CIRCLE('',#3333,3.00000000000001);
#179=CIRCLE('',#3334,6.00000000000001);
#180=CIRCLE('',#3336,3.);
#181=CIRCLE('',#3338,3.);
#182=CIRCLE('',#3339,7.49999999999998);
#183=CIRCLE('',#3340,4.5);
#184=CIRCLE('',#3342,3.);
#185=CIRCLE('',#3344,3.);
#186=CIRCLE('',#3345,6.);
#187=CIRCLE('',#3347,4.5);
#188=CIRCLE('',#3349,3.);
#189=CIRCLE('',#3350,3.68384122649486);
#190=CIRCLE('',#3351,6.68384122649486);
#191=CIRCLE('',#3353,3.);
#192=CIRCLE('',#3355,3.);
#193=CIRCLE('',#3356,7.49999999999998);
#194=CIRCLE('',#3357,4.5);
#195=CIRCLE('',#3359,3.);
#196=CIRCLE('',#3361,3.68225377848163);
#197=CIRCLE('',#3362,6.68225377848163);
#198=CIRCLE('',#3364,4.5);
#199=CIRCLE('',#3366,4.90000000000001);
#200=CIRCLE('',#3367,2.75);
#201=CIRCLE('',#3368,2.74999999999999);
#202=CIRCLE('',#3369,4.86410218385154);
#203=CIRCLE('',#3370,4.9);
#204=CIRCLE('',#3371,1.50000000000001);
#205=CIRCLE('',#3372,2.50000000000001);
#206=CIRCLE('',#3373,4.88553603723345);
#207=CIRCLE('',#3375,4.5);
#208=CIRCLE('',#3377,2.5);
#209=CIRCLE('',#3379,4.5);
#210=CIRCLE('',#3381,2.5);
#211=CIRCLE('',#3396,0.999999999999988);
#212=CIRCLE('',#3398,5.5);
#213=CIRCLE('',#3400,5.);
#214=CIRCLE('',#3401,5.);
#215=CIRCLE('',#3402,5.00000150344614);
#216=CIRCLE('',#3404,3.50000000000001);
#217=CIRCLE('',#3407,3.50000000000001);
#218=CIRCLE('',#3408,3.49999999999999);
#219=CIRCLE('',#3411,3.49999999999999);
#220=CIRCLE('',#3413,3.5);
#221=CIRCLE('',#3414,3.5);
#222=CIRCLE('',#3416,3.50000000000003);
#223=CIRCLE('',#3419,3.50000000000003);
#224=CIRCLE('',#3422,1.4);
#225=CIRCLE('',#3423,1.4);
#226=CIRCLE('',#3424,1.4);
#227=CIRCLE('',#3427,1.50000000000001);
#228=CIRCLE('',#3428,1.50000000000001);
#229=CIRCLE('',#3430,1.5);
#230=CIRCLE('',#3431,1.50000000000001);
#231=CIRCLE('',#3436,1.00000000000005);
#232=CIRCLE('',#3437,1.00000000000005);
#233=CIRCLE('',#3439,1.5);
#234=CIRCLE('',#3440,1.5);
#235=CIRCLE('',#3442,3.50000000000003);
#236=CIRCLE('',#3443,5.00000000000001);
#237=CIRCLE('',#3444,3.5);
#238=CIRCLE('',#3445,3.49999999999999);
#239=CIRCLE('',#3446,0.999999999999988);
#240=CIRCLE('',#3447,3.50000000000001);
#241=CIRCLE('',#3448,1.5);
#242=CIRCLE('',#3449,1.5);
#243=CIRCLE('',#3450,1.5);
#244=CIRCLE('',#3451,1.2645);
#245=CIRCLE('',#3452,1.5);
#246=CIRCLE('',#3453,2.50000000000001);
#247=CIRCLE('',#3454,1.50000000000001);
#248=CIRCLE('',#3455,4.9);
#249=CIRCLE('',#3456,4.86410218385154);
#250=CIRCLE('',#3457,2.74999999999999);
#251=CIRCLE('',#3458,2.75);
#252=CIRCLE('',#3459,4.90000000000001);
#253=CIRCLE('',#3460,4.88553603723345);
#254=CIRCLE('',#3462,1.50000000000001);
#255=CIRCLE('',#3465,3.5);
#256=CIRCLE('',#3468,3.49999999999999);
#257=CIRCLE('',#3472,5.);
#258=CIRCLE('',#3476,1.50000000000001);
#259=CIRCLE('',#3480,1.50000000000001);
#260=CIRCLE('',#3484,1.50000000000001);
#261=CIRCLE('',#3488,1.50000000000001);
#262=CIRCLE('',#3492,3.50000000000001);
#263=CIRCLE('',#3494,0.999999999999988);
#264=CIRCLE('',#3496,0.999999999999988);
#265=CIRCLE('',#3500,5.00000000000001);
#266=CIRCLE('',#3502,3.50000000000003);
#267=CIRCLE('',#3505,5.);
#268=CIRCLE('',#3507,5.00000000000001);
#269=CIRCLE('',#3555,1.5);
#270=CIRCLE('',#3557,1.5);
#271=CIRCLE('',#3559,1.2645);
#272=CIRCLE('',#3561,1.5);
#273=CIRCLE('',#3563,1.5);
#274=CIRCLE('',#3567,2.9);
#275=CIRCLE('',#3570,2.89999999999999);
#276=CIRCLE('',#3573,2.9);
#277=CIRCLE('',#3576,2.75);
#278=FACE_OUTER_BOUND('',#451,.T.);
#279=FACE_OUTER_BOUND('',#452,.T.);
#280=FACE_OUTER_BOUND('',#453,.T.);
#281=FACE_OUTER_BOUND('',#454,.T.);
#282=FACE_OUTER_BOUND('',#461,.T.);
#283=FACE_OUTER_BOUND('',#462,.T.);
#284=FACE_OUTER_BOUND('',#463,.T.);
#285=FACE_OUTER_BOUND('',#464,.T.);
#286=FACE_OUTER_BOUND('',#465,.T.);
#287=FACE_OUTER_BOUND('',#466,.T.);
#288=FACE_OUTER_BOUND('',#467,.T.);
#289=FACE_OUTER_BOUND('',#468,.T.);
#290=FACE_OUTER_BOUND('',#469,.T.);
#291=FACE_OUTER_BOUND('',#470,.T.);
#292=FACE_OUTER_BOUND('',#471,.T.);
#293=FACE_OUTER_BOUND('',#472,.T.);
#294=FACE_OUTER_BOUND('',#473,.T.);
#295=FACE_OUTER_BOUND('',#474,.T.);
#296=FACE_OUTER_BOUND('',#475,.T.);
#297=FACE_OUTER_BOUND('',#476,.T.);
#298=FACE_OUTER_BOUND('',#477,.T.);
#299=FACE_OUTER_BOUND('',#479,.T.);
#300=FACE_OUTER_BOUND('',#480,.T.);
#301=FACE_OUTER_BOUND('',#482,.T.);
#302=FACE_OUTER_BOUND('',#483,.T.);
#303=FACE_OUTER_BOUND('',#484,.T.);
#304=FACE_OUTER_BOUND('',#485,.T.);
#305=FACE_OUTER_BOUND('',#486,.T.);
#306=FACE_OUTER_BOUND('',#487,.T.);
#307=FACE_OUTER_BOUND('',#488,.T.);
#308=FACE_OUTER_BOUND('',#489,.T.);
#309=FACE_OUTER_BOUND('',#490,.T.);
#310=FACE_OUTER_BOUND('',#491,.T.);
#311=FACE_OUTER_BOUND('',#492,.T.);
#312=FACE_OUTER_BOUND('',#493,.T.);
#313=FACE_OUTER_BOUND('',#494,.T.);
#314=FACE_OUTER_BOUND('',#495,.T.);
#315=FACE_OUTER_BOUND('',#496,.T.);
#316=FACE_OUTER_BOUND('',#497,.T.);
#317=FACE_OUTER_BOUND('',#498,.T.);
#318=FACE_OUTER_BOUND('',#499,.T.);
#319=FACE_OUTER_BOUND('',#500,.T.);
#320=FACE_OUTER_BOUND('',#501,.T.);
#321=FACE_OUTER_BOUND('',#502,.T.);
#322=FACE_OUTER_BOUND('',#503,.T.);
#323=FACE_OUTER_BOUND('',#504,.T.);
#324=FACE_OUTER_BOUND('',#505,.T.);
#325=FACE_OUTER_BOUND('',#506,.T.);
#326=FACE_OUTER_BOUND('',#507,.T.);
#327=FACE_OUTER_BOUND('',#508,.T.);
#328=FACE_OUTER_BOUND('',#509,.T.);
#329=FACE_OUTER_BOUND('',#510,.T.);
#330=FACE_OUTER_BOUND('',#511,.T.);
#331=FACE_OUTER_BOUND('',#512,.T.);
#332=FACE_OUTER_BOUND('',#513,.T.);
#333=FACE_OUTER_BOUND('',#514,.T.);
#334=FACE_OUTER_BOUND('',#515,.T.);
#335=FACE_OUTER_BOUND('',#516,.T.);
#336=FACE_OUTER_BOUND('',#517,.T.);
#337=FACE_OUTER_BOUND('',#518,.T.);
#338=FACE_OUTER_BOUND('',#519,.T.);
#339=FACE_OUTER_BOUND('',#520,.T.);
#340=FACE_OUTER_BOUND('',#521,.T.);
#341=FACE_OUTER_BOUND('',#522,.T.);
#342=FACE_OUTER_BOUND('',#523,.T.);
#343=FACE_OUTER_BOUND('',#524,.T.);
#344=FACE_OUTER_BOUND('',#525,.T.);
#345=FACE_OUTER_BOUND('',#531,.T.);
#346=FACE_OUTER_BOUND('',#532,.T.);
#347=FACE_OUTER_BOUND('',#533,.T.);
#348=FACE_OUTER_BOUND('',#535,.T.);
#349=FACE_OUTER_BOUND('',#536,.T.);
#350=FACE_OUTER_BOUND('',#538,.T.);
#351=FACE_OUTER_BOUND('',#539,.T.);
#352=FACE_OUTER_BOUND('',#540,.T.);
#353=FACE_OUTER_BOUND('',#541,.T.);
#354=FACE_OUTER_BOUND('',#542,.T.);
#355=FACE_OUTER_BOUND('',#543,.T.);
#356=FACE_OUTER_BOUND('',#544,.T.);
#357=FACE_OUTER_BOUND('',#545,.T.);
#358=FACE_OUTER_BOUND('',#546,.T.);
#359=FACE_OUTER_BOUND('',#547,.T.);
#360=FACE_OUTER_BOUND('',#548,.T.);
#361=FACE_OUTER_BOUND('',#549,.T.);
#362=FACE_OUTER_BOUND('',#550,.T.);
#363=FACE_OUTER_BOUND('',#551,.T.);
#364=FACE_OUTER_BOUND('',#552,.T.);
#365=FACE_OUTER_BOUND('',#553,.T.);
#366=FACE_OUTER_BOUND('',#554,.T.);
#367=FACE_OUTER_BOUND('',#555,.T.);
#368=FACE_OUTER_BOUND('',#557,.T.);
#369=FACE_OUTER_BOUND('',#558,.T.);
#370=FACE_OUTER_BOUND('',#559,.T.);
#371=FACE_OUTER_BOUND('',#560,.T.);
#372=FACE_OUTER_BOUND('',#561,.T.);
#373=FACE_OUTER_BOUND('',#562,.T.);
#374=FACE_OUTER_BOUND('',#564,.T.);
#375=FACE_OUTER_BOUND('',#565,.T.);
#376=FACE_OUTER_BOUND('',#566,.T.);
#377=FACE_OUTER_BOUND('',#567,.T.);
#378=FACE_OUTER_BOUND('',#568,.T.);
#379=FACE_OUTER_BOUND('',#569,.T.);
#380=FACE_OUTER_BOUND('',#570,.T.);
#381=FACE_OUTER_BOUND('',#571,.T.);
#382=FACE_OUTER_BOUND('',#572,.T.);
#383=FACE_OUTER_BOUND('',#573,.T.);
#384=FACE_OUTER_BOUND('',#574,.T.);
#385=FACE_OUTER_BOUND('',#575,.T.);
#386=FACE_OUTER_BOUND('',#576,.T.);
#387=FACE_OUTER_BOUND('',#577,.T.);
#388=FACE_OUTER_BOUND('',#578,.T.);
#389=FACE_OUTER_BOUND('',#579,.T.);
#390=FACE_OUTER_BOUND('',#580,.T.);
#391=FACE_OUTER_BOUND('',#581,.T.);
#392=FACE_OUTER_BOUND('',#582,.T.);
#393=FACE_OUTER_BOUND('',#583,.T.);
#394=FACE_OUTER_BOUND('',#584,.T.);
#395=FACE_OUTER_BOUND('',#585,.T.);
#396=FACE_OUTER_BOUND('',#586,.T.);
#397=FACE_OUTER_BOUND('',#587,.T.);
#398=FACE_OUTER_BOUND('',#588,.T.);
#399=FACE_OUTER_BOUND('',#589,.T.);
#400=FACE_OUTER_BOUND('',#590,.T.);
#401=FACE_OUTER_BOUND('',#591,.T.);
#402=FACE_OUTER_BOUND('',#592,.T.);
#403=FACE_OUTER_BOUND('',#593,.T.);
#404=FACE_OUTER_BOUND('',#594,.T.);
#405=FACE_OUTER_BOUND('',#595,.T.);
#406=FACE_OUTER_BOUND('',#596,.T.);
#407=FACE_OUTER_BOUND('',#597,.T.);
#408=FACE_OUTER_BOUND('',#598,.T.);
#409=FACE_OUTER_BOUND('',#599,.T.);
#410=FACE_OUTER_BOUND('',#600,.T.);
#411=FACE_OUTER_BOUND('',#601,.T.);
#412=FACE_OUTER_BOUND('',#602,.T.);
#413=FACE_OUTER_BOUND('',#603,.T.);
#414=FACE_OUTER_BOUND('',#604,.T.);
#415=FACE_OUTER_BOUND('',#605,.T.);
#416=FACE_OUTER_BOUND('',#606,.T.);
#417=FACE_OUTER_BOUND('',#607,.T.);
#418=FACE_OUTER_BOUND('',#608,.T.);
#419=FACE_OUTER_BOUND('',#609,.T.);
#420=FACE_OUTER_BOUND('',#610,.T.);
#421=FACE_OUTER_BOUND('',#611,.T.);
#422=FACE_OUTER_BOUND('',#612,.T.);
#423=FACE_OUTER_BOUND('',#613,.T.);
#424=FACE_OUTER_BOUND('',#614,.T.);
#425=FACE_OUTER_BOUND('',#615,.T.);
#426=FACE_OUTER_BOUND('',#616,.T.);
#427=FACE_OUTER_BOUND('',#617,.T.);
#428=FACE_OUTER_BOUND('',#618,.T.);
#429=FACE_OUTER_BOUND('',#619,.T.);
#430=FACE_OUTER_BOUND('',#620,.T.);
#431=FACE_OUTER_BOUND('',#621,.T.);
#432=FACE_OUTER_BOUND('',#622,.T.);
#433=FACE_OUTER_BOUND('',#623,.T.);
#434=FACE_OUTER_BOUND('',#625,.T.);
#435=FACE_OUTER_BOUND('',#626,.T.);
#436=FACE_OUTER_BOUND('',#628,.T.);
#437=FACE_OUTER_BOUND('',#629,.T.);
#438=FACE_OUTER_BOUND('',#631,.T.);
#439=FACE_OUTER_BOUND('',#632,.T.);
#440=FACE_OUTER_BOUND('',#634,.T.);
#441=FACE_OUTER_BOUND('',#635,.T.);
#442=FACE_OUTER_BOUND('',#636,.T.);
#443=FACE_OUTER_BOUND('',#637,.T.);
#444=FACE_OUTER_BOUND('',#638,.T.);
#445=FACE_OUTER_BOUND('',#639,.T.);
#446=FACE_OUTER_BOUND('',#640,.T.);
#447=FACE_OUTER_BOUND('',#641,.T.);
#448=FACE_OUTER_BOUND('',#642,.T.);
#449=FACE_OUTER_BOUND('',#643,.T.);
#450=FACE_OUTER_BOUND('',#644,.T.);
#451=EDGE_LOOP('',(#2065,#2066,#2067,#2068));
#452=EDGE_LOOP('',(#2069,#2070,#2071,#2072));
#453=EDGE_LOOP('',(#2073,#2074,#2075,#2076));
#454=EDGE_LOOP('',(#2077,#2078,#2079,#2080,#2081,#2082,#2083,#2084,#2085,
#2086,#2087,#2088,#2089,#2090,#2091,#2092,#2093,#2094,#2095,#2096,#2097,
#2098,#2099,#2100,#2101));
#455=EDGE_LOOP('',(#2102));
#456=EDGE_LOOP('',(#2103));
#457=EDGE_LOOP('',(#2104));
#458=EDGE_LOOP('',(#2105));
#459=EDGE_LOOP('',(#2106));
#460=EDGE_LOOP('',(#2107));
#461=EDGE_LOOP('',(#2108,#2109,#2110,#2111,#2112));
#462=EDGE_LOOP('',(#2113,#2114,#2115,#2116,#2117,#2118,#2119,#2120));
#463=EDGE_LOOP('',(#2121,#2122,#2123,#2124));
#464=EDGE_LOOP('',(#2125,#2126,#2127,#2128));
#465=EDGE_LOOP('',(#2129,#2130,#2131,#2132));
#466=EDGE_LOOP('',(#2133,#2134,#2135,#2136));
#467=EDGE_LOOP('',(#2137,#2138,#2139,#2140));
#468=EDGE_LOOP('',(#2141,#2142,#2143,#2144,#2145,#2146));
#469=EDGE_LOOP('',(#2147,#2148,#2149,#2150));
#470=EDGE_LOOP('',(#2151,#2152,#2153,#2154));
#471=EDGE_LOOP('',(#2155,#2156,#2157,#2158));
#472=EDGE_LOOP('',(#2159,#2160,#2161,#2162));
#473=EDGE_LOOP('',(#2163,#2164,#2165,#2166));
#474=EDGE_LOOP('',(#2167,#2168,#2169,#2170,#2171,#2172));
#475=EDGE_LOOP('',(#2173,#2174,#2175,#2176,#2177,#2178,#2179,#2180,#2181,
#2182,#2183,#2184,#2185,#2186,#2187,#2188,#2189,#2190,#2191,#2192,#2193,
#2194,#2195,#2196,#2197,#2198,#2199,#2200,#2201,#2202));
#476=EDGE_LOOP('',(#2203,#2204,#2205,#2206,#2207));
#477=EDGE_LOOP('',(#2208));
#478=EDGE_LOOP('',(#2209));
#479=EDGE_LOOP('',(#2210,#2211,#2212,#2213,#2214));
#480=EDGE_LOOP('',(#2215));
#481=EDGE_LOOP('',(#2216));
#482=EDGE_LOOP('',(#2217,#2218,#2219,#2220));
#483=EDGE_LOOP('',(#2221,#2222,#2223,#2224));
#484=EDGE_LOOP('',(#2225,#2226,#2227,#2228));
#485=EDGE_LOOP('',(#2229,#2230,#2231,#2232));
#486=EDGE_LOOP('',(#2233,#2234,#2235,#2236));
#487=EDGE_LOOP('',(#2237,#2238,#2239,#2240));
#488=EDGE_LOOP('',(#2241,#2242,#2243,#2244,#2245,#2246,#2247,#2248,#2249,
#2250));
#489=EDGE_LOOP('',(#2251,#2252,#2253,#2254));
#490=EDGE_LOOP('',(#2255,#2256,#2257,#2258));
#491=EDGE_LOOP('',(#2259,#2260,#2261,#2262));
#492=EDGE_LOOP('',(#2263,#2264,#2265,#2266));
#493=EDGE_LOOP('',(#2267,#2268,#2269,#2270));
#494=EDGE_LOOP('',(#2271,#2272,#2273,#2274));
#495=EDGE_LOOP('',(#2275,#2276,#2277,#2278,#2279,#2280,#2281,#2282,#2283,
#2284,#2285,#2286,#2287,#2288,#2289,#2290,#2291,#2292,#2293));
#496=EDGE_LOOP('',(#2294,#2295,#2296,#2297));
#497=EDGE_LOOP('',(#2298,#2299,#2300,#2301,#2302,#2303,#2304,#2305));
#498=EDGE_LOOP('',(#2306,#2307,#2308,#2309,#2310,#2311));
#499=EDGE_LOOP('',(#2312,#2313,#2314,#2315,#2316,#2317));
#500=EDGE_LOOP('',(#2318,#2319,#2320));
#501=EDGE_LOOP('',(#2321,#2322,#2323));
#502=EDGE_LOOP('',(#2324,#2325,#2326,#2327,#2328,#2329));
#503=EDGE_LOOP('',(#2330,#2331,#2332,#2333,#2334,#2335));
#504=EDGE_LOOP('',(#2336,#2337,#2338));
#505=EDGE_LOOP('',(#2339,#2340,#2341));
#506=EDGE_LOOP('',(#2342,#2343,#2344,#2345,#2346,#2347));
#507=EDGE_LOOP('',(#2348,#2349,#2350,#2351,#2352,#2353));
#508=EDGE_LOOP('',(#2354,#2355,#2356));
#509=EDGE_LOOP('',(#2357,#2358,#2359));
#510=EDGE_LOOP('',(#2360,#2361,#2362));
#511=EDGE_LOOP('',(#2363,#2364,#2365,#2366,#2367,#2368));
#512=EDGE_LOOP('',(#2369,#2370,#2371));
#513=EDGE_LOOP('',(#2372,#2373,#2374));
#514=EDGE_LOOP('',(#2375,#2376,#2377,#2378,#2379,#2380));
#515=EDGE_LOOP('',(#2381,#2382,#2383,#2384));
#516=EDGE_LOOP('',(#2385,#2386,#2387,#2388,#2389,#2390,#2391));
#517=EDGE_LOOP('',(#2392,#2393,#2394,#2395));
#518=EDGE_LOOP('',(#2396,#2397,#2398,#2399,#2400));
#519=EDGE_LOOP('',(#2401,#2402,#2403,#2404,#2405,#2406));
#520=EDGE_LOOP('',(#2407,#2408,#2409,#2410));
#521=EDGE_LOOP('',(#2411,#2412,#2413,#2414,#2415));
#522=EDGE_LOOP('',(#2416,#2417,#2418,#2419,#2420,#2421,#2422,#2423,#2424,
#2425,#2426,#2427,#2428,#2429,#2430,#2431));
#523=EDGE_LOOP('',(#2432,#2433,#2434,#2435,#2436));
#524=EDGE_LOOP('',(#2437,#2438,#2439,#2440,#2441,#2442));
#525=EDGE_LOOP('',(#2443,#2444,#2445,#2446,#2447,#2448,#2449,#2450,#2451,
#2452,#2453,#2454,#2455,#2456,#2457,#2458,#2459,#2460,#2461,#2462,#2463));
#526=EDGE_LOOP('',(#2464));
#527=EDGE_LOOP('',(#2465));
#528=EDGE_LOOP('',(#2466,#2467,#2468,#2469));
#529=EDGE_LOOP('',(#2470));
#530=EDGE_LOOP('',(#2471,#2472,#2473,#2474,#2475,#2476,#2477,#2478,#2479,
#2480,#2481,#2482,#2483,#2484,#2485,#2486,#2487,#2488,#2489,#2490,#2491,
#2492,#2493,#2494,#2495,#2496,#2497,#2498,#2499,#2500));
#531=EDGE_LOOP('',(#2501,#2502,#2503,#2504,#2505));
#532=EDGE_LOOP('',(#2506,#2507,#2508));
#533=EDGE_LOOP('',(#2509,#2510,#2511,#2512));
#534=EDGE_LOOP('',(#2513,#2514,#2515,#2516,#2517,#2518));
#535=EDGE_LOOP('',(#2519,#2520,#2521,#2522));
#536=EDGE_LOOP('',(#2523,#2524,#2525,#2526));
#537=EDGE_LOOP('',(#2527,#2528,#2529,#2530,#2531,#2532,#2533,#2534));
#538=EDGE_LOOP('',(#2535,#2536,#2537,#2538));
#539=EDGE_LOOP('',(#2539,#2540,#2541,#2542,#2543,#2544));
#540=EDGE_LOOP('',(#2545,#2546,#2547,#2548,#2549,#2550,#2551,#2552,#2553,
#2554,#2555));
#541=EDGE_LOOP('',(#2556,#2557,#2558,#2559,#2560,#2561));
#542=EDGE_LOOP('',(#2562,#2563,#2564,#2565,#2566,#2567));
#543=EDGE_LOOP('',(#2568,#2569,#2570,#2571));
#544=EDGE_LOOP('',(#2572,#2573,#2574,#2575,#2576));
#545=EDGE_LOOP('',(#2577,#2578,#2579,#2580));
#546=EDGE_LOOP('',(#2581,#2582,#2583,#2584,#2585,#2586));
#547=EDGE_LOOP('',(#2587,#2588,#2589,#2590));
#548=EDGE_LOOP('',(#2591,#2592,#2593,#2594,#2595,#2596));
#549=EDGE_LOOP('',(#2597,#2598,#2599,#2600));
#550=EDGE_LOOP('',(#2601,#2602,#2603,#2604));
#551=EDGE_LOOP('',(#2605,#2606,#2607,#2608));
#552=EDGE_LOOP('',(#2609,#2610,#2611,#2612,#2613,#2614));
#553=EDGE_LOOP('',(#2615,#2616,#2617,#2618));
#554=EDGE_LOOP('',(#2619,#2620,#2621,#2622,#2623,#2624));
#555=EDGE_LOOP('',(#2625,#2626,#2627,#2628));
#556=EDGE_LOOP('',(#2629,#2630,#2631,#2632,#2633,#2634,#2635,#2636));
#557=EDGE_LOOP('',(#2637,#2638,#2639,#2640,#2641,#2642));
#558=EDGE_LOOP('',(#2643,#2644,#2645,#2646));
#559=EDGE_LOOP('',(#2647,#2648,#2649,#2650));
#560=EDGE_LOOP('',(#2651,#2652,#2653,#2654));
#561=EDGE_LOOP('',(#2655,#2656,#2657,#2658,#2659,#2660,#2661,#2662,#2663,
#2664));
#562=EDGE_LOOP('',(#2665,#2666,#2667,#2668));
#563=EDGE_LOOP('',(#2669,#2670,#2671,#2672,#2673,#2674,#2675,#2676));
#564=EDGE_LOOP('',(#2677,#2678,#2679,#2680));
#565=EDGE_LOOP('',(#2681,#2682,#2683,#2684,#2685,#2686));
#566=EDGE_LOOP('',(#2687,#2688,#2689));
#567=EDGE_LOOP('',(#2690,#2691,#2692,#2693));
#568=EDGE_LOOP('',(#2694,#2695,#2696,#2697));
#569=EDGE_LOOP('',(#2698,#2699,#2700,#2701));
#570=EDGE_LOOP('',(#2702,#2703,#2704,#2705,#2706));
#571=EDGE_LOOP('',(#2707,#2708,#2709));
#572=EDGE_LOOP('',(#2710,#2711,#2712,#2713));
#573=EDGE_LOOP('',(#2714,#2715,#2716,#2717));
#574=EDGE_LOOP('',(#2718,#2719,#2720,#2721));
#575=EDGE_LOOP('',(#2722,#2723,#2724,#2725));
#576=EDGE_LOOP('',(#2726,#2727,#2728,#2729));
#577=EDGE_LOOP('',(#2730,#2731,#2732,#2733));
#578=EDGE_LOOP('',(#2734,#2735,#2736,#2737));
#579=EDGE_LOOP('',(#2738,#2739,#2740,#2741));
#580=EDGE_LOOP('',(#2742,#2743,#2744,#2745));
#581=EDGE_LOOP('',(#2746,#2747,#2748,#2749));
#582=EDGE_LOOP('',(#2750,#2751,#2752,#2753));
#583=EDGE_LOOP('',(#2754,#2755,#2756,#2757));
#584=EDGE_LOOP('',(#2758,#2759,#2760,#2761));
#585=EDGE_LOOP('',(#2762,#2763,#2764,#2765));
#586=EDGE_LOOP('',(#2766,#2767,#2768,#2769));
#587=EDGE_LOOP('',(#2770,#2771,#2772,#2773,#2774,#2775,#2776,#2777));
#588=EDGE_LOOP('',(#2778,#2779,#2780,#2781,#2782,#2783,#2784));
#589=EDGE_LOOP('',(#2785,#2786,#2787,#2788,#2789));
#590=EDGE_LOOP('',(#2790,#2791,#2792,#2793,#2794,#2795,#2796,#2797));
#591=EDGE_LOOP('',(#2798,#2799,#2800,#2801,#2802));
#592=EDGE_LOOP('',(#2803,#2804,#2805,#2806,#2807,#2808,#2809,#2810));
#593=EDGE_LOOP('',(#2811,#2812,#2813,#2814,#2815,#2816,#2817,#2818,#2819,
#2820));
#594=EDGE_LOOP('',(#2821,#2822,#2823,#2824,#2825,#2826,#2827,#2828,#2829,
#2830,#2831,#2832,#2833,#2834));
#595=EDGE_LOOP('',(#2835,#2836,#2837,#2838));
#596=EDGE_LOOP('',(#2839,#2840,#2841,#2842));
#597=EDGE_LOOP('',(#2843,#2844,#2845,#2846));
#598=EDGE_LOOP('',(#2847,#2848,#2849,#2850));
#599=EDGE_LOOP('',(#2851,#2852,#2853,#2854));
#600=EDGE_LOOP('',(#2855,#2856,#2857,#2858));
#601=EDGE_LOOP('',(#2859,#2860,#2861,#2862,#2863,#2864,#2865));
#602=EDGE_LOOP('',(#2866,#2867,#2868,#2869));
#603=EDGE_LOOP('',(#2870,#2871,#2872,#2873));
#604=EDGE_LOOP('',(#2874,#2875,#2876,#2877));
#605=EDGE_LOOP('',(#2878,#2879,#2880,#2881));
#606=EDGE_LOOP('',(#2882,#2883,#2884,#2885));
#607=EDGE_LOOP('',(#2886,#2887,#2888,#2889));
#608=EDGE_LOOP('',(#2890,#2891,#2892,#2893));
#609=EDGE_LOOP('',(#2894,#2895,#2896,#2897));
#610=EDGE_LOOP('',(#2898,#2899,#2900,#2901));
#611=EDGE_LOOP('',(#2902,#2903,#2904,#2905));
#612=EDGE_LOOP('',(#2906,#2907,#2908,#2909));
#613=EDGE_LOOP('',(#2910,#2911,#2912,#2913));
#614=EDGE_LOOP('',(#2914,#2915,#2916,#2917));
#615=EDGE_LOOP('',(#2918,#2919,#2920,#2921));
#616=EDGE_LOOP('',(#2922,#2923,#2924,#2925));
#617=EDGE_LOOP('',(#2926,#2927,#2928,#2929));
#618=EDGE_LOOP('',(#2930,#2931,#2932,#2933));
#619=EDGE_LOOP('',(#2934,#2935,#2936,#2937));
#620=EDGE_LOOP('',(#2938,#2939,#2940,#2941,#2942,#2943,#2944,#2945,#2946,
#2947));
#621=EDGE_LOOP('',(#2948,#2949,#2950,#2951));
#622=EDGE_LOOP('',(#2952,#2953,#2954,#2955));
#623=EDGE_LOOP('',(#2956));
#624=EDGE_LOOP('',(#2957));
#625=EDGE_LOOP('',(#2958,#2959,#2960,#2961));
#626=EDGE_LOOP('',(#2962));
#627=EDGE_LOOP('',(#2963));
#628=EDGE_LOOP('',(#2964,#2965,#2966,#2967));
#629=EDGE_LOOP('',(#2968));
#630=EDGE_LOOP('',(#2969));
#631=EDGE_LOOP('',(#2970,#2971,#2972,#2973));
#632=EDGE_LOOP('',(#2974));
#633=EDGE_LOOP('',(#2975,#2976,#2977,#2978));
#634=EDGE_LOOP('',(#2979,#2980,#2981,#2982));
#635=EDGE_LOOP('',(#2983,#2984,#2985,#2986));
#636=EDGE_LOOP('',(#2987,#2988,#2989,#2990));
#637=EDGE_LOOP('',(#2991,#2992,#2993,#2994));
#638=EDGE_LOOP('',(#2995,#2996,#2997,#2998));
#639=EDGE_LOOP('',(#2999,#3000,#3001,#3002));
#640=EDGE_LOOP('',(#3003,#3004,#3005,#3006));
#641=EDGE_LOOP('',(#3007,#3008,#3009,#3010));
#642=EDGE_LOOP('',(#3011,#3012,#3013,#3014));
#643=EDGE_LOOP('',(#3015,#3016,#3017,#3018));
#644=EDGE_LOOP('',(#3019,#3020,#3021,#3022));
#645=LINE('',#4469,#957);
#646=LINE('',#4471,#958);
#647=LINE('',#4473,#959);
#648=LINE('',#4474,#960);
#649=LINE('',#4477,#961);
#650=LINE('',#4479,#962);
#651=LINE('',#4480,#963);
#652=LINE('',#4483,#964);
#653=LINE('',#4485,#965);
#654=LINE('',#4486,#966);
#655=LINE('',#4489,#967);
#656=LINE('',#4493,#968);
#657=LINE('',#4497,#969);
#658=LINE('',#4501,#970);
#659=LINE('',#4505,#971);
#660=LINE('',#4511,#972);
#661=LINE('',#4515,#973);
#662=LINE('',#4519,#974);
#663=LINE('',#4523,#975);
#664=LINE('',#4527,#976);
#665=LINE('',#4530,#977);
#666=LINE('',#4545,#978);
#667=LINE('',#4547,#979);
#668=LINE('',#4548,#980);
#669=LINE('',#4551,#981);
#670=LINE('',#4553,#982);
#671=LINE('',#4555,#983);
#672=LINE('',#4557,#984);
#673=LINE('',#4559,#985);
#674=LINE('',#4560,#986);
#675=LINE('',#4585,#987);
#676=LINE('',#4586,#988);
#677=LINE('',#4597,#989);
#678=LINE('',#4598,#990);
#679=LINE('',#4618,#991);
#680=LINE('',#4645,#992);
#681=LINE('',#4646,#993);
#682=LINE('',#4657,#994);
#683=LINE('',#4658,#995);
#684=LINE('',#4680,#996);
#685=LINE('',#4684,#997);
#686=LINE('',#4686,#998);
#687=LINE('',#4690,#999);
#688=LINE('',#4692,#1000);
#689=LINE('',#4694,#1001);
#690=LINE('',#4696,#1002);
#691=LINE('',#4700,#1003);
#692=LINE('',#4704,#1004);
#693=LINE('',#4706,#1005);
#694=LINE('',#4708,#1006);
#695=LINE('',#4710,#1007);
#696=LINE('',#4714,#1008);
#697=LINE('',#4716,#1009);
#698=LINE('',#4718,#1010);
#699=LINE('',#4722,#1011);
#700=LINE('',#4724,#1012);
#701=LINE('',#4728,#1013);
#702=LINE('',#4732,#1014);
#703=LINE('',#4734,#1015);
#704=LINE('',#4738,#1016);
#705=LINE('',#4740,#1017);
#706=LINE('',#4741,#1018);
#707=LINE('',#4744,#1019);
#708=LINE('',#4751,#1020);
#709=LINE('',#4757,#1021);
#710=LINE('',#4759,#1022);
#711=LINE('',#4760,#1023);
#712=LINE('',#4762,#1024);
#713=LINE('',#4764,#1025);
#714=LINE('',#4765,#1026);
#715=LINE('',#4767,#1027);
#716=LINE('',#4771,#1028);
#717=LINE('',#4773,#1029);
#718=LINE('',#4774,#1030);
#719=LINE('',#4776,#1031);
#720=LINE('',#4778,#1032);
#721=LINE('',#4779,#1033);
#722=LINE('',#4781,#1034);
#723=LINE('',#4783,#1035);
#724=LINE('',#4785,#1036);
#725=LINE('',#4786,#1037);
#726=LINE('',#4790,#1038);
#727=LINE('',#4792,#1039);
#728=LINE('',#4794,#1040);
#729=LINE('',#4796,#1041);
#730=LINE('',#4798,#1042);
#731=LINE('',#4800,#1043);
#732=LINE('',#4802,#1044);
#733=LINE('',#4804,#1045);
#734=LINE('',#4808,#1046);
#735=LINE('',#4810,#1047);
#736=LINE('',#4811,#1048);
#737=LINE('',#4815,#1049);
#738=LINE('',#4820,#1050);
#739=LINE('',#4824,#1051);
#740=LINE('',#4827,#1052);
#741=LINE('',#4830,#1053);
#742=LINE('',#4832,#1054);
#743=LINE('',#4834,#1055);
#744=LINE('',#4836,#1056);
#745=LINE('',#4837,#1057);
#746=LINE('',#4955,#1058);
#747=LINE('',#4968,#1059);
#748=LINE('',#5185,#1060);
#749=LINE('',#5198,#1061);
#750=LINE('',#5453,#1062);
#751=LINE('',#5744,#1063);
#752=LINE('',#5757,#1064);
#753=LINE('',#5876,#1065);
#754=LINE('',#5882,#1066);
#755=LINE('',#5966,#1067);
#756=LINE('',#5971,#1068);
#757=LINE('',#5973,#1069);
#758=LINE('',#5979,#1070);
#759=LINE('',#5981,#1071);
#760=LINE('',#5983,#1072);
#761=LINE('',#5987,#1073);
#762=LINE('',#5989,#1074);
#763=LINE('',#5990,#1075);
#764=LINE('',#5993,#1076);
#765=LINE('',#5995,#1077);
#766=LINE('',#5996,#1078);
#767=LINE('',#6000,#1079);
#768=LINE('',#6002,#1080);
#769=LINE('',#6003,#1081);
#770=LINE('',#6005,#1082);
#771=LINE('',#6007,#1083);
#772=LINE('',#6008,#1084);
#773=LINE('',#6010,#1085);
#774=LINE('',#6012,#1086);
#775=LINE('',#6013,#1087);
#776=LINE('',#6015,#1088);
#777=LINE('',#6017,#1089);
#778=LINE('',#6018,#1090);
#779=LINE('',#6021,#1091);
#780=LINE('',#6025,#1092);
#781=LINE('',#6031,#1093);
#782=LINE('',#6034,#1094);
#783=LINE('',#6039,#1095);
#784=LINE('',#6043,#1096);
#785=LINE('',#6045,#1097);
#786=LINE('',#6047,#1098);
#787=LINE('',#6051,#1099);
#788=LINE('',#6054,#1100);
#789=LINE('',#6056,#1101);
#790=LINE('',#6058,#1102);
#791=LINE('',#6059,#1103);
#792=LINE('',#6061,#1104);
#793=LINE('',#6065,#1105);
#794=LINE('',#6067,#1106);
#795=LINE('',#6115,#1107);
#796=LINE('',#6119,#1108);
#797=LINE('',#6123,#1109);
#798=LINE('',#6125,#1110);
#799=LINE('',#6129,#1111);
#800=LINE('',#6131,#1112);
#801=LINE('',#6133,#1113);
#802=LINE('',#6137,#1114);
#803=LINE('',#6139,#1115);
#804=LINE('',#6141,#1116);
#805=LINE('',#6143,#1117);
#806=LINE('',#6147,#1118);
#807=LINE('',#6151,#1119);
#808=LINE('',#6153,#1120);
#809=LINE('',#6155,#1121);
#810=LINE('',#6157,#1122);
#811=LINE('',#6161,#1123);
#812=LINE('',#6163,#1124);
#813=LINE('',#6165,#1125);
#814=LINE('',#6167,#1126);
#815=LINE('',#6169,#1127);
#816=LINE('',#6172,#1128);
#817=LINE('',#6176,#1129);
#818=LINE('',#6179,#1130);
#819=LINE('',#6182,#1131);
#820=LINE('',#6185,#1132);
#821=LINE('',#6186,#1133);
#822=LINE('',#6190,#1134);
#823=LINE('',#6192,#1135);
#824=LINE('',#6195,#1136);
#825=LINE('',#6196,#1137);
#826=LINE('',#6197,#1138);
#827=LINE('',#6202,#1139);
#828=LINE('',#6204,#1140);
#829=LINE('',#6206,#1141);
#830=LINE('',#6207,#1142);
#831=LINE('',#6210,#1143);
#832=LINE('',#6212,#1144);
#833=LINE('',#6213,#1145);
#834=LINE('',#6217,#1146);
#835=LINE('',#6219,#1147);
#836=LINE('',#6222,#1148);
#837=LINE('',#6223,#1149);
#838=LINE('',#6227,#1150);
#839=LINE('',#6229,#1151);
#840=LINE('',#6234,#1152);
#841=LINE('',#6236,#1153);
#842=LINE('',#6239,#1154);
#843=LINE('',#6240,#1155);
#844=LINE('',#6244,#1156);
#845=LINE('',#6246,#1157);
#846=LINE('',#6250,#1158);
#847=LINE('',#6256,#1159);
#848=LINE('',#6259,#1160);
#849=LINE('',#6262,#1161);
#850=LINE('',#6263,#1162);
#851=LINE('',#6265,#1163);
#852=LINE('',#6268,#1164);
#853=LINE('',#6273,#1165);
#854=LINE('',#6276,#1166);
#855=LINE('',#6277,#1167);
#856=LINE('',#6284,#1168);
#857=LINE('',#6285,#1169);
#858=LINE('',#6288,#1170);
#859=LINE('',#6289,#1171);
#860=LINE('',#6292,#1172);
#861=LINE('',#6293,#1173);
#862=LINE('',#6296,#1174);
#863=LINE('',#6297,#1175);
#864=LINE('',#6299,#1176);
#865=LINE('',#6301,#1177);
#866=LINE('',#6303,#1178);
#867=LINE('',#6304,#1179);
#868=LINE('',#6306,#1180);
#869=LINE('',#6308,#1181);
#870=LINE('',#6310,#1182);
#871=LINE('',#6312,#1183);
#872=LINE('',#6314,#1184);
#873=LINE('',#6316,#1185);
#874=LINE('',#6318,#1186);
#875=LINE('',#6320,#1187);
#876=LINE('',#6322,#1188);
#877=LINE('',#6324,#1189);
#878=LINE('',#6326,#1190);
#879=LINE('',#6328,#1191);
#880=LINE('',#6330,#1192);
#881=LINE('',#6332,#1193);
#882=LINE('',#6335,#1194);
#883=LINE('',#6337,#1195);
#884=LINE('',#6339,#1196);
#885=LINE('',#6341,#1197);
#886=LINE('',#6343,#1198);
#887=LINE('',#6344,#1199);
#888=LINE('',#6346,#1200);
#889=LINE('',#6350,#1201);
#890=LINE('',#6352,#1202);
#891=LINE('',#6353,#1203);
#892=LINE('',#6354,#1204);
#893=LINE('',#6357,#1205);
#894=LINE('',#6359,#1206);
#895=LINE('',#6361,#1207);
#896=LINE('',#6363,#1208);
#897=LINE('',#6364,#1209);
#898=LINE('',#6367,#1210);
#899=LINE('',#6369,#1211);
#900=LINE('',#6371,#1212);
#901=LINE('',#6372,#1213);
#902=LINE('',#6375,#1214);
#903=LINE('',#6377,#1215);
#904=LINE('',#6379,#1216);
#905=LINE('',#6380,#1217);
#906=LINE('',#6383,#1218);
#907=LINE('',#6384,#1219);
#908=LINE('',#6386,#1220);
#909=LINE('',#6388,#1221);
#910=LINE('',#6390,#1222);
#911=LINE('',#6391,#1223);
#912=LINE('',#6394,#1224);
#913=LINE('',#6396,#1225);
#914=LINE('',#6397,#1226);
#915=LINE('',#6399,#1227);
#916=LINE('',#6401,#1228);
#917=LINE('',#6402,#1229);
#918=LINE('',#6404,#1230);
#919=LINE('',#6406,#1231);
#920=LINE('',#6408,#1232);
#921=LINE('',#6410,#1233);
#922=LINE('',#6411,#1234);
#923=LINE('',#6413,#1235);
#924=LINE('',#6415,#1236);
#925=LINE('',#6417,#1237);
#926=LINE('',#6419,#1238);
#927=LINE('',#6421,#1239);
#928=LINE('',#6424,#1240);
#929=LINE('',#6427,#1241);
#930=LINE('',#6428,#1242);
#931=LINE('',#6430,#1243);
#932=LINE('',#6432,#1244);
#933=LINE('',#6434,#1245);
#934=LINE('',#6438,#1246);
#935=LINE('',#6440,#1247);
#936=LINE('',#6443,#1248);
#937=LINE('',#6447,#1249);
#938=LINE('',#6451,#1250);
#939=LINE('',#6494,#1251);
#940=LINE('',#6495,#1252);
#941=LINE('',#6499,#1253);
#942=LINE('',#6503,#1254);
#943=LINE('',#6547,#1255);
#944=LINE('',#6553,#1256);
#945=LINE('',#6558,#1257);
#946=LINE('',#6563,#1258);
#947=LINE('',#6568,#1259);
#948=LINE('',#6572,#1260);
#949=LINE('',#6574,#1261);
#950=LINE('',#6576,#1262);
#951=LINE('',#6578,#1263);
#952=LINE('',#6580,#1264);
#953=LINE('',#6582,#1265);
#954=LINE('',#6584,#1266);
#955=LINE('',#6586,#1267);
#956=LINE('',#6588,#1268);
#957=VECTOR('',#3593,10.);
#958=VECTOR('',#3594,10.);
#959=VECTOR('',#3595,10.);
#960=VECTOR('',#3596,10.);
#961=VECTOR('',#3599,10.);
#962=VECTOR('',#3600,10.);
#963=VECTOR('',#3601,10.);
#964=VECTOR('',#3604,10.);
#965=VECTOR('',#3605,10.);
#966=VECTOR('',#3606,10.);
#967=VECTOR('',#3609,10.);
#968=VECTOR('',#3612,10.);
#969=VECTOR('',#3615,10.);
#970=VECTOR('',#3618,10.);
#971=VECTOR('',#3621,10.);
#972=VECTOR('',#3626,10.);
#973=VECTOR('',#3629,10.);
#974=VECTOR('',#3632,10.);
#975=VECTOR('',#3635,10.);
#976=VECTOR('',#3638,10.);
#977=VECTOR('',#3641,10.);
#978=VECTOR('',#3656,10.);
#979=VECTOR('',#3657,10.);
#980=VECTOR('',#3658,10.);
#981=VECTOR('',#3661,10.);
#982=VECTOR('',#3662,10.);
#983=VECTOR('',#3663,10.);
#984=VECTOR('',#3664,10.);
#985=VECTOR('',#3665,10.);
#986=VECTOR('',#3666,10.);
#987=VECTOR('',#3679,10.);
#988=VECTOR('',#3680,10.);
#989=VECTOR('',#3693,10.);
#990=VECTOR('',#3694,10.);
#991=VECTOR('',#3705,10.);
#992=VECTOR('',#3718,10.);
#993=VECTOR('',#3719,10.);
#994=VECTOR('',#3732,10.);
#995=VECTOR('',#3733,10.);
#996=VECTOR('',#3744,10.);
#997=VECTOR('',#3747,10.);
#998=VECTOR('',#3748,10.);
#999=VECTOR('',#3751,10.);
#1000=VECTOR('',#3752,10.);
#1001=VECTOR('',#3753,10.);
#1002=VECTOR('',#3754,10.);
#1003=VECTOR('',#3757,10.);
#1004=VECTOR('',#3760,10.);
#1005=VECTOR('',#3761,10.);
#1006=VECTOR('',#3762,10.);
#1007=VECTOR('',#3763,10.);
#1008=VECTOR('',#3766,10.);
#1009=VECTOR('',#3767,10.);
#1010=VECTOR('',#3768,10.);
#1011=VECTOR('',#3771,10.);
#1012=VECTOR('',#3772,10.);
#1013=VECTOR('',#3775,10.);
#1014=VECTOR('',#3778,10.);
#1015=VECTOR('',#3779,10.);
#1016=VECTOR('',#3782,10.);
#1017=VECTOR('',#3783,10.);
#1018=VECTOR('',#3784,10.);
#1019=VECTOR('',#3787,4.5);
#1020=VECTOR('',#3796,4.5);
#1021=VECTOR('',#3805,2.5);
#1022=VECTOR('',#3808,10.);
#1023=VECTOR('',#3809,10.);
#1024=VECTOR('',#3812,10.);
#1025=VECTOR('',#3815,10.);
#1026=VECTOR('',#3816,10.);
#1027=VECTOR('',#3819,10.);
#1028=VECTOR('',#3824,10.);
#1029=VECTOR('',#3825,10.);
#1030=VECTOR('',#3826,5.5);
#1031=VECTOR('',#3829,2.5);
#1032=VECTOR('',#3832,10.);
#1033=VECTOR('',#3833,10.);
#1034=VECTOR('',#3836,10.);
#1035=VECTOR('',#3839,10.);
#1036=VECTOR('',#3842,10.);
#1037=VECTOR('',#3843,10.);
#1038=VECTOR('',#3848,10.);
#1039=VECTOR('',#3849,10.);
#1040=VECTOR('',#3850,10.);
#1041=VECTOR('',#3851,10.);
#1042=VECTOR('',#3852,10.);
#1043=VECTOR('',#3853,10.);
#1044=VECTOR('',#3854,10.);
#1045=VECTOR('',#3855,10.);
#1046=VECTOR('',#3858,10.);
#1047=VECTOR('',#3859,10.);
#1048=VECTOR('',#3860,10.);
#1049=VECTOR('',#3865,10.);
#1050=VECTOR('',#3870,10.);
#1051=VECTOR('',#3873,10.);
#1052=VECTOR('',#3876,10.);
#1053=VECTOR('',#3879,10.);
#1054=VECTOR('',#3880,10.);
#1055=VECTOR('',#3881,10.);
#1056=VECTOR('',#3882,10.);
#1057=VECTOR('',#3883,10.);
#1058=VECTOR('',#3888,10.);
#1059=VECTOR('',#3891,10.);
#1060=VECTOR('',#3898,10.);
#1061=VECTOR('',#3901,10.);
#1062=VECTOR('',#3912,10.);
#1063=VECTOR('',#3917,10.);
#1064=VECTOR('',#3920,10.);
#1065=VECTOR('',#3925,10.);
#1066=VECTOR('',#3930,10.);
#1067=VECTOR('',#3937,10.);
#1068=VECTOR('',#3942,10.);
#1069=VECTOR('',#3943,10.);
#1070=VECTOR('',#3950,10.);
#1071=VECTOR('',#3951,10.);
#1072=VECTOR('',#3952,10.);
#1073=VECTOR('',#3957,10.);
#1074=VECTOR('',#3958,10.);
#1075=VECTOR('',#3959,10.);
#1076=VECTOR('',#3962,10.);
#1077=VECTOR('',#3963,10.);
#1078=VECTOR('',#3964,10.);
#1079=VECTOR('',#3967,10.);
#1080=VECTOR('',#3968,10.);
#1081=VECTOR('',#3969,10.);
#1082=VECTOR('',#3970,10.);
#1083=VECTOR('',#3971,10.);
#1084=VECTOR('',#3972,10.);
#1085=VECTOR('',#3973,10.);
#1086=VECTOR('',#3974,10.);
#1087=VECTOR('',#3975,10.);
#1088=VECTOR('',#3976,10.);
#1089=VECTOR('',#3977,10.);
#1090=VECTOR('',#3978,10.);
#1091=VECTOR('',#3981,10.);
#1092=VECTOR('',#3984,10.);
#1093=VECTOR('',#3991,10.);
#1094=VECTOR('',#3994,10.);
#1095=VECTOR('',#3999,10.);
#1096=VECTOR('',#4002,10.);
#1097=VECTOR('',#4003,10.);
#1098=VECTOR('',#4004,10.);
#1099=VECTOR('',#4007,10.);
#1100=VECTOR('',#4010,10.);
#1101=VECTOR('',#4011,10.);
#1102=VECTOR('',#4012,10.);
#1103=VECTOR('',#4013,10.);
#1104=VECTOR('',#4014,10.);
#1105=VECTOR('',#4017,10.);
#1106=VECTOR('',#4018,10.);
#1107=VECTOR('',#4031,10.);
#1108=VECTOR('',#4034,10.);
#1109=VECTOR('',#4037,10.);
#1110=VECTOR('',#4038,10.);
#1111=VECTOR('',#4041,10.);
#1112=VECTOR('',#4042,10.);
#1113=VECTOR('',#4043,10.);
#1114=VECTOR('',#4046,10.);
#1115=VECTOR('',#4047,10.);
#1116=VECTOR('',#4048,10.);
#1117=VECTOR('',#4049,10.);
#1118=VECTOR('',#4052,10.);
#1119=VECTOR('',#4055,10.);
#1120=VECTOR('',#4056,10.);
#1121=VECTOR('',#4057,10.);
#1122=VECTOR('',#4058,10.);
#1123=VECTOR('',#4061,10.);
#1124=VECTOR('',#4062,10.);
#1125=VECTOR('',#4063,10.);
#1126=VECTOR('',#4064,10.);
#1127=VECTOR('',#4065,10.);
#1128=VECTOR('',#4068,10.);
#1129=VECTOR('',#4075,10.);
#1130=VECTOR('',#4078,10.);
#1131=VECTOR('',#4081,10.);
#1132=VECTOR('',#4084,10.);
#1133=VECTOR('',#4085,10.);
#1134=VECTOR('',#4090,10.);
#1135=VECTOR('',#4093,10.);
#1136=VECTOR('',#4096,10.);
#1137=VECTOR('',#4097,10.);
#1138=VECTOR('',#4098,10.);
#1139=VECTOR('',#4105,10.);
#1140=VECTOR('',#4106,10.);
#1141=VECTOR('',#4107,10.);
#1142=VECTOR('',#4108,10.);
#1143=VECTOR('',#4111,10.);
#1144=VECTOR('',#4112,10.);
#1145=VECTOR('',#4113,10.);
#1146=VECTOR('',#4118,10.);
#1147=VECTOR('',#4121,10.);
#1148=VECTOR('',#4124,10.);
#1149=VECTOR('',#4125,10.);
#1150=VECTOR('',#4130,10.);
#1151=VECTOR('',#4133,10.);
#1152=VECTOR('',#4140,10.);
#1153=VECTOR('',#4143,10.);
#1154=VECTOR('',#4146,10.);
#1155=VECTOR('',#4147,10.);
#1156=VECTOR('',#4152,10.);
#1157=VECTOR('',#4155,10.);
#1158=VECTOR('',#4160,10.);
#1159=VECTOR('',#4169,10.);
#1160=VECTOR('',#4172,10.);
#1161=VECTOR('',#4175,10.);
#1162=VECTOR('',#4176,10.);
#1163=VECTOR('',#4179,10.);
#1164=VECTOR('',#4182,10.);
#1165=VECTOR('',#4189,10.);
#1166=VECTOR('',#4192,10.);
#1167=VECTOR('',#4193,10.);
#1168=VECTOR('',#4202,10.);
#1169=VECTOR('',#4203,10.);
#1170=VECTOR('',#4206,10.);
#1171=VECTOR('',#4207,10.);
#1172=VECTOR('',#4210,10.);
#1173=VECTOR('',#4211,10.);
#1174=VECTOR('',#4214,10.);
#1175=VECTOR('',#4215,10.);
#1176=VECTOR('',#4218,10.);
#1177=VECTOR('',#4221,10.);
#1178=VECTOR('',#4224,10.);
#1179=VECTOR('',#4225,10.);
#1180=VECTOR('',#4228,10.);
#1181=VECTOR('',#4231,10.);
#1182=VECTOR('',#4234,10.);
#1183=VECTOR('',#4237,10.);
#1184=VECTOR('',#4240,10.);
#1185=VECTOR('',#4243,10.);
#1186=VECTOR('',#4246,10.);
#1187=VECTOR('',#4249,10.);
#1188=VECTOR('',#4252,10.);
#1189=VECTOR('',#4255,10.);
#1190=VECTOR('',#4258,10.);
#1191=VECTOR('',#4261,10.);
#1192=VECTOR('',#4264,10.);
#1193=VECTOR('',#4267,10.);
#1194=VECTOR('',#4270,10.);
#1195=VECTOR('',#4271,10.);
#1196=VECTOR('',#4272,10.);
#1197=VECTOR('',#4273,10.);
#1198=VECTOR('',#4274,10.);
#1199=VECTOR('',#4275,10.);
#1200=VECTOR('',#4278,10.);
#1201=VECTOR('',#4281,10.);
#1202=VECTOR('',#4282,10.);
#1203=VECTOR('',#4283,10.);
#1204=VECTOR('',#4284,10.);
#1205=VECTOR('',#4287,10.);
#1206=VECTOR('',#4288,10.);
#1207=VECTOR('',#4289,10.);
#1208=VECTOR('',#4290,10.);
#1209=VECTOR('',#4291,10.);
#1210=VECTOR('',#4294,10.);
#1211=VECTOR('',#4295,10.);
#1212=VECTOR('',#4296,10.);
#1213=VECTOR('',#4297,10.);
#1214=VECTOR('',#4300,10.);
#1215=VECTOR('',#4301,10.);
#1216=VECTOR('',#4302,10.);
#1217=VECTOR('',#4303,10.);
#1218=VECTOR('',#4306,10.);
#1219=VECTOR('',#4307,10.);
#1220=VECTOR('',#4308,10.);
#1221=VECTOR('',#4309,10.);
#1222=VECTOR('',#4310,10.);
#1223=VECTOR('',#4311,10.);
#1224=VECTOR('',#4314,10.);
#1225=VECTOR('',#4315,10.);
#1226=VECTOR('',#4316,10.);
#1227=VECTOR('',#4317,10.);
#1228=VECTOR('',#4318,10.);
#1229=VECTOR('',#4319,10.);
#1230=VECTOR('',#4320,10.);
#1231=VECTOR('',#4321,10.);
#1232=VECTOR('',#4322,10.);
#1233=VECTOR('',#4323,10.);
#1234=VECTOR('',#4324,10.);
#1235=VECTOR('',#4327,10.);
#1236=VECTOR('',#4330,10.);
#1237=VECTOR('',#4333,10.);
#1238=VECTOR('',#4336,10.);
#1239=VECTOR('',#4339,10.);
#1240=VECTOR('',#4344,10.);
#1241=VECTOR('',#4349,10.);
#1242=VECTOR('',#4350,10.);
#1243=VECTOR('',#4353,10.);
#1244=VECTOR('',#4356,10.);
#1245=VECTOR('',#4359,10.);
#1246=VECTOR('',#4366,10.);
#1247=VECTOR('',#4369,10.);
#1248=VECTOR('',#4374,10.);
#1249=VECTOR('',#4379,1.5);
#1250=VECTOR('',#4384,1.5);
#1251=VECTOR('',#4385,10.);
#1252=VECTOR('',#4386,10.);
#1253=VECTOR('',#4391,10.);
#1254=VECTOR('',#4396,10.);
#1255=VECTOR('',#4401,1.5);
#1256=VECTOR('',#4410,2.9);
#1257=VECTOR('',#4417,2.89999999999999);
#1258=VECTOR('',#4424,2.9);
#1259=VECTOR('',#4431,2.75);
#1260=VECTOR('',#4438,10.);
#1261=VECTOR('',#4441,10.);
#1262=VECTOR('',#4444,10.);
#1263=VECTOR('',#4447,10.);
#1264=VECTOR('',#4450,10.);
#1265=VECTOR('',#4453,10.);
#1266=VECTOR('',#4456,10.);
#1267=VECTOR('',#4459,10.);
#1268=VECTOR('',#4462,10.);
#1269=VERTEX_POINT('',#4467);
#1270=VERTEX_POINT('',#4468);
#1271=VERTEX_POINT('',#4470);
#1272=VERTEX_POINT('',#4472);
#1273=VERTEX_POINT('',#4476);
#1274=VERTEX_POINT('',#4478);
#1275=VERTEX_POINT('',#4482);
#1276=VERTEX_POINT('',#4484);
#1277=VERTEX_POINT('',#4488);
#1278=VERTEX_POINT('',#4490);
#1279=VERTEX_POINT('',#4492);
#1280=VERTEX_POINT('',#4494);
#1281=VERTEX_POINT('',#4496);
#1282=VERTEX_POINT('',#4498);
#1283=VERTEX_POINT('',#4500);
#1284=VERTEX_POINT('',#4502);
#1285=VERTEX_POINT('',#4504);
#1286=VERTEX_POINT('',#4506);
#1287=VERTEX_POINT('',#4508);
#1288=VERTEX_POINT('',#4510);
#1289=VERTEX_POINT('',#4512);
#1290=VERTEX_POINT('',#4514);
#1291=VERTEX_POINT('',#4516);
#1292=VERTEX_POINT('',#4518);
#1293=VERTEX_POINT('',#4520);
#1294=VERTEX_POINT('',#4522);
#1295=VERTEX_POINT('',#4524);
#1296=VERTEX_POINT('',#4526);
#1297=VERTEX_POINT('',#4528);
#1298=VERTEX_POINT('',#4531);
#1299=VERTEX_POINT('',#4533);
#1300=VERTEX_POINT('',#4535);
#1301=VERTEX_POINT('',#4537);
#1302=VERTEX_POINT('',#4539);
#1303=VERTEX_POINT('',#4541);
#1304=VERTEX_POINT('',#4544);
#1305=VERTEX_POINT('',#4546);
#1306=VERTEX_POINT('',#4550);
#1307=VERTEX_POINT('',#4552);
#1308=VERTEX_POINT('',#4554);
#1309=VERTEX_POINT('',#4556);
#1310=VERTEX_POINT('',#4558);
#1311=VERTEX_POINT('',#4562);
#1312=VERTEX_POINT('',#4563);
#1313=VERTEX_POINT('',#4565);
#1314=VERTEX_POINT('',#4567);
#1315=VERTEX_POINT('',#4582);
#1316=VERTEX_POINT('',#4583);
#1317=VERTEX_POINT('',#4588);
#1318=VERTEX_POINT('',#4589);
#1319=VERTEX_POINT('',#4594);
#1320=VERTEX_POINT('',#4595);
#1321=VERTEX_POINT('',#4600);
#1322=VERTEX_POINT('',#4601);
#1323=VERTEX_POINT('',#4620);
#1324=VERTEX_POINT('',#4621);
#1325=VERTEX_POINT('',#4623);
#1326=VERTEX_POINT('',#4625);
#1327=VERTEX_POINT('',#4642);
#1328=VERTEX_POINT('',#4643);
#1329=VERTEX_POINT('',#4648);
#1330=VERTEX_POINT('',#4649);
#1331=VERTEX_POINT('',#4654);
#1332=VERTEX_POINT('',#4655);
#1333=VERTEX_POINT('',#4660);
#1334=VERTEX_POINT('',#4661);
#1335=VERTEX_POINT('',#4682);
#1336=VERTEX_POINT('',#4683);
#1337=VERTEX_POINT('',#4685);
#1338=VERTEX_POINT('',#4687);
#1339=VERTEX_POINT('',#4689);
#1340=VERTEX_POINT('',#4691);
#1341=VERTEX_POINT('',#4693);
#1342=VERTEX_POINT('',#4695);
#1343=VERTEX_POINT('',#4697);
#1344=VERTEX_POINT('',#4699);
#1345=VERTEX_POINT('',#4701);
#1346=VERTEX_POINT('',#4703);
#1347=VERTEX_POINT('',#4705);
#1348=VERTEX_POINT('',#4707);
#1349=VERTEX_POINT('',#4709);
#1350=VERTEX_POINT('',#4711);
#1351=VERTEX_POINT('',#4713);
#1352=VERTEX_POINT('',#4715);
#1353=VERTEX_POINT('',#4717);
#1354=VERTEX_POINT('',#4719);
#1355=VERTEX_POINT('',#4721);
#1356=VERTEX_POINT('',#4723);
#1357=VERTEX_POINT('',#4725);
#1358=VERTEX_POINT('',#4727);
#1359=VERTEX_POINT('',#4729);
#1360=VERTEX_POINT('',#4731);
#1361=VERTEX_POINT('',#4733);
#1362=VERTEX_POINT('',#4735);
#1363=VERTEX_POINT('',#4737);
#1364=VERTEX_POINT('',#4739);
#1365=VERTEX_POINT('',#4743);
#1366=VERTEX_POINT('',#4747);
#1367=VERTEX_POINT('',#4750);
#1368=VERTEX_POINT('',#4754);
#1369=VERTEX_POINT('',#4770);
#1370=VERTEX_POINT('',#4772);
#1371=VERTEX_POINT('',#4789);
#1372=VERTEX_POINT('',#4791);
#1373=VERTEX_POINT('',#4793);
#1374=VERTEX_POINT('',#4795);
#1375=VERTEX_POINT('',#4797);
#1376=VERTEX_POINT('',#4799);
#1377=VERTEX_POINT('',#4801);
#1378=VERTEX_POINT('',#4803);
#1379=VERTEX_POINT('',#4805);
#1380=VERTEX_POINT('',#4807);
#1381=VERTEX_POINT('',#4809);
#1382=VERTEX_POINT('',#4813);
#1383=VERTEX_POINT('',#4817);
#1384=VERTEX_POINT('',#4819);
#1385=VERTEX_POINT('',#4821);
#1386=VERTEX_POINT('',#4823);
#1387=VERTEX_POINT('',#4825);
#1388=VERTEX_POINT('',#4829);
#1389=VERTEX_POINT('',#4831);
#1390=VERTEX_POINT('',#4833);
#1391=VERTEX_POINT('',#4835);
#1392=VERTEX_POINT('',#4878);
#1393=VERTEX_POINT('',#4879);
#1394=VERTEX_POINT('',#4900);
#1395=VERTEX_POINT('',#4906);
#1396=VERTEX_POINT('',#4925);
#1397=VERTEX_POINT('',#4931);
#1398=VERTEX_POINT('',#4954);
#1399=VERTEX_POINT('',#4962);
#1400=VERTEX_POINT('',#5025);
#1401=VERTEX_POINT('',#5046);
#1402=VERTEX_POINT('',#5108);
#1403=VERTEX_POINT('',#5109);
#1404=VERTEX_POINT('',#5130);
#1405=VERTEX_POINT('',#5136);
#1406=VERTEX_POINT('',#5155);
#1407=VERTEX_POINT('',#5161);
#1408=VERTEX_POINT('',#5184);
#1409=VERTEX_POINT('',#5192);
#1410=VERTEX_POINT('',#5263);
#1411=VERTEX_POINT('',#5284);
#1412=VERTEX_POINT('',#5307);
#1413=VERTEX_POINT('',#5308);
#1414=VERTEX_POINT('',#5315);
#1415=VERTEX_POINT('',#5317);
#1416=VERTEX_POINT('',#5326);
#1417=VERTEX_POINT('',#5389);
#1418=VERTEX_POINT('',#5452);
#1419=VERTEX_POINT('',#5579);
#1420=VERTEX_POINT('',#5668);
#1421=VERTEX_POINT('',#5669);
#1422=VERTEX_POINT('',#5690);
#1423=VERTEX_POINT('',#5696);
#1424=VERTEX_POINT('',#5715);
#1425=VERTEX_POINT('',#5720);
#1426=VERTEX_POINT('',#5743);
#1427=VERTEX_POINT('',#5751);
#1428=VERTEX_POINT('',#5798);
#1429=VERTEX_POINT('',#5819);
#1430=VERTEX_POINT('',#5842);
#1431=VERTEX_POINT('',#5865);
#1432=VERTEX_POINT('',#5878);
#1433=VERTEX_POINT('',#5879);
#1434=VERTEX_POINT('',#5881);
#1435=VERTEX_POINT('',#5883);
#1436=VERTEX_POINT('',#5885);
#1437=VERTEX_POINT('',#5920);
#1438=VERTEX_POINT('',#5943);
#1439=VERTEX_POINT('',#5968);
#1440=VERTEX_POINT('',#5970);
#1441=VERTEX_POINT('',#5972);
#1442=VERTEX_POINT('',#5976);
#1443=VERTEX_POINT('',#5978);
#1444=VERTEX_POINT('',#5980);
#1445=VERTEX_POINT('',#5982);
#1446=VERTEX_POINT('',#5986);
#1447=VERTEX_POINT('',#5988);
#1448=VERTEX_POINT('',#5992);
#1449=VERTEX_POINT('',#5994);
#1450=VERTEX_POINT('',#5998);
#1451=VERTEX_POINT('',#5999);
#1452=VERTEX_POINT('',#6001);
#1453=VERTEX_POINT('',#6004);
#1454=VERTEX_POINT('',#6006);
#1455=VERTEX_POINT('',#6009);
#1456=VERTEX_POINT('',#6011);
#1457=VERTEX_POINT('',#6014);
#1458=VERTEX_POINT('',#6016);
#1459=VERTEX_POINT('',#6020);
#1460=VERTEX_POINT('',#6022);
#1461=VERTEX_POINT('',#6024);
#1462=VERTEX_POINT('',#6028);
#1463=VERTEX_POINT('',#6030);
#1464=VERTEX_POINT('',#6032);
#1465=VERTEX_POINT('',#6036);
#1466=VERTEX_POINT('',#6038);
#1467=VERTEX_POINT('',#6040);
#1468=VERTEX_POINT('',#6042);
#1469=VERTEX_POINT('',#6044);
#1470=VERTEX_POINT('',#6046);
#1471=VERTEX_POINT('',#6048);
#1472=VERTEX_POINT('',#6050);
#1473=VERTEX_POINT('',#6052);
#1474=VERTEX_POINT('',#6055);
#1475=VERTEX_POINT('',#6057);
#1476=VERTEX_POINT('',#6060);
#1477=VERTEX_POINT('',#6062);
#1478=VERTEX_POINT('',#6064);
#1479=VERTEX_POINT('',#6066);
#1480=VERTEX_POINT('',#6069);
#1481=VERTEX_POINT('',#6071);
#1482=VERTEX_POINT('',#6073);
#1483=VERTEX_POINT('',#6074);
#1484=VERTEX_POINT('',#6091);
#1485=VERTEX_POINT('',#6093);
#1486=VERTEX_POINT('',#6111);
#1487=VERTEX_POINT('',#6113);
#1488=VERTEX_POINT('',#6114);
#1489=VERTEX_POINT('',#6116);
#1490=VERTEX_POINT('',#6118);
#1491=VERTEX_POINT('',#6120);
#1492=VERTEX_POINT('',#6122);
#1493=VERTEX_POINT('',#6124);
#1494=VERTEX_POINT('',#6126);
#1495=VERTEX_POINT('',#6128);
#1496=VERTEX_POINT('',#6130);
#1497=VERTEX_POINT('',#6132);
#1498=VERTEX_POINT('',#6134);
#1499=VERTEX_POINT('',#6136);
#1500=VERTEX_POINT('',#6138);
#1501=VERTEX_POINT('',#6140);
#1502=VERTEX_POINT('',#6142);
#1503=VERTEX_POINT('',#6144);
#1504=VERTEX_POINT('',#6146);
#1505=VERTEX_POINT('',#6148);
#1506=VERTEX_POINT('',#6150);
#1507=VERTEX_POINT('',#6152);
#1508=VERTEX_POINT('',#6154);
#1509=VERTEX_POINT('',#6156);
#1510=VERTEX_POINT('',#6158);
#1511=VERTEX_POINT('',#6160);
#1512=VERTEX_POINT('',#6162);
#1513=VERTEX_POINT('',#6164);
#1514=VERTEX_POINT('',#6166);
#1515=VERTEX_POINT('',#6168);
#1516=VERTEX_POINT('',#6170);
#1517=VERTEX_POINT('',#6178);
#1518=VERTEX_POINT('',#6180);
#1519=VERTEX_POINT('',#6184);
#1520=VERTEX_POINT('',#6188);
#1521=VERTEX_POINT('',#6194);
#1522=VERTEX_POINT('',#6201);
#1523=VERTEX_POINT('',#6203);
#1524=VERTEX_POINT('',#6205);
#1525=VERTEX_POINT('',#6209);
#1526=VERTEX_POINT('',#6211);
#1527=VERTEX_POINT('',#6215);
#1528=VERTEX_POINT('',#6221);
#1529=VERTEX_POINT('',#6225);
#1530=VERTEX_POINT('',#6232);
#1531=VERTEX_POINT('',#6238);
#1532=VERTEX_POINT('',#6242);
#1533=VERTEX_POINT('',#6249);
#1534=VERTEX_POINT('',#6255);
#1535=VERTEX_POINT('',#6257);
#1536=VERTEX_POINT('',#6261);
#1537=VERTEX_POINT('',#6267);
#1538=VERTEX_POINT('',#6271);
#1539=VERTEX_POINT('',#6275);
#1540=VERTEX_POINT('',#6281);
#1541=VERTEX_POINT('',#6283);
#1542=VERTEX_POINT('',#6287);
#1543=VERTEX_POINT('',#6291);
#1544=VERTEX_POINT('',#6295);
#1545=VERTEX_POINT('',#6334);
#1546=VERTEX_POINT('',#6336);
#1547=VERTEX_POINT('',#6338);
#1548=VERTEX_POINT('',#6340);
#1549=VERTEX_POINT('',#6342);
#1550=VERTEX_POINT('',#6348);
#1551=VERTEX_POINT('',#6349);
#1552=VERTEX_POINT('',#6351);
#1553=VERTEX_POINT('',#6356);
#1554=VERTEX_POINT('',#6358);
#1555=VERTEX_POINT('',#6360);
#1556=VERTEX_POINT('',#6362);
#1557=VERTEX_POINT('',#6366);
#1558=VERTEX_POINT('',#6368);
#1559=VERTEX_POINT('',#6370);
#1560=VERTEX_POINT('',#6374);
#1561=VERTEX_POINT('',#6376);
#1562=VERTEX_POINT('',#6378);
#1563=VERTEX_POINT('',#6382);
#1564=VERTEX_POINT('',#6385);
#1565=VERTEX_POINT('',#6387);
#1566=VERTEX_POINT('',#6389);
#1567=VERTEX_POINT('',#6393);
#1568=VERTEX_POINT('',#6395);
#1569=VERTEX_POINT('',#6398);
#1570=VERTEX_POINT('',#6400);
#1571=VERTEX_POINT('',#6403);
#1572=VERTEX_POINT('',#6405);
#1573=VERTEX_POINT('',#6407);
#1574=VERTEX_POINT('',#6409);
#1575=VERTEX_POINT('',#6445);
#1576=VERTEX_POINT('',#6449);
#1577=VERTEX_POINT('',#6476);
#1578=VERTEX_POINT('',#6477);
#1579=VERTEX_POINT('',#6497);
#1580=VERTEX_POINT('',#6501);
#1581=VERTEX_POINT('',#6545);
#1582=VERTEX_POINT('',#6551);
#1583=VERTEX_POINT('',#6556);
#1584=VERTEX_POINT('',#6561);
#1585=VERTEX_POINT('',#6566);
#1586=EDGE_CURVE('',#1269,#1270,#645,.T.);
#1587=EDGE_CURVE('',#1270,#1271,#646,.T.);
#1588=EDGE_CURVE('',#1271,#1272,#647,.T.);
#1589=EDGE_CURVE('',#1272,#1269,#648,.T.);
#1590=EDGE_CURVE('',#1272,#1273,#649,.T.);
#1591=EDGE_CURVE('',#1273,#1274,#650,.T.);
#1592=EDGE_CURVE('',#1274,#1269,#651,.T.);
#1593=EDGE_CURVE('',#1273,#1275,#652,.T.);
#1594=EDGE_CURVE('',#1275,#1276,#653,.T.);
#1595=EDGE_CURVE('',#1276,#1274,#654,.T.);
#1596=EDGE_CURVE('',#1271,#1277,#655,.T.);
#1597=EDGE_CURVE('',#1277,#1278,#160,.T.);
#1598=EDGE_CURVE('',#1278,#1279,#656,.T.);
#1599=EDGE_CURVE('',#1279,#1280,#161,.T.);
#1600=EDGE_CURVE('',#1280,#1281,#657,.T.);
#1601=EDGE_CURVE('',#1281,#1282,#162,.T.);
#1602=EDGE_CURVE('',#1282,#1283,#658,.T.);
#1603=EDGE_CURVE('',#1283,#1284,#163,.T.);
#1604=EDGE_CURVE('',#1284,#1285,#659,.T.);
#1605=EDGE_CURVE('',#1285,#1286,#164,.T.);
#1606=EDGE_CURVE('',#1286,#1287,#165,.T.);
#1607=EDGE_CURVE('',#1287,#1288,#660,.T.);
#1608=EDGE_CURVE('',#1288,#1289,#166,.T.);
#1609=EDGE_CURVE('',#1289,#1290,#661,.T.);
#1610=EDGE_CURVE('',#1290,#1291,#167,.T.);
#1611=EDGE_CURVE('',#1291,#1292,#662,.T.);
#1612=EDGE_CURVE('',#1292,#1293,#168,.T.);
#1613=EDGE_CURVE('',#1293,#1294,#663,.T.);
#1614=EDGE_CURVE('',#1294,#1295,#169,.T.);
#1615=EDGE_CURVE('',#1295,#1296,#664,.T.);
#1616=EDGE_CURVE('',#1296,#1297,#170,.T.);
#1617=EDGE_CURVE('',#1297,#1275,#665,.T.);
#1618=EDGE_CURVE('',#1298,#1298,#171,.T.);
#1619=EDGE_CURVE('',#1299,#1299,#172,.T.);
#1620=EDGE_CURVE('',#1300,#1300,#173,.T.);
#1621=EDGE_CURVE('',#1301,#1301,#174,.T.);
#1622=EDGE_CURVE('',#1302,#1302,#175,.T.);
#1623=EDGE_CURVE('',#1303,#1303,#176,.T.);
#1624=EDGE_CURVE('',#1304,#1270,#666,.T.);
#1625=EDGE_CURVE('',#1305,#1304,#667,.T.);
#1626=EDGE_CURVE('',#1305,#1277,#668,.T.);
#1627=EDGE_CURVE('',#1306,#1269,#669,.T.);
#1628=EDGE_CURVE('',#1307,#1306,#670,.T.);
#1629=EDGE_CURVE('',#1308,#1307,#671,.T.);
#1630=EDGE_CURVE('',#1309,#1308,#672,.T.);
#1631=EDGE_CURVE('',#1309,#1310,#673,.T.);
#1632=EDGE_CURVE('',#1304,#1310,#674,.T.);
#1633=EDGE_CURVE('',#1311,#1312,#177,.T.);
#1634=EDGE_CURVE('',#1312,#1313,#178,.T.);
#1635=EDGE_CURVE('',#1313,#1314,#83,.F.);
#1636=EDGE_CURVE('',#1314,#1311,#179,.T.);
#1637=EDGE_CURVE('',#1315,#1316,#180,.T.);
#1638=EDGE_CURVE('',#1316,#1312,#675,.T.);
#1639=EDGE_CURVE('',#1311,#1315,#676,.T.);
#1640=EDGE_CURVE('',#1317,#1318,#181,.T.);
#1641=EDGE_CURVE('',#1318,#1316,#182,.T.);
#1642=EDGE_CURVE('',#1315,#1317,#183,.T.);
#1643=EDGE_CURVE('',#1319,#1320,#184,.T.);
#1644=EDGE_CURVE('',#1320,#1318,#677,.T.);
#1645=EDGE_CURVE('',#1317,#1319,#678,.T.);
#1646=EDGE_CURVE('',#1321,#1322,#84,.F.);
#1647=EDGE_CURVE('',#1322,#1320,#185,.T.);
#1648=EDGE_CURVE('',#1319,#1321,#186,.T.);
#1649=EDGE_CURVE('',#1317,#1315,#187,.T.);
#1650=EDGE_CURVE('',#1321,#1314,#679,.T.);
#1651=EDGE_CURVE('',#1323,#1324,#188,.T.);
#1652=EDGE_CURVE('',#1324,#1325,#189,.T.);
#1653=EDGE_CURVE('',#1325,#1326,#85,.F.);
#1654=EDGE_CURVE('',#1326,#1323,#190,.T.);
#1655=EDGE_CURVE('',#1327,#1328,#191,.T.);
#1656=EDGE_CURVE('',#1328,#1324,#680,.T.);
#1657=EDGE_CURVE('',#1323,#1327,#681,.T.);
#1658=EDGE_CURVE('',#1329,#1330,#192,.T.);
#1659=EDGE_CURVE('',#1330,#1328,#193,.T.);
#1660=EDGE_CURVE('',#1327,#1329,#194,.T.);
#1661=EDGE_CURVE('',#1331,#1332,#195,.T.);
#1662=EDGE_CURVE('',#1332,#1330,#682,.T.);
#1663=EDGE_CURVE('',#1329,#1331,#683,.T.);
#1664=EDGE_CURVE('',#1333,#1334,#86,.F.);
#1665=EDGE_CURVE('',#1334,#1332,#196,.T.);
#1666=EDGE_CURVE('',#1331,#1333,#197,.T.);
#1667=EDGE_CURVE('',#1329,#1327,#198,.T.);
#1668=EDGE_CURVE('',#1333,#1326,#684,.T.);
#1669=EDGE_CURVE('',#1335,#1336,#685,.T.);
#1670=EDGE_CURVE('',#1337,#1335,#686,.T.);
#1671=EDGE_CURVE('',#1338,#1337,#199,.T.);
#1672=EDGE_CURVE('',#1339,#1338,#687,.T.);
#1673=EDGE_CURVE('',#1340,#1339,#688,.T.);
#1674=EDGE_CURVE('',#1341,#1340,#689,.T.);
#1675=EDGE_CURVE('',#1342,#1341,#690,.T.);
#1676=EDGE_CURVE('',#1343,#1342,#200,.T.);
#1677=EDGE_CURVE('',#1344,#1343,#691,.T.);
#1678=EDGE_CURVE('',#1345,#1344,#201,.T.);
#1679=EDGE_CURVE('',#1346,#1345,#692,.T.);
#1680=EDGE_CURVE('',#1347,#1346,#693,.T.);
#1681=EDGE_CURVE('',#1348,#1347,#694,.T.);
#1682=EDGE_CURVE('',#1349,#1348,#695,.T.);
#1683=EDGE_CURVE('',#1350,#1349,#202,.T.);
#1684=EDGE_CURVE('',#1351,#1350,#696,.T.);
#1685=EDGE_CURVE('',#1352,#1351,#697,.T.);
#1686=EDGE_CURVE('',#1353,#1352,#698,.T.);
#1687=EDGE_CURVE('',#1354,#1353,#203,.T.);
#1688=EDGE_CURVE('',#1355,#1354,#699,.T.);
#1689=EDGE_CURVE('',#1356,#1355,#700,.T.);
#1690=EDGE_CURVE('',#1357,#1356,#204,.T.);
#1691=EDGE_CURVE('',#1358,#1357,#701,.T.);
#1692=EDGE_CURVE('',#1359,#1358,#205,.T.);
#1693=EDGE_CURVE('',#1360,#1359,#702,.T.);
#1694=EDGE_CURVE('',#1361,#1360,#703,.T.);
#1695=EDGE_CURVE('',#1362,#1361,#206,.T.);
#1696=EDGE_CURVE('',#1363,#1362,#704,.T.);
#1697=EDGE_CURVE('',#1364,#1363,#705,.T.);
#1698=EDGE_CURVE('',#1336,#1364,#706,.T.);
#1699=EDGE_CURVE('',#1329,#1365,#707,.T.);
#1700=EDGE_CURVE('',#1365,#1365,#207,.T.);
#1701=EDGE_CURVE('',#1366,#1366,#208,.T.);
#1702=EDGE_CURVE('',#1315,#1367,#708,.T.);
#1703=EDGE_CURVE('',#1367,#1367,#209,.T.);
#1704=EDGE_CURVE('',#1368,#1368,#210,.T.);
#1705=EDGE_CURVE('',#1303,#1366,#709,.T.);
#1706=EDGE_CURVE('',#1328,#1281,#710,.T.);
#1707=EDGE_CURVE('',#1324,#1280,#711,.T.);
#1708=EDGE_CURVE('',#1325,#1279,#712,.T.);
#1709=EDGE_CURVE('',#1284,#1334,#713,.T.);
#1710=EDGE_CURVE('',#1332,#1283,#714,.T.);
#1711=EDGE_CURVE('',#1330,#1282,#715,.T.);
#1712=EDGE_CURVE('',#1369,#1278,#716,.T.);
#1713=EDGE_CURVE('',#1370,#1369,#717,.T.);
#1714=EDGE_CURVE('',#1285,#1370,#718,.T.);
#1715=EDGE_CURVE('',#1302,#1368,#719,.T.);
#1716=EDGE_CURVE('',#1318,#1293,#720,.T.);
#1717=EDGE_CURVE('',#1316,#1292,#721,.T.);
#1718=EDGE_CURVE('',#1312,#1291,#722,.T.);
#1719=EDGE_CURVE('',#1313,#1290,#723,.T.);
#1720=EDGE_CURVE('',#1295,#1322,#724,.T.);
#1721=EDGE_CURVE('',#1320,#1294,#725,.T.);
#1722=EDGE_CURVE('',#1371,#1289,#726,.T.);
#1723=EDGE_CURVE('',#1372,#1371,#727,.T.);
#1724=EDGE_CURVE('',#1373,#1372,#728,.T.);
#1725=EDGE_CURVE('',#1374,#1373,#729,.T.);
#1726=EDGE_CURVE('',#1375,#1374,#730,.T.);
#1727=EDGE_CURVE('',#1376,#1375,#731,.T.);
#1728=EDGE_CURVE('',#1377,#1376,#732,.T.);
#1729=EDGE_CURVE('',#1378,#1377,#733,.T.);
#1730=EDGE_CURVE('',#1378,#1379,#211,.T.);
#1731=EDGE_CURVE('',#1379,#1380,#734,.T.);
#1732=EDGE_CURVE('',#1381,#1380,#735,.T.);
#1733=EDGE_CURVE('',#1381,#1296,#736,.T.);
#1734=EDGE_CURVE('',#1370,#1382,#212,.T.);
#1735=EDGE_CURVE('',#1382,#1286,#737,.T.);
#1736=EDGE_CURVE('',#1383,#1382,#213,.T.);
#1737=EDGE_CURVE('',#1384,#1383,#738,.T.);
#1738=EDGE_CURVE('',#1385,#1384,#214,.T.);
#1739=EDGE_CURVE('',#1386,#1385,#739,.T.);
#1740=EDGE_CURVE('',#1386,#1387,#215,.T.);
#1741=EDGE_CURVE('',#1287,#1387,#740,.T.);
#1742=EDGE_CURVE('',#1276,#1388,#741,.T.);
#1743=EDGE_CURVE('',#1389,#1388,#742,.T.);
#1744=EDGE_CURVE('',#1390,#1389,#743,.T.);
#1745=EDGE_CURVE('',#1391,#1390,#744,.T.);
#1746=EDGE_CURVE('',#1274,#1391,#745,.T.);
#1747=EDGE_CURVE('',#1392,#1393,#87,.F.);
#1748=EDGE_CURVE('',#1393,#1394,#88,.T.);
#1749=EDGE_CURVE('',#1394,#1395,#89,.T.);
#1750=EDGE_CURVE('',#1395,#1396,#90,.T.);
#1751=EDGE_CURVE('',#1397,#1396,#91,.T.);
#1752=EDGE_CURVE('',#1392,#1397,#216,.T.);
#1753=EDGE_CURVE('',#1398,#1393,#746,.T.);
#1754=EDGE_CURVE('',#1394,#1398,#92,.T.);
#1755=EDGE_CURVE('',#1399,#1395,#93,.T.);
#1756=EDGE_CURVE('',#1396,#1399,#747,.T.);
#1757=EDGE_CURVE('',#1400,#1398,#94,.T.);
#1758=EDGE_CURVE('',#1401,#1400,#217,.T.);
#1759=EDGE_CURVE('',#1401,#1399,#95,.F.);
#1760=EDGE_CURVE('',#1402,#1403,#96,.F.);
#1761=EDGE_CURVE('',#1403,#1404,#97,.T.);
#1762=EDGE_CURVE('',#1404,#1405,#98,.T.);
#1763=EDGE_CURVE('',#1405,#1406,#99,.T.);
#1764=EDGE_CURVE('',#1407,#1406,#100,.T.);
#1765=EDGE_CURVE('',#1402,#1407,#218,.T.);
#1766=EDGE_CURVE('',#1408,#1403,#748,.T.);
#1767=EDGE_CURVE('',#1404,#1408,#101,.T.);
#1768=EDGE_CURVE('',#1409,#1405,#102,.T.);
#1769=EDGE_CURVE('',#1406,#1409,#749,.T.);
#1770=EDGE_CURVE('',#1410,#1408,#103,.T.);
#1771=EDGE_CURVE('',#1411,#1410,#219,.T.);
#1772=EDGE_CURVE('',#1411,#1409,#104,.F.);
#1773=EDGE_CURVE('',#1412,#1413,#105,.T.);
#1774=EDGE_CURVE('',#1414,#1413,#220,.T.);
#1775=EDGE_CURVE('',#1414,#1415,#106,.T.);
#1776=EDGE_CURVE('',#1415,#1416,#107,.T.);
#1777=EDGE_CURVE('',#1417,#1416,#221,.T.);
#1778=EDGE_CURVE('',#1417,#1412,#108,.T.);
#1779=EDGE_CURVE('',#1418,#1414,#750,.T.);
#1780=EDGE_CURVE('',#1415,#1418,#109,.T.);
#1781=EDGE_CURVE('',#1416,#1418,#110,.T.);
#1782=EDGE_CURVE('',#1417,#1419,#111,.F.);
#1783=EDGE_CURVE('',#1419,#1412,#112,.T.);
#1784=EDGE_CURVE('',#1420,#1421,#113,.F.);
#1785=EDGE_CURVE('',#1421,#1422,#114,.T.);
#1786=EDGE_CURVE('',#1422,#1423,#115,.T.);
#1787=EDGE_CURVE('',#1423,#1424,#116,.T.);
#1788=EDGE_CURVE('',#1425,#1424,#117,.T.);
#1789=EDGE_CURVE('',#1420,#1425,#222,.T.);
#1790=EDGE_CURVE('',#1426,#1421,#751,.T.);
#1791=EDGE_CURVE('',#1422,#1426,#118,.T.);
#1792=EDGE_CURVE('',#1427,#1423,#119,.T.);
#1793=EDGE_CURVE('',#1424,#1427,#752,.T.);
#1794=EDGE_CURVE('',#1428,#1426,#120,.T.);
#1795=EDGE_CURVE('',#1429,#1428,#223,.T.);
#1796=EDGE_CURVE('',#1429,#1427,#121,.F.);
#1797=EDGE_CURVE('',#1430,#1374,#122,.F.);
#1798=EDGE_CURVE('',#1373,#1431,#123,.F.);
#1799=EDGE_CURVE('',#1431,#1430,#753,.T.);
#1800=EDGE_CURVE('',#1432,#1433,#224,.F.);
#1801=EDGE_CURVE('',#1433,#1434,#754,.T.);
#1802=EDGE_CURVE('',#1435,#1434,#225,.T.);
#1803=EDGE_CURVE('',#1435,#1436,#124,.F.);
#1804=EDGE_CURVE('',#1436,#1378,#226,.T.);
#1805=EDGE_CURVE('',#1377,#1432,#125,.F.);
#1806=EDGE_CURVE('',#1437,#1376,#126,.F.);
#1807=EDGE_CURVE('',#1375,#1438,#127,.F.);
#1808=EDGE_CURVE('',#1438,#1437,#755,.T.);
#1809=EDGE_CURVE('',#1439,#1431,#227,.T.);
#1810=EDGE_CURVE('',#1439,#1440,#756,.T.);
#1811=EDGE_CURVE('',#1441,#1440,#757,.T.);
#1812=EDGE_CURVE('',#1430,#1441,#228,.T.);
#1813=EDGE_CURVE('',#1442,#1438,#229,.T.);
#1814=EDGE_CURVE('',#1443,#1442,#758,.T.);
#1815=EDGE_CURVE('',#1443,#1444,#759,.T.);
#1816=EDGE_CURVE('',#1445,#1444,#760,.T.);
#1817=EDGE_CURVE('',#1437,#1445,#230,.T.);
#1818=EDGE_CURVE('',#1446,#1433,#761,.T.);
#1819=EDGE_CURVE('',#1446,#1447,#762,.T.);
#1820=EDGE_CURVE('',#1434,#1447,#763,.T.);
#1821=EDGE_CURVE('',#1447,#1448,#764,.T.);
#1822=EDGE_CURVE('',#1449,#1448,#765,.T.);
#1823=EDGE_CURVE('',#1435,#1449,#766,.T.);
#1824=EDGE_CURVE('',#1450,#1451,#767,.T.);
#1825=EDGE_CURVE('',#1450,#1452,#768,.T.);
#1826=EDGE_CURVE('',#1448,#1452,#769,.T.);
#1827=EDGE_CURVE('',#1446,#1453,#770,.T.);
#1828=EDGE_CURVE('',#1454,#1453,#771,.T.);
#1829=EDGE_CURVE('',#1444,#1454,#772,.T.);
#1830=EDGE_CURVE('',#1443,#1455,#773,.T.);
#1831=EDGE_CURVE('',#1456,#1455,#774,.T.);
#1832=EDGE_CURVE('',#1440,#1456,#775,.T.);
#1833=EDGE_CURVE('',#1439,#1457,#776,.T.);
#1834=EDGE_CURVE('',#1458,#1457,#777,.T.);
#1835=EDGE_CURVE('',#1458,#1451,#778,.T.);
#1836=EDGE_CURVE('',#1432,#1459,#779,.T.);
#1837=EDGE_CURVE('',#1460,#1377,#231,.T.);
#1838=EDGE_CURVE('',#1460,#1461,#780,.T.);
#1839=EDGE_CURVE('',#1459,#1461,#232,.T.);
#1840=EDGE_CURVE('',#1462,#1375,#233,.T.);
#1841=EDGE_CURVE('',#1462,#1463,#781,.T.);
#1842=EDGE_CURVE('',#1464,#1463,#234,.T.);
#1843=EDGE_CURVE('',#1464,#1442,#782,.T.);
#1844=EDGE_CURVE('',#1451,#1465,#235,.T.);
#1845=EDGE_CURVE('',#1465,#1466,#783,.T.);
#1846=EDGE_CURVE('',#1466,#1467,#236,.T.);
#1847=EDGE_CURVE('',#1467,#1468,#784,.T.);
#1848=EDGE_CURVE('',#1468,#1469,#785,.T.);
#1849=EDGE_CURVE('',#1469,#1470,#786,.T.);
#1850=EDGE_CURVE('',#1470,#1471,#237,.T.);
#1851=EDGE_CURVE('',#1471,#1472,#787,.T.);
#1852=EDGE_CURVE('',#1472,#1473,#238,.T.);
#1853=EDGE_CURVE('',#1473,#1309,#788,.T.);
#1854=EDGE_CURVE('',#1308,#1474,#789,.T.);
#1855=EDGE_CURVE('',#1474,#1475,#790,.T.);
#1856=EDGE_CURVE('',#1475,#1389,#791,.T.);
#1857=EDGE_CURVE('',#1388,#1476,#792,.T.);
#1858=EDGE_CURVE('',#1476,#1477,#239,.T.);
#1859=EDGE_CURVE('',#1477,#1478,#793,.T.);
#1860=EDGE_CURVE('',#1478,#1479,#794,.T.);
#1861=EDGE_CURVE('',#1479,#1450,#240,.T.);
#1862=EDGE_CURVE('',#1480,#1480,#241,.T.);
#1863=EDGE_CURVE('',#1481,#1481,#242,.T.);
#1864=EDGE_CURVE('',#1482,#1483,#128,.T.);
#1865=EDGE_CURVE('',#1483,#1484,#243,.T.);
#1866=EDGE_CURVE('',#1484,#1485,#129,.T.);
#1867=EDGE_CURVE('',#1485,#1482,#244,.T.);
#1868=EDGE_CURVE('',#1486,#1486,#245,.T.);
#1869=EDGE_CURVE('',#1487,#1488,#795,.T.);
#1870=EDGE_CURVE('',#1488,#1489,#246,.T.);
#1871=EDGE_CURVE('',#1489,#1490,#796,.T.);
#1872=EDGE_CURVE('',#1490,#1491,#247,.T.);
#1873=EDGE_CURVE('',#1491,#1492,#797,.T.);
#1874=EDGE_CURVE('',#1492,#1493,#798,.T.);
#1875=EDGE_CURVE('',#1493,#1494,#248,.T.);
#1876=EDGE_CURVE('',#1494,#1495,#799,.T.);
#1877=EDGE_CURVE('',#1495,#1496,#800,.T.);
#1878=EDGE_CURVE('',#1496,#1497,#801,.T.);
#1879=EDGE_CURVE('',#1497,#1498,#249,.T.);
#1880=EDGE_CURVE('',#1498,#1499,#802,.T.);
#1881=EDGE_CURVE('',#1499,#1500,#803,.T.);
#1882=EDGE_CURVE('',#1500,#1501,#804,.T.);
#1883=EDGE_CURVE('',#1501,#1502,#805,.T.);
#1884=EDGE_CURVE('',#1502,#1503,#250,.T.);
#1885=EDGE_CURVE('',#1503,#1504,#806,.T.);
#1886=EDGE_CURVE('',#1504,#1505,#251,.T.);
#1887=EDGE_CURVE('',#1505,#1506,#807,.T.);
#1888=EDGE_CURVE('',#1506,#1507,#808,.T.);
#1889=EDGE_CURVE('',#1507,#1508,#809,.T.);
#1890=EDGE_CURVE('',#1508,#1509,#810,.T.);
#1891=EDGE_CURVE('',#1509,#1510,#252,.T.);
#1892=EDGE_CURVE('',#1510,#1511,#811,.T.);
#1893=EDGE_CURVE('',#1511,#1512,#812,.T.);
#1894=EDGE_CURVE('',#1512,#1513,#813,.T.);
#1895=EDGE_CURVE('',#1513,#1514,#814,.T.);
#1896=EDGE_CURVE('',#1514,#1515,#815,.T.);
#1897=EDGE_CURVE('',#1515,#1516,#253,.T.);
#1898=EDGE_CURVE('',#1516,#1487,#816,.T.);
#1899=EDGE_CURVE('',#1457,#1372,#254,.T.);
#1900=EDGE_CURVE('',#1413,#1419,#817,.T.);
#1901=EDGE_CURVE('',#1517,#1470,#818,.T.);
#1902=EDGE_CURVE('',#1518,#1517,#255,.T.);
#1903=EDGE_CURVE('',#1471,#1518,#819,.T.);
#1904=EDGE_CURVE('',#1519,#1518,#820,.T.);
#1905=EDGE_CURVE('',#1472,#1519,#821,.T.);
#1906=EDGE_CURVE('',#1520,#1519,#256,.T.);
#1907=EDGE_CURVE('',#1473,#1520,#822,.T.);
#1908=EDGE_CURVE('',#1310,#1520,#823,.T.);
#1909=EDGE_CURVE('',#1384,#1521,#824,.T.);
#1910=EDGE_CURVE('',#1517,#1383,#825,.T.);
#1911=EDGE_CURVE('',#1521,#1469,#826,.T.);
#1912=EDGE_CURVE('',#1369,#1305,#257,.T.);
#1913=EDGE_CURVE('',#1522,#1521,#827,.T.);
#1914=EDGE_CURVE('',#1523,#1522,#828,.T.);
#1915=EDGE_CURVE('',#1524,#1523,#829,.T.);
#1916=EDGE_CURVE('',#1524,#1385,#830,.T.);
#1917=EDGE_CURVE('',#1468,#1525,#831,.T.);
#1918=EDGE_CURVE('',#1525,#1526,#832,.T.);
#1919=EDGE_CURVE('',#1526,#1522,#833,.T.);
#1920=EDGE_CURVE('',#1376,#1527,#258,.T.);
#1921=EDGE_CURVE('',#1527,#1460,#834,.T.);
#1922=EDGE_CURVE('',#1453,#1459,#835,.T.);
#1923=EDGE_CURVE('',#1528,#1454,#836,.T.);
#1924=EDGE_CURVE('',#1445,#1528,#837,.T.);
#1925=EDGE_CURVE('',#1529,#1528,#259,.T.);
#1926=EDGE_CURVE('',#1527,#1529,#838,.T.);
#1927=EDGE_CURVE('',#1461,#1529,#839,.T.);
#1928=EDGE_CURVE('',#1374,#1530,#260,.T.);
#1929=EDGE_CURVE('',#1530,#1462,#840,.T.);
#1930=EDGE_CURVE('',#1455,#1464,#841,.T.);
#1931=EDGE_CURVE('',#1531,#1456,#842,.T.);
#1932=EDGE_CURVE('',#1441,#1531,#843,.T.);
#1933=EDGE_CURVE('',#1532,#1531,#261,.T.);
#1934=EDGE_CURVE('',#1530,#1532,#844,.T.);
#1935=EDGE_CURVE('',#1463,#1532,#845,.T.);
#1936=EDGE_CURVE('',#1533,#1479,#846,.T.);
#1937=EDGE_CURVE('',#1452,#1533,#262,.T.);
#1938=EDGE_CURVE('',#1380,#1449,#263,.T.);
#1939=EDGE_CURVE('',#1476,#1534,#847,.T.);
#1940=EDGE_CURVE('',#1535,#1534,#264,.T.);
#1941=EDGE_CURVE('',#1477,#1535,#848,.T.);
#1942=EDGE_CURVE('',#1536,#1535,#849,.T.);
#1943=EDGE_CURVE('',#1478,#1536,#850,.T.);
#1944=EDGE_CURVE('',#1533,#1536,#851,.T.);
#1945=EDGE_CURVE('',#1534,#1537,#852,.T.);
#1946=EDGE_CURVE('',#1537,#1381,#265,.T.);
#1947=EDGE_CURVE('',#1538,#1458,#266,.T.);
#1948=EDGE_CURVE('',#1465,#1538,#853,.T.);
#1949=EDGE_CURVE('',#1539,#1538,#854,.T.);
#1950=EDGE_CURVE('',#1466,#1539,#855,.T.);
#1951=EDGE_CURVE('',#1371,#1539,#267,.T.);
#1952=EDGE_CURVE('',#1467,#1540,#268,.T.);
#1953=EDGE_CURVE('',#1540,#1541,#856,.T.);
#1954=EDGE_CURVE('',#1541,#1467,#857,.T.);
#1955=EDGE_CURVE('',#1542,#1524,#858,.T.);
#1956=EDGE_CURVE('',#1542,#1386,#859,.T.);
#1957=EDGE_CURVE('',#1523,#1543,#860,.T.);
#1958=EDGE_CURVE('',#1543,#1526,#861,.T.);
#1959=EDGE_CURVE('',#1543,#1544,#862,.T.);
#1960=EDGE_CURVE('',#1544,#1525,#863,.T.);
#1961=EDGE_CURVE('',#1544,#1541,#864,.T.);
#1962=EDGE_CURVE('',#1542,#1387,#865,.T.);
#1963=EDGE_CURVE('',#1498,#1349,#866,.T.);
#1964=EDGE_CURVE('',#1497,#1350,#867,.T.);
#1965=EDGE_CURVE('',#1499,#1348,#868,.T.);
#1966=EDGE_CURVE('',#1500,#1347,#869,.T.);
#1967=EDGE_CURVE('',#1501,#1346,#870,.T.);
#1968=EDGE_CURVE('',#1502,#1345,#871,.T.);
#1969=EDGE_CURVE('',#1503,#1344,#872,.T.);
#1970=EDGE_CURVE('',#1504,#1343,#873,.T.);
#1971=EDGE_CURVE('',#1505,#1342,#874,.T.);
#1972=EDGE_CURVE('',#1341,#1506,#875,.T.);
#1973=EDGE_CURVE('',#1507,#1340,#876,.T.);
#1974=EDGE_CURVE('',#1508,#1339,#877,.T.);
#1975=EDGE_CURVE('',#1509,#1338,#878,.T.);
#1976=EDGE_CURVE('',#1510,#1337,#879,.T.);
#1977=EDGE_CURVE('',#1511,#1335,#880,.T.);
#1978=EDGE_CURVE('',#1512,#1336,#881,.T.);
#1979=EDGE_CURVE('',#1475,#1545,#882,.T.);
#1980=EDGE_CURVE('',#1545,#1546,#883,.T.);
#1981=EDGE_CURVE('',#1546,#1547,#884,.T.);
#1982=EDGE_CURVE('',#1547,#1548,#885,.T.);
#1983=EDGE_CURVE('',#1548,#1549,#886,.T.);
#1984=EDGE_CURVE('',#1549,#1390,#887,.T.);
#1985=EDGE_CURVE('',#1537,#1297,#888,.T.);
#1986=EDGE_CURVE('',#1550,#1551,#889,.T.);
#1987=EDGE_CURVE('',#1551,#1552,#890,.T.);
#1988=EDGE_CURVE('',#1552,#1546,#891,.T.);
#1989=EDGE_CURVE('',#1550,#1545,#892,.T.);
#1990=EDGE_CURVE('',#1553,#1550,#893,.T.);
#1991=EDGE_CURVE('',#1474,#1554,#894,.T.);
#1992=EDGE_CURVE('',#1554,#1555,#895,.T.);
#1993=EDGE_CURVE('',#1555,#1556,#896,.T.);
#1994=EDGE_CURVE('',#1556,#1553,#897,.T.);
#1995=EDGE_CURVE('',#1557,#1555,#898,.T.);
#1996=EDGE_CURVE('',#1558,#1554,#899,.T.);
#1997=EDGE_CURVE('',#1558,#1559,#900,.T.);
#1998=EDGE_CURVE('',#1559,#1557,#901,.T.);
#1999=EDGE_CURVE('',#1307,#1560,#902,.T.);
#2000=EDGE_CURVE('',#1560,#1561,#903,.T.);
#2001=EDGE_CURVE('',#1561,#1562,#904,.T.);
#2002=EDGE_CURVE('',#1562,#1558,#905,.T.);
#2003=EDGE_CURVE('',#1563,#1560,#906,.T.);
#2004=EDGE_CURVE('',#1306,#1391,#907,.T.);
#2005=EDGE_CURVE('',#1549,#1564,#908,.T.);
#2006=EDGE_CURVE('',#1564,#1565,#909,.T.);
#2007=EDGE_CURVE('',#1565,#1566,#910,.T.);
#2008=EDGE_CURVE('',#1566,#1563,#911,.T.);
#2009=EDGE_CURVE('',#1567,#1547,#912,.T.);
#2010=EDGE_CURVE('',#1568,#1567,#913,.T.);
#2011=EDGE_CURVE('',#1553,#1568,#914,.T.);
#2012=EDGE_CURVE('',#1569,#1556,#915,.T.);
#2013=EDGE_CURVE('',#1570,#1569,#916,.T.);
#2014=EDGE_CURVE('',#1562,#1570,#917,.T.);
#2015=EDGE_CURVE('',#1571,#1561,#918,.T.);
#2016=EDGE_CURVE('',#1572,#1571,#919,.T.);
#2017=EDGE_CURVE('',#1573,#1572,#920,.T.);
#2018=EDGE_CURVE('',#1574,#1573,#921,.T.);
#2019=EDGE_CURVE('',#1548,#1574,#922,.T.);
#2020=EDGE_CURVE('',#1567,#1552,#923,.T.);
#2021=EDGE_CURVE('',#1574,#1564,#924,.T.);
#2022=EDGE_CURVE('',#1573,#1565,#925,.T.);
#2023=EDGE_CURVE('',#1572,#1566,#926,.T.);
#2024=EDGE_CURVE('',#1563,#1571,#927,.T.);
#2025=EDGE_CURVE('',#1288,#1540,#928,.T.);
#2026=EDGE_CURVE('',#1493,#1354,#929,.T.);
#2027=EDGE_CURVE('',#1492,#1355,#930,.T.);
#2028=EDGE_CURVE('',#1494,#1353,#931,.T.);
#2029=EDGE_CURVE('',#1495,#1352,#932,.T.);
#2030=EDGE_CURVE('',#1496,#1351,#933,.T.);
#2031=EDGE_CURVE('',#1570,#1559,#934,.T.);
#2032=EDGE_CURVE('',#1557,#1569,#935,.T.);
#2033=EDGE_CURVE('',#1568,#1551,#936,.T.);
#2034=EDGE_CURVE('',#1575,#1575,#269,.T.);
#2035=EDGE_CURVE('',#1575,#1480,#937,.T.);
#2036=EDGE_CURVE('',#1576,#1576,#270,.T.);
#2037=EDGE_CURVE('',#1576,#1481,#938,.T.);
#2038=EDGE_CURVE('',#1577,#1578,#130,.T.);
#2039=EDGE_CURVE('',#1577,#1483,#939,.T.);
#2040=EDGE_CURVE('',#1578,#1482,#940,.T.);
#2041=EDGE_CURVE('',#1578,#1579,#271,.T.);
#2042=EDGE_CURVE('',#1579,#1485,#941,.T.);
#2043=EDGE_CURVE('',#1580,#1577,#272,.T.);
#2044=EDGE_CURVE('',#1580,#1484,#942,.T.);
#2045=EDGE_CURVE('',#1579,#1580,#131,.T.);
#2046=EDGE_CURVE('',#1581,#1581,#273,.T.);
#2047=EDGE_CURVE('',#1581,#1486,#943,.T.);
#2048=EDGE_CURVE('',#1582,#1582,#274,.T.);
#2049=EDGE_CURVE('',#1582,#1301,#944,.T.);
#2050=EDGE_CURVE('',#1583,#1583,#275,.T.);
#2051=EDGE_CURVE('',#1583,#1300,#945,.T.);
#2052=EDGE_CURVE('',#1584,#1584,#276,.T.);
#2053=EDGE_CURVE('',#1584,#1299,#946,.T.);
#2054=EDGE_CURVE('',#1585,#1585,#277,.T.);
#2055=EDGE_CURVE('',#1585,#1298,#947,.T.);
#2056=EDGE_CURVE('',#1513,#1364,#948,.T.);
#2057=EDGE_CURVE('',#1514,#1363,#949,.T.);
#2058=EDGE_CURVE('',#1515,#1362,#950,.T.);
#2059=EDGE_CURVE('',#1516,#1361,#951,.T.);
#2060=EDGE_CURVE('',#1487,#1360,#952,.T.);
#2061=EDGE_CURVE('',#1488,#1359,#953,.T.);
#2062=EDGE_CURVE('',#1489,#1358,#954,.T.);
#2063=EDGE_CURVE('',#1490,#1357,#955,.T.);
#2064=EDGE_CURVE('',#1491,#1356,#956,.T.);
#2065=ORIENTED_EDGE('',*,*,#1586,.T.);
#2066=ORIENTED_EDGE('',*,*,#1587,.T.);
#2067=ORIENTED_EDGE('',*,*,#1588,.T.);
#2068=ORIENTED_EDGE('',*,*,#1589,.T.);
#2069=ORIENTED_EDGE('',*,*,#1590,.T.);
#2070=ORIENTED_EDGE('',*,*,#1591,.T.);
#2071=ORIENTED_EDGE('',*,*,#1592,.T.);
#2072=ORIENTED_EDGE('',*,*,#1589,.F.);
#2073=ORIENTED_EDGE('',*,*,#1593,.T.);
#2074=ORIENTED_EDGE('',*,*,#1594,.T.);
#2075=ORIENTED_EDGE('',*,*,#1595,.T.);
#2076=ORIENTED_EDGE('',*,*,#1591,.F.);
#2077=ORIENTED_EDGE('',*,*,#1593,.F.);
#2078=ORIENTED_EDGE('',*,*,#1590,.F.);
#2079=ORIENTED_EDGE('',*,*,#1588,.F.);
#2080=ORIENTED_EDGE('',*,*,#1596,.T.);
#2081=ORIENTED_EDGE('',*,*,#1597,.T.);
#2082=ORIENTED_EDGE('',*,*,#1598,.T.);
#2083=ORIENTED_EDGE('',*,*,#1599,.T.);
#2084=ORIENTED_EDGE('',*,*,#1600,.T.);
#2085=ORIENTED_EDGE('',*,*,#1601,.T.);
#2086=ORIENTED_EDGE('',*,*,#1602,.T.);
#2087=ORIENTED_EDGE('',*,*,#1603,.T.);
#2088=ORIENTED_EDGE('',*,*,#1604,.T.);
#2089=ORIENTED_EDGE('',*,*,#1605,.T.);
#2090=ORIENTED_EDGE('',*,*,#1606,.T.);
#2091=ORIENTED_EDGE('',*,*,#1607,.T.);
#2092=ORIENTED_EDGE('',*,*,#1608,.T.);
#2093=ORIENTED_EDGE('',*,*,#1609,.T.);
#2094=ORIENTED_EDGE('',*,*,#1610,.T.);
#2095=ORIENTED_EDGE('',*,*,#1611,.T.);
#2096=ORIENTED_EDGE('',*,*,#1612,.T.);
#2097=ORIENTED_EDGE('',*,*,#1613,.T.);
#2098=ORIENTED_EDGE('',*,*,#1614,.T.);
#2099=ORIENTED_EDGE('',*,*,#1615,.T.);
#2100=ORIENTED_EDGE('',*,*,#1616,.T.);
#2101=ORIENTED_EDGE('',*,*,#1617,.T.);
#2102=ORIENTED_EDGE('',*,*,#1618,.T.);
#2103=ORIENTED_EDGE('',*,*,#1619,.T.);
#2104=ORIENTED_EDGE('',*,*,#1620,.T.);
#2105=ORIENTED_EDGE('',*,*,#1621,.T.);
#2106=ORIENTED_EDGE('',*,*,#1622,.T.);
#2107=ORIENTED_EDGE('',*,*,#1623,.T.);
#2108=ORIENTED_EDGE('',*,*,#1587,.F.);
#2109=ORIENTED_EDGE('',*,*,#1624,.F.);
#2110=ORIENTED_EDGE('',*,*,#1625,.F.);
#2111=ORIENTED_EDGE('',*,*,#1626,.T.);
#2112=ORIENTED_EDGE('',*,*,#1596,.F.);
#2113=ORIENTED_EDGE('',*,*,#1586,.F.);
#2114=ORIENTED_EDGE('',*,*,#1627,.F.);
#2115=ORIENTED_EDGE('',*,*,#1628,.F.);
#2116=ORIENTED_EDGE('',*,*,#1629,.F.);
#2117=ORIENTED_EDGE('',*,*,#1630,.F.);
#2118=ORIENTED_EDGE('',*,*,#1631,.T.);
#2119=ORIENTED_EDGE('',*,*,#1632,.F.);
#2120=ORIENTED_EDGE('',*,*,#1624,.T.);
#2121=ORIENTED_EDGE('',*,*,#1633,.T.);
#2122=ORIENTED_EDGE('',*,*,#1634,.T.);
#2123=ORIENTED_EDGE('',*,*,#1635,.T.);
#2124=ORIENTED_EDGE('',*,*,#1636,.T.);
#2125=ORIENTED_EDGE('',*,*,#1637,.T.);
#2126=ORIENTED_EDGE('',*,*,#1638,.T.);
#2127=ORIENTED_EDGE('',*,*,#1633,.F.);
#2128=ORIENTED_EDGE('',*,*,#1639,.T.);
#2129=ORIENTED_EDGE('',*,*,#1640,.T.);
#2130=ORIENTED_EDGE('',*,*,#1641,.T.);
#2131=ORIENTED_EDGE('',*,*,#1637,.F.);
#2132=ORIENTED_EDGE('',*,*,#1642,.T.);
#2133=ORIENTED_EDGE('',*,*,#1643,.T.);
#2134=ORIENTED_EDGE('',*,*,#1644,.T.);
#2135=ORIENTED_EDGE('',*,*,#1640,.F.);
#2136=ORIENTED_EDGE('',*,*,#1645,.T.);
#2137=ORIENTED_EDGE('',*,*,#1646,.T.);
#2138=ORIENTED_EDGE('',*,*,#1647,.T.);
#2139=ORIENTED_EDGE('',*,*,#1643,.F.);
#2140=ORIENTED_EDGE('',*,*,#1648,.T.);
#2141=ORIENTED_EDGE('',*,*,#1648,.F.);
#2142=ORIENTED_EDGE('',*,*,#1645,.F.);
#2143=ORIENTED_EDGE('',*,*,#1649,.T.);
#2144=ORIENTED_EDGE('',*,*,#1639,.F.);
#2145=ORIENTED_EDGE('',*,*,#1636,.F.);
#2146=ORIENTED_EDGE('',*,*,#1650,.F.);
#2147=ORIENTED_EDGE('',*,*,#1651,.T.);
#2148=ORIENTED_EDGE('',*,*,#1652,.T.);
#2149=ORIENTED_EDGE('',*,*,#1653,.T.);
#2150=ORIENTED_EDGE('',*,*,#1654,.T.);
#2151=ORIENTED_EDGE('',*,*,#1655,.T.);
#2152=ORIENTED_EDGE('',*,*,#1656,.T.);
#2153=ORIENTED_EDGE('',*,*,#1651,.F.);
#2154=ORIENTED_EDGE('',*,*,#1657,.T.);
#2155=ORIENTED_EDGE('',*,*,#1658,.T.);
#2156=ORIENTED_EDGE('',*,*,#1659,.T.);
#2157=ORIENTED_EDGE('',*,*,#1655,.F.);
#2158=ORIENTED_EDGE('',*,*,#1660,.T.);
#2159=ORIENTED_EDGE('',*,*,#1661,.T.);
#2160=ORIENTED_EDGE('',*,*,#1662,.T.);
#2161=ORIENTED_EDGE('',*,*,#1658,.F.);
#2162=ORIENTED_EDGE('',*,*,#1663,.T.);
#2163=ORIENTED_EDGE('',*,*,#1664,.T.);
#2164=ORIENTED_EDGE('',*,*,#1665,.T.);
#2165=ORIENTED_EDGE('',*,*,#1661,.F.);
#2166=ORIENTED_EDGE('',*,*,#1666,.T.);
#2167=ORIENTED_EDGE('',*,*,#1666,.F.);
#2168=ORIENTED_EDGE('',*,*,#1663,.F.);
#2169=ORIENTED_EDGE('',*,*,#1667,.T.);
#2170=ORIENTED_EDGE('',*,*,#1657,.F.);
#2171=ORIENTED_EDGE('',*,*,#1654,.F.);
#2172=ORIENTED_EDGE('',*,*,#1668,.F.);
#2173=ORIENTED_EDGE('',*,*,#1669,.F.);
#2174=ORIENTED_EDGE('',*,*,#1670,.F.);
#2175=ORIENTED_EDGE('',*,*,#1671,.F.);
#2176=ORIENTED_EDGE('',*,*,#1672,.F.);
#2177=ORIENTED_EDGE('',*,*,#1673,.F.);
#2178=ORIENTED_EDGE('',*,*,#1674,.F.);
#2179=ORIENTED_EDGE('',*,*,#1675,.F.);
#2180=ORIENTED_EDGE('',*,*,#1676,.F.);
#2181=ORIENTED_EDGE('',*,*,#1677,.F.);
#2182=ORIENTED_EDGE('',*,*,#1678,.F.);
#2183=ORIENTED_EDGE('',*,*,#1679,.F.);
#2184=ORIENTED_EDGE('',*,*,#1680,.F.);
#2185=ORIENTED_EDGE('',*,*,#1681,.F.);
#2186=ORIENTED_EDGE('',*,*,#1682,.F.);
#2187=ORIENTED_EDGE('',*,*,#1683,.F.);
#2188=ORIENTED_EDGE('',*,*,#1684,.F.);
#2189=ORIENTED_EDGE('',*,*,#1685,.F.);
#2190=ORIENTED_EDGE('',*,*,#1686,.F.);
#2191=ORIENTED_EDGE('',*,*,#1687,.F.);
#2192=ORIENTED_EDGE('',*,*,#1688,.F.);
#2193=ORIENTED_EDGE('',*,*,#1689,.F.);
#2194=ORIENTED_EDGE('',*,*,#1690,.F.);
#2195=ORIENTED_EDGE('',*,*,#1691,.F.);
#2196=ORIENTED_EDGE('',*,*,#1692,.F.);
#2197=ORIENTED_EDGE('',*,*,#1693,.F.);
#2198=ORIENTED_EDGE('',*,*,#1694,.F.);
#2199=ORIENTED_EDGE('',*,*,#1695,.F.);
#2200=ORIENTED_EDGE('',*,*,#1696,.F.);
#2201=ORIENTED_EDGE('',*,*,#1697,.F.);
#2202=ORIENTED_EDGE('',*,*,#1698,.F.);
#2203=ORIENTED_EDGE('',*,*,#1667,.F.);
#2204=ORIENTED_EDGE('',*,*,#1699,.T.);
#2205=ORIENTED_EDGE('',*,*,#1700,.T.);
#2206=ORIENTED_EDGE('',*,*,#1699,.F.);
#2207=ORIENTED_EDGE('',*,*,#1660,.F.);
#2208=ORIENTED_EDGE('',*,*,#1700,.F.);
#2209=ORIENTED_EDGE('',*,*,#1701,.F.);
#2210=ORIENTED_EDGE('',*,*,#1642,.F.);
#2211=ORIENTED_EDGE('',*,*,#1702,.T.);
#2212=ORIENTED_EDGE('',*,*,#1703,.T.);
#2213=ORIENTED_EDGE('',*,*,#1702,.F.);
#2214=ORIENTED_EDGE('',*,*,#1649,.F.);
#2215=ORIENTED_EDGE('',*,*,#1703,.F.);
#2216=ORIENTED_EDGE('',*,*,#1704,.F.);
#2217=ORIENTED_EDGE('',*,*,#1623,.F.);
#2218=ORIENTED_EDGE('',*,*,#1705,.T.);
#2219=ORIENTED_EDGE('',*,*,#1701,.T.);
#2220=ORIENTED_EDGE('',*,*,#1705,.F.);
#2221=ORIENTED_EDGE('',*,*,#1656,.F.);
#2222=ORIENTED_EDGE('',*,*,#1706,.T.);
#2223=ORIENTED_EDGE('',*,*,#1600,.F.);
#2224=ORIENTED_EDGE('',*,*,#1707,.F.);
#2225=ORIENTED_EDGE('',*,*,#1652,.F.);
#2226=ORIENTED_EDGE('',*,*,#1707,.T.);
#2227=ORIENTED_EDGE('',*,*,#1599,.F.);
#2228=ORIENTED_EDGE('',*,*,#1708,.F.);
#2229=ORIENTED_EDGE('',*,*,#1665,.F.);
#2230=ORIENTED_EDGE('',*,*,#1709,.F.);
#2231=ORIENTED_EDGE('',*,*,#1603,.F.);
#2232=ORIENTED_EDGE('',*,*,#1710,.F.);
#2233=ORIENTED_EDGE('',*,*,#1662,.F.);
#2234=ORIENTED_EDGE('',*,*,#1710,.T.);
#2235=ORIENTED_EDGE('',*,*,#1602,.F.);
#2236=ORIENTED_EDGE('',*,*,#1711,.F.);
#2237=ORIENTED_EDGE('',*,*,#1659,.F.);
#2238=ORIENTED_EDGE('',*,*,#1711,.T.);
#2239=ORIENTED_EDGE('',*,*,#1601,.F.);
#2240=ORIENTED_EDGE('',*,*,#1706,.F.);
#2241=ORIENTED_EDGE('',*,*,#1709,.T.);
#2242=ORIENTED_EDGE('',*,*,#1664,.F.);
#2243=ORIENTED_EDGE('',*,*,#1668,.T.);
#2244=ORIENTED_EDGE('',*,*,#1653,.F.);
#2245=ORIENTED_EDGE('',*,*,#1708,.T.);
#2246=ORIENTED_EDGE('',*,*,#1598,.F.);
#2247=ORIENTED_EDGE('',*,*,#1712,.F.);
#2248=ORIENTED_EDGE('',*,*,#1713,.F.);
#2249=ORIENTED_EDGE('',*,*,#1714,.F.);
#2250=ORIENTED_EDGE('',*,*,#1604,.F.);
#2251=ORIENTED_EDGE('',*,*,#1622,.F.);
#2252=ORIENTED_EDGE('',*,*,#1715,.T.);
#2253=ORIENTED_EDGE('',*,*,#1704,.T.);
#2254=ORIENTED_EDGE('',*,*,#1715,.F.);
#2255=ORIENTED_EDGE('',*,*,#1641,.F.);
#2256=ORIENTED_EDGE('',*,*,#1716,.T.);
#2257=ORIENTED_EDGE('',*,*,#1612,.F.);
#2258=ORIENTED_EDGE('',*,*,#1717,.F.);
#2259=ORIENTED_EDGE('',*,*,#1638,.F.);
#2260=ORIENTED_EDGE('',*,*,#1717,.T.);
#2261=ORIENTED_EDGE('',*,*,#1611,.F.);
#2262=ORIENTED_EDGE('',*,*,#1718,.F.);
#2263=ORIENTED_EDGE('',*,*,#1634,.F.);
#2264=ORIENTED_EDGE('',*,*,#1718,.T.);
#2265=ORIENTED_EDGE('',*,*,#1610,.F.);
#2266=ORIENTED_EDGE('',*,*,#1719,.F.);
#2267=ORIENTED_EDGE('',*,*,#1647,.F.);
#2268=ORIENTED_EDGE('',*,*,#1720,.F.);
#2269=ORIENTED_EDGE('',*,*,#1614,.F.);
#2270=ORIENTED_EDGE('',*,*,#1721,.F.);
#2271=ORIENTED_EDGE('',*,*,#1644,.F.);
#2272=ORIENTED_EDGE('',*,*,#1721,.T.);
#2273=ORIENTED_EDGE('',*,*,#1613,.F.);
#2274=ORIENTED_EDGE('',*,*,#1716,.F.);
#2275=ORIENTED_EDGE('',*,*,#1720,.T.);
#2276=ORIENTED_EDGE('',*,*,#1646,.F.);
#2277=ORIENTED_EDGE('',*,*,#1650,.T.);
#2278=ORIENTED_EDGE('',*,*,#1635,.F.);
#2279=ORIENTED_EDGE('',*,*,#1719,.T.);
#2280=ORIENTED_EDGE('',*,*,#1609,.F.);
#2281=ORIENTED_EDGE('',*,*,#1722,.F.);
#2282=ORIENTED_EDGE('',*,*,#1723,.F.);
#2283=ORIENTED_EDGE('',*,*,#1724,.F.);
#2284=ORIENTED_EDGE('',*,*,#1725,.F.);
#2285=ORIENTED_EDGE('',*,*,#1726,.F.);
#2286=ORIENTED_EDGE('',*,*,#1727,.F.);
#2287=ORIENTED_EDGE('',*,*,#1728,.F.);
#2288=ORIENTED_EDGE('',*,*,#1729,.F.);
#2289=ORIENTED_EDGE('',*,*,#1730,.T.);
#2290=ORIENTED_EDGE('',*,*,#1731,.T.);
#2291=ORIENTED_EDGE('',*,*,#1732,.F.);
#2292=ORIENTED_EDGE('',*,*,#1733,.T.);
#2293=ORIENTED_EDGE('',*,*,#1615,.F.);
#2294=ORIENTED_EDGE('',*,*,#1714,.T.);
#2295=ORIENTED_EDGE('',*,*,#1734,.T.);
#2296=ORIENTED_EDGE('',*,*,#1735,.T.);
#2297=ORIENTED_EDGE('',*,*,#1605,.F.);
#2298=ORIENTED_EDGE('',*,*,#1735,.F.);
#2299=ORIENTED_EDGE('',*,*,#1736,.F.);
#2300=ORIENTED_EDGE('',*,*,#1737,.F.);
#2301=ORIENTED_EDGE('',*,*,#1738,.F.);
#2302=ORIENTED_EDGE('',*,*,#1739,.F.);
#2303=ORIENTED_EDGE('',*,*,#1740,.T.);
#2304=ORIENTED_EDGE('',*,*,#1741,.F.);
#2305=ORIENTED_EDGE('',*,*,#1606,.F.);
#2306=ORIENTED_EDGE('',*,*,#1595,.F.);
#2307=ORIENTED_EDGE('',*,*,#1742,.T.);
#2308=ORIENTED_EDGE('',*,*,#1743,.F.);
#2309=ORIENTED_EDGE('',*,*,#1744,.F.);
#2310=ORIENTED_EDGE('',*,*,#1745,.F.);
#2311=ORIENTED_EDGE('',*,*,#1746,.F.);
#2312=ORIENTED_EDGE('',*,*,#1747,.T.);
#2313=ORIENTED_EDGE('',*,*,#1748,.T.);
#2314=ORIENTED_EDGE('',*,*,#1749,.T.);
#2315=ORIENTED_EDGE('',*,*,#1750,.T.);
#2316=ORIENTED_EDGE('',*,*,#1751,.F.);
#2317=ORIENTED_EDGE('',*,*,#1752,.F.);
#2318=ORIENTED_EDGE('',*,*,#1748,.F.);
#2319=ORIENTED_EDGE('',*,*,#1753,.F.);
#2320=ORIENTED_EDGE('',*,*,#1754,.F.);
#2321=ORIENTED_EDGE('',*,*,#1750,.F.);
#2322=ORIENTED_EDGE('',*,*,#1755,.F.);
#2323=ORIENTED_EDGE('',*,*,#1756,.F.);
#2324=ORIENTED_EDGE('',*,*,#1749,.F.);
#2325=ORIENTED_EDGE('',*,*,#1754,.T.);
#2326=ORIENTED_EDGE('',*,*,#1757,.F.);
#2327=ORIENTED_EDGE('',*,*,#1758,.F.);
#2328=ORIENTED_EDGE('',*,*,#1759,.T.);
#2329=ORIENTED_EDGE('',*,*,#1755,.T.);
#2330=ORIENTED_EDGE('',*,*,#1760,.T.);
#2331=ORIENTED_EDGE('',*,*,#1761,.T.);
#2332=ORIENTED_EDGE('',*,*,#1762,.T.);
#2333=ORIENTED_EDGE('',*,*,#1763,.T.);
#2334=ORIENTED_EDGE('',*,*,#1764,.F.);
#2335=ORIENTED_EDGE('',*,*,#1765,.F.);
#2336=ORIENTED_EDGE('',*,*,#1761,.F.);
#2337=ORIENTED_EDGE('',*,*,#1766,.F.);
#2338=ORIENTED_EDGE('',*,*,#1767,.F.);
#2339=ORIENTED_EDGE('',*,*,#1763,.F.);
#2340=ORIENTED_EDGE('',*,*,#1768,.F.);
#2341=ORIENTED_EDGE('',*,*,#1769,.F.);
#2342=ORIENTED_EDGE('',*,*,#1762,.F.);
#2343=ORIENTED_EDGE('',*,*,#1767,.T.);
#2344=ORIENTED_EDGE('',*,*,#1770,.F.);
#2345=ORIENTED_EDGE('',*,*,#1771,.F.);
#2346=ORIENTED_EDGE('',*,*,#1772,.T.);
#2347=ORIENTED_EDGE('',*,*,#1768,.T.);
#2348=ORIENTED_EDGE('',*,*,#1773,.T.);
#2349=ORIENTED_EDGE('',*,*,#1774,.F.);
#2350=ORIENTED_EDGE('',*,*,#1775,.T.);
#2351=ORIENTED_EDGE('',*,*,#1776,.T.);
#2352=ORIENTED_EDGE('',*,*,#1777,.F.);
#2353=ORIENTED_EDGE('',*,*,#1778,.T.);
#2354=ORIENTED_EDGE('',*,*,#1775,.F.);
#2355=ORIENTED_EDGE('',*,*,#1779,.F.);
#2356=ORIENTED_EDGE('',*,*,#1780,.F.);
#2357=ORIENTED_EDGE('',*,*,#1776,.F.);
#2358=ORIENTED_EDGE('',*,*,#1780,.T.);
#2359=ORIENTED_EDGE('',*,*,#1781,.F.);
#2360=ORIENTED_EDGE('',*,*,#1778,.F.);
#2361=ORIENTED_EDGE('',*,*,#1782,.T.);
#2362=ORIENTED_EDGE('',*,*,#1783,.T.);
#2363=ORIENTED_EDGE('',*,*,#1784,.T.);
#2364=ORIENTED_EDGE('',*,*,#1785,.T.);
#2365=ORIENTED_EDGE('',*,*,#1786,.T.);
#2366=ORIENTED_EDGE('',*,*,#1787,.T.);
#2367=ORIENTED_EDGE('',*,*,#1788,.F.);
#2368=ORIENTED_EDGE('',*,*,#1789,.F.);
#2369=ORIENTED_EDGE('',*,*,#1785,.F.);
#2370=ORIENTED_EDGE('',*,*,#1790,.F.);
#2371=ORIENTED_EDGE('',*,*,#1791,.F.);
#2372=ORIENTED_EDGE('',*,*,#1787,.F.);
#2373=ORIENTED_EDGE('',*,*,#1792,.F.);
#2374=ORIENTED_EDGE('',*,*,#1793,.F.);
#2375=ORIENTED_EDGE('',*,*,#1786,.F.);
#2376=ORIENTED_EDGE('',*,*,#1791,.T.);
#2377=ORIENTED_EDGE('',*,*,#1794,.F.);
#2378=ORIENTED_EDGE('',*,*,#1795,.F.);
#2379=ORIENTED_EDGE('',*,*,#1796,.T.);
#2380=ORIENTED_EDGE('',*,*,#1792,.T.);
#2381=ORIENTED_EDGE('',*,*,#1797,.T.);
#2382=ORIENTED_EDGE('',*,*,#1725,.T.);
#2383=ORIENTED_EDGE('',*,*,#1798,.T.);
#2384=ORIENTED_EDGE('',*,*,#1799,.T.);
#2385=ORIENTED_EDGE('',*,*,#1800,.T.);
#2386=ORIENTED_EDGE('',*,*,#1801,.T.);
#2387=ORIENTED_EDGE('',*,*,#1802,.F.);
#2388=ORIENTED_EDGE('',*,*,#1803,.T.);
#2389=ORIENTED_EDGE('',*,*,#1804,.T.);
#2390=ORIENTED_EDGE('',*,*,#1729,.T.);
#2391=ORIENTED_EDGE('',*,*,#1805,.T.);
#2392=ORIENTED_EDGE('',*,*,#1806,.T.);
#2393=ORIENTED_EDGE('',*,*,#1727,.T.);
#2394=ORIENTED_EDGE('',*,*,#1807,.T.);
#2395=ORIENTED_EDGE('',*,*,#1808,.T.);
#2396=ORIENTED_EDGE('',*,*,#1799,.F.);
#2397=ORIENTED_EDGE('',*,*,#1809,.F.);
#2398=ORIENTED_EDGE('',*,*,#1810,.T.);
#2399=ORIENTED_EDGE('',*,*,#1811,.F.);
#2400=ORIENTED_EDGE('',*,*,#1812,.F.);
#2401=ORIENTED_EDGE('',*,*,#1808,.F.);
#2402=ORIENTED_EDGE('',*,*,#1813,.F.);
#2403=ORIENTED_EDGE('',*,*,#1814,.F.);
#2404=ORIENTED_EDGE('',*,*,#1815,.T.);
#2405=ORIENTED_EDGE('',*,*,#1816,.F.);
#2406=ORIENTED_EDGE('',*,*,#1817,.F.);
#2407=ORIENTED_EDGE('',*,*,#1801,.F.);
#2408=ORIENTED_EDGE('',*,*,#1818,.F.);
#2409=ORIENTED_EDGE('',*,*,#1819,.T.);
#2410=ORIENTED_EDGE('',*,*,#1820,.F.);
#2411=ORIENTED_EDGE('',*,*,#1820,.T.);
#2412=ORIENTED_EDGE('',*,*,#1821,.T.);
#2413=ORIENTED_EDGE('',*,*,#1822,.F.);
#2414=ORIENTED_EDGE('',*,*,#1823,.F.);
#2415=ORIENTED_EDGE('',*,*,#1802,.T.);
#2416=ORIENTED_EDGE('',*,*,#1824,.F.);
#2417=ORIENTED_EDGE('',*,*,#1825,.T.);
#2418=ORIENTED_EDGE('',*,*,#1826,.F.);
#2419=ORIENTED_EDGE('',*,*,#1821,.F.);
#2420=ORIENTED_EDGE('',*,*,#1819,.F.);
#2421=ORIENTED_EDGE('',*,*,#1827,.T.);
#2422=ORIENTED_EDGE('',*,*,#1828,.F.);
#2423=ORIENTED_EDGE('',*,*,#1829,.F.);
#2424=ORIENTED_EDGE('',*,*,#1815,.F.);
#2425=ORIENTED_EDGE('',*,*,#1830,.T.);
#2426=ORIENTED_EDGE('',*,*,#1831,.F.);
#2427=ORIENTED_EDGE('',*,*,#1832,.F.);
#2428=ORIENTED_EDGE('',*,*,#1810,.F.);
#2429=ORIENTED_EDGE('',*,*,#1833,.T.);
#2430=ORIENTED_EDGE('',*,*,#1834,.F.);
#2431=ORIENTED_EDGE('',*,*,#1835,.T.);
#2432=ORIENTED_EDGE('',*,*,#1836,.F.);
#2433=ORIENTED_EDGE('',*,*,#1805,.F.);
#2434=ORIENTED_EDGE('',*,*,#1837,.F.);
#2435=ORIENTED_EDGE('',*,*,#1838,.T.);
#2436=ORIENTED_EDGE('',*,*,#1839,.F.);
#2437=ORIENTED_EDGE('',*,*,#1813,.T.);
#2438=ORIENTED_EDGE('',*,*,#1807,.F.);
#2439=ORIENTED_EDGE('',*,*,#1840,.F.);
#2440=ORIENTED_EDGE('',*,*,#1841,.T.);
#2441=ORIENTED_EDGE('',*,*,#1842,.F.);
#2442=ORIENTED_EDGE('',*,*,#1843,.T.);
#2443=ORIENTED_EDGE('',*,*,#1824,.T.);
#2444=ORIENTED_EDGE('',*,*,#1844,.T.);
#2445=ORIENTED_EDGE('',*,*,#1845,.T.);
#2446=ORIENTED_EDGE('',*,*,#1846,.T.);
#2447=ORIENTED_EDGE('',*,*,#1847,.T.);
#2448=ORIENTED_EDGE('',*,*,#1848,.T.);
#2449=ORIENTED_EDGE('',*,*,#1849,.T.);
#2450=ORIENTED_EDGE('',*,*,#1850,.T.);
#2451=ORIENTED_EDGE('',*,*,#1851,.T.);
#2452=ORIENTED_EDGE('',*,*,#1852,.T.);
#2453=ORIENTED_EDGE('',*,*,#1853,.T.);
#2454=ORIENTED_EDGE('',*,*,#1630,.T.);
#2455=ORIENTED_EDGE('',*,*,#1854,.T.);
#2456=ORIENTED_EDGE('',*,*,#1855,.T.);
#2457=ORIENTED_EDGE('',*,*,#1856,.T.);
#2458=ORIENTED_EDGE('',*,*,#1743,.T.);
#2459=ORIENTED_EDGE('',*,*,#1857,.T.);
#2460=ORIENTED_EDGE('',*,*,#1858,.T.);
#2461=ORIENTED_EDGE('',*,*,#1859,.T.);
#2462=ORIENTED_EDGE('',*,*,#1860,.T.);
#2463=ORIENTED_EDGE('',*,*,#1861,.T.);
#2464=ORIENTED_EDGE('',*,*,#1862,.T.);
#2465=ORIENTED_EDGE('',*,*,#1863,.T.);
#2466=ORIENTED_EDGE('',*,*,#1864,.T.);
#2467=ORIENTED_EDGE('',*,*,#1865,.T.);
#2468=ORIENTED_EDGE('',*,*,#1866,.T.);
#2469=ORIENTED_EDGE('',*,*,#1867,.T.);
#2470=ORIENTED_EDGE('',*,*,#1868,.T.);
#2471=ORIENTED_EDGE('',*,*,#1869,.T.);
#2472=ORIENTED_EDGE('',*,*,#1870,.T.);
#2473=ORIENTED_EDGE('',*,*,#1871,.T.);
#2474=ORIENTED_EDGE('',*,*,#1872,.T.);
#2475=ORIENTED_EDGE('',*,*,#1873,.T.);
#2476=ORIENTED_EDGE('',*,*,#1874,.T.);
#2477=ORIENTED_EDGE('',*,*,#1875,.T.);
#2478=ORIENTED_EDGE('',*,*,#1876,.T.);
#2479=ORIENTED_EDGE('',*,*,#1877,.T.);
#2480=ORIENTED_EDGE('',*,*,#1878,.T.);
#2481=ORIENTED_EDGE('',*,*,#1879,.T.);
#2482=ORIENTED_EDGE('',*,*,#1880,.T.);
#2483=ORIENTED_EDGE('',*,*,#1881,.T.);
#2484=ORIENTED_EDGE('',*,*,#1882,.T.);
#2485=ORIENTED_EDGE('',*,*,#1883,.T.);
#2486=ORIENTED_EDGE('',*,*,#1884,.T.);
#2487=ORIENTED_EDGE('',*,*,#1885,.T.);
#2488=ORIENTED_EDGE('',*,*,#1886,.T.);
#2489=ORIENTED_EDGE('',*,*,#1887,.T.);
#2490=ORIENTED_EDGE('',*,*,#1888,.T.);
#2491=ORIENTED_EDGE('',*,*,#1889,.T.);
#2492=ORIENTED_EDGE('',*,*,#1890,.T.);
#2493=ORIENTED_EDGE('',*,*,#1891,.T.);
#2494=ORIENTED_EDGE('',*,*,#1892,.T.);
#2495=ORIENTED_EDGE('',*,*,#1893,.T.);
#2496=ORIENTED_EDGE('',*,*,#1894,.T.);
#2497=ORIENTED_EDGE('',*,*,#1895,.T.);
#2498=ORIENTED_EDGE('',*,*,#1896,.T.);
#2499=ORIENTED_EDGE('',*,*,#1897,.T.);
#2500=ORIENTED_EDGE('',*,*,#1898,.T.);
#2501=ORIENTED_EDGE('',*,*,#1809,.T.);
#2502=ORIENTED_EDGE('',*,*,#1798,.F.);
#2503=ORIENTED_EDGE('',*,*,#1724,.T.);
#2504=ORIENTED_EDGE('',*,*,#1899,.F.);
#2505=ORIENTED_EDGE('',*,*,#1833,.F.);
#2506=ORIENTED_EDGE('',*,*,#1773,.F.);
#2507=ORIENTED_EDGE('',*,*,#1783,.F.);
#2508=ORIENTED_EDGE('',*,*,#1900,.F.);
#2509=ORIENTED_EDGE('',*,*,#1901,.F.);
#2510=ORIENTED_EDGE('',*,*,#1902,.F.);
#2511=ORIENTED_EDGE('',*,*,#1903,.F.);
#2512=ORIENTED_EDGE('',*,*,#1850,.F.);
#2513=ORIENTED_EDGE('',*,*,#1900,.T.);
#2514=ORIENTED_EDGE('',*,*,#1782,.F.);
#2515=ORIENTED_EDGE('',*,*,#1777,.T.);
#2516=ORIENTED_EDGE('',*,*,#1781,.T.);
#2517=ORIENTED_EDGE('',*,*,#1779,.T.);
#2518=ORIENTED_EDGE('',*,*,#1774,.T.);
#2519=ORIENTED_EDGE('',*,*,#1903,.T.);
#2520=ORIENTED_EDGE('',*,*,#1904,.F.);
#2521=ORIENTED_EDGE('',*,*,#1905,.F.);
#2522=ORIENTED_EDGE('',*,*,#1851,.F.);
#2523=ORIENTED_EDGE('',*,*,#1905,.T.);
#2524=ORIENTED_EDGE('',*,*,#1906,.F.);
#2525=ORIENTED_EDGE('',*,*,#1907,.F.);
#2526=ORIENTED_EDGE('',*,*,#1852,.F.);
#2527=ORIENTED_EDGE('',*,*,#1769,.T.);
#2528=ORIENTED_EDGE('',*,*,#1772,.F.);
#2529=ORIENTED_EDGE('',*,*,#1771,.T.);
#2530=ORIENTED_EDGE('',*,*,#1770,.T.);
#2531=ORIENTED_EDGE('',*,*,#1766,.T.);
#2532=ORIENTED_EDGE('',*,*,#1760,.F.);
#2533=ORIENTED_EDGE('',*,*,#1765,.T.);
#2534=ORIENTED_EDGE('',*,*,#1764,.T.);
#2535=ORIENTED_EDGE('',*,*,#1907,.T.);
#2536=ORIENTED_EDGE('',*,*,#1908,.F.);
#2537=ORIENTED_EDGE('',*,*,#1631,.F.);
#2538=ORIENTED_EDGE('',*,*,#1853,.F.);
#2539=ORIENTED_EDGE('',*,*,#1909,.F.);
#2540=ORIENTED_EDGE('',*,*,#1737,.T.);
#2541=ORIENTED_EDGE('',*,*,#1910,.F.);
#2542=ORIENTED_EDGE('',*,*,#1901,.T.);
#2543=ORIENTED_EDGE('',*,*,#1849,.F.);
#2544=ORIENTED_EDGE('',*,*,#1911,.F.);
#2545=ORIENTED_EDGE('',*,*,#1734,.F.);
#2546=ORIENTED_EDGE('',*,*,#1713,.T.);
#2547=ORIENTED_EDGE('',*,*,#1912,.T.);
#2548=ORIENTED_EDGE('',*,*,#1625,.T.);
#2549=ORIENTED_EDGE('',*,*,#1632,.T.);
#2550=ORIENTED_EDGE('',*,*,#1908,.T.);
#2551=ORIENTED_EDGE('',*,*,#1906,.T.);
#2552=ORIENTED_EDGE('',*,*,#1904,.T.);
#2553=ORIENTED_EDGE('',*,*,#1902,.T.);
#2554=ORIENTED_EDGE('',*,*,#1910,.T.);
#2555=ORIENTED_EDGE('',*,*,#1736,.T.);
#2556=ORIENTED_EDGE('',*,*,#1738,.T.);
#2557=ORIENTED_EDGE('',*,*,#1909,.T.);
#2558=ORIENTED_EDGE('',*,*,#1913,.F.);
#2559=ORIENTED_EDGE('',*,*,#1914,.F.);
#2560=ORIENTED_EDGE('',*,*,#1915,.F.);
#2561=ORIENTED_EDGE('',*,*,#1916,.T.);
#2562=ORIENTED_EDGE('',*,*,#1911,.T.);
#2563=ORIENTED_EDGE('',*,*,#1848,.F.);
#2564=ORIENTED_EDGE('',*,*,#1917,.T.);
#2565=ORIENTED_EDGE('',*,*,#1918,.T.);
#2566=ORIENTED_EDGE('',*,*,#1919,.T.);
#2567=ORIENTED_EDGE('',*,*,#1913,.T.);
#2568=ORIENTED_EDGE('',*,*,#1728,.T.);
#2569=ORIENTED_EDGE('',*,*,#1920,.T.);
#2570=ORIENTED_EDGE('',*,*,#1921,.T.);
#2571=ORIENTED_EDGE('',*,*,#1837,.T.);
#2572=ORIENTED_EDGE('',*,*,#1818,.T.);
#2573=ORIENTED_EDGE('',*,*,#1800,.F.);
#2574=ORIENTED_EDGE('',*,*,#1836,.T.);
#2575=ORIENTED_EDGE('',*,*,#1922,.F.);
#2576=ORIENTED_EDGE('',*,*,#1827,.F.);
#2577=ORIENTED_EDGE('',*,*,#1816,.T.);
#2578=ORIENTED_EDGE('',*,*,#1829,.T.);
#2579=ORIENTED_EDGE('',*,*,#1923,.F.);
#2580=ORIENTED_EDGE('',*,*,#1924,.F.);
#2581=ORIENTED_EDGE('',*,*,#1817,.T.);
#2582=ORIENTED_EDGE('',*,*,#1924,.T.);
#2583=ORIENTED_EDGE('',*,*,#1925,.F.);
#2584=ORIENTED_EDGE('',*,*,#1926,.F.);
#2585=ORIENTED_EDGE('',*,*,#1920,.F.);
#2586=ORIENTED_EDGE('',*,*,#1806,.F.);
#2587=ORIENTED_EDGE('',*,*,#1926,.T.);
#2588=ORIENTED_EDGE('',*,*,#1927,.F.);
#2589=ORIENTED_EDGE('',*,*,#1838,.F.);
#2590=ORIENTED_EDGE('',*,*,#1921,.F.);
#2591=ORIENTED_EDGE('',*,*,#1839,.T.);
#2592=ORIENTED_EDGE('',*,*,#1927,.T.);
#2593=ORIENTED_EDGE('',*,*,#1925,.T.);
#2594=ORIENTED_EDGE('',*,*,#1923,.T.);
#2595=ORIENTED_EDGE('',*,*,#1828,.T.);
#2596=ORIENTED_EDGE('',*,*,#1922,.T.);
#2597=ORIENTED_EDGE('',*,*,#1726,.T.);
#2598=ORIENTED_EDGE('',*,*,#1928,.T.);
#2599=ORIENTED_EDGE('',*,*,#1929,.T.);
#2600=ORIENTED_EDGE('',*,*,#1840,.T.);
#2601=ORIENTED_EDGE('',*,*,#1814,.T.);
#2602=ORIENTED_EDGE('',*,*,#1843,.F.);
#2603=ORIENTED_EDGE('',*,*,#1930,.F.);
#2604=ORIENTED_EDGE('',*,*,#1830,.F.);
#2605=ORIENTED_EDGE('',*,*,#1811,.T.);
#2606=ORIENTED_EDGE('',*,*,#1832,.T.);
#2607=ORIENTED_EDGE('',*,*,#1931,.F.);
#2608=ORIENTED_EDGE('',*,*,#1932,.F.);
#2609=ORIENTED_EDGE('',*,*,#1812,.T.);
#2610=ORIENTED_EDGE('',*,*,#1932,.T.);
#2611=ORIENTED_EDGE('',*,*,#1933,.F.);
#2612=ORIENTED_EDGE('',*,*,#1934,.F.);
#2613=ORIENTED_EDGE('',*,*,#1928,.F.);
#2614=ORIENTED_EDGE('',*,*,#1797,.F.);
#2615=ORIENTED_EDGE('',*,*,#1934,.T.);
#2616=ORIENTED_EDGE('',*,*,#1935,.F.);
#2617=ORIENTED_EDGE('',*,*,#1841,.F.);
#2618=ORIENTED_EDGE('',*,*,#1929,.F.);
#2619=ORIENTED_EDGE('',*,*,#1842,.T.);
#2620=ORIENTED_EDGE('',*,*,#1935,.T.);
#2621=ORIENTED_EDGE('',*,*,#1933,.T.);
#2622=ORIENTED_EDGE('',*,*,#1931,.T.);
#2623=ORIENTED_EDGE('',*,*,#1831,.T.);
#2624=ORIENTED_EDGE('',*,*,#1930,.T.);
#2625=ORIENTED_EDGE('',*,*,#1936,.F.);
#2626=ORIENTED_EDGE('',*,*,#1937,.F.);
#2627=ORIENTED_EDGE('',*,*,#1825,.F.);
#2628=ORIENTED_EDGE('',*,*,#1861,.F.);
#2629=ORIENTED_EDGE('',*,*,#1756,.T.);
#2630=ORIENTED_EDGE('',*,*,#1759,.F.);
#2631=ORIENTED_EDGE('',*,*,#1758,.T.);
#2632=ORIENTED_EDGE('',*,*,#1757,.T.);
#2633=ORIENTED_EDGE('',*,*,#1753,.T.);
#2634=ORIENTED_EDGE('',*,*,#1747,.F.);
#2635=ORIENTED_EDGE('',*,*,#1752,.T.);
#2636=ORIENTED_EDGE('',*,*,#1751,.T.);
#2637=ORIENTED_EDGE('',*,*,#1823,.T.);
#2638=ORIENTED_EDGE('',*,*,#1938,.F.);
#2639=ORIENTED_EDGE('',*,*,#1731,.F.);
#2640=ORIENTED_EDGE('',*,*,#1730,.F.);
#2641=ORIENTED_EDGE('',*,*,#1804,.F.);
#2642=ORIENTED_EDGE('',*,*,#1803,.F.);
#2643=ORIENTED_EDGE('',*,*,#1939,.T.);
#2644=ORIENTED_EDGE('',*,*,#1940,.F.);
#2645=ORIENTED_EDGE('',*,*,#1941,.F.);
#2646=ORIENTED_EDGE('',*,*,#1858,.F.);
#2647=ORIENTED_EDGE('',*,*,#1941,.T.);
#2648=ORIENTED_EDGE('',*,*,#1942,.F.);
#2649=ORIENTED_EDGE('',*,*,#1943,.F.);
#2650=ORIENTED_EDGE('',*,*,#1859,.F.);
#2651=ORIENTED_EDGE('',*,*,#1943,.T.);
#2652=ORIENTED_EDGE('',*,*,#1944,.F.);
#2653=ORIENTED_EDGE('',*,*,#1936,.T.);
#2654=ORIENTED_EDGE('',*,*,#1860,.F.);
#2655=ORIENTED_EDGE('',*,*,#1944,.T.);
#2656=ORIENTED_EDGE('',*,*,#1942,.T.);
#2657=ORIENTED_EDGE('',*,*,#1940,.T.);
#2658=ORIENTED_EDGE('',*,*,#1945,.T.);
#2659=ORIENTED_EDGE('',*,*,#1946,.T.);
#2660=ORIENTED_EDGE('',*,*,#1732,.T.);
#2661=ORIENTED_EDGE('',*,*,#1938,.T.);
#2662=ORIENTED_EDGE('',*,*,#1822,.T.);
#2663=ORIENTED_EDGE('',*,*,#1826,.T.);
#2664=ORIENTED_EDGE('',*,*,#1937,.T.);
#2665=ORIENTED_EDGE('',*,*,#1835,.F.);
#2666=ORIENTED_EDGE('',*,*,#1947,.F.);
#2667=ORIENTED_EDGE('',*,*,#1948,.F.);
#2668=ORIENTED_EDGE('',*,*,#1844,.F.);
#2669=ORIENTED_EDGE('',*,*,#1790,.T.);
#2670=ORIENTED_EDGE('',*,*,#1784,.F.);
#2671=ORIENTED_EDGE('',*,*,#1789,.T.);
#2672=ORIENTED_EDGE('',*,*,#1788,.T.);
#2673=ORIENTED_EDGE('',*,*,#1793,.T.);
#2674=ORIENTED_EDGE('',*,*,#1796,.F.);
#2675=ORIENTED_EDGE('',*,*,#1795,.T.);
#2676=ORIENTED_EDGE('',*,*,#1794,.T.);
#2677=ORIENTED_EDGE('',*,*,#1948,.T.);
#2678=ORIENTED_EDGE('',*,*,#1949,.F.);
#2679=ORIENTED_EDGE('',*,*,#1950,.F.);
#2680=ORIENTED_EDGE('',*,*,#1845,.F.);
#2681=ORIENTED_EDGE('',*,*,#1834,.T.);
#2682=ORIENTED_EDGE('',*,*,#1899,.T.);
#2683=ORIENTED_EDGE('',*,*,#1723,.T.);
#2684=ORIENTED_EDGE('',*,*,#1951,.T.);
#2685=ORIENTED_EDGE('',*,*,#1949,.T.);
#2686=ORIENTED_EDGE('',*,*,#1947,.T.);
#2687=ORIENTED_EDGE('',*,*,#1952,.T.);
#2688=ORIENTED_EDGE('',*,*,#1953,.T.);
#2689=ORIENTED_EDGE('',*,*,#1954,.T.);
#2690=ORIENTED_EDGE('',*,*,#1739,.T.);
#2691=ORIENTED_EDGE('',*,*,#1916,.F.);
#2692=ORIENTED_EDGE('',*,*,#1955,.F.);
#2693=ORIENTED_EDGE('',*,*,#1956,.T.);
#2694=ORIENTED_EDGE('',*,*,#1957,.F.);
#2695=ORIENTED_EDGE('',*,*,#1914,.T.);
#2696=ORIENTED_EDGE('',*,*,#1919,.F.);
#2697=ORIENTED_EDGE('',*,*,#1958,.F.);
#2698=ORIENTED_EDGE('',*,*,#1959,.F.);
#2699=ORIENTED_EDGE('',*,*,#1958,.T.);
#2700=ORIENTED_EDGE('',*,*,#1918,.F.);
#2701=ORIENTED_EDGE('',*,*,#1960,.F.);
#2702=ORIENTED_EDGE('',*,*,#1961,.F.);
#2703=ORIENTED_EDGE('',*,*,#1960,.T.);
#2704=ORIENTED_EDGE('',*,*,#1917,.F.);
#2705=ORIENTED_EDGE('',*,*,#1847,.F.);
#2706=ORIENTED_EDGE('',*,*,#1954,.F.);
#2707=ORIENTED_EDGE('',*,*,#1740,.F.);
#2708=ORIENTED_EDGE('',*,*,#1956,.F.);
#2709=ORIENTED_EDGE('',*,*,#1962,.T.);
#2710=ORIENTED_EDGE('',*,*,#1963,.F.);
#2711=ORIENTED_EDGE('',*,*,#1879,.F.);
#2712=ORIENTED_EDGE('',*,*,#1964,.T.);
#2713=ORIENTED_EDGE('',*,*,#1683,.T.);
#2714=ORIENTED_EDGE('',*,*,#1965,.F.);
#2715=ORIENTED_EDGE('',*,*,#1880,.F.);
#2716=ORIENTED_EDGE('',*,*,#1963,.T.);
#2717=ORIENTED_EDGE('',*,*,#1682,.T.);
#2718=ORIENTED_EDGE('',*,*,#1966,.F.);
#2719=ORIENTED_EDGE('',*,*,#1881,.F.);
#2720=ORIENTED_EDGE('',*,*,#1965,.T.);
#2721=ORIENTED_EDGE('',*,*,#1681,.T.);
#2722=ORIENTED_EDGE('',*,*,#1967,.F.);
#2723=ORIENTED_EDGE('',*,*,#1882,.F.);
#2724=ORIENTED_EDGE('',*,*,#1966,.T.);
#2725=ORIENTED_EDGE('',*,*,#1680,.T.);
#2726=ORIENTED_EDGE('',*,*,#1968,.F.);
#2727=ORIENTED_EDGE('',*,*,#1883,.F.);
#2728=ORIENTED_EDGE('',*,*,#1967,.T.);
#2729=ORIENTED_EDGE('',*,*,#1679,.T.);
#2730=ORIENTED_EDGE('',*,*,#1969,.F.);
#2731=ORIENTED_EDGE('',*,*,#1884,.F.);
#2732=ORIENTED_EDGE('',*,*,#1968,.T.);
#2733=ORIENTED_EDGE('',*,*,#1678,.T.);
#2734=ORIENTED_EDGE('',*,*,#1970,.F.);
#2735=ORIENTED_EDGE('',*,*,#1885,.F.);
#2736=ORIENTED_EDGE('',*,*,#1969,.T.);
#2737=ORIENTED_EDGE('',*,*,#1677,.T.);
#2738=ORIENTED_EDGE('',*,*,#1971,.F.);
#2739=ORIENTED_EDGE('',*,*,#1886,.F.);
#2740=ORIENTED_EDGE('',*,*,#1970,.T.);
#2741=ORIENTED_EDGE('',*,*,#1676,.T.);
#2742=ORIENTED_EDGE('',*,*,#1972,.T.);
#2743=ORIENTED_EDGE('',*,*,#1887,.F.);
#2744=ORIENTED_EDGE('',*,*,#1971,.T.);
#2745=ORIENTED_EDGE('',*,*,#1675,.T.);
#2746=ORIENTED_EDGE('',*,*,#1973,.F.);
#2747=ORIENTED_EDGE('',*,*,#1888,.F.);
#2748=ORIENTED_EDGE('',*,*,#1972,.F.);
#2749=ORIENTED_EDGE('',*,*,#1674,.T.);
#2750=ORIENTED_EDGE('',*,*,#1974,.F.);
#2751=ORIENTED_EDGE('',*,*,#1889,.F.);
#2752=ORIENTED_EDGE('',*,*,#1973,.T.);
#2753=ORIENTED_EDGE('',*,*,#1673,.T.);
#2754=ORIENTED_EDGE('',*,*,#1975,.F.);
#2755=ORIENTED_EDGE('',*,*,#1890,.F.);
#2756=ORIENTED_EDGE('',*,*,#1974,.T.);
#2757=ORIENTED_EDGE('',*,*,#1672,.T.);
#2758=ORIENTED_EDGE('',*,*,#1976,.F.);
#2759=ORIENTED_EDGE('',*,*,#1891,.F.);
#2760=ORIENTED_EDGE('',*,*,#1975,.T.);
#2761=ORIENTED_EDGE('',*,*,#1671,.T.);
#2762=ORIENTED_EDGE('',*,*,#1977,.F.);
#2763=ORIENTED_EDGE('',*,*,#1892,.F.);
#2764=ORIENTED_EDGE('',*,*,#1976,.T.);
#2765=ORIENTED_EDGE('',*,*,#1670,.T.);
#2766=ORIENTED_EDGE('',*,*,#1978,.F.);
#2767=ORIENTED_EDGE('',*,*,#1893,.F.);
#2768=ORIENTED_EDGE('',*,*,#1977,.T.);
#2769=ORIENTED_EDGE('',*,*,#1669,.T.);
#2770=ORIENTED_EDGE('',*,*,#1744,.T.);
#2771=ORIENTED_EDGE('',*,*,#1856,.F.);
#2772=ORIENTED_EDGE('',*,*,#1979,.T.);
#2773=ORIENTED_EDGE('',*,*,#1980,.T.);
#2774=ORIENTED_EDGE('',*,*,#1981,.T.);
#2775=ORIENTED_EDGE('',*,*,#1982,.T.);
#2776=ORIENTED_EDGE('',*,*,#1983,.T.);
#2777=ORIENTED_EDGE('',*,*,#1984,.T.);
#2778=ORIENTED_EDGE('',*,*,#1594,.F.);
#2779=ORIENTED_EDGE('',*,*,#1617,.F.);
#2780=ORIENTED_EDGE('',*,*,#1985,.F.);
#2781=ORIENTED_EDGE('',*,*,#1945,.F.);
#2782=ORIENTED_EDGE('',*,*,#1939,.F.);
#2783=ORIENTED_EDGE('',*,*,#1857,.F.);
#2784=ORIENTED_EDGE('',*,*,#1742,.F.);
#2785=ORIENTED_EDGE('',*,*,#1986,.T.);
#2786=ORIENTED_EDGE('',*,*,#1987,.T.);
#2787=ORIENTED_EDGE('',*,*,#1988,.T.);
#2788=ORIENTED_EDGE('',*,*,#1980,.F.);
#2789=ORIENTED_EDGE('',*,*,#1989,.F.);
#2790=ORIENTED_EDGE('',*,*,#1990,.T.);
#2791=ORIENTED_EDGE('',*,*,#1989,.T.);
#2792=ORIENTED_EDGE('',*,*,#1979,.F.);
#2793=ORIENTED_EDGE('',*,*,#1855,.F.);
#2794=ORIENTED_EDGE('',*,*,#1991,.T.);
#2795=ORIENTED_EDGE('',*,*,#1992,.T.);
#2796=ORIENTED_EDGE('',*,*,#1993,.T.);
#2797=ORIENTED_EDGE('',*,*,#1994,.T.);
#2798=ORIENTED_EDGE('',*,*,#1995,.T.);
#2799=ORIENTED_EDGE('',*,*,#1992,.F.);
#2800=ORIENTED_EDGE('',*,*,#1996,.F.);
#2801=ORIENTED_EDGE('',*,*,#1997,.T.);
#2802=ORIENTED_EDGE('',*,*,#1998,.T.);
#2803=ORIENTED_EDGE('',*,*,#1629,.T.);
#2804=ORIENTED_EDGE('',*,*,#1999,.T.);
#2805=ORIENTED_EDGE('',*,*,#2000,.T.);
#2806=ORIENTED_EDGE('',*,*,#2001,.T.);
#2807=ORIENTED_EDGE('',*,*,#2002,.T.);
#2808=ORIENTED_EDGE('',*,*,#1996,.T.);
#2809=ORIENTED_EDGE('',*,*,#1991,.F.);
#2810=ORIENTED_EDGE('',*,*,#1854,.F.);
#2811=ORIENTED_EDGE('',*,*,#2003,.T.);
#2812=ORIENTED_EDGE('',*,*,#1999,.F.);
#2813=ORIENTED_EDGE('',*,*,#1628,.T.);
#2814=ORIENTED_EDGE('',*,*,#2004,.T.);
#2815=ORIENTED_EDGE('',*,*,#1745,.T.);
#2816=ORIENTED_EDGE('',*,*,#1984,.F.);
#2817=ORIENTED_EDGE('',*,*,#2005,.T.);
#2818=ORIENTED_EDGE('',*,*,#2006,.T.);
#2819=ORIENTED_EDGE('',*,*,#2007,.T.);
#2820=ORIENTED_EDGE('',*,*,#2008,.T.);
#2821=ORIENTED_EDGE('',*,*,#2009,.F.);
#2822=ORIENTED_EDGE('',*,*,#2010,.F.);
#2823=ORIENTED_EDGE('',*,*,#2011,.F.);
#2824=ORIENTED_EDGE('',*,*,#1994,.F.);
#2825=ORIENTED_EDGE('',*,*,#2012,.F.);
#2826=ORIENTED_EDGE('',*,*,#2013,.F.);
#2827=ORIENTED_EDGE('',*,*,#2014,.F.);
#2828=ORIENTED_EDGE('',*,*,#2001,.F.);
#2829=ORIENTED_EDGE('',*,*,#2015,.F.);
#2830=ORIENTED_EDGE('',*,*,#2016,.F.);
#2831=ORIENTED_EDGE('',*,*,#2017,.F.);
#2832=ORIENTED_EDGE('',*,*,#2018,.F.);
#2833=ORIENTED_EDGE('',*,*,#2019,.F.);
#2834=ORIENTED_EDGE('',*,*,#1982,.F.);
#2835=ORIENTED_EDGE('',*,*,#2009,.T.);
#2836=ORIENTED_EDGE('',*,*,#1981,.F.);
#2837=ORIENTED_EDGE('',*,*,#1988,.F.);
#2838=ORIENTED_EDGE('',*,*,#2020,.F.);
#2839=ORIENTED_EDGE('',*,*,#2019,.T.);
#2840=ORIENTED_EDGE('',*,*,#2021,.T.);
#2841=ORIENTED_EDGE('',*,*,#2005,.F.);
#2842=ORIENTED_EDGE('',*,*,#1983,.F.);
#2843=ORIENTED_EDGE('',*,*,#2018,.T.);
#2844=ORIENTED_EDGE('',*,*,#2022,.T.);
#2845=ORIENTED_EDGE('',*,*,#2006,.F.);
#2846=ORIENTED_EDGE('',*,*,#2021,.F.);
#2847=ORIENTED_EDGE('',*,*,#2017,.T.);
#2848=ORIENTED_EDGE('',*,*,#2023,.T.);
#2849=ORIENTED_EDGE('',*,*,#2007,.F.);
#2850=ORIENTED_EDGE('',*,*,#2022,.F.);
#2851=ORIENTED_EDGE('',*,*,#2016,.T.);
#2852=ORIENTED_EDGE('',*,*,#2024,.F.);
#2853=ORIENTED_EDGE('',*,*,#2008,.F.);
#2854=ORIENTED_EDGE('',*,*,#2023,.F.);
#2855=ORIENTED_EDGE('',*,*,#1626,.F.);
#2856=ORIENTED_EDGE('',*,*,#1912,.F.);
#2857=ORIENTED_EDGE('',*,*,#1712,.T.);
#2858=ORIENTED_EDGE('',*,*,#1597,.F.);
#2859=ORIENTED_EDGE('',*,*,#2025,.T.);
#2860=ORIENTED_EDGE('',*,*,#1952,.F.);
#2861=ORIENTED_EDGE('',*,*,#1846,.F.);
#2862=ORIENTED_EDGE('',*,*,#1950,.T.);
#2863=ORIENTED_EDGE('',*,*,#1951,.F.);
#2864=ORIENTED_EDGE('',*,*,#1722,.T.);
#2865=ORIENTED_EDGE('',*,*,#1608,.F.);
#2866=ORIENTED_EDGE('',*,*,#2015,.T.);
#2867=ORIENTED_EDGE('',*,*,#2000,.F.);
#2868=ORIENTED_EDGE('',*,*,#2003,.F.);
#2869=ORIENTED_EDGE('',*,*,#2024,.T.);
#2870=ORIENTED_EDGE('',*,*,#2026,.F.);
#2871=ORIENTED_EDGE('',*,*,#1874,.F.);
#2872=ORIENTED_EDGE('',*,*,#2027,.T.);
#2873=ORIENTED_EDGE('',*,*,#1688,.T.);
#2874=ORIENTED_EDGE('',*,*,#2028,.F.);
#2875=ORIENTED_EDGE('',*,*,#1875,.F.);
#2876=ORIENTED_EDGE('',*,*,#2026,.T.);
#2877=ORIENTED_EDGE('',*,*,#1687,.T.);
#2878=ORIENTED_EDGE('',*,*,#2029,.F.);
#2879=ORIENTED_EDGE('',*,*,#1876,.F.);
#2880=ORIENTED_EDGE('',*,*,#2028,.T.);
#2881=ORIENTED_EDGE('',*,*,#1686,.T.);
#2882=ORIENTED_EDGE('',*,*,#2030,.F.);
#2883=ORIENTED_EDGE('',*,*,#1877,.F.);
#2884=ORIENTED_EDGE('',*,*,#2029,.T.);
#2885=ORIENTED_EDGE('',*,*,#1685,.T.);
#2886=ORIENTED_EDGE('',*,*,#1964,.F.);
#2887=ORIENTED_EDGE('',*,*,#1878,.F.);
#2888=ORIENTED_EDGE('',*,*,#2030,.T.);
#2889=ORIENTED_EDGE('',*,*,#1684,.T.);
#2890=ORIENTED_EDGE('',*,*,#1592,.F.);
#2891=ORIENTED_EDGE('',*,*,#1746,.T.);
#2892=ORIENTED_EDGE('',*,*,#2004,.F.);
#2893=ORIENTED_EDGE('',*,*,#1627,.T.);
#2894=ORIENTED_EDGE('',*,*,#2014,.T.);
#2895=ORIENTED_EDGE('',*,*,#2031,.T.);
#2896=ORIENTED_EDGE('',*,*,#1997,.F.);
#2897=ORIENTED_EDGE('',*,*,#2002,.F.);
#2898=ORIENTED_EDGE('',*,*,#2013,.T.);
#2899=ORIENTED_EDGE('',*,*,#2032,.F.);
#2900=ORIENTED_EDGE('',*,*,#1998,.F.);
#2901=ORIENTED_EDGE('',*,*,#2031,.F.);
#2902=ORIENTED_EDGE('',*,*,#2012,.T.);
#2903=ORIENTED_EDGE('',*,*,#1993,.F.);
#2904=ORIENTED_EDGE('',*,*,#1995,.F.);
#2905=ORIENTED_EDGE('',*,*,#2032,.T.);
#2906=ORIENTED_EDGE('',*,*,#2011,.T.);
#2907=ORIENTED_EDGE('',*,*,#2033,.T.);
#2908=ORIENTED_EDGE('',*,*,#1986,.F.);
#2909=ORIENTED_EDGE('',*,*,#1990,.F.);
#2910=ORIENTED_EDGE('',*,*,#2034,.F.);
#2911=ORIENTED_EDGE('',*,*,#2035,.T.);
#2912=ORIENTED_EDGE('',*,*,#1862,.F.);
#2913=ORIENTED_EDGE('',*,*,#2035,.F.);
#2914=ORIENTED_EDGE('',*,*,#2036,.F.);
#2915=ORIENTED_EDGE('',*,*,#2037,.T.);
#2916=ORIENTED_EDGE('',*,*,#1863,.F.);
#2917=ORIENTED_EDGE('',*,*,#2037,.F.);
#2918=ORIENTED_EDGE('',*,*,#2038,.F.);
#2919=ORIENTED_EDGE('',*,*,#2039,.T.);
#2920=ORIENTED_EDGE('',*,*,#1864,.F.);
#2921=ORIENTED_EDGE('',*,*,#2040,.F.);
#2922=ORIENTED_EDGE('',*,*,#2041,.F.);
#2923=ORIENTED_EDGE('',*,*,#2040,.T.);
#2924=ORIENTED_EDGE('',*,*,#1867,.F.);
#2925=ORIENTED_EDGE('',*,*,#2042,.F.);
#2926=ORIENTED_EDGE('',*,*,#2043,.F.);
#2927=ORIENTED_EDGE('',*,*,#2044,.T.);
#2928=ORIENTED_EDGE('',*,*,#1865,.F.);
#2929=ORIENTED_EDGE('',*,*,#2039,.F.);
#2930=ORIENTED_EDGE('',*,*,#2045,.F.);
#2931=ORIENTED_EDGE('',*,*,#2042,.T.);
#2932=ORIENTED_EDGE('',*,*,#1866,.F.);
#2933=ORIENTED_EDGE('',*,*,#2044,.F.);
#2934=ORIENTED_EDGE('',*,*,#2046,.F.);
#2935=ORIENTED_EDGE('',*,*,#2047,.T.);
#2936=ORIENTED_EDGE('',*,*,#1868,.F.);
#2937=ORIENTED_EDGE('',*,*,#2047,.F.);
#2938=ORIENTED_EDGE('',*,*,#2025,.F.);
#2939=ORIENTED_EDGE('',*,*,#1607,.F.);
#2940=ORIENTED_EDGE('',*,*,#1741,.T.);
#2941=ORIENTED_EDGE('',*,*,#1962,.F.);
#2942=ORIENTED_EDGE('',*,*,#1955,.T.);
#2943=ORIENTED_EDGE('',*,*,#1915,.T.);
#2944=ORIENTED_EDGE('',*,*,#1957,.T.);
#2945=ORIENTED_EDGE('',*,*,#1959,.T.);
#2946=ORIENTED_EDGE('',*,*,#1961,.T.);
#2947=ORIENTED_EDGE('',*,*,#1953,.F.);
#2948=ORIENTED_EDGE('',*,*,#1733,.F.);
#2949=ORIENTED_EDGE('',*,*,#1946,.F.);
#2950=ORIENTED_EDGE('',*,*,#1985,.T.);
#2951=ORIENTED_EDGE('',*,*,#1616,.F.);
#2952=ORIENTED_EDGE('',*,*,#2048,.F.);
#2953=ORIENTED_EDGE('',*,*,#2049,.T.);
#2954=ORIENTED_EDGE('',*,*,#1621,.F.);
#2955=ORIENTED_EDGE('',*,*,#2049,.F.);
#2956=ORIENTED_EDGE('',*,*,#2048,.T.);
#2957=ORIENTED_EDGE('',*,*,#2034,.T.);
#2958=ORIENTED_EDGE('',*,*,#2050,.F.);
#2959=ORIENTED_EDGE('',*,*,#2051,.T.);
#2960=ORIENTED_EDGE('',*,*,#1620,.F.);
#2961=ORIENTED_EDGE('',*,*,#2051,.F.);
#2962=ORIENTED_EDGE('',*,*,#2050,.T.);
#2963=ORIENTED_EDGE('',*,*,#2046,.T.);
#2964=ORIENTED_EDGE('',*,*,#2052,.F.);
#2965=ORIENTED_EDGE('',*,*,#2053,.T.);
#2966=ORIENTED_EDGE('',*,*,#1619,.F.);
#2967=ORIENTED_EDGE('',*,*,#2053,.F.);
#2968=ORIENTED_EDGE('',*,*,#2052,.T.);
#2969=ORIENTED_EDGE('',*,*,#2036,.T.);
#2970=ORIENTED_EDGE('',*,*,#2054,.F.);
#2971=ORIENTED_EDGE('',*,*,#2055,.T.);
#2972=ORIENTED_EDGE('',*,*,#1618,.F.);
#2973=ORIENTED_EDGE('',*,*,#2055,.F.);
#2974=ORIENTED_EDGE('',*,*,#2054,.T.);
#2975=ORIENTED_EDGE('',*,*,#2045,.T.);
#2976=ORIENTED_EDGE('',*,*,#2043,.T.);
#2977=ORIENTED_EDGE('',*,*,#2038,.T.);
#2978=ORIENTED_EDGE('',*,*,#2041,.T.);
#2979=ORIENTED_EDGE('',*,*,#2010,.T.);
#2980=ORIENTED_EDGE('',*,*,#2020,.T.);
#2981=ORIENTED_EDGE('',*,*,#1987,.F.);
#2982=ORIENTED_EDGE('',*,*,#2033,.F.);
#2983=ORIENTED_EDGE('',*,*,#2056,.F.);
#2984=ORIENTED_EDGE('',*,*,#1894,.F.);
#2985=ORIENTED_EDGE('',*,*,#1978,.T.);
#2986=ORIENTED_EDGE('',*,*,#1698,.T.);
#2987=ORIENTED_EDGE('',*,*,#2057,.F.);
#2988=ORIENTED_EDGE('',*,*,#1895,.F.);
#2989=ORIENTED_EDGE('',*,*,#2056,.T.);
#2990=ORIENTED_EDGE('',*,*,#1697,.T.);
#2991=ORIENTED_EDGE('',*,*,#2058,.F.);
#2992=ORIENTED_EDGE('',*,*,#1896,.F.);
#2993=ORIENTED_EDGE('',*,*,#2057,.T.);
#2994=ORIENTED_EDGE('',*,*,#1696,.T.);
#2995=ORIENTED_EDGE('',*,*,#2059,.F.);
#2996=ORIENTED_EDGE('',*,*,#1897,.F.);
#2997=ORIENTED_EDGE('',*,*,#2058,.T.);
#2998=ORIENTED_EDGE('',*,*,#1695,.T.);
#2999=ORIENTED_EDGE('',*,*,#2060,.F.);
#3000=ORIENTED_EDGE('',*,*,#1898,.F.);
#3001=ORIENTED_EDGE('',*,*,#2059,.T.);
#3002=ORIENTED_EDGE('',*,*,#1694,.T.);
#3003=ORIENTED_EDGE('',*,*,#2061,.F.);
#3004=ORIENTED_EDGE('',*,*,#1869,.F.);
#3005=ORIENTED_EDGE('',*,*,#2060,.T.);
#3006=ORIENTED_EDGE('',*,*,#1693,.T.);
#3007=ORIENTED_EDGE('',*,*,#2062,.F.);
#3008=ORIENTED_EDGE('',*,*,#1870,.F.);
#3009=ORIENTED_EDGE('',*,*,#2061,.T.);
#3010=ORIENTED_EDGE('',*,*,#1692,.T.);
#3011=ORIENTED_EDGE('',*,*,#2063,.F.);
#3012=ORIENTED_EDGE('',*,*,#1871,.F.);
#3013=ORIENTED_EDGE('',*,*,#2062,.T.);
#3014=ORIENTED_EDGE('',*,*,#1691,.T.);
#3015=ORIENTED_EDGE('',*,*,#2064,.F.);
#3016=ORIENTED_EDGE('',*,*,#1872,.F.);
#3017=ORIENTED_EDGE('',*,*,#2063,.T.);
#3018=ORIENTED_EDGE('',*,*,#1690,.T.);
#3019=ORIENTED_EDGE('',*,*,#2027,.F.);
#3020=ORIENTED_EDGE('',*,*,#1873,.F.);
#3021=ORIENTED_EDGE('',*,*,#2064,.T.);
#3022=ORIENTED_EDGE('',*,*,#1689,.T.);
#3023=PLANE('',#3308);
#3024=PLANE('',#3309);
#3025=PLANE('',#3310);
#3026=PLANE('',#3311);
#3027=PLANE('',#3329);
#3028=PLANE('',#3330);
#3029=PLANE('',#3346);
#3030=PLANE('',#3363);
#3031=PLANE('',#3365);
#3032=PLANE('',#3376);
#3033=PLANE('',#3380);
#3034=PLANE('',#3383);
#3035=PLANE('',#3386);
#3036=PLANE('',#3388);
#3037=PLANE('',#3391);
#3038=PLANE('',#3394);
#3039=PLANE('',#3395);
#3040=PLANE('',#3403);
#3041=PLANE('',#3426);
#3042=PLANE('',#3429);
#3043=PLANE('',#3432);
#3044=PLANE('',#3433);
#3045=PLANE('',#3434);
#3046=PLANE('',#3441);
#3047=PLANE('',#3466);
#3048=PLANE('',#3469);
#3049=PLANE('',#3470);
#3050=PLANE('',#3471);
#3051=PLANE('',#3473);
#3052=PLANE('',#3474);
#3053=PLANE('',#3475);
#3054=PLANE('',#3477);
#3055=PLANE('',#3478);
#3056=PLANE('',#3481);
#3057=PLANE('',#3482);
#3058=PLANE('',#3483);
#3059=PLANE('',#3485);
#3060=PLANE('',#3486);
#3061=PLANE('',#3489);
#3062=PLANE('',#3490);
#3063=PLANE('',#3497);
#3064=PLANE('',#3498);
#3065=PLANE('',#3499);
#3066=PLANE('',#3503);
#3067=PLANE('',#3504);
#3068=PLANE('',#3506);
#3069=PLANE('',#3508);
#3070=PLANE('',#3509);
#3071=PLANE('',#3510);
#3072=PLANE('',#3511);
#3073=PLANE('',#3512);
#3074=PLANE('',#3514);
#3075=PLANE('',#3515);
#3076=PLANE('',#3516);
#3077=PLANE('',#3517);
#3078=PLANE('',#3519);
#3079=PLANE('',#3521);
#3080=PLANE('',#3522);
#3081=PLANE('',#3523);
#3082=PLANE('',#3524);
#3083=PLANE('',#3526);
#3084=PLANE('',#3527);
#3085=PLANE('',#3528);
#3086=PLANE('',#3529);
#3087=PLANE('',#3530);
#3088=PLANE('',#3531);
#3089=PLANE('',#3532);
#3090=PLANE('',#3533);
#3091=PLANE('',#3534);
#3092=PLANE('',#3535);
#3093=PLANE('',#3536);
#3094=PLANE('',#3537);
#3095=PLANE('',#3538);
#3096=PLANE('',#3539);
#3097=PLANE('',#3540);
#3098=PLANE('',#3543);
#3099=PLANE('',#3544);
#3100=PLANE('',#3546);
#3101=PLANE('',#3547);
#3102=PLANE('',#3548);
#3103=PLANE('',#3549);
#3104=PLANE('',#3550);
#3105=PLANE('',#3551);
#3106=PLANE('',#3552);
#3107=PLANE('',#3553);
#3108=PLANE('',#3564);
#3109=PLANE('',#3568);
#3110=PLANE('',#3571);
#3111=PLANE('',#3574);
#3112=PLANE('',#3577);
#3113=PLANE('',#3578);
#3114=PLANE('',#3579);
#3115=PLANE('',#3580);
#3116=PLANE('',#3581);
#3117=PLANE('',#3583);
#3118=PLANE('',#3584);
#3119=PLANE('',#3586);
#3120=PLANE('',#3588);
#3121=ADVANCED_FACE('',(#278),#3023,.T.);
#3122=ADVANCED_FACE('',(#279),#3024,.T.);
#3123=ADVANCED_FACE('',(#280),#3025,.T.);
#3124=ADVANCED_FACE('',(#281,#139,#140,#141,#142,#143,#144),#3026,.F.);
#3125=ADVANCED_FACE('',(#282),#3027,.T.);
#3126=ADVANCED_FACE('',(#283),#3028,.T.);
#3127=ADVANCED_FACE('',(#284),#132,.T.);
#3128=ADVANCED_FACE('',(#285),#25,.T.);
#3129=ADVANCED_FACE('',(#286),#133,.T.);
#3130=ADVANCED_FACE('',(#287),#26,.T.);
#3131=ADVANCED_FACE('',(#288),#134,.T.);
#3132=ADVANCED_FACE('',(#289),#3029,.T.);
#3133=ADVANCED_FACE('',(#290),#135,.T.);
#3134=ADVANCED_FACE('',(#291),#27,.T.);
#3135=ADVANCED_FACE('',(#292),#136,.T.);
#3136=ADVANCED_FACE('',(#293),#28,.T.);
#3137=ADVANCED_FACE('',(#294),#137,.T.);
#3138=ADVANCED_FACE('',(#295),#3030,.T.);
#3139=ADVANCED_FACE('',(#296),#3031,.F.);
#3140=ADVANCED_FACE('',(#297),#29,.F.);
#3141=ADVANCED_FACE('',(#298,#145),#3032,.T.);
#3142=ADVANCED_FACE('',(#299),#30,.F.);
#3143=ADVANCED_FACE('',(#300,#146),#3033,.T.);
#3144=ADVANCED_FACE('',(#301),#31,.F.);
#3145=ADVANCED_FACE('',(#302),#3034,.T.);
#3146=ADVANCED_FACE('',(#303),#32,.F.);
#3147=ADVANCED_FACE('',(#304),#33,.F.);
#3148=ADVANCED_FACE('',(#305),#3035,.T.);
#3149=ADVANCED_FACE('',(#306),#34,.T.);
#3150=ADVANCED_FACE('',(#307),#3036,.T.);
#3151=ADVANCED_FACE('',(#308),#35,.F.);
#3152=ADVANCED_FACE('',(#309),#36,.T.);
#3153=ADVANCED_FACE('',(#310),#3037,.T.);
#3154=ADVANCED_FACE('',(#311),#37,.F.);
#3155=ADVANCED_FACE('',(#312),#38,.F.);
#3156=ADVANCED_FACE('',(#313),#3038,.T.);
#3157=ADVANCED_FACE('',(#314),#3039,.T.);
#3158=ADVANCED_FACE('',(#315),#39,.T.);
#3159=ADVANCED_FACE('',(#316),#40,.T.);
#3160=ADVANCED_FACE('',(#317),#3040,.T.);
#3161=ADVANCED_FACE('',(#318),#15,.F.);
#3162=ADVANCED_FACE('',(#319),#41,.T.);
#3163=ADVANCED_FACE('',(#320),#42,.T.);
#3164=ADVANCED_FACE('',(#321),#16,.F.);
#3165=ADVANCED_FACE('',(#322),#17,.F.);
#3166=ADVANCED_FACE('',(#323),#43,.T.);
#3167=ADVANCED_FACE('',(#324),#44,.T.);
#3168=ADVANCED_FACE('',(#325),#18,.F.);
#3169=ADVANCED_FACE('',(#326),#138,.T.);
#3170=ADVANCED_FACE('',(#327),#45,.T.);
#3171=ADVANCED_FACE('',(#328),#19,.F.);
#3172=ADVANCED_FACE('',(#329),#20,.F.);
#3173=ADVANCED_FACE('',(#330),#21,.F.);
#3174=ADVANCED_FACE('',(#331),#46,.T.);
#3175=ADVANCED_FACE('',(#332),#47,.T.);
#3176=ADVANCED_FACE('',(#333),#22,.F.);
#3177=ADVANCED_FACE('',(#334),#48,.T.);
#3178=ADVANCED_FACE('',(#335),#49,.T.);
#3179=ADVANCED_FACE('',(#336),#50,.T.);
#3180=ADVANCED_FACE('',(#337),#3041,.T.);
#3181=ADVANCED_FACE('',(#338),#3042,.T.);
#3182=ADVANCED_FACE('',(#339),#3043,.T.);
#3183=ADVANCED_FACE('',(#340),#3044,.T.);
#3184=ADVANCED_FACE('',(#341),#3045,.T.);
#3185=ADVANCED_FACE('',(#342),#51,.T.);
#3186=ADVANCED_FACE('',(#343),#52,.T.);
#3187=ADVANCED_FACE('',(#344,#147,#148,#149,#150,#151),#3046,.T.);
#3188=ADVANCED_FACE('',(#345),#53,.T.);
#3189=ADVANCED_FACE('',(#346),#54,.T.);
#3190=ADVANCED_FACE('',(#347,#152),#55,.F.);
#3191=ADVANCED_FACE('',(#348),#3047,.T.);
#3192=ADVANCED_FACE('',(#349,#153),#56,.F.);
#3193=ADVANCED_FACE('',(#350),#3048,.T.);
#3194=ADVANCED_FACE('',(#351),#3049,.T.);
#3195=ADVANCED_FACE('',(#352),#3050,.T.);
#3196=ADVANCED_FACE('',(#353),#3051,.T.);
#3197=ADVANCED_FACE('',(#354),#3052,.T.);
#3198=ADVANCED_FACE('',(#355),#3053,.F.);
#3199=ADVANCED_FACE('',(#356),#3054,.T.);
#3200=ADVANCED_FACE('',(#357),#3055,.T.);
#3201=ADVANCED_FACE('',(#358),#57,.T.);
#3202=ADVANCED_FACE('',(#359),#3056,.T.);
#3203=ADVANCED_FACE('',(#360),#3057,.T.);
#3204=ADVANCED_FACE('',(#361),#3058,.F.);
#3205=ADVANCED_FACE('',(#362),#3059,.T.);
#3206=ADVANCED_FACE('',(#363),#3060,.T.);
#3207=ADVANCED_FACE('',(#364),#58,.T.);
#3208=ADVANCED_FACE('',(#365),#3061,.T.);
#3209=ADVANCED_FACE('',(#366),#3062,.T.);
#3210=ADVANCED_FACE('',(#367,#154),#59,.F.);
#3211=ADVANCED_FACE('',(#368),#60,.T.);
#3212=ADVANCED_FACE('',(#369),#61,.T.);
#3213=ADVANCED_FACE('',(#370),#3063,.T.);
#3214=ADVANCED_FACE('',(#371),#3064,.T.);
#3215=ADVANCED_FACE('',(#372),#3065,.T.);
#3216=ADVANCED_FACE('',(#373,#155),#62,.F.);
#3217=ADVANCED_FACE('',(#374),#3066,.T.);
#3218=ADVANCED_FACE('',(#375),#3067,.T.);
#3219=ADVANCED_FACE('',(#376),#3068,.T.);
#3220=ADVANCED_FACE('',(#377),#3069,.T.);
#3221=ADVANCED_FACE('',(#378),#3070,.T.);
#3222=ADVANCED_FACE('',(#379),#3071,.T.);
#3223=ADVANCED_FACE('',(#380),#3072,.T.);
#3224=ADVANCED_FACE('',(#381),#3073,.T.);
#3225=ADVANCED_FACE('',(#382),#63,.T.);
#3226=ADVANCED_FACE('',(#383),#3074,.T.);
#3227=ADVANCED_FACE('',(#384),#3075,.T.);
#3228=ADVANCED_FACE('',(#385),#3076,.T.);
#3229=ADVANCED_FACE('',(#386),#3077,.T.);
#3230=ADVANCED_FACE('',(#387),#64,.T.);
#3231=ADVANCED_FACE('',(#388),#3078,.T.);
#3232=ADVANCED_FACE('',(#389),#65,.T.);
#3233=ADVANCED_FACE('',(#390),#3079,.T.);
#3234=ADVANCED_FACE('',(#391),#3080,.T.);
#3235=ADVANCED_FACE('',(#392),#3081,.T.);
#3236=ADVANCED_FACE('',(#393),#3082,.T.);
#3237=ADVANCED_FACE('',(#394),#66,.T.);
#3238=ADVANCED_FACE('',(#395),#3083,.T.);
#3239=ADVANCED_FACE('',(#396),#3084,.T.);
#3240=ADVANCED_FACE('',(#397),#3085,.T.);
#3241=ADVANCED_FACE('',(#398),#3086,.T.);
#3242=ADVANCED_FACE('',(#399),#3087,.T.);
#3243=ADVANCED_FACE('',(#400),#3088,.T.);
#3244=ADVANCED_FACE('',(#401),#3089,.T.);
#3245=ADVANCED_FACE('',(#402),#3090,.T.);
#3246=ADVANCED_FACE('',(#403),#3091,.T.);
#3247=ADVANCED_FACE('',(#404),#3092,.T.);
#3248=ADVANCED_FACE('',(#405),#3093,.T.);
#3249=ADVANCED_FACE('',(#406),#3094,.T.);
#3250=ADVANCED_FACE('',(#407),#3095,.T.);
#3251=ADVANCED_FACE('',(#408),#3096,.T.);
#3252=ADVANCED_FACE('',(#409),#3097,.T.);
#3253=ADVANCED_FACE('',(#410),#67,.T.);
#3254=ADVANCED_FACE('',(#411),#68,.T.);
#3255=ADVANCED_FACE('',(#412),#3098,.T.);
#3256=ADVANCED_FACE('',(#413),#3099,.T.);
#3257=ADVANCED_FACE('',(#414),#69,.T.);
#3258=ADVANCED_FACE('',(#415),#3100,.T.);
#3259=ADVANCED_FACE('',(#416),#3101,.T.);
#3260=ADVANCED_FACE('',(#417),#3102,.T.);
#3261=ADVANCED_FACE('',(#418),#3103,.T.);
#3262=ADVANCED_FACE('',(#419),#3104,.T.);
#3263=ADVANCED_FACE('',(#420),#3105,.T.);
#3264=ADVANCED_FACE('',(#421),#3106,.T.);
#3265=ADVANCED_FACE('',(#422),#3107,.T.);
#3266=ADVANCED_FACE('',(#423),#70,.F.);
#3267=ADVANCED_FACE('',(#424),#71,.F.);
#3268=ADVANCED_FACE('',(#425),#23,.F.);
#3269=ADVANCED_FACE('',(#426),#72,.F.);
#3270=ADVANCED_FACE('',(#427),#73,.F.);
#3271=ADVANCED_FACE('',(#428),#24,.F.);
#3272=ADVANCED_FACE('',(#429),#74,.F.);
#3273=ADVANCED_FACE('',(#430),#3108,.T.);
#3274=ADVANCED_FACE('',(#431),#75,.T.);
#3275=ADVANCED_FACE('',(#432),#76,.F.);
#3276=ADVANCED_FACE('',(#433,#156),#3109,.T.);
#3277=ADVANCED_FACE('',(#434),#77,.F.);
#3278=ADVANCED_FACE('',(#435,#157),#3110,.T.);
#3279=ADVANCED_FACE('',(#436),#78,.F.);
#3280=ADVANCED_FACE('',(#437,#158),#3111,.T.);
#3281=ADVANCED_FACE('',(#438),#79,.F.);
#3282=ADVANCED_FACE('',(#439,#159),#3112,.T.);
#3283=ADVANCED_FACE('',(#440),#3113,.T.);
#3284=ADVANCED_FACE('',(#441),#3114,.T.);
#3285=ADVANCED_FACE('',(#442),#3115,.T.);
#3286=ADVANCED_FACE('',(#443),#3116,.T.);
#3287=ADVANCED_FACE('',(#444),#80,.T.);
#3288=ADVANCED_FACE('',(#445),#3117,.T.);
#3289=ADVANCED_FACE('',(#446),#3118,.T.);
#3290=ADVANCED_FACE('',(#447),#81,.F.);
#3291=ADVANCED_FACE('',(#448),#3119,.T.);
#3292=ADVANCED_FACE('',(#449),#82,.F.);
#3293=ADVANCED_FACE('',(#450),#3120,.T.);
#3294=CLOSED_SHELL('',(#3121,#3122,#3123,#3124,#3125,#3126,#3127,#3128,
#3129,#3130,#3131,#3132,#3133,#3134,#3135,#3136,#3137,#3138,#3139,#3140,
#3141,#3142,#3143,#3144,#3145,#3146,#3147,#3148,#3149,#3150,#3151,#3152,
#3153,#3154,#3155,#3156,#3157,#3158,#3159,#3160,#3161,#3162,#3163,#3164,
#3165,#3166,#3167,#3168,#3169,#3170,#3171,#3172,#3173,#3174,#3175,#3176,
#3177,#3178,#3179,#3180,#3181,#3182,#3183,#3184,#3185,#3186,#3187,#3188,
#3189,#3190,#3191,#3192,#3193,#3194,#3195,#3196,#3197,#3198,#3199,#3200,
#3201,#3202,#3203,#3204,#3205,#3206,#3207,#3208,#3209,#3210,#3211,#3212,
#3213,#3214,#3215,#3216,#3217,#3218,#3219,#3220,#3221,#3222,#3223,#3224,
#3225,#3226,#3227,#3228,#3229,#3230,#3231,#3232,#3233,#3234,#3235,#3236,
#3237,#3238,#3239,#3240,#3241,#3242,#3243,#3244,#3245,#3246,#3247,#3248,
#3249,#3250,#3251,#3252,#3253,#3254,#3255,#3256,#3257,#3258,#3259,#3260,
#3261,#3262,#3263,#3264,#3265,#3266,#3267,#3268,#3269,#3270,#3271,#3272,
#3273,#3274,#3275,#3276,#3277,#3278,#3279,#3280,#3281,#3282,#3283,#3284,
#3285,#3286,#3287,#3288,#3289,#3290,#3291,#3292,#3293));
#3295=DERIVED_UNIT_ELEMENT(#3297,1.);
#3296=DERIVED_UNIT_ELEMENT(#6595,-3.);
#3297=(
MASS_UNIT()
NAMED_UNIT(*)
SI_UNIT(.KILO.,.GRAM.)
);
#3298=DERIVED_UNIT((#3295,#3296));
#3299=MEASURE_REPRESENTATION_ITEM('density measure',
POSITIVE_RATIO_MEASURE(1060.),#3298);
#3300=PROPERTY_DEFINITION_REPRESENTATION(#3305,#3302);
#3301=PROPERTY_DEFINITION_REPRESENTATION(#3306,#3303);
#3302=REPRESENTATION('material name',(#3304),#6592);
#3303=REPRESENTATION('density',(#3299),#6592);
#3304=DESCRIPTIVE_REPRESENTATION_ITEM('ABS Plastic','ABS Plastic');
#3305=PROPERTY_DEFINITION('material property','material name',#6602);
#3306=PROPERTY_DEFINITION('material property','density of part',#6602);
#3307=AXIS2_PLACEMENT_3D('',#4465,#3589,#3590);
#3308=AXIS2_PLACEMENT_3D('',#4466,#3591,#3592);
#3309=AXIS2_PLACEMENT_3D('',#4475,#3597,#3598);
#3310=AXIS2_PLACEMENT_3D('',#4481,#3602,#3603);
#3311=AXIS2_PLACEMENT_3D('',#4487,#3607,#3608);
#3312=AXIS2_PLACEMENT_3D('',#4491,#3610,#3611);
#3313=AXIS2_PLACEMENT_3D('',#4495,#3613,#3614);
#3314=AXIS2_PLACEMENT_3D('',#4499,#3616,#3617);
#3315=AXIS2_PLACEMENT_3D('',#4503,#3619,#3620);
#3316=AXIS2_PLACEMENT_3D('',#4507,#3622,#3623);
#3317=AXIS2_PLACEMENT_3D('',#4509,#3624,#3625);
#3318=AXIS2_PLACEMENT_3D('',#4513,#3627,#3628);
#3319=AXIS2_PLACEMENT_3D('',#4517,#3630,#3631);
#3320=AXIS2_PLACEMENT_3D('',#4521,#3633,#3634);
#3321=AXIS2_PLACEMENT_3D('',#4525,#3636,#3637);
#3322=AXIS2_PLACEMENT_3D('',#4529,#3639,#3640);
#3323=AXIS2_PLACEMENT_3D('',#4532,#3642,#3643);
#3324=AXIS2_PLACEMENT_3D('',#4534,#3644,#3645);
#3325=AXIS2_PLACEMENT_3D('',#4536,#3646,#3647);
#3326=AXIS2_PLACEMENT_3D('',#4538,#3648,#3649);
#3327=AXIS2_PLACEMENT_3D('',#4540,#3650,#3651);
#3328=AXIS2_PLACEMENT_3D('',#4542,#3652,#3653);
#3329=AXIS2_PLACEMENT_3D('',#4543,#3654,#3655);
#3330=AXIS2_PLACEMENT_3D('',#4549,#3659,#3660);
#3331=AXIS2_PLACEMENT_3D('',#4561,#3667,#3668);
#3332=AXIS2_PLACEMENT_3D('',#4564,#3669,#3670);
#3333=AXIS2_PLACEMENT_3D('',#4566,#3671,#3672);
#3334=AXIS2_PLACEMENT_3D('',#4580,#3673,#3674);
#3335=AXIS2_PLACEMENT_3D('',#4581,#3675,#3676);
#3336=AXIS2_PLACEMENT_3D('',#4584,#3677,#3678);
#3337=AXIS2_PLACEMENT_3D('',#4587,#3681,#3682);
#3338=AXIS2_PLACEMENT_3D('',#4590,#3683,#3684);
#3339=AXIS2_PLACEMENT_3D('',#4591,#3685,#3686);
#3340=AXIS2_PLACEMENT_3D('',#4592,#3687,#3688);
#3341=AXIS2_PLACEMENT_3D('',#4593,#3689,#3690);
#3342=AXIS2_PLACEMENT_3D('',#4596,#3691,#3692);
#3343=AXIS2_PLACEMENT_3D('',#4599,#3695,#3696);
#3344=AXIS2_PLACEMENT_3D('',#4614,#3697,#3698);
#3345=AXIS2_PLACEMENT_3D('',#4615,#3699,#3700);
#3346=AXIS2_PLACEMENT_3D('',#4616,#3701,#3702);
#3347=AXIS2_PLACEMENT_3D('',#4617,#3703,#3704);
#3348=AXIS2_PLACEMENT_3D('',#4619,#3706,#3707);
#3349=AXIS2_PLACEMENT_3D('',#4622,#3708,#3709);
#3350=AXIS2_PLACEMENT_3D('',#4624,#3710,#3711);
#3351=AXIS2_PLACEMENT_3D('',#4640,#3712,#3713);
#3352=AXIS2_PLACEMENT_3D('',#4641,#3714,#3715);
#3353=AXIS2_PLACEMENT_3D('',#4644,#3716,#3717);
#3354=AXIS2_PLACEMENT_3D('',#4647,#3720,#3721);
#3355=AXIS2_PLACEMENT_3D('',#4650,#3722,#3723);
#3356=AXIS2_PLACEMENT_3D('',#4651,#3724,#3725);
#3357=AXIS2_PLACEMENT_3D('',#4652,#3726,#3727);
#3358=AXIS2_PLACEMENT_3D('',#4653,#3728,#3729);
#3359=AXIS2_PLACEMENT_3D('',#4656,#3730,#3731);
#3360=AXIS2_PLACEMENT_3D('',#4659,#3734,#3735);
#3361=AXIS2_PLACEMENT_3D('',#4676,#3736,#3737);
#3362=AXIS2_PLACEMENT_3D('',#4677,#3738,#3739);
#3363=AXIS2_PLACEMENT_3D('',#4678,#3740,#3741);
#3364=AXIS2_PLACEMENT_3D('',#4679,#3742,#3743);
#3365=AXIS2_PLACEMENT_3D('',#4681,#3745,#3746);
#3366=AXIS2_PLACEMENT_3D('',#4688,#3749,#3750);
#3367=AXIS2_PLACEMENT_3D('',#4698,#3755,#3756);
#3368=AXIS2_PLACEMENT_3D('',#4702,#3758,#3759);
#3369=AXIS2_PLACEMENT_3D('',#4712,#3764,#3765);
#3370=AXIS2_PLACEMENT_3D('',#4720,#3769,#3770);
#3371=AXIS2_PLACEMENT_3D('',#4726,#3773,#3774);
#3372=AXIS2_PLACEMENT_3D('',#4730,#3776,#3777);
#3373=AXIS2_PLACEMENT_3D('',#4736,#3780,#3781);
#3374=AXIS2_PLACEMENT_3D('',#4742,#3785,#3786);
#3375=AXIS2_PLACEMENT_3D('',#4745,#3788,#3789);
#3376=AXIS2_PLACEMENT_3D('',#4746,#3790,#3791);
#3377=AXIS2_PLACEMENT_3D('',#4748,#3792,#3793);
#3378=AXIS2_PLACEMENT_3D('',#4749,#3794,#3795);
#3379=AXIS2_PLACEMENT_3D('',#4752,#3797,#3798);
#3380=AXIS2_PLACEMENT_3D('',#4753,#3799,#3800);
#3381=AXIS2_PLACEMENT_3D('',#4755,#3801,#3802);
#3382=AXIS2_PLACEMENT_3D('',#4756,#3803,#3804);
#3383=AXIS2_PLACEMENT_3D('',#4758,#3806,#3807);
#3384=AXIS2_PLACEMENT_3D('',#4761,#3810,#3811);
#3385=AXIS2_PLACEMENT_3D('',#4763,#3813,#3814);
#3386=AXIS2_PLACEMENT_3D('',#4766,#3817,#3818);
#3387=AXIS2_PLACEMENT_3D('',#4768,#3820,#3821);
#3388=AXIS2_PLACEMENT_3D('',#4769,#3822,#3823);
#3389=AXIS2_PLACEMENT_3D('',#4775,#3827,#3828);
#3390=AXIS2_PLACEMENT_3D('',#4777,#3830,#3831);
#3391=AXIS2_PLACEMENT_3D('',#4780,#3834,#3835);
#3392=AXIS2_PLACEMENT_3D('',#4782,#3837,#3838);
#3393=AXIS2_PLACEMENT_3D('',#4784,#3840,#3841);
#3394=AXIS2_PLACEMENT_3D('',#4787,#3844,#3845);
#3395=AXIS2_PLACEMENT_3D('',#4788,#3846,#3847);
#3396=AXIS2_PLACEMENT_3D('',#4806,#3856,#3857);
#3397=AXIS2_PLACEMENT_3D('',#4812,#3861,#3862);
#3398=AXIS2_PLACEMENT_3D('',#4814,#3863,#3864);
#3399=AXIS2_PLACEMENT_3D('',#4816,#3866,#3867);
#3400=AXIS2_PLACEMENT_3D('',#4818,#3868,#3869);
#3401=AXIS2_PLACEMENT_3D('',#4822,#3871,#3872);
#3402=AXIS2_PLACEMENT_3D('',#4826,#3874,#3875);
#3403=AXIS2_PLACEMENT_3D('',#4828,#3877,#3878);
#3404=AXIS2_PLACEMENT_3D('',#4952,#3884,#3885);
#3405=AXIS2_PLACEMENT_3D('',#4953,#3886,#3887);
#3406=AXIS2_PLACEMENT_3D('',#4961,#3889,#3890);
#3407=AXIS2_PLACEMENT_3D('',#5047,#3892,#3893);
#3408=AXIS2_PLACEMENT_3D('',#5182,#3894,#3895);
#3409=AXIS2_PLACEMENT_3D('',#5183,#3896,#3897);
#3410=AXIS2_PLACEMENT_3D('',#5191,#3899,#3900);
#3411=AXIS2_PLACEMENT_3D('',#5285,#3902,#3903);
#3412=AXIS2_PLACEMENT_3D('',#5306,#3904,#3905);
#3413=AXIS2_PLACEMENT_3D('',#5316,#3906,#3907);
#3414=AXIS2_PLACEMENT_3D('',#5390,#3908,#3909);
#3415=AXIS2_PLACEMENT_3D('',#5451,#3910,#3911);
#3416=AXIS2_PLACEMENT_3D('',#5741,#3913,#3914);
#3417=AXIS2_PLACEMENT_3D('',#5742,#3915,#3916);
#3418=AXIS2_PLACEMENT_3D('',#5750,#3918,#3919);
#3419=AXIS2_PLACEMENT_3D('',#5820,#3921,#3922);
#3420=AXIS2_PLACEMENT_3D('',#5841,#3923,#3924);
#3421=AXIS2_PLACEMENT_3D('',#5877,#3926,#3927);
#3422=AXIS2_PLACEMENT_3D('',#5880,#3928,#3929);
#3423=AXIS2_PLACEMENT_3D('',#5884,#3931,#3932);
#3424=AXIS2_PLACEMENT_3D('',#5896,#3933,#3934);
#3425=AXIS2_PLACEMENT_3D('',#5919,#3935,#3936);
#3426=AXIS2_PLACEMENT_3D('',#5967,#3938,#3939);
#3427=AXIS2_PLACEMENT_3D('',#5969,#3940,#3941);
#3428=AXIS2_PLACEMENT_3D('',#5974,#3944,#3945);
#3429=AXIS2_PLACEMENT_3D('',#5975,#3946,#3947);
#3430=AXIS2_PLACEMENT_3D('',#5977,#3948,#3949);
#3431=AXIS2_PLACEMENT_3D('',#5984,#3953,#3954);
#3432=AXIS2_PLACEMENT_3D('',#5985,#3955,#3956);
#3433=AXIS2_PLACEMENT_3D('',#5991,#3960,#3961);
#3434=AXIS2_PLACEMENT_3D('',#5997,#3965,#3966);
#3435=AXIS2_PLACEMENT_3D('',#6019,#3979,#3980);
#3436=AXIS2_PLACEMENT_3D('',#6023,#3982,#3983);
#3437=AXIS2_PLACEMENT_3D('',#6026,#3985,#3986);
#3438=AXIS2_PLACEMENT_3D('',#6027,#3987,#3988);
#3439=AXIS2_PLACEMENT_3D('',#6029,#3989,#3990);
#3440=AXIS2_PLACEMENT_3D('',#6033,#3992,#3993);
#3441=AXIS2_PLACEMENT_3D('',#6035,#3995,#3996);
#3442=AXIS2_PLACEMENT_3D('',#6037,#3997,#3998);
#3443=AXIS2_PLACEMENT_3D('',#6041,#4000,#4001);
#3444=AXIS2_PLACEMENT_3D('',#6049,#4005,#4006);
#3445=AXIS2_PLACEMENT_3D('',#6053,#4008,#4009);
#3446=AXIS2_PLACEMENT_3D('',#6063,#4015,#4016);
#3447=AXIS2_PLACEMENT_3D('',#6068,#4019,#4020);
#3448=AXIS2_PLACEMENT_3D('',#6070,#4021,#4022);
#3449=AXIS2_PLACEMENT_3D('',#6072,#4023,#4024);
#3450=AXIS2_PLACEMENT_3D('',#6092,#4025,#4026);
#3451=AXIS2_PLACEMENT_3D('',#6110,#4027,#4028);
#3452=AXIS2_PLACEMENT_3D('',#6112,#4029,#4030);
#3453=AXIS2_PLACEMENT_3D('',#6117,#4032,#4033);
#3454=AXIS2_PLACEMENT_3D('',#6121,#4035,#4036);
#3455=AXIS2_PLACEMENT_3D('',#6127,#4039,#4040);
#3456=AXIS2_PLACEMENT_3D('',#6135,#4044,#4045);
#3457=AXIS2_PLACEMENT_3D('',#6145,#4050,#4051);
#3458=AXIS2_PLACEMENT_3D('',#6149,#4053,#4054);
#3459=AXIS2_PLACEMENT_3D('',#6159,#4059,#4060);
#3460=AXIS2_PLACEMENT_3D('',#6171,#4066,#4067);
#3461=AXIS2_PLACEMENT_3D('',#6173,#4069,#4070);
#3462=AXIS2_PLACEMENT_3D('',#6174,#4071,#4072);
#3463=AXIS2_PLACEMENT_3D('',#6175,#4073,#4074);
#3464=AXIS2_PLACEMENT_3D('',#6177,#4076,#4077);
#3465=AXIS2_PLACEMENT_3D('',#6181,#4079,#4080);
#3466=AXIS2_PLACEMENT_3D('',#6183,#4082,#4083);
#3467=AXIS2_PLACEMENT_3D('',#6187,#4086,#4087);
#3468=AXIS2_PLACEMENT_3D('',#6189,#4088,#4089);
#3469=AXIS2_PLACEMENT_3D('',#6191,#4091,#4092);
#3470=AXIS2_PLACEMENT_3D('',#6193,#4094,#4095);
#3471=AXIS2_PLACEMENT_3D('',#6198,#4099,#4100);
#3472=AXIS2_PLACEMENT_3D('',#6199,#4101,#4102);
#3473=AXIS2_PLACEMENT_3D('',#6200,#4103,#4104);
#3474=AXIS2_PLACEMENT_3D('',#6208,#4109,#4110);
#3475=AXIS2_PLACEMENT_3D('',#6214,#4114,#4115);
#3476=AXIS2_PLACEMENT_3D('',#6216,#4116,#4117);
#3477=AXIS2_PLACEMENT_3D('',#6218,#4119,#4120);
#3478=AXIS2_PLACEMENT_3D('',#6220,#4122,#4123);
#3479=AXIS2_PLACEMENT_3D('',#6224,#4126,#4127);
#3480=AXIS2_PLACEMENT_3D('',#6226,#4128,#4129);
#3481=AXIS2_PLACEMENT_3D('',#6228,#4131,#4132);
#3482=AXIS2_PLACEMENT_3D('',#6230,#4134,#4135);
#3483=AXIS2_PLACEMENT_3D('',#6231,#4136,#4137);
#3484=AXIS2_PLACEMENT_3D('',#6233,#4138,#4139);
#3485=AXIS2_PLACEMENT_3D('',#6235,#4141,#4142);
#3486=AXIS2_PLACEMENT_3D('',#6237,#4144,#4145);
#3487=AXIS2_PLACEMENT_3D('',#6241,#4148,#4149);
#3488=AXIS2_PLACEMENT_3D('',#6243,#4150,#4151);
#3489=AXIS2_PLACEMENT_3D('',#6245,#4153,#4154);
#3490=AXIS2_PLACEMENT_3D('',#6247,#4156,#4157);
#3491=AXIS2_PLACEMENT_3D('',#6248,#4158,#4159);
#3492=AXIS2_PLACEMENT_3D('',#6251,#4161,#4162);
#3493=AXIS2_PLACEMENT_3D('',#6252,#4163,#4164);
#3494=AXIS2_PLACEMENT_3D('',#6253,#4165,#4166);
#3495=AXIS2_PLACEMENT_3D('',#6254,#4167,#4168);
#3496=AXIS2_PLACEMENT_3D('',#6258,#4170,#4171);
#3497=AXIS2_PLACEMENT_3D('',#6260,#4173,#4174);
#3498=AXIS2_PLACEMENT_3D('',#6264,#4177,#4178);
#3499=AXIS2_PLACEMENT_3D('',#6266,#4180,#4181);
#3500=AXIS2_PLACEMENT_3D('',#6269,#4183,#4184);
#3501=AXIS2_PLACEMENT_3D('',#6270,#4185,#4186);
#3502=AXIS2_PLACEMENT_3D('',#6272,#4187,#4188);
#3503=AXIS2_PLACEMENT_3D('',#6274,#4190,#4191);
#3504=AXIS2_PLACEMENT_3D('',#6278,#4194,#4195);
#3505=AXIS2_PLACEMENT_3D('',#6279,#4196,#4197);
#3506=AXIS2_PLACEMENT_3D('',#6280,#4198,#4199);
#3507=AXIS2_PLACEMENT_3D('',#6282,#4200,#4201);
#3508=AXIS2_PLACEMENT_3D('',#6286,#4204,#4205);
#3509=AXIS2_PLACEMENT_3D('',#6290,#4208,#4209);
#3510=AXIS2_PLACEMENT_3D('',#6294,#4212,#4213);
#3511=AXIS2_PLACEMENT_3D('',#6298,#4216,#4217);
#3512=AXIS2_PLACEMENT_3D('',#6300,#4219,#4220);
#3513=AXIS2_PLACEMENT_3D('',#6302,#4222,#4223);
#3514=AXIS2_PLACEMENT_3D('',#6305,#4226,#4227);
#3515=AXIS2_PLACEMENT_3D('',#6307,#4229,#4230);
#3516=AXIS2_PLACEMENT_3D('',#6309,#4232,#4233);
#3517=AXIS2_PLACEMENT_3D('',#6311,#4235,#4236);
#3518=AXIS2_PLACEMENT_3D('',#6313,#4238,#4239);
#3519=AXIS2_PLACEMENT_3D('',#6315,#4241,#4242);
#3520=AXIS2_PLACEMENT_3D('',#6317,#4244,#4245);
#3521=AXIS2_PLACEMENT_3D('',#6319,#4247,#4248);
#3522=AXIS2_PLACEMENT_3D('',#6321,#4250,#4251);
#3523=AXIS2_PLACEMENT_3D('',#6323,#4253,#4254);
#3524=AXIS2_PLACEMENT_3D('',#6325,#4256,#4257);
#3525=AXIS2_PLACEMENT_3D('',#6327,#4259,#4260);
#3526=AXIS2_PLACEMENT_3D('',#6329,#4262,#4263);
#3527=AXIS2_PLACEMENT_3D('',#6331,#4265,#4266);
#3528=AXIS2_PLACEMENT_3D('',#6333,#4268,#4269);
#3529=AXIS2_PLACEMENT_3D('',#6345,#4276,#4277);
#3530=AXIS2_PLACEMENT_3D('',#6347,#4279,#4280);
#3531=AXIS2_PLACEMENT_3D('',#6355,#4285,#4286);
#3532=AXIS2_PLACEMENT_3D('',#6365,#4292,#4293);
#3533=AXIS2_PLACEMENT_3D('',#6373,#4298,#4299);
#3534=AXIS2_PLACEMENT_3D('',#6381,#4304,#4305);
#3535=AXIS2_PLACEMENT_3D('',#6392,#4312,#4313);
#3536=AXIS2_PLACEMENT_3D('',#6412,#4325,#4326);
#3537=AXIS2_PLACEMENT_3D('',#6414,#4328,#4329);
#3538=AXIS2_PLACEMENT_3D('',#6416,#4331,#4332);
#3539=AXIS2_PLACEMENT_3D('',#6418,#4334,#4335);
#3540=AXIS2_PLACEMENT_3D('',#6420,#4337,#4338);
#3541=AXIS2_PLACEMENT_3D('',#6422,#4340,#4341);
#3542=AXIS2_PLACEMENT_3D('',#6423,#4342,#4343);
#3543=AXIS2_PLACEMENT_3D('',#6425,#4345,#4346);
#3544=AXIS2_PLACEMENT_3D('',#6426,#4347,#4348);
#3545=AXIS2_PLACEMENT_3D('',#6429,#4351,#4352);
#3546=AXIS2_PLACEMENT_3D('',#6431,#4354,#4355);
#3547=AXIS2_PLACEMENT_3D('',#6433,#4357,#4358);
#3548=AXIS2_PLACEMENT_3D('',#6435,#4360,#4361);
#3549=AXIS2_PLACEMENT_3D('',#6436,#4362,#4363);
#3550=AXIS2_PLACEMENT_3D('',#6437,#4364,#4365);
#3551=AXIS2_PLACEMENT_3D('',#6439,#4367,#4368);
#3552=AXIS2_PLACEMENT_3D('',#6441,#4370,#4371);
#3553=AXIS2_PLACEMENT_3D('',#6442,#4372,#4373);
#3554=AXIS2_PLACEMENT_3D('',#6444,#4375,#4376);
#3555=AXIS2_PLACEMENT_3D('',#6446,#4377,#4378);
#3556=AXIS2_PLACEMENT_3D('',#6448,#4380,#4381);
#3557=AXIS2_PLACEMENT_3D('',#6450,#4382,#4383);
#3558=AXIS2_PLACEMENT_3D('',#6496,#4387,#4388);
#3559=AXIS2_PLACEMENT_3D('',#6498,#4389,#4390);
#3560=AXIS2_PLACEMENT_3D('',#6500,#4392,#4393);
#3561=AXIS2_PLACEMENT_3D('',#6502,#4394,#4395);
#3562=AXIS2_PLACEMENT_3D('',#6544,#4397,#4398);
#3563=AXIS2_PLACEMENT_3D('',#6546,#4399,#4400);
#3564=AXIS2_PLACEMENT_3D('',#6548,#4402,#4403);
#3565=AXIS2_PLACEMENT_3D('',#6549,#4404,#4405);
#3566=AXIS2_PLACEMENT_3D('',#6550,#4406,#4407);
#3567=AXIS2_PLACEMENT_3D('',#6552,#4408,#4409);
#3568=AXIS2_PLACEMENT_3D('',#6554,#4411,#4412);
#3569=AXIS2_PLACEMENT_3D('',#6555,#4413,#4414);
#3570=AXIS2_PLACEMENT_3D('',#6557,#4415,#4416);
#3571=AXIS2_PLACEMENT_3D('',#6559,#4418,#4419);
#3572=AXIS2_PLACEMENT_3D('',#6560,#4420,#4421);
#3573=AXIS2_PLACEMENT_3D('',#6562,#4422,#4423);
#3574=AXIS2_PLACEMENT_3D('',#6564,#4425,#4426);
#3575=AXIS2_PLACEMENT_3D('',#6565,#4427,#4428);
#3576=AXIS2_PLACEMENT_3D('',#6567,#4429,#4430);
#3577=AXIS2_PLACEMENT_3D('',#6569,#4432,#4433);
#3578=AXIS2_PLACEMENT_3D('',#6570,#4434,#4435);
#3579=AXIS2_PLACEMENT_3D('',#6571,#4436,#4437);
#3580=AXIS2_PLACEMENT_3D('',#6573,#4439,#4440);
#3581=AXIS2_PLACEMENT_3D('',#6575,#4442,#4443);
#3582=AXIS2_PLACEMENT_3D('',#6577,#4445,#4446);
#3583=AXIS2_PLACEMENT_3D('',#6579,#4448,#4449);
#3584=AXIS2_PLACEMENT_3D('',#6581,#4451,#4452);
#3585=AXIS2_PLACEMENT_3D('',#6583,#4454,#4455);
#3586=AXIS2_PLACEMENT_3D('',#6585,#4457,#4458);
#3587=AXIS2_PLACEMENT_3D('',#6587,#4460,#4461);
#3588=AXIS2_PLACEMENT_3D('',#6589,#4463,#4464);
#3589=DIRECTION('axis',(0.,0.,1.));
#3590=DIRECTION('refdir',(1.,0.,0.));
#3591=DIRECTION('center_axis',(-0.5,-0.5,-0.707106781186548));
#3592=DIRECTION('ref_axis',(-0.816496580927726,0.,0.577350269189625));
#3593=DIRECTION('',(-0.707106781186548,0.707106781186547,-3.92523114670944E-17));
#3594=DIRECTION('',(-5.03204868703521E-33,0.816496580927726,-0.577350269189626));
#3595=DIRECTION('',(0.707106781186548,-0.707106781186547,3.92523114670944E-17));
#3596=DIRECTION('',(-0.678598344545847,-0.28108463771482,0.678598344545847));
#3597=DIRECTION('center_axis',(-0.707106781186548,3.92523114670944E-17,
-0.707106781186548));
#3598=DIRECTION('ref_axis',(-0.707106781186548,0.,0.707106781186548));
#3599=DIRECTION('',(6.16297582203915E-33,-1.,-5.55111512312578E-17));
#3600=DIRECTION('',(-0.678598344545847,0.281084637714819,0.678598344545847));
#3601=DIRECTION('',(-6.16297582203915E-33,1.,5.55111512312578E-17));
#3602=DIRECTION('center_axis',(-0.500000000000001,0.5,-0.707106781186547));
#3603=DIRECTION('ref_axis',(-0.816496580927725,0.,0.577350269189627));
#3604=DIRECTION('',(-0.707106781186546,-0.707106781186549,-1.17756934401283E-16));
#3605=DIRECTION('',(-5.03204868703521E-33,0.816496580927726,0.577350269189626));
#3606=DIRECTION('',(0.707106781186546,0.707106781186549,1.17756934401283E-16));
#3607=DIRECTION('center_axis',(-1.11022302462516E-16,-5.55111512312578E-17,
1.));
#3608=DIRECTION('ref_axis',(-1.,4.59548902543279E-63,-1.11022302462516E-16));
#3609=DIRECTION('',(-5.6703763045187E-16,1.,5.55111512312578E-17));
#3610=DIRECTION('center_axis',(1.11022302462516E-16,5.55111512312578E-17,
-1.));
#3611=DIRECTION('ref_axis',(0.,1.,0.));
#3612=DIRECTION('',(1.,-5.41744794031804E-16,1.11022302462516E-16));
#3613=DIRECTION('center_axis',(-8.93403338231478E-52,1.74078390196837E-50,
1.));
#3614=DIRECTION('ref_axis',(0.0512544418793238,-0.99868562730603,1.74307495208894E-50));
#3615=DIRECTION('',(1.11022302462516E-15,1.,0.));
#3616=DIRECTION('center_axis',(-1.5910781614096E-48,9.42107524680109E-64,
-1.));
#3617=DIRECTION('ref_axis',(1.,-5.92118946466752E-16,-1.5910781614096E-48));
#3618=DIRECTION('',(6.66133814775096E-15,-1.,2.59825269133662E-46));
#3619=DIRECTION('center_axis',(5.62435272370776E-46,4.06986781560616E-60,
1.));
#3620=DIRECTION('ref_axis',(-1.,-7.23615323493291E-15,5.62435272370776E-46));
#3621=DIRECTION('',(1.,-5.41744794031804E-16,1.11022302462516E-16));
#3622=DIRECTION('center_axis',(1.11022302462516E-16,5.55111512312578E-17,
-1.));
#3623=DIRECTION('ref_axis',(0.791182882708317,0.611579631862734,0.));
#3624=DIRECTION('center_axis',(1.11022302462516E-16,5.55111512312578E-17,
-1.));
#3625=DIRECTION('ref_axis',(-6.16297582203915E-33,1.,0.));
#3626=DIRECTION('',(6.16297582203915E-33,-1.,-5.55111512312578E-17));
#3627=DIRECTION('center_axis',(1.11022302462516E-16,5.55111512312578E-17,
-1.));
#3628=DIRECTION('ref_axis',(1.,0.,0.));
#3629=DIRECTION('',(-1.,-1.12427648063307E-16,-1.11022302462516E-16));
#3630=DIRECTION('center_axis',(-3.90061760888555E-34,6.62845648102864E-49,
1.));
#3631=DIRECTION('ref_axis',(-0.340253985626968,0.940333571274026,-1.32720068783005E-34));
#3632=DIRECTION('',(-3.94745964311167E-15,-1.,0.));
#3633=DIRECTION('center_axis',(0.,0.,-1.));
#3634=DIRECTION('ref_axis',(-1.,2.36847578586701E-15,0.));
#3635=DIRECTION('',(3.70074341541722E-15,1.,2.60041173925705E-34));
#3636=DIRECTION('center_axis',(-3.90061760888554E-34,7.12653320348819E-49,
1.));
#3637=DIRECTION('ref_axis',(1.,-2.96059473233375E-15,3.90061760888554E-34));
#3638=DIRECTION('',(-1.,-1.12427648063307E-16,-1.11022302462516E-16));
#3639=DIRECTION('center_axis',(1.11022302462516E-16,5.55111512312578E-17,
-1.));
#3640=DIRECTION('ref_axis',(-1.,0.,0.));
#3641=DIRECTION('',(0.,1.,5.55111512312578E-17));
#3642=DIRECTION('center_axis',(-1.11022302462516E-16,-5.55111512312578E-17,
1.));
#3643=DIRECTION('ref_axis',(1.,0.,0.));
#3644=DIRECTION('center_axis',(-1.11022302462516E-16,-5.55111512312578E-17,
1.));
#3645=DIRECTION('ref_axis',(1.,0.,0.));
#3646=DIRECTION('center_axis',(-1.11022302462516E-16,-5.55111512312578E-17,
1.));
#3647=DIRECTION('ref_axis',(1.,0.,0.));
#3648=DIRECTION('center_axis',(-1.11022302462516E-16,-5.55111512312578E-17,
1.));
#3649=DIRECTION('ref_axis',(1.,-8.43375835458441E-80,0.));
#3650=DIRECTION('center_axis',(0.,0.,1.));
#3651=DIRECTION('ref_axis',(-1.,0.,0.));
#3652=DIRECTION('center_axis',(0.,0.,1.));
#3653=DIRECTION('ref_axis',(-1.,0.,0.));
#3654=DIRECTION('center_axis',(-1.,-6.16297582203915E-33,0.));
#3655=DIRECTION('ref_axis',(6.16297582203915E-33,-1.,-5.55111512312578E-17));
#3656=DIRECTION('',(0.,0.,-1.));
#3657=DIRECTION('',(0.,-1.,3.50046360533902E-46));
#3658=DIRECTION('',(0.,0.,-1.));
#3659=DIRECTION('center_axis',(-0.707106781186547,-0.707106781186548,0.));
#3660=DIRECTION('ref_axis',(-0.707106781186548,0.707106781186547,-3.92523114670944E-17));
#3661=DIRECTION('',(0.,0.,-1.));
#3662=DIRECTION('',(0.707106781186548,-0.707106781186547,3.92523114670944E-17));
#3663=DIRECTION('',(0.,0.,-1.));
#3664=DIRECTION('',(0.70710678118655,-0.707106781186545,3.92523114670948E-17));
#3665=DIRECTION('',(0.,0.,1.));
#3666=DIRECTION('',(0.70710678118655,-0.707106781186545,0.));
#3667=DIRECTION('center_axis',(0.,0.,1.));
#3668=DIRECTION('ref_axis',(1.,0.,0.));
#3669=DIRECTION('center_axis',(2.96059473233375E-15,1.,0.));
#3670=DIRECTION('ref_axis',(0.,0.,1.));
#3671=DIRECTION('center_axis',(0.,0.,-1.));
#3672=DIRECTION('ref_axis',(-0.81861284671906,0.574345720961266,0.));
#3673=DIRECTION('center_axis',(0.,0.,1.));
#3674=DIRECTION('ref_axis',(-0.81861284671906,0.574345720961266,0.));
#3675=DIRECTION('center_axis',(3.94745964311167E-15,1.,0.));
#3676=DIRECTION('ref_axis',(0.707106781186547,0.,0.707106781186548));
#3677=DIRECTION('center_axis',(5.9211894646675E-15,1.,-3.28692043842088E-29));
#3678=DIRECTION('ref_axis',(5.55111512312578E-15,0.,1.));
#3679=DIRECTION('',(3.94745964311167E-15,1.,0.));
#3680=DIRECTION('',(-3.94745964311167E-15,-1.,0.));
#3681=DIRECTION('center_axis',(0.,0.,1.));
#3682=DIRECTION('ref_axis',(1.,0.,0.));
#3683=DIRECTION('center_axis',(-2.96059473233375E-15,-1.,0.));
#3684=DIRECTION('ref_axis',(0.,0.,1.));
#3685=DIRECTION('center_axis',(0.,0.,1.));
#3686=DIRECTION('ref_axis',(-2.42861286636754E-15,-1.,0.));
#3687=DIRECTION('center_axis',(0.,0.,-1.));
#3688=DIRECTION('ref_axis',(-1.,0.,0.));
#3689=DIRECTION('center_axis',(-3.70074341541722E-15,-1.,0.));
#3690=DIRECTION('ref_axis',(-0.707106781186547,4.18691322315673E-15,0.707106781186548));
#3691=DIRECTION('center_axis',(-2.96059473233375E-15,-1.,0.));
#3692=DIRECTION('ref_axis',(0.,0.,1.));
#3693=DIRECTION('',(-3.70074341541722E-15,-1.,0.));
#3694=DIRECTION('',(3.70074341541722E-15,1.,0.));
#3695=DIRECTION('center_axis',(0.,0.,1.));
#3696=DIRECTION('ref_axis',(1.,0.,0.));
#3697=DIRECTION('center_axis',(0.,0.,-1.));
#3698=DIRECTION('ref_axis',(0.818612846719072,0.574345720961249,0.));
#3699=DIRECTION('center_axis',(0.,0.,1.));
#3700=DIRECTION('ref_axis',(0.818612846719072,0.574345720961249,0.));
#3701=DIRECTION('center_axis',(0.,0.,1.));
#3702=DIRECTION('ref_axis',(-1.,0.,0.));
#3703=DIRECTION('center_axis',(0.,0.,-1.));
#3704=DIRECTION('ref_axis',(-1.,0.,0.));
#3705=DIRECTION('',(1.,1.12427648063307E-16,0.));
#3706=DIRECTION('center_axis',(1.5910781614096E-48,-9.41187497800536E-64,
1.));
#3707=DIRECTION('ref_axis',(1.,0.,0.));
#3708=DIRECTION('center_axis',(-1.48029736616688E-15,-1.,0.));
#3709=DIRECTION('ref_axis',(0.,0.,1.));
#3710=DIRECTION('center_axis',(-1.5910781614096E-48,9.41187497800536E-64,
-1.));
#3711=DIRECTION('ref_axis',(0.725001531680907,-0.688747253395858,0.));
#3712=DIRECTION('center_axis',(1.5910781614096E-48,-9.41187497800536E-64,
1.));
#3713=DIRECTION('ref_axis',(0.725001531680907,-0.688747253395858,-1.153534104046E-48));
#3714=DIRECTION('center_axis',(-1.11022302462516E-15,-1.,8.2526411097467E-64));
#3715=DIRECTION('ref_axis',(-0.707106781186547,0.,0.707106781186548));
#3716=DIRECTION('center_axis',(0.,-1.,0.));
#3717=DIRECTION('ref_axis',(0.,0.,1.));
#3718=DIRECTION('',(-1.11022302462516E-15,-1.,8.2526411097467E-64));
#3719=DIRECTION('',(1.11022302462516E-15,1.,-8.2526411097467E-64));
#3720=DIRECTION('center_axis',(1.5910781614096E-48,-9.41187497800536E-64,
1.));
#3721=DIRECTION('ref_axis',(1.,0.,0.));
#3722=DIRECTION('center_axis',(1.48029736616688E-15,1.,-9.58685127872756E-30));
#3723=DIRECTION('ref_axis',(6.47630097698007E-15,0.,1.));
#3724=DIRECTION('center_axis',(1.5910781614096E-48,-9.41187497800536E-64,
1.));
#3725=DIRECTION('ref_axis',(6.52256026967281E-16,1.,0.));
#3726=DIRECTION('center_axis',(-1.5910781614096E-48,9.41187497800536E-64,
-1.));
#3727=DIRECTION('ref_axis',(-1.,0.,0.));
#3728=DIRECTION('center_axis',(-6.66133814775096E-15,1.,1.15398971504518E-62));
#3729=DIRECTION('ref_axis',(0.707106781186547,6.28036983473509E-15,0.707106781186548));
#3730=DIRECTION('center_axis',(-7.40148683083437E-15,1.,0.));
#3731=DIRECTION('ref_axis',(0.,0.,1.));
#3732=DIRECTION('',(-6.66133814775096E-15,1.,1.15398971504518E-62));
#3733=DIRECTION('',(6.66133814775096E-15,-1.,-1.15398971504518E-62));
#3734=DIRECTION('center_axis',(1.5910781614096E-48,-9.41187497800536E-64,
1.));
#3735=DIRECTION('ref_axis',(1.,0.,0.));
#3736=DIRECTION('center_axis',(-1.5910781614096E-48,9.41187497800536E-64,
-1.));
#3737=DIRECTION('ref_axis',(-0.721815175918877,-0.692085870259754,0.));
#3738=DIRECTION('center_axis',(1.5910781614096E-48,-9.41187497800536E-64,
1.));
#3739=DIRECTION('ref_axis',(-0.721815175918877,-0.692085870259754,1.14846436297855E-48));
#3740=DIRECTION('center_axis',(1.5910781614096E-48,-9.41187497800536E-64,
1.));
#3741=DIRECTION('ref_axis',(-1.,0.,1.5910781614096E-48));
#3742=DIRECTION('center_axis',(-1.5910781614096E-48,9.41187497800536E-64,
-1.));
#3743=DIRECTION('ref_axis',(-1.,0.,0.));
#3744=DIRECTION('',(-1.,1.96748384110787E-16,1.5910781614096E-48));
#3745=DIRECTION('center_axis',(0.,0.,-1.));
#3746=DIRECTION('ref_axis',(1.,0.,0.));
#3747=DIRECTION('',(1.,4.36649716352042E-17,0.));
#3748=DIRECTION('',(-1.36452774400819E-15,1.,0.));
#3749=DIRECTION('center_axis',(0.,0.,1.));
#3750=DIRECTION('ref_axis',(-0.35286631843995,-0.935673747259501,0.));
#3751=DIRECTION('',(0.792321750728472,0.610103469357919,0.));
#3752=DIRECTION('',(-6.16297582203915E-33,1.,0.));
#3753=DIRECTION('',(-0.707106781186548,0.707106781186548,0.));
#3754=DIRECTION('',(-1.,5.65680019431368E-16,0.));
#3755=DIRECTION('center_axis',(0.,0.,1.));
#3756=DIRECTION('ref_axis',(1.,-4.03717463500057E-16,0.));
#3757=DIRECTION('',(8.0450793708325E-16,1.,0.));
#3758=DIRECTION('center_axis',(0.,0.,1.));
#3759=DIRECTION('ref_axis',(6.16297582203915E-33,-1.,0.));
#3760=DIRECTION('',(1.,-1.96223388434629E-14,0.));
#3761=DIRECTION('',(0.707106781186482,0.707106781186613,0.));
#3762=DIRECTION('',(-6.16297582203916E-33,1.,0.));
#3763=DIRECTION('',(-0.792939881838187,0.609299880018404,0.));
#3764=DIRECTION('center_axis',(0.,0.,1.));
#3765=DIRECTION('ref_axis',(0.961535778884452,-0.27467971516854,0.));
#3766=DIRECTION('',(-0.560328183270227,0.828270684639441,0.));
#3767=DIRECTION('',(-1.,-2.81368336575156E-16,0.));
#3768=DIRECTION('',(-0.561608170855214,-0.827403325125456,0.));
#3769=DIRECTION('center_axis',(0.,0.,1.));
#3770=DIRECTION('ref_axis',(0.96217461803676,-0.27243348620501,0.));
#3771=DIRECTION('',(-0.561608170855207,0.827403325125461,0.));
#3772=DIRECTION('',(-1.,-5.75786122095659E-16,0.));
#3773=DIRECTION('center_axis',(0.,0.,-1.));
#3774=DIRECTION('ref_axis',(-8.88178419700118E-15,-1.,0.));
#3775=DIRECTION('',(-3.51753829584208E-16,-1.,0.));
#3776=DIRECTION('center_axis',(0.,0.,-1.));
#3777=DIRECTION('ref_axis',(1.,3.55271367880049E-15,0.));
#3778=DIRECTION('',(1.,-1.45233464578286E-16,0.));
#3779=DIRECTION('',(0.423535623652852,0.905879448655829,0.));
#3780=DIRECTION('center_axis',(0.,0.,1.));
#3781=DIRECTION('ref_axis',(-0.73145798142123,-0.681886516522493,0.));
#3782=DIRECTION('',(6.16297582203915E-33,-1.,0.));
#3783=DIRECTION('',(1.,0.,0.));
#3784=DIRECTION('',(1.16389650683092E-12,-1.,0.));
#3785=DIRECTION('center_axis',(0.,0.,-1.));
#3786=DIRECTION('ref_axis',(-1.,0.,0.));
#3787=DIRECTION('',(0.,0.,-1.));
#3788=DIRECTION('center_axis',(0.,0.,-1.));
#3789=DIRECTION('ref_axis',(-1.,0.,0.));
#3790=DIRECTION('center_axis',(0.,0.,1.));
#3791=DIRECTION('ref_axis',(-1.,0.,0.));
#3792=DIRECTION('center_axis',(0.,0.,1.));
#3793=DIRECTION('ref_axis',(-1.,0.,0.));
#3794=DIRECTION('center_axis',(0.,0.,-1.));
#3795=DIRECTION('ref_axis',(-1.,0.,0.));
#3796=DIRECTION('',(0.,0.,-1.));
#3797=DIRECTION('center_axis',(0.,0.,-1.));
#3798=DIRECTION('ref_axis',(-1.,0.,0.));
#3799=DIRECTION('center_axis',(0.,0.,1.));
#3800=DIRECTION('ref_axis',(-1.,0.,0.));
#3801=DIRECTION('center_axis',(0.,0.,1.));
#3802=DIRECTION('ref_axis',(-1.,0.,0.));
#3803=DIRECTION('center_axis',(0.,0.,-1.));
#3804=DIRECTION('ref_axis',(-1.,0.,0.));
#3805=DIRECTION('',(0.,0.,1.));
#3806=DIRECTION('center_axis',(-1.,1.11022302462516E-15,0.));
#3807=DIRECTION('ref_axis',(1.11022302462516E-15,1.,0.));
#3808=DIRECTION('',(0.,0.,-1.));
#3809=DIRECTION('',(0.,0.,-1.));
#3810=DIRECTION('center_axis',(0.,0.,-1.));
#3811=DIRECTION('ref_axis',(0.0512544418793238,-0.99868562730603,0.));
#3812=DIRECTION('',(0.,0.,-1.));
#3813=DIRECTION('center_axis',(0.,0.,-1.));
#3814=DIRECTION('ref_axis',(-1.,-7.23615323493291E-15,0.));
#3815=DIRECTION('',(0.,0.,1.));
#3816=DIRECTION('',(0.,0.,-1.));
#3817=DIRECTION('center_axis',(1.,6.66133814775096E-15,0.));
#3818=DIRECTION('ref_axis',(6.66133814775096E-15,-1.,2.59825269133662E-46));
#3819=DIRECTION('',(0.,0.,-1.));
#3820=DIRECTION('center_axis',(0.,0.,-1.));
#3821=DIRECTION('ref_axis',(1.,-5.92118946466752E-16,0.));
#3822=DIRECTION('center_axis',(1.96748384110787E-16,1.,0.));
#3823=DIRECTION('ref_axis',(-1.,1.96748384110787E-16,-1.11022302462516E-16));
#3824=DIRECTION('',(0.,0.,-1.));
#3825=DIRECTION('',(-1.,3.65389856205748E-16,2.36072740800057E-34));
#3826=DIRECTION('',(0.,0.,1.));
#3827=DIRECTION('center_axis',(0.,0.,-1.));
#3828=DIRECTION('ref_axis',(-1.,0.,0.));
#3829=DIRECTION('',(0.,0.,1.));
#3830=DIRECTION('center_axis',(0.,0.,-1.));
#3831=DIRECTION('ref_axis',(-1.,2.36847578586701E-15,0.));
#3832=DIRECTION('',(0.,0.,-1.));
#3833=DIRECTION('',(0.,0.,-1.));
#3834=DIRECTION('center_axis',(1.,-3.94745964311167E-15,0.));
#3835=DIRECTION('ref_axis',(-3.94745964311167E-15,-1.,0.));
#3836=DIRECTION('',(0.,0.,-1.));
#3837=DIRECTION('center_axis',(0.,0.,-1.));
#3838=DIRECTION('ref_axis',(-0.340253985626968,0.940333571274026,0.));
#3839=DIRECTION('',(0.,0.,-1.));
#3840=DIRECTION('center_axis',(0.,0.,-1.));
#3841=DIRECTION('ref_axis',(1.,-2.96059473233375E-15,0.));
#3842=DIRECTION('',(0.,0.,1.));
#3843=DIRECTION('',(0.,0.,-1.));
#3844=DIRECTION('center_axis',(-1.,3.70074341541722E-15,0.));
#3845=DIRECTION('ref_axis',(3.70074341541722E-15,1.,2.60041173925705E-34));
#3846=DIRECTION('center_axis',(1.12427648063307E-16,-1.,0.));
#3847=DIRECTION('ref_axis',(1.,1.12427648063307E-16,1.11022302462516E-16));
#3848=DIRECTION('',(0.,0.,-1.));
#3849=DIRECTION('',(1.,0.,1.11022302462516E-16));
#3850=DIRECTION('',(0.,0.,1.));
#3851=DIRECTION('',(1.,1.12427648063307E-16,0.));
#3852=DIRECTION('',(1.,1.12427648063307E-16,1.11022302462516E-16));
#3853=DIRECTION('',(1.,1.12427648063307E-16,0.));
#3854=DIRECTION('',(1.,1.12427648063307E-16,1.11022302462516E-16));
#3855=DIRECTION('',(1.,1.12427648063307E-16,0.));
#3856=DIRECTION('center_axis',(1.11022302462516E-16,5.55111512312578E-17,
-1.));
#3857=DIRECTION('ref_axis',(-8.88178419700136E-15,-1.,0.));
#3858=DIRECTION('',(0.,0.,1.));
#3859=DIRECTION('',(1.,0.,1.11022302462516E-16));
#3860=DIRECTION('',(0.,0.,-1.));
#3861=DIRECTION('center_axis',(0.,0.,1.));
#3862=DIRECTION('ref_axis',(0.791182882708317,0.611579631862734,0.));
#3863=DIRECTION('center_axis',(0.,0.,-1.));
#3864=DIRECTION('ref_axis',(0.791182882708317,0.611579631862734,0.));
#3865=DIRECTION('',(0.,0.,-1.));
#3866=DIRECTION('center_axis',(0.,0.,1.));
#3867=DIRECTION('ref_axis',(-6.16297582203915E-33,1.,0.));
#3868=DIRECTION('center_axis',(-3.15904493329666E-34,2.96343982281862E-33,
1.));
#3869=DIRECTION('ref_axis',(0.994366125940692,0.106000035762732,0.));
#3870=DIRECTION('',(0.,0.,1.));
#3871=DIRECTION('center_axis',(0.,0.,-1.));
#3872=DIRECTION('ref_axis',(0.994366125940692,0.106000035762732,0.));
#3873=DIRECTION('',(0.,0.,1.));
#3874=DIRECTION('center_axis',(0.,0.000775485772271182,-0.999999699310863));
#3875=DIRECTION('ref_axis',(-6.16297396889928E-33,0.999999699310863,0.000775485772271182));
#3876=DIRECTION('',(0.,0.,1.));
#3877=DIRECTION('center_axis',(-0.707106781186549,0.707106781186546,0.));
#3878=DIRECTION('ref_axis',(0.707106781186546,0.707106781186549,1.17756934401283E-16));
#3879=DIRECTION('',(0.,0.,1.));
#3880=DIRECTION('',(-0.707106781186544,-0.707106781186551,-1.17756934401283E-16));
#3881=DIRECTION('',(0.,0.,1.));
#3882=DIRECTION('',(-0.707106781186546,-0.707106781186549,-1.17756934401283E-16));
#3883=DIRECTION('',(0.,0.,1.));
#3884=DIRECTION('center_axis',(1.11022302462516E-16,5.55111512312578E-17,
-1.));
#3885=DIRECTION('ref_axis',(-1.,-8.49223703103509E-63,0.));
#3886=DIRECTION('center_axis',(0.,0.,-1.));
#3887=DIRECTION('ref_axis',(0.852859456941549,0.522140543058443,0.));
#3888=DIRECTION('',(0.,0.,1.));
#3889=DIRECTION('center_axis',(0.,0.,-1.));
#3890=DIRECTION('ref_axis',(0.852859456941549,0.522140543058443,0.));
#3891=DIRECTION('',(0.,0.,-1.));
#3892=DIRECTION('center_axis',(-1.11022302462516E-16,-5.55111512312578E-17,
1.));
#3893=DIRECTION('ref_axis',(-1.,-8.49223703103509E-63,0.));
#3894=DIRECTION('center_axis',(1.11022302462516E-16,5.55111512312578E-17,
-1.));
#3895=DIRECTION('ref_axis',(1.26882631385732E-15,1.,0.));
#3896=DIRECTION('center_axis',(0.,0.,-1.));
#3897=DIRECTION('ref_axis',(0.522140543058464,-0.852859456941536,0.));
#3898=DIRECTION('',(0.,0.,1.));
#3899=DIRECTION('center_axis',(0.,0.,-1.));
#3900=DIRECTION('ref_axis',(0.522140543058464,-0.852859456941536,0.));
#3901=DIRECTION('',(0.,0.,-1.));
#3902=DIRECTION('center_axis',(-1.11022302462516E-16,-5.55111512312578E-17,
1.));
#3903=DIRECTION('ref_axis',(1.26882631385732E-15,1.,0.));
#3904=DIRECTION('center_axis',(0.,0.,1.));
#3905=DIRECTION('ref_axis',(0.680861366188681,0.732412315592579,0.));
#3906=DIRECTION('center_axis',(1.11022302462516E-16,5.55111512312578E-17,
-1.));
#3907=DIRECTION('ref_axis',(0.988468194876418,0.151428622518188,0.));
#3908=DIRECTION('center_axis',(-1.11022302462516E-16,-5.55111512312578E-17,
1.));
#3909=DIRECTION('ref_axis',(0.988468194876418,0.151428622518188,0.));
#3910=DIRECTION('center_axis',(0.,0.,-1.));
#3911=DIRECTION('ref_axis',(-0.848708444566315,-0.528861017774827,0.));
#3912=DIRECTION('',(0.,0.,1.));
#3913=DIRECTION('center_axis',(-1.11022302462516E-16,-5.55111512312579E-17,
1.));
#3914=DIRECTION('ref_axis',(6.16297582203916E-33,-1.,0.));
#3915=DIRECTION('center_axis',(0.,0.,-1.));
#3916=DIRECTION('ref_axis',(-0.481441023652707,0.876478488466336,0.));
#3917=DIRECTION('',(0.,0.,-1.));
#3918=DIRECTION('center_axis',(0.,0.,-1.));
#3919=DIRECTION('ref_axis',(-0.481441023652707,0.876478488466336,0.));
#3920=DIRECTION('',(0.,0.,1.));
#3921=DIRECTION('center_axis',(1.11022302462516E-16,5.55111512312579E-17,
-1.));
#3922=DIRECTION('ref_axis',(6.16297582203916E-33,-1.,0.));
#3923=DIRECTION('center_axis',(1.,1.12427648063307E-16,0.));
#3924=DIRECTION('ref_axis',(0.,-0.707106781186545,0.70710678118655));
#3925=DIRECTION('',(-1.,-1.12427648063307E-16,0.));
#3926=DIRECTION('center_axis',(1.,1.12427648063307E-16,0.));
#3927=DIRECTION('ref_axis',(0.,-0.707106781186545,0.70710678118655));
#3928=DIRECTION('center_axis',(1.,6.16297582203916E-33,0.));
#3929=DIRECTION('ref_axis',(0.,-0.707106781186545,0.70710678118655));
#3930=DIRECTION('',(-1.,-1.12427648063307E-16,0.));
#3931=DIRECTION('center_axis',(-1.,8.88178419700128E-15,0.));
#3932=DIRECTION('ref_axis',(0.,-0.707106781186545,0.70710678118655));
#3933=DIRECTION('center_axis',(1.,0.,0.));
#3934=DIRECTION('ref_axis',(0.,-0.707106781186545,0.70710678118655));
#3935=DIRECTION('center_axis',(1.,1.12427648063307E-16,0.));
#3936=DIRECTION('ref_axis',(0.,-0.707106781186545,0.70710678118655));
#3937=DIRECTION('',(-1.,-1.12427648063307E-16,0.));
#3938=DIRECTION('center_axis',(0.,0.,1.));
#3939=DIRECTION('ref_axis',(1.,0.,0.));
#3940=DIRECTION('center_axis',(0.,0.,1.));
#3941=DIRECTION('ref_axis',(-1.,-5.92118946466746E-15,0.));
#3942=DIRECTION('',(-1.,0.,-1.0342800406874E-16));
#3943=DIRECTION('',(-6.16297582203915E-33,1.,0.));
#3944=DIRECTION('center_axis',(0.,0.,1.));
#3945=DIRECTION('ref_axis',(6.66133814775088E-15,-1.,0.));
#3946=DIRECTION('center_axis',(0.,0.,1.));
#3947=DIRECTION('ref_axis',(1.,0.,0.));
#3948=DIRECTION('center_axis',(0.,0.,1.));
#3949=DIRECTION('ref_axis',(-1.,9.62217531570325E-63,0.));
#3950=DIRECTION('',(6.16297582205032E-33,-1.,0.));
#3951=DIRECTION('',(-1.,0.,-1.0342800406874E-16));
#3952=DIRECTION('',(-6.16297582203915E-33,1.,0.));
#3953=DIRECTION('center_axis',(0.,0.,1.));
#3954=DIRECTION('ref_axis',(8.88178419700118E-15,-1.,0.));
#3955=DIRECTION('center_axis',(0.,0.,1.));
#3956=DIRECTION('ref_axis',(1.,0.,0.));
#3957=DIRECTION('',(6.16297582203916E-33,-1.,0.));
#3958=DIRECTION('',(-1.,0.,-1.0342800406874E-16));
#3959=DIRECTION('',(8.88178419700128E-15,1.,0.));
#3960=DIRECTION('center_axis',(1.,-8.88178419700128E-15,0.));
#3961=DIRECTION('ref_axis',(8.88178419700128E-15,1.,5.55111512312588E-17));
#3962=DIRECTION('',(0.,0.,1.));
#3963=DIRECTION('',(8.88178419700128E-15,1.,5.55111512312588E-17));
#3964=DIRECTION('',(0.,0.,1.));
#3965=DIRECTION('center_axis',(-9.9665849228701E-49,1.,0.));
#3966=DIRECTION('ref_axis',(-1.,-9.9665849228701E-49,-1.11022302462516E-16));
#3967=DIRECTION('',(1.,9.9665849228701E-49,1.11022302462516E-16));
#3968=DIRECTION('',(0.,0.,1.));
#3969=DIRECTION('',(-1.,-9.9665849228701E-49,-1.11022302462516E-16));
#3970=DIRECTION('',(0.,0.,1.));
#3971=DIRECTION('',(-1.,-7.20096136529818E-49,-1.11022302462516E-16));
#3972=DIRECTION('',(0.,0.,1.));
#3973=DIRECTION('',(0.,0.,1.));
#3974=DIRECTION('',(-1.,-1.57900056438939E-48,-1.11022302462516E-16));
#3975=DIRECTION('',(0.,0.,1.));
#3976=DIRECTION('',(0.,0.,1.));
#3977=DIRECTION('',(-1.,-2.39707428944555E-49,-1.11022302462516E-16));
#3978=DIRECTION('',(0.,0.,-1.));
#3979=DIRECTION('center_axis',(0.,0.,1.));
#3980=DIRECTION('ref_axis',(-1.,-5.32907051820049E-14,0.));
#3981=DIRECTION('',(0.,0.,1.));
#3982=DIRECTION('center_axis',(1.11022302462516E-16,5.55111512312579E-17,
-1.));
#3983=DIRECTION('ref_axis',(-1.,-5.32907051820049E-14,-1.11022302462519E-16));
#3984=DIRECTION('',(0.,0.,1.));
#3985=DIRECTION('center_axis',(-1.11022302462516E-16,-5.55111512312579E-17,
1.));
#3986=DIRECTION('ref_axis',(-1.,-5.32907051820049E-14,-1.11022302462519E-16));
#3987=DIRECTION('center_axis',(0.,0.,1.));
#3988=DIRECTION('ref_axis',(-1.,9.62217531570325E-63,0.));
#3989=DIRECTION('center_axis',(1.11022302462516E-16,5.55111512312579E-17,
-1.));
#3990=DIRECTION('ref_axis',(-1.,9.62217531570325E-63,-1.11022302462516E-16));
#3991=DIRECTION('',(0.,0.,1.));
#3992=DIRECTION('center_axis',(-1.11022302462516E-16,-5.55111512312579E-17,
1.));
#3993=DIRECTION('ref_axis',(-1.,9.62217531570325E-63,-1.11022302462516E-16));
#3994=DIRECTION('',(0.,0.,-1.));
#3995=DIRECTION('center_axis',(-1.11022302462516E-16,-5.55111512312578E-17,
1.));
#3996=DIRECTION('ref_axis',(-1.,4.59548902543279E-63,-1.11022302462516E-16));
#3997=DIRECTION('center_axis',(-1.11022302462516E-16,-5.55111512312578E-17,
1.));
#3998=DIRECTION('ref_axis',(6.16297582203916E-33,-1.,0.));
#3999=DIRECTION('',(1.,-9.05890747401532E-49,1.11022302462516E-16));
#4000=DIRECTION('center_axis',(-1.11022302462516E-16,-5.55111512312578E-17,
1.));
#4001=DIRECTION('ref_axis',(1.,0.,1.11022302462516E-16));
#4002=DIRECTION('',(-1.,0.,-1.11022302462516E-16));
#4003=DIRECTION('',(0.,1.,5.55111512312578E-17));
#4004=DIRECTION('',(-1.,-1.46836256648604E-15,-1.11022302462516E-16));
#4005=DIRECTION('center_axis',(-1.11022302462516E-16,-5.55111512312578E-17,
1.));
#4006=DIRECTION('ref_axis',(0.988468194876418,0.151428622518188,0.));
#4007=DIRECTION('',(-1.,5.62138240316535E-17,-1.11022302462516E-16));
#4008=DIRECTION('center_axis',(-1.11022302462516E-16,-5.55111512312578E-17,
1.));
#4009=DIRECTION('ref_axis',(1.26882631385732E-15,1.,0.));
#4010=DIRECTION('',(0.,-1.,-5.55111512312578E-17));
#4011=DIRECTION('',(1.,0.,1.11022302462516E-16));
#4012=DIRECTION('',(3.54137544164469E-16,-1.,-5.55111512312578E-17));
#4013=DIRECTION('',(-1.,1.54100481550591E-16,-1.11022298114105E-16));
#4014=DIRECTION('',(6.16297582203915E-33,-1.,-5.55111512312578E-17));
#4015=DIRECTION('center_axis',(1.11022302462516E-16,5.55111512312578E-17,
-1.));
#4016=DIRECTION('ref_axis',(8.88178419700136E-15,1.,0.));
#4017=DIRECTION('',(1.,8.88178419700113E-15,1.11022302462516E-16));
#4018=DIRECTION('',(6.16297582203916E-33,-1.,-5.55111512312578E-17));
#4019=DIRECTION('center_axis',(-1.11022302462516E-16,-5.55111512312578E-17,
1.));
#4020=DIRECTION('ref_axis',(-1.,-8.49223703103509E-63,0.));
#4021=DIRECTION('center_axis',(1.11022302462516E-16,5.55111512312578E-17,
-1.));
#4022=DIRECTION('ref_axis',(1.,0.,0.));
#4023=DIRECTION('center_axis',(1.11022302462516E-16,5.55111512312578E-17,
-1.));
#4024=DIRECTION('ref_axis',(1.,0.,0.));
#4025=DIRECTION('center_axis',(1.11022302462516E-16,5.55111512312578E-17,
-1.));
#4026=DIRECTION('ref_axis',(0.194958911894334,-0.980811410350113,0.));
#4027=DIRECTION('center_axis',(1.11022302462516E-16,5.55111512312578E-17,
-1.));
#4028=DIRECTION('ref_axis',(-0.464257278972267,0.885700388913354,0.));
#4029=DIRECTION('center_axis',(1.11022302462516E-16,5.55111512312578E-17,
-1.));
#4030=DIRECTION('ref_axis',(1.,0.,0.));
#4031=DIRECTION('',(1.,-1.45233464578286E-16,1.11022302462516E-16));
#4032=DIRECTION('center_axis',(1.11022302462516E-16,5.55111512312578E-17,
-1.));
#4033=DIRECTION('ref_axis',(1.,3.55271367880049E-15,1.11022302462516E-16));
#4034=DIRECTION('',(-3.51753829584208E-16,-1.,-5.55111512312579E-17));
#4035=DIRECTION('center_axis',(1.11022302462516E-16,5.55111512312578E-17,
-1.));
#4036=DIRECTION('ref_axis',(-8.88178419700118E-15,-1.,-5.55111512312588E-17));
#4037=DIRECTION('',(-1.,-5.75786122095659E-16,-1.11022302462516E-16));
#4038=DIRECTION('',(-0.561608170855207,0.827403325125461,-1.64209210998219E-17));
#4039=DIRECTION('center_axis',(-1.11022302462516E-16,-5.55111512312578E-17,
1.));
#4040=DIRECTION('ref_axis',(0.96217461803676,-0.27243348620501,9.16997450122475E-17));
#4041=DIRECTION('',(-0.561608170855214,-0.827403325125456,-1.08281143320393E-16));
#4042=DIRECTION('',(-1.,-2.81368336575156E-16,-1.11022302462516E-16));
#4043=DIRECTION('',(-0.560328183270226,0.82827068463944,-1.62306658058623E-17));
#4044=DIRECTION('center_axis',(-1.11022302462516E-16,-5.55111512312579E-17,
1.));
#4045=DIRECTION('ref_axis',(0.961535778884452,-0.27467971516854,9.15041288629604E-17));
#4046=DIRECTION('',(-0.792939881838187,0.609299880018404,-5.4211073611142E-17));
#4047=DIRECTION('',(-6.16297582203916E-33,1.,5.55111512312578E-17));
#4048=DIRECTION('',(0.707106781186482,0.707106781186614,1.17756934401279E-16));
#4049=DIRECTION('',(1.,-1.96223388434629E-14,1.11022302462515E-16));
#4050=DIRECTION('center_axis',(-1.11022302462516E-16,-5.55111512312578E-17,
1.));
#4051=DIRECTION('ref_axis',(6.16297582203915E-33,-1.,-5.55111512312578E-17));
#4052=DIRECTION('',(8.0450793708325E-16,1.,5.55111512312579E-17));
#4053=DIRECTION('center_axis',(-1.11022302462516E-16,-5.55111512312578E-17,
1.));
#4054=DIRECTION('ref_axis',(1.,-4.03717463500057E-16,1.11022302462516E-16));
#4055=DIRECTION('',(-1.,5.65680019431368E-16,-1.11022302462516E-16));
#4056=DIRECTION('',(-0.707106781186547,0.707106781186547,-3.92523114670945E-17));
#4057=DIRECTION('',(-6.16297582203915E-33,1.,5.55111512312578E-17));
#4058=DIRECTION('',(0.792321750728472,0.610103469357919,1.21832931011249E-16));
#4059=DIRECTION('center_axis',(-1.11022302462516E-16,-5.55111512312578E-17,
1.));
#4060=DIRECTION('ref_axis',(-0.35286631843995,-0.935673747259501,-9.11163580219143E-17));
#4061=DIRECTION('',(-1.36452774400819E-15,1.,5.55111512312576E-17));
#4062=DIRECTION('',(1.,4.36649716352042E-17,1.11022302462516E-16));
#4063=DIRECTION('',(1.16389650683092E-12,-1.,-5.55111512311286E-17));
#4064=DIRECTION('',(1.,0.,1.11022302462516E-16));
#4065=DIRECTION('',(6.16297582203915E-33,-1.,-5.55111512312578E-17));
#4066=DIRECTION('center_axis',(-1.11022302462516E-16,-5.55111512312579E-17,
1.));
#4067=DIRECTION('ref_axis',(-0.73145798142123,-0.681886516522493,-1.19060454793205E-16));
#4068=DIRECTION('',(0.423535623652852,0.905879448655829,9.73083111844595E-17));
#4069=DIRECTION('center_axis',(0.,0.,1.));
#4070=DIRECTION('ref_axis',(-1.,-5.92118946466746E-15,0.));
#4071=DIRECTION('center_axis',(-1.11022302462516E-16,-5.55111512312578E-17,
1.));
#4072=DIRECTION('ref_axis',(-1.,-5.92118946466746E-15,-1.11022302462516E-16));
#4073=DIRECTION('center_axis',(0.,0.,-1.));
#4074=DIRECTION('ref_axis',(-0.848708444566315,-0.528861017774827,0.));
#4075=DIRECTION('',(0.,0.,-1.));
#4076=DIRECTION('center_axis',(0.,0.,1.));
#4077=DIRECTION('ref_axis',(0.988468194876418,0.151428622518188,0.));
#4078=DIRECTION('',(0.,0.,-1.));
#4079=DIRECTION('center_axis',(7.25904458016265E-33,6.79228753283277E-34,
-1.));
#4080=DIRECTION('ref_axis',(0.988468194876418,0.151428622518188,7.27818936716525E-33));
#4081=DIRECTION('',(0.,0.,1.));
#4082=DIRECTION('center_axis',(-5.62138240316535E-17,-1.,0.));
#4083=DIRECTION('ref_axis',(1.,-5.62138240316535E-17,1.30020586963804E-34));
#4084=DIRECTION('',(1.,-5.62138240316535E-17,1.30020586963804E-34));
#4085=DIRECTION('',(0.,0.,1.));
#4086=DIRECTION('center_axis',(0.,0.,1.));
#4087=DIRECTION('ref_axis',(1.26882631385732E-15,1.,0.));
#4088=DIRECTION('center_axis',(7.36545589507463E-46,-2.93475039144751E-33,
-1.));
#4089=DIRECTION('ref_axis',(1.26882631385732E-15,1.,-2.93475039144751E-33));
#4090=DIRECTION('',(0.,0.,1.));
#4091=DIRECTION('center_axis',(1.,0.,0.));
#4092=DIRECTION('ref_axis',(0.,1.,0.));
#4093=DIRECTION('',(0.,1.,0.));
#4094=DIRECTION('center_axis',(1.46836256648604E-15,-1.,0.));
#4095=DIRECTION('ref_axis',(1.,1.46836256648604E-15,-1.68455220416306E-32));
#4096=DIRECTION('',(-1.,-1.46836256648604E-15,0.));
#4097=DIRECTION('',(1.,1.46836256648604E-15,-1.68455220416306E-32));
#4098=DIRECTION('',(0.,0.,-1.));
#4099=DIRECTION('center_axis',(0.,0.,1.));
#4100=DIRECTION('ref_axis',(-1.,0.,0.));
#4101=DIRECTION('center_axis',(-1.10023824738001E-45,1.44800841313565E-44,
1.));
#4102=DIRECTION('ref_axis',(1.77635683940025E-15,1.,-1.44800841313565E-44));
#4103=DIRECTION('center_axis',(0.,0.,1.));
#4104=DIRECTION('ref_axis',(0.,1.,0.));
#4105=DIRECTION('',(0.,1.,0.));
#4106=DIRECTION('',(-1.,0.,0.));
#4107=DIRECTION('',(0.,-1.,0.));
#4108=DIRECTION('',(-1.,0.,0.));
#4109=DIRECTION('center_axis',(-1.,0.,0.));
#4110=DIRECTION('ref_axis',(0.,0.,1.));
#4111=DIRECTION('',(0.,0.,1.));
#4112=DIRECTION('',(-1.61590219724197E-33,1.,0.));
#4113=DIRECTION('',(2.78777962675196E-32,0.,1.));
#4114=DIRECTION('center_axis',(-1.11022302462516E-16,-5.55111512312577E-17,
1.));
#4115=DIRECTION('ref_axis',(-1.,-5.20252894311598E-49,-1.11022302462516E-16));
#4116=DIRECTION('center_axis',(1.11022302462516E-16,5.55111512312578E-17,
-1.));
#4117=DIRECTION('ref_axis',(8.88178419700118E-15,-1.,-5.55111512312568E-17));
#4118=DIRECTION('',(-1.,-6.76885989929591E-49,-1.11022302462516E-16));
#4119=DIRECTION('center_axis',(-1.,-6.16297582203916E-33,0.));
#4120=DIRECTION('ref_axis',(6.16297582203916E-33,-1.,-5.55111512312579E-17));
#4121=DIRECTION('',(6.16297582203916E-33,-1.,-5.55111512312579E-17));
#4122=DIRECTION('center_axis',(1.,6.16297582203915E-33,0.));
#4123=DIRECTION('ref_axis',(-6.16297582203915E-33,1.,5.55111512312578E-17));
#4124=DIRECTION('',(-6.16297582203915E-33,1.,5.55111512312578E-17));
#4125=DIRECTION('',(0.,0.,1.));
#4126=DIRECTION('center_axis',(0.,0.,1.));
#4127=DIRECTION('ref_axis',(8.88178419700118E-15,-1.,0.));
#4128=DIRECTION('center_axis',(-1.11022302462516E-16,-5.55111512312578E-17,
1.));
#4129=DIRECTION('ref_axis',(8.88178419700118E-15,-1.,-5.55111512312568E-17));
#4130=DIRECTION('',(0.,0.,1.));
#4131=DIRECTION('center_axis',(6.76885989929591E-49,-1.,0.));
#4132=DIRECTION('ref_axis',(1.,6.76885989929591E-49,1.11022302462516E-16));
#4133=DIRECTION('',(1.,6.76885989929591E-49,1.11022302462516E-16));
#4134=DIRECTION('center_axis',(-1.11022302462516E-16,-5.55111512312577E-17,
1.));
#4135=DIRECTION('ref_axis',(-1.,-5.20252894311598E-49,-1.11022302462516E-16));
#4136=DIRECTION('center_axis',(-1.11022302462516E-16,-5.55111512312578E-17,
1.));
#4137=DIRECTION('ref_axis',(-1.,-1.57900056438939E-48,-1.11022302462516E-16));
#4138=DIRECTION('center_axis',(1.11022302462516E-16,5.55111512312578E-17,
-1.));
#4139=DIRECTION('ref_axis',(6.66133814775088E-15,-1.,-5.55111512312571E-17));
#4140=DIRECTION('',(-1.,-3.04028880606359E-63,-1.11022302462516E-16));
#4141=DIRECTION('center_axis',(-1.,-6.16297582205032E-33,0.));
#4142=DIRECTION('ref_axis',(6.16297582205032E-33,-1.,-5.55111512313584E-17));
#4143=DIRECTION('',(6.16297582205032E-33,-1.,-5.55111512313584E-17));
#4144=DIRECTION('center_axis',(1.,6.16297582203915E-33,0.));
#4145=DIRECTION('ref_axis',(-6.16297582203915E-33,1.,5.55111512312578E-17));
#4146=DIRECTION('',(-6.16297582203915E-33,1.,5.55111512312578E-17));
#4147=DIRECTION('',(0.,0.,1.));
#4148=DIRECTION('center_axis',(0.,0.,1.));
#4149=DIRECTION('ref_axis',(6.66133814775088E-15,-1.,0.));
#4150=DIRECTION('center_axis',(-1.11022302462516E-16,-5.55111512312578E-17,
1.));
#4151=DIRECTION('ref_axis',(6.66133814775088E-15,-1.,-5.55111512312571E-17));
#4152=DIRECTION('',(0.,0.,1.));
#4153=DIRECTION('center_axis',(3.04028880606359E-63,-1.,0.));
#4154=DIRECTION('ref_axis',(1.,3.04028880606359E-63,1.11022302462516E-16));
#4155=DIRECTION('',(1.,3.04028880606359E-63,1.11022302462516E-16));
#4156=DIRECTION('center_axis',(-1.11022302462516E-16,-5.55111512312578E-17,
1.));
#4157=DIRECTION('ref_axis',(-1.,-1.57900056438939E-48,-1.11022302462516E-16));
#4158=DIRECTION('center_axis',(0.,0.,1.));
#4159=DIRECTION('ref_axis',(-1.,-8.49223703103509E-63,0.));
#4160=DIRECTION('',(0.,0.,-1.));
#4161=DIRECTION('center_axis',(1.11022302462516E-16,5.55111512312578E-17,
-1.));
#4162=DIRECTION('ref_axis',(-1.,-8.49223703103509E-63,-1.11022302462516E-16));
#4163=DIRECTION('center_axis',(0.,0.,1.));
#4164=DIRECTION('ref_axis',(-8.88178419700136E-15,-1.,0.));
#4165=DIRECTION('center_axis',(-1.11022302462516E-16,-5.55111512312578E-17,
1.));
#4166=DIRECTION('ref_axis',(-8.88178419700136E-15,-1.,-5.55111512312588E-17));
#4167=DIRECTION('center_axis',(0.,0.,1.));
#4168=DIRECTION('ref_axis',(8.88178419700136E-15,1.,0.));
#4169=DIRECTION('',(0.,0.,1.));
#4170=DIRECTION('center_axis',(-1.11022302462516E-16,-5.55111512312578E-17,
1.));
#4171=DIRECTION('ref_axis',(8.88178419700136E-15,1.,5.55111512312588E-17));
#4172=DIRECTION('',(0.,0.,1.));
#4173=DIRECTION('center_axis',(-8.88178419700113E-15,1.,0.));
#4174=DIRECTION('ref_axis',(-1.,-8.88178419700113E-15,-1.11022302462516E-16));
#4175=DIRECTION('',(-1.,-8.88178419700113E-15,-1.11022302462516E-16));
#4176=DIRECTION('',(0.,0.,1.));
#4177=DIRECTION('center_axis',(1.,6.16297582203916E-33,0.));
#4178=DIRECTION('ref_axis',(-6.16297582203916E-33,1.,5.55111512312578E-17));
#4179=DIRECTION('',(-6.16297582203916E-33,1.,5.55111512312578E-17));
#4180=DIRECTION('center_axis',(-1.11022302462516E-16,-5.55111512312578E-17,
1.));
#4181=DIRECTION('ref_axis',(-1.,6.84227765783602E-49,-1.11022302462516E-16));
#4182=DIRECTION('',(6.16297582203915E-33,-1.,-5.55111512312578E-17));
#4183=DIRECTION('center_axis',(-1.11022302462516E-16,-5.55111512312578E-17,
1.));
#4184=DIRECTION('ref_axis',(-1.,-8.88178419700124E-16,-1.11022302462516E-16));
#4185=DIRECTION('center_axis',(0.,0.,1.));
#4186=DIRECTION('ref_axis',(6.16297582203916E-33,-1.,0.));
#4187=DIRECTION('center_axis',(1.11022302462516E-16,5.55111512312579E-17,
-1.));
#4188=DIRECTION('ref_axis',(6.16297582203916E-33,-1.,-5.55111512312579E-17));
#4189=DIRECTION('',(0.,0.,1.));
#4190=DIRECTION('center_axis',(9.05890747401532E-49,1.,0.));
#4191=DIRECTION('ref_axis',(-1.,9.05890747401532E-49,-1.11022302462516E-16));
#4192=DIRECTION('',(-1.,9.05890747401532E-49,-1.11022302462516E-16));
#4193=DIRECTION('',(0.,0.,1.));
#4194=DIRECTION('center_axis',(-1.11022302462516E-16,-5.55111512312579E-17,
1.));
#4195=DIRECTION('ref_axis',(-1.,0.,-1.11022302462516E-16));
#4196=DIRECTION('center_axis',(-1.11022302462516E-16,-5.55111512312578E-17,
1.));
#4197=DIRECTION('ref_axis',(6.16297582203915E-33,-1.,-5.55111512312578E-17));
#4198=DIRECTION('center_axis',(0.,-8.58487569460007E-17,-1.));
#4199=DIRECTION('ref_axis',(0.,-1.,8.58487569460007E-17));
#4200=DIRECTION('center_axis',(-1.11022302462516E-16,-5.55111512312578E-17,
1.));
#4201=DIRECTION('ref_axis',(1.,0.,1.11022302462516E-16));
#4202=DIRECTION('',(0.,-1.,8.58487569460007E-17));
#4203=DIRECTION('',(-1.,0.,0.));
#4204=DIRECTION('center_axis',(0.,1.,0.));
#4205=DIRECTION('ref_axis',(0.,0.,-1.));
#4206=DIRECTION('',(0.,0.,1.));
#4207=DIRECTION('',(-1.,0.,0.));
#4208=DIRECTION('center_axis',(0.,-1.,0.));
#4209=DIRECTION('ref_axis',(2.78777962675196E-32,0.,1.));
#4210=DIRECTION('',(-2.78777962675196E-32,0.,-1.));
#4211=DIRECTION('',(-1.,0.,0.));
#4212=DIRECTION('center_axis',(0.,0.,1.));
#4213=DIRECTION('ref_axis',(-1.61590219724197E-33,1.,0.));
#4214=DIRECTION('',(1.61590219724197E-33,-1.,0.));
#4215=DIRECTION('',(-1.,0.,0.));
#4216=DIRECTION('center_axis',(0.,-1.,0.));
#4217=DIRECTION('ref_axis',(0.,0.,1.));
#4218=DIRECTION('',(0.,0.,-1.));
#4219=DIRECTION('center_axis',(0.,0.000775485772271182,-0.999999699310863));
#4220=DIRECTION('ref_axis',(-1.42525436125907E-131,-0.999999699310863,-0.000775485772271182));
#4221=DIRECTION('',(-1.42525436125907E-131,-0.999999699310863,-0.000775485772271182));
#4222=DIRECTION('center_axis',(0.,0.,-1.));
#4223=DIRECTION('ref_axis',(0.961535778884452,-0.27467971516854,0.));
#4224=DIRECTION('',(0.,0.,-1.));
#4225=DIRECTION('',(0.,0.,-1.));
#4226=DIRECTION('center_axis',(0.609299880018404,0.792939881838187,0.));
#4227=DIRECTION('ref_axis',(0.792939881838187,-0.609299880018404,5.4211073611142E-17));
#4228=DIRECTION('',(0.,0.,-1.));
#4229=DIRECTION('center_axis',(1.,6.16297582203916E-33,0.));
#4230=DIRECTION('ref_axis',(6.16297582203916E-33,-1.,-5.55111512312578E-17));
#4231=DIRECTION('',(0.,0.,-1.));
#4232=DIRECTION('center_axis',(0.707106781186614,-0.707106781186482,0.));
#4233=DIRECTION('ref_axis',(-0.707106781186482,-0.707106781186613,-1.17756934401279E-16));
#4234=DIRECTION('',(0.,0.,-1.));
#4235=DIRECTION('center_axis',(-1.96223388434629E-14,-1.,0.));
#4236=DIRECTION('ref_axis',(-1.,1.96223388434629E-14,-1.11022302462515E-16));
#4237=DIRECTION('',(0.,0.,-1.));
#4238=DIRECTION('center_axis',(0.,0.,-1.));
#4239=DIRECTION('ref_axis',(6.16297582203915E-33,-1.,0.));
#4240=DIRECTION('',(0.,0.,-1.));
#4241=DIRECTION('center_axis',(1.,-8.0450793708325E-16,0.));
#4242=DIRECTION('ref_axis',(-8.0450793708325E-16,-1.,-5.55111512312579E-17));
#4243=DIRECTION('',(0.,0.,-1.));
#4244=DIRECTION('center_axis',(0.,0.,-1.));
#4245=DIRECTION('ref_axis',(1.,-4.03717463500057E-16,0.));
#4246=DIRECTION('',(0.,0.,-1.));
#4247=DIRECTION('center_axis',(5.65680019431368E-16,1.,0.));
#4248=DIRECTION('ref_axis',(1.,-5.65680019431368E-16,1.11022302462516E-16));
#4249=DIRECTION('',(0.,0.,1.));
#4250=DIRECTION('center_axis',(0.707106781186548,0.707106781186548,0.));
#4251=DIRECTION('ref_axis',(-0.707106781186548,0.707106781186548,-3.92523114670945E-17));
#4252=DIRECTION('',(0.,0.,-1.));
#4253=DIRECTION('center_axis',(1.,6.16297582203915E-33,0.));
#4254=DIRECTION('ref_axis',(6.16297582203915E-33,-1.,-5.55111512312578E-17));
#4255=DIRECTION('',(0.,0.,-1.));
#4256=DIRECTION('center_axis',(0.610103469357919,-0.792321750728472,0.));
#4257=DIRECTION('ref_axis',(-0.792321750728472,-0.610103469357919,-1.21832931011249E-16));
#4258=DIRECTION('',(0.,0.,-1.));
#4259=DIRECTION('center_axis',(0.,0.,-1.));
#4260=DIRECTION('ref_axis',(-0.35286631843995,-0.935673747259501,0.));
#4261=DIRECTION('',(0.,0.,-1.));
#4262=DIRECTION('center_axis',(1.,1.36452774400819E-15,0.));
#4263=DIRECTION('ref_axis',(1.36452774400819E-15,-1.,-5.55111512312576E-17));
#4264=DIRECTION('',(0.,0.,-1.));
#4265=DIRECTION('center_axis',(4.36649716352042E-17,-1.,0.));
#4266=DIRECTION('ref_axis',(-1.,-4.36649716352042E-17,-1.11022302462516E-16));
#4267=DIRECTION('',(0.,0.,-1.));
#4268=DIRECTION('center_axis',(1.54100481550591E-16,1.,0.));
#4269=DIRECTION('ref_axis',(1.,-1.54100481550591E-16,1.11022298114105E-16));
#4270=DIRECTION('',(0.,0.,-1.));
#4271=DIRECTION('',(-1.,1.54100481550591E-16,0.));
#4272=DIRECTION('',(0.,0.,-1.));
#4273=DIRECTION('',(-1.,1.54100481550591E-16,-1.11022302462516E-16));
#4274=DIRECTION('',(0.,0.,1.));
#4275=DIRECTION('',(-1.,1.54100481550591E-16,0.));
#4276=DIRECTION('center_axis',(-1.,-6.16297582203915E-33,0.));
#4277=DIRECTION('ref_axis',(6.16297582203915E-33,-1.,-5.55111512312578E-17));
#4278=DIRECTION('',(0.,0.,-1.));
#4279=DIRECTION('center_axis',(0.,0.,1.));
#4280=DIRECTION('ref_axis',(1.,0.,0.));
#4281=DIRECTION('',(-0.707106786454902,-0.707106775918193,-1.17756934693736E-16));
#4282=DIRECTION('',(-0.707106781186547,-0.707106781186547,-1.17756934401283E-16));
#4283=DIRECTION('',(-0.707106775918189,-0.707106786454906,-1.1775693410883E-16));
#4284=DIRECTION('',(3.54137544164469E-16,-1.,0.));
#4285=DIRECTION('center_axis',(-1.,-3.54137544164469E-16,0.));
#4286=DIRECTION('ref_axis',(-3.54137544164469E-16,1.,5.55111512312578E-17));
#4287=DIRECTION('',(0.,0.,1.));
#4288=DIRECTION('',(0.,0.,-1.));
#4289=DIRECTION('',(3.54137544164469E-16,-1.,0.));
#4290=DIRECTION('',(0.,0.,-1.));
#4291=DIRECTION('',(3.54137544164469E-16,-1.,-5.55111512312578E-17));
#4292=DIRECTION('center_axis',(0.,0.,1.));
#4293=DIRECTION('ref_axis',(1.,0.,0.));
#4294=DIRECTION('',(0.707106786454902,-0.707106775918193,3.92523123444516E-17));
#4295=DIRECTION('',(1.,0.,0.));
#4296=DIRECTION('',(0.707106775918192,-0.707106786454903,3.92523105897369E-17));
#4297=DIRECTION('',(0.707106781186548,-0.707106781186547,3.92523114670944E-17));
#4298=DIRECTION('center_axis',(0.,-1.,0.));
#4299=DIRECTION('ref_axis',(-1.,0.,-1.11022302462516E-16));
#4300=DIRECTION('',(1.,0.,0.));
#4301=DIRECTION('',(0.,0.,-1.));
#4302=DIRECTION('',(1.,0.,1.11022302462516E-16));
#4303=DIRECTION('',(0.,0.,1.));
#4304=DIRECTION('center_axis',(0.,0.,1.));
#4305=DIRECTION('ref_axis',(1.,0.,0.));
#4306=DIRECTION('',(0.707106775918194,0.707106786454901,1.17756934108831E-16));
#4307=DIRECTION('',(6.16297582203915E-33,-1.,-5.55111512312578E-17));
#4308=DIRECTION('',(-0.707106775918189,0.707106786454906,-3.92523105897364E-17));
#4309=DIRECTION('',(-0.707106781186549,0.707106781186546,-3.92523114670946E-17));
#4310=DIRECTION('',(-6.16297582203915E-33,1.,5.55111512312578E-17));
#4311=DIRECTION('',(0.707106781186548,0.707106781186547,1.17756934401283E-16));
#4312=DIRECTION('center_axis',(-1.11022302462516E-16,-5.55111512312579E-17,
1.));
#4313=DIRECTION('ref_axis',(-1.,-1.86626275087259E-48,-1.11022302462516E-16));
#4314=DIRECTION('',(-0.707106775918189,-0.707106786454906,-1.1775693410883E-16));
#4315=DIRECTION('',(-0.707106781186548,-0.707106781186548,-1.17756934401283E-16));
#4316=DIRECTION('',(-0.707106786454902,-0.707106775918193,-1.17756934693736E-16));
#4317=DIRECTION('',(0.707106786454902,-0.707106775918193,3.92523123444516E-17));
#4318=DIRECTION('',(0.707106781186548,-0.707106781186547,3.92523114670944E-17));
#4319=DIRECTION('',(0.707106775918192,-0.707106786454903,3.92523105897369E-17));
#4320=DIRECTION('',(0.707106775918194,0.707106786454901,1.17756934108831E-16));
#4321=DIRECTION('',(0.707106781186548,0.707106781186547,1.17756934401283E-16));
#4322=DIRECTION('',(-6.16297582203915E-33,1.,5.55111512312579E-17));
#4323=DIRECTION('',(-0.707106781186549,0.707106781186546,-3.92523114670946E-17));
#4324=DIRECTION('',(-0.707106775918189,0.707106786454906,-3.92523105897363E-17));
#4325=DIRECTION('center_axis',(-0.707106786454906,0.707106775918189,0.));
#4326=DIRECTION('ref_axis',(0.707106775918189,0.707106786454906,1.1775693410883E-16));
#4327=DIRECTION('',(0.,0.,1.));
#4328=DIRECTION('center_axis',(0.707106786454906,0.707106775918189,0.));
#4329=DIRECTION('ref_axis',(0.707106775918189,-0.707106786454906,3.92523105897364E-17));
#4330=DIRECTION('',(0.,0.,1.));
#4331=DIRECTION('center_axis',(0.707106781186546,0.707106781186549,0.));
#4332=DIRECTION('ref_axis',(0.707106781186549,-0.707106781186546,3.92523114670946E-17));
#4333=DIRECTION('',(0.,0.,1.));
#4334=DIRECTION('center_axis',(1.,6.16297582203915E-33,0.));
#4335=DIRECTION('ref_axis',(6.16297582203915E-33,-1.,-5.55111512312578E-17));
#4336=DIRECTION('',(0.,0.,1.));
#4337=DIRECTION('center_axis',(0.707106781186547,-0.707106781186548,0.));
#4338=DIRECTION('ref_axis',(-0.707106781186548,-0.707106781186547,-1.17756934401283E-16));
#4339=DIRECTION('',(0.,0.,-1.));
#4340=DIRECTION('center_axis',(0.,0.,1.));
#4341=DIRECTION('ref_axis',(-1.,8.88178419700125E-16,0.));
#4342=DIRECTION('center_axis',(0.,0.,1.));
#4343=DIRECTION('ref_axis',(1.,0.,0.));
#4344=DIRECTION('',(0.,0.,1.));
#4345=DIRECTION('center_axis',(0.707106786454901,-0.707106775918194,0.));
#4346=DIRECTION('ref_axis',(-0.707106775918194,-0.707106786454901,-1.17756934108831E-16));
#4347=DIRECTION('center_axis',(0.827403325125461,0.561608170855207,0.));
#4348=DIRECTION('ref_axis',(0.561608170855207,-0.827403325125461,1.64209210998219E-17));
#4349=DIRECTION('',(0.,0.,-1.));
#4350=DIRECTION('',(0.,0.,-1.));
#4351=DIRECTION('center_axis',(0.,0.,-1.));
#4352=DIRECTION('ref_axis',(-1.41610079671576E-15,1.,0.));
#4353=DIRECTION('',(0.,0.,-1.));
#4354=DIRECTION('center_axis',(-0.827403325125456,0.561608170855214,0.));
#4355=DIRECTION('ref_axis',(0.561608170855214,0.827403325125456,1.08281143320393E-16));
#4356=DIRECTION('',(0.,0.,-1.));
#4357=DIRECTION('center_axis',(-2.81368336575156E-16,1.,0.));
#4358=DIRECTION('ref_axis',(1.,2.81368336575156E-16,1.11022302462516E-16));
#4359=DIRECTION('',(0.,0.,-1.));
#4360=DIRECTION('center_axis',(0.828270684639441,0.560328183270226,0.));
#4361=DIRECTION('ref_axis',(0.560328183270226,-0.82827068463944,1.62306658058623E-17));
#4362=DIRECTION('center_axis',(-1.,-6.16297582203915E-33,0.));
#4363=DIRECTION('ref_axis',(-6.16297582203915E-33,1.,5.55111512312578E-17));
#4364=DIRECTION('center_axis',(-0.707106786454903,-0.707106775918192,0.));
#4365=DIRECTION('ref_axis',(-0.707106775918192,0.707106786454903,-3.92523105897369E-17));
#4366=DIRECTION('',(0.,0.,1.));
#4367=DIRECTION('center_axis',(-0.707106781186547,-0.707106781186548,0.));
#4368=DIRECTION('ref_axis',(-0.707106781186548,0.707106781186547,-3.92523114670944E-17));
#4369=DIRECTION('',(0.,0.,-1.));
#4370=DIRECTION('center_axis',(-0.707106775918193,-0.707106786454902,0.));
#4371=DIRECTION('ref_axis',(-0.707106786454902,0.707106775918193,-3.92523123444516E-17));
#4372=DIRECTION('center_axis',(-0.707106775918193,0.707106786454902,0.));
#4373=DIRECTION('ref_axis',(0.707106786454902,0.707106775918193,1.17756934693736E-16));
#4374=DIRECTION('',(0.,0.,1.));
#4375=DIRECTION('center_axis',(0.,0.,1.));
#4376=DIRECTION('ref_axis',(1.,0.,0.));
#4377=DIRECTION('center_axis',(-1.11022302462516E-16,-5.55111512312578E-17,
1.));
#4378=DIRECTION('ref_axis',(1.,0.,1.11022302462516E-16));
#4379=DIRECTION('',(0.,0.,1.));
#4380=DIRECTION('center_axis',(0.,0.,1.));
#4381=DIRECTION('ref_axis',(1.,0.,0.));
#4382=DIRECTION('center_axis',(-1.11022302462516E-16,-5.55111512312578E-17,
1.));
#4383=DIRECTION('ref_axis',(1.,0.,1.11022302462516E-16));
#4384=DIRECTION('',(0.,0.,1.));
#4385=DIRECTION('',(0.,0.,1.));
#4386=DIRECTION('',(0.,0.,1.));
#4387=DIRECTION('center_axis',(0.,0.,1.));
#4388=DIRECTION('ref_axis',(-0.464257278972267,0.885700388913354,0.));
#4389=DIRECTION('center_axis',(-1.11022302462516E-16,-5.55111512312578E-17,
1.));
#4390=DIRECTION('ref_axis',(-0.464257278972267,0.885700388913354,-2.37666381193055E-18));
#4391=DIRECTION('',(0.,0.,1.));
#4392=DIRECTION('center_axis',(0.,0.,1.));
#4393=DIRECTION('ref_axis',(0.194958911894334,-0.980811410350113,0.));
#4394=DIRECTION('center_axis',(-1.11022302462516E-16,-5.55111512312579E-17,
1.));
#4395=DIRECTION('ref_axis',(0.194958911894334,-0.980811410350113,-3.28011832451928E-17));
#4396=DIRECTION('',(0.,0.,1.));
#4397=DIRECTION('center_axis',(0.,0.,1.));
#4398=DIRECTION('ref_axis',(1.,0.,0.));
#4399=DIRECTION('center_axis',(-1.11022302462516E-16,-5.55111512312578E-17,
1.));
#4400=DIRECTION('ref_axis',(1.,0.,1.11022302462516E-16));
#4401=DIRECTION('',(0.,0.,1.));
#4402=DIRECTION('center_axis',(1.,6.16297582203915E-33,0.));
#4403=DIRECTION('ref_axis',(-6.16297582203915E-33,1.,5.55111512312578E-17));
#4404=DIRECTION('center_axis',(0.,0.,1.));
#4405=DIRECTION('ref_axis',(-1.77635683940025E-15,-1.,0.));
#4406=DIRECTION('center_axis',(0.,0.,-1.));
#4407=DIRECTION('ref_axis',(1.,-8.43375835458441E-80,0.));
#4408=DIRECTION('center_axis',(1.11022302462516E-16,5.55111512312578E-17,
-1.));
#4409=DIRECTION('ref_axis',(1.,-8.43375835458441E-80,1.11022302462516E-16));
#4410=DIRECTION('',(0.,0.,-1.));
#4411=DIRECTION('center_axis',(1.11022302462516E-16,5.55111512312578E-17,
-1.));
#4412=DIRECTION('ref_axis',(1.,-8.43375835458442E-80,1.11022302462516E-16));
#4413=DIRECTION('center_axis',(0.,0.,-1.));
#4414=DIRECTION('ref_axis',(1.,0.,0.));
#4415=DIRECTION('center_axis',(1.11022302462516E-16,5.55111512312578E-17,
-1.));
#4416=DIRECTION('ref_axis',(1.,0.,1.11022302462516E-16));
#4417=DIRECTION('',(0.,0.,-1.));
#4418=DIRECTION('center_axis',(1.11022302462516E-16,5.55111512312578E-17,
-1.));
#4419=DIRECTION('ref_axis',(1.,0.,1.11022302462516E-16));
#4420=DIRECTION('center_axis',(0.,0.,-1.));
#4421=DIRECTION('ref_axis',(1.,0.,0.));
#4422=DIRECTION('center_axis',(1.11022302462516E-16,5.55111512312578E-17,
-1.));
#4423=DIRECTION('ref_axis',(1.,0.,1.11022302462516E-16));
#4424=DIRECTION('',(0.,0.,-1.));
#4425=DIRECTION('center_axis',(1.11022302462516E-16,5.55111512312578E-17,
-1.));
#4426=DIRECTION('ref_axis',(1.,0.,1.11022302462516E-16));
#4427=DIRECTION('center_axis',(0.,0.,-1.));
#4428=DIRECTION('ref_axis',(1.,0.,0.));
#4429=DIRECTION('center_axis',(1.11022302462516E-16,5.55111512312578E-17,
-1.));
#4430=DIRECTION('ref_axis',(1.,0.,1.11022302462516E-16));
#4431=DIRECTION('',(0.,0.,-1.));
#4432=DIRECTION('center_axis',(1.11022302462516E-16,5.55111512312578E-17,
-1.));
#4433=DIRECTION('ref_axis',(1.,0.,1.11022302462516E-16));
#4434=DIRECTION('center_axis',(-0.707106781186548,0.707106781186548,0.));
#4435=DIRECTION('ref_axis',(0.707106781186548,0.707106781186548,1.17756934401283E-16));
#4436=DIRECTION('center_axis',(-1.,-1.16389650683092E-12,0.));
#4437=DIRECTION('ref_axis',(-1.16389650683092E-12,1.,5.55111512311286E-17));
#4438=DIRECTION('',(0.,0.,-1.));
#4439=DIRECTION('center_axis',(0.,-1.,0.));
#4440=DIRECTION('ref_axis',(-1.,0.,-1.11022302462516E-16));
#4441=DIRECTION('',(0.,0.,-1.));
#4442=DIRECTION('center_axis',(-1.,-6.16297582203915E-33,0.));
#4443=DIRECTION('ref_axis',(-6.16297582203915E-33,1.,5.55111512312578E-17));
#4444=DIRECTION('',(0.,0.,-1.));
#4445=DIRECTION('center_axis',(0.,0.,-1.));
#4446=DIRECTION('ref_axis',(-0.73145798142123,-0.681886516522493,0.));
#4447=DIRECTION('',(0.,0.,-1.));
#4448=DIRECTION('center_axis',(0.90587944865583,-0.423535623652852,0.));
#4449=DIRECTION('ref_axis',(-0.423535623652852,-0.905879448655829,-9.73083111844595E-17));
#4450=DIRECTION('',(0.,0.,-1.));
#4451=DIRECTION('center_axis',(-1.45233464578286E-16,-1.,0.));
#4452=DIRECTION('ref_axis',(-1.,1.45233464578286E-16,-1.11022302462516E-16));
#4453=DIRECTION('',(0.,0.,-1.));
#4454=DIRECTION('center_axis',(0.,0.,-1.));
#4455=DIRECTION('ref_axis',(1.,3.55271367880049E-15,0.));
#4456=DIRECTION('',(0.,0.,-1.));
#4457=DIRECTION('center_axis',(-1.,3.51753829584208E-16,0.));
#4458=DIRECTION('ref_axis',(3.51753829584208E-16,1.,5.55111512312579E-17));
#4459=DIRECTION('',(0.,0.,-1.));
#4460=DIRECTION('center_axis',(0.,0.,-1.));
#4461=DIRECTION('ref_axis',(-8.88178419700118E-15,-1.,0.));
#4462=DIRECTION('',(0.,0.,-1.));
#4463=DIRECTION('center_axis',(-5.75786122095659E-16,1.,0.));
#4464=DIRECTION('ref_axis',(1.,5.75786122095659E-16,1.11022302462516E-16));
#4465=CARTESIAN_POINT('',(0.,0.,0.));
#4466=CARTESIAN_POINT('Origin',(-26.8557020854444,-18.60267558968,-38.5455648427566));
#4467=CARTESIAN_POINT('',(-39.22904493659,-9.05775986328053,-36.5455648427566));
#4468=CARTESIAN_POINT('',(-44.22904493659,-4.05775986328054,-36.5455648427566));
#4469=CARTESIAN_POINT('',(-28.2699156478175,-20.0168891520531,-36.5455648427566));
#4470=CARTESIAN_POINT('',(-44.22904493659,1.59909438621184,-40.5455648427567));
#4471=CARTESIAN_POINT('',(-44.22904493659,-2.27069080154246,-37.8092134947603));
#4472=CARTESIAN_POINT('',(-35.22904493659,-7.40090561378815,-40.5455648427566));
#4473=CARTESIAN_POINT('',(-25.4414885230713,-17.1884620273069,-40.5455648427566));
#4474=CARTESIAN_POINT('',(-35.22904493659,-7.40090561378815,-40.5455648427566));
#4475=CARTESIAN_POINT('Origin',(-37.22904493659,-15.4960287400417,-38.5455648427566));
#4476=CARTESIAN_POINT('',(-35.22904493659,-19.2546347112051,-40.5455648427566));
#4477=CARTESIAN_POINT('',(-35.22904493659,-15.4960287400417,-40.5455648427566));
#4478=CARTESIAN_POINT('',(-39.22904493659,-17.5977804617127,-36.5455648427566));
#4479=CARTESIAN_POINT('',(-35.22904493659,-19.2546347112051,-40.5455648427566));
#4480=CARTESIAN_POINT('',(-39.22904493659,-15.4960287400417,-36.5455648427566));
#4481=CARTESIAN_POINT('Origin',(-27.8889555133814,-9.08611816325028,-38.5455648427566));
#4482=CARTESIAN_POINT('',(-44.22904493659,-28.2546347112051,-40.5455648427567));
#4483=CARTESIAN_POINT('',(-26.4747419510083,-10.5003317256234,-40.5455648427566));
#4484=CARTESIAN_POINT('',(-44.22904493659,-22.5977804617127,-36.5455648427566));
#4485=CARTESIAN_POINT('',(-44.22904493659,-19.0081063844598,-34.0072819604816));
#4486=CARTESIAN_POINT('',(-29.3031690757545,-7.67190460087718,-36.5455648427566));
#4487=CARTESIAN_POINT('Origin',(0.270955063410007,-13.3942770183706,-40.5455648427566));
#4488=CARTESIAN_POINT('',(-44.22904493659,11.6057229816294,-40.5455639653566));
#4489=CARTESIAN_POINT('',(-44.22904493659,-0.89427701837064,-40.5455648427567));
#4490=CARTESIAN_POINT('',(-39.22904493659,16.6057229816294,-40.5455639653566));
#4491=CARTESIAN_POINT('Origin',(-39.22904493659,11.6057229816294,-40.5455648427566));
#4492=CARTESIAN_POINT('',(-10.8429570961501,16.6057229816294,-40.5455648427567));
#4493=CARTESIAN_POINT('',(22.0703019825795,16.6057229816294,-40.5455648427566));
#4494=CARTESIAN_POINT('',(-7.34792909569129,20.2847222678072,-40.5455648427567));
#4495=CARTESIAN_POINT('Origin',(-11.0317703221862,20.2847222678072,-40.5455648427567));
#4496=CARTESIAN_POINT('',(-7.34792909569129,24.2847222678072,-40.5455648427567));
#4497=CARTESIAN_POINT('',(-7.34792909569129,24.2847222678072,-40.5455648427567));
#4498=CARTESIAN_POINT('',(7.65207090430867,24.2847222678072,-40.5455648427567));
#4499=CARTESIAN_POINT('Origin',(0.152070904308692,24.2847222678072,-40.5455648427567));
#4500=CARTESIAN_POINT('',(7.6520709043087,20.2847222678072,-40.5455648427567));
#4501=CARTESIAN_POINT('',(7.6520709043087,20.2847222678072,-40.5455648427567));
#4502=CARTESIAN_POINT('',(11.1795437361428,16.6057229816294,-40.5455648427567));
#4503=CARTESIAN_POINT('Origin',(11.3343246827903,20.2847222678072,-40.5455648427567));
#4504=CARTESIAN_POINT('',(39.5181430468531,16.6057229816294,-40.5455648427566));
#4505=CARTESIAN_POINT('',(22.0703019825795,16.6057229816294,-40.5455648427566));
#4506=CARTESIAN_POINT('',(43.8696489017489,14.4694109568744,-40.5455639653566));
#4507=CARTESIAN_POINT('Origin',(39.5181430468531,11.1057229816294,-40.5455648427566));
#4508=CARTESIAN_POINT('',(44.77095506341,11.6057229816294,-40.5455648427566));
#4509=CARTESIAN_POINT('Origin',(39.77095506341,11.6057229816294,-40.5455648427566));
#4510=CARTESIAN_POINT('',(44.77095506341,-38.3942770183706,-40.5455648427566));
#4511=CARTESIAN_POINT('',(44.77095506341,-25.8942770183706,-40.5455648427566));
#4512=CARTESIAN_POINT('',(39.77095506341,-43.3942770183706,-40.5455639653566));
#4513=CARTESIAN_POINT('Origin',(39.77095506341,-38.3942770183706,-40.5455648427566));
#4514=CARTESIAN_POINT('',(9.65737111629209,-43.3942770183706,-40.5455648427567));
#4515=CARTESIAN_POINT('',(-19.47904493659,-43.3942770183706,-40.5455648427567));
#4516=CARTESIAN_POINT('',(7.67813307317299,-46.2152777321927,-40.5455648427567));
#4517=CARTESIAN_POINT('Origin',(10.678133073173,-46.2152777321927,-40.5455648427567));
#4518=CARTESIAN_POINT('',(7.67813307317297,-50.7152777321927,-40.5455648427567));
#4519=CARTESIAN_POINT('',(7.67813307317297,-50.7152777321927,-40.5455648427567));
#4520=CARTESIAN_POINT('',(-7.32186692682699,-50.7152777321927,-40.5455648427567));
#4521=CARTESIAN_POINT('Origin',(0.17813307317299,-50.7152777321927,-40.5455648427567));
#4522=CARTESIAN_POINT('',(-7.32186692682698,-46.2152777321927,-40.5455648427567));
#4523=CARTESIAN_POINT('',(-7.32186692682698,-46.2152777321927,-40.5455648427567));
#4524=CARTESIAN_POINT('',(-9.30110496994597,-43.3942770183706,-40.5455648427567));
#4525=CARTESIAN_POINT('Origin',(-10.321866926827,-46.2152777321927,-40.5455648427567));
#4526=CARTESIAN_POINT('',(-39.22904493659,-43.3942770183706,-40.5455639653566));
#4527=CARTESIAN_POINT('',(-19.47904493659,-43.3942770183706,-40.5455648427567));
#4528=CARTESIAN_POINT('',(-44.22904493659,-38.3942770183706,-40.5455639653566));
#4529=CARTESIAN_POINT('Origin',(-39.22904493659,-38.3942770183706,-40.5455648427566));
#4530=CARTESIAN_POINT('',(-44.22904493659,-17.9960287400417,-40.5455648427567));
#4531=CARTESIAN_POINT('',(16.3235639815034,11.1057229816294,-40.5455648427566));
#4532=CARTESIAN_POINT('Origin',(19.0735639815035,11.1057229816294,-40.5455648427566));
#4533=CARTESIAN_POINT('',(-41.9,11.3700000000003,-40.5455648427566));
#4534=CARTESIAN_POINT('Origin',(-39.,11.3700000000003,-40.5455648427566));
#4535=CARTESIAN_POINT('',(-41.9,-37.6299999999997,-40.5455648427566));
#4536=CARTESIAN_POINT('Origin',(-39.,-37.6299999999997,-40.5455648427566));
#4537=CARTESIAN_POINT('',(16.1,-37.6299999999997,-40.5455648427566));
#4538=CARTESIAN_POINT('Origin',(19.,-37.6299999999997,-40.5455648427566));
#4539=CARTESIAN_POINT('',(2.67813307317299,-50.7152777321927,-40.5455648427567));
#4540=CARTESIAN_POINT('Origin',(0.17813307317299,-50.7152777321927,-40.5455648427567));
#4541=CARTESIAN_POINT('',(2.65207090430869,24.2847222678072,-40.5455648427567));
#4542=CARTESIAN_POINT('Origin',(0.152070904308692,24.2847222678072,-40.5455648427567));
#4543=CARTESIAN_POINT('Origin',(-44.22904493659,11.6057229816294,-40.5455639653566));
#4544=CARTESIAN_POINT('',(-44.22904493659,-4.05775986328056,-28.3655648427374));
#4545=CARTESIAN_POINT('',(-44.22904493659,-4.05775986328054,-34.2335639653566));
#4546=CARTESIAN_POINT('',(-44.22904493659,11.6057229816294,-28.3655648427374));
#4547=CARTESIAN_POINT('',(-44.22904493659,11.6057229816294,-28.3655648427374));
#4548=CARTESIAN_POINT('',(-44.22904493659,11.6057229816294,-39.5455639653566));
#4549=CARTESIAN_POINT('Origin',(-39.22904493659,-9.05775986328053,-35.2015639653566));
#4550=CARTESIAN_POINT('',(-39.22904493659,-9.05775986328053,-34.8515639653566));
#4551=CARTESIAN_POINT('',(-39.22904493659,-9.05775986328053,-39.5455648427567));
#4552=CARTESIAN_POINT('',(-41.22904493659,-7.05775986328053,-34.8515639653566));
#4553=CARTESIAN_POINT('',(-41.22904493659,-7.05775986328053,-34.8515639653566));
#4554=CARTESIAN_POINT('',(-41.22904493659,-7.05775986328052,-33.2655639653566));
#4555=CARTESIAN_POINT('',(-41.22904493659,-7.05775986328052,-16.6327819826783));
#4556=CARTESIAN_POINT('',(-42.72904493659,-5.55775986328055,-33.2655648427374));
#4557=CARTESIAN_POINT('',(-36.5199163630731,-11.7668884367974,-33.2655639653566));
#4558=CARTESIAN_POINT('',(-42.72904493659,-5.55775986328055,-28.3655648427374));
#4559=CARTESIAN_POINT('',(-42.72904493659,-5.55775986328055,-29.3655648427374));
#4560=CARTESIAN_POINT('',(-44.22904493659,-4.05775986328056,-28.3655648427374));
#4561=CARTESIAN_POINT('Origin',(10.678133073173,-46.2152777321927,-37.5455648427567));
#4562=CARTESIAN_POINT('',(4.67813307317299,-46.2152777321927,-34.5455648427567));
#4563=CARTESIAN_POINT('',(7.67813307317299,-46.2152777321927,-37.5455648427567));
#4564=CARTESIAN_POINT('Origin',(4.67813307317299,-46.2152777321927,-37.5455648427567));
#4565=CARTESIAN_POINT('',(9.65737111629209,-43.3942770183706,-37.5455648427567));
#4566=CARTESIAN_POINT('Origin',(10.678133073173,-46.2152777321927,-37.5455648427567));
#4567=CARTESIAN_POINT('',(5.38266756269939,-43.3942770183706,-34.5455648427566));
#4568=CARTESIAN_POINT('Ctrl Pts',(5.38266756269939,-43.3942770183706,-34.5455648427567));
#4569=CARTESIAN_POINT('Ctrl Pts',(5.83467392466843,-43.3942770183706,-34.5455648427567));
#4570=CARTESIAN_POINT('Ctrl Pts',(6.36781795311797,-43.3942770183706,-34.6453821095179));
#4571=CARTESIAN_POINT('Ctrl Pts',(7.27798647337908,-43.3942770183706,-34.9666480035622));
#4572=CARTESIAN_POINT('Ctrl Pts',(7.81596793011932,-43.3942770183706,-35.2663664949786));
#4573=CARTESIAN_POINT('Ctrl Pts',(8.61357267713565,-43.3942770183706,-35.8671051610319));
#4574=CARTESIAN_POINT('Ctrl Pts',(9.03623991925527,-43.3942770183706,-36.267779178936));
#4575=CARTESIAN_POINT('Ctrl Pts',(9.41557968768885,-43.3942770183706,-36.8041824619687));
#4576=CARTESIAN_POINT('Ctrl Pts',(9.51993524755902,-43.3942770183706,-36.9817734955621));
#4577=CARTESIAN_POINT('Ctrl Pts',(9.62537110961352,-43.3942770183706,-37.2639073105001));
#4578=CARTESIAN_POINT('Ctrl Pts',(9.65737111629205,-43.3942770183706,-37.4160253398064));
#4579=CARTESIAN_POINT('Ctrl Pts',(9.65737111629205,-43.3942770183706,-37.5455648427567));
#4580=CARTESIAN_POINT('Origin',(10.678133073173,-46.2152777321927,-34.5455648427567));
#4581=CARTESIAN_POINT('Origin',(4.67813307317298,-48.5100275537372,-37.5455648427567));
#4582=CARTESIAN_POINT('',(4.67813307317299,-50.7152777321927,-34.5455648427567));
#4583=CARTESIAN_POINT('',(7.67813307317297,-50.7152777321927,-37.5455648427567));
#4584=CARTESIAN_POINT('Origin',(4.67813307317297,-50.7152777321927,-37.5455648427567));
#4585=CARTESIAN_POINT('',(7.67813307317298,-48.5100275537372,-37.5455648427567));
#4586=CARTESIAN_POINT('',(4.67813307317298,-48.5100275537372,-34.5455648427567));
#4587=CARTESIAN_POINT('Origin',(0.17813307317299,-50.7152777321927,-37.5455648427567));
#4588=CARTESIAN_POINT('',(-4.32186692682699,-50.7152777321927,-34.5455648427567));
#4589=CARTESIAN_POINT('',(-7.32186692682699,-50.7152777321927,-37.5455648427567));
#4590=CARTESIAN_POINT('Origin',(-4.32186692682699,-50.7152777321927,-37.5455648427567));
#4591=CARTESIAN_POINT('Origin',(0.17813307317299,-50.7152777321927,-37.5455648427567));
#4592=CARTESIAN_POINT('Origin',(0.17813307317299,-50.7152777321927,-34.5455648427567));
#4593=CARTESIAN_POINT('Origin',(-4.32186692682699,-50.7600275537371,-37.5455648427567));
#4594=CARTESIAN_POINT('',(-4.32186692682698,-46.2152777321927,-34.5455648427567));
#4595=CARTESIAN_POINT('',(-7.32186692682698,-46.2152777321927,-37.5455648427567));
#4596=CARTESIAN_POINT('Origin',(-4.32186692682698,-46.2152777321927,-37.5455648427567));
#4597=CARTESIAN_POINT('',(-7.32186692682699,-50.7600275537371,-37.5455648427567));
#4598=CARTESIAN_POINT('',(-4.32186692682699,-50.7600275537371,-34.5455648427567));
#4599=CARTESIAN_POINT('Origin',(-10.321866926827,-46.2152777321927,-37.5455648427567));
#4600=CARTESIAN_POINT('',(-5.02640141635336,-43.3942770183706,-34.5455648427566));
#4601=CARTESIAN_POINT('',(-9.30110496994597,-43.3942770183706,-37.5455648427567));
#4602=CARTESIAN_POINT('Ctrl Pts',(-9.30110496994597,-43.3942770183706,-37.5455648427567));
#4603=CARTESIAN_POINT('Ctrl Pts',(-9.30110496994597,-43.3942770183706,-37.4160253398064));
#4604=CARTESIAN_POINT('Ctrl Pts',(-9.26910496326745,-43.3942770183706,-37.2639073105001));
#4605=CARTESIAN_POINT('Ctrl Pts',(-9.16366910121295,-43.3942770183706,-36.9817734955621));
#4606=CARTESIAN_POINT('Ctrl Pts',(-9.05931354134279,-43.3942770183706,-36.8041824619687));
#4607=CARTESIAN_POINT('Ctrl Pts',(-8.67997377290921,-43.3942770183706,-36.267779178936));
#4608=CARTESIAN_POINT('Ctrl Pts',(-8.2573065307896,-43.3942770183706,-35.8671051610319));
#4609=CARTESIAN_POINT('Ctrl Pts',(-7.45970178377328,-43.3942770183706,-35.2663664949786));
#4610=CARTESIAN_POINT('Ctrl Pts',(-6.92172032703304,-43.3942770183706,-34.9666480035622));
#4611=CARTESIAN_POINT('Ctrl Pts',(-6.01155180677193,-43.3942770183706,-34.6453821095179));
#4612=CARTESIAN_POINT('Ctrl Pts',(-5.4784077783224,-43.3942770183706,-34.5455648427567));
#4613=CARTESIAN_POINT('Ctrl Pts',(-5.02640141635336,-43.3942770183706,-34.5455648427567));
#4614=CARTESIAN_POINT('Origin',(-10.321866926827,-46.2152777321927,-37.5455648427567));
#4615=CARTESIAN_POINT('Origin',(-10.321866926827,-46.2152777321927,-34.5455648427567));
#4616=CARTESIAN_POINT('Origin',(0.178133073173063,-50.8047773752816,-34.5455648427567));
#4617=CARTESIAN_POINT('Origin',(0.17813307317299,-50.7152777321927,-34.5455648427567));
#4618=CARTESIAN_POINT('',(-19.5254559317085,-43.3942770183706,-34.5455648427566));
#4619=CARTESIAN_POINT('Origin',(-11.0317703221862,20.2847222678072,-37.5455648427567));
#4620=CARTESIAN_POINT('',(-4.34792909569129,20.2847222678072,-34.5455648427567));
#4621=CARTESIAN_POINT('',(-7.34792909569129,20.2847222678072,-37.5455648427567));
#4622=CARTESIAN_POINT('Origin',(-4.34792909569129,20.2847222678072,-37.5455648427567));
#4623=CARTESIAN_POINT('',(-10.8429570961501,16.6057229816294,-37.5455648427567));
#4624=CARTESIAN_POINT('Origin',(-11.0317703221862,20.2847222678072,-37.5455648427567));
#4625=CARTESIAN_POINT('',(-5.4515644305281,16.6057229816294,-34.5455648427566));
#4626=CARTESIAN_POINT('Ctrl Pts',(-5.4515644305281,16.6057229816294,-34.5455648427567));
#4627=CARTESIAN_POINT('Ctrl Pts',(-5.94541093850489,16.6057229816294,-34.5455648427567));
#4628=CARTESIAN_POINT('Ctrl Pts',(-6.52843936905905,16.6057229816294,-34.6517314425911));
#4629=CARTESIAN_POINT('Ctrl Pts',(-7.57613394384091,16.6057229816294,-34.9976423662766));
#4630=CARTESIAN_POINT('Ctrl Pts',(-8.22392734710532,16.6057229816294,-35.3371504445515));
#4631=CARTESIAN_POINT('Ctrl Pts',(-9.24284736421665,16.6057229816294,-36.0140959400334));
#4632=CARTESIAN_POINT('Ctrl Pts',(-9.81553132386234,16.6057229816294,-36.4773355770321));
#4633=CARTESIAN_POINT('Ctrl Pts',(-10.4185312210154,16.6057229816294,-37.0207755543965));
#4634=CARTESIAN_POINT('Ctrl Pts',(-10.5952729452774,16.6057229816294,-37.1794413642002));
#4635=CARTESIAN_POINT('Ctrl Pts',(-10.7584473916017,16.6057229816294,-37.3658471500864));
#4636=CARTESIAN_POINT('Ctrl Pts',(-10.796037513371,16.6057229816294,-37.4123166583907));
#4637=CARTESIAN_POINT('Ctrl Pts',(-10.8321676510465,16.6057229816294,-37.4827284166055));
#4638=CARTESIAN_POINT('Ctrl Pts',(-10.8429570961501,16.6057229816294,-37.516232635906));
#4639=CARTESIAN_POINT('Ctrl Pts',(-10.8429570961501,16.6057229816294,-37.5455648427567));
#4640=CARTESIAN_POINT('Origin',(-11.0317703221862,20.2847222678072,-34.5455648427567));
#4641=CARTESIAN_POINT('Origin',(-4.34792909569129,22.2399724462627,-37.5455648427567));
#4642=CARTESIAN_POINT('',(-4.34792909569129,24.2847222678072,-34.5455648427567));
#4643=CARTESIAN_POINT('',(-7.34792909569129,24.2847222678072,-37.5455648427567));
#4644=CARTESIAN_POINT('Origin',(-4.34792909569129,24.2847222678072,-37.5455648427567));
#4645=CARTESIAN_POINT('',(-7.34792909569129,22.2399724462627,-37.5455648427567));
#4646=CARTESIAN_POINT('',(-4.34792909569129,22.2399724462627,-34.5455648427567));
#4647=CARTESIAN_POINT('Origin',(0.152070904308692,24.2847222678072,-37.5455648427567));
#4648=CARTESIAN_POINT('',(4.65207090430869,24.2847222678072,-34.5455648427567));
#4649=CARTESIAN_POINT('',(7.65207090430867,24.2847222678072,-37.5455648427567));
#4650=CARTESIAN_POINT('Origin',(4.65207090430867,24.2847222678072,-37.5455648427567));
#4651=CARTESIAN_POINT('Origin',(0.152070904308692,24.2847222678072,-37.5455648427567));
#4652=CARTESIAN_POINT('Origin',(0.152070904308692,24.2847222678072,-34.5455648427567));
#4653=CARTESIAN_POINT('Origin',(4.65207090430867,24.2399724462627,-37.5455648427567));
#4654=CARTESIAN_POINT('',(4.6520709043087,20.2847222678072,-34.5455648427567));
#4655=CARTESIAN_POINT('',(7.6520709043087,20.2847222678072,-37.5455648427567));
#4656=CARTESIAN_POINT('Origin',(4.6520709043087,20.2847222678072,-37.5455648427567));
#4657=CARTESIAN_POINT('',(7.65207090430867,24.2399724462627,-37.5455648427567));
#4658=CARTESIAN_POINT('',(4.65207090430867,24.2399724462627,-34.5455648427567));
#4659=CARTESIAN_POINT('Origin',(11.3343246827903,20.2847222678072,-37.5455648427567));
#4660=CARTESIAN_POINT('',(5.75602029773434,16.6057229816294,-34.5455648427566));
#4661=CARTESIAN_POINT('',(11.1795437361428,16.6057229816294,-37.5455648427567));
#4662=CARTESIAN_POINT('Ctrl Pts',(11.1795437361429,16.6057229816294,-37.5455648427567));
#4663=CARTESIAN_POINT('Ctrl Pts',(11.1795437361429,16.6057229816294,-37.5181214637982));
#4664=CARTESIAN_POINT('Ctrl Pts',(11.1681519308778,16.6057229816294,-37.487222483186));
#4665=CARTESIAN_POINT('Ctrl Pts',(11.1302208582572,16.6057229816294,-37.4197880885735));
#4666=CARTESIAN_POINT('Ctrl Pts',(11.0907703170046,16.6057229816294,-37.3746977392413));
#4667=CARTESIAN_POINT('Ctrl Pts',(10.9208610215878,16.6057229816294,-37.190495541185));
#4668=CARTESIAN_POINT('Ctrl Pts',(10.7409954680393,16.6057229816294,-37.0303834821897));
#4669=CARTESIAN_POINT('Ctrl Pts',(10.1308936793602,16.6057229816294,-36.4852410311868));
#4670=CARTESIAN_POINT('Ctrl Pts',(9.55523366335982,16.6057229816294,-36.0186617282114));
#4671=CARTESIAN_POINT('Ctrl Pts',(8.53224678800476,16.6057229816294,-35.3389643308998));
#4672=CARTESIAN_POINT('Ctrl Pts',(7.88326146096948,16.6057229816294,-34.9985471213858));
#4673=CARTESIAN_POINT('Ctrl Pts',(6.83397628654032,16.6057229816294,-34.6519224819852));
#4674=CARTESIAN_POINT('Ctrl Pts',(6.25036949848471,16.6057229816294,-34.5455648427567));
#4675=CARTESIAN_POINT('Ctrl Pts',(5.75602029773434,16.6057229816294,-34.5455648427567));
#4676=CARTESIAN_POINT('Origin',(11.3343246827903,20.2847222678072,-37.5455648427567));
#4677=CARTESIAN_POINT('Origin',(11.3343246827903,20.2847222678072,-34.5455648427567));
#4678=CARTESIAN_POINT('Origin',(0.168293319996342,24.1952226247183,-34.5455648427567));
#4679=CARTESIAN_POINT('Origin',(0.152070904308692,24.2847222678072,-34.5455648427567));
#4680=CARTESIAN_POINT('',(19.9696241917032,16.6057229816294,-34.5455648427566));
#4681=CARTESIAN_POINT('Origin',(0.270955063410021,-12.6442770183706,-38.5455648427566));
#4682=CARTESIAN_POINT('',(-35.3537269994606,14.6057229816294,-38.5455648427566));
#4683=CARTESIAN_POINT('',(15.4981564690749,14.6057229816294,-38.5455648427566));
#4684=CARTESIAN_POINT('',(7.88455576624244,14.6057229816294,-38.5455648427566));
#4685=CARTESIAN_POINT('',(-35.3537269994606,8.09666940173534,-38.5455648427566));
#4686=CARTESIAN_POINT('',(-35.3537269994606,0.980722981629346,-38.5455648427566));
#4687=CARTESIAN_POINT('',(-39.7622484386557,6.52965111611114,-38.5455648427566));
#4688=CARTESIAN_POINT('Origin',(-39.,11.3700000000003,-38.5455648427566));
#4689=CARTESIAN_POINT('',(-40.72904493659,5.78519862946607,-38.5455648427566));
#4690=CARTESIAN_POINT('',(-31.8306728045093,12.6371217332163,-38.5455648427566));
#4691=CARTESIAN_POINT('',(-40.72904493659,-4.05775986328051,-38.5455648427566));
#4692=CARTESIAN_POINT('',(-40.72904493659,-3.42953919445228,-38.5455648427566));
#4693=CARTESIAN_POINT('',(-39.72904493659,-5.05775986328051,-38.5455648427566));
#4694=CARTESIAN_POINT('',(-27.8324156478174,-16.954389152053,-38.5455648427566));
#4695=CARTESIAN_POINT('',(-30.4499993808567,-5.05775986328052,-38.5455648427566));
#4696=CARTESIAN_POINT('',(-20.22904493659,-5.05775986328053,-38.5455648427566));
#4697=CARTESIAN_POINT('',(-27.6999993808567,-7.80775986328052,-38.5455648427566));
#4698=CARTESIAN_POINT('Origin',(-30.4499993808567,-7.80775986328052,-38.5455648427566));
#4699=CARTESIAN_POINT('',(-27.6999993808568,-18.8477804617127,-38.5455648427566));
#4700=CARTESIAN_POINT('',(-27.6999993808568,-10.2260184408256,-38.5455648427566));
#4701=CARTESIAN_POINT('',(-30.4499993808568,-21.5977804617127,-38.5455648427566));
#4702=CARTESIAN_POINT('Origin',(-30.4499993808568,-18.8477804617127,-38.5455648427566));
#4703=CARTESIAN_POINT('',(-39.72904493659,-21.5977804617125,-38.5455648427566));
#4704=CARTESIAN_POINT('',(-15.0895221587235,-21.597780461713,-38.5455648427566));
#4705=CARTESIAN_POINT('',(-40.72904493659,-22.5977804617127,-38.5455648427566));
#4706=CARTESIAN_POINT('',(-27.4906690757564,-9.35940460087662,-38.5455648427566));
#4707=CARTESIAN_POINT('',(-40.72904493659,-32.0835845260024,-38.5455648427566));
#4708=CARTESIAN_POINT('',(-40.72904493659,-17.6210287400417,-38.5455648427566));
#4709=CARTESIAN_POINT('',(-39.7627685868584,-32.8260772135833,-38.5455648427566));
#4710=CARTESIAN_POINT('',(-32.5355307592403,-38.3795311917385,-38.5455648427566));
#4711=CARTESIAN_POINT('',(-34.3229917180767,-38.9660702024107,-38.5455648427566));
#4712=CARTESIAN_POINT('Origin',(-39.,-37.6299999999997,-38.5455648427566));
#4713=CARTESIAN_POINT('',(-33.695056372143,-39.8942770183706,-38.5455648427566));
#4714=CARTESIAN_POINT('',(-35.0003181936434,-37.9648539859288,-38.5455648427566));
#4715=CARTESIAN_POINT('',(13.6545368964773,-39.8942770183706,-38.5455648427566));
#4716=CARTESIAN_POINT('',(-16.7120506543665,-39.8942770183706,-38.5455648427566));
#4717=CARTESIAN_POINT('',(14.2853443716199,-38.9649240824043,-38.5455648427566));
#4718=CARTESIAN_POINT('',(17.8751379066281,-33.6761707103572,-38.5455648427566));
#4719=CARTESIAN_POINT('',(23.7146556283801,-38.9649240824043,-38.5455648427566));
#4720=CARTESIAN_POINT('Origin',(19.,-37.6299999999997,-38.5455648427566));
#4721=CARTESIAN_POINT('',(24.3454631035227,-39.8942770183706,-38.5455648427566));
#4722=CARTESIAN_POINT('',(13.9022475816587,-24.5085477925402,-38.5455648427566));
#4723=CARTESIAN_POINT('',(39.77095506341,-39.8942770183706,-38.5455648427566));
#4724=CARTESIAN_POINT('',(12.3082090834664,-39.8942770183706,-38.5455648427566));
#4725=CARTESIAN_POINT('',(41.27095506341,-38.3942770183706,-38.5455648427566));
#4726=CARTESIAN_POINT('Origin',(39.77095506341,-38.3942770183706,-38.5455648427566));
#4727=CARTESIAN_POINT('',(41.27095506341,12.1057229816294,-38.5455648427566));
#4728=CARTESIAN_POINT('',(41.27095506341,-25.5192770183706,-38.5455648427566));
#4729=CARTESIAN_POINT('',(38.77095506341,14.6057229816294,-38.5455648427566));
#4730=CARTESIAN_POINT('Origin',(38.77095506341,12.1057229816294,-38.5455648427566));
#4731=CARTESIAN_POINT('',(23.4821505465047,14.6057229816294,-38.5455648427566));
#4732=CARTESIAN_POINT('',(19.52095506341,14.6057229816294,-38.5455648427566));
#4733=CARTESIAN_POINT('',(23.1233856974987,13.838378547148,-38.5455648427566));
#4734=CARTESIAN_POINT('',(16.172776325914,-1.02793690242079,-38.5455648427566));
#4735=CARTESIAN_POINT('',(15.499999653548,7.77434183185516,-38.5455648427566));
#4736=CARTESIAN_POINT('Origin',(19.0735639815035,11.1057229816294,-38.5455648427566));
#4737=CARTESIAN_POINT('',(15.499999653548,14.5999996736646,-38.5455648427566));
#4738=CARTESIAN_POINT('',(15.499999653548,-2.43496759325773,-38.5455648427566));
#4739=CARTESIAN_POINT('',(15.4981564690749,14.5999996736646,-38.5455648427566));
#4740=CARTESIAN_POINT('',(7.88547735847901,14.5999996736646,-38.5455648427566));
#4741=CARTESIAN_POINT('',(15.4981564690907,0.977861327655832,-38.5455648427566));
#4742=CARTESIAN_POINT('Origin',(0.152070904308692,24.2847222678072,-34.5455648427567));
#4743=CARTESIAN_POINT('',(4.65207090430869,24.2847222678072,-37.5455648427567));
#4744=CARTESIAN_POINT('',(4.65207090430869,24.2847222678072,-34.5455648427567));
#4745=CARTESIAN_POINT('Origin',(0.152070904308692,24.2847222678072,-37.5455648427567));
#4746=CARTESIAN_POINT('Origin',(0.152070904308692,24.2847222678072,-37.5455648427567));
#4747=CARTESIAN_POINT('',(2.65207090430869,24.2847222678072,-37.5455648427567));
#4748=CARTESIAN_POINT('Origin',(0.152070904308692,24.2847222678072,-37.5455648427567));
#4749=CARTESIAN_POINT('Origin',(0.17813307317299,-50.7152777321927,-34.5455648427567));
#4750=CARTESIAN_POINT('',(4.67813307317299,-50.7152777321927,-37.5455648427567));
#4751=CARTESIAN_POINT('',(4.67813307317299,-50.7152777321927,-34.5455648427567));
#4752=CARTESIAN_POINT('Origin',(0.17813307317299,-50.7152777321927,-37.5455648427567));
#4753=CARTESIAN_POINT('Origin',(0.17813307317299,-50.7152777321927,-37.5455648427567));
#4754=CARTESIAN_POINT('',(2.67813307317299,-50.7152777321927,-37.5455648427567));
#4755=CARTESIAN_POINT('Origin',(0.17813307317299,-50.7152777321927,-37.5455648427567));
#4756=CARTESIAN_POINT('Origin',(0.152070904308692,24.2847222678072,-34.5455648427567));
#4757=CARTESIAN_POINT('',(2.65207090430869,24.2847222678072,-34.5455648427567));
#4758=CARTESIAN_POINT('Origin',(-7.34792909569129,20.2847222678072,-34.5455648427567));
#4759=CARTESIAN_POINT('',(-7.34792909569129,24.2847222678072,-34.5455648427567));
#4760=CARTESIAN_POINT('',(-7.34792909569129,20.2847222678072,-34.5455648427567));
#4761=CARTESIAN_POINT('Origin',(-11.0317703221862,20.2847222678072,-34.5455648427567));
#4762=CARTESIAN_POINT('',(-10.8429570961501,16.6057229816294,-34.5455648427566));
#4763=CARTESIAN_POINT('Origin',(11.3343246827903,20.2847222678072,-34.5455648427567));
#4764=CARTESIAN_POINT('',(11.1795437361428,16.6057229816294,-34.5455648427566));
#4765=CARTESIAN_POINT('',(7.6520709043087,20.2847222678072,-34.5455648427567));
#4766=CARTESIAN_POINT('Origin',(7.65207090430867,24.2847222678072,-34.5455648427567));
#4767=CARTESIAN_POINT('',(7.65207090430867,24.2847222678072,-34.5455648427567));
#4768=CARTESIAN_POINT('Origin',(0.152070904308692,24.2847222678072,-34.5455648427567));
#4769=CARTESIAN_POINT('Origin',(39.77095506341,16.6057229816294,-40.5455639653566));
#4770=CARTESIAN_POINT('',(-39.22904493659,16.6057229816294,-28.3655648427374));
#4771=CARTESIAN_POINT('',(-39.22904493659,16.6057229816294,-39.5455639653566));
#4772=CARTESIAN_POINT('',(39.5181430468531,16.6057229816294,-28.3655648427374));
#4773=CARTESIAN_POINT('',(39.77095506341,16.6057229816294,-28.3655648427374));
#4774=CARTESIAN_POINT('',(39.5181430468531,16.6057229816294,-33.2655639653566));
#4775=CARTESIAN_POINT('Origin',(0.17813307317299,-50.7152777321927,-34.5455648427567));
#4776=CARTESIAN_POINT('',(2.67813307317299,-50.7152777321927,-34.5455648427567));
#4777=CARTESIAN_POINT('Origin',(0.17813307317299,-50.7152777321927,-34.5455648427567));
#4778=CARTESIAN_POINT('',(-7.32186692682699,-50.7152777321927,-34.5455648427567));
#4779=CARTESIAN_POINT('',(7.67813307317297,-50.7152777321927,-34.5455648427567));
#4780=CARTESIAN_POINT('Origin',(7.67813307317299,-46.2152777321927,-34.5455648427567));
#4781=CARTESIAN_POINT('',(7.67813307317299,-46.2152777321927,-34.5455648427567));
#4782=CARTESIAN_POINT('Origin',(10.678133073173,-46.2152777321927,-34.5455648427567));
#4783=CARTESIAN_POINT('',(9.65737111629209,-43.3942770183706,-39.5455648427567));
#4784=CARTESIAN_POINT('Origin',(-10.321866926827,-46.2152777321927,-34.5455648427567));
#4785=CARTESIAN_POINT('',(-9.30110496994597,-43.3942770183706,-34.5455648427566));
#4786=CARTESIAN_POINT('',(-7.32186692682698,-46.2152777321927,-34.5455648427567));
#4787=CARTESIAN_POINT('Origin',(-7.32186692682699,-50.7152777321927,-34.5455648427567));
#4788=CARTESIAN_POINT('Origin',(-39.22904493659,-43.3942770183706,-40.5455639653566));
#4789=CARTESIAN_POINT('',(39.77095506341,-43.3942770183706,-28.3655648427374));
#4790=CARTESIAN_POINT('',(39.77095506341,-43.3942770183706,-39.5455639653566));
#4791=CARTESIAN_POINT('',(1.71883072568124,-43.3942770183706,-28.3655648427374));
#4792=CARTESIAN_POINT('',(3.35298952159066,-43.3942770183706,-28.3655648427374));
#4793=CARTESIAN_POINT('',(1.71883072568125,-43.3942770183706,-33.2655639653566));
#4794=CARTESIAN_POINT('',(1.71883072568124,-43.3942770183706,-29.3655648427374));
#4795=CARTESIAN_POINT('',(-8.13557178416984,-43.3942770183706,-33.2655648427374));
#4796=CARTESIAN_POINT('',(-28.0857527887134,-43.3942770183706,-33.2655639653566));
#4797=CARTESIAN_POINT('',(-11.7286215939876,-43.3942770183706,-33.2655648427374));
#4798=CARTESIAN_POINT('',(39.77095506341,-43.3942770183706,-33.2655639653566));
#4799=CARTESIAN_POINT('',(-21.5367279370878,-43.3942770183706,-33.2655648427374));
#4800=CARTESIAN_POINT('',(-28.0857527887134,-43.3942770183706,-33.2655639653566));
#4801=CARTESIAN_POINT('',(-25.6958716128524,-43.3942770183706,-33.2655648427374));
#4802=CARTESIAN_POINT('',(39.77095506341,-43.3942770183706,-33.2655639653566));
#4803=CARTESIAN_POINT('',(-36.7724688462959,-43.3941333501605,-33.2655639653566));
#4804=CARTESIAN_POINT('',(-28.0857527887134,-43.3942770183706,-33.2655639653566));
#4805=CARTESIAN_POINT('',(-36.7964360184965,-43.3942770183706,-33.2655648427374));
#4806=CARTESIAN_POINT('Origin',(-36.7964360184965,-42.3942770183707,-33.2655639653566));
#4807=CARTESIAN_POINT('',(-36.7964360184965,-43.3942770183706,-28.3655648427374));
#4808=CARTESIAN_POINT('',(-36.7964360184965,-43.3942770183706,-29.3655648427374));
#4809=CARTESIAN_POINT('',(-39.22904493659,-43.3942770183706,-28.3655648427374));
#4810=CARTESIAN_POINT('',(-39.22904493659,-43.3942770183706,-28.3655648427374));
#4811=CARTESIAN_POINT('',(-39.22904493659,-43.3942770183706,-39.5455639653566));
#4812=CARTESIAN_POINT('Origin',(39.5181430468531,11.1057229816294,-33.2655639653566));
#4813=CARTESIAN_POINT('',(43.8696489017488,14.4694109568744,-28.3655648427374));
#4814=CARTESIAN_POINT('Origin',(39.5181430468531,11.1057229816294,-28.3655648427374));
#4815=CARTESIAN_POINT('',(43.8696489017489,14.4694109568744,-39.5455639653566));
#4816=CARTESIAN_POINT('Origin',(39.77095506341,11.6057229816294,-40.5455639653566));
#4817=CARTESIAN_POINT('',(44.7427856931135,12.135723160443,-28.3655648427374));
#4818=CARTESIAN_POINT('Origin',(39.77095506341,11.6057229816294,-28.3655648427374));
#4819=CARTESIAN_POINT('',(44.7427856931135,12.135723160443,-30.2671458834491));
#4820=CARTESIAN_POINT('',(44.7427856931135,12.135723160443,-29.3655648427374));
#4821=CARTESIAN_POINT('',(44.715412638129,12.3489183071017,-30.2671458834491));
#4822=CARTESIAN_POINT('Origin',(39.77095506341,11.6057229816294,-30.2671458834491));
#4823=CARTESIAN_POINT('',(44.715412638129,12.3489183071017,-33.2655639653566));
#4824=CARTESIAN_POINT('',(44.715412638129,12.3489183071017,-29.3655648427374));
#4825=CARTESIAN_POINT('',(44.77095506341,11.6057229816294,-33.2661403029308));
#4826=CARTESIAN_POINT('Origin',(39.77095506341,11.6057229816294,-33.2661403029308));
#4827=CARTESIAN_POINT('',(44.77095506341,11.6057229816294,-40.5455639653566));
#4828=CARTESIAN_POINT('Origin',(-41.22904493659,-19.5977804617127,-35.2015639653566));
#4829=CARTESIAN_POINT('',(-44.22904493659,-22.5977804617127,-33.2655639653566));
#4830=CARTESIAN_POINT('',(-44.22904493659,-22.5977804617127,-34.2335639653566));
#4831=CARTESIAN_POINT('',(-41.22904493659,-19.5977804617127,-33.2655639653566));
#4832=CARTESIAN_POINT('',(-28.3031690757546,-6.67190460087718,-33.2655639653566));
#4833=CARTESIAN_POINT('',(-41.22904493659,-19.5977804617127,-34.8515639653566));
#4834=CARTESIAN_POINT('',(-41.22904493659,-19.5977804617127,-16.6327819826783));
#4835=CARTESIAN_POINT('',(-39.22904493659,-17.5977804617127,-34.8515639653566));
#4836=CARTESIAN_POINT('',(-39.22904493659,-17.5977804617127,-34.8515639653566));
#4837=CARTESIAN_POINT('',(-39.22904493659,-17.5977804617127,-35.2015639653566));
#4838=CARTESIAN_POINT('Ctrl Pts',(-42.3620934262458,-39.9544103111374,-29.3655648427374));
#4839=CARTESIAN_POINT('Ctrl Pts',(-42.3620906157548,-39.9544131573877,-29.3655648427374));
#4840=CARTESIAN_POINT('Ctrl Pts',(-42.3324508455599,-40.0163622705014,-29.3655648427374));
#4841=CARTESIAN_POINT('Ctrl Pts',(-42.1772361990591,-40.2949018043304,-29.3655648427374));
#4842=CARTESIAN_POINT('Ctrl Pts',(-41.8938809679155,-40.6836167953303,-29.3655648427374));
#4843=CARTESIAN_POINT('Ctrl Pts',(-41.5172806743497,-41.059874513121,-29.3655648427374));
#4844=CARTESIAN_POINT('Ctrl Pts',(-41.1292839378469,-41.3430670220637,-29.3655648427374));
#4845=CARTESIAN_POINT('Ctrl Pts',(-40.851161288869,-41.4976289700725,-29.3655648427374));
#4846=CARTESIAN_POINT('Ctrl Pts',(-40.789181075607,-41.5273226975354,-29.3655648427374));
#4847=CARTESIAN_POINT('Ctrl Pts',(-40.7891782293568,-41.5273255080264,-29.3655648427374));
#4848=CARTESIAN_POINT('Ctrl Pts',(-42.5643071266113,-39.5483245156657,-29.3655648427374));
#4849=CARTESIAN_POINT('Ctrl Pts',(-42.5643071266113,-39.5483245156657,-29.4337670533753));
#4850=CARTESIAN_POINT('Ctrl Pts',(-42.4843725744671,-39.6160119507403,-29.5703931437172));
#4851=CARTESIAN_POINT('Ctrl Pts',(-42.1438997153566,-39.9162138969126,-29.6994515815445));
#4852=CARTESIAN_POINT('Ctrl Pts',(-41.67890397855,-40.3559232217701,-29.738018345982));
#4853=CARTESIAN_POINT('Ctrl Pts',(-41.1892913007621,-40.8455573555833,-29.738037139751));
#4854=CARTESIAN_POINT('Ctrl Pts',(-40.7502822336973,-41.3097571602354,-29.6989909236519));
#4855=CARTESIAN_POINT('Ctrl Pts',(-40.4507385940316,-41.6496396131653,-29.5696234696656));
#4856=CARTESIAN_POINT('Ctrl Pts',(-40.3830924338851,-41.7295392083919,-29.4336273227846));
#4857=CARTESIAN_POINT('Ctrl Pts',(-40.3830924338851,-41.7295392083919,-29.3655648427374));
#4858=CARTESIAN_POINT('Ctrl Pts',(-42.9090717723755,-39.2149908386332,-29.3655648427374));
#4859=CARTESIAN_POINT('Ctrl Pts',(-42.9090717723755,-39.2149908386332,-29.5213517787522));
#4860=CARTESIAN_POINT('Ctrl Pts',(-42.7729813231641,-39.2888617532228,-29.8322692895755));
#4861=CARTESIAN_POINT('Ctrl Pts',(-42.2386649638346,-39.6218556775185,-30.1451339556828));
#4862=CARTESIAN_POINT('Ctrl Pts',(-41.5839107790041,-40.1320466545477,-30.2692683480141));
#4863=CARTESIAN_POINT('Ctrl Pts',(-40.9651357733773,-40.7511839670578,-30.2690460368288));
#4864=CARTESIAN_POINT('Ctrl Pts',(-40.455664824168,-41.4047105590851,-30.1441189417123));
#4865=CARTESIAN_POINT('Ctrl Pts',(-40.1235605627431,-41.9383397476394,-29.8304802867258));
#4866=CARTESIAN_POINT('Ctrl Pts',(-40.0497587568525,-42.0743038541561,-29.5210326072708));
#4867=CARTESIAN_POINT('Ctrl Pts',(-40.0497587568525,-42.0743038541561,-29.3655648427374));
#4868=CARTESIAN_POINT('Ctrl Pts',(-43.3217454307525,-39.0265765242081,-29.3655648427374));
#4869=CARTESIAN_POINT('Ctrl Pts',(-43.3217454307525,-39.0265765242081,-29.6092882284088));
#4870=CARTESIAN_POINT('Ctrl Pts',(-43.134173326539,-39.106822527964,-30.0951418096939));
#4871=CARTESIAN_POINT('Ctrl Pts',(-42.4348183082798,-39.4861770887393,-30.5930720263471));
#4872=CARTESIAN_POINT('Ctrl Pts',(-41.6350986968576,-40.0786289990499,-30.8044613393702));
#4873=CARTESIAN_POINT('Ctrl Pts',(-40.9111623384861,-40.8029445620796,-30.8039773933307));
#4874=CARTESIAN_POINT('Ctrl Pts',(-40.3198648153186,-41.6010139211929,-30.591484475928));
#4875=CARTESIAN_POINT('Ctrl Pts',(-39.9414193838745,-42.2996673969719,-30.0923229371778));
#4876=CARTESIAN_POINT('Ctrl Pts',(-39.8613444424275,-42.4869775125331,-29.608788895435));
#4877=CARTESIAN_POINT('Ctrl Pts',(-39.8613444424275,-42.4869775125331,-29.3655648427374));
#4878=CARTESIAN_POINT('',(-40.789181075607,-41.5273226975354,-29.3655648427374));
#4879=CARTESIAN_POINT('',(-40.2590287379998,-41.7392932169603,-30.4629624528874));
#4880=CARTESIAN_POINT('Ctrl Pts',(-40.2590287379992,-41.7392932169614,-30.4629624528861));
#4881=CARTESIAN_POINT('Ctrl Pts',(-40.2590287379992,-41.7392932169614,-30.2349943927035));
#4882=CARTESIAN_POINT('Ctrl Pts',(-40.3014586614841,-41.7267825516308,-30.0231827894093));
#4883=CARTESIAN_POINT('Ctrl Pts',(-40.424514058325,-41.6842423529777,-29.7147016025027));
#4884=CARTESIAN_POINT('Ctrl Pts',(-40.4896288141565,-41.6602409477877,-29.6073438024073));
#4885=CARTESIAN_POINT('Ctrl Pts',(-40.5991689133891,-41.6152496494739,-29.4790148235853));
#4886=CARTESIAN_POINT('Ctrl Pts',(-40.6391150620877,-41.5979245548612,-29.4428083846556));
#4887=CARTESIAN_POINT('Ctrl Pts',(-40.6960087531871,-41.5720895323261,-29.4025694957974));
#4888=CARTESIAN_POINT('Ctrl Pts',(-40.7172706526229,-41.5622027428005,-29.3898159781632));
#4889=CARTESIAN_POINT('Ctrl Pts',(-40.7456319186209,-41.5486424641403,-29.3772063384605));
#4890=CARTESIAN_POINT('Ctrl Pts',(-40.7526485570268,-41.5452598659943,-29.3744235245701));
#4891=CARTESIAN_POINT('Ctrl Pts',(-40.7653523508516,-41.5390821797099,-29.370177598803));
#4892=CARTESIAN_POINT('Ctrl Pts',(-40.7712630675694,-41.536187998139,-29.3684900779928));
#4893=CARTESIAN_POINT('Ctrl Pts',(-40.7813197364595,-41.5312286924234,-29.3663640279107));
#4894=CARTESIAN_POINT('Ctrl Pts',(-40.7846441529763,-41.5295789220662,-29.3659031058223));
#4895=CARTESIAN_POINT('Ctrl Pts',(-40.7876312725834,-41.5280940396392,-29.365637934763));
#4896=CARTESIAN_POINT('Ctrl Pts',(-40.7883030093117,-41.5277598544567,-29.3655903514677));
#4897=CARTESIAN_POINT('Ctrl Pts',(-40.7889830879236,-41.5274212819236,-29.3655680838179));
#4898=CARTESIAN_POINT('Ctrl Pts',(-40.7892800753672,-41.5272733994659,-29.3655648427374));
#4899=CARTESIAN_POINT('Ctrl Pts',(-40.789181075607,-41.5273226975354,-29.3655648427374));
#4900=CARTESIAN_POINT('',(-40.3884093505069,-41.5359126044537,-30.5655648427374));
#4901=CARTESIAN_POINT('Ctrl Pts',(-40.2583520711058,-41.7388001173611,-30.4628223851659));
#4902=CARTESIAN_POINT('Ctrl Pts',(-40.2890727000665,-41.6884046006673,-30.4918253307462));
#4903=CARTESIAN_POINT('Ctrl Pts',(-40.3314474683488,-41.6208002951825,-30.527179298251));
#4904=CARTESIAN_POINT('Ctrl Pts',(-40.3765019391888,-41.5519443928977,-30.5589242496));
#4905=CARTESIAN_POINT('Ctrl Pts',(-40.3873039967623,-41.5355971968447,-30.5662337895212));
#4906=CARTESIAN_POINT('',(-42.370680522673,-39.5536414322876,-30.5655648427374));
#4907=CARTESIAN_POINT('Ctrl Pts',(-40.3884093505069,-41.5359126044537,-30.5655648427374));
#4908=CARTESIAN_POINT('Ctrl Pts',(-40.3914848911193,-41.5312569757934,-30.5655648427374));
#4909=CARTESIAN_POINT('Ctrl Pts',(-40.3945682685123,-41.5266064584557,-30.5655648427187));
#4910=CARTESIAN_POINT('Ctrl Pts',(-40.5046709844271,-41.3611398039682,-30.5655648428851));
#4911=CARTESIAN_POINT('Ctrl Pts',(-40.6225637936948,-41.2040243811001,-30.5655648427375));
#4912=CARTESIAN_POINT('Ctrl Pts',(-40.8490175056263,-40.9261254041613,-30.5655648427374));
#4913=CARTESIAN_POINT('Ctrl Pts',(-40.9592087449271,-40.800079349212,-30.5655648427362));
#4914=CARTESIAN_POINT('Ctrl Pts',(-41.1849547921887,-40.5568788387706,-30.5655648427363));
#4915=CARTESIAN_POINT('Ctrl Pts',(-41.3025259158035,-40.4375880857809,-30.5655648427374));
#4916=CARTESIAN_POINT('Ctrl Pts',(-41.5416431494636,-40.2088658812497,-30.5655648427374));
#4917=CARTESIAN_POINT('Ctrl Pts',(-41.6651169321917,-40.0974779372517,-30.5655648427373));
#4918=CARTESIAN_POINT('Ctrl Pts',(-41.9270880771506,-39.8762495262137,-30.5655648427373));
#4919=CARTESIAN_POINT('Ctrl Pts',(-42.0693445166839,-39.7644520378716,-30.5655648427374));
#4920=CARTESIAN_POINT('Ctrl Pts',(-42.2613931517684,-39.6275107377881,-30.5655648427376));
#4921=CARTESIAN_POINT('Ctrl Pts',(-42.3088103424454,-39.5947770546111,-30.5655648427708));
#4922=CARTESIAN_POINT('Ctrl Pts',(-42.3613657141066,-39.5598060937427,-30.565564842719));
#4923=CARTESIAN_POINT('Ctrl Pts',(-42.3660205579899,-39.5567198373068,-30.5655648427374));
#4924=CARTESIAN_POINT('Ctrl Pts',(-42.370680522673,-39.5536414322876,-30.5655648427374));
#4925=CARTESIAN_POINT('',(-42.5740611217358,-39.4242608280111,-30.4629624682451));
#4926=CARTESIAN_POINT('Ctrl Pts',(-42.3708792277845,-39.5525919048122,-30.5670036262173));
#4927=CARTESIAN_POINT('Ctrl Pts',(-42.3866774432437,-39.542154827247,-30.5599600545153));
#4928=CARTESIAN_POINT('Ctrl Pts',(-42.4556145025918,-39.4970396593676,-30.5283006130282));
#4929=CARTESIAN_POINT('Ctrl Pts',(-42.5232887163333,-39.4546058061147,-30.4930357474582));
#4930=CARTESIAN_POINT('Ctrl Pts',(-42.574254990596,-39.4235300063729,-30.4637639924886));
#4931=CARTESIAN_POINT('',(-42.3620906157548,-39.9544131573877,-29.3655648427374));
#4932=CARTESIAN_POINT('Ctrl Pts',(-42.3620906157548,-39.9544131573877,-29.3655648427374));
#4933=CARTESIAN_POINT('Ctrl Pts',(-42.3621315540229,-39.954330945675,-29.3655648427374));
#4934=CARTESIAN_POINT('Ctrl Pts',(-42.3621979030002,-39.9541976886301,-29.3655686530419));
#4935=CARTESIAN_POINT('Ctrl Pts',(-42.3625193474451,-39.9535520142389,-29.3655898190949));
#4936=CARTESIAN_POINT('Ctrl Pts',(-42.3628422482491,-39.9529029731163,-29.3656352112012));
#4937=CARTESIAN_POINT('Ctrl Pts',(-42.364318276509,-39.9499338092648,-29.3658950828888));
#4938=CARTESIAN_POINT('Ctrl Pts',(-42.3659798039899,-39.9465859394785,-29.3663563720097));
#4939=CARTESIAN_POINT('Ctrl Pts',(-42.3709481217127,-39.9365109024241,-29.3684873351759));
#4940=CARTESIAN_POINT('Ctrl Pts',(-42.3738281044631,-39.9306293301522,-29.370165020297));
#4941=CARTESIAN_POINT('Ctrl Pts',(-42.3799933189831,-39.9179519175262,-29.3743967252407));
#4942=CARTESIAN_POINT('Ctrl Pts',(-42.3833764872899,-39.9109345001973,-29.3771773064086));
#4943=CARTESIAN_POINT('Ctrl Pts',(-42.3969474164411,-39.882552575844,-29.389786580729));
#4944=CARTESIAN_POINT('Ctrl Pts',(-42.4068443347176,-39.8612695377457,-29.4025500349163));
#4945=CARTESIAN_POINT('Ctrl Pts',(-42.4326896461885,-39.8043537062584,-29.4428021782459));
#4946=CARTESIAN_POINT('Ctrl Pts',(-42.4500171857571,-39.7644020837455,-29.479012764465));
#4947=CARTESIAN_POINT('Ctrl Pts',(-42.4950136193007,-39.654849051191,-29.607359022062));
#4948=CARTESIAN_POINT('Ctrl Pts',(-42.5190167698857,-39.5897283429438,-29.7147320528592));
#4949=CARTESIAN_POINT('Ctrl Pts',(-42.5615527690277,-39.4666827203346,-30.0232223080969));
#4950=CARTESIAN_POINT('Ctrl Pts',(-42.5740611351808,-39.4242608197798,-30.2350158962085));
#4951=CARTESIAN_POINT('Ctrl Pts',(-42.5740611351808,-39.4242608197798,-30.4629624528861));
#4952=CARTESIAN_POINT('Origin',(-39.22904493659,-38.3942770183706,-29.3655648427374));
#4953=CARTESIAN_POINT('Origin',(-46.22904493659,-45.3942770183706,-29.3655648427374));
#4954=CARTESIAN_POINT('',(-40.2590287379992,-41.7392932169614,-30.6681672325886));
#4955=CARTESIAN_POINT('',(-40.2590287379992,-41.7392932169614,-29.3655648427374));
#4956=CARTESIAN_POINT('Ctrl Pts',(-40.3883911914895,-41.5357166343644,-30.5659780223597));
#4957=CARTESIAN_POINT('Ctrl Pts',(-40.3777089533817,-41.5518673358225,-30.5731687822607));
#4958=CARTESIAN_POINT('Ctrl Pts',(-40.3325504983492,-41.6207908658816,-30.6047938482882));
#4959=CARTESIAN_POINT('Ctrl Pts',(-40.2900774382345,-41.6883778731655,-30.6399648562404));
#4960=CARTESIAN_POINT('Ctrl Pts',(-40.2591686424954,-41.7389349948931,-30.6689414759756));
#4961=CARTESIAN_POINT('Origin',(-46.22904493659,-45.3942770183706,-29.3655648427374));
#4962=CARTESIAN_POINT('',(-42.5740611058385,-39.4242608377438,-30.6681671990692));
#4963=CARTESIAN_POINT('Ctrl Pts',(-42.5735654035097,-39.4238872258735,-30.6686331200329));
#4964=CARTESIAN_POINT('Ctrl Pts',(-42.5229557947976,-39.4547460424333,-30.63953358423));
#4965=CARTESIAN_POINT('Ctrl Pts',(-42.4553109098299,-39.4971564788051,-30.6042671248799));
#4966=CARTESIAN_POINT('Ctrl Pts',(-42.3863872308514,-39.5422578279647,-30.5727039799745));
#4967=CARTESIAN_POINT('Ctrl Pts',(-42.3702325397142,-39.552931582071,-30.5655309694894));
#4968=CARTESIAN_POINT('',(-42.5740611351808,-39.4242608197798,-29.3655648427374));
#4969=CARTESIAN_POINT('Ctrl Pts',(-40.7891782293568,-41.5273255080264,-31.7655648427374));
#4970=CARTESIAN_POINT('Ctrl Pts',(-40.789181075607,-41.5273226975354,-31.7655648427374));
#4971=CARTESIAN_POINT('Ctrl Pts',(-40.8130232368586,-41.5157752946686,-31.7655648427374));
#4972=CARTESIAN_POINT('Ctrl Pts',(-40.9210021691795,-41.4588647841916,-31.7655648427374));
#4973=CARTESIAN_POINT('Ctrl Pts',(-41.1300380452311,-41.3425511992526,-31.7655648427374));
#4974=CARTESIAN_POINT('Ctrl Pts',(-41.4536415277234,-41.1063922959848,-31.7655648427374));
#4975=CARTESIAN_POINT('Ctrl Pts',(-41.7065391390014,-40.8710824302761,-31.7655648427374));
#4976=CARTESIAN_POINT('Ctrl Pts',(-41.8536516992028,-40.7127552540449,-31.7655648427374));
#4977=CARTESIAN_POINT('Ctrl Pts',(-41.9597075039443,-40.5850607122232,-31.7655648427374));
#4978=CARTESIAN_POINT('Ctrl Pts',(-42.0572786064663,-40.4590712253848,-31.7655648427374));
#4979=CARTESIAN_POINT('Ctrl Pts',(-42.2032514717385,-40.2485433591771,-31.7655648427374));
#4980=CARTESIAN_POINT('Ctrl Pts',(-42.3323940316871,-40.0171008661039,-31.7655648427374));
#4981=CARTESIAN_POINT('Ctrl Pts',(-42.3620906157548,-39.9544131573877,-31.7655648427374));
#4982=CARTESIAN_POINT('Ctrl Pts',(-42.3620934262458,-39.9544103111374,-31.7655648427374));
#4983=CARTESIAN_POINT('Ctrl Pts',(-40.3830924338851,-41.7295392083919,-31.7655648427374));
#4984=CARTESIAN_POINT('Ctrl Pts',(-40.3830924338851,-41.7295392083919,-31.7143724294009));
#4985=CARTESIAN_POINT('Ctrl Pts',(-40.4089469767825,-41.6991949442404,-31.6465858125586));
#4986=CARTESIAN_POINT('Ctrl Pts',(-40.5261142314539,-41.5640264245197,-31.5285958208161));
#4987=CARTESIAN_POINT('Ctrl Pts',(-40.7509844937224,-41.3093435784747,-31.4330189670336));
#4988=CARTESIAN_POINT('Ctrl Pts',(-41.1173247314346,-40.9216114732171,-31.3999049618271));
#4989=CARTESIAN_POINT('Ctrl Pts',(-41.4352830959663,-40.5997649963666,-31.3938873678049));
#4990=CARTESIAN_POINT('Ctrl Pts',(-41.6369935298439,-40.4005610608809,-31.3975930113354));
#4991=CARTESIAN_POINT('Ctrl Pts',(-41.7945633288694,-40.248149481755,-31.4057004998139));
#4992=CARTESIAN_POINT('Ctrl Pts',(-41.9480799563407,-40.101742213176,-31.4184351679697));
#4993=CARTESIAN_POINT('Ctrl Pts',(-42.2007722114224,-39.8661225344628,-31.4535608387007));
#4994=CARTESIAN_POINT('Ctrl Pts',(-42.4837072159313,-39.6165235117834,-31.5617062058445));
#4995=CARTESIAN_POINT('Ctrl Pts',(-42.5643071266113,-39.5483245156657,-31.6974168955617));
#4996=CARTESIAN_POINT('Ctrl Pts',(-42.5643071266113,-39.5483245156657,-31.7655648427374));
#4997=CARTESIAN_POINT('Ctrl Pts',(-40.0497587568525,-42.0743038541561,-31.7655648427374));
#4998=CARTESIAN_POINT('Ctrl Pts',(-40.0497587568525,-42.0743038541561,-31.6486315476683));
#4999=CARTESIAN_POINT('Ctrl Pts',(-40.0779856860648,-42.0232391786553,-31.4938347635155));
#5000=CARTESIAN_POINT('Ctrl Pts',(-40.2072879622808,-41.8036844559315,-31.2210425711743));
#5001=CARTESIAN_POINT('Ctrl Pts',(-40.4564970440693,-41.4046124954337,-30.9882642613692));
#5002=CARTESIAN_POINT('Ctrl Pts',(-40.8818187725309,-40.8583683407184,-30.883490504825));
#5003=CARTESIAN_POINT('Ctrl Pts',(-41.2760300979833,-40.4404250186034,-30.8632755799726));
#5004=CARTESIAN_POINT('Ctrl Pts',(-41.5382410357727,-40.1933221057626,-30.8758833528589));
#5005=CARTESIAN_POINT('Ctrl Pts',(-41.7511281811456,-40.0101394759759,-30.901866439497));
#5006=CARTESIAN_POINT('Ctrl Pts',(-41.9639728121883,-39.8372612351428,-30.9400164953038));
#5007=CARTESIAN_POINT('Ctrl Pts',(-42.3278320838809,-39.5662183687517,-31.03885238855));
#5008=CARTESIAN_POINT('Ctrl Pts',(-42.7719486507776,-39.2893507244101,-31.300848802144));
#5009=CARTESIAN_POINT('Ctrl Pts',(-42.9090717723755,-39.2149908386331,-31.6099018548826));
#5010=CARTESIAN_POINT('Ctrl Pts',(-42.9090717723755,-39.2149908386331,-31.7655648427374));
#5011=CARTESIAN_POINT('Ctrl Pts',(-39.8613444424275,-42.4869775125331,-31.7655648427374));
#5012=CARTESIAN_POINT('Ctrl Pts',(-39.8613444424275,-42.4869775125331,-31.5826266625472));
#5013=CARTESIAN_POINT('Ctrl Pts',(-39.8923285323145,-42.4171468965395,-31.3404916192723));
#5014=CARTESIAN_POINT('Ctrl Pts',(-40.0368625585474,-42.1231490542845,-30.9121866777481));
#5015=CARTESIAN_POINT('Ctrl Pts',(-40.3212796699948,-41.6016333410753,-30.5412524760177));
#5016=CARTESIAN_POINT('Ctrl Pts',(-40.8147809075276,-40.9338384202324,-30.3634605734242));
#5017=CARTESIAN_POINT('Ctrl Pts',(-41.2752908712102,-40.439622371829,-30.3287345076954));
#5018=CARTESIAN_POINT('Ctrl Pts',(-41.5856716567328,-40.1506375077526,-30.3504466855868));
#5019=CARTESIAN_POINT('Ctrl Pts',(-41.8414535289534,-39.9374358136825,-30.3946644935867));
#5020=CARTESIAN_POINT('Ctrl Pts',(-42.1004166743517,-39.736705182485,-30.4586731469439));
#5021=CARTESIAN_POINT('Ctrl Pts',(-42.5516502441323,-39.4227584680923,-30.6221146228632));
#5022=CARTESIAN_POINT('Ctrl Pts',(-43.1329310950661,-39.1075437925649,-31.0390272252186));
#5023=CARTESIAN_POINT('Ctrl Pts',(-43.3217454307525,-39.0265765242081,-31.5220353697647));
#5024=CARTESIAN_POINT('Ctrl Pts',(-43.3217454307525,-39.0265765242081,-31.7655648427374));
#5025=CARTESIAN_POINT('',(-40.789181075607,-41.5273226975354,-31.7655648427374));
#5026=CARTESIAN_POINT('Ctrl Pts',(-40.789181075607,-41.5273226975354,-31.7655648427374));
#5027=CARTESIAN_POINT('Ctrl Pts',(-40.7890986957207,-41.5273637195475,-31.7655648427374));
#5028=CARTESIAN_POINT('Ctrl Pts',(-40.7889651661725,-41.5274302041886,-31.7655610207372));
#5029=CARTESIAN_POINT('Ctrl Pts',(-40.7882123273586,-41.5278049995036,-31.7655363164593));
#5030=CARTESIAN_POINT('Ctrl Pts',(-40.7874252878515,-41.5281965054658,-31.765477026251));
#5031=CARTESIAN_POINT('Ctrl Pts',(-40.7853724456749,-41.5292167076208,-31.7652820844243));
#5032=CARTESIAN_POINT('Ctrl Pts',(-40.7840019117355,-41.5298967327923,-31.765102543115));
#5033=CARTESIAN_POINT('Ctrl Pts',(-40.7783405280488,-41.532701238236,-31.7642307301987));
#5034=CARTESIAN_POINT('Ctrl Pts',(-40.7738053582013,-41.5349359419414,-31.7632015193169));
#5035=CARTESIAN_POINT('Ctrl Pts',(-40.7592370940406,-41.5420765690261,-31.7592553043164));
#5036=CARTESIAN_POINT('Ctrl Pts',(-40.7487913259857,-41.5471316192386,-31.755324982541));
#5037=CARTESIAN_POINT('Ctrl Pts',(-40.7173167493986,-41.5621812377308,-31.7413408108026));
#5038=CARTESIAN_POINT('Ctrl Pts',(-40.6960361277008,-41.572077014247,-31.7285786558337));
#5039=CARTESIAN_POINT('Ctrl Pts',(-40.6391231067712,-41.5979210649578,-31.6883286587617));
#5040=CARTESIAN_POINT('Ctrl Pts',(-40.5991723039412,-41.6152482776625,-31.6521190840038));
#5041=CARTESIAN_POINT('Ctrl Pts',(-40.4896267335653,-41.6602417667295,-31.5237830172435));
#5042=CARTESIAN_POINT('Ctrl Pts',(-40.4245115258856,-41.6842432734729,-31.4164235766803));
#5043=CARTESIAN_POINT('Ctrl Pts',(-40.3014576180775,-41.7267828506452,-31.1079417567774));
#5044=CARTESIAN_POINT('Ctrl Pts',(-40.2590287379992,-41.7392932169614,-30.8961324962899));
#5045=CARTESIAN_POINT('Ctrl Pts',(-40.2590287379992,-41.7392932169614,-30.6681672325886));
#5046=CARTESIAN_POINT('',(-42.3620906157548,-39.9544131573877,-31.7655648427374));
#5047=CARTESIAN_POINT('Origin',(-39.22904493659,-38.3942770183706,-31.7655648427374));
#5048=CARTESIAN_POINT('Ctrl Pts',(-42.5740611351808,-39.4242608197798,-30.6681672325886));
#5049=CARTESIAN_POINT('Ctrl Pts',(-42.5740611351808,-39.4242608197798,-30.8961174155249));
#5050=CARTESIAN_POINT('Ctrl Pts',(-42.5615523813186,-39.4666840732338,-31.1079140416717));
#5051=CARTESIAN_POINT('Ctrl Pts',(-42.5190168248621,-39.5897280149992,-31.4163944212571));
#5052=CARTESIAN_POINT('Ctrl Pts',(-42.4950158848286,-39.6548427965377,-31.5237596864408));
#5053=CARTESIAN_POINT('Ctrl Pts',(-42.4500223090415,-39.7643900411271,-31.6521049419476));
#5054=CARTESIAN_POINT('Ctrl Pts',(-42.4326947230647,-39.8043422007804,-31.6883178595913));
#5055=CARTESIAN_POINT('Ctrl Pts',(-42.4068563399664,-39.8612432743489,-31.7285618855808));
#5056=CARTESIAN_POINT('Ctrl Pts',(-42.3969683902828,-39.8825076100377,-31.7413166213703));
#5057=CARTESIAN_POINT('Ctrl Pts',(-42.3819240678862,-39.9139725625047,-31.7553050931648));
#5058=CARTESIAN_POINT('Ctrl Pts',(-42.3768663608099,-39.9244242323723,-31.7592403366735));
#5059=CARTESIAN_POINT('Ctrl Pts',(-42.3697176984618,-39.9390093405987,-31.7631950831793));
#5060=CARTESIAN_POINT('Ctrl Pts',(-42.3674775879297,-39.9435555659251,-31.7642277550276));
#5061=CARTESIAN_POINT('Ctrl Pts',(-42.3646708031593,-39.9492215814454,-31.765100737835));
#5062=CARTESIAN_POINT('Ctrl Pts',(-42.3639939936401,-39.9505856519369,-31.7652796784427));
#5063=CARTESIAN_POINT('Ctrl Pts',(-42.3629721737151,-39.9526417892392,-31.7654758844054));
#5064=CARTESIAN_POINT('Ctrl Pts',(-42.3625760547201,-39.9534381083073,-31.7655361337473));
#5065=CARTESIAN_POINT('Ctrl Pts',(-42.3621894202998,-39.9542147275354,-31.7655615907926));
#5066=CARTESIAN_POINT('Ctrl Pts',(-42.3620412075805,-39.9545123782587,-31.7655648427374));
#5067=CARTESIAN_POINT('Ctrl Pts',(-42.3620906157548,-39.9544131573877,-31.7655648427374));
#5068=CARTESIAN_POINT('Ctrl Pts',(-40.7891782293568,14.7387714712851,-29.3655648427374));
#5069=CARTESIAN_POINT('Ctrl Pts',(-40.7891810756071,14.7387686607941,-29.3655648427374));
#5070=CARTESIAN_POINT('Ctrl Pts',(-40.8511317817276,14.7091317827247,-29.3655648427374));
#5071=CARTESIAN_POINT('Ctrl Pts',(-41.1296713614867,14.5539183604247,-29.3655648427374));
#5072=CARTESIAN_POINT('Ctrl Pts',(-41.5183843312971,14.2705651822431,-29.3655648427374));
#5073=CARTESIAN_POINT('Ctrl Pts',(-41.8946408104092,13.8939659183749,-29.3655648427374));
#5074=CARTESIAN_POINT('Ctrl Pts',(-42.1778334484343,13.5059682224022,-29.3655648427374));
#5075=CARTESIAN_POINT('Ctrl Pts',(-42.3323946529352,13.2278452341055,-29.3655648427374));
#5076=CARTESIAN_POINT('Ctrl Pts',(-42.3620906157547,13.1658591206465,-29.3655648427374));
#5077=CARTESIAN_POINT('Ctrl Pts',(-42.3620934262457,13.1658562743962,-29.3655648427374));
#5078=CARTESIAN_POINT('Ctrl Pts',(-40.3830924338852,14.9409851716506,-29.3655648427374));
#5079=CARTESIAN_POINT('Ctrl Pts',(-40.3830924338852,14.9409851716506,-29.4337670533753));
#5080=CARTESIAN_POINT('Ctrl Pts',(-40.4507868810439,14.8610619206251,-29.5703979937964));
#5081=CARTESIAN_POINT('Ctrl Pts',(-40.7509909064825,14.5205935170617,-29.6994588127431));
#5082=CARTESIAN_POINT('Ctrl Pts',(-41.1907031569089,14.0556074655064,-29.7380321102432));
#5083=CARTESIAN_POINT('Ctrl Pts',(-41.6803377483773,13.5659979460976,-29.7380537577104));
#5084=CARTESIAN_POINT('Ctrl Pts',(-42.14453375263,13.1269824783578,-29.6990036171754));
#5085=CARTESIAN_POINT('Ctrl Pts',(-42.4844110183131,12.8274336850134,-29.5696358619339));
#5086=CARTESIAN_POINT('Ctrl Pts',(-42.5643071266112,12.7597704789246,-29.4336273227846));
#5087=CARTESIAN_POINT('Ctrl Pts',(-42.5643071266112,12.7597704789246,-29.3655648427374));
#5088=CARTESIAN_POINT('Ctrl Pts',(-40.0497587568526,15.2857498174148,-29.3655648427374));
#5089=CARTESIAN_POINT('Ctrl Pts',(-40.0497587568526,15.2857498174148,-29.5213517787522));
#5090=CARTESIAN_POINT('Ctrl Pts',(-40.1236406743421,15.1496767457544,-29.832260153381));
#5091=CARTESIAN_POINT('Ctrl Pts',(-40.4566372861687,14.6153667890558,-30.1451250516624));
#5092=CARTESIAN_POINT('Ctrl Pts',(-40.9668331151092,13.9606267460247,-30.2692624861571));
#5093=CARTESIAN_POINT('Ctrl Pts',(-41.5859714414841,13.3418561548204,-30.2690434524055));
#5094=CARTESIAN_POINT('Ctrl Pts',(-42.2394924349513,12.8323758427141,-30.1441172982016));
#5095=CARTESIAN_POINT('Ctrl Pts',(-42.7731138230001,12.5002640254423,-29.8304867360114));
#5096=CARTESIAN_POINT('Ctrl Pts',(-42.9090717723754,12.426436801892,-29.5210326072708));
#5097=CARTESIAN_POINT('Ctrl Pts',(-42.9090717723754,12.426436801892,-29.3655648427374));
#5098=CARTESIAN_POINT('Ctrl Pts',(-39.8613444424276,15.6984234757918,-29.3655648427374));
#5099=CARTESIAN_POINT('Ctrl Pts',(-39.8613444424276,15.6984234757918,-29.6092882284088));
#5100=CARTESIAN_POINT('Ctrl Pts',(-39.9415991162335,15.5108706692638,-30.0951098253602));
#5101=CARTESIAN_POINT('Ctrl Pts',(-40.3209546361777,14.8115217152114,-30.5930357585375));
#5102=CARTESIAN_POINT('Ctrl Pts',(-40.9134080118461,14.011815933131,-30.8044199264543));
#5103=CARTESIAN_POINT('Ctrl Pts',(-41.6377240969002,13.2878834278869,-30.8039384195522));
#5104=CARTESIAN_POINT('Ctrl Pts',(-42.43579058195,12.6965772786524,-30.5914552844514));
#5105=CARTESIAN_POINT('Ctrl Pts',(-43.1344379894028,12.3181252084104,-30.0923140468135));
#5106=CARTESIAN_POINT('Ctrl Pts',(-43.3217454307524,12.2380224874669,-29.608788895435));
#5107=CARTESIAN_POINT('Ctrl Pts',(-43.3217454307524,12.2380224874669,-29.3655648427374));
#5108=CARTESIAN_POINT('',(-42.3620906157547,13.1658591206465,-29.3655648427374));
#5109=CARTESIAN_POINT('',(-42.5740611351796,12.6357067830393,-30.4629624528873));
#5110=CARTESIAN_POINT('Ctrl Pts',(-42.5740611351807,12.6357067830386,-30.4629624528861));
#5111=CARTESIAN_POINT('Ctrl Pts',(-42.5740611351807,12.6357067830386,-30.2349943927038));
#5112=CARTESIAN_POINT('Ctrl Pts',(-42.5615504698502,12.6781367065235,-30.0231827894096));
#5113=CARTESIAN_POINT('Ctrl Pts',(-42.519010271197,12.8011921033644,-29.714701602503));
#5114=CARTESIAN_POINT('Ctrl Pts',(-42.4950088660071,12.8663068591958,-29.6073438024074));
#5115=CARTESIAN_POINT('Ctrl Pts',(-42.4500175676915,12.9758469584327,-29.4790148235803));
#5116=CARTESIAN_POINT('Ctrl Pts',(-42.4326924730784,13.0157931071318,-29.4428083846523));
#5117=CARTESIAN_POINT('Ctrl Pts',(-42.4068574505457,13.0726867982259,-29.4025694957978));
#5118=CARTESIAN_POINT('Ctrl Pts',(-42.39697066102,13.0939486976621,-29.3898159781633));
#5119=CARTESIAN_POINT('Ctrl Pts',(-42.3834103823586,13.1223099636625,-29.3772063384595));
#5120=CARTESIAN_POINT('Ctrl Pts',(-42.3800277842132,13.1293266020671,-29.3744235245699));
#5121=CARTESIAN_POINT('Ctrl Pts',(-42.3738500979296,13.1420303958904,-29.3701775988033));
#5122=CARTESIAN_POINT('Ctrl Pts',(-42.3709559163584,13.1479411126088,-29.3684900779929));
#5123=CARTESIAN_POINT('Ctrl Pts',(-42.3659966106546,13.1579977814747,-29.3663640279159));
#5124=CARTESIAN_POINT('Ctrl Pts',(-42.3643468402966,13.1613221979935,-29.3659031058245));
#5125=CARTESIAN_POINT('Ctrl Pts',(-42.3628619578518,13.1643093176362,-29.3656379347616));
#5126=CARTESIAN_POINT('Ctrl Pts',(-42.3625277726701,13.1649810543631,-29.365590351467));
#5127=CARTESIAN_POINT('Ctrl Pts',(-42.3621892001396,13.1656611329697,-29.3655680838179));
#5128=CARTESIAN_POINT('Ctrl Pts',(-42.3620413176869,13.1659581204033,-29.3655648427374));
#5129=CARTESIAN_POINT('Ctrl Pts',(-42.3620906157547,13.1658591206465,-29.3655648427374));
#5130=CARTESIAN_POINT('',(-42.3706805226729,12.7650873955465,-30.5655648427374));
#5131=CARTESIAN_POINT('Ctrl Pts',(-42.5735747316932,12.6350635639116,-30.462798603358));
#5132=CARTESIAN_POINT('Ctrl Pts',(-42.5231797294457,12.6657846612927,-30.4918002571902));
#5133=CARTESIAN_POINT('Ctrl Pts',(-42.4555755011159,12.7081603422632,-30.5271529244241));
#5134=CARTESIAN_POINT('Ctrl Pts',(-42.3867196224446,12.7532157793438,-30.5588966695013));
#5135=CARTESIAN_POINT('Ctrl Pts',(-42.3703719673562,12.7640183758447,-30.5662061295789));
#5136=CARTESIAN_POINT('',(-40.3884093505071,14.7473585677123,-30.5655648427374));
#5137=CARTESIAN_POINT('Ctrl Pts',(-42.3706805226729,12.7650873955465,-30.5655648427374));
#5138=CARTESIAN_POINT('Ctrl Pts',(-42.3660248940144,12.7681629361577,-30.5655648427374));
#5139=CARTESIAN_POINT('Ctrl Pts',(-42.3613743766757,12.7712463135513,-30.5655648427205));
#5140=CARTESIAN_POINT('Ctrl Pts',(-42.1959077222299,12.8813490294383,-30.5655648428708));
#5141=CARTESIAN_POINT('Ctrl Pts',(-42.0387922994008,12.9992418386732,-30.5655648427374));
#5142=CARTESIAN_POINT('Ctrl Pts',(-41.7608933224934,13.2256955505694,-30.5655648427374));
#5143=CARTESIAN_POINT('Ctrl Pts',(-41.6348472675404,13.3358867898692,-30.5655648427363));
#5144=CARTESIAN_POINT('Ctrl Pts',(-41.3916467570935,13.561632837128,-30.5655648427364));
#5145=CARTESIAN_POINT('Ctrl Pts',(-41.2723560041021,13.6792039607408,-30.5655648427374));
#5146=CARTESIAN_POINT('Ctrl Pts',(-41.0436337995668,13.9183211943968,-30.5655648427374));
#5147=CARTESIAN_POINT('Ctrl Pts',(-40.932245855567,14.0417949771225,-30.5655648427373));
#5148=CARTESIAN_POINT('Ctrl Pts',(-40.7110174445364,14.3037661220624,-30.5655648427373));
#5149=CARTESIAN_POINT('Ctrl Pts',(-40.5992199562031,14.446022561577,-30.5655648427374));
#5150=CARTESIAN_POINT('Ctrl Pts',(-40.4622786560848,14.6380711966959,-30.5655648427373));
#5151=CARTESIAN_POINT('Ctrl Pts',(-40.4295449728681,14.6854883874283,-30.5655648427697));
#5152=CARTESIAN_POINT('Ctrl Pts',(-40.3945740119617,14.7380437591466,-30.5655648427196));
#5153=CARTESIAN_POINT('Ctrl Pts',(-40.3914877555267,14.7426986030285,-30.5655648427374));
#5154=CARTESIAN_POINT('Ctrl Pts',(-40.3884093505071,14.7473585677123,-30.5655648427374));
#5155=CARTESIAN_POINT('',(-40.2590287462306,14.9507391667752,-30.462962468245));
#5156=CARTESIAN_POINT('Ctrl Pts',(-40.3873864133614,14.7475591388261,-30.5669782547761));
#5157=CARTESIAN_POINT('Ctrl Pts',(-40.376943563481,14.7633656759125,-30.5599312018548));
#5158=CARTESIAN_POINT('Ctrl Pts',(-40.3318282890199,14.8323014457246,-30.5282728709186));
#5159=CARTESIAN_POINT('Ctrl Pts',(-40.2893942958104,14.8999744863528,-30.4930091585001));
#5160=CARTESIAN_POINT('Ctrl Pts',(-40.2583230676107,14.9509319682354,-30.463743415401));
#5161=CARTESIAN_POINT('',(-40.7891810756071,14.7387686607941,-29.3655648427374));
#5162=CARTESIAN_POINT('Ctrl Pts',(-40.7891810756071,14.7387686607941,-29.3655648427374));
#5163=CARTESIAN_POINT('Ctrl Pts',(-40.7890988638944,14.7388095990622,-29.3655648427374));
#5164=CARTESIAN_POINT('Ctrl Pts',(-40.7889656068495,14.7388759480395,-29.3655686530419));
#5165=CARTESIAN_POINT('Ctrl Pts',(-40.7883199324582,14.7391973924845,-29.3655898190949));
#5166=CARTESIAN_POINT('Ctrl Pts',(-40.7876708913354,14.7395202932886,-29.3656352112012));
#5167=CARTESIAN_POINT('Ctrl Pts',(-40.7847017274824,14.7409963215493,-29.365895082889));
#5168=CARTESIAN_POINT('Ctrl Pts',(-40.7813538576954,14.7426578490305,-29.3663563720102));
#5169=CARTESIAN_POINT('Ctrl Pts',(-40.7712788206438,14.7476261667519,-29.3684873351758));
#5170=CARTESIAN_POINT('Ctrl Pts',(-40.7653972483723,14.7505061495021,-29.3701650202967));
#5171=CARTESIAN_POINT('Ctrl Pts',(-40.7527198357454,14.7566713640226,-29.3743967252407));
#5172=CARTESIAN_POINT('Ctrl Pts',(-40.7457024184163,14.7600545323294,-29.3771773064087));
#5173=CARTESIAN_POINT('Ctrl Pts',(-40.7173204940635,14.7736254614804,-29.389786580729));
#5174=CARTESIAN_POINT('Ctrl Pts',(-40.6960374559654,14.7835223797569,-29.402550034916));
#5175=CARTESIAN_POINT('Ctrl Pts',(-40.639121624473,14.80936769123,-29.4428021782493));
#5176=CARTESIAN_POINT('Ctrl Pts',(-40.5991700019606,14.8266952307982,-29.4790127644701));
#5177=CARTESIAN_POINT('Ctrl Pts',(-40.4896169694109,14.8716916643398,-29.6073590220614));
#5178=CARTESIAN_POINT('Ctrl Pts',(-40.4244962611636,14.8956948149249,-29.7147320528583));
#5179=CARTESIAN_POINT('Ctrl Pts',(-40.3014506385541,14.9382308140671,-30.0232223080968));
#5180=CARTESIAN_POINT('Ctrl Pts',(-40.2590287379992,14.9507391802201,-30.2350158962083));
#5181=CARTESIAN_POINT('Ctrl Pts',(-40.2590287379992,14.9507391802201,-30.4629624528861));
#5182=CARTESIAN_POINT('Origin',(-39.22904493659,11.6057229816294,-29.3655648427374));
#5183=CARTESIAN_POINT('Origin',(-46.22904493659,18.6057229816294,-29.3655648427374));
#5184=CARTESIAN_POINT('',(-42.5740611351807,12.6357067830386,-30.6681672325887));
#5185=CARTESIAN_POINT('',(-42.5740611351807,12.6357067830386,-29.3655648427374));
#5186=CARTESIAN_POINT('Ctrl Pts',(-42.3705970593809,12.7650566868667,-30.5653718925196));
#5187=CARTESIAN_POINT('Ctrl Pts',(-42.3870190108015,12.7542008537347,-30.5726531791723));
#5188=CARTESIAN_POINT('Ctrl Pts',(-42.4561189949976,12.7089421200327,-30.604234242378));
#5189=CARTESIAN_POINT('Ctrl Pts',(-42.5236614323381,12.6664350340665,-30.6392422785854));
#5190=CARTESIAN_POINT('Ctrl Pts',(-42.5739435308128,12.6356421216743,-30.6679797578273));
#5191=CARTESIAN_POINT('Origin',(-46.22904493659,18.6057229816294,-29.3655648427374));
#5192=CARTESIAN_POINT('',(-40.2590287559633,14.9507391508779,-30.6681671990693));
#5193=CARTESIAN_POINT('Ctrl Pts',(-40.2590518158338,14.950732265828,-30.6681735017715));
#5194=CARTESIAN_POINT('Ctrl Pts',(-40.2902352821195,14.8997371817231,-30.6390435423795));
#5195=CARTESIAN_POINT('Ctrl Pts',(-40.3328940110645,14.8318780189672,-30.6038952527078));
#5196=CARTESIAN_POINT('Ctrl Pts',(-40.3781522008895,14.7628196040688,-30.5722874188729));
#5197=CARTESIAN_POINT('Ctrl Pts',(-40.3886934524583,14.7468838730625,-30.5652039144773));
#5198=CARTESIAN_POINT('',(-40.2590287379992,14.9507391802201,-29.3655648427374));
#5199=CARTESIAN_POINT('Ctrl Pts',(-42.3620934262457,13.1658562743962,-31.7655648427374));
#5200=CARTESIAN_POINT('Ctrl Pts',(-42.3620906157547,13.1658591206465,-31.7655648427374));
#5201=CARTESIAN_POINT('Ctrl Pts',(-42.33980568605,13.2127440202281,-31.7655648427374));
#5202=CARTESIAN_POINT('Ctrl Pts',(-42.2550043526245,13.3669237241648,-31.7655648427374));
#5203=CARTESIAN_POINT('Ctrl Pts',(-42.1614427971971,13.5200241915023,-31.7655648427374));
#5204=CARTESIAN_POINT('Ctrl Pts',(-42.0358558613943,13.7010292687613,-31.7655648427374));
#5205=CARTESIAN_POINT('Ctrl Pts',(-41.8826853800991,13.8926554143761,-31.7655648427374));
#5206=CARTESIAN_POINT('Ctrl Pts',(-41.7062966704302,14.0827488396453,-31.7655648427374));
#5207=CARTESIAN_POINT('Ctrl Pts',(-41.4528397242348,14.3181425493875,-31.7655648427374));
#5208=CARTESIAN_POINT('Ctrl Pts',(-41.1957925566393,14.506259311427,-31.7655648427374));
#5209=CARTESIAN_POINT('Ctrl Pts',(-40.990331769815,14.6314535618221,-31.7655648427374));
#5210=CARTESIAN_POINT('Ctrl Pts',(-40.8944549604187,14.6844189781067,-31.7655648427374));
#5211=CARTESIAN_POINT('Ctrl Pts',(-40.8262094364507,14.7202310046395,-31.7655648427374));
#5212=CARTESIAN_POINT('Ctrl Pts',(-40.7951462582167,14.7357793406617,-31.7655648427374));
#5213=CARTESIAN_POINT('Ctrl Pts',(-40.7891810756071,14.7387686607941,-31.7655648427374));
#5214=CARTESIAN_POINT('Ctrl Pts',(-40.7891782293568,14.7387714712851,-31.7655648427374));
#5215=CARTESIAN_POINT('Ctrl Pts',(-42.5643071266112,12.7597704789246,-31.7655648427374));
#5216=CARTESIAN_POINT('Ctrl Pts',(-42.5643071266112,12.7597704789246,-31.6973082916222));
#5217=CARTESIAN_POINT('Ctrl Pts',(-42.5042356503105,12.8107349496159,-31.5956749576406));
#5218=CARTESIAN_POINT('Ctrl Pts',(-42.3141638241686,12.9775257974476,-31.4960328670965));
#5219=CARTESIAN_POINT('Ctrl Pts',(-42.1290341162119,13.1446786241885,-31.4439607415257));
#5220=CARTESIAN_POINT('Ctrl Pts',(-41.9112500617052,13.3476164177349,-31.4129095771882));
#5221=CARTESIAN_POINT('Ctrl Pts',(-41.6770605620595,13.5725639556523,-31.3980676777814));
#5222=CARTESIAN_POINT('Ctrl Pts',(-41.4350394545665,13.8115220760262,-31.3936715234142));
#5223=CARTESIAN_POINT('Ctrl Pts',(-41.1166451757684,14.1338969754416,-31.3995615270435));
#5224=CARTESIAN_POINT('Ctrl Pts',(-40.8252575020497,14.4421430807843,-31.4263382208031));
#5225=CARTESIAN_POINT('Ctrl Pts',(-40.6009603919961,14.6907668039182,-31.4960246507489));
#5226=CARTESIAN_POINT('Ctrl Pts',(-40.4971885755788,14.8088636424808,-31.5581072405325));
#5227=CARTESIAN_POINT('Ctrl Pts',(-40.4232953016205,14.8940921406572,-31.6319467663822));
#5228=CARTESIAN_POINT('Ctrl Pts',(-40.389588845468,14.9334267221566,-31.6971871396506));
#5229=CARTESIAN_POINT('Ctrl Pts',(-40.3830924338852,14.9409851716506,-31.7485278559434));
#5230=CARTESIAN_POINT('Ctrl Pts',(-40.3830924338852,14.9409851716506,-31.7655648427374));
#5231=CARTESIAN_POINT('Ctrl Pts',(-42.9090717723754,12.426436801892,-31.7655648427374));
#5232=CARTESIAN_POINT('Ctrl Pts',(-42.9090717723754,12.426436801892,-31.6096537826453));
#5233=CARTESIAN_POINT('Ctrl Pts',(-42.8071371870612,12.4819723277344,-31.3781046435979));
#5234=CARTESIAN_POINT('Ctrl Pts',(-42.5056402856122,12.6668638723872,-31.1423062308793));
#5235=CARTESIAN_POINT('Ctrl Pts',(-42.2250984198952,12.8548639233052,-31.0113530363619));
#5236=CARTESIAN_POINT('Ctrl Pts',(-41.9110229201929,13.0884911613034,-30.9248940445985));
#5237=CARTESIAN_POINT('Ctrl Pts',(-41.5905082262688,13.3559715529076,-30.8779181205875));
#5238=CARTESIAN_POINT('Ctrl Pts',(-41.275806183963,13.6522624346127,-30.8627899955117));
#5239=CARTESIAN_POINT('Ctrl Pts',(-40.881185838982,14.0710795916717,-30.8829868491412));
#5240=CARTESIAN_POINT('Ctrl Pts',(-40.5426776612755,14.5051847795075,-30.9668788441298));
#5241=CARTESIAN_POINT('Ctrl Pts',(-40.2903864468561,14.8823778854013,-31.1422073679144));
#5242=CARTESIAN_POINT('Ctrl Pts',(-40.1753296772923,15.069434790633,-31.2890717106829));
#5243=CARTESIAN_POINT('Ctrl Pts',(-40.0938563537404,15.2077946852569,-31.460038822089));
#5244=CARTESIAN_POINT('Ctrl Pts',(-40.056884494231,15.2731685478556,-31.6094085921296));
#5245=CARTESIAN_POINT('Ctrl Pts',(-40.0497587568526,15.2857498174148,-31.7266490957737));
#5246=CARTESIAN_POINT('Ctrl Pts',(-40.0497587568526,15.2857498174148,-31.7655648427374));
#5247=CARTESIAN_POINT('Ctrl Pts',(-43.3217454307524,12.2380224874669,-31.7655648427374));
#5248=CARTESIAN_POINT('Ctrl Pts',(-43.3217454307524,12.2380224874669,-31.5216472691506));
#5249=CARTESIAN_POINT('Ctrl Pts',(-43.1815535494055,12.2986061970397,-31.1597478727994));
#5250=CARTESIAN_POINT('Ctrl Pts',(-42.7840212421519,12.5079389712267,-30.7869983572531));
#5251=CARTESIAN_POINT('Ctrl Pts',(-42.4247692191658,12.7238550516851,-30.5764718239383));
#5252=CARTESIAN_POINT('Ctrl Pts',(-42.0346596829248,12.9942857081706,-30.433839148478));
#5253=CARTESIAN_POINT('Ctrl Pts',(-41.6475446850988,13.3051221845452,-30.3540996651315));
#5254=CARTESIAN_POINT('Ctrl Pts',(-41.2750607696254,13.6515860647217,-30.3279930766359));
#5255=CARTESIAN_POINT('Ctrl Pts',(-40.8139516968199,14.1468697655497,-30.3628198112688));
#5256=CARTESIAN_POINT('Ctrl Pts',(-40.4213903590584,14.6776179809407,-30.5048795739569));
#5257=CARTESIAN_POINT('Ctrl Pts',(-40.131507636863,15.1609957778488,-30.786787220712));
#5258=CARTESIAN_POINT('Ctrl Pts',(-40.0012759653725,15.407447070711,-31.0189109156727));
#5259=CARTESIAN_POINT('Ctrl Pts',(-39.9100483933605,15.5925840784073,-31.2874501250316));
#5260=CARTESIAN_POINT('Ctrl Pts',(-39.8691987885092,15.6813109195645,-31.5212892436191));
#5261=CARTESIAN_POINT('Ctrl Pts',(-39.8613444424276,15.6984234757918,-31.7046824744942));
#5262=CARTESIAN_POINT('Ctrl Pts',(-39.8613444424276,15.6984234757918,-31.7655648427374));
#5263=CARTESIAN_POINT('',(-42.3620906157547,13.1658591206465,-31.7655648427374));
#5264=CARTESIAN_POINT('Ctrl Pts',(-42.3620906157547,13.1658591206465,-31.7655648427374));
#5265=CARTESIAN_POINT('Ctrl Pts',(-42.3621316377669,13.1657767407601,-31.7655648427374));
#5266=CARTESIAN_POINT('Ctrl Pts',(-42.3621981224079,13.1656432112119,-31.7655610207372));
#5267=CARTESIAN_POINT('Ctrl Pts',(-42.3625729177239,13.164890372396,-31.7655363164592));
#5268=CARTESIAN_POINT('Ctrl Pts',(-42.3629644236901,13.1641033328809,-31.7654770262498));
#5269=CARTESIAN_POINT('Ctrl Pts',(-42.3639846258402,13.1620504907143,-31.7652820844241));
#5270=CARTESIAN_POINT('Ctrl Pts',(-42.3646646510116,13.1606799567749,-31.7651025431148));
#5271=CARTESIAN_POINT('Ctrl Pts',(-42.3674691564544,13.15501857309,-31.764230730199));
#5272=CARTESIAN_POINT('Ctrl Pts',(-42.3697038601595,13.1504834032434,-31.7632015193176));
#5273=CARTESIAN_POINT('Ctrl Pts',(-42.3768444872456,13.1359151390797,-31.7592553043163));
#5274=CARTESIAN_POINT('Ctrl Pts',(-42.3818995374584,13.1254693710242,-31.7553249825405));
#5275=CARTESIAN_POINT('Ctrl Pts',(-42.39694915595,13.0939947944383,-31.7413408108026));
#5276=CARTESIAN_POINT('Ctrl Pts',(-42.4068449324661,13.0727141727407,-31.7285786558341));
#5277=CARTESIAN_POINT('Ctrl Pts',(-42.4326889831773,13.0158011518102,-31.6883286587615));
#5278=CARTESIAN_POINT('Ctrl Pts',(-42.450016195882,12.9758503489803,-31.6521190840034));
#5279=CARTESIAN_POINT('Ctrl Pts',(-42.4950096849487,12.8663047786051,-31.5237830172439));
#5280=CARTESIAN_POINT('Ctrl Pts',(-42.5190111916921,12.8011895709253,-31.4164235766809));
#5281=CARTESIAN_POINT('Ctrl Pts',(-42.5615507688645,12.678135663117,-31.1079417567775));
#5282=CARTESIAN_POINT('Ctrl Pts',(-42.5740611351807,12.6357067830386,-30.89613249629));
#5283=CARTESIAN_POINT('Ctrl Pts',(-42.5740611351807,12.6357067830386,-30.6681672325887));
#5284=CARTESIAN_POINT('',(-40.7891810756071,14.7387686607941,-31.7655648427374));
#5285=CARTESIAN_POINT('Origin',(-39.22904493659,11.6057229816294,-31.7655648427374));
#5286=CARTESIAN_POINT('Ctrl Pts',(-40.2590287379993,14.9507391802201,-30.6681672325887));
#5287=CARTESIAN_POINT('Ctrl Pts',(-40.2590287379993,14.9507391802201,-30.8961174155252));
#5288=CARTESIAN_POINT('Ctrl Pts',(-40.3014519914533,14.938230426358,-31.107914041672));
#5289=CARTESIAN_POINT('Ctrl Pts',(-40.4244959332189,14.8956948699014,-31.4163944212577));
#5290=CARTESIAN_POINT('Ctrl Pts',(-40.4896107147575,14.8716939298679,-31.5237596864412));
#5291=CARTESIAN_POINT('Ctrl Pts',(-40.5991579593453,14.8267003540813,-31.6521049419462));
#5292=CARTESIAN_POINT('Ctrl Pts',(-40.6391101189985,14.8093727681047,-31.6883178595904));
#5293=CARTESIAN_POINT('Ctrl Pts',(-40.6960111925688,14.7835343850055,-31.7285618855812));
#5294=CARTESIAN_POINT('Ctrl Pts',(-40.7172755282574,14.773646435322,-31.7413166213704));
#5295=CARTESIAN_POINT('Ctrl Pts',(-40.7487404807225,14.7586021129263,-31.755305093164));
#5296=CARTESIAN_POINT('Ctrl Pts',(-40.7591921505911,14.7535444058496,-31.7592403366733));
#5297=CARTESIAN_POINT('Ctrl Pts',(-40.7737772588192,14.7463957435007,-31.7631950831796));
#5298=CARTESIAN_POINT('Ctrl Pts',(-40.7783234841445,14.744155632969,-31.7642277550276));
#5299=CARTESIAN_POINT('Ctrl Pts',(-40.7839894996741,14.741348848194,-31.7651007378365));
#5300=CARTESIAN_POINT('Ctrl Pts',(-40.7853535701749,14.7406720386702,-31.7652796784451));
#5301=CARTESIAN_POINT('Ctrl Pts',(-40.7874097074872,14.7396502187402,-31.7654758844077));
#5302=CARTESIAN_POINT('Ctrl Pts',(-40.7882060265477,14.739254099749,-31.7655361337484));
#5303=CARTESIAN_POINT('Ctrl Pts',(-40.7889826457615,14.7388674653358,-31.7655615907926));
#5304=CARTESIAN_POINT('Ctrl Pts',(-40.7892802964748,14.7387192526216,-31.7655648427374));
#5305=CARTESIAN_POINT('Ctrl Pts',(-40.7891810756071,14.7387686607941,-31.7655648427374));
#5306=CARTESIAN_POINT('Origin',(39.77095506341,11.6057229816294,-30.5655648427374));
#5307=CARTESIAN_POINT('',(42.7288142325052,12.6024607564515,-30.2745578865974));
#5308=CARTESIAN_POINT('',(43.1937620192717,12.3367445564855,-29.3655648427374));
#5309=CARTESIAN_POINT('Ctrl Pts',(42.7288142319272,12.6024607571284,-30.2745578864019));
#5310=CARTESIAN_POINT('Ctrl Pts',(42.747898773799,12.5906531178224,-30.1772243770367));
#5311=CARTESIAN_POINT('Ctrl Pts',(42.776002064226,12.5733695982913,-30.0825134734947));
#5312=CARTESIAN_POINT('Ctrl Pts',(42.9006650522992,12.4983963608662,-29.7600765340376));
#5313=CARTESIAN_POINT('Ctrl Pts',(43.036817914546,12.4193186300995,-29.5472128214043));
#5314=CARTESIAN_POINT('Ctrl Pts',(43.1937620192717,12.3367445564855,-29.3655648427374));
#5315=CARTESIAN_POINT('',(40.2506632934795,15.0726928421853,-29.3655648427374));
#5316=CARTESIAN_POINT('Origin',(39.77095506341,11.6057229816294,-29.3655648427374));
#5317=CARTESIAN_POINT('',(40.5495474028346,14.6283395673247,-30.2745578865006));
#5318=CARTESIAN_POINT('Ctrl Pts',(40.2506632934795,15.0726928421854,-29.3655648427374));
#5319=CARTESIAN_POINT('Ctrl Pts',(40.3295413849392,14.9461104319431,-29.5183339595149));
#5320=CARTESIAN_POINT('Ctrl Pts',(40.4043945396779,14.834622195831,-29.692412604869));
#5321=CARTESIAN_POINT('Ctrl Pts',(40.4904412747771,14.7107852549495,-29.9733247214503));
#5322=CARTESIAN_POINT('Ctrl Pts',(40.5149920753814,14.6763134368095,-30.071034722602));
#5323=CARTESIAN_POINT('Ctrl Pts',(40.5394769660169,14.6422599798376,-30.2060760533427));
#5324=CARTESIAN_POINT('Ctrl Pts',(40.5448977410758,14.6347573575839,-30.2401856629683));
#5325=CARTESIAN_POINT('Ctrl Pts',(40.5495474032599,14.6283395670121,-30.2745578863847));
#5326=CARTESIAN_POINT('',(40.9302557276541,14.9081496605858,-31.7655648427374));
#5327=CARTESIAN_POINT('Ctrl Pts',(40.5495474032565,14.6283395670168,-30.2745578863597));
#5328=CARTESIAN_POINT('Ctrl Pts',(40.5822887239907,14.5831476947484,-30.5165952530679));
#5329=CARTESIAN_POINT('Ctrl Pts',(40.6431932531743,14.5767763237168,-30.7587021698572));
#5330=CARTESIAN_POINT('Ctrl Pts',(40.8009053881845,14.6178413646593,-31.1618872520386));
#5331=CARTESIAN_POINT('Ctrl Pts',(40.8843223433939,14.6521820673534,-31.3262995251107));
#5332=CARTESIAN_POINT('Ctrl Pts',(41.0571484700538,14.7277901732836,-31.5872033774211));
#5333=CARTESIAN_POINT('Ctrl Pts',(41.1311237717883,14.7609751523834,-31.67815254632));
#5334=CARTESIAN_POINT('Ctrl Pts',(41.2027162814826,14.7894124950464,-31.7532270832555));
#5335=CARTESIAN_POINT('Ctrl Pts',(41.204440968217,14.7900952410321,-31.755027401771));
#5336=CARTESIAN_POINT('Ctrl Pts',(41.207226307964,14.7911939169947,-31.7579214322679));
#5337=CARTESIAN_POINT('Ctrl Pts',(41.2082844167078,14.7916103747146,-31.7590177203488));
#5338=CARTESIAN_POINT('Ctrl Pts',(41.2100003211115,14.7922842031979,-31.7607904632687));
#5339=CARTESIAN_POINT('Ctrl Pts',(41.2106571548851,14.7925417775222,-31.7614678541492));
#5340=CARTESIAN_POINT('Ctrl Pts',(41.211648020359,14.7929297842984,-31.7624879132093));
#5341=CARTESIAN_POINT('Ctrl Pts',(41.211981594725,14.793060311704,-31.7628310056787));
#5342=CARTESIAN_POINT('Ctrl Pts',(41.2124862862191,14.7932576520843,-31.7633496280337));
#5343=CARTESIAN_POINT('Ctrl Pts',(41.21265728135,14.7933244880608,-31.7635252616088));
#5344=CARTESIAN_POINT('Ctrl Pts',(41.2129520557053,14.7934396613912,-31.7638278914511));
#5345=CARTESIAN_POINT('Ctrl Pts',(41.2130758245038,14.7934880067229,-31.7639549158904));
#5346=CARTESIAN_POINT('Ctrl Pts',(41.213300363783,14.7935756899046,-31.7641852839664));
#5347=CARTESIAN_POINT('Ctrl Pts',(41.2134011305532,14.7936150307943,-31.7642886382281));
#5348=CARTESIAN_POINT('Ctrl Pts',(41.2135841660567,14.7936864746189,-31.7644763222694));
#5349=CARTESIAN_POINT('Ctrl Pts',(41.2136664303193,14.7937185787574,-31.7645606569231));
#5350=CARTESIAN_POINT('Ctrl Pts',(41.2138161734303,14.7937770062024,-31.7647141343406));
#5351=CARTESIAN_POINT('Ctrl Pts',(41.2138836183614,14.7938033182044,-31.7647832485244));
#5352=CARTESIAN_POINT('Ctrl Pts',(41.2140067794887,14.7938513592852,-31.7649094347139));
#5353=CARTESIAN_POINT('Ctrl Pts',(41.2140624959019,14.793873089707,-31.7649665109683));
#5354=CARTESIAN_POINT('Ctrl Pts',(41.2141647960233,14.7939129836467,-31.7650712919743));
#5355=CARTESIAN_POINT('Ctrl Pts',(41.2142113981776,14.7939311551762,-31.7651190182279));
#5356=CARTESIAN_POINT('Ctrl Pts',(41.2142978064939,14.7939648447551,-31.7652074995768));
#5357=CARTESIAN_POINT('Ctrl Pts',(41.2143376936654,14.7939803949075,-31.7652483392669));
#5358=CARTESIAN_POINT('Ctrl Pts',(41.2144133911415,14.7940099031765,-31.7653258359806));
#5359=CARTESIAN_POINT('Ctrl Pts',(41.2144489860943,14.7940237776151,-31.7653622734074));
#5360=CARTESIAN_POINT('Ctrl Pts',(41.2145202173688,14.7940515404206,-31.7654351835841));
#5361=CARTESIAN_POINT('Ctrl Pts',(41.2145557600113,14.7940653922602,-31.7654715604148));
#5362=CARTESIAN_POINT('Ctrl Pts',(41.21459926008,14.7940823439314,-31.7655160771162));
#5363=CARTESIAN_POINT('Ctrl Pts',(41.2146079069926,14.7940857135984,-31.7655249260781));
#5364=CARTESIAN_POINT('Ctrl Pts',(41.2146242247059,14.7940920722447,-31.7655416242919));
#5365=CARTESIAN_POINT('Ctrl Pts',(41.2146305619808,14.7940945416689,-31.7655481092001));
#5366=CARTESIAN_POINT('Ctrl Pts',(41.214633949897,14.7940958618391,-31.7655515760452));
#5367=CARTESIAN_POINT('Ctrl Pts',(41.2146366285439,14.794096905641,-31.7655543171004));
#5368=CARTESIAN_POINT('Ctrl Pts',(41.2146418224664,14.7940989295558,-31.7655596319757));
#5369=CARTESIAN_POINT('Ctrl Pts',(41.2146501210787,14.7940993777997,-31.7655647404858));
#5370=CARTESIAN_POINT('Ctrl Pts',(41.2146436939936,14.7941024418369,-31.7655649273732));
#5371=CARTESIAN_POINT('Ctrl Pts',(41.2146405755101,14.794103784172,-31.7655648427104));
#5372=CARTESIAN_POINT('Ctrl Pts',(41.2065409712357,14.7977712560627,-31.7655648601546));
#5373=CARTESIAN_POINT('Ctrl Pts',(41.161989737317,14.8181270291365,-31.7655648427374));
#5374=CARTESIAN_POINT('Ctrl Pts',(41.0580992277433,14.8607641375552,-31.7655648427374));
#5375=CARTESIAN_POINT('Ctrl Pts',(41.0160594632445,14.8770756162533,-31.7655648427374));
#5376=CARTESIAN_POINT('Ctrl Pts',(40.9631156309547,14.8964494369303,-31.7655648427374));
#5377=CARTESIAN_POINT('Ctrl Pts',(40.9524962295988,14.9002772602879,-31.7655648427374));
#5378=CARTESIAN_POINT('Ctrl Pts',(40.9390946150508,14.9050348173972,-31.7655648427374));
#5379=CARTESIAN_POINT('Ctrl Pts',(40.9363295012138,14.9060125176336,-31.7655648427374));
#5380=CARTESIAN_POINT('Ctrl Pts',(40.9328096200889,14.9072521163446,-31.7655648427374));
#5381=CARTESIAN_POINT('Ctrl Pts',(40.932055987614,14.9075172335569,-31.7655648427374));
#5382=CARTESIAN_POINT('Ctrl Pts',(40.931083638849,14.9078589179817,-31.7655648427374));
#5383=CARTESIAN_POINT('Ctrl Pts',(40.9308650056027,14.9079357215512,-31.7655648427374));
#5384=CARTESIAN_POINT('Ctrl Pts',(40.9305333313377,14.9080521982433,-31.7655648427374));
#5385=CARTESIAN_POINT('Ctrl Pts',(40.9304202959069,14.9080918872762,-31.7655648427374));
#5386=CARTESIAN_POINT('Ctrl Pts',(40.930290081582,14.9081376006576,-31.7655648427374));
#5387=CARTESIAN_POINT('Ctrl Pts',(40.9302729046557,14.9081436306838,-31.7655648427374));
#5388=CARTESIAN_POINT('Ctrl Pts',(40.9302557276541,14.9081496605858,-31.7655648427374));
#5389=CARTESIAN_POINT('',(42.9801439966502,13.0025430812732,-31.7655648427374));
#5390=CARTESIAN_POINT('Origin',(39.77095506341,11.6057229816294,-31.7655648427374));
#5391=CARTESIAN_POINT('Ctrl Pts',(42.9801439966502,13.0025430812732,-31.7655648427374));
#5392=CARTESIAN_POINT('Ctrl Pts',(42.9801367543102,13.0025597205221,-31.7655648427374));
#5393=CARTESIAN_POINT('Ctrl Pts',(42.9801295119228,13.0025763595264,-31.7655648427374));
#5394=CARTESIAN_POINT('Ctrl Pts',(42.980052136473,13.0027541217755,-31.7655648427374));
#5395=CARTESIAN_POINT('Ctrl Pts',(42.9799819914806,13.0029152396229,-31.7655648427374));
#5396=CARTESIAN_POINT('Ctrl Pts',(42.9797674719875,13.0034078736227,-31.7655648427374));
#5397=CARTESIAN_POINT('Ctrl Pts',(42.9796230582461,13.0037393726854,-31.7655648427374));
#5398=CARTESIAN_POINT('Ctrl Pts',(42.9789665381463,13.0052457647904,-31.7655648427374));
#5399=CARTESIAN_POINT('Ctrl Pts',(42.9784538378173,13.0064203989193,-31.7655648427374));
#5400=CARTESIAN_POINT('Ctrl Pts',(42.9759990943302,13.0120359814326,-31.7655648427374));
#5401=CARTESIAN_POINT('Ctrl Pts',(42.9740484726263,13.0164731740403,-31.7655648427374));
#5402=CARTESIAN_POINT('Ctrl Pts',(42.9644226138556,13.0382467911454,-31.7655648427374));
#5403=CARTESIAN_POINT('Ctrl Pts',(42.9566158145803,13.0555247056704,-31.7655648427374));
#5404=CARTESIAN_POINT('Ctrl Pts',(42.9166679007035,13.1420562086783,-31.7655648427374));
#5405=CARTESIAN_POINT('Ctrl Pts',(42.8824084094044,13.2103063652262,-31.7655648420772));
#5406=CARTESIAN_POINT('Ctrl Pts',(42.8458537829429,13.2775477026727,-31.7655648427437));
#5407=CARTESIAN_POINT('Ctrl Pts',(42.8457666645812,13.2777078688921,-31.7655648070591));
#5408=CARTESIAN_POINT('Ctrl Pts',(42.8456769329124,13.2778729248393,-31.765564844136));
#5409=CARTESIAN_POINT('Ctrl Pts',(42.8456778456091,13.27786616405,-31.7655616065295));
#5410=CARTESIAN_POINT('Ctrl Pts',(42.8456755897969,13.2778588377292,-31.7655542972552));
#5411=CARTESIAN_POINT('Ctrl Pts',(42.8456747421002,13.2778560851211,-31.7655515508586));
#5412=CARTESIAN_POINT('Ctrl Pts',(42.8456736695289,13.2778526011151,-31.7655480751294));
#5413=CARTESIAN_POINT('Ctrl Pts',(42.8456713940685,13.2778452094476,-31.7655407011155));
#5414=CARTESIAN_POINT('Ctrl Pts',(42.8456659498939,13.2778275259115,-31.7655230591476));
#5415=CARTESIAN_POINT('Ctrl Pts',(42.8456636880932,13.2778201798047,-31.7655157298514));
#5416=CARTESIAN_POINT('Ctrl Pts',(42.8456506783254,13.2777779235336,-31.7654735710692));
#5417=CARTESIAN_POINT('Ctrl Pts',(42.8456394780436,13.2777415480017,-31.7654372760755));
#5418=CARTESIAN_POINT('Ctrl Pts',(42.8456167895346,13.2776678691282,-31.7653637531874));
#5419=CARTESIAN_POINT('Ctrl Pts',(42.8456055514316,13.2776313779889,-31.7653273358081));
#5420=CARTESIAN_POINT('Ctrl Pts',(42.8455817394014,13.2775540654735,-31.7652501723268));
#5421=CARTESIAN_POINT('Ctrl Pts',(42.8455691624195,13.2775132351232,-31.765209416366));
#5422=CARTESIAN_POINT('Ctrl Pts',(42.8455419016932,13.2774247444675,-31.765121077571));
#5423=CARTESIAN_POINT('Ctrl Pts',(42.8455272212004,13.2773770962528,-31.7650735052721));
#5424=CARTESIAN_POINT('Ctrl Pts',(42.8454949005892,13.2772722071031,-31.7649687701942));
#5425=CARTESIAN_POINT('Ctrl Pts',(42.845477319064,13.2772151588435,-31.7649117972976));
#5426=CARTESIAN_POINT('Ctrl Pts',(42.8454384523118,13.2770890634543,-31.7647858498691));
#5427=CARTESIAN_POINT('Ctrl Pts',(42.8454171591747,13.2770199946705,-31.7647168497612));
#5428=CARTESIAN_POINT('Ctrl Pts',(42.8453699146119,13.2768667746003,-31.7645637546703));
#5429=CARTESIAN_POINT('Ctrl Pts',(42.845343947213,13.2767825776001,-31.7644796079885));
#5430=CARTESIAN_POINT('Ctrl Pts',(42.8452861456303,13.276595202292,-31.7642923037821));
#5431=CARTESIAN_POINT('Ctrl Pts',(42.8452543182351,13.2764920552643,-31.7641891683239));
#5432=CARTESIAN_POINT('Ctrl Pts',(42.8451833884576,13.2762622459076,-31.7639593233863));
#5433=CARTESIAN_POINT('Ctrl Pts',(42.8451442785343,13.2761355732362,-31.7638325895378));
#5434=CARTESIAN_POINT('Ctrl Pts',(42.8450513016244,13.2758345303421,-31.7635313024856));
#5435=CARTESIAN_POINT('Ctrl Pts',(42.844997436639,13.2756602038288,-31.7633567558341));
#5436=CARTESIAN_POINT('Ctrl Pts',(42.8448387340509,13.275146815817,-31.7628424878799));
#5437=CARTESIAN_POINT('Ctrl Pts',(42.8447338599414,13.2748078545066,-31.7625026477634));
#5438=CARTESIAN_POINT('Ctrl Pts',(42.8444210216731,13.2737976110964,-31.7614888991798));
#5439=CARTESIAN_POINT('Ctrl Pts',(42.8442129301207,13.2731267755957,-31.7608145686343));
#5440=CARTESIAN_POINT('Ctrl Pts',(42.8436681083738,13.2713733491277,-31.7590489664938));
#5441=CARTESIAN_POINT('Ctrl Pts',(42.8433311065691,13.2702916963222,-31.7579567644102));
#5442=CARTESIAN_POINT('Ctrl Pts',(42.8424408506814,13.2674417700668,-31.7550710832688));
#5443=CARTESIAN_POINT('Ctrl Pts',(42.8418868867009,13.2656759889193,-31.7532750363192));
#5444=CARTESIAN_POINT('Ctrl Pts',(42.8187384739276,13.1921880317015,-31.678192803952));
#5445=CARTESIAN_POINT('Ctrl Pts',(42.7910224464135,13.1159685310302,-31.5872205652822));
#5446=CARTESIAN_POINT('Ctrl Pts',(42.7282007967255,12.938076079863,-31.3262860531562));
#5447=CARTESIAN_POINT('Ctrl Pts',(42.7000305895708,12.8523831353531,-31.161880254559));
#5448=CARTESIAN_POINT('Ctrl Pts',(42.6705653888576,12.6921010985526,-30.7587022762163));
#5449=CARTESIAN_POINT('Ctrl Pts',(42.6813570580335,12.6318225932985,-30.5165953065302));
#5450=CARTESIAN_POINT('Ctrl Pts',(42.7288142319355,12.6024607571233,-30.2745578863597));
#5451=CARTESIAN_POINT('Origin',(46.77095506341,19.135723160443,-29.3655648427374));
#5452=CARTESIAN_POINT('',(40.2506632934795,15.0726928421853,-30.4671537144524));
#5453=CARTESIAN_POINT('',(40.2506632934795,15.0726928421854,-29.3655648427374));
#5454=CARTESIAN_POINT('Ctrl Pts',(40.5495474029642,14.6283395674203,-30.2745578864954));
#5455=CARTESIAN_POINT('Ctrl Pts',(40.5406245220113,14.6406555549019,-30.2787009173785));
#5456=CARTESIAN_POINT('Ctrl Pts',(40.5228990808228,14.6652703376964,-30.2871580246192));
#5457=CARTESIAN_POINT('Ctrl Pts',(40.4879416889889,14.7144308172683,-30.3047520061852));
#5458=CARTESIAN_POINT('Ctrl Pts',(40.4281089849229,14.8001427495478,-30.3373647402932));
#5459=CARTESIAN_POINT('Ctrl Pts',(40.346643760516,14.9213437845469,-30.389210381959));
#5460=CARTESIAN_POINT('Ctrl Pts',(40.2838935706906,15.0193226393886,-30.4382690436023));
#5461=CARTESIAN_POINT('Ctrl Pts',(40.25278322978,15.0691574717229,-30.4653528479173));
#5462=CARTESIAN_POINT('Ctrl Pts',(40.2506258459374,15.0726195851602,-30.4672450542473));
#5463=CARTESIAN_POINT('Ctrl Pts',(40.9302567012852,14.9081503761778,-31.7655686558687));
#5464=CARTESIAN_POINT('Ctrl Pts',(40.9302557276541,14.9081496605858,-31.7655648427374));
#5465=CARTESIAN_POINT('Ctrl Pts',(41.0051143204297,14.8845222095869,-31.7655648427374));
#5466=CARTESIAN_POINT('Ctrl Pts',(41.1822391219695,14.808883660514,-31.7655648427373));
#5467=CARTESIAN_POINT('Ctrl Pts',(41.2407168870689,14.7823110751769,-31.7655648427374));
#5468=CARTESIAN_POINT('Ctrl Pts',(41.292445441705,14.7580251696918,-31.7655648427374));
#5469=CARTESIAN_POINT('Ctrl Pts',(41.3595846576301,14.7247535949342,-31.7655648427374));
#5470=CARTESIAN_POINT('Ctrl Pts',(41.4194378482301,14.6934309037377,-31.7655648427374));
#5471=CARTESIAN_POINT('Ctrl Pts',(41.4630595748007,14.6695700579127,-31.7655648427374));
#5472=CARTESIAN_POINT('Ctrl Pts',(41.4884324011293,14.6553851113756,-31.7655648427374));
#5473=CARTESIAN_POINT('Ctrl Pts',(41.501257146142,14.6481085271967,-31.7655648427374));
#5474=CARTESIAN_POINT('Ctrl Pts',(41.5077020594881,14.6444249860408,-31.7655648427374));
#5475=CARTESIAN_POINT('Ctrl Pts',(40.4215626493086,15.0867238670565,-31.7655648427374));
#5476=CARTESIAN_POINT('Ctrl Pts',(40.4215626493086,15.0867238670565,-31.667030097475));
#5477=CARTESIAN_POINT('Ctrl Pts',(40.5047451120088,14.9981472474056,-31.5500700901518));
#5478=CARTESIAN_POINT('Ctrl Pts',(40.6925545028667,14.8058824163123,-31.478458297362));
#5479=CARTESIAN_POINT('Ctrl Pts',(40.7544807471166,14.7432878515375,-31.4600804042546));
#5480=CARTESIAN_POINT('Ctrl Pts',(40.8092472950347,14.688343183448,-31.4468382714021));
#5481=CARTESIAN_POINT('Ctrl Pts',(40.8804178169902,14.6176979198487,-31.4339161197523));
#5482=CARTESIAN_POINT('Ctrl Pts',(40.9440800609203,14.5551317107447,-31.4255215785472));
#5483=CARTESIAN_POINT('Ctrl Pts',(40.9906847205125,14.5096641369166,-31.4207754796981));
#5484=CARTESIAN_POINT('Ctrl Pts',(41.0178617419703,14.4832327366241,-31.4183761408395));
#5485=CARTESIAN_POINT('Ctrl Pts',(41.031627095029,14.4698789495579,-31.4172696664731));
#5486=CARTESIAN_POINT('Ctrl Pts',(41.0385504399202,14.4631667447175,-31.4167434734893));
#5487=CARTESIAN_POINT('Ctrl Pts',(39.9922724708446,15.4802423662755,-31.7655648427374));
#5488=CARTESIAN_POINT('Ctrl Pts',(39.9922724708446,15.4802423662755,-31.5247637729377));
#5489=CARTESIAN_POINT('Ctrl Pts',(40.0842909598817,15.3137764372874,-31.2432283934364));
#5490=CARTESIAN_POINT('Ctrl Pts',(40.2907123124495,14.9934792706028,-31.0478816980653));
#5491=CARTESIAN_POINT('Ctrl Pts',(40.3588680812005,14.8915379835882,-30.9952682232958));
#5492=CARTESIAN_POINT('Ctrl Pts',(40.4191963853164,14.8032493888863,-30.9557191289529));
#5493=CARTESIAN_POINT('Ctrl Pts',(40.4977912149447,14.6920709132402,-30.914111150969));
#5494=CARTESIAN_POINT('Ctrl Pts',(40.5683559681481,14.5956479942038,-30.8842796273368));
#5495=CARTESIAN_POINT('Ctrl Pts',(40.6202201466503,14.5267360693797,-30.8658116024895));
#5496=CARTESIAN_POINT('Ctrl Pts',(40.6505329670725,14.4870058550186,-30.855939755869));
#5497=CARTESIAN_POINT('Ctrl Pts',(40.6659113185892,14.4670459039123,-30.8512200123185));
#5498=CARTESIAN_POINT('Ctrl Pts',(40.6736525859299,14.4570408705236,-30.8489173557238));
#5499=CARTESIAN_POINT('Ctrl Pts',(39.7702245214257,15.9715183613455,-31.7655648427374));
#5500=CARTESIAN_POINT('Ctrl Pts',(39.7702245214257,15.9715183613455,-31.3813601231342));
#5501=CARTESIAN_POINT('Ctrl Pts',(39.870735601446,15.7337878459101,-30.9347647136889));
#5502=CARTESIAN_POINT('Ctrl Pts',(40.1078424589317,15.309967826995,-30.6139265074795));
#5503=CARTESIAN_POINT('Ctrl Pts',(40.1863387179595,15.1770946759864,-30.526491493176));
#5504=CARTESIAN_POINT('Ctrl Pts',(40.2559102100069,15.0630161746919,-30.4601466861601));
#5505=CARTESIAN_POINT('Ctrl Pts',(40.346643760516,14.9213437845469,-30.389210381959));
#5506=CARTESIAN_POINT('Ctrl Pts',(40.4281089849229,14.8001427495478,-30.3373647402932));
#5507=CARTESIAN_POINT('Ctrl Pts',(40.4879416889889,14.7144308172683,-30.3047520061852));
#5508=CARTESIAN_POINT('Ctrl Pts',(40.5228990808228,14.6652703376964,-30.2871580246192));
#5509=CARTESIAN_POINT('Ctrl Pts',(40.5406245220113,14.6406555549019,-30.2787009173785));
#5510=CARTESIAN_POINT('Ctrl Pts',(40.5495474032565,14.6283395670168,-30.2745578863597));
#5511=CARTESIAN_POINT('Ctrl Pts',(40.9302557276541,14.9081496605858,-31.7655648427374));
#5512=CARTESIAN_POINT('Ctrl Pts',(40.9301539725283,14.9081853812229,-31.7655648427374));
#5513=CARTESIAN_POINT('Ctrl Pts',(40.9299890372198,14.9082432706171,-31.7655605811732));
#5514=CARTESIAN_POINT('Ctrl Pts',(40.9290824208714,14.9085614202362,-31.7655337253582));
#5515=CARTESIAN_POINT('Ctrl Pts',(40.9280475926433,14.9089242242006,-31.7654679686172));
#5516=CARTESIAN_POINT('Ctrl Pts',(40.9234657845038,14.9105273640217,-31.7650554352038));
#5517=CARTESIAN_POINT('Ctrl Pts',(40.9187536239468,14.9121710638904,-31.7644061378337));
#5518=CARTESIAN_POINT('Ctrl Pts',(40.905302558673,14.9168130863015,-31.7616289581849));
#5519=CARTESIAN_POINT('Ctrl Pts',(40.897714802651,14.919402550913,-31.7595665849058));
#5520=CARTESIAN_POINT('Ctrl Pts',(40.8814736992698,14.9248850567885,-31.7544329010212));
#5521=CARTESIAN_POINT('Ctrl Pts',(40.8725668439226,14.9278511035626,-31.7511210746674));
#5522=CARTESIAN_POINT('Ctrl Pts',(40.8355777461145,14.9400093500287,-31.7357567062034));
#5523=CARTESIAN_POINT('Ctrl Pts',(40.807633341232,14.9487817646405,-31.7200886524779));
#5524=CARTESIAN_POINT('Ctrl Pts',(40.7321791230026,14.9715370488496,-31.670113260234));
#5525=CARTESIAN_POINT('Ctrl Pts',(40.6798012476554,14.9861015908949,-31.6253789568492));
#5526=CARTESIAN_POINT('Ctrl Pts',(40.5348542490877,15.0226656144213,-31.4650607636748));
#5527=CARTESIAN_POINT('Ctrl Pts',(40.4494747707249,15.0399820000321,-31.3300611711396));
#5528=CARTESIAN_POINT('Ctrl Pts',(40.2998820072051,15.0665619210235,-30.9628047188736));
#5529=CARTESIAN_POINT('Ctrl Pts',(40.2506632934795,15.0726928421854,-30.7232550219216));
#5530=CARTESIAN_POINT('Ctrl Pts',(40.2506632934795,15.0726928421854,-30.4671537144524));
#5531=CARTESIAN_POINT('Ctrl Pts',(42.675049971519,13.5592410298428,-31.7655648427374));
#5532=CARTESIAN_POINT('Ctrl Pts',(42.6832941047079,13.5469853226392,-31.7655648427374));
#5533=CARTESIAN_POINT('Ctrl Pts',(42.699432439224,13.5226609900157,-31.7655648427374));
#5534=CARTESIAN_POINT('Ctrl Pts',(42.7302422263895,13.4749521278193,-31.7655648427374));
#5535=CARTESIAN_POINT('Ctrl Pts',(42.765966589734,13.4173532051697,-31.7655648427374));
#5536=CARTESIAN_POINT('Ctrl Pts',(42.804234587952,13.3524394163553,-31.7655648427374));
#5537=CARTESIAN_POINT('Ctrl Pts',(42.8380380366284,13.292301404804,-31.7655648427374));
#5538=CARTESIAN_POINT('Ctrl Pts',(42.8673927983407,13.2376860326783,-31.7655648427374));
#5539=CARTESIAN_POINT('Ctrl Pts',(42.9015700943075,13.171542786271,-31.7655648427374));
#5540=CARTESIAN_POINT('Ctrl Pts',(42.9614407396665,13.0479593863482,-31.7655648427374));
#5541=CARTESIAN_POINT('Ctrl Pts',(42.9801439966502,13.0025430812732,-31.7655648427374));
#5542=CARTESIAN_POINT('Ctrl Pts',(42.980144639406,13.0025441044518,-31.7655686558687));
#5543=CARTESIAN_POINT('Ctrl Pts',(42.528453746806,13.0781305029463,-31.4167434734893));
#5544=CARTESIAN_POINT('Ctrl Pts',(42.5427775054978,13.0653644148096,-31.4177904661909));
#5545=CARTESIAN_POINT('Ctrl Pts',(42.5711752006041,13.0400885305429,-31.4201014363173));
#5546=CARTESIAN_POINT('Ctrl Pts',(42.6268644294194,12.9907929500556,-31.4254853643885));
#5547=CARTESIAN_POINT('Ctrl Pts',(42.6941118252262,12.9316575011984,-31.4339217816086));
#5548=CARTESIAN_POINT('Ctrl Pts',(42.770222371334,12.8654622481894,-31.4468671853424));
#5549=CARTESIAN_POINT('Ctrl Pts',(42.841185158607,12.8043743299772,-31.4629070832107));
#5550=CARTESIAN_POINT('Ctrl Pts',(42.9062018454251,12.7489981184558,-31.4819179391476));
#5551=CARTESIAN_POINT('Ctrl Pts',(42.9856641397253,12.6819211221686,-31.5116712674802));
#5552=CARTESIAN_POINT('Ctrl Pts',(43.1369090648208,12.5562281125146,-31.5924524215225));
#5553=CARTESIAN_POINT('Ctrl Pts',(43.1953047815694,12.5082119859473,-31.6919088345836));
#5554=CARTESIAN_POINT('Ctrl Pts',(43.1953047815694,12.5082119859473,-31.7655648427374));
#5555=CARTESIAN_POINT('Ctrl Pts',(42.5489290042395,12.7137560609029,-30.8489173557238));
#5556=CARTESIAN_POINT('Ctrl Pts',(42.5699058278527,12.6998441793335,-30.853499067611));
#5557=CARTESIAN_POINT('Ctrl Pts',(42.6117118594853,12.6723694451008,-30.8631304105332));
#5558=CARTESIAN_POINT('Ctrl Pts',(42.6945570680199,12.6190346321165,-30.8841790982557));
#5559=CARTESIAN_POINT('Ctrl Pts',(42.7961710729727,12.5554647145,-30.9141196726021));
#5560=CARTESIAN_POINT('Ctrl Pts',(42.913533227111,12.4847995981022,-30.9559006577855));
#5561=CARTESIAN_POINT('Ctrl Pts',(43.0251102996524,12.4199477151147,-31.0038318286048));
#5562=CARTESIAN_POINT('Ctrl Pts',(43.1293020041741,12.3614139875793,-31.0574826099149));
#5563=CARTESIAN_POINT('Ctrl Pts',(43.2588546445555,12.2907411116691,-31.1378381464355));
#5564=CARTESIAN_POINT('Ctrl Pts',(43.5127010132949,12.1588595364591,-31.3458928575566));
#5565=CARTESIAN_POINT('Ctrl Pts',(43.6190536987788,12.1087326726942,-31.5855629001397));
#5566=CARTESIAN_POINT('Ctrl Pts',(43.6190536987788,12.1087326726942,-31.7655648427374));
#5567=CARTESIAN_POINT('Ctrl Pts',(42.7288142319355,12.6024607571233,-30.2745578863597));
#5568=CARTESIAN_POINT('Ctrl Pts',(42.754548350432,12.5865390131744,-30.2828014839988));
#5569=CARTESIAN_POINT('Ctrl Pts',(42.8060153713819,12.5551102251551,-30.299993607951));
#5570=CARTESIAN_POINT('Ctrl Pts',(42.9086578143393,12.4940809829614,-30.3372030627975));
#5571=CARTESIAN_POINT('Ctrl Pts',(43.0358544331503,12.4214223789046,-30.3892194722501));
#5572=CARTESIAN_POINT('Ctrl Pts',(43.1847250198575,12.3407966687928,-30.460500699046));
#5573=CARTESIAN_POINT('Ctrl Pts',(43.3281244655287,12.2670703232301,-30.5409281913144));
#5574=CARTESIAN_POINT('Ctrl Pts',(43.4637435736395,12.200853201649,-30.6297770362239));
#5575=CARTESIAN_POINT('Ctrl Pts',(43.6343174354416,12.121391974454,-30.7614117514376));
#5576=CARTESIAN_POINT('Ctrl Pts',(43.974840540389,11.9749895247639,-31.0981128270006));
#5577=CARTESIAN_POINT('Ctrl Pts',(44.1252015643008,11.9230670232037,-31.4783668002149));
#5578=CARTESIAN_POINT('Ctrl Pts',(44.1252015643008,11.9230670232037,-31.7655648427374));
#5579=CARTESIAN_POINT('',(43.1937619839493,12.3367445750699,-30.4671536774094));
#5580=CARTESIAN_POINT('Ctrl Pts',(43.1937620192717,12.3367445564855,-30.4671537144524));
#5581=CARTESIAN_POINT('Ctrl Pts',(43.1937620192717,12.3367445564855,-30.7232108274235));
#5582=CARTESIAN_POINT('Ctrl Pts',(43.184064729359,12.3853689811602,-30.9627228027038));
#5583=CARTESIAN_POINT('Ctrl Pts',(43.1466639209509,12.5326071645304,-31.3299997428399));
#5584=CARTESIAN_POINT('Ctrl Pts',(43.1231702486464,12.6165127079539,-31.4650335689406));
#5585=CARTESIAN_POINT('Ctrl Pts',(43.0761383910752,12.7584257936194,-31.6253711609833));
#5586=CARTESIAN_POINT('Ctrl Pts',(43.0577976285437,12.8096007858,-31.6701046427709));
#5587=CARTESIAN_POINT('Ctrl Pts',(43.0296042640484,12.8832008155669,-31.7200854542909));
#5588=CARTESIAN_POINT('Ctrl Pts',(43.0188165161812,12.9104388421262,-31.73575791083));
#5589=CARTESIAN_POINT('Ctrl Pts',(43.0039825580823,12.9464755625448,-31.7511347844977));
#5590=CARTESIAN_POINT('Ctrl Pts',(43.0003643684494,12.9551690134068,-31.7544553286295));
#5591=CARTESIAN_POINT('Ctrl Pts',(42.9936948931334,12.9710097884855,-31.7595968197965));
#5592=CARTESIAN_POINT('Ctrl Pts',(42.9905510305884,12.9784079440295,-31.7616608138314));
#5593=CARTESIAN_POINT('Ctrl Pts',(42.9849603846974,12.9914391864865,-31.7644168937577));
#5594=CARTESIAN_POINT('Ctrl Pts',(42.9829970718811,12.9959743574096,-31.7650583162852));
#5595=CARTESIAN_POINT('Ctrl Pts',(42.9810761687086,13.0004000269484,-31.7654681887708));
#5596=CARTESIAN_POINT('Ctrl Pts',(42.9806387947583,13.0014059942213,-31.765533910365));
#5597=CARTESIAN_POINT('Ctrl Pts',(42.9802470949085,13.0023061954895,-31.7655612463178));
#5598=CARTESIAN_POINT('Ctrl Pts',(42.9800924409114,13.0026615303894,-31.7655648427374));
#5599=CARTESIAN_POINT('Ctrl Pts',(42.9801439966502,13.0025430812732,-31.7655648427374));
#5600=CARTESIAN_POINT('Ctrl Pts',(43.1937260246155,12.3367206541069,-30.4671982217651));
#5601=CARTESIAN_POINT('Ctrl Pts',(43.1904260244164,12.338457297741,-30.4654668329847));
#5602=CARTESIAN_POINT('Ctrl Pts',(43.1384719589705,12.3658465188763,-30.4383541152513));
#5603=CARTESIAN_POINT('Ctrl Pts',(43.0358544331503,12.4214223789046,-30.3892194722501));
#5604=CARTESIAN_POINT('Ctrl Pts',(42.9086578143393,12.4940809829614,-30.3372030627975));
#5605=CARTESIAN_POINT('Ctrl Pts',(42.8060153713819,12.5551102251551,-30.299993607951));
#5606=CARTESIAN_POINT('Ctrl Pts',(42.754548350432,12.5865390131744,-30.2828014839988));
#5607=CARTESIAN_POINT('Ctrl Pts',(42.7288142326501,12.6024607566812,-30.2745578865886));
#5608=CARTESIAN_POINT('Ctrl Pts',(42.8139058850576,-40.1235715493536,-31.7655648427374));
#5609=CARTESIAN_POINT('Ctrl Pts',(42.813902868041,-40.1235741756839,-31.7655648427374));
#5610=CARTESIAN_POINT('Ctrl Pts',(42.7853826018285,-40.1746859476223,-31.7655648427373));
#5611=CARTESIAN_POINT('Ctrl Pts',(42.6377786003306,-40.4112962613822,-31.7655648427373));
#5612=CARTESIAN_POINT('Ctrl Pts',(42.4403542760156,-40.6739866411168,-31.7655648427371));
#5613=CARTESIAN_POINT('Ctrl Pts',(42.2430845190324,-40.8722314495579,-31.7655648427371));
#5614=CARTESIAN_POINT('Ctrl Pts',(42.2123315866558,-40.9026461283229,-31.7655648427371));
#5615=CARTESIAN_POINT('Ctrl Pts',(42.1573119396063,-40.9555062923412,-31.7655648427371));
#5616=CARTESIAN_POINT('Ctrl Pts',(42.0434627696988,-41.0589866410176,-31.7655648427372));
#5617=CARTESIAN_POINT('Ctrl Pts',(41.8723491836191,-41.1974167411388,-31.7655648427372));
#5618=CARTESIAN_POINT('Ctrl Pts',(41.666085876931,-41.3402379582463,-31.7655648427372));
#5619=CARTESIAN_POINT('Ctrl Pts',(41.4061740969463,-41.4947016546228,-31.7655648427372));
#5620=CARTESIAN_POINT('Ctrl Pts',(41.1520966954057,-41.6127536606967,-31.7655648427373));
#5621=CARTESIAN_POINT('Ctrl Pts',(41.0807150027475,-41.6399709197277,-31.7655648427374));
#5622=CARTESIAN_POINT('Ctrl Pts',(41.0807119989239,-41.6399735611372,-31.7655648427374));
#5623=CARTESIAN_POINT('Ctrl Pts',(43.0301499474574,-39.7430562451562,-31.7655648427374));
#5624=CARTESIAN_POINT('Ctrl Pts',(43.0301499474574,-39.7430562451562,-31.6952914340931));
#5625=CARTESIAN_POINT('Ctrl Pts',(42.9624002407099,-39.7952425273286,-31.5905038666688));
#5626=CARTESIAN_POINT('Ctrl Pts',(42.654654720778,-40.0381791327824,-31.4417465679814));
#5627=CARTESIAN_POINT('Ctrl Pts',(42.321337337376,-40.3145911812882,-31.4068817463849));
#5628=CARTESIAN_POINT('Ctrl Pts',(42.0482838413431,-40.5498537499244,-31.3980303570574));
#5629=CARTESIAN_POINT('Ctrl Pts',(42.0060464884924,-40.5862916666804,-31.3968360925046));
#5630=CARTESIAN_POINT('Ctrl Pts',(41.9318019706176,-40.6505752645927,-31.3952766881465));
#5631=CARTESIAN_POINT('Ctrl Pts',(41.7827204093787,-40.7804759523285,-31.3941277370393));
#5632=CARTESIAN_POINT('Ctrl Pts',(41.5707829073022,-40.9674355243587,-31.3974614829687));
#5633=CARTESIAN_POINT('Ctrl Pts',(41.3287922449608,-41.184895995855,-31.4116776348509));
#5634=CARTESIAN_POINT('Ctrl Pts',(41.034997184658,-41.4546239643907,-31.4504372555366));
#5635=CARTESIAN_POINT('Ctrl Pts',(40.7548144858301,-41.723757170432,-31.5553710947961));
#5636=CARTESIAN_POINT('Ctrl Pts',(40.6748438522167,-41.8037552412486,-31.6954785053532));
#5637=CARTESIAN_POINT('Ctrl Pts',(40.6748438522167,-41.8037552412486,-31.7655648427374));
#5638=CARTESIAN_POINT('Ctrl Pts',(43.3749429948841,-39.4371174454762,-31.7655648427374));
#5639=CARTESIAN_POINT('Ctrl Pts',(43.3749429948841,-39.4371174454762,-31.6067196767502));
#5640=CARTESIAN_POINT('Ctrl Pts',(43.2655161505585,-39.4917446233907,-31.3698995522399));
#5641=CARTESIAN_POINT('Ctrl Pts',(42.7931442719093,-39.7521601323514,-31.0176321338621));
#5642=CARTESIAN_POINT('Ctrl Pts',(42.3202658861733,-40.0572236274787,-30.9089364299464));
#5643=CARTESIAN_POINT('Ctrl Pts',(41.9641562612366,-40.3391322749315,-30.8789692799126));
#5644=CARTESIAN_POINT('Ctrl Pts',(41.9092844905434,-40.3830536456138,-30.874932865577));
#5645=CARTESIAN_POINT('Ctrl Pts',(41.8136808277873,-40.4612335680744,-30.8695740756528));
#5646=CARTESIAN_POINT('Ctrl Pts',(41.6246910149396,-40.6221524718722,-30.8654272906749));
#5647=CARTESIAN_POINT('Ctrl Pts',(41.3641577793696,-40.8629562838651,-30.8774898614992));
#5648=CARTESIAN_POINT('Ctrl Pts',(41.0762192451544,-41.1592215304861,-30.923491012758));
#5649=CARTESIAN_POINT('Ctrl Pts',(40.7350683127145,-41.5469716155757,-31.0344680041215));
#5650=CARTESIAN_POINT('Ctrl Pts',(40.416553248254,-41.9691127680783,-31.29125481074));
#5651=CARTESIAN_POINT('Ctrl Pts',(40.3258154151439,-42.1048531403078,-31.6071425303721));
#5652=CARTESIAN_POINT('Ctrl Pts',(40.3258154151439,-42.1048531403078,-31.7655648427374));
#5653=CARTESIAN_POINT('Ctrl Pts',(43.7784892449364,-39.267685692614,-31.7655648427374));
#5654=CARTESIAN_POINT('Ctrl Pts',(43.7784892449364,-39.267685692614,-31.5178394932884));
#5655=CARTESIAN_POINT('Ctrl Pts',(43.6315952546246,-39.3271358830853,-31.148588956821));
#5656=CARTESIAN_POINT('Ctrl Pts',(43.0177119385897,-39.6215782405073,-30.5916499676887));
#5657=CARTESIAN_POINT('Ctrl Pts',(42.4360104749108,-39.9730246611699,-30.4078589845541));
#5658=CARTESIAN_POINT('Ctrl Pts',(42.0144106115878,-40.30019670756,-30.3563109346311));
#5659=CARTESIAN_POINT('Ctrl Pts',(41.94949022792,-40.3512315097929,-30.3493696722421));
#5660=CARTESIAN_POINT('Ctrl Pts',(41.8367635584887,-40.4421775651339,-30.3401253719697));
#5661=CARTESIAN_POINT('Ctrl Pts',(41.6150140868273,-40.6300139511487,-30.3329077347442));
#5662=CARTESIAN_POINT('Ctrl Pts',(41.3114535917478,-40.9135039207456,-30.3539080534204));
#5663=CARTESIAN_POINT('Ctrl Pts',(40.9765868670721,-41.2695579286837,-30.4323408610341));
#5664=CARTESIAN_POINT('Ctrl Pts',(40.5791074958636,-41.7476778674673,-30.6165943943991));
#5665=CARTESIAN_POINT('Ctrl Pts',(40.2080568471332,-42.2963514339739,-31.0263223372977));
#5666=CARTESIAN_POINT('Ctrl Pts',(40.1042797814974,-42.4823165926235,-31.5184989503175));
#5667=CARTESIAN_POINT('Ctrl Pts',(40.1042797814974,-42.4823165926235,-31.7655648427374));
#5668=CARTESIAN_POINT('',(41.0807150027475,-41.6399709197277,-31.7655648427374));
#5669=CARTESIAN_POINT('',(40.5501199362298,-41.8064467241068,-30.6845332020666));
#5670=CARTESIAN_POINT('Ctrl Pts',(40.5501199362012,-41.8064467241456,-30.6845332021157));
#5671=CARTESIAN_POINT('Ctrl Pts',(40.5501199362012,-41.8064467241456,-30.9115872972618));
#5672=CARTESIAN_POINT('Ctrl Pts',(40.5930762064985,-41.7971679138397,-31.1220046207753));
#5673=CARTESIAN_POINT('Ctrl Pts',(40.7168893784093,-41.7644517445224,-31.4253966140211));
#5674=CARTESIAN_POINT('Ctrl Pts',(40.7816410699686,-41.7459556242164,-31.5299296440176));
#5675=CARTESIAN_POINT('Ctrl Pts',(40.8904992347389,-41.7106593135956,-31.6546727511775));
#5676=CARTESIAN_POINT('Ctrl Pts',(40.9301516904266,-41.6969729077365,-31.6898454405188));
#5677=CARTESIAN_POINT('Ctrl Pts',(40.9867223710534,-41.6764029221876,-31.7290218657951));
#5678=CARTESIAN_POINT('Ctrl Pts',(41.0078728374317,-41.6685041274492,-31.7414574598825));
#5679=CARTESIAN_POINT('Ctrl Pts',(41.0363681533584,-41.6575248801611,-31.7539249946508));
#5680=CARTESIAN_POINT('Ctrl Pts',(41.0436009210535,-41.6547114980091,-31.7567434742124));
#5681=CARTESIAN_POINT('Ctrl Pts',(41.0567649441244,-41.6495394486284,-31.7610517120725));
#5682=CARTESIAN_POINT('Ctrl Pts',(41.0629456182763,-41.6470915490939,-31.7627711253333));
#5683=CARTESIAN_POINT('Ctrl Pts',(41.0730132204681,-41.6430711928269,-31.7648061047422));
#5684=CARTESIAN_POINT('Ctrl Pts',(41.0761804294599,-41.6417980394844,-31.7652326138991));
#5685=CARTESIAN_POINT('Ctrl Pts',(41.0790989998984,-41.6406226432414,-31.7654890104127));
#5686=CARTESIAN_POINT('Ctrl Pts',(41.0797835595392,-41.6403467008274,-31.7655371730678));
#5687=CARTESIAN_POINT('Ctrl Pts',(41.0804926036601,-41.640060659503,-31.7655610918842));
#5688=CARTESIAN_POINT('Ctrl Pts',(41.0808262102064,-41.6399260433225,-31.7655648427374));
#5689=CARTESIAN_POINT('Ctrl Pts',(41.0807150027475,-41.6399709197277,-31.7655648427374));
#5690=CARTESIAN_POINT('',(40.7160713624084,-41.589588320926,-30.5655648427374));
#5691=CARTESIAN_POINT('Ctrl Pts',(40.5495966091078,-41.805983985055,-30.6846565518109));
#5692=CARTESIAN_POINT('Ctrl Pts',(40.5928161929184,-41.7471551127716,-30.6473282525173));
#5693=CARTESIAN_POINT('Ctrl Pts',(40.6475164576763,-41.674759891606,-30.606647265932));
#5694=CARTESIAN_POINT('Ctrl Pts',(40.7055673551125,-41.6010601898863,-30.5707448747612));
#5695=CARTESIAN_POINT('Ctrl Pts',(40.7150483165361,-41.5891015791853,-30.5650570652791));
#5696=CARTESIAN_POINT('',(42.8124044730937,-39.7554693733322,-30.5655648427374));
#5697=CARTESIAN_POINT('Ctrl Pts',(40.7160713624084,-41.5895883209261,-30.5655648427374));
#5698=CARTESIAN_POINT('Ctrl Pts',(40.7195174795162,-41.5852461934493,-30.5655648427374));
#5699=CARTESIAN_POINT('Ctrl Pts',(40.7229704040295,-41.5809093881181,-30.565564842758));
#5700=CARTESIAN_POINT('Ctrl Pts',(40.8450164555169,-41.428105265787,-30.5655648425767));
#5701=CARTESIAN_POINT('Ctrl Pts',(40.9734951104997,-41.2833593245587,-30.5655648427373));
#5702=CARTESIAN_POINT('Ctrl Pts',(41.2186511651302,-41.026189889086,-30.5655648427373));
#5703=CARTESIAN_POINT('Ctrl Pts',(41.3381134072573,-40.9084875469726,-30.5655648427378));
#5704=CARTESIAN_POINT('Ctrl Pts',(41.5817770199801,-40.6807843277977,-30.5655648427378));
#5705=CARTESIAN_POINT('Ctrl Pts',(41.7085721701826,-40.568507468958,-30.5655648427374));
#5706=CARTESIAN_POINT('Ctrl Pts',(41.9636771843327,-40.354337020282,-30.5655648427374));
#5707=CARTESIAN_POINT('Ctrl Pts',(42.0943954128266,-40.2502519736955,-30.5655648427374));
#5708=CARTESIAN_POINT('Ctrl Pts',(42.368336258056,-40.0450753686649,-30.5655648427375));
#5709=CARTESIAN_POINT('Ctrl Pts',(42.5158219521648,-39.9417036932724,-30.5655648427373));
#5710=CARTESIAN_POINT('Ctrl Pts',(42.7091166394421,-39.8183346511853,-30.5655648427373));
#5711=CARTESIAN_POINT('Ctrl Pts',(42.7534474937149,-39.7908382011235,-30.5655648427056));
#5712=CARTESIAN_POINT('Ctrl Pts',(42.8028746794214,-39.7611611845388,-30.5655648427573));
#5713=CARTESIAN_POINT('Ctrl Pts',(42.8076373857214,-39.7583115430075,-30.5655648427373));
#5714=CARTESIAN_POINT('Ctrl Pts',(42.8124044730935,-39.7554693733323,-30.5655648427373));
#5715=CARTESIAN_POINT('',(43.0493853750222,-39.6197951499329,-30.6845332018676));
#5716=CARTESIAN_POINT('Ctrl Pts',(42.813763991002,-39.7552444067926,-30.5653455974787));
#5717=CARTESIAN_POINT('Ctrl Pts',(42.8944955872789,-39.7070703329953,-30.6002880192479));
#5718=CARTESIAN_POINT('Ctrl Pts',(42.9733146599176,-39.6618972815869,-30.6396153302428));
#5719=CARTESIAN_POINT('Ctrl Pts',(43.04910756494,-39.6200672216058,-30.6835692441925));
#5720=CARTESIAN_POINT('',(42.813902868041,-40.1235741756839,-31.7655648427374));
#5721=CARTESIAN_POINT('Ctrl Pts',(42.813902868041,-40.1235741756839,-31.7655648427374));
#5722=CARTESIAN_POINT('Ctrl Pts',(42.8139520970612,-40.1234875501213,-31.7655648427374));
#5723=CARTESIAN_POINT('Ctrl Pts',(42.8140318808454,-40.1233471421958,-31.7655604297543));
#5724=CARTESIAN_POINT('Ctrl Pts',(42.814176852258,-40.123091982868,-31.7655512357075));
#5725=CARTESIAN_POINT('Ctrl Pts',(42.814276603138,-40.1229163804431,-31.7655424885274));
#5726=CARTESIAN_POINT('Ctrl Pts',(42.8150842780431,-40.1214942593985,-31.765459196853));
#5727=CARTESIAN_POINT('Ctrl Pts',(42.8161580438782,-40.119602324118,-31.7652695535987));
#5728=CARTESIAN_POINT('Ctrl Pts',(42.8199697713803,-40.1128614518665,-31.7641561170452));
#5729=CARTESIAN_POINT('Ctrl Pts',(42.8224284576423,-40.1084920016001,-31.7631039286402));
#5730=CARTESIAN_POINT('Ctrl Pts',(42.8301878373327,-40.0946352136256,-31.7591305280423));
#5731=CARTESIAN_POINT('Ctrl Pts',(42.8356467477389,-40.0847737899152,-31.7552357471792));
#5732=CARTESIAN_POINT('Ctrl Pts',(42.8518383986166,-40.0552067048296,-31.7414813134675));
#5733=CARTESIAN_POINT('Ctrl Pts',(42.8624854642806,-40.0352770217129,-31.729038033686));
#5734=CARTESIAN_POINT('Ctrl Pts',(42.8903966172234,-39.9819235885488,-31.689851664279));
#5735=CARTESIAN_POINT('Ctrl Pts',(42.9092311019308,-39.9444365499627,-31.6546760855317));
#5736=CARTESIAN_POINT('Ctrl Pts',(42.9586797457372,-39.8412213894055,-31.5299197262214));
#5737=CARTESIAN_POINT('Ctrl Pts',(42.9856152222337,-39.7794953018021,-31.4253742125412));
#5738=CARTESIAN_POINT('Ctrl Pts',(43.0344848178696,-39.6611320703219,-31.1219739199802));
#5739=CARTESIAN_POINT('Ctrl Pts',(43.0493853752361,-39.6197951498155,-30.9115705478825));
#5740=CARTESIAN_POINT('Ctrl Pts',(43.0493853752361,-39.6197951498155,-30.6845332021157));
#5741=CARTESIAN_POINT('Origin',(39.77095506341,-38.3942770183706,-31.7655648427374));
#5742=CARTESIAN_POINT('Origin',(46.77095506341,-46.3950295290232,-29.3655648427374));
#5743=CARTESIAN_POINT('',(40.5501199368613,-41.8064467232506,-30.4465964844898));
#5744=CARTESIAN_POINT('',(40.5501199362012,-41.8064467241456,-29.3655648427374));
#5745=CARTESIAN_POINT('Ctrl Pts',(40.715199115355,-41.589307135087,-30.5662081585383));
#5746=CARTESIAN_POINT('Ctrl Pts',(40.706119399306,-41.6007564954931,-30.5607451978904));
#5747=CARTESIAN_POINT('Ctrl Pts',(40.6481118144005,-41.6743637517027,-30.5248238661429));
#5748=CARTESIAN_POINT('Ctrl Pts',(40.593361313065,-41.7468036247927,-30.4841860205117));
#5749=CARTESIAN_POINT('Ctrl Pts',(40.5497422774062,-41.8061701257933,-30.4465974198695));
#5750=CARTESIAN_POINT('Origin',(46.77095506341,-46.3950295290232,-29.3655648427374));
#5751=CARTESIAN_POINT('',(43.0493853752361,-39.6197951498155,-30.4465964833591));
#5752=CARTESIAN_POINT('Ctrl Pts',(43.0489297729863,-39.6194179098152,-30.4461691984918));
#5753=CARTESIAN_POINT('Ctrl Pts',(42.9846554961051,-39.6545664825722,-30.4836712463814));
#5754=CARTESIAN_POINT('Ctrl Pts',(42.9056439060964,-39.6991741354633,-30.5244137576013));
#5755=CARTESIAN_POINT('Ctrl Pts',(42.8249932443165,-39.7468880581677,-30.5603810825084));
#5756=CARTESIAN_POINT('Ctrl Pts',(42.812111841721,-39.7545635630612,-30.565989328671));
#5757=CARTESIAN_POINT('',(43.0493853752361,-39.6197951498155,-29.3655648427374));
#5758=CARTESIAN_POINT('Ctrl Pts',(41.0807119989239,-41.6399735611372,-29.3655648427374));
#5759=CARTESIAN_POINT('Ctrl Pts',(41.0807150027475,-41.6399709197277,-29.3655648427374));
#5760=CARTESIAN_POINT('Ctrl Pts',(41.151235416355,-41.6128612056003,-29.3655648427374));
#5761=CARTESIAN_POINT('Ctrl Pts',(41.4579376869072,-41.4707291240305,-29.3655648427374));
#5762=CARTESIAN_POINT('Ctrl Pts',(41.8742508564894,-41.2085359322882,-29.3655648427374));
#5763=CARTESIAN_POINT('Ctrl Pts',(42.2814894997488,-40.8525011945448,-29.3655648427374));
#5764=CARTESIAN_POINT('Ctrl Pts',(42.5963753923117,-40.4744202180519,-29.3655648427374));
#5765=CARTESIAN_POINT('Ctrl Pts',(42.7773636806445,-40.1904685682919,-29.3655648427374));
#5766=CARTESIAN_POINT('Ctrl Pts',(42.813902868041,-40.1235741756839,-29.3655648427374));
#5767=CARTESIAN_POINT('Ctrl Pts',(42.8139058850576,-40.1235715493536,-29.3655648427374));
#5768=CARTESIAN_POINT('Ctrl Pts',(40.6748438522167,-41.8037552412486,-29.3655648427374));
#5769=CARTESIAN_POINT('Ctrl Pts',(40.6748438522167,-41.8037552412486,-29.4359881390525));
#5770=CARTESIAN_POINT('Ctrl Pts',(40.7541172067187,-41.7243575928257,-29.5764068807187));
#5771=CARTESIAN_POINT('Ctrl Pts',(41.0921925213749,-41.3994912596741,-29.7015648409941));
#5772=CARTESIAN_POINT('Ctrl Pts',(41.5662419802932,-40.9693290101548,-29.7380581823772));
#5773=CARTESIAN_POINT('Ctrl Pts',(42.085387829169,-40.5152162433765,-29.7374282196101));
#5774=CARTESIAN_POINT('Ctrl Pts',(42.574744741993,-40.1024497273382,-29.7015239264518));
#5775=CARTESIAN_POINT('Ctrl Pts',(42.9402879224082,-39.8116322248447,-29.5757144845026));
#5776=CARTESIAN_POINT('Ctrl Pts',(43.0301499474575,-39.7430562451562,-29.43582421568));
#5777=CARTESIAN_POINT('Ctrl Pts',(43.0301499474575,-39.7430562451562,-29.3655648427374));
#5778=CARTESIAN_POINT('Ctrl Pts',(40.3258154151439,-42.1048531403078,-29.3655648427374));
#5779=CARTESIAN_POINT('Ctrl Pts',(40.3258154151439,-42.1048531403078,-29.5247488130093));
#5780=CARTESIAN_POINT('Ctrl Pts',(40.4159362016389,-41.9700860029275,-29.8411660647093));
#5781=CARTESIAN_POINT('Ctrl Pts',(40.8003040528933,-41.4605105978905,-30.148075314349));
#5782=CARTESIAN_POINT('Ctrl Pts',(41.3537644484215,-40.8569486704777,-30.268612422236));
#5783=CARTESIAN_POINT('Ctrl Pts',(42.0023716033006,-40.2893738780649,-30.2676150915134));
#5784=CARTESIAN_POINT('Ctrl Pts',(42.6742915168191,-39.8211496336335,-30.1479462117602));
#5785=CARTESIAN_POINT('Ctrl Pts',(43.2284382325809,-39.5090411156566,-29.8398417997694));
#5786=CARTESIAN_POINT('Ctrl Pts',(43.3749429948841,-39.4371174454762,-29.5243782825938));
#5787=CARTESIAN_POINT('Ctrl Pts',(43.3749429948841,-39.4371174454762,-29.3655648427374));
#5788=CARTESIAN_POINT('Ctrl Pts',(40.1042797814974,-42.4823165926235,-29.3655648427374));
#5789=CARTESIAN_POINT('Ctrl Pts',(40.1042797814974,-42.4823165926235,-29.6138185709337));
#5790=CARTESIAN_POINT('Ctrl Pts',(40.207325547166,-42.2975853672228,-30.1067866018672));
#5791=CARTESIAN_POINT('Ctrl Pts',(40.6555433810197,-41.6352781433841,-30.5967592320862));
#5792=CARTESIAN_POINT('Ctrl Pts',(41.2996530366732,-40.9027606221615,-30.8030650550687));
#5793=CARTESIAN_POINT('Ctrl Pts',(42.0551768800525,-40.2418824080988,-30.80173801077));
#5794=CARTESIAN_POINT('Ctrl Pts',(42.8670300993392,-39.7007050901923,-30.5965608986221));
#5795=CARTESIAN_POINT('Ctrl Pts',(43.5805303569024,-39.3459203643862,-30.1048473913569));
#5796=CARTESIAN_POINT('Ctrl Pts',(43.7784892449364,-39.267685692614,-29.6132407140245));
#5797=CARTESIAN_POINT('Ctrl Pts',(43.7784892449364,-39.267685692614,-29.3655648427374));
#5798=CARTESIAN_POINT('',(41.0807150027475,-41.6399709197277,-29.3655648427374));
#5799=CARTESIAN_POINT('Ctrl Pts',(41.0807150027475,-41.6399709197277,-29.3655648427374));
#5800=CARTESIAN_POINT('Ctrl Pts',(41.0806221502594,-41.6400083892097,-29.3655648427374));
#5801=CARTESIAN_POINT('Ctrl Pts',(41.0804716508532,-41.6400691123327,-29.3655692883698));
#5802=CARTESIAN_POINT('Ctrl Pts',(41.0801885959305,-41.6401833015845,-29.3655788741575));
#5803=CARTESIAN_POINT('Ctrl Pts',(41.079989894299,-41.6402634407787,-29.3655883024981));
#5804=CARTESIAN_POINT('Ctrl Pts',(41.0784543229707,-41.6408825971787,-29.3656742454784));
#5805=CARTESIAN_POINT('Ctrl Pts',(41.0764382396651,-41.6416947921441,-29.3658655771836));
#5806=CARTESIAN_POINT('Ctrl Pts',(41.0692622516645,-41.644572636457,-29.3669794585779));
#5807=CARTESIAN_POINT('Ctrl Pts',(41.0646043417273,-41.6464292964838,-29.3680328102955));
#5808=CARTESIAN_POINT('Ctrl Pts',(41.0498493611997,-41.6522752187222,-29.3720066650051));
#5809=CARTESIAN_POINT('Ctrl Pts',(41.0393622287678,-41.6563710509468,-29.375897500792));
#5810=CARTESIAN_POINT('Ctrl Pts',(41.007918840608,-41.668486856302,-29.3896460839242));
#5811=CARTESIAN_POINT('Ctrl Pts',(40.9867534031689,-41.6763915124641,-29.4020877172455));
#5812=CARTESIAN_POINT('Ctrl Pts',(40.9301661954699,-41.6969678684412,-29.441271610769));
#5813=CARTESIAN_POINT('Ctrl Pts',(40.8905082700928,-41.7106563412664,-29.4764471307141));
#5814=CARTESIAN_POINT('Ctrl Pts',(40.781646948475,-41.7459537915595,-29.6011923592061));
#5815=CARTESIAN_POINT('Ctrl Pts',(40.7168972898967,-41.7644495162925,-29.7057195553308));
#5816=CARTESIAN_POINT('Ctrl Pts',(40.5930796284617,-41.7971672011325,-30.0091085162944));
#5817=CARTESIAN_POINT('Ctrl Pts',(40.5501199362012,-41.8064467241456,-30.2195333598648));
#5818=CARTESIAN_POINT('Ctrl Pts',(40.5501199362012,-41.8064467241456,-30.4465964833591));
#5819=CARTESIAN_POINT('',(42.813902868041,-40.1235741756839,-29.3655648427374));
#5820=CARTESIAN_POINT('Origin',(39.77095506341,-38.3942770183706,-29.3655648427374));
#5821=CARTESIAN_POINT('Ctrl Pts',(43.0493853752361,-39.6197951498155,-30.4465964833591));
#5822=CARTESIAN_POINT('Ctrl Pts',(43.0493853752361,-39.6197951498155,-30.2195553047943));
#5823=CARTESIAN_POINT('Ctrl Pts',(43.0344843250523,-39.66113346986,-30.009148740138));
#5824=CARTESIAN_POINT('Ctrl Pts',(42.9856150846752,-39.7794954868806,-29.7057574709201));
#5825=CARTESIAN_POINT('Ctrl Pts',(42.9586819112536,-39.8412163235556,-29.6012192371349));
#5826=CARTESIAN_POINT('Ctrl Pts',(42.9092353974232,-39.9444279012326,-29.4764622191715));
#5827=CARTESIAN_POINT('Ctrl Pts',(42.8904000690278,-39.9819168592137,-29.4412836696509));
#5828=CARTESIAN_POINT('Ctrl Pts',(42.8624959179451,-40.0352571091974,-29.4021058990631));
#5829=CARTESIAN_POINT('Ctrl Pts',(42.8518586300256,-40.0551689019541,-29.38967178836));
#5830=CARTESIAN_POINT('Ctrl Pts',(42.8371967378882,-40.0819436795784,-29.3772085888268));
#5831=CARTESIAN_POINT('Ctrl Pts',(42.8334520275616,-40.0887305225999,-29.3743930644206));
#5832=CARTESIAN_POINT('Ctrl Pts',(42.8265829533408,-40.1010806697165,-29.370086406539));
#5833=CARTESIAN_POINT('Ctrl Pts',(42.8233374498514,-40.1068784611337,-29.3683667367773));
#5834=CARTESIAN_POINT('Ctrl Pts',(42.8180092661636,-40.1163338841451,-29.3663263895779));
#5835=CARTESIAN_POINT('Ctrl Pts',(42.8163211941827,-40.1193135988477,-29.3658980284172));
#5836=CARTESIAN_POINT('Ctrl Pts',(42.8147647577631,-40.1220568133049,-29.3656408516975));
#5837=CARTESIAN_POINT('Ctrl Pts',(42.814400141901,-40.1226989780204,-29.3655926276704));
#5838=CARTESIAN_POINT('Ctrl Pts',(42.8140218943548,-40.1233647191255,-29.3655686192292));
#5839=CARTESIAN_POINT('Ctrl Pts',(42.8138433473043,-40.1236789110061,-29.3655648427374));
#5840=CARTESIAN_POINT('Ctrl Pts',(42.813902868041,-40.1235741756839,-29.3655648427374));
#5841=CARTESIAN_POINT('Origin',(-28.0857527887134,-41.9942770183706,-33.2655639653566));
#5842=CARTESIAN_POINT('',(-6.68636627317804,-41.9942770183706,-31.8655639653566));
#5843=CARTESIAN_POINT('Ctrl Pts',(-8.13557178416986,-43.3942770183706,-33.2655639653566));
#5844=CARTESIAN_POINT('Ctrl Pts',(-8.13557195395955,-43.3942770237509,-33.2569789632528));
#5845=CARTESIAN_POINT('Ctrl Pts',(-8.13337161309782,-43.3942073091943,-33.2503232530415));
#5846=CARTESIAN_POINT('Ctrl Pts',(-8.12816566992024,-43.394027027899,-33.238492293187));
#5847=CARTESIAN_POINT('Ctrl Pts',(-8.12515747156108,-43.3939142518392,-33.2333181449961));
#5848=CARTESIAN_POINT('Ctrl Pts',(-8.11554490444726,-43.3935221389317,-33.218551015));
#5849=CARTESIAN_POINT('Ctrl Pts',(-8.10860757846344,-43.3931974732386,-33.2099148344978));
#5850=CARTESIAN_POINT('Ctrl Pts',(-8.08672296124256,-43.3920028879897,-33.1839389249247));
#5851=CARTESIAN_POINT('Ctrl Pts',(-8.07126022327687,-43.3909438439701,-33.167450620234));
#5852=CARTESIAN_POINT('Ctrl Pts',(-8.02175519779257,-43.3867045585619,-33.1162415668902));
#5853=CARTESIAN_POINT('Ctrl Pts',(-7.98567742727552,-43.3824827966747,-33.0802826707008));
#5854=CARTESIAN_POINT('Ctrl Pts',(-7.87151380139368,-43.3643374820819,-32.9677181580202));
#5855=CARTESIAN_POINT('Ctrl Pts',(-7.78503510578686,-43.3442268218952,-32.8837758277051));
#5856=CARTESIAN_POINT('Ctrl Pts',(-7.52164421708941,-43.2540549579054,-32.6287996652526));
#5857=CARTESIAN_POINT('Ctrl Pts',(-7.32797660537327,-43.1479109381969,-32.4426111378215));
#5858=CARTESIAN_POINT('Ctrl Pts',(-7.04298431043803,-42.8833717794438,-32.1725461790101));
#5859=CARTESIAN_POINT('Ctrl Pts',(-6.92633420963636,-42.7363234383664,-32.0634543075596));
#5860=CARTESIAN_POINT('Ctrl Pts',(-6.79739110774162,-42.4774076201788,-31.9481763880888));
#5861=CARTESIAN_POINT('Ctrl Pts',(-6.76179899875708,-42.3848000217494,-31.9175455211788));
#5862=CARTESIAN_POINT('Ctrl Pts',(-6.70957535586115,-42.1928020497934,-31.8762438384365));
#5863=CARTESIAN_POINT('Ctrl Pts',(-6.69294011798813,-42.0934146322357,-31.8655639653566));
#5864=CARTESIAN_POINT('Ctrl Pts',(-6.68636627317804,-41.9942770183706,-31.8655639653566));
#5865=CARTESIAN_POINT('',(0.222167770971666,-41.9942770183706,-31.8655639653566));
#5866=CARTESIAN_POINT('Ctrl Pts',(0.222167770971666,-41.9942770183706,-31.8655639653566));
#5867=CARTESIAN_POINT('Ctrl Pts',(0.233901937620706,-42.1698979436507,-31.8655639653566));
#5868=CARTESIAN_POINT('Ctrl Pts',(0.278890763502959,-42.3492407389063,-31.9005482514622));
#5869=CARTESIAN_POINT('Ctrl Pts',(0.421695365140991,-42.6674902711436,-32.0261887501549));
#5870=CARTESIAN_POINT('Ctrl Pts',(0.519105749833743,-42.8067674233454,-32.1163664116219));
#5871=CARTESIAN_POINT('Ctrl Pts',(0.768199623819463,-43.0748197407637,-32.3505461435893));
#5872=CARTESIAN_POINT('Ctrl Pts',(0.949118987401707,-43.1983017253483,-32.5235976094324));
#5873=CARTESIAN_POINT('Ctrl Pts',(1.33147742655794,-43.3581396825156,-32.8913070240732));
#5874=CARTESIAN_POINT('Ctrl Pts',(1.53296945211086,-43.3942770183706,-33.0860049161676));
#5875=CARTESIAN_POINT('Ctrl Pts',(1.71883072568126,-43.3942770183706,-33.2655639653566));
#5876=CARTESIAN_POINT('',(-28.0857527887134,-41.9942770183706,-31.8655639653566));
#5877=CARTESIAN_POINT('Origin',(-28.0857527887134,-41.9942770183706,-33.2655639653566));
#5878=CARTESIAN_POINT('',(-26.6570843078043,-42.3950295290232,-31.924147764021));
#5879=CARTESIAN_POINT('',(-26.6570843078043,-41.9942770183706,-31.8655639653566));
#5880=CARTESIAN_POINT('Origin',(-26.6570843078043,-41.9942770183706,-33.2655639653566));
#5881=CARTESIAN_POINT('',(-35.7964360184965,-41.9942770183706,-31.8655639653566));
#5882=CARTESIAN_POINT('',(-28.0857527887134,-41.9942770183706,-31.8655639653566));
#5883=CARTESIAN_POINT('',(-35.7964360184965,-42.3942770183705,-31.9239231788567));
#5884=CARTESIAN_POINT('Origin',(-35.7964360184965,-41.9942770183706,-33.2655639653566));
#5885=CARTESIAN_POINT('',(-36.7724688462959,-43.3939897644416,-33.2372050428355));
#5886=CARTESIAN_POINT('Ctrl Pts',(-36.7724688462958,-43.3939897644416,-33.2372050428355));
#5887=CARTESIAN_POINT('Ctrl Pts',(-36.6510234345302,-43.3910782249937,-33.0935000458316));
#5888=CARTESIAN_POINT('Ctrl Pts',(-36.5208031935671,-43.3649009915735,-32.9393763086581));
#5889=CARTESIAN_POINT('Ctrl Pts',(-36.2660257222658,-43.2540555997895,-32.632016390522));
#5890=CARTESIAN_POINT('Ctrl Pts',(-36.1424638686186,-43.1654945769611,-32.4794718792585));
#5891=CARTESIAN_POINT('Ctrl Pts',(-35.97699622465,-42.9763517209862,-32.2610053473043));
#5892=CARTESIAN_POINT('Ctrl Pts',(-35.9130179035168,-42.8784707059343,-32.1716682147432));
#5893=CARTESIAN_POINT('Ctrl Pts',(-35.8225460807848,-42.6519773915783,-32.0222471228673));
#5894=CARTESIAN_POINT('Ctrl Pts',(-35.7964360184965,-42.5231013585752,-31.9623311764373));
#5895=CARTESIAN_POINT('Ctrl Pts',(-35.7964360184965,-42.3942770183707,-31.9239231788568));
#5896=CARTESIAN_POINT('Origin',(-36.7724688462959,-41.9942770183706,-33.2655639653566));
#5897=CARTESIAN_POINT('Ctrl Pts',(-26.6570843078043,-42.3950295290232,-31.924147764021));
#5898=CARTESIAN_POINT('Ctrl Pts',(-26.6570843078043,-42.4063909527109,-31.9275420267882));
#5899=CARTESIAN_POINT('Ctrl Pts',(-26.6568905731202,-42.4177195367157,-31.9310838151693));
#5900=CARTESIAN_POINT('Ctrl Pts',(-26.6526325779749,-42.5429897761624,-31.9720051431401));
#5901=CARTESIAN_POINT('Ctrl Pts',(-26.6284278359854,-42.6518214201035,-32.0248913382447));
#5902=CARTESIAN_POINT('Ctrl Pts',(-26.5473104116974,-42.8703971129401,-32.1632217719359));
#5903=CARTESIAN_POINT('Ctrl Pts',(-26.4807013006659,-42.9733085501596,-32.2564037122744));
#5904=CARTESIAN_POINT('Ctrl Pts',(-26.3310035663115,-43.1424145587823,-32.4539684033243));
#5905=CARTESIAN_POINT('Ctrl Pts',(-26.2474822013705,-43.2080570621366,-32.5584951544094));
#5906=CARTESIAN_POINT('Ctrl Pts',(-26.0786021930692,-43.3071183562035,-32.7659081208635));
#5907=CARTESIAN_POINT('Ctrl Pts',(-25.9897961130782,-43.3418450959594,-32.872739435507));
#5908=CARTESIAN_POINT('Ctrl Pts',(-25.8669714152266,-43.3736689891617,-33.020990593492));
#5909=CARTESIAN_POINT('Ctrl Pts',(-25.8267472751695,-43.3812451472615,-33.0693291351169));
#5910=CARTESIAN_POINT('Ctrl Pts',(-25.7707633342569,-43.388728239401,-33.1389008550946));
#5911=CARTESIAN_POINT('Ctrl Pts',(-25.7527144485221,-43.390590600566,-33.1613985593414));
#5912=CARTESIAN_POINT('Ctrl Pts',(-25.7272378596369,-43.3926029397747,-33.1961549075639));
#5913=CARTESIAN_POINT('Ctrl Pts',(-25.7190422201685,-43.393136282389,-33.2076605744586));
#5914=CARTESIAN_POINT('Ctrl Pts',(-25.7078132686905,-43.3937491048932,-33.2266070727065));
#5915=CARTESIAN_POINT('Ctrl Pts',(-25.7043032848581,-43.393919876267,-33.2331556376097));
#5916=CARTESIAN_POINT('Ctrl Pts',(-25.698313678064,-43.3941826087756,-33.2476871533215));
#5917=CARTESIAN_POINT('Ctrl Pts',(-25.6958716128524,-43.3942770183706,-33.255685511977));
#5918=CARTESIAN_POINT('Ctrl Pts',(-25.6958716128524,-43.3942770183706,-33.2655639653566));
#5919=CARTESIAN_POINT('Origin',(-28.0857527887134,-41.9942770183706,-33.2655639653566));
#5920=CARTESIAN_POINT('',(-20.0875224260959,-41.9942770183706,-31.8655639653566));
#5921=CARTESIAN_POINT('Ctrl Pts',(-21.5367279370878,-43.3942770183706,-33.2655639653566));
#5922=CARTESIAN_POINT('Ctrl Pts',(-21.5367281068775,-43.3942770237509,-33.2569789632528));
#5923=CARTESIAN_POINT('Ctrl Pts',(-21.5345277660157,-43.3942073091943,-33.2503232530415));
#5924=CARTESIAN_POINT('Ctrl Pts',(-21.5293218228381,-43.394027027899,-33.238492293187));
#5925=CARTESIAN_POINT('Ctrl Pts',(-21.5263136244789,-43.3939142518392,-33.2333181449962));
#5926=CARTESIAN_POINT('Ctrl Pts',(-21.5167010573651,-43.3935221389317,-33.2185510150001));
#5927=CARTESIAN_POINT('Ctrl Pts',(-21.5097637313815,-43.3931974732386,-33.2099148344977));
#5928=CARTESIAN_POINT('Ctrl Pts',(-21.4878791141606,-43.3920028879897,-33.1839389249246));
#5929=CARTESIAN_POINT('Ctrl Pts',(-21.4724163761948,-43.3909438439701,-33.167450620234));
#5930=CARTESIAN_POINT('Ctrl Pts',(-21.4229113507105,-43.3867045585619,-33.1162415668902));
#5931=CARTESIAN_POINT('Ctrl Pts',(-21.3868335801935,-43.3824827966747,-33.0802826707008));
#5932=CARTESIAN_POINT('Ctrl Pts',(-21.2726699543116,-43.3643374820819,-32.9677181580202));
#5933=CARTESIAN_POINT('Ctrl Pts',(-21.1861912587048,-43.3442268218952,-32.8837758277052));
#5934=CARTESIAN_POINT('Ctrl Pts',(-20.9228003700073,-43.2540549579054,-32.6287996652526));
#5935=CARTESIAN_POINT('Ctrl Pts',(-20.7291327582912,-43.1479109381969,-32.4426111378215));
#5936=CARTESIAN_POINT('Ctrl Pts',(-20.4441404633559,-42.8833717794438,-32.1725461790101));
#5937=CARTESIAN_POINT('Ctrl Pts',(-20.3274903625542,-42.7363234383664,-32.0634543075596));
#5938=CARTESIAN_POINT('Ctrl Pts',(-20.1985472606595,-42.4774076201788,-31.9481763880888));
#5939=CARTESIAN_POINT('Ctrl Pts',(-20.162955151675,-42.3848000217494,-31.9175455211788));
#5940=CARTESIAN_POINT('Ctrl Pts',(-20.110731508779,-42.1928020497933,-31.8762438384365));
#5941=CARTESIAN_POINT('Ctrl Pts',(-20.094096270906,-42.0934146322357,-31.8655639653566));
#5942=CARTESIAN_POINT('Ctrl Pts',(-20.0875224260959,-41.9942770183706,-31.8655639653566));
#5943=CARTESIAN_POINT('',(-13.1778271049795,-41.9942770183706,-31.8655639653566));
#5944=CARTESIAN_POINT('Ctrl Pts',(-13.1778271049795,-41.9942770183706,-31.8655639653566));
#5945=CARTESIAN_POINT('Ctrl Pts',(-13.1712532601694,-42.0934146322357,-31.8655639653566));
#5946=CARTESIAN_POINT('Ctrl Pts',(-13.1546180222964,-42.1928020497934,-31.8762438384365));
#5947=CARTESIAN_POINT('Ctrl Pts',(-13.1023943794004,-42.3848000217494,-31.9175455211788));
#5948=CARTESIAN_POINT('Ctrl Pts',(-13.0668022704159,-42.4774076201788,-31.9481763880888));
#5949=CARTESIAN_POINT('Ctrl Pts',(-12.9378591685212,-42.7363234383664,-32.0634543075596));
#5950=CARTESIAN_POINT('Ctrl Pts',(-12.8212090677195,-42.8833717794438,-32.1725461790101));
#5951=CARTESIAN_POINT('Ctrl Pts',(-12.5362167727842,-43.1479109381969,-32.4426111378216));
#5952=CARTESIAN_POINT('Ctrl Pts',(-12.3425491610681,-43.2540549579054,-32.6287996652526));
#5953=CARTESIAN_POINT('Ctrl Pts',(-12.0791582723706,-43.3442268218953,-32.8837758277052));
#5954=CARTESIAN_POINT('Ctrl Pts',(-11.9926795767638,-43.3643374820819,-32.9677181580202));
#5955=CARTESIAN_POINT('Ctrl Pts',(-11.8785159508819,-43.3824827966747,-33.0802826707008));
#5956=CARTESIAN_POINT('Ctrl Pts',(-11.8424381803649,-43.3867045585619,-33.1162415668902));
#5957=CARTESIAN_POINT('Ctrl Pts',(-11.7929331548806,-43.3909438439701,-33.167450620234));
#5958=CARTESIAN_POINT('Ctrl Pts',(-11.7774704169148,-43.3920028879897,-33.1839389249246));
#5959=CARTESIAN_POINT('Ctrl Pts',(-11.7555857996939,-43.3931974732386,-33.2099148344977));
#5960=CARTESIAN_POINT('Ctrl Pts',(-11.7486484737103,-43.3935221389317,-33.2185510150001));
#5961=CARTESIAN_POINT('Ctrl Pts',(-11.7390359065965,-43.3939142518392,-33.2333181449962));
#5962=CARTESIAN_POINT('Ctrl Pts',(-11.7360277082373,-43.394027027899,-33.238492293187));
#5963=CARTESIAN_POINT('Ctrl Pts',(-11.7308217650597,-43.3942073091943,-33.2503232530415));
#5964=CARTESIAN_POINT('Ctrl Pts',(-11.7286215939876,-43.3942770183706,-33.2569789632511));
#5965=CARTESIAN_POINT('Ctrl Pts',(-11.7286215939876,-43.3942770183706,-33.2655639653566));
#5966=CARTESIAN_POINT('',(-28.0857527887134,-41.9942770183706,-31.8655639653566));
#5967=CARTESIAN_POINT('Origin',(-16.9424606408367,-42.6442770183706,-31.8655639653566));
#5968=CARTESIAN_POINT('',(0.218830725681242,-41.8942770183707,-31.8655639653566));
#5969=CARTESIAN_POINT('Origin',(1.71883072568125,-41.8942770183706,-31.8655639653566));
#5970=CARTESIAN_POINT('',(-6.68307931710404,-41.8942770183707,-31.8655639653566));
#5971=CARTESIAN_POINT('',(-36.7724688462959,-41.8942770183707,-31.8655639653566));
#5972=CARTESIAN_POINT('',(-6.68307931710404,-41.8950295290232,-31.8655639653566));
#5973=CARTESIAN_POINT('',(-6.68307931710404,-42.2696532736969,-31.8655639653566));
#5974=CARTESIAN_POINT('Origin',(-8.18307931710405,-41.8950295290232,-31.8655639653566));
#5975=CARTESIAN_POINT('Origin',(-16.9424606408367,-42.6442770183706,-31.8655639653566));
#5976=CARTESIAN_POINT('',(-13.1811140610535,-41.8950295290232,-31.8655639653566));
#5977=CARTESIAN_POINT('Origin',(-11.6811140610535,-41.8950295290232,-31.8655639653566));
#5978=CARTESIAN_POINT('',(-13.1811140610535,-41.8942770183707,-31.8655639653566));
#5979=CARTESIAN_POINT('',(-13.1811140610535,-42.2692770183706,-31.8655639653566));
#5980=CARTESIAN_POINT('',(-20.0842354700219,-41.8942770183707,-31.8655639653566));
#5981=CARTESIAN_POINT('',(-36.7724688462959,-41.8942770183707,-31.8655639653566));
#5982=CARTESIAN_POINT('',(-20.0842354700219,-41.8950295290232,-31.8655639653566));
#5983=CARTESIAN_POINT('',(-20.0842354700219,-42.2696532736969,-31.8655639653566));
#5984=CARTESIAN_POINT('Origin',(-21.5842354700219,-41.8950295290232,-31.8655639653566));
#5985=CARTESIAN_POINT('Origin',(-16.9424606408367,-42.6442770183706,-31.8655639653566));
#5986=CARTESIAN_POINT('',(-26.6570843078043,-41.8942770183707,-31.8655639653566));
#5987=CARTESIAN_POINT('',(-26.6570843078043,-42.2692770183706,-31.8655639653566));
#5988=CARTESIAN_POINT('',(-35.7964360184965,-41.8942770183707,-31.8655639653566));
#5989=CARTESIAN_POINT('',(-36.7724688462959,-41.8942770183707,-31.8655639653566));
#5990=CARTESIAN_POINT('',(-35.7964360184965,-42.5192770183706,-31.8655639653566));
#5991=CARTESIAN_POINT('Origin',(-35.7964360184965,-42.3942770183706,-29.3655648427374));
#5992=CARTESIAN_POINT('',(-35.7964360184965,-41.8942770183706,-28.3655648427374));
#5993=CARTESIAN_POINT('',(-35.7964360184965,-41.8942770183706,-29.3655648427374));
#5994=CARTESIAN_POINT('',(-35.7964360184965,-42.3942770183706,-28.3655648427374));
#5995=CARTESIAN_POINT('',(-35.7964360184965,-42.3942770183706,-28.3655648427374));
#5996=CARTESIAN_POINT('',(-35.7964360184965,-42.3942770183706,-29.3655648427374));
#5997=CARTESIAN_POINT('Origin',(-35.7964360184965,-41.8942770183706,-29.3655648427374));
#5998=CARTESIAN_POINT('',(-39.22904493659,-41.8942770183706,-33.2655648427374));
#5999=CARTESIAN_POINT('',(39.77095506341,-41.8942770183706,-33.2655648427374));
#6000=CARTESIAN_POINT('',(-17.7627404775432,-41.8942770183706,-33.2655639653566));
#6001=CARTESIAN_POINT('',(-39.22904493659,-41.8942770183706,-28.3655648427374));
#6002=CARTESIAN_POINT('',(-39.22904493659,-41.8942770183706,-29.3655648427374));
#6003=CARTESIAN_POINT('',(-39.22904493659,-41.8942770183706,-28.3655648427374));
#6004=CARTESIAN_POINT('',(-26.6570843078043,-41.8942770183706,-28.3655648427374));
#6005=CARTESIAN_POINT('',(-26.6570843078043,-41.8942770183706,-29.3655648427374));
#6006=CARTESIAN_POINT('',(-20.0842354700219,-41.8942770183706,-28.3655648427374));
#6007=CARTESIAN_POINT('',(-26.6570843078043,-41.8942770183706,-28.3655648427374));
#6008=CARTESIAN_POINT('',(-20.0842354700219,-41.8942770183706,-29.3655648427374));
#6009=CARTESIAN_POINT('',(-13.1811140610535,-41.8942770183706,-28.3655648427374));
#6010=CARTESIAN_POINT('',(-13.1811140610535,-41.8942770183706,-29.3655648427374));
#6011=CARTESIAN_POINT('',(-6.68307931710404,-41.8942770183706,-28.3655648427374));
#6012=CARTESIAN_POINT('',(-13.1811140610535,-41.8942770183706,-28.3655648427374));
#6013=CARTESIAN_POINT('',(-6.68307931710404,-41.8942770183706,-29.3655648427374));
#6014=CARTESIAN_POINT('',(0.218830725681243,-41.8942770183706,-28.3655648427374));
#6015=CARTESIAN_POINT('',(0.218830725681242,-41.8942770183706,-29.3655648427374));
#6016=CARTESIAN_POINT('',(39.77095506341,-41.8942770183706,-28.3655648427374));
#6017=CARTESIAN_POINT('',(39.77095506341,-41.8942770183706,-28.3655648427374));
#6018=CARTESIAN_POINT('',(39.77095506341,-41.8942770183706,-29.3655648427374));
#6019=CARTESIAN_POINT('Origin',(-25.6570843078043,-42.3950295290232,-29.3655648427374));
#6020=CARTESIAN_POINT('',(-26.6570843078043,-42.3950295290232,-28.3655648427374));
#6021=CARTESIAN_POINT('',(-26.6570843078043,-42.3950295290232,-29.3655648427374));
#6022=CARTESIAN_POINT('',(-25.6570843078043,-43.3950295290232,-33.2655648427374));
#6023=CARTESIAN_POINT('Origin',(-25.6570843078043,-42.3950295290232,-33.2655648427374));
#6024=CARTESIAN_POINT('',(-25.6570843078043,-43.3950295290232,-28.3655648427374));
#6025=CARTESIAN_POINT('',(-25.6570843078043,-43.3950295290232,-29.3655648427374));
#6026=CARTESIAN_POINT('Origin',(-25.6570843078043,-42.3950295290232,-28.3655648427374));
#6027=CARTESIAN_POINT('Origin',(-11.6811140610535,-41.8950295290232,-29.3655648427374));
#6028=CARTESIAN_POINT('',(-11.6811140610535,-43.3950295290232,-33.2655648427374));
#6029=CARTESIAN_POINT('Origin',(-11.6811140610535,-41.8950295290232,-33.2655648427374));
#6030=CARTESIAN_POINT('',(-11.6811140610535,-43.3950295290232,-28.3655648427374));
#6031=CARTESIAN_POINT('',(-11.6811140610535,-43.3950295290232,-29.3655648427374));
#6032=CARTESIAN_POINT('',(-13.1811140610535,-41.8950295290232,-28.3655648427374));
#6033=CARTESIAN_POINT('Origin',(-11.6811140610535,-41.8950295290232,-28.3655648427374));
#6034=CARTESIAN_POINT('',(-13.1811140610535,-41.8950295290232,-29.3655648427374));
#6035=CARTESIAN_POINT('Origin',(0.270955063410007,-13.3942770183706,-33.2655639653566));
#6036=CARTESIAN_POINT('',(43.1248325824054,-39.3950295290232,-33.2655648427374));
#6037=CARTESIAN_POINT('Origin',(39.77095506341,-38.3942770183706,-33.2655639653566));
#6038=CARTESIAN_POINT('',(44.6697808831777,-39.3950295290232,-33.2655648427374));
#6039=CARTESIAN_POINT('',(22.4703679732938,-39.3950295290232,-33.2655639653566));
#6040=CARTESIAN_POINT('',(44.672759787911,-39.3803350505674,-33.2655639653566));
#6041=CARTESIAN_POINT('Origin',(39.77095506341,-38.3942770183706,-33.2655639653566));
#6042=CARTESIAN_POINT('',(43.23495506341,-39.3803350505674,-33.2655639653566));
#6043=CARTESIAN_POINT('',(22.52095506341,-39.3803350505674,-33.2655639653566));
#6044=CARTESIAN_POINT('',(43.23495506341,12.135723160443,-33.2655648427374));
#6045=CARTESIAN_POINT('',(43.23495506341,-13.4549926950517,-33.2655639653566));
#6046=CARTESIAN_POINT('',(43.2305937454775,12.135723160443,-33.2655648427374));
#6047=CARTESIAN_POINT('',(21.7507744044437,12.135723160443,-33.2655639653566));
#6048=CARTESIAN_POINT('',(39.77095506341,15.1057229816294,-33.2655648427374));
#6049=CARTESIAN_POINT('Origin',(39.77095506341,11.6057229816294,-33.2655639653566));
#6050=CARTESIAN_POINT('',(-39.22904493659,15.1057229816294,-33.2655648427374));
#6051=CARTESIAN_POINT('',(-19.47904493659,15.1057229816294,-33.2655639653566));
#6052=CARTESIAN_POINT('',(-42.72904493659,11.6057229816294,-33.2655648427374));
#6053=CARTESIAN_POINT('Origin',(-39.22904493659,11.6057229816294,-33.2655639653566));
#6054=CARTESIAN_POINT('',(-42.72904493659,-9.47601844082559,-33.2655639653566));
#6055=CARTESIAN_POINT('',(-28.3199656987594,-7.05775986328052,-33.2655639653566));
#6056=CARTESIAN_POINT('',(-42.72904493659,-7.05775986328052,-33.2655639653566));
#6057=CARTESIAN_POINT('',(-28.3199656987594,-19.5977804617127,-33.2655639653566));
#6058=CARTESIAN_POINT('',(-28.3199656987594,-7.05775986328052,-33.2655639653566));
#6059=CARTESIAN_POINT('',(-28.3199656987594,-19.5977804617127,-33.2655639653566));
#6060=CARTESIAN_POINT('',(-44.22904493659,-26.4488132556916,-33.2655648427374));
#6061=CARTESIAN_POINT('',(-44.22904493659,-38.3942770183706,-33.2655639653566));
#6062=CARTESIAN_POINT('',(-43.22904493659,-25.4488132556916,-33.2655648427374));
#6063=CARTESIAN_POINT('Origin',(-43.22904493659,-26.4488132556916,-33.2655639653566));
#6064=CARTESIAN_POINT('',(-42.72904493659,-25.4488132556916,-33.2655648427374));
#6065=CARTESIAN_POINT('',(-21.2290449365899,-25.4488132556914,-33.2655639653566));
#6066=CARTESIAN_POINT('',(-42.72904493659,-38.3942770183706,-33.2655648427374));
#6067=CARTESIAN_POINT('',(-42.72904493659,-25.8942770183706,-33.2655639653566));
#6068=CARTESIAN_POINT('Origin',(-39.22904493659,-38.3942770183706,-33.2655639653566));
#6069=CARTESIAN_POINT('',(17.5,-37.6299999999997,-33.2655639653566));
#6070=CARTESIAN_POINT('Origin',(19.,-37.6299999999997,-33.2655639653566));
#6071=CARTESIAN_POINT('',(-40.5,11.3700000000003,-33.2655639653566));
#6072=CARTESIAN_POINT('Origin',(-39.,11.3700000000003,-33.2655639653566));
#6073=CARTESIAN_POINT('',(20.2681783913455,11.5202789631298,-33.2655639653566));
#6074=CARTESIAN_POINT('',(19.3660023493449,9.63450586610417,-33.2655639653566));
#6075=CARTESIAN_POINT('Ctrl Pts',(20.2681783913455,11.5202789631298,-33.2655639653566));
#6076=CARTESIAN_POINT('Ctrl Pts',(20.3190023381229,11.4130440443006,-33.2655639653566));
#6077=CARTESIAN_POINT('Ctrl Pts',(20.3543964984135,11.2991513291443,-33.2655639653566));
#6078=CARTESIAN_POINT('Ctrl Pts',(20.3737843362577,11.1820367301374,-33.2655639653566));
#6079=CARTESIAN_POINT('Ctrl Pts',(20.3937326025066,11.061536795003,-33.2655639653566));
#6080=CARTESIAN_POINT('Ctrl Pts',(20.3965459545833,10.9388171940787,-33.2655639653566));
#6081=CARTESIAN_POINT('Ctrl Pts',(20.3826113845406,10.8174353135435,-33.2655639653566));
#6082=CARTESIAN_POINT('Ctrl Pts',(20.3624103871424,10.6414675552736,-33.2655639653566));
#6083=CARTESIAN_POINT('Ctrl Pts',(20.3073902136952,10.4712782260032,-33.2655639653566));
#6084=CARTESIAN_POINT('Ctrl Pts',(20.2218009201996,10.3160368494403,-33.2655639653566));
#6085=CARTESIAN_POINT('Ctrl Pts',(20.1329270197767,10.1548378714057,-33.2655639653566));
#6086=CARTESIAN_POINT('Ctrl Pts',(20.012882110415,10.0129229367734,-33.2655639653566));
#6087=CARTESIAN_POINT('Ctrl Pts',(19.8693319672982,9.89745958646802,-33.2655639653566));
#6088=CARTESIAN_POINT('Ctrl Pts',(19.7204785401921,9.77773058428853,-33.2655639653566));
#6089=CARTESIAN_POINT('Ctrl Pts',(19.5493152231812,9.68877910749231,-33.2655639653566));
#6090=CARTESIAN_POINT('Ctrl Pts',(19.3660023493449,9.63450586610417,-33.2655639653566));
#6091=CARTESIAN_POINT('',(17.8532681672685,10.2334396986526,-33.2655639653566));
#6092=CARTESIAN_POINT('Origin',(19.0735639815035,11.1057229816294,-33.2655639653566));
#6093=CARTESIAN_POINT('',(18.486510652243,12.2256911234103,-33.2655639653566));
#6094=CARTESIAN_POINT('Ctrl Pts',(17.8532681672685,10.2334396986526,-33.2655639653566));
#6095=CARTESIAN_POINT('Ctrl Pts',(17.7839808468571,10.3519745607751,-33.2655639653566));
#6096=CARTESIAN_POINT('Ctrl Pts',(17.7313682087233,10.4794932272426,-33.2655639653566));
#6097=CARTESIAN_POINT('Ctrl Pts',(17.697389960519,10.6124815735832,-33.2655639653566));
#6098=CARTESIAN_POINT('Ctrl Pts',(17.6642686685963,10.7421158565215,-33.2655639653566));
#6099=CARTESIAN_POINT('Ctrl Pts',(17.6491807699736,10.8756951700374,-33.2655639653566));
#6100=CARTESIAN_POINT('Ctrl Pts',(17.6530325952133,11.0093988122567,-33.2655639653566));
#6101=CARTESIAN_POINT('Ctrl Pts',(17.6582474629802,11.1904160627062,-33.2655639653566));
#6102=CARTESIAN_POINT('Ctrl Pts',(17.6981071084497,11.3687306648156,-33.2655639653566));
#6103=CARTESIAN_POINT('Ctrl Pts',(17.771571010549,11.5340903682333,-33.2655639653566));
#6104=CARTESIAN_POINT('Ctrl Pts',(17.8422712651179,11.6932293847159,-33.2655639653566));
#6105=CARTESIAN_POINT('Ctrl Pts',(17.9427845992658,11.8373337538451,-33.2655639653566));
#6106=CARTESIAN_POINT('Ctrl Pts',(18.0684824176195,11.9576343291926,-33.2655639653566));
#6107=CARTESIAN_POINT('Ctrl Pts',(18.189264606402,12.0732303434479,-33.2655639653566));
#6108=CARTESIAN_POINT('Ctrl Pts',(18.3310342064986,12.1646309185088,-33.2655639653566));
#6109=CARTESIAN_POINT('Ctrl Pts',(18.486510652243,12.2256911234103,-33.2655639653566));
#6110=CARTESIAN_POINT('Origin',(19.0735639815035,11.1057229816294,-33.2655639653566));
#6111=CARTESIAN_POINT('',(-40.5,-37.6299999999997,-33.2655639653566));
#6112=CARTESIAN_POINT('Origin',(-39.,-37.6299999999997,-33.2655639653566));
#6113=CARTESIAN_POINT('',(23.4821505465047,14.6057229816294,-33.2655639653566));
#6114=CARTESIAN_POINT('',(38.77095506341,14.6057229816294,-33.2655639653566));
#6115=CARTESIAN_POINT('',(38.77095506341,14.6057229816294,-33.2655639653566));
#6116=CARTESIAN_POINT('',(41.27095506341,12.1057229816294,-33.2655639653566));
#6117=CARTESIAN_POINT('Origin',(38.77095506341,12.1057229816294,-33.2655639653566));
#6118=CARTESIAN_POINT('',(41.27095506341,-38.3942770183706,-33.2655639653566));
#6119=CARTESIAN_POINT('',(41.27095506341,12.1057229816294,-33.2655639653566));
#6120=CARTESIAN_POINT('',(39.77095506341,-39.8942770183706,-33.2655639653566));
#6121=CARTESIAN_POINT('Origin',(39.77095506341,-38.3942770183706,-33.2655639653566));
#6122=CARTESIAN_POINT('',(24.3454631035227,-39.8942770183706,-33.2655639653566));
#6123=CARTESIAN_POINT('',(39.77095506341,-39.8942770183706,-33.2655639653566));
#6124=CARTESIAN_POINT('',(23.7146556283801,-38.9649240824043,-33.2655639653566));
#6125=CARTESIAN_POINT('',(23.7146556283801,-38.9649240824043,-33.2655639653566));
#6126=CARTESIAN_POINT('',(14.2853443716199,-38.9649240824043,-33.2655639653566));
#6127=CARTESIAN_POINT('Origin',(19.,-37.6299999999997,-33.2655639653566));
#6128=CARTESIAN_POINT('',(13.6545368964773,-39.8942770183706,-33.2655639653566));
#6129=CARTESIAN_POINT('',(13.6545368964773,-39.8942770183706,-33.2655639653566));
#6130=CARTESIAN_POINT('',(-33.695056372143,-39.8942770183706,-33.2655639653566));
#6131=CARTESIAN_POINT('',(13.6545368964773,-39.8942770183706,-33.2655639653566));
#6132=CARTESIAN_POINT('',(-34.3229917180768,-38.9660702024107,-33.2655639653566));
#6133=CARTESIAN_POINT('',(-33.695056372143,-39.8942770183706,-33.2655639653566));
#6134=CARTESIAN_POINT('',(-39.7627685868584,-32.8260772135833,-33.2655639653566));
#6135=CARTESIAN_POINT('Origin',(-39.,-37.6299999999997,-33.2655639653566));
#6136=CARTESIAN_POINT('',(-40.72904493659,-32.0835845260024,-33.2655639653566));
#6137=CARTESIAN_POINT('',(-39.7627685868584,-32.8260772135833,-33.2655639653566));
#6138=CARTESIAN_POINT('',(-40.72904493659,-22.5977804617127,-33.2655639653566));
#6139=CARTESIAN_POINT('',(-40.72904493659,-32.0835845260024,-33.2655639653566));
#6140=CARTESIAN_POINT('',(-39.72904493659,-21.5977804617125,-33.2655639653566));
#6141=CARTESIAN_POINT('',(-39.72904493659,-21.5977804617125,-33.2655639653566));
#6142=CARTESIAN_POINT('',(-30.4499993808568,-21.5977804617127,-33.2655639653566));
#6143=CARTESIAN_POINT('',(-39.72904493659,-21.5977804617125,-33.2655639653566));
#6144=CARTESIAN_POINT('',(-27.6999993808568,-18.8477804617127,-33.2655639653566));
#6145=CARTESIAN_POINT('Origin',(-30.4499993808568,-18.8477804617127,-33.2655639653566));
#6146=CARTESIAN_POINT('',(-27.6999993808567,-7.80775986328052,-33.2655639653566));
#6147=CARTESIAN_POINT('',(-27.6999993808568,-18.8477804617127,-33.2655639653566));
#6148=CARTESIAN_POINT('',(-30.4499993808567,-5.05775986328052,-33.2655639653566));
#6149=CARTESIAN_POINT('Origin',(-30.4499993808567,-7.80775986328052,-33.2655639653566));
#6150=CARTESIAN_POINT('',(-39.72904493659,-5.05775986328051,-33.2655639653566));
#6151=CARTESIAN_POINT('',(-30.4499993808567,-5.05775986328052,-33.2655639653566));
#6152=CARTESIAN_POINT('',(-40.72904493659,-4.05775986328051,-33.2655639653566));
#6153=CARTESIAN_POINT('',(-40.72904493659,-4.05775986328051,-33.2655639653566));
#6154=CARTESIAN_POINT('',(-40.72904493659,5.78519862946607,-33.2655639653566));
#6155=CARTESIAN_POINT('',(-40.72904493659,-5.05775986328051,-33.2655639653566));
#6156=CARTESIAN_POINT('',(-39.7622484386557,6.52965111611115,-33.2655639653566));
#6157=CARTESIAN_POINT('',(-39.7622484386557,6.52965111611115,-33.2655639653566));
#6158=CARTESIAN_POINT('',(-35.3537269994606,8.09666940173534,-33.2655639653566));
#6159=CARTESIAN_POINT('Origin',(-39.,11.3700000000003,-33.2655639653566));
#6160=CARTESIAN_POINT('',(-35.3537269994606,14.6057229816294,-33.2655639653566));
#6161=CARTESIAN_POINT('',(-35.3537269994606,8.09666940173534,-33.2655639653566));
#6162=CARTESIAN_POINT('',(15.4981564690749,14.6057229816294,-33.2655639653566));
#6163=CARTESIAN_POINT('',(-35.3537269994606,14.6057229816294,-33.2655639653566));
#6164=CARTESIAN_POINT('',(15.4981564690749,14.5999996736646,-33.2655639653566));
#6165=CARTESIAN_POINT('',(15.4981564690749,14.6057229816294,-33.2655639653566));
#6166=CARTESIAN_POINT('',(15.499999653548,14.5999996736646,-33.2655639653566));
#6167=CARTESIAN_POINT('',(15.4981564690749,14.5999996736646,-33.2655639653566));
#6168=CARTESIAN_POINT('',(15.499999653548,7.77434183185516,-33.2655639653566));
#6169=CARTESIAN_POINT('',(15.499999653548,14.5999996736646,-33.2655639653566));
#6170=CARTESIAN_POINT('',(23.1233856974987,13.838378547148,-33.2655639653566));
#6171=CARTESIAN_POINT('Origin',(19.0735639815035,11.1057229816294,-33.2655639653566));
#6172=CARTESIAN_POINT('',(23.1233856974987,13.838378547148,-33.2655639653566));
#6173=CARTESIAN_POINT('Origin',(1.71883072568125,-41.8942770183706,-29.3655648427374));
#6174=CARTESIAN_POINT('Origin',(1.71883072568125,-41.8942770183706,-28.3655648427374));
#6175=CARTESIAN_POINT('Origin',(46.77095506341,19.135723160443,-29.3655648427374));
#6176=CARTESIAN_POINT('',(43.1937620192717,12.3367445564855,-29.3655648427374));
#6177=CARTESIAN_POINT('Origin',(39.77095506341,11.6057229816294,-29.3655648427374));
#6178=CARTESIAN_POINT('',(43.2305937454775,12.135723160443,-28.3655648427374));
#6179=CARTESIAN_POINT('',(43.2305937454775,12.135723160443,-29.3655648427374));
#6180=CARTESIAN_POINT('',(39.77095506341,15.1057229816294,-28.3655648427374));
#6181=CARTESIAN_POINT('Origin',(39.77095506341,11.6057229816294,-28.3655648427374));
#6182=CARTESIAN_POINT('',(39.77095506341,15.1057229816294,-29.3655648427374));
#6183=CARTESIAN_POINT('Origin',(-39.22904493659,15.1057229816294,-29.3655648427374));
#6184=CARTESIAN_POINT('',(-39.22904493659,15.1057229816294,-28.3655648427374));
#6185=CARTESIAN_POINT('',(-39.22904493659,15.1057229816294,-28.3655648427374));
#6186=CARTESIAN_POINT('',(-39.22904493659,15.1057229816294,-29.3655648427374));
#6187=CARTESIAN_POINT('Origin',(-39.22904493659,11.6057229816294,-29.3655648427374));
#6188=CARTESIAN_POINT('',(-42.72904493659,11.6057229816294,-28.3655648427374));
#6189=CARTESIAN_POINT('Origin',(-39.22904493659,11.6057229816294,-28.3655648427374));
#6190=CARTESIAN_POINT('',(-42.72904493659,11.6057229816294,-29.3655648427374));
#6191=CARTESIAN_POINT('Origin',(-42.72904493659,-5.55775986328055,-29.3655648427374));
#6192=CARTESIAN_POINT('',(-42.72904493659,-5.55775986328055,-28.3655648427374));
#6193=CARTESIAN_POINT('Origin',(43.2305937454775,12.135723160443,-29.3655648427374));
#6194=CARTESIAN_POINT('',(43.23495506341,12.135723160443,-30.2671458834491));
#6195=CARTESIAN_POINT('',(44.0007744044437,12.135723160443,-30.2671458834491));
#6196=CARTESIAN_POINT('',(43.2305937454775,12.135723160443,-28.3655648427374));
#6197=CARTESIAN_POINT('',(43.23495506341,12.135723160443,-32.1359601029153));
#6198=CARTESIAN_POINT('Origin',(0.256870378261747,5.52398155917442,-28.3655648427374));
#6199=CARTESIAN_POINT('Origin',(-39.22904493659,11.6057229816294,-28.3655648427374));
#6200=CARTESIAN_POINT('Origin',(44.77095506341,-22.9803350505674,-30.2671458834491));
#6201=CARTESIAN_POINT('',(43.23495506341,-22.9803350505674,-30.2671458834491));
#6202=CARTESIAN_POINT('',(43.23495506341,12.3489183071017,-30.2671458834491));
#6203=CARTESIAN_POINT('',(44.77095506341,-22.9803350505674,-30.2671458834491));
#6204=CARTESIAN_POINT('',(44.77095506341,-22.9803350505674,-30.2671458834491));
#6205=CARTESIAN_POINT('',(44.77095506341,12.3489183071017,-30.2671458834491));
#6206=CARTESIAN_POINT('',(44.77095506341,12.3489183071017,-30.2671458834491));
#6207=CARTESIAN_POINT('',(44.77095506341,12.3489183071017,-30.2671458834491));
#6208=CARTESIAN_POINT('Origin',(43.23495506341,-13.5157083717328,-34.9063553630932));
#6209=CARTESIAN_POINT('',(43.23495506341,-39.3803350505674,-31.2177517269119));
#6210=CARTESIAN_POINT('',(43.23495506341,-39.3803350505674,-31.2177517269119));
#6211=CARTESIAN_POINT('',(43.23495506341,-22.9803350505674,-31.2177517269119));
#6212=CARTESIAN_POINT('',(43.23495506341,-22.9803350505674,-31.2177517269119));
#6213=CARTESIAN_POINT('',(43.23495506341,-22.9803350505674,-30.2671458834491));
#6214=CARTESIAN_POINT('Origin',(-23.3706598889131,-42.6446532736969,-33.2655648427374));
#6215=CARTESIAN_POINT('',(-21.5842354700219,-43.3950295290232,-33.2655648427374));
#6216=CARTESIAN_POINT('Origin',(-21.5842354700219,-41.8950295290232,-33.2655648427374));
#6217=CARTESIAN_POINT('',(-21.5842354700219,-43.3950295290232,-33.2655648427374));
#6218=CARTESIAN_POINT('Origin',(-26.6570843078043,-41.8942770183706,-29.3655648427374));
#6219=CARTESIAN_POINT('',(-26.6570843078043,-42.3950295290232,-28.3655648427374));
#6220=CARTESIAN_POINT('Origin',(-20.0842354700219,-41.8950295290232,-29.3655648427374));
#6221=CARTESIAN_POINT('',(-20.0842354700219,-41.8950295290232,-28.3655648427374));
#6222=CARTESIAN_POINT('',(-20.0842354700219,-41.8942770183706,-28.3655648427374));
#6223=CARTESIAN_POINT('',(-20.0842354700219,-41.8950295290232,-29.3655648427374));
#6224=CARTESIAN_POINT('Origin',(-21.5842354700219,-41.8950295290232,-29.3655648427374));
#6225=CARTESIAN_POINT('',(-21.5842354700219,-43.3950295290232,-28.3655648427374));
#6226=CARTESIAN_POINT('Origin',(-21.5842354700219,-41.8950295290232,-28.3655648427374));
#6227=CARTESIAN_POINT('',(-21.5842354700219,-43.3950295290232,-29.3655648427374));
#6228=CARTESIAN_POINT('Origin',(-25.6570843078043,-43.3950295290232,-29.3655648427374));
#6229=CARTESIAN_POINT('',(-21.5842354700219,-43.3950295290232,-28.3655648427374));
#6230=CARTESIAN_POINT('Origin',(-23.3706598889131,-42.6446532736969,-28.3655648427374));
#6231=CARTESIAN_POINT('Origin',(-9.93209668907876,-42.6446532736969,-33.2655648427374));
#6232=CARTESIAN_POINT('',(-8.18307931710404,-43.3950295290232,-33.2655648427374));
#6233=CARTESIAN_POINT('Origin',(-8.18307931710405,-41.8950295290232,-33.2655648427374));
#6234=CARTESIAN_POINT('',(-8.18307931710404,-43.3950295290232,-33.2655648427374));
#6235=CARTESIAN_POINT('Origin',(-13.1811140610535,-41.8942770183706,-29.3655648427374));
#6236=CARTESIAN_POINT('',(-13.1811140610535,-41.8950295290232,-28.3655648427374));
#6237=CARTESIAN_POINT('Origin',(-6.68307931710404,-41.8950295290232,-29.3655648427374));
#6238=CARTESIAN_POINT('',(-6.68307931710404,-41.8950295290232,-28.3655648427374));
#6239=CARTESIAN_POINT('',(-6.68307931710404,-41.8942770183706,-28.3655648427374));
#6240=CARTESIAN_POINT('',(-6.68307931710404,-41.8950295290232,-29.3655648427374));
#6241=CARTESIAN_POINT('Origin',(-8.18307931710405,-41.8950295290232,-29.3655648427374));
#6242=CARTESIAN_POINT('',(-8.18307931710404,-43.3950295290232,-28.3655648427374));
#6243=CARTESIAN_POINT('Origin',(-8.18307931710405,-41.8950295290232,-28.3655648427374));
#6244=CARTESIAN_POINT('',(-8.18307931710404,-43.3950295290232,-29.3655648427374));
#6245=CARTESIAN_POINT('Origin',(-11.6811140610535,-43.3950295290232,-29.3655648427374));
#6246=CARTESIAN_POINT('',(-8.18307931710404,-43.3950295290232,-28.3655648427374));
#6247=CARTESIAN_POINT('Origin',(-9.93209668907876,-42.6446532736969,-28.3655648427374));
#6248=CARTESIAN_POINT('Origin',(-39.22904493659,-38.3942770183706,-29.3655648427374));
#6249=CARTESIAN_POINT('',(-42.72904493659,-38.3942770183706,-28.3655648427374));
#6250=CARTESIAN_POINT('',(-42.72904493659,-38.3942770183706,-29.3655648427374));
#6251=CARTESIAN_POINT('Origin',(-39.22904493659,-38.3942770183706,-28.3655648427374));
#6252=CARTESIAN_POINT('Origin',(-36.7964360184965,-42.3942770183707,-29.3655648427374));
#6253=CARTESIAN_POINT('Origin',(-36.7964360184965,-42.3942770183707,-28.3655648427374));
#6254=CARTESIAN_POINT('Origin',(-43.22904493659,-26.4488132556916,-29.3655648427374));
#6255=CARTESIAN_POINT('',(-44.22904493659,-26.4488132556916,-28.3655648427374));
#6256=CARTESIAN_POINT('',(-44.22904493659,-26.4488132556916,-29.3655648427374));
#6257=CARTESIAN_POINT('',(-43.22904493659,-25.4488132556916,-28.3655648427374));
#6258=CARTESIAN_POINT('Origin',(-43.22904493659,-26.4488132556916,-28.3655648427374));
#6259=CARTESIAN_POINT('',(-43.22904493659,-25.4488132556916,-29.3655648427374));
#6260=CARTESIAN_POINT('Origin',(-42.72904493659,-25.4488132556916,-29.3655648427374));
#6261=CARTESIAN_POINT('',(-42.72904493659,-25.4488132556916,-28.3655648427374));
#6262=CARTESIAN_POINT('',(-42.72904493659,-25.4488132556916,-28.3655648427374));
#6263=CARTESIAN_POINT('',(-42.72904493659,-25.4488132556916,-29.3655648427374));
#6264=CARTESIAN_POINT('Origin',(-42.72904493659,-38.3942770183706,-29.3655648427374));
#6265=CARTESIAN_POINT('',(-42.72904493659,-29.6048401569401,-28.3655648427374));
#6266=CARTESIAN_POINT('Origin',(-40.0127404775432,-34.4215451370311,-28.3655648427374));
#6267=CARTESIAN_POINT('',(-44.22904493659,-38.3942770183706,-28.3655648427374));
#6268=CARTESIAN_POINT('',(-44.22904493659,-26.4488132556916,-28.3655648427374));
#6269=CARTESIAN_POINT('Origin',(-39.22904493659,-38.3942770183706,-28.3655648427374));
#6270=CARTESIAN_POINT('Origin',(39.77095506341,-38.3942770183706,-29.3655648427374));
#6271=CARTESIAN_POINT('',(43.1248325824054,-39.3950295290232,-28.3655648427374));
#6272=CARTESIAN_POINT('Origin',(39.77095506341,-38.3942770183706,-28.3655648427374));
#6273=CARTESIAN_POINT('',(43.1248325824054,-39.3950295290232,-29.3655648427374));
#6274=CARTESIAN_POINT('Origin',(44.6697808831777,-39.3950295290232,-29.3655648427374));
#6275=CARTESIAN_POINT('',(44.6697808831777,-39.3950295290232,-28.3655648427374));
#6276=CARTESIAN_POINT('',(44.6697808831777,-39.3950295290232,-28.3655648427374));
#6277=CARTESIAN_POINT('',(44.6697808831777,-39.3950295290232,-29.3655648427374));
#6278=CARTESIAN_POINT('Origin',(22.4443058044295,-41.3946532736969,-28.3655648427374));
#6279=CARTESIAN_POINT('Origin',(39.77095506341,-38.3942770183706,-28.3655648427374));
#6280=CARTESIAN_POINT('Origin',(44.77095506341,-38.3942770183706,-33.2655639653566));
#6281=CARTESIAN_POINT('',(44.77095506341,-38.3942770183706,-33.2655639653566));
#6282=CARTESIAN_POINT('Origin',(39.77095506341,-38.3942770183706,-33.2655639653566));
#6283=CARTESIAN_POINT('',(44.77095506341,-39.3803350505674,-33.2655639653566));
#6284=CARTESIAN_POINT('',(44.77095506341,12.3489183071017,-33.2655639653566));
#6285=CARTESIAN_POINT('',(44.77095506341,-39.3803350505674,-33.2655639653566));
#6286=CARTESIAN_POINT('Origin',(44.77095506341,12.3489183071017,-30.2671458834491));
#6287=CARTESIAN_POINT('',(44.77095506341,12.3489183071017,-33.2655639653566));
#6288=CARTESIAN_POINT('',(44.77095506341,12.3489183071017,-33.2655639653566));
#6289=CARTESIAN_POINT('',(44.77095506341,12.3489183071017,-33.2655639653566));
#6290=CARTESIAN_POINT('Origin',(44.77095506341,-22.9803350505674,-31.2177517269119));
#6291=CARTESIAN_POINT('',(44.77095506341,-22.9803350505674,-31.2177517269119));
#6292=CARTESIAN_POINT('',(44.77095506341,-22.9803350505674,-30.2671458834491));
#6293=CARTESIAN_POINT('',(44.77095506341,-22.9803350505674,-31.2177517269119));
#6294=CARTESIAN_POINT('Origin',(44.77095506341,-39.3803350505674,-31.2177517269119));
#6295=CARTESIAN_POINT('',(44.77095506341,-39.3803350505674,-31.2177517269119));
#6296=CARTESIAN_POINT('',(44.77095506341,-22.9803350505674,-31.2177517269119));
#6297=CARTESIAN_POINT('',(44.77095506341,-39.3803350505674,-31.2177517269119));
#6298=CARTESIAN_POINT('Origin',(44.77095506341,-39.3803350505674,-33.2655639653566));
#6299=CARTESIAN_POINT('',(44.77095506341,-39.3803350505674,-31.2177517269119));
#6300=CARTESIAN_POINT('Origin',(44.77095506341,12.3489183071017,-33.2655639653566));
#6301=CARTESIAN_POINT('',(44.77095506341,12.3489183071017,-33.2655639653566));
#6302=CARTESIAN_POINT('Origin',(-39.,-37.6299999999997,-33.2655639653566));
#6303=CARTESIAN_POINT('',(-39.7627685868584,-32.8260772135833,-36.2655648427566));
#6304=CARTESIAN_POINT('',(-34.3229917180768,-38.9660702024107,-33.2655639653566));
#6305=CARTESIAN_POINT('Origin',(-40.72904493659,-32.0835845260024,-33.2655639653566));
#6306=CARTESIAN_POINT('',(-40.72904493659,-32.0835845260024,-36.2655648427566));
#6307=CARTESIAN_POINT('Origin',(-40.72904493659,-22.5977804617127,-33.2655639653566));
#6308=CARTESIAN_POINT('',(-40.72904493659,-22.5977804617127,-36.2655648427566));
#6309=CARTESIAN_POINT('Origin',(-39.72904493659,-21.5977804617125,-33.2655639653566));
#6310=CARTESIAN_POINT('',(-39.72904493659,-21.5977804617125,-36.2655648427566));
#6311=CARTESIAN_POINT('Origin',(-30.4499993808568,-21.5977804617127,-33.2655639653566));
#6312=CARTESIAN_POINT('',(-30.4499993808568,-21.5977804617127,-36.2655648427566));
#6313=CARTESIAN_POINT('Origin',(-30.4499993808568,-18.8477804617127,-33.2655639653566));
#6314=CARTESIAN_POINT('',(-27.6999993808568,-18.8477804617127,-36.2655648427566));
#6315=CARTESIAN_POINT('Origin',(-27.6999993808567,-7.80775986328052,-33.2655639653566));
#6316=CARTESIAN_POINT('',(-27.6999993808567,-7.80775986328052,-36.2655648427566));
#6317=CARTESIAN_POINT('Origin',(-30.4499993808567,-7.80775986328052,-33.2655639653566));
#6318=CARTESIAN_POINT('',(-30.4499993808567,-5.05775986328052,-36.2655648427566));
#6319=CARTESIAN_POINT('Origin',(-40.72904493659,-5.05775986328051,-33.2655639653566));
#6320=CARTESIAN_POINT('',(-39.72904493659,-5.05775986328052,-36.9055639653566));
#6321=CARTESIAN_POINT('Origin',(-39.72904493659,-5.05775986328051,-40.5455639653566));
#6322=CARTESIAN_POINT('',(-40.72904493659,-4.05775986328051,-36.2655648427566));
#6323=CARTESIAN_POINT('Origin',(-40.72904493659,5.78519862946607,-33.2655639653566));
#6324=CARTESIAN_POINT('',(-40.72904493659,5.78519862946607,-36.2655648427566));
#6325=CARTESIAN_POINT('Origin',(-39.7622484386557,6.52965111611115,-33.2655639653566));
#6326=CARTESIAN_POINT('',(-39.7622484386557,6.52965111611114,-36.2655648427566));
#6327=CARTESIAN_POINT('Origin',(-39.,11.3700000000003,-33.2655639653566));
#6328=CARTESIAN_POINT('',(-35.3537269994606,8.09666940173534,-36.2655648427566));
#6329=CARTESIAN_POINT('Origin',(-35.3537269994606,14.6057229816294,-33.2655639653566));
#6330=CARTESIAN_POINT('',(-35.3537269994606,14.6057229816294,-36.2655648427566));
#6331=CARTESIAN_POINT('Origin',(15.4981564690749,14.6057229816294,-33.2655639653566));
#6332=CARTESIAN_POINT('',(15.4981564690749,14.6057229816294,-33.2655639653566));
#6333=CARTESIAN_POINT('Origin',(-42.72904493659,-19.5977804617127,-33.2655639653566));
#6334=CARTESIAN_POINT('',(-28.3199656987594,-19.5977804617127,-34.8515639653566));
#6335=CARTESIAN_POINT('',(-28.3199656987594,-19.5977804617127,-33.2655639653566));
#6336=CARTESIAN_POINT('',(-31.3199657136606,-19.5977804617127,-34.8515639653566));
#6337=CARTESIAN_POINT('',(-36.2745053214,-19.5977804617127,-34.8515639653566));
#6338=CARTESIAN_POINT('',(-31.3199657136606,-19.5977804617127,-36.2655639653566));
#6339=CARTESIAN_POINT('',(-31.3199657136606,-19.5977804617127,-34.2335639653566));
#6340=CARTESIAN_POINT('',(-35.7290449216888,-19.5977804617127,-36.2655639653566));
#6341=CARTESIAN_POINT('',(-24.2290452942179,-19.5977804617127,-36.2655639653566));
#6342=CARTESIAN_POINT('',(-35.7290449216888,-19.5977804617127,-34.8515639653566));
#6343=CARTESIAN_POINT('',(-35.7290449216888,-19.5977804617127,-34.2335639653566));
#6344=CARTESIAN_POINT('',(-40.6040449328647,-19.5977804617127,-34.8515639653566));
#6345=CARTESIAN_POINT('Origin',(-44.22904493659,-21.0977804617127,-40.5455639653566));
#6346=CARTESIAN_POINT('',(-44.22904493659,-38.3942770183706,-39.5455639653566));
#6347=CARTESIAN_POINT('Origin',(-29.81996570621,-18.0977804542621,-34.8515639653566));
#6348=CARTESIAN_POINT('',(-28.3199656987594,-16.5977804468115,-34.8515639653566));
#6349=CARTESIAN_POINT('',(-29.3199657136606,-17.5977804468115,-34.8515639653566));
#6350=CARTESIAN_POINT('',(-28.3199656987594,-16.5977804468115,-34.8515639653566));
#6351=CARTESIAN_POINT('',(-30.3199657136606,-18.5977804468115,-34.8515639653566));
#6352=CARTESIAN_POINT('',(-29.3199657136606,-17.5977804468115,-34.8515639653566));
#6353=CARTESIAN_POINT('',(-30.3199657136606,-18.5977804468115,-34.8515639653566));
#6354=CARTESIAN_POINT('',(-28.3199656987594,-18.8477804579874,-34.8515639653566));
#6355=CARTESIAN_POINT('Origin',(-28.3199656987594,-19.5977804617127,-33.2655639653566));
#6356=CARTESIAN_POINT('',(-28.3199656987594,-16.5977804468115,-36.2655639653566));
#6357=CARTESIAN_POINT('',(-28.3199656987594,-16.5977804468115,-34.2335639653566));
#6358=CARTESIAN_POINT('',(-28.3199656987594,-7.05775986328053,-34.8515639653566));
#6359=CARTESIAN_POINT('',(-28.3199656987594,-7.05775986328052,-33.2655639653566));
#6360=CARTESIAN_POINT('',(-28.3199656987594,-10.0577598781817,-34.8515639653566));
#6361=CARTESIAN_POINT('',(-28.3199656987594,-14.0777701662219,-34.8515639653566));
#6362=CARTESIAN_POINT('',(-28.3199656987594,-10.0577598781817,-36.2655639653566));
#6363=CARTESIAN_POINT('',(-28.3199656987594,-10.0577598781817,-34.2335639653566));
#6364=CARTESIAN_POINT('',(-28.3199656987594,-16.5488903314392,-36.2655639653566));
#6365=CARTESIAN_POINT('Origin',(-29.81996570621,-8.55775987073111,-34.8515639653566));
#6366=CARTESIAN_POINT('',(-29.3199657136606,-9.05775987818168,-34.8515639653566));
#6367=CARTESIAN_POINT('',(-29.3199657136606,-9.05775987818168,-34.8515639653566));
#6368=CARTESIAN_POINT('',(-31.3199657136606,-7.05775986328053,-34.8515639653566));
#6369=CARTESIAN_POINT('',(-29.0699657024847,-7.05775986328052,-34.8515639653566));
#6370=CARTESIAN_POINT('',(-30.3199657136606,-8.05775987818168,-34.8515639653566));
#6371=CARTESIAN_POINT('',(-31.3199657136606,-7.05775986328053,-34.8515639653566));
#6372=CARTESIAN_POINT('',(-30.3199657136606,-8.05775987818168,-34.8515639653566));
#6373=CARTESIAN_POINT('Origin',(-28.3199656987594,-7.05775986328052,-33.2655639653566));
#6374=CARTESIAN_POINT('',(-35.7290449216888,-7.05775986328053,-34.8515639653566));
#6375=CARTESIAN_POINT('',(-33.3995053139494,-7.05775986328052,-34.8515639653566));
#6376=CARTESIAN_POINT('',(-35.7290449216888,-7.05775986328052,-36.2655639653566));
#6377=CARTESIAN_POINT('',(-35.7290449216888,-7.05775986328052,-34.2335639653566));
#6378=CARTESIAN_POINT('',(-31.3199657136606,-7.05775986328052,-36.2655639653566));
#6379=CARTESIAN_POINT('',(-17.0245056753026,-7.05775986328052,-36.2655639653566));
#6380=CARTESIAN_POINT('',(-31.3199657136606,-7.05775986328052,-34.2335639653566));
#6381=CARTESIAN_POINT('Origin',(-38.4790449291394,-13.3277701624966,-34.8515639653566));
#6382=CARTESIAN_POINT('',(-36.7290449216888,-8.05775987818168,-34.8515639653566));
#6383=CARTESIAN_POINT('',(-36.7290449216888,-8.05775987818168,-34.8515639653566));
#6384=CARTESIAN_POINT('',(-39.22904493659,-9.05775986328053,-34.8515639653566));
#6385=CARTESIAN_POINT('',(-36.7290449216888,-18.5977804468115,-34.8515639653566));
#6386=CARTESIAN_POINT('',(-35.7290449216888,-19.5977804617127,-34.8515639653566));
#6387=CARTESIAN_POINT('',(-37.7290449216888,-17.5977804468115,-34.8515639653566));
#6388=CARTESIAN_POINT('',(-36.7290449216888,-18.5977804468115,-34.8515639653566));
#6389=CARTESIAN_POINT('',(-37.7290449216888,-9.05775987818168,-34.8515639653566));
#6390=CARTESIAN_POINT('',(-37.7290449216888,-17.5977804468115,-34.8515639653566));
#6391=CARTESIAN_POINT('',(-37.7290449216888,-9.05775987818168,-34.8515639653566));
#6392=CARTESIAN_POINT('Origin',(-5.72904565184572,-13.5000002011657,-36.2655639653566));
#6393=CARTESIAN_POINT('',(-30.3199657136606,-18.5977804468115,-36.2655639653566));
#6394=CARTESIAN_POINT('',(-23.3977907284038,-11.6756053584062,-36.2655639653566));
#6395=CARTESIAN_POINT('',(-29.3199657136606,-17.5977804468115,-36.2655639653566));
#6396=CARTESIAN_POINT('',(-22.8977906367954,-11.1756053699464,-36.2655639653566));
#6397=CARTESIAN_POINT('',(-22.3977905489124,-10.6756053852118,-36.2655639653566));
#6398=CARTESIAN_POINT('',(-29.3199657136606,-9.05775987818168,-36.2655639653566));
#6399=CARTESIAN_POINT('',(-21.8116755221273,-16.5660499578328,-36.2655639653566));
#6400=CARTESIAN_POINT('',(-30.3199657136606,-8.05775987818168,-36.2655639653566));
#6401=CARTESIAN_POINT('',(-22.3116756174609,-16.0660499743814,-36.2655639653566));
#6402=CARTESIAN_POINT('',(-22.8116757090692,-15.5660499946553,-36.2655639653566));
#6403=CARTESIAN_POINT('',(-36.7290449216888,-8.05775987818168,-36.2655639653566));
#6404=CARTESIAN_POINT('',(-29.839605300458,-1.16832015429025,-36.2655639653566));
#6405=CARTESIAN_POINT('',(-37.7290449216888,-9.05775987818168,-36.2655639653566));
#6406=CARTESIAN_POINT('',(-30.339605184974,-1.66832014146691,-36.2655639653566));
#6407=CARTESIAN_POINT('',(-37.7290449216888,-17.5977804468115,-36.2655639653566));
#6408=CARTESIAN_POINT('',(-37.7290449216888,-11.2788800396737,-36.2655639653566));
#6409=CARTESIAN_POINT('',(-36.7290449216888,-18.5977804468115,-36.2655639653566));
#6410=CARTESIAN_POINT('',(-30.7534901656395,-24.5733352028609,-36.2655639653566));
#6411=CARTESIAN_POINT('',(-30.2534902811236,-25.0733351838701,-36.2655639653566));
#6412=CARTESIAN_POINT('Origin',(-31.3199657136606,-19.5977804617127,-35.2015639653566));
#6413=CARTESIAN_POINT('',(-30.3199657136606,-18.5977804468115,-35.2015639653566));
#6414=CARTESIAN_POINT('Origin',(-36.7290449216888,-18.5977804468115,-35.2015639653566));
#6415=CARTESIAN_POINT('',(-36.7290449216888,-18.5977804468115,-35.2015639653566));
#6416=CARTESIAN_POINT('Origin',(-37.7290449216888,-17.5977804468115,-35.2015639653566));
#6417=CARTESIAN_POINT('',(-37.7290449216888,-17.5977804468115,-35.2015639653566));
#6418=CARTESIAN_POINT('Origin',(-37.7290449216888,-9.05775987818168,-35.2015639653566));
#6419=CARTESIAN_POINT('',(-37.7290449216888,-9.05775987818168,-35.2015639653566));
#6420=CARTESIAN_POINT('Origin',(-36.7290449216888,-8.05775987818168,-35.2015639653566));
#6421=CARTESIAN_POINT('',(-36.7290449216888,-8.05775987818168,-35.2015639653566));
#6422=CARTESIAN_POINT('Origin',(-39.22904493659,11.6057229816294,-40.5455639653566));
#6423=CARTESIAN_POINT('Origin',(39.77095506341,-38.3942770183706,-40.5455639653566));
#6424=CARTESIAN_POINT('',(44.77095506341,-38.3942770183706,-40.5455639653566));
#6425=CARTESIAN_POINT('Origin',(-35.7290449216888,-7.05775986328053,-35.2015639653566));
#6426=CARTESIAN_POINT('Origin',(23.7146556283801,-38.9649240824043,-33.2655639653566));
#6427=CARTESIAN_POINT('',(23.7146556283801,-38.9649240824043,-33.2655639653566));
#6428=CARTESIAN_POINT('',(24.3454631035227,-39.8942770183706,-33.2655639653566));
#6429=CARTESIAN_POINT('Origin',(19.,-37.6299999999997,-33.2655639653566));
#6430=CARTESIAN_POINT('',(14.2853443716199,-38.9649240824043,-33.2655639653566));
#6431=CARTESIAN_POINT('Origin',(13.6545368964773,-39.8942770183706,-33.2655639653566));
#6432=CARTESIAN_POINT('',(13.6545368964773,-39.8942770183706,-33.2655639653566));
#6433=CARTESIAN_POINT('Origin',(-33.695056372143,-39.8942770183706,-33.2655639653566));
#6434=CARTESIAN_POINT('',(-33.695056372143,-39.8942770183706,-33.2655639653566));
#6435=CARTESIAN_POINT('Origin',(-34.3229917180768,-38.9660702024107,-33.2655639653566));
#6436=CARTESIAN_POINT('Origin',(-39.22904493659,-17.5977804617127,-35.2015639653566));
#6437=CARTESIAN_POINT('Origin',(-30.3199657136606,-8.05775987818168,-35.2015639653566));
#6438=CARTESIAN_POINT('',(-30.3199657136606,-8.05775987818168,-35.2015639653566));
#6439=CARTESIAN_POINT('Origin',(-29.3199657136606,-9.05775987818168,-35.2015639653566));
#6440=CARTESIAN_POINT('',(-29.3199657136606,-9.05775987818168,-35.2015639653566));
#6441=CARTESIAN_POINT('Origin',(-28.3199656987594,-10.0577598781817,-35.2015639653566));
#6442=CARTESIAN_POINT('Origin',(-29.3199657136606,-17.5977804468115,-35.2015639653566));
#6443=CARTESIAN_POINT('',(-29.3199657136606,-17.5977804468115,-35.2015639653566));
#6444=CARTESIAN_POINT('Origin',(19.,-37.6299999999997,-40.5455648427566));
#6445=CARTESIAN_POINT('',(17.5,-37.6299999999997,-34.5455639653566));
#6446=CARTESIAN_POINT('Origin',(19.,-37.6299999999997,-34.5455639653566));
#6447=CARTESIAN_POINT('',(17.5,-37.6299999999997,-40.5455648427566));
#6448=CARTESIAN_POINT('Origin',(-39.,11.3700000000003,-40.5455648427566));
#6449=CARTESIAN_POINT('',(-40.5,11.3700000000003,-34.5455639653566));
#6450=CARTESIAN_POINT('Origin',(-39.,11.3700000000003,-34.5455639653566));
#6451=CARTESIAN_POINT('',(-40.5,11.3700000000003,-40.5455648427566));
#6452=CARTESIAN_POINT('Ctrl Pts',(19.3660023493449,9.63450586610417,-40.5455639653566));
#6453=CARTESIAN_POINT('Ctrl Pts',(19.3660023493449,9.63450586610417,-33.2655639653566));
#6454=CARTESIAN_POINT('Ctrl Pts',(19.5493152231812,9.68877910749231,-40.5455639653566));
#6455=CARTESIAN_POINT('Ctrl Pts',(19.5493152231812,9.68877910749231,-33.2655639653566));
#6456=CARTESIAN_POINT('Ctrl Pts',(19.7204785401921,9.77773058428853,-40.5455639653566));
#6457=CARTESIAN_POINT('Ctrl Pts',(19.7204785401921,9.77773058428853,-33.2655639653566));
#6458=CARTESIAN_POINT('Ctrl Pts',(20.012882110415,10.0129229367734,-40.5455639653566));
#6459=CARTESIAN_POINT('Ctrl Pts',(20.012882110415,10.0129229367734,-33.2655639653566));
#6460=CARTESIAN_POINT('Ctrl Pts',(20.1329270197767,10.1548378714057,-40.5455639653566));
#6461=CARTESIAN_POINT('Ctrl Pts',(20.1329270197767,10.1548378714057,-33.2655639653566));
#6462=CARTESIAN_POINT('Ctrl Pts',(20.3073902136952,10.4712782260032,-40.5455639653566));
#6463=CARTESIAN_POINT('Ctrl Pts',(20.3073902136952,10.4712782260032,-33.2655639653566));
#6464=CARTESIAN_POINT('Ctrl Pts',(20.3624103871424,10.6414675552736,-40.5455639653566));
#6465=CARTESIAN_POINT('Ctrl Pts',(20.3624103871424,10.6414675552736,-33.2655639653566));
#6466=CARTESIAN_POINT('Ctrl Pts',(20.3965459545833,10.9388171940787,-40.5455639653566));
#6467=CARTESIAN_POINT('Ctrl Pts',(20.3965459545833,10.9388171940787,-33.2655639653566));
#6468=CARTESIAN_POINT('Ctrl Pts',(20.3937326025066,11.061536795003,-40.5455639653566));
#6469=CARTESIAN_POINT('Ctrl Pts',(20.3937326025066,11.061536795003,-33.2655639653566));
#6470=CARTESIAN_POINT('Ctrl Pts',(20.3543964984135,11.2991513291443,-40.5455639653566));
#6471=CARTESIAN_POINT('Ctrl Pts',(20.3543964984135,11.2991513291443,-33.2655639653566));
#6472=CARTESIAN_POINT('Ctrl Pts',(20.3190023381229,11.4130440443006,-40.5455639653566));
#6473=CARTESIAN_POINT('Ctrl Pts',(20.3190023381229,11.4130440443006,-33.2655639653566));
#6474=CARTESIAN_POINT('Ctrl Pts',(20.2681783913455,11.5202789631298,-40.5455639653566));
#6475=CARTESIAN_POINT('Ctrl Pts',(20.2681783913455,11.5202789631298,-33.2655639653566));
#6476=CARTESIAN_POINT('',(19.3660023493449,9.63450586610417,-34.5455639653566));
#6477=CARTESIAN_POINT('',(20.2681783913455,11.5202789631298,-34.5455639653566));
#6478=CARTESIAN_POINT('Ctrl Pts',(19.3660023493449,9.63450586610417,-34.5455639653566));
#6479=CARTESIAN_POINT('Ctrl Pts',(19.5493152231812,9.68877910749231,-34.5455639653566));
#6480=CARTESIAN_POINT('Ctrl Pts',(19.7204785401921,9.77773058428853,-34.5455639653566));
#6481=CARTESIAN_POINT('Ctrl Pts',(19.8693319672982,9.89745958646802,-34.5455639653566));
#6482=CARTESIAN_POINT('Ctrl Pts',(20.012882110415,10.0129229367734,-34.5455639653566));
#6483=CARTESIAN_POINT('Ctrl Pts',(20.1329270197767,10.1548378714057,-34.5455639653566));
#6484=CARTESIAN_POINT('Ctrl Pts',(20.2218009201996,10.3160368494403,-34.5455639653566));
#6485=CARTESIAN_POINT('Ctrl Pts',(20.3073902136952,10.4712782260032,-34.5455639653566));
#6486=CARTESIAN_POINT('Ctrl Pts',(20.3624103871424,10.6414675552736,-34.5455639653566));
#6487=CARTESIAN_POINT('Ctrl Pts',(20.3826113845406,10.8174353135435,-34.5455639653566));
#6488=CARTESIAN_POINT('Ctrl Pts',(20.3965459545833,10.9388171940787,-34.5455639653566));
#6489=CARTESIAN_POINT('Ctrl Pts',(20.3937326025066,11.061536795003,-34.5455639653566));
#6490=CARTESIAN_POINT('Ctrl Pts',(20.3737843362577,11.1820367301374,-34.5455639653566));
#6491=CARTESIAN_POINT('Ctrl Pts',(20.3543964984135,11.2991513291443,-34.5455639653566));
#6492=CARTESIAN_POINT('Ctrl Pts',(20.3190023381229,11.4130440443006,-34.5455639653566));
#6493=CARTESIAN_POINT('Ctrl Pts',(20.2681783913455,11.5202789631298,-34.5455639653566));
#6494=CARTESIAN_POINT('',(19.3660023493449,9.63450586610417,-40.5455639653566));
#6495=CARTESIAN_POINT('',(20.2681783913455,11.5202789631298,-40.5455639653566));
#6496=CARTESIAN_POINT('Origin',(19.0735639815035,11.1057229816294,-40.5455648427566));
#6497=CARTESIAN_POINT('',(18.486510652243,12.2256911234103,-34.5455639653566));
#6498=CARTESIAN_POINT('Origin',(19.0735639815035,11.1057229816294,-34.5455639653566));
#6499=CARTESIAN_POINT('',(18.486510652243,12.2256911234103,-40.5455639653566));
#6500=CARTESIAN_POINT('Origin',(19.0735639815035,11.1057229816294,-40.5455648427566));
#6501=CARTESIAN_POINT('',(17.8532681672685,10.2334396986526,-34.5455639653566));
#6502=CARTESIAN_POINT('Origin',(19.0735639815035,11.1057229816294,-34.5455639653566));
#6503=CARTESIAN_POINT('',(17.8532681672685,10.2334396986526,-40.5455639653566));
#6504=CARTESIAN_POINT('Ctrl Pts',(18.486510652243,12.2256911234103,-40.5455639653566));
#6505=CARTESIAN_POINT('Ctrl Pts',(18.486510652243,12.2256911234103,-33.2655639653566));
#6506=CARTESIAN_POINT('Ctrl Pts',(18.3310342064986,12.1646309185088,-40.5455639653566));
#6507=CARTESIAN_POINT('Ctrl Pts',(18.3310342064986,12.1646309185088,-33.2655639653566));
#6508=CARTESIAN_POINT('Ctrl Pts',(18.189264606402,12.0732303434479,-40.5455639653566));
#6509=CARTESIAN_POINT('Ctrl Pts',(18.189264606402,12.0732303434479,-33.2655639653566));
#6510=CARTESIAN_POINT('Ctrl Pts',(17.9427845992658,11.8373337538451,-40.5455639653566));
#6511=CARTESIAN_POINT('Ctrl Pts',(17.9427845992658,11.8373337538451,-33.2655639653566));
#6512=CARTESIAN_POINT('Ctrl Pts',(17.8422712651179,11.6932293847159,-40.5455639653566));
#6513=CARTESIAN_POINT('Ctrl Pts',(17.8422712651179,11.6932293847159,-33.2655639653566));
#6514=CARTESIAN_POINT('Ctrl Pts',(17.6981071084497,11.3687306648156,-40.5455639653566));
#6515=CARTESIAN_POINT('Ctrl Pts',(17.6981071084497,11.3687306648156,-33.2655639653566));
#6516=CARTESIAN_POINT('Ctrl Pts',(17.6582474629802,11.1904160627062,-40.5455639653566));
#6517=CARTESIAN_POINT('Ctrl Pts',(17.6582474629802,11.1904160627062,-33.2655639653566));
#6518=CARTESIAN_POINT('Ctrl Pts',(17.6491807699736,10.8756951700374,-40.5455639653566));
#6519=CARTESIAN_POINT('Ctrl Pts',(17.6491807699736,10.8756951700374,-33.2655639653566));
#6520=CARTESIAN_POINT('Ctrl Pts',(17.6642686685963,10.7421158565215,-40.5455639653566));
#6521=CARTESIAN_POINT('Ctrl Pts',(17.6642686685963,10.7421158565215,-33.2655639653566));
#6522=CARTESIAN_POINT('Ctrl Pts',(17.7313682087233,10.4794932272426,-40.5455639653566));
#6523=CARTESIAN_POINT('Ctrl Pts',(17.7313682087233,10.4794932272426,-33.2655639653566));
#6524=CARTESIAN_POINT('Ctrl Pts',(17.7839808468571,10.3519745607751,-40.5455639653566));
#6525=CARTESIAN_POINT('Ctrl Pts',(17.7839808468571,10.3519745607751,-33.2655639653566));
#6526=CARTESIAN_POINT('Ctrl Pts',(17.8532681672685,10.2334396986526,-40.5455639653566));
#6527=CARTESIAN_POINT('Ctrl Pts',(17.8532681672685,10.2334396986526,-33.2655639653566));
#6528=CARTESIAN_POINT('Ctrl Pts',(18.486510652243,12.2256911234103,-34.5455639653566));
#6529=CARTESIAN_POINT('Ctrl Pts',(18.3310342064986,12.1646309185088,-34.5455639653566));
#6530=CARTESIAN_POINT('Ctrl Pts',(18.189264606402,12.0732303434479,-34.5455639653566));
#6531=CARTESIAN_POINT('Ctrl Pts',(18.0684824176195,11.9576343291926,-34.5455639653566));
#6532=CARTESIAN_POINT('Ctrl Pts',(17.9427845992658,11.8373337538451,-34.5455639653566));
#6533=CARTESIAN_POINT('Ctrl Pts',(17.8422712651179,11.6932293847159,-34.5455639653566));
#6534=CARTESIAN_POINT('Ctrl Pts',(17.771571010549,11.5340903682333,-34.5455639653566));
#6535=CARTESIAN_POINT('Ctrl Pts',(17.6981071084497,11.3687306648156,-34.5455639653566));
#6536=CARTESIAN_POINT('Ctrl Pts',(17.6582474629802,11.1904160627062,-34.5455639653566));
#6537=CARTESIAN_POINT('Ctrl Pts',(17.6530325952133,11.0093988122567,-34.5455639653566));
#6538=CARTESIAN_POINT('Ctrl Pts',(17.6491807699736,10.8756951700374,-34.5455639653566));
#6539=CARTESIAN_POINT('Ctrl Pts',(17.6642686685963,10.7421158565215,-34.5455639653566));
#6540=CARTESIAN_POINT('Ctrl Pts',(17.697389960519,10.6124815735832,-34.5455639653566));
#6541=CARTESIAN_POINT('Ctrl Pts',(17.7313682087233,10.4794932272426,-34.5455639653566));
#6542=CARTESIAN_POINT('Ctrl Pts',(17.7839808468571,10.3519745607751,-34.5455639653566));
#6543=CARTESIAN_POINT('Ctrl Pts',(17.8532681672685,10.2334396986526,-34.5455639653566));
#6544=CARTESIAN_POINT('Origin',(-39.,-37.6299999999997,-40.5455648427566));
#6545=CARTESIAN_POINT('',(-40.5,-37.6299999999997,-34.5455639653566));
#6546=CARTESIAN_POINT('Origin',(-39.,-37.6299999999997,-34.5455639653566));
#6547=CARTESIAN_POINT('',(-40.5,-37.6299999999997,-40.5455648427566));
#6548=CARTESIAN_POINT('Origin',(44.77095506341,-38.3942770183706,-40.5455639653566));
#6549=CARTESIAN_POINT('Origin',(-39.22904493659,-38.3942770183706,-40.5455639653566));
#6550=CARTESIAN_POINT('Origin',(19.,-37.6299999999997,-34.5455639653566));
#6551=CARTESIAN_POINT('',(16.1,-37.6299999999997,-34.5455639653566));
#6552=CARTESIAN_POINT('Origin',(19.,-37.6299999999997,-34.5455639653566));
#6553=CARTESIAN_POINT('',(16.1,-37.6299999999997,-34.5455639653566));
#6554=CARTESIAN_POINT('Origin',(19.,-37.6299999999997,-34.5455639653566));
#6555=CARTESIAN_POINT('Origin',(-39.,-37.6299999999997,-34.5455639653566));
#6556=CARTESIAN_POINT('',(-41.9,-37.6299999999997,-34.5455639653566));
#6557=CARTESIAN_POINT('Origin',(-39.,-37.6299999999997,-34.5455639653566));
#6558=CARTESIAN_POINT('',(-41.9,-37.6299999999997,-34.5455639653566));
#6559=CARTESIAN_POINT('Origin',(-39.,-37.6299999999997,-34.5455639653566));
#6560=CARTESIAN_POINT('Origin',(-39.,11.3700000000003,-34.5455639653566));
#6561=CARTESIAN_POINT('',(-41.9,11.3700000000003,-34.5455639653566));
#6562=CARTESIAN_POINT('Origin',(-39.,11.3700000000003,-34.5455639653566));
#6563=CARTESIAN_POINT('',(-41.9,11.3700000000003,-34.5455639653566));
#6564=CARTESIAN_POINT('Origin',(-39.,11.3700000000003,-34.5455639653566));
#6565=CARTESIAN_POINT('Origin',(19.0735639815035,11.1057229816294,-34.5455639653566));
#6566=CARTESIAN_POINT('',(16.3235639815034,11.1057229816294,-34.5455639653566));
#6567=CARTESIAN_POINT('Origin',(19.0735639815035,11.1057229816294,-34.5455639653566));
#6568=CARTESIAN_POINT('',(16.3235639815034,11.1057229816294,-34.5455639653566));
#6569=CARTESIAN_POINT('Origin',(19.0735639815035,11.1057229816294,-34.5455639653566));
#6570=CARTESIAN_POINT('Origin',(-30.3199657136606,-18.5977804468115,-35.2015639653566));
#6571=CARTESIAN_POINT('Origin',(15.4981564690749,14.5999996736646,-33.2655639653566));
#6572=CARTESIAN_POINT('',(15.4981564690749,14.5999996736646,-33.2655639653566));
#6573=CARTESIAN_POINT('Origin',(15.499999653548,14.5999996736646,-33.2655639653566));
#6574=CARTESIAN_POINT('',(15.499999653548,14.5999996736646,-33.2655639653566));
#6575=CARTESIAN_POINT('Origin',(15.499999653548,7.77434183185516,-33.2655639653566));
#6576=CARTESIAN_POINT('',(15.499999653548,7.77434183185516,-33.2655639653566));
#6577=CARTESIAN_POINT('Origin',(19.0735639815035,11.1057229816294,-33.2655639653566));
#6578=CARTESIAN_POINT('',(23.1233856974987,13.838378547148,-33.2655639653566));
#6579=CARTESIAN_POINT('Origin',(23.4821505465047,14.6057229816294,-33.2655639653566));
#6580=CARTESIAN_POINT('',(23.4821505465047,14.6057229816294,-33.2655639653566));
#6581=CARTESIAN_POINT('Origin',(38.77095506341,14.6057229816294,-33.2655639653566));
#6582=CARTESIAN_POINT('',(38.77095506341,14.6057229816294,-33.2655639653566));
#6583=CARTESIAN_POINT('Origin',(38.77095506341,12.1057229816294,-33.2655639653566));
#6584=CARTESIAN_POINT('',(41.27095506341,12.1057229816294,-33.2655639653566));
#6585=CARTESIAN_POINT('Origin',(41.27095506341,-38.3942770183706,-33.2655639653566));
#6586=CARTESIAN_POINT('',(41.27095506341,-38.3942770183706,-33.2655639653566));
#6587=CARTESIAN_POINT('Origin',(39.77095506341,-38.3942770183706,-33.2655639653566));
#6588=CARTESIAN_POINT('',(39.77095506341,-39.8942770183706,-33.2655639653566));
#6589=CARTESIAN_POINT('Origin',(24.3454631035227,-39.8942770183706,-33.2655639653566));
#6590=UNCERTAINTY_MEASURE_WITH_UNIT(LENGTH_MEASURE(0.01),#6594,
'DISTANCE_ACCURACY_VALUE',
'Maximum model space distance between geometric entities at asserted c
onnectivities');
#6591=UNCERTAINTY_MEASURE_WITH_UNIT(LENGTH_MEASURE(0.01),#6594,
'DISTANCE_ACCURACY_VALUE',
'Maximum model space distance between geometric entities at asserted c
onnectivities');
#6592=(
GEOMETRIC_REPRESENTATION_CONTEXT(3)
GLOBAL_UNCERTAINTY_ASSIGNED_CONTEXT((#6590))
GLOBAL_UNIT_ASSIGNED_CONTEXT((#6594,#6596,#6597))
REPRESENTATION_CONTEXT('','3D')
);
#6593=(
GEOMETRIC_REPRESENTATION_CONTEXT(3)
GLOBAL_UNCERTAINTY_ASSIGNED_CONTEXT((#6591))
GLOBAL_UNIT_ASSIGNED_CONTEXT((#6594,#6596,#6597))
REPRESENTATION_CONTEXT('','3D')
);
#6594=(
LENGTH_UNIT()
NAMED_UNIT(*)
SI_UNIT(.MILLI.,.METRE.)
);
#6595=(
LENGTH_UNIT()
NAMED_UNIT(*)
SI_UNIT($,.METRE.)
);
#6596=(
NAMED_UNIT(*)
PLANE_ANGLE_UNIT()
SI_UNIT($,.RADIAN.)
);
#6597=(
NAMED_UNIT(*)
SI_UNIT($,.STERADIAN.)
SOLID_ANGLE_UNIT()
);
#6598=SHAPE_DEFINITION_REPRESENTATION(#6599,#6600);
#6599=PRODUCT_DEFINITION_SHAPE('',$,#6602);
#6600=SHAPE_REPRESENTATION('',(#3307),#6592);
#6601=PRODUCT_DEFINITION_CONTEXT('part definition',#6606,'design');
#6602=PRODUCT_DEFINITION('2026-06-20-12-28-23-767','RPI5 Wall Mount v2',
#6603,#6601);
#6603=PRODUCT_DEFINITION_FORMATION('',$,#6608);
#6604=PRODUCT_RELATED_PRODUCT_CATEGORY('RPI5 Wall Mount v2',
'RPI5 Wall Mount v2',(#6608));
#6605=APPLICATION_PROTOCOL_DEFINITION('international standard',
'automotive_design',2009,#6606);
#6606=APPLICATION_CONTEXT(
'Core Data for Automotive Mechanical Design Process');
#6607=PRODUCT_CONTEXT('part definition',#6606,'mechanical');
#6608=PRODUCT('2026-06-20-12-28-23-767','RPI5 Wall Mount v2',$,(#6607));
#6609=PRESENTATION_STYLE_ASSIGNMENT((#6610));
#6610=SURFACE_STYLE_USAGE(.BOTH.,#6611);
#6611=SURFACE_SIDE_STYLE('',(#6612));
#6612=SURFACE_STYLE_FILL_AREA(#6613);
#6613=FILL_AREA_STYLE('Plastic - Matte (Red)',(#6614));
#6614=FILL_AREA_STYLE_COLOUR('Plastic - Matte (Red)',#6615);
#6615=COLOUR_RGB('Plastic - Matte (Red)',0.768627450980392,0.207843137254902,
0.152941176470588);
ENDSEC;
END-ISO-10303-21;
