ISO-10303-21;
HEADER;
/* Generated by software containing ST-Developer
 * from STEP Tools, Inc. (www.steptools.com) 
 */

FILE_DESCRIPTION(
/* description */ (''),
/* implementation_level */ '2;1');

FILE_NAME(
/* name */ 'Servo Hub top x1.step',
/* time_stamp */ '2026-06-20T16:33:43-05:00',
/* author */ (''),
/* organization */ (''),
/* preprocessor_version */ 'ST-DEVELOPER v20.1',
/* originating_system */ 'Autodesk Translation Framework v15.8.0.0',
/* authorisation */ '');

FILE_SCHEMA (('AUTOMOTIVE_DESIGN { 1 0 10303 214 3 1 1 }'));
ENDSEC;

DATA;
#10=MECHANICAL_DESIGN_GEOMETRIC_PRESENTATION_REPRESENTATION('',(#13),#8931);
#11=SHAPE_REPRESENTATION_RELATIONSHIP('SRR','None',#8938,#12);
#12=ADVANCED_BREP_SHAPE_REPRESENTATION('',(#14),#8930);
#13=STYLED_ITEM('',(#8947),#14);
#14=MANIFOLD_SOLID_BREP('Body1',#4717);
#15=CONICAL_SURFACE('',#4859,0.750000000000006,0.785398163397438);
#16=CONICAL_SURFACE('',#4863,0.749999999999989,0.785398163397471);
#17=CONICAL_SURFACE('',#4867,0.750000000000006,0.785398163397436);
#18=CONICAL_SURFACE('',#4870,0.749999999999997,0.785398163397456);
#19=CONICAL_SURFACE('',#4879,0.750000000000008,0.785398163397434);
#20=CONICAL_SURFACE('',#4883,0.749999999999992,0.785398163397465);
#21=CONICAL_SURFACE('',#4887,0.750000000000007,0.785398163397435);
#22=CONICAL_SURFACE('',#4890,0.749999999999997,0.785398163397455);
#23=CONICAL_SURFACE('',#4995,0.750000000000007,0.785398163397435);
#24=CONICAL_SURFACE('',#4999,0.749999999999999,0.78539816339745);
#25=CONICAL_SURFACE('',#5002,0.750000000000005,0.78539816339744);
#26=CONICAL_SURFACE('',#5005,0.75,0.785398163397451);
#27=CONICAL_SURFACE('',#5013,0.750000000000003,0.785398163397439);
#28=CONICAL_SURFACE('',#5017,0.749999999999995,0.78539816339746);
#29=CONICAL_SURFACE('',#5020,0.750000000000007,0.785398163397435);
#30=CONICAL_SURFACE('',#5023,0.749999999999995,0.785398163397459);
#31=CONICAL_SURFACE('',#5133,0.750000000000003,0.785398163397439);
#32=CONICAL_SURFACE('',#5137,0.750000000000004,0.785398163397436);
#33=CONICAL_SURFACE('',#5140,0.750000000000002,0.785398163397448);
#34=CONICAL_SURFACE('',#5143,0.750000000000004,0.785398163397445);
#35=CONICAL_SURFACE('',#5151,0.750000000000004,0.785398163397441);
#36=CONICAL_SURFACE('',#5155,0.749999999999997,0.785398163397453);
#37=CONICAL_SURFACE('',#5158,0.749999999999997,0.785398163397456);
#38=CONICAL_SURFACE('',#5161,0.750000000000001,0.78539816339745);
#39=CONICAL_SURFACE('',#5221,4.50000000000004,0.78539816339745);
#40=CONICAL_SURFACE('',#5229,4.49999999999999,0.785398163397448);
#41=CONICAL_SURFACE('',#5236,4.5,0.785398163397449);
#42=CONICAL_SURFACE('',#5269,1.5,0.785398163397448);
#43=CONICAL_SURFACE('',#5271,1.5,0.785398163397448);
#44=CONICAL_SURFACE('',#5273,1.5,0.785398163397448);
#45=B_SPLINE_CURVE_WITH_KNOTS('',3,(#7083,#7084,#7085,#7086,#7087,#7088,
#7089,#7090,#7091,#7092),.UNSPECIFIED.,.F.,.F.,(4,2,2,2,4),(-0.00050599994882501,
0.,0.0321539983575179,0.0642029127016478,0.103466734364652),
 .UNSPECIFIED.);
#46=B_SPLINE_CURVE_WITH_KNOTS('',3,(#7099,#7100,#7101,#7102,#7103,#7104),
 .UNSPECIFIED.,.F.,.F.,(4,2,4),(1.15641366544307,1.29405073036329,1.45749165342047),
 .UNSPECIFIED.);
#47=B_SPLINE_CURVE_WITH_KNOTS('',3,(#7105,#7106,#7107,#7108,#7109,#7110,
#7111,#7112),.UNSPECIFIED.,.F.,.F.,(4,2,2,4),(0.349756917713796,0.367270866898363,
0.397357732297336,0.428479551427357),.UNSPECIFIED.);
#48=B_SPLINE_CURVE_WITH_KNOTS('',3,(#7129,#7130,#7131,#7132,#7133,#7134,
#7135,#7136),.UNSPECIFIED.,.F.,.F.,(4,2,2,4),(0.362788202951339,0.381532089264064,
0.418699805002465,0.446544135606397),.UNSPECIFIED.);
#49=B_SPLINE_CURVE_WITH_KNOTS('',3,(#7138,#7139,#7140,#7141,#7142,#7143,
#7144,#7145),.UNSPECIFIED.,.F.,.F.,(4,2,2,4),(0.449613001538797,0.590073285747796,
0.730533569956794,0.750935488295194),.UNSPECIFIED.);
#50=B_SPLINE_CURVE_WITH_KNOTS('',3,(#7150,#7151,#7152,#7153,#7154,#7155,
#7156,#7157,#7158,#7159),.UNSPECIFIED.,.F.,.F.,(4,2,2,2,4),(0.,0.0392300500436977,
0.0712513984616263,0.103377740080602,0.103883304858047),.UNSPECIFIED.);
#51=B_SPLINE_CURVE_WITH_KNOTS('',3,(#7284,#7285,#7286,#7287,#7288,#7289),
 .UNSPECIFIED.,.F.,.F.,(4,2,4),(0.,0.157819802407776,0.252281565535385),
 .UNSPECIFIED.);
#52=B_SPLINE_CURVE_WITH_KNOTS('',3,(#7316,#7317,#7318,#7319,#7320,#7321,
#7322,#7323),.UNSPECIFIED.,.F.,.F.,(4,2,2,4),(0.,0.0582172407845796,0.261756026273301,
0.262571372950419),.UNSPECIFIED.);
#53=B_SPLINE_CURVE_WITH_KNOTS('',3,(#7491,#7492,#7493,#7494,#7495,#7496,
#7497,#7498,#7499,#7500),.UNSPECIFIED.,.F.,.F.,(4,2,2,2,4),(-0.000505999922719529,
0.,0.0321539976971363,0.0642029112565795,0.103466731958305),
 .UNSPECIFIED.);
#54=B_SPLINE_CURVE_WITH_KNOTS('',3,(#7507,#7508,#7509,#7510,#7511,#7512),
 .UNSPECIFIED.,.F.,.F.,(4,2,4),(1.15641366546813,1.29405073132701,1.45749165343511),
 .UNSPECIFIED.);
#55=B_SPLINE_CURVE_WITH_KNOTS('',3,(#7513,#7514,#7515,#7516,#7517,#7518,
#7519,#7520),.UNSPECIFIED.,.F.,.F.,(4,2,2,4),(0.349756917715146,0.367270866900303,
0.397357732300367,0.428479551431287),.UNSPECIFIED.);
#56=B_SPLINE_CURVE_WITH_KNOTS('',3,(#7537,#7538,#7539,#7540,#7541,#7542,
#7543,#7544),.UNSPECIFIED.,.F.,.F.,(4,2,2,4),(0.362788202869942,0.381532089298556,
0.418699805038273,0.446544135639439),.UNSPECIFIED.);
#57=B_SPLINE_CURVE_WITH_KNOTS('',3,(#7546,#7547,#7548,#7549,#7550,#7551),
 .UNSPECIFIED.,.F.,.F.,(4,2,4),(0.449557331133447,0.606993320460927,0.750915709471955),
 .UNSPECIFIED.);
#58=B_SPLINE_CURVE_WITH_KNOTS('',3,(#7556,#7557,#7558,#7559,#7560,#7561,
#7562,#7563,#7564,#7565),.UNSPECIFIED.,.F.,.F.,(4,2,2,2,4),(0.,0.0392300500437082,
0.0712513984616102,0.103377740076845,0.103883304854241),.UNSPECIFIED.);
#59=B_SPLINE_CURVE_WITH_KNOTS('',3,(#7703,#7704,#7705,#7706,#7707,#7708,
#7709,#7710),.UNSPECIFIED.,.F.,.F.,(4,2,2,4),(0.,0.0582172407846029,0.261756034105782,
0.262571397749558),.UNSPECIFIED.);
#60=B_SPLINE_CURVE_WITH_KNOTS('',3,(#7720,#7721,#7722,#7723,#7724,#7725),
 .UNSPECIFIED.,.F.,.F.,(4,2,4),(0.,0.157819802407775,0.252281565535385),
 .UNSPECIFIED.);
#61=B_SPLINE_CURVE_WITH_KNOTS('',3,(#7873,#7874,#7875,#7876,#7877,#7878,
#7879,#7880,#7881,#7882),.UNSPECIFIED.,.F.,.F.,(4,2,2,2,4),(-0.000505999948050837,
0.,0.0321539983121864,0.0642029126024784,0.103466734199519),
 .UNSPECIFIED.);
#62=B_SPLINE_CURVE_WITH_KNOTS('',3,(#7889,#7890,#7891,#7892,#7893,#7894,
#7895,#7896),.UNSPECIFIED.,.F.,.F.,(4,2,2,4),(1.15494020817022,1.20358730454134,
1.40485494456027,1.45847108066327),.UNSPECIFIED.);
#63=B_SPLINE_CURVE_WITH_KNOTS('',3,(#7897,#7898,#7899,#7900,#7901,#7902,
#7903,#7904),.UNSPECIFIED.,.F.,.F.,(4,2,2,4),(0.349756917714593,0.367270866899183,
0.397357732298371,0.428479551262008),.UNSPECIFIED.);
#64=B_SPLINE_CURVE_WITH_KNOTS('',3,(#7921,#7922,#7923,#7924,#7925,#7926,
#7927,#7928),.UNSPECIFIED.,.F.,.F.,(4,2,2,4),(0.362788202964117,0.38153208927806,
0.418699805017274,0.446544135620402),.UNSPECIFIED.);
#65=B_SPLINE_CURVE_WITH_KNOTS('',3,(#7930,#7931,#7932,#7933,#7934,#7935,
#7936,#7937),.UNSPECIFIED.,.F.,.F.,(4,2,2,4),(0.449613001538793,0.590073285747794,
0.730533569956795,0.750935488295185),.UNSPECIFIED.);
#66=B_SPLINE_CURVE_WITH_KNOTS('',3,(#7942,#7943,#7944,#7945,#7946,#7947,
#7948,#7949,#7950,#7951),.UNSPECIFIED.,.F.,.F.,(4,2,2,2,4),(0.,0.0392300500436939,
0.0712513984619779,0.103377739984278,0.103883304772405),.UNSPECIFIED.);
#67=B_SPLINE_CURVE_WITH_KNOTS('',3,(#8069,#8070,#8071,#8072,#8073,#8074),
 .UNSPECIFIED.,.F.,.F.,(4,2,4),(0.59503820785464,0.68949997098225,0.847319773390024),
 .UNSPECIFIED.);
#68=B_SPLINE_CURVE_WITH_KNOTS('',3,(#8082,#8083,#8084,#8085,#8086,#8087),
 .UNSPECIFIED.,.F.,.F.,(4,2,4),(0.,0.157819802407776,0.252281565535385),
 .UNSPECIFIED.);
#69=B_SPLINE_CURVE_WITH_KNOTS('',3,(#8206,#8207,#8208,#8209,#8210,#8211,
#8212,#8213,#8214,#8215),.UNSPECIFIED.,.T.,.F.,(4,1,1,1,1,1,1,4),(-3.14159265358979,
-2.24399475256414,-1.34639685153848,-0.448798950512828,0.448798950512828,
1.34639685153848,2.24399475256414,3.14159265358979),.UNSPECIFIED.);
#70=B_SPLINE_CURVE_WITH_KNOTS('',3,(#8234,#8235,#8236,#8237,#8238,#8239,
#8240),.UNSPECIFIED.,.F.,.F.,(4,1,1,1,4),(-3.14159265358979,-2.69279370307697,
-2.24399475256414,-1.34639685153848,-0.491404456429372),.UNSPECIFIED.);
#71=B_SPLINE_CURVE_WITH_KNOTS('',3,(#8242,#8243,#8244,#8245,#8246,#8247,
#8248,#8249),.UNSPECIFIED.,.F.,.F.,(4,1,1,1,1,4),(0.491404456429386,0.897597901025655,
1.34639685153848,2.24399475256414,2.69279370307697,3.14159265358979),
 .UNSPECIFIED.);
#72=B_SPLINE_CURVE_WITH_KNOTS('',3,(#8254,#8255,#8256,#8257,#8258,#8259,
#8260,#8261,#8262,#8263,#8264,#8265,#8266,#8267),.UNSPECIFIED.,.F.,.F.,
(4,1,1,1,1,1,1,1,1,1,1,4),(-2.65018819716041,-2.24399475256414,-1.34639685153848,
-0.448798950512828,-0.224399475256414,0.,0.448798950512828,0.673198425769241,
0.897597901025655,1.34639685153848,2.24399475256414,2.65018819716038),
 .UNSPECIFIED.);
#73=B_SPLINE_CURVE_WITH_KNOTS('',3,(#8296,#8297,#8298,#8299,#8300,#8301,
#8302,#8303,#8304,#8305,#8306,#8307),.UNSPECIFIED.,.T.,.F.,(4,1,1,1,1,1,
1,1,1,4),(-3.14159265358979,-2.69279370307697,-2.24399475256414,-1.34639685153848,
-0.448798950512828,0.448798950512828,1.34639685153848,2.24399475256414,
2.69279370307697,3.14159265358979),.UNSPECIFIED.);
#74=B_SPLINE_CURVE_WITH_KNOTS('',3,(#8320,#8321,#8322,#8323,#8324,#8325,
#8326,#8327,#8328,#8329,#8330,#8331),.UNSPECIFIED.,.F.,.F.,(4,2,2,2,2,4),
(-0.0974221923496243,-0.097107050011147,-0.0896975182583071,-0.078789880374498,
-0.0509901438816805,0.),.UNSPECIFIED.);
#75=B_SPLINE_CURVE_WITH_KNOTS('',3,(#8332,#8333,#8334,#8335,#8336,#8337,
#8338,#8339,#8340,#8341,#8342,#8343,#8344,#8345,#8346,#8347,#8348,#8349,
#8350,#8351,#8352,#8353,#8354,#8355,#8356,#8357,#8358,#8359,#8360,#8361,
#8362),.UNSPECIFIED.,.F.,.F.,(4,3,3,3,3,3,3,3,3,3,4),(-0.194846442089625,
-0.188549781367904,-0.185728888459456,-0.171264008138296,-0.157058853856351,
-0.143206222426135,-0.136121042771895,-0.121539325319062,-0.114738778228224,
-0.104402278237378,-0.0974221923496243),.UNSPECIFIED.);
#76=B_SPLINE_CURVE_WITH_KNOTS('',3,(#8364,#8365,#8366,#8367,#8368,#8369,
#8370,#8371,#8372,#8373,#8374,#8375,#8376,#8377,#8378,#8379,#8380,#8381,
#8382,#8383,#8384,#8385,#8386,#8387,#8388,#8389,#8390,#8391,#8392,#8393,
#8394,#8395,#8396,#8397,#8398,#8399,#8400,#8401,#8402,#8403,#8404,#8405,
#8406,#8407,#8408,#8409,#8410,#8411,#8412,#8413,#8414,#8415,#8416,#8417,
#8418,#8419,#8420,#8421),.UNSPECIFIED.,.F.,.F.,(4,3,3,3,3,3,3,3,3,3,3,3,
3,3,3,3,3,3,3,4),(-0.194846442089094,-0.188549781367424,-0.185728888458707,
-0.171447126340883,-0.157296878529819,-0.143257699179316,-0.136121042771199,
-0.121235960380367,-0.114738778227238,-0.104402278236923,-0.0974221923641412,
-0.0971070500106389,-0.0896975182577814,-0.0787898803747121,-0.0642425838288983,
-0.0509901438817178,-0.0369597226040602,-0.0226521386226909,-0.00912283229409353,
0.),.UNSPECIFIED.);
#77=B_SPLINE_CURVE_WITH_KNOTS('',3,(#8480,#8481,#8482,#8483,#8484,#8485,
#8486,#8487,#8488,#8489,#8490,#8491,#8492,#8493),.UNSPECIFIED.,.T.,.F.,
(4,1,1,1,1,1,1,1,1,1,1,4),(-3.14159265358979,-2.69279370307697,-2.24399475256414,
-1.34639685153848,-0.897597901025655,-0.448798950512828,0.,0.448798950512828,
1.34639685153848,2.24399475256414,2.69279370307697,3.14159265358979),
 .UNSPECIFIED.);
#78=B_SPLINE_CURVE_WITH_KNOTS('',3,(#8611,#8612,#8613,#8614),
 .UNSPECIFIED.,.F.,.F.,(4,4),(0.201667528339141,1.),.UNSPECIFIED.);
#79=B_SPLINE_CURVE_WITH_KNOTS('',3,(#8615,#8616,#8617,#8618,#8619,#8620,
#8621,#8622,#8623,#8624,#8625,#8626,#8627,#8628,#8629,#8630),
 .UNSPECIFIED.,.T.,.F.,(4,1,1,1,1,1,1,1,1,1,1,1,1,4),(-3.14159265358979,
-2.69279370307697,-2.24399475256414,-1.34639685153848,-0.897597901025655,
-0.673198425769241,-0.448798950512828,0.,0.224399475256414,0.448798950512828,
1.34639685153848,2.24399475256414,2.69279370307697,3.14159265358979),
 .UNSPECIFIED.);
#80=B_SPLINE_CURVE_WITH_KNOTS('',3,(#8633,#8634,#8635,#8636,#8637,#8638,
#8639,#8640,#8641,#8642,#8643,#8644,#8645,#8646,#8647,#8648,#8649,#8650,
#8651,#8652,#8653,#8654,#8655,#8656,#8657,#8658,#8659,#8660,#8661,#8662,
#8663,#8664,#8665,#8666),.UNSPECIFIED.,.T.,.F.,(4,2,2,2,2,2,2,2,2,2,2,2,
2,2,2,2,4),(0.,0.0604725062708899,0.12094501254178,0.181413108865742,0.241881205189703,
0.302349301513665,0.362817397837627,0.423289904108516,0.483762410379405,
0.544234916650294,0.604707422921183,0.665175519245145,0.725643615569107,
0.786111711893068,0.84657980821703,0.90705231448792,0.96752482075881),
 .UNSPECIFIED.);
#81=B_SPLINE_CURVE_WITH_KNOTS('',3,(#8672,#8673,#8674,#8675,#8676,#8677,
#8678,#8679,#8680,#8681,#8682,#8683,#8684,#8685,#8686,#8687,#8688,#8689),
 .UNSPECIFIED.,.F.,.F.,(4,2,2,2,2,2,2,2,4),(0.,0.0604725062708887,0.120945012541777,
0.181413108865741,0.241881205189704,0.302349301513664,0.362817397837624,
0.423289904108514,0.483762410379404),.UNSPECIFIED.);
#82=B_SPLINE_CURVE_WITH_KNOTS('',3,(#8690,#8691,#8692,#8693,#8694,#8695,
#8696,#8697,#8698,#8699,#8700,#8701,#8702,#8703,#8704,#8705,#8706,#8707),
 .UNSPECIFIED.,.F.,.F.,(4,2,2,2,2,2,2,2,4),(0.483762410379404,0.544234916650295,
0.604707422921185,0.665175519245145,0.725643615569105,0.786111711893068,
0.846579808217032,0.90705231448792,0.967524820758809),.UNSPECIFIED.);
#83=B_SPLINE_CURVE_WITH_KNOTS('',3,(#8750,#8751,#8752,#8753,#8754,#8755,
#8756,#8757,#8758,#8759),.UNSPECIFIED.,.T.,.F.,(4,1,1,1,1,1,1,4),(-3.14159265358979,
-2.24399475256414,-1.34639685153848,-0.448798950512828,0.448798950512828,
1.34639685153848,2.24399475256414,3.14159265358979),.UNSPECIFIED.);
#84=B_SPLINE_CURVE_WITH_KNOTS('',3,(#8763,#8764,#8765,#8766,#8767,#8768,
#8769,#8770,#8771,#8772,#8773,#8774,#8775,#8776,#8777,#8778,#8779,#8780),
 .UNSPECIFIED.,.F.,.F.,(4,2,2,2,2,2,2,2,4),(0.,0.0604725062708889,0.120945012541778,
0.18141310886574,0.241881205189701,0.302349301513663,0.362817397837625,
0.423289904108515,0.483762410379405),.UNSPECIFIED.);
#85=B_SPLINE_CURVE_WITH_KNOTS('',3,(#8781,#8782,#8783,#8784,#8785,#8786,
#8787,#8788,#8789,#8790,#8791,#8792,#8793,#8794,#8795,#8796,#8797,#8798),
 .UNSPECIFIED.,.F.,.F.,(4,2,2,2,2,2,2,2,4),(0.483762410379405,0.544234916650295,
0.604707422921185,0.665175519245146,0.725643615569108,0.78611171189307,
0.846579808217032,0.90705231448792,0.967524820758809),.UNSPECIFIED.);
#86=B_SPLINE_CURVE_WITH_KNOTS('',3,(#8850,#8851,#8852,#8853,#8854,#8855,
#8856,#8857,#8858,#8859,#8860,#8861),.UNSPECIFIED.,.T.,.F.,(4,1,1,1,1,1,
1,1,1,4),(-3.14159265358979,-2.69279370307697,-2.24399475256414,-1.34639685153848,
-0.448798950512828,0.448798950512828,1.34639685153848,2.24399475256414,
2.69279370307697,3.14159265358979),.UNSPECIFIED.);
#87=B_SPLINE_CURVE_WITH_KNOTS('',3,(#8865,#8866,#8867,#8868,#8869,#8870,
#8871,#8872,#8873,#8874,#8875,#8876,#8877,#8878,#8879,#8880,#8881,#8882,
#8883,#8884,#8885,#8886,#8887,#8888,#8889,#8890,#8891,#8892,#8893,#8894,
#8895,#8896,#8897,#8898),.UNSPECIFIED.,.T.,.F.,(4,2,2,2,2,2,2,2,2,2,2,2,
2,2,2,2,4),(0.,0.0604725062708901,0.12094501254178,0.18141310886574,0.2418812051897,
0.302349301513664,0.362817397837627,0.423289904108516,0.483762410379405,
0.544234916650293,0.604707422921182,0.665175519245145,0.725643615569109,
0.786111711893069,0.846579808217029,0.907052314487919,0.967524820758809),
 .UNSPECIFIED.);
#88=FACE_BOUND('',#558,.T.);
#89=FACE_BOUND('',#559,.T.);
#90=FACE_BOUND('',#560,.T.);
#91=FACE_BOUND('',#561,.T.);
#92=FACE_BOUND('',#562,.T.);
#93=FACE_BOUND('',#563,.T.);
#94=FACE_BOUND('',#564,.T.);
#95=FACE_BOUND('',#565,.T.);
#96=FACE_BOUND('',#566,.T.);
#97=FACE_BOUND('',#567,.T.);
#98=FACE_BOUND('',#778,.T.);
#99=FACE_BOUND('',#779,.T.);
#100=FACE_BOUND('',#780,.T.);
#101=FACE_BOUND('',#781,.T.);
#102=FACE_BOUND('',#782,.T.);
#103=FACE_BOUND('',#783,.T.);
#104=FACE_BOUND('',#784,.T.);
#105=FACE_BOUND('',#796,.T.);
#106=FACE_BOUND('',#797,.T.);
#107=FACE_BOUND('',#798,.T.);
#108=FACE_BOUND('',#799,.T.);
#109=FACE_BOUND('',#804,.T.);
#110=FACE_BOUND('',#807,.T.);
#111=FACE_BOUND('',#808,.T.);
#112=FACE_BOUND('',#814,.T.);
#113=FACE_BOUND('',#851,.T.);
#114=FACE_BOUND('',#854,.T.);
#115=FACE_BOUND('',#857,.T.);
#116=FACE_BOUND('',#858,.T.);
#117=FACE_BOUND('',#859,.T.);
#118=FACE_BOUND('',#860,.T.);
#119=FACE_BOUND('',#862,.T.);
#120=PLANE('',#4745);
#121=PLANE('',#4749);
#122=PLANE('',#4792);
#123=PLANE('',#4835);
#124=PLANE('',#4838);
#125=PLANE('',#4845);
#126=PLANE('',#4851);
#127=PLANE('',#4855);
#128=PLANE('',#4858);
#129=PLANE('',#4862);
#130=PLANE('',#4866);
#131=PLANE('',#4869);
#132=PLANE('',#4874);
#133=PLANE('',#4877);
#134=PLANE('',#4878);
#135=PLANE('',#4882);
#136=PLANE('',#4886);
#137=PLANE('',#4889);
#138=PLANE('',#4894);
#139=PLANE('',#4897);
#140=PLANE('',#4907);
#141=PLANE('',#4922);
#142=PLANE('',#4928);
#143=PLANE('',#4971);
#144=PLANE('',#4974);
#145=PLANE('',#4981);
#146=PLANE('',#4987);
#147=PLANE('',#4991);
#148=PLANE('',#4994);
#149=PLANE('',#4998);
#150=PLANE('',#5001);
#151=PLANE('',#5004);
#152=PLANE('',#5010);
#153=PLANE('',#5011);
#154=PLANE('',#5012);
#155=PLANE('',#5016);
#156=PLANE('',#5019);
#157=PLANE('',#5022);
#158=PLANE('',#5028);
#159=PLANE('',#5029);
#160=PLANE('',#5043);
#161=PLANE('',#5059);
#162=PLANE('',#5065);
#163=PLANE('',#5108);
#164=PLANE('',#5111);
#165=PLANE('',#5118);
#166=PLANE('',#5124);
#167=PLANE('',#5128);
#168=PLANE('',#5131);
#169=PLANE('',#5132);
#170=PLANE('',#5136);
#171=PLANE('',#5139);
#172=PLANE('',#5142);
#173=PLANE('',#5148);
#174=PLANE('',#5149);
#175=PLANE('',#5150);
#176=PLANE('',#5154);
#177=PLANE('',#5157);
#178=PLANE('',#5160);
#179=PLANE('',#5166);
#180=PLANE('',#5167);
#181=PLANE('',#5182);
#182=PLANE('',#5183);
#183=PLANE('',#5184);
#184=PLANE('',#5191);
#185=PLANE('',#5200);
#186=PLANE('',#5202);
#187=PLANE('',#5204);
#188=PLANE('',#5212);
#189=PLANE('',#5220);
#190=PLANE('',#5223);
#191=PLANE('',#5224);
#192=PLANE('',#5227);
#193=PLANE('',#5228);
#194=PLANE('',#5231);
#195=PLANE('',#5234);
#196=PLANE('',#5235);
#197=PLANE('',#5238);
#198=PLANE('',#5241);
#199=PLANE('',#5242);
#200=PLANE('',#5246);
#201=PLANE('',#5250);
#202=PLANE('',#5254);
#203=PLANE('',#5255);
#204=PLANE('',#5256);
#205=PLANE('',#5257);
#206=PLANE('',#5258);
#207=PLANE('',#5259);
#208=PLANE('',#5260);
#209=PLANE('',#5261);
#210=PLANE('',#5262);
#211=PLANE('',#5268);
#212=PLANE('',#5270);
#213=PLANE('',#5272);
#214=PLANE('',#5276);
#215=PLANE('',#5279);
#216=PLANE('',#5283);
#217=B_SPLINE_SURFACE_WITH_KNOTS('',3,3,((#6776,#6777,#6778,#6779,#6780),
(#6781,#6782,#6783,#6784,#6785),(#6786,#6787,#6788,#6789,#6790),(#6791,
#6792,#6793,#6794,#6795),(#6796,#6797,#6798,#6799,#6800)),.UNSPECIFIED.,
 .F.,.F.,.F.,(4,1,4),(4,1,4),(0.,0.571428571428571,1.),(-2.35619449019234,
-1.68299606442309,-0.78539816339744),.UNSPECIFIED.);
#218=B_SPLINE_SURFACE_WITH_KNOTS('',3,3,((#7291,#7292,#7293,#7294,#7295),
(#7296,#7297,#7298,#7299,#7300),(#7301,#7302,#7303,#7304,#7305),(#7306,
#7307,#7308,#7309,#7310),(#7311,#7312,#7313,#7314,#7315)),.UNSPECIFIED.,
 .F.,.F.,.F.,(4,1,4),(4,1,4),(0.,0.571428571428571,1.),(-2.35619449019235,
-1.68299606442311,-0.78539816339745),.UNSPECIFIED.);
#219=B_SPLINE_SURFACE_WITH_KNOTS('',3,3,((#7346,#7347,#7348,#7349,#7350),
(#7351,#7352,#7353,#7354,#7355),(#7356,#7357,#7358,#7359,#7360),(#7361,
#7362,#7363,#7364,#7365),(#7366,#7367,#7368,#7369,#7370)),.UNSPECIFIED.,
 .F.,.F.,.F.,(4,1,4),(4,1,4),(0.,0.571428571428571,1.),(-0.785398163397447,
-0.112199737628202,0.785398163397457),.UNSPECIFIED.);
#220=B_SPLINE_SURFACE_WITH_KNOTS('',3,3,((#7676,#7677,#7678,#7679,#7680),
(#7681,#7682,#7683,#7684,#7685),(#7686,#7687,#7688,#7689,#7690),(#7691,
#7692,#7693,#7694,#7695),(#7696,#7697,#7698,#7699,#7700)),.UNSPECIFIED.,
 .F.,.F.,.F.,(4,1,4),(4,1,4),(0.,0.571428571428571,1.),(-2.35619449019236,
-1.4585965891667,-0.785398163397452),.UNSPECIFIED.);
#221=B_SPLINE_SURFACE_WITH_KNOTS('',3,3,((#8422,#8423,#8424,#8425,#8426,
#8427,#8428,#8429,#8430,#8431,#8432,#8433,#8434,#8435),(#8436,#8437,#8438,
#8439,#8440,#8441,#8442,#8443,#8444,#8445,#8446,#8447,#8448,#8449),(#8450,
#8451,#8452,#8453,#8454,#8455,#8456,#8457,#8458,#8459,#8460,#8461,#8462,
#8463),(#8464,#8465,#8466,#8467,#8468,#8469,#8470,#8471,#8472,#8473,#8474,
#8475,#8476,#8477)),.UNSPECIFIED.,.F.,.T.,.F.,(4,4),(4,1,1,1,1,1,1,1,1,
1,1,4),(0.,1.),(-3.14159265358979,-2.69279370307697,-2.24399475256414,-1.34639685153848,
-0.897597901025655,-0.448798950512828,0.,0.448798950512828,1.34639685153848,
2.24399475256414,2.69279370307697,3.14159265358979),.UNSPECIFIED.);
#222=B_SPLINE_SURFACE_WITH_KNOTS('',3,3,((#8546,#8547,#8548,#8549,#8550,
#8551,#8552,#8553,#8554,#8555,#8556,#8557,#8558,#8559,#8560,#8561),(#8562,
#8563,#8564,#8565,#8566,#8567,#8568,#8569,#8570,#8571,#8572,#8573,#8574,
#8575,#8576,#8577),(#8578,#8579,#8580,#8581,#8582,#8583,#8584,#8585,#8586,
#8587,#8588,#8589,#8590,#8591,#8592,#8593),(#8594,#8595,#8596,#8597,#8598,
#8599,#8600,#8601,#8602,#8603,#8604,#8605,#8606,#8607,#8608,#8609)),
 .UNSPECIFIED.,.F.,.T.,.F.,(4,4),(4,1,1,1,1,1,1,1,1,1,1,1,1,4),(0.,1.),
(-3.14159265358979,-2.69279370307697,-2.24399475256414,-1.34639685153848,
-0.897597901025655,-0.673198425769241,-0.448798950512828,0.,0.224399475256414,
0.448798950512828,1.34639685153848,2.24399475256414,2.69279370307697,3.14159265358979),
 .UNSPECIFIED.);
#223=B_SPLINE_SURFACE_WITH_KNOTS('',3,3,((#8708,#8709,#8710,#8711,#8712,
#8713,#8714,#8715,#8716,#8717),(#8718,#8719,#8720,#8721,#8722,#8723,#8724,
#8725,#8726,#8727),(#8728,#8729,#8730,#8731,#8732,#8733,#8734,#8735,#8736,
#8737),(#8738,#8739,#8740,#8741,#8742,#8743,#8744,#8745,#8746,#8747)),
 .UNSPECIFIED.,.F.,.T.,.F.,(4,4),(4,1,1,1,1,1,1,4),(0.,1.),(-3.14159265358979,
-2.24399475256414,-1.34639685153848,-0.448798950512828,0.448798950512828,
1.34639685153848,2.24399475256414,3.14159265358979),.UNSPECIFIED.);
#224=B_SPLINE_SURFACE_WITH_KNOTS('',3,3,((#8800,#8801,#8802,#8803,#8804,
#8805,#8806,#8807,#8808,#8809,#8810,#8811),(#8812,#8813,#8814,#8815,#8816,
#8817,#8818,#8819,#8820,#8821,#8822,#8823),(#8824,#8825,#8826,#8827,#8828,
#8829,#8830,#8831,#8832,#8833,#8834,#8835),(#8836,#8837,#8838,#8839,#8840,
#8841,#8842,#8843,#8844,#8845,#8846,#8847)),.UNSPECIFIED.,.F.,.T.,.F.,(4,
4),(4,1,1,1,1,1,1,1,1,4),(0.,1.),(-3.14159265358979,-2.69279370307697,-2.24399475256414,
-1.34639685153848,-0.448798950512828,0.448798950512828,1.34639685153848,
2.24399475256414,2.69279370307697,3.14159265358979),.UNSPECIFIED.);
#225=TOROIDAL_SURFACE('',#4734,1.5,1.);
#226=TOROIDAL_SURFACE('',#4794,3.5,2.5);
#227=TOROIDAL_SURFACE('',#4799,3.5,2.5);
#228=TOROIDAL_SURFACE('',#4804,3.5,2.5);
#229=TOROIDAL_SURFACE('',#4807,17.5,2.5);
#230=TOROIDAL_SURFACE('',#4810,5.,2.5);
#231=TOROIDAL_SURFACE('',#4815,5.,2.5);
#232=TOROIDAL_SURFACE('',#4818,17.5,2.5);
#233=TOROIDAL_SURFACE('',#4821,3.5,2.5);
#234=TOROIDAL_SURFACE('',#4826,3.5,2.5);
#235=TOROIDAL_SURFACE('',#4831,3.5,2.5);
#236=TOROIDAL_SURFACE('',#4898,3.5,1.);
#237=TOROIDAL_SURFACE('',#4902,3.5,1.);
#238=TOROIDAL_SURFACE('',#4904,3.5,1.);
#239=TOROIDAL_SURFACE('',#4911,1.5,1.);
#240=TOROIDAL_SURFACE('',#4930,3.5,2.5);
#241=TOROIDAL_SURFACE('',#4935,3.5,2.5);
#242=TOROIDAL_SURFACE('',#4940,3.5,2.5);
#243=TOROIDAL_SURFACE('',#4943,17.5,2.5);
#244=TOROIDAL_SURFACE('',#4946,5.,2.5);
#245=TOROIDAL_SURFACE('',#4951,5.,2.5);
#246=TOROIDAL_SURFACE('',#4954,17.5,2.5);
#247=TOROIDAL_SURFACE('',#4957,3.5,2.5);
#248=TOROIDAL_SURFACE('',#4962,3.5,2.5);
#249=TOROIDAL_SURFACE('',#4967,3.5,2.5);
#250=TOROIDAL_SURFACE('',#5033,3.5,1.);
#251=TOROIDAL_SURFACE('',#5037,3.5,1.);
#252=TOROIDAL_SURFACE('',#5041,3.5,1.);
#253=TOROIDAL_SURFACE('',#5047,1.5,1.);
#254=TOROIDAL_SURFACE('',#5053,1.5,1.);
#255=TOROIDAL_SURFACE('',#5067,3.5,2.5);
#256=TOROIDAL_SURFACE('',#5072,3.5,2.5);
#257=TOROIDAL_SURFACE('',#5077,3.5,2.5);
#258=TOROIDAL_SURFACE('',#5080,17.5,2.5);
#259=TOROIDAL_SURFACE('',#5083,5.,2.5);
#260=TOROIDAL_SURFACE('',#5088,5.,2.5);
#261=TOROIDAL_SURFACE('',#5091,17.5,2.5);
#262=TOROIDAL_SURFACE('',#5094,3.5,2.5);
#263=TOROIDAL_SURFACE('',#5099,3.5,2.5);
#264=TOROIDAL_SURFACE('',#5104,3.5,2.5);
#265=TOROIDAL_SURFACE('',#5168,3.5,1.);
#266=TOROIDAL_SURFACE('',#5170,3.5,1.);
#267=TOROIDAL_SURFACE('',#5176,3.5,1.);
#268=TOROIDAL_SURFACE('',#5180,3.5,1.);
#269=FACE_OUTER_BOUND('',#550,.T.);
#270=FACE_OUTER_BOUND('',#551,.T.);
#271=FACE_OUTER_BOUND('',#552,.T.);
#272=FACE_OUTER_BOUND('',#553,.T.);
#273=FACE_OUTER_BOUND('',#554,.T.);
#274=FACE_OUTER_BOUND('',#555,.T.);
#275=FACE_OUTER_BOUND('',#556,.T.);
#276=FACE_OUTER_BOUND('',#557,.T.);
#277=FACE_OUTER_BOUND('',#568,.T.);
#278=FACE_OUTER_BOUND('',#569,.T.);
#279=FACE_OUTER_BOUND('',#570,.T.);
#280=FACE_OUTER_BOUND('',#571,.T.);
#281=FACE_OUTER_BOUND('',#572,.T.);
#282=FACE_OUTER_BOUND('',#573,.T.);
#283=FACE_OUTER_BOUND('',#574,.T.);
#284=FACE_OUTER_BOUND('',#575,.T.);
#285=FACE_OUTER_BOUND('',#576,.T.);
#286=FACE_OUTER_BOUND('',#577,.T.);
#287=FACE_OUTER_BOUND('',#578,.T.);
#288=FACE_OUTER_BOUND('',#579,.T.);
#289=FACE_OUTER_BOUND('',#580,.T.);
#290=FACE_OUTER_BOUND('',#581,.T.);
#291=FACE_OUTER_BOUND('',#582,.T.);
#292=FACE_OUTER_BOUND('',#583,.T.);
#293=FACE_OUTER_BOUND('',#584,.T.);
#294=FACE_OUTER_BOUND('',#585,.T.);
#295=FACE_OUTER_BOUND('',#586,.T.);
#296=FACE_OUTER_BOUND('',#587,.T.);
#297=FACE_OUTER_BOUND('',#588,.T.);
#298=FACE_OUTER_BOUND('',#589,.T.);
#299=FACE_OUTER_BOUND('',#590,.T.);
#300=FACE_OUTER_BOUND('',#591,.T.);
#301=FACE_OUTER_BOUND('',#592,.T.);
#302=FACE_OUTER_BOUND('',#593,.T.);
#303=FACE_OUTER_BOUND('',#594,.T.);
#304=FACE_OUTER_BOUND('',#595,.T.);
#305=FACE_OUTER_BOUND('',#596,.T.);
#306=FACE_OUTER_BOUND('',#597,.T.);
#307=FACE_OUTER_BOUND('',#598,.T.);
#308=FACE_OUTER_BOUND('',#599,.T.);
#309=FACE_OUTER_BOUND('',#600,.T.);
#310=FACE_OUTER_BOUND('',#601,.T.);
#311=FACE_OUTER_BOUND('',#602,.T.);
#312=FACE_OUTER_BOUND('',#603,.T.);
#313=FACE_OUTER_BOUND('',#604,.T.);
#314=FACE_OUTER_BOUND('',#605,.T.);
#315=FACE_OUTER_BOUND('',#606,.T.);
#316=FACE_OUTER_BOUND('',#607,.T.);
#317=FACE_OUTER_BOUND('',#608,.T.);
#318=FACE_OUTER_BOUND('',#609,.T.);
#319=FACE_OUTER_BOUND('',#610,.T.);
#320=FACE_OUTER_BOUND('',#611,.T.);
#321=FACE_OUTER_BOUND('',#612,.T.);
#322=FACE_OUTER_BOUND('',#613,.T.);
#323=FACE_OUTER_BOUND('',#614,.T.);
#324=FACE_OUTER_BOUND('',#615,.T.);
#325=FACE_OUTER_BOUND('',#616,.T.);
#326=FACE_OUTER_BOUND('',#617,.T.);
#327=FACE_OUTER_BOUND('',#618,.T.);
#328=FACE_OUTER_BOUND('',#619,.T.);
#329=FACE_OUTER_BOUND('',#620,.T.);
#330=FACE_OUTER_BOUND('',#621,.T.);
#331=FACE_OUTER_BOUND('',#622,.T.);
#332=FACE_OUTER_BOUND('',#623,.T.);
#333=FACE_OUTER_BOUND('',#624,.T.);
#334=FACE_OUTER_BOUND('',#625,.T.);
#335=FACE_OUTER_BOUND('',#626,.T.);
#336=FACE_OUTER_BOUND('',#627,.T.);
#337=FACE_OUTER_BOUND('',#628,.T.);
#338=FACE_OUTER_BOUND('',#629,.T.);
#339=FACE_OUTER_BOUND('',#630,.T.);
#340=FACE_OUTER_BOUND('',#631,.T.);
#341=FACE_OUTER_BOUND('',#632,.T.);
#342=FACE_OUTER_BOUND('',#633,.T.);
#343=FACE_OUTER_BOUND('',#634,.T.);
#344=FACE_OUTER_BOUND('',#635,.T.);
#345=FACE_OUTER_BOUND('',#636,.T.);
#346=FACE_OUTER_BOUND('',#637,.T.);
#347=FACE_OUTER_BOUND('',#638,.T.);
#348=FACE_OUTER_BOUND('',#639,.T.);
#349=FACE_OUTER_BOUND('',#640,.T.);
#350=FACE_OUTER_BOUND('',#641,.T.);
#351=FACE_OUTER_BOUND('',#642,.T.);
#352=FACE_OUTER_BOUND('',#643,.T.);
#353=FACE_OUTER_BOUND('',#644,.T.);
#354=FACE_OUTER_BOUND('',#645,.T.);
#355=FACE_OUTER_BOUND('',#646,.T.);
#356=FACE_OUTER_BOUND('',#647,.T.);
#357=FACE_OUTER_BOUND('',#648,.T.);
#358=FACE_OUTER_BOUND('',#649,.T.);
#359=FACE_OUTER_BOUND('',#650,.T.);
#360=FACE_OUTER_BOUND('',#651,.T.);
#361=FACE_OUTER_BOUND('',#652,.T.);
#362=FACE_OUTER_BOUND('',#653,.T.);
#363=FACE_OUTER_BOUND('',#654,.T.);
#364=FACE_OUTER_BOUND('',#655,.T.);
#365=FACE_OUTER_BOUND('',#656,.T.);
#366=FACE_OUTER_BOUND('',#657,.T.);
#367=FACE_OUTER_BOUND('',#658,.T.);
#368=FACE_OUTER_BOUND('',#659,.T.);
#369=FACE_OUTER_BOUND('',#660,.T.);
#370=FACE_OUTER_BOUND('',#661,.T.);
#371=FACE_OUTER_BOUND('',#662,.T.);
#372=FACE_OUTER_BOUND('',#663,.T.);
#373=FACE_OUTER_BOUND('',#664,.T.);
#374=FACE_OUTER_BOUND('',#665,.T.);
#375=FACE_OUTER_BOUND('',#666,.T.);
#376=FACE_OUTER_BOUND('',#667,.T.);
#377=FACE_OUTER_BOUND('',#668,.T.);
#378=FACE_OUTER_BOUND('',#669,.T.);
#379=FACE_OUTER_BOUND('',#670,.T.);
#380=FACE_OUTER_BOUND('',#671,.T.);
#381=FACE_OUTER_BOUND('',#672,.T.);
#382=FACE_OUTER_BOUND('',#673,.T.);
#383=FACE_OUTER_BOUND('',#674,.T.);
#384=FACE_OUTER_BOUND('',#675,.T.);
#385=FACE_OUTER_BOUND('',#676,.T.);
#386=FACE_OUTER_BOUND('',#677,.T.);
#387=FACE_OUTER_BOUND('',#678,.T.);
#388=FACE_OUTER_BOUND('',#679,.T.);
#389=FACE_OUTER_BOUND('',#680,.T.);
#390=FACE_OUTER_BOUND('',#681,.T.);
#391=FACE_OUTER_BOUND('',#682,.T.);
#392=FACE_OUTER_BOUND('',#683,.T.);
#393=FACE_OUTER_BOUND('',#684,.T.);
#394=FACE_OUTER_BOUND('',#685,.T.);
#395=FACE_OUTER_BOUND('',#686,.T.);
#396=FACE_OUTER_BOUND('',#687,.T.);
#397=FACE_OUTER_BOUND('',#688,.T.);
#398=FACE_OUTER_BOUND('',#689,.T.);
#399=FACE_OUTER_BOUND('',#690,.T.);
#400=FACE_OUTER_BOUND('',#691,.T.);
#401=FACE_OUTER_BOUND('',#692,.T.);
#402=FACE_OUTER_BOUND('',#693,.T.);
#403=FACE_OUTER_BOUND('',#694,.T.);
#404=FACE_OUTER_BOUND('',#695,.T.);
#405=FACE_OUTER_BOUND('',#696,.T.);
#406=FACE_OUTER_BOUND('',#697,.T.);
#407=FACE_OUTER_BOUND('',#698,.T.);
#408=FACE_OUTER_BOUND('',#699,.T.);
#409=FACE_OUTER_BOUND('',#700,.T.);
#410=FACE_OUTER_BOUND('',#701,.T.);
#411=FACE_OUTER_BOUND('',#702,.T.);
#412=FACE_OUTER_BOUND('',#703,.T.);
#413=FACE_OUTER_BOUND('',#704,.T.);
#414=FACE_OUTER_BOUND('',#705,.T.);
#415=FACE_OUTER_BOUND('',#706,.T.);
#416=FACE_OUTER_BOUND('',#707,.T.);
#417=FACE_OUTER_BOUND('',#708,.T.);
#418=FACE_OUTER_BOUND('',#709,.T.);
#419=FACE_OUTER_BOUND('',#710,.T.);
#420=FACE_OUTER_BOUND('',#711,.T.);
#421=FACE_OUTER_BOUND('',#712,.T.);
#422=FACE_OUTER_BOUND('',#713,.T.);
#423=FACE_OUTER_BOUND('',#714,.T.);
#424=FACE_OUTER_BOUND('',#715,.T.);
#425=FACE_OUTER_BOUND('',#716,.T.);
#426=FACE_OUTER_BOUND('',#717,.T.);
#427=FACE_OUTER_BOUND('',#718,.T.);
#428=FACE_OUTER_BOUND('',#719,.T.);
#429=FACE_OUTER_BOUND('',#720,.T.);
#430=FACE_OUTER_BOUND('',#721,.T.);
#431=FACE_OUTER_BOUND('',#722,.T.);
#432=FACE_OUTER_BOUND('',#723,.T.);
#433=FACE_OUTER_BOUND('',#724,.T.);
#434=FACE_OUTER_BOUND('',#725,.T.);
#435=FACE_OUTER_BOUND('',#726,.T.);
#436=FACE_OUTER_BOUND('',#727,.T.);
#437=FACE_OUTER_BOUND('',#728,.T.);
#438=FACE_OUTER_BOUND('',#729,.T.);
#439=FACE_OUTER_BOUND('',#730,.T.);
#440=FACE_OUTER_BOUND('',#731,.T.);
#441=FACE_OUTER_BOUND('',#732,.T.);
#442=FACE_OUTER_BOUND('',#733,.T.);
#443=FACE_OUTER_BOUND('',#734,.T.);
#444=FACE_OUTER_BOUND('',#735,.T.);
#445=FACE_OUTER_BOUND('',#736,.T.);
#446=FACE_OUTER_BOUND('',#737,.T.);
#447=FACE_OUTER_BOUND('',#738,.T.);
#448=FACE_OUTER_BOUND('',#739,.T.);
#449=FACE_OUTER_BOUND('',#740,.T.);
#450=FACE_OUTER_BOUND('',#741,.T.);
#451=FACE_OUTER_BOUND('',#742,.T.);
#452=FACE_OUTER_BOUND('',#743,.T.);
#453=FACE_OUTER_BOUND('',#744,.T.);
#454=FACE_OUTER_BOUND('',#745,.T.);
#455=FACE_OUTER_BOUND('',#746,.T.);
#456=FACE_OUTER_BOUND('',#747,.T.);
#457=FACE_OUTER_BOUND('',#748,.T.);
#458=FACE_OUTER_BOUND('',#749,.T.);
#459=FACE_OUTER_BOUND('',#750,.T.);
#460=FACE_OUTER_BOUND('',#751,.T.);
#461=FACE_OUTER_BOUND('',#752,.T.);
#462=FACE_OUTER_BOUND('',#753,.T.);
#463=FACE_OUTER_BOUND('',#754,.T.);
#464=FACE_OUTER_BOUND('',#755,.T.);
#465=FACE_OUTER_BOUND('',#756,.T.);
#466=FACE_OUTER_BOUND('',#757,.T.);
#467=FACE_OUTER_BOUND('',#758,.T.);
#468=FACE_OUTER_BOUND('',#759,.T.);
#469=FACE_OUTER_BOUND('',#760,.T.);
#470=FACE_OUTER_BOUND('',#761,.T.);
#471=FACE_OUTER_BOUND('',#762,.T.);
#472=FACE_OUTER_BOUND('',#763,.T.);
#473=FACE_OUTER_BOUND('',#764,.T.);
#474=FACE_OUTER_BOUND('',#765,.T.);
#475=FACE_OUTER_BOUND('',#766,.T.);
#476=FACE_OUTER_BOUND('',#767,.T.);
#477=FACE_OUTER_BOUND('',#768,.T.);
#478=FACE_OUTER_BOUND('',#769,.T.);
#479=FACE_OUTER_BOUND('',#770,.T.);
#480=FACE_OUTER_BOUND('',#771,.T.);
#481=FACE_OUTER_BOUND('',#772,.T.);
#482=FACE_OUTER_BOUND('',#773,.T.);
#483=FACE_OUTER_BOUND('',#774,.T.);
#484=FACE_OUTER_BOUND('',#775,.T.);
#485=FACE_OUTER_BOUND('',#776,.T.);
#486=FACE_OUTER_BOUND('',#777,.T.);
#487=FACE_OUTER_BOUND('',#785,.T.);
#488=FACE_OUTER_BOUND('',#786,.T.);
#489=FACE_OUTER_BOUND('',#787,.T.);
#490=FACE_OUTER_BOUND('',#788,.T.);
#491=FACE_OUTER_BOUND('',#789,.T.);
#492=FACE_OUTER_BOUND('',#790,.T.);
#493=FACE_OUTER_BOUND('',#791,.T.);
#494=FACE_OUTER_BOUND('',#792,.T.);
#495=FACE_OUTER_BOUND('',#793,.T.);
#496=FACE_OUTER_BOUND('',#794,.T.);
#497=FACE_OUTER_BOUND('',#795,.T.);
#498=FACE_OUTER_BOUND('',#800,.T.);
#499=FACE_OUTER_BOUND('',#801,.T.);
#500=FACE_OUTER_BOUND('',#802,.T.);
#501=FACE_OUTER_BOUND('',#803,.T.);
#502=FACE_OUTER_BOUND('',#805,.T.);
#503=FACE_OUTER_BOUND('',#806,.T.);
#504=FACE_OUTER_BOUND('',#809,.T.);
#505=FACE_OUTER_BOUND('',#810,.T.);
#506=FACE_OUTER_BOUND('',#811,.T.);
#507=FACE_OUTER_BOUND('',#812,.T.);
#508=FACE_OUTER_BOUND('',#813,.T.);
#509=FACE_OUTER_BOUND('',#815,.T.);
#510=FACE_OUTER_BOUND('',#816,.T.);
#511=FACE_OUTER_BOUND('',#817,.T.);
#512=FACE_OUTER_BOUND('',#818,.T.);
#513=FACE_OUTER_BOUND('',#819,.T.);
#514=FACE_OUTER_BOUND('',#820,.T.);
#515=FACE_OUTER_BOUND('',#821,.T.);
#516=FACE_OUTER_BOUND('',#822,.T.);
#517=FACE_OUTER_BOUND('',#823,.T.);
#518=FACE_OUTER_BOUND('',#824,.T.);
#519=FACE_OUTER_BOUND('',#825,.T.);
#520=FACE_OUTER_BOUND('',#826,.T.);
#521=FACE_OUTER_BOUND('',#827,.T.);
#522=FACE_OUTER_BOUND('',#828,.T.);
#523=FACE_OUTER_BOUND('',#829,.T.);
#524=FACE_OUTER_BOUND('',#830,.T.);
#525=FACE_OUTER_BOUND('',#831,.T.);
#526=FACE_OUTER_BOUND('',#832,.T.);
#527=FACE_OUTER_BOUND('',#833,.T.);
#528=FACE_OUTER_BOUND('',#834,.T.);
#529=FACE_OUTER_BOUND('',#835,.T.);
#530=FACE_OUTER_BOUND('',#836,.T.);
#531=FACE_OUTER_BOUND('',#837,.T.);
#532=FACE_OUTER_BOUND('',#838,.T.);
#533=FACE_OUTER_BOUND('',#839,.T.);
#534=FACE_OUTER_BOUND('',#840,.T.);
#535=FACE_OUTER_BOUND('',#841,.T.);
#536=FACE_OUTER_BOUND('',#842,.T.);
#537=FACE_OUTER_BOUND('',#843,.T.);
#538=FACE_OUTER_BOUND('',#844,.T.);
#539=FACE_OUTER_BOUND('',#845,.T.);
#540=FACE_OUTER_BOUND('',#846,.T.);
#541=FACE_OUTER_BOUND('',#847,.T.);
#542=FACE_OUTER_BOUND('',#848,.T.);
#543=FACE_OUTER_BOUND('',#849,.T.);
#544=FACE_OUTER_BOUND('',#850,.T.);
#545=FACE_OUTER_BOUND('',#852,.T.);
#546=FACE_OUTER_BOUND('',#853,.T.);
#547=FACE_OUTER_BOUND('',#855,.T.);
#548=FACE_OUTER_BOUND('',#856,.T.);
#549=FACE_OUTER_BOUND('',#861,.T.);
#550=EDGE_LOOP('',(#2964,#2965,#2966,#2967));
#551=EDGE_LOOP('',(#2968,#2969,#2970,#2971));
#552=EDGE_LOOP('',(#2972,#2973,#2974,#2975));
#553=EDGE_LOOP('',(#2976,#2977,#2978,#2979));
#554=EDGE_LOOP('',(#2980,#2981,#2982,#2983));
#555=EDGE_LOOP('',(#2984,#2985,#2986,#2987,#2988,#2989,#2990));
#556=EDGE_LOOP('',(#2991,#2992,#2993,#2994));
#557=EDGE_LOOP('',(#2995,#2996,#2997,#2998,#2999,#3000));
#558=EDGE_LOOP('',(#3001,#3002,#3003,#3004,#3005,#3006,#3007,#3008,#3009,
#3010,#3011,#3012,#3013,#3014,#3015,#3016,#3017,#3018));
#559=EDGE_LOOP('',(#3019));
#560=EDGE_LOOP('',(#3020));
#561=EDGE_LOOP('',(#3021));
#562=EDGE_LOOP('',(#3022));
#563=EDGE_LOOP('',(#3023,#3024,#3025,#3026,#3027,#3028));
#564=EDGE_LOOP('',(#3029,#3030,#3031,#3032,#3033,#3034));
#565=EDGE_LOOP('',(#3035,#3036,#3037,#3038,#3039,#3040));
#566=EDGE_LOOP('',(#3041,#3042,#3043,#3044,#3045,#3046,#3047,#3048,#3049,
#3050,#3051,#3052,#3053,#3054,#3055,#3056,#3057,#3058));
#567=EDGE_LOOP('',(#3059,#3060,#3061,#3062,#3063,#3064,#3065,#3066,#3067,
#3068,#3069,#3070,#3071,#3072,#3073,#3074,#3075,#3076));
#568=EDGE_LOOP('',(#3077,#3078,#3079,#3080));
#569=EDGE_LOOP('',(#3081,#3082,#3083,#3084,#3085,#3086,#3087));
#570=EDGE_LOOP('',(#3088,#3089,#3090,#3091));
#571=EDGE_LOOP('',(#3092,#3093,#3094,#3095));
#572=EDGE_LOOP('',(#3096,#3097,#3098,#3099));
#573=EDGE_LOOP('',(#3100,#3101,#3102,#3103));
#574=EDGE_LOOP('',(#3104,#3105,#3106,#3107));
#575=EDGE_LOOP('',(#3108,#3109,#3110,#3111));
#576=EDGE_LOOP('',(#3112,#3113,#3114,#3115));
#577=EDGE_LOOP('',(#3116,#3117,#3118,#3119));
#578=EDGE_LOOP('',(#3120,#3121,#3122,#3123));
#579=EDGE_LOOP('',(#3124,#3125,#3126,#3127));
#580=EDGE_LOOP('',(#3128,#3129,#3130,#3131));
#581=EDGE_LOOP('',(#3132,#3133,#3134,#3135));
#582=EDGE_LOOP('',(#3136,#3137,#3138,#3139));
#583=EDGE_LOOP('',(#3140,#3141,#3142,#3143));
#584=EDGE_LOOP('',(#3144,#3145,#3146,#3147));
#585=EDGE_LOOP('',(#3148,#3149,#3150,#3151));
#586=EDGE_LOOP('',(#3152,#3153,#3154,#3155));
#587=EDGE_LOOP('',(#3156,#3157,#3158,#3159));
#588=EDGE_LOOP('',(#3160,#3161,#3162,#3163,#3164,#3165));
#589=EDGE_LOOP('',(#3166,#3167,#3168,#3169));
#590=EDGE_LOOP('',(#3170,#3171,#3172,#3173,#3174,#3175));
#591=EDGE_LOOP('',(#3176,#3177,#3178,#3179));
#592=EDGE_LOOP('',(#3180,#3181,#3182,#3183));
#593=EDGE_LOOP('',(#3184,#3185,#3186,#3187));
#594=EDGE_LOOP('',(#3188,#3189,#3190,#3191,#3192,#3193));
#595=EDGE_LOOP('',(#3194,#3195,#3196,#3197));
#596=EDGE_LOOP('',(#3198,#3199,#3200,#3201,#3202,#3203));
#597=EDGE_LOOP('',(#3204,#3205,#3206,#3207));
#598=EDGE_LOOP('',(#3208,#3209,#3210,#3211));
#599=EDGE_LOOP('',(#3212,#3213,#3214,#3215));
#600=EDGE_LOOP('',(#3216,#3217,#3218,#3219));
#601=EDGE_LOOP('',(#3220,#3221,#3222,#3223));
#602=EDGE_LOOP('',(#3224,#3225,#3226,#3227));
#603=EDGE_LOOP('',(#3228,#3229,#3230,#3231));
#604=EDGE_LOOP('',(#3232,#3233,#3234,#3235));
#605=EDGE_LOOP('',(#3236,#3237,#3238,#3239));
#606=EDGE_LOOP('',(#3240,#3241,#3242,#3243));
#607=EDGE_LOOP('',(#3244,#3245,#3246,#3247));
#608=EDGE_LOOP('',(#3248,#3249,#3250,#3251));
#609=EDGE_LOOP('',(#3252,#3253,#3254,#3255));
#610=EDGE_LOOP('',(#3256,#3257,#3258,#3259));
#611=EDGE_LOOP('',(#3260,#3261,#3262,#3263,#3264,#3265,#3266,#3267));
#612=EDGE_LOOP('',(#3268,#3269,#3270,#3271));
#613=EDGE_LOOP('',(#3272,#3273,#3274,#3275));
#614=EDGE_LOOP('',(#3276,#3277,#3278,#3279));
#615=EDGE_LOOP('',(#3280,#3281,#3282,#3283));
#616=EDGE_LOOP('',(#3284,#3285,#3286,#3287));
#617=EDGE_LOOP('',(#3288,#3289,#3290,#3291));
#618=EDGE_LOOP('',(#3292,#3293,#3294,#3295));
#619=EDGE_LOOP('',(#3296,#3297,#3298,#3299));
#620=EDGE_LOOP('',(#3300,#3301,#3302,#3303));
#621=EDGE_LOOP('',(#3304,#3305,#3306,#3307));
#622=EDGE_LOOP('',(#3308,#3309,#3310,#3311));
#623=EDGE_LOOP('',(#3312,#3313,#3314,#3315,#3316,#3317,#3318,#3319));
#624=EDGE_LOOP('',(#3320,#3321,#3322,#3323,#3324));
#625=EDGE_LOOP('',(#3325,#3326,#3327,#3328,#3329));
#626=EDGE_LOOP('',(#3330,#3331,#3332,#3333,#3334));
#627=EDGE_LOOP('',(#3335,#3336,#3337,#3338));
#628=EDGE_LOOP('',(#3339,#3340,#3341,#3342));
#629=EDGE_LOOP('',(#3343,#3344,#3345,#3346,#3347));
#630=EDGE_LOOP('',(#3348,#3349,#3350,#3351,#3352,#3353,#3354,#3355,#3356,
#3357,#3358,#3359,#3360,#3361));
#631=EDGE_LOOP('',(#3362,#3363,#3364,#3365));
#632=EDGE_LOOP('',(#3366,#3367,#3368,#3369));
#633=EDGE_LOOP('',(#3370,#3371,#3372,#3373));
#634=EDGE_LOOP('',(#3374,#3375,#3376,#3377));
#635=EDGE_LOOP('',(#3378,#3379,#3380,#3381));
#636=EDGE_LOOP('',(#3382,#3383,#3384,#3385,#3386,#3387,#3388));
#637=EDGE_LOOP('',(#3389,#3390,#3391,#3392));
#638=EDGE_LOOP('',(#3393,#3394,#3395,#3396));
#639=EDGE_LOOP('',(#3397,#3398,#3399,#3400,#3401,#3402,#3403));
#640=EDGE_LOOP('',(#3404,#3405,#3406,#3407));
#641=EDGE_LOOP('',(#3408,#3409,#3410,#3411));
#642=EDGE_LOOP('',(#3412,#3413,#3414,#3415));
#643=EDGE_LOOP('',(#3416,#3417,#3418,#3419));
#644=EDGE_LOOP('',(#3420,#3421,#3422,#3423));
#645=EDGE_LOOP('',(#3424,#3425,#3426,#3427));
#646=EDGE_LOOP('',(#3428,#3429,#3430,#3431));
#647=EDGE_LOOP('',(#3432,#3433,#3434,#3435));
#648=EDGE_LOOP('',(#3436,#3437,#3438,#3439));
#649=EDGE_LOOP('',(#3440,#3441,#3442,#3443));
#650=EDGE_LOOP('',(#3444,#3445,#3446,#3447));
#651=EDGE_LOOP('',(#3448,#3449,#3450,#3451));
#652=EDGE_LOOP('',(#3452,#3453,#3454,#3455));
#653=EDGE_LOOP('',(#3456,#3457,#3458,#3459));
#654=EDGE_LOOP('',(#3460,#3461,#3462,#3463));
#655=EDGE_LOOP('',(#3464,#3465,#3466,#3467));
#656=EDGE_LOOP('',(#3468,#3469,#3470,#3471));
#657=EDGE_LOOP('',(#3472,#3473,#3474,#3475));
#658=EDGE_LOOP('',(#3476,#3477,#3478,#3479,#3480,#3481));
#659=EDGE_LOOP('',(#3482,#3483,#3484,#3485));
#660=EDGE_LOOP('',(#3486,#3487,#3488,#3489,#3490,#3491));
#661=EDGE_LOOP('',(#3492,#3493,#3494,#3495));
#662=EDGE_LOOP('',(#3496,#3497,#3498,#3499));
#663=EDGE_LOOP('',(#3500,#3501,#3502,#3503));
#664=EDGE_LOOP('',(#3504,#3505,#3506,#3507,#3508,#3509));
#665=EDGE_LOOP('',(#3510,#3511,#3512,#3513));
#666=EDGE_LOOP('',(#3514,#3515,#3516,#3517,#3518,#3519));
#667=EDGE_LOOP('',(#3520,#3521,#3522,#3523));
#668=EDGE_LOOP('',(#3524,#3525,#3526,#3527));
#669=EDGE_LOOP('',(#3528,#3529,#3530,#3531));
#670=EDGE_LOOP('',(#3532,#3533,#3534,#3535));
#671=EDGE_LOOP('',(#3536,#3537,#3538,#3539));
#672=EDGE_LOOP('',(#3540,#3541,#3542,#3543));
#673=EDGE_LOOP('',(#3544,#3545,#3546,#3547));
#674=EDGE_LOOP('',(#3548,#3549,#3550,#3551));
#675=EDGE_LOOP('',(#3552,#3553,#3554,#3555));
#676=EDGE_LOOP('',(#3556,#3557,#3558,#3559));
#677=EDGE_LOOP('',(#3560,#3561,#3562,#3563));
#678=EDGE_LOOP('',(#3564,#3565,#3566,#3567));
#679=EDGE_LOOP('',(#3568,#3569,#3570,#3571));
#680=EDGE_LOOP('',(#3572,#3573,#3574,#3575,#3576,#3577,#3578,#3579));
#681=EDGE_LOOP('',(#3580,#3581,#3582,#3583));
#682=EDGE_LOOP('',(#3584,#3585,#3586,#3587));
#683=EDGE_LOOP('',(#3588,#3589,#3590,#3591));
#684=EDGE_LOOP('',(#3592,#3593,#3594,#3595));
#685=EDGE_LOOP('',(#3596,#3597,#3598,#3599));
#686=EDGE_LOOP('',(#3600,#3601,#3602,#3603));
#687=EDGE_LOOP('',(#3604,#3605,#3606,#3607));
#688=EDGE_LOOP('',(#3608,#3609,#3610,#3611));
#689=EDGE_LOOP('',(#3612,#3613,#3614,#3615));
#690=EDGE_LOOP('',(#3616,#3617,#3618,#3619));
#691=EDGE_LOOP('',(#3620,#3621,#3622,#3623,#3624,#3625,#3626,#3627));
#692=EDGE_LOOP('',(#3628,#3629,#3630,#3631));
#693=EDGE_LOOP('',(#3632,#3633,#3634,#3635,#3636));
#694=EDGE_LOOP('',(#3637,#3638,#3639,#3640,#3641));
#695=EDGE_LOOP('',(#3642,#3643,#3644,#3645));
#696=EDGE_LOOP('',(#3646,#3647,#3648,#3649));
#697=EDGE_LOOP('',(#3650,#3651,#3652,#3653));
#698=EDGE_LOOP('',(#3654,#3655,#3656,#3657,#3658));
#699=EDGE_LOOP('',(#3659,#3660,#3661,#3662,#3663));
#700=EDGE_LOOP('',(#3664,#3665,#3666,#3667,#3668,#3669,#3670,#3671,#3672,
#3673,#3674,#3675,#3676,#3677));
#701=EDGE_LOOP('',(#3678,#3679,#3680,#3681));
#702=EDGE_LOOP('',(#3682,#3683,#3684,#3685));
#703=EDGE_LOOP('',(#3686,#3687,#3688,#3689));
#704=EDGE_LOOP('',(#3690,#3691,#3692,#3693));
#705=EDGE_LOOP('',(#3694,#3695,#3696,#3697));
#706=EDGE_LOOP('',(#3698,#3699,#3700,#3701,#3702,#3703,#3704));
#707=EDGE_LOOP('',(#3705,#3706,#3707,#3708));
#708=EDGE_LOOP('',(#3709,#3710,#3711,#3712));
#709=EDGE_LOOP('',(#3713,#3714,#3715,#3716,#3717,#3718,#3719));
#710=EDGE_LOOP('',(#3720,#3721,#3722,#3723));
#711=EDGE_LOOP('',(#3724,#3725,#3726,#3727));
#712=EDGE_LOOP('',(#3728,#3729,#3730,#3731));
#713=EDGE_LOOP('',(#3732,#3733,#3734,#3735));
#714=EDGE_LOOP('',(#3736,#3737,#3738,#3739));
#715=EDGE_LOOP('',(#3740,#3741,#3742,#3743));
#716=EDGE_LOOP('',(#3744,#3745,#3746,#3747));
#717=EDGE_LOOP('',(#3748,#3749,#3750,#3751));
#718=EDGE_LOOP('',(#3752,#3753,#3754,#3755));
#719=EDGE_LOOP('',(#3756,#3757,#3758,#3759));
#720=EDGE_LOOP('',(#3760,#3761,#3762,#3763));
#721=EDGE_LOOP('',(#3764,#3765,#3766,#3767));
#722=EDGE_LOOP('',(#3768,#3769,#3770,#3771));
#723=EDGE_LOOP('',(#3772,#3773,#3774,#3775));
#724=EDGE_LOOP('',(#3776,#3777,#3778,#3779));
#725=EDGE_LOOP('',(#3780,#3781,#3782,#3783));
#726=EDGE_LOOP('',(#3784,#3785,#3786,#3787));
#727=EDGE_LOOP('',(#3788,#3789,#3790,#3791));
#728=EDGE_LOOP('',(#3792,#3793,#3794,#3795,#3796,#3797));
#729=EDGE_LOOP('',(#3798,#3799,#3800,#3801));
#730=EDGE_LOOP('',(#3802,#3803,#3804,#3805,#3806,#3807));
#731=EDGE_LOOP('',(#3808,#3809,#3810,#3811));
#732=EDGE_LOOP('',(#3812,#3813,#3814,#3815));
#733=EDGE_LOOP('',(#3816,#3817,#3818,#3819));
#734=EDGE_LOOP('',(#3820,#3821,#3822,#3823,#3824,#3825));
#735=EDGE_LOOP('',(#3826,#3827,#3828,#3829));
#736=EDGE_LOOP('',(#3830,#3831,#3832,#3833,#3834,#3835));
#737=EDGE_LOOP('',(#3836,#3837,#3838,#3839));
#738=EDGE_LOOP('',(#3840,#3841,#3842,#3843));
#739=EDGE_LOOP('',(#3844,#3845,#3846,#3847));
#740=EDGE_LOOP('',(#3848,#3849,#3850,#3851,#3852,#3853));
#741=EDGE_LOOP('',(#3854,#3855,#3856,#3857));
#742=EDGE_LOOP('',(#3858,#3859,#3860,#3861));
#743=EDGE_LOOP('',(#3862,#3863,#3864,#3865));
#744=EDGE_LOOP('',(#3866,#3867,#3868,#3869));
#745=EDGE_LOOP('',(#3870,#3871,#3872,#3873));
#746=EDGE_LOOP('',(#3874,#3875,#3876,#3877));
#747=EDGE_LOOP('',(#3878,#3879,#3880,#3881));
#748=EDGE_LOOP('',(#3882,#3883,#3884,#3885));
#749=EDGE_LOOP('',(#3886,#3887,#3888,#3889));
#750=EDGE_LOOP('',(#3890,#3891,#3892,#3893));
#751=EDGE_LOOP('',(#3894,#3895,#3896,#3897,#3898,#3899,#3900,#3901));
#752=EDGE_LOOP('',(#3902,#3903,#3904,#3905));
#753=EDGE_LOOP('',(#3906,#3907,#3908,#3909));
#754=EDGE_LOOP('',(#3910,#3911,#3912,#3913));
#755=EDGE_LOOP('',(#3914,#3915,#3916,#3917));
#756=EDGE_LOOP('',(#3918,#3919,#3920,#3921));
#757=EDGE_LOOP('',(#3922,#3923,#3924,#3925));
#758=EDGE_LOOP('',(#3926,#3927,#3928,#3929));
#759=EDGE_LOOP('',(#3930,#3931,#3932,#3933));
#760=EDGE_LOOP('',(#3934,#3935,#3936,#3937));
#761=EDGE_LOOP('',(#3938,#3939,#3940,#3941));
#762=EDGE_LOOP('',(#3942,#3943,#3944,#3945,#3946,#3947,#3948,#3949));
#763=EDGE_LOOP('',(#3950,#3951,#3952,#3953,#3954));
#764=EDGE_LOOP('',(#3955,#3956,#3957,#3958));
#765=EDGE_LOOP('',(#3959,#3960,#3961,#3962,#3963));
#766=EDGE_LOOP('',(#3964,#3965,#3966,#3967));
#767=EDGE_LOOP('',(#3968,#3969,#3970,#3971));
#768=EDGE_LOOP('',(#3972,#3973,#3974,#3975));
#769=EDGE_LOOP('',(#3976,#3977,#3978,#3979,#3980));
#770=EDGE_LOOP('',(#3981,#3982,#3983,#3984,#3985));
#771=EDGE_LOOP('',(#3986,#3987,#3988,#3989,#3990,#3991,#3992,#3993,#3994,
#3995,#3996,#3997,#3998,#3999));
#772=EDGE_LOOP('',(#4000,#4001,#4002,#4003,#4004,#4005));
#773=EDGE_LOOP('',(#4006,#4007,#4008,#4009,#4010,#4011));
#774=EDGE_LOOP('',(#4012,#4013,#4014,#4015));
#775=EDGE_LOOP('',(#4016,#4017,#4018,#4019));
#776=EDGE_LOOP('',(#4020,#4021,#4022,#4023));
#777=EDGE_LOOP('',(#4024,#4025,#4026,#4027,#4028,#4029));
#778=EDGE_LOOP('',(#4030));
#779=EDGE_LOOP('',(#4031));
#780=EDGE_LOOP('',(#4032));
#781=EDGE_LOOP('',(#4033));
#782=EDGE_LOOP('',(#4034));
#783=EDGE_LOOP('',(#4035));
#784=EDGE_LOOP('',(#4036));
#785=EDGE_LOOP('',(#4037,#4038,#4039,#4040));
#786=EDGE_LOOP('',(#4041,#4042,#4043,#4044));
#787=EDGE_LOOP('',(#4045,#4046,#4047,#4048));
#788=EDGE_LOOP('',(#4049,#4050,#4051,#4052));
#789=EDGE_LOOP('',(#4053,#4054,#4055,#4056));
#790=EDGE_LOOP('',(#4057,#4058,#4059,#4060));
#791=EDGE_LOOP('',(#4061,#4062,#4063,#4064));
#792=EDGE_LOOP('',(#4065,#4066,#4067,#4068));
#793=EDGE_LOOP('',(#4069,#4070,#4071,#4072));
#794=EDGE_LOOP('',(#4073,#4074,#4075,#4076));
#795=EDGE_LOOP('',(#4077,#4078,#4079,#4080,#4081,#4082));
#796=EDGE_LOOP('',(#4083));
#797=EDGE_LOOP('',(#4084));
#798=EDGE_LOOP('',(#4085));
#799=EDGE_LOOP('',(#4086));
#800=EDGE_LOOP('',(#4087,#4088,#4089,#4090));
#801=EDGE_LOOP('',(#4091,#4092,#4093,#4094));
#802=EDGE_LOOP('',(#4095,#4096,#4097,#4098));
#803=EDGE_LOOP('',(#4099,#4100,#4101,#4102,#4103,#4104,#4105,#4106));
#804=EDGE_LOOP('',(#4107));
#805=EDGE_LOOP('',(#4108,#4109,#4110,#4111));
#806=EDGE_LOOP('',(#4112,#4113,#4114,#4115,#4116,#4117,#4118,#4119));
#807=EDGE_LOOP('',(#4120,#4121,#4122));
#808=EDGE_LOOP('',(#4123,#4124));
#809=EDGE_LOOP('',(#4125,#4126,#4127,#4128));
#810=EDGE_LOOP('',(#4129,#4130,#4131,#4132));
#811=EDGE_LOOP('',(#4133,#4134,#4135,#4136));
#812=EDGE_LOOP('',(#4137,#4138,#4139,#4140));
#813=EDGE_LOOP('',(#4141,#4142,#4143,#4144,#4145,#4146,#4147,#4148));
#814=EDGE_LOOP('',(#4149));
#815=EDGE_LOOP('',(#4150,#4151,#4152,#4153));
#816=EDGE_LOOP('',(#4154,#4155,#4156,#4157));
#817=EDGE_LOOP('',(#4158,#4159,#4160,#4161));
#818=EDGE_LOOP('',(#4162,#4163,#4164,#4165));
#819=EDGE_LOOP('',(#4166,#4167,#4168));
#820=EDGE_LOOP('',(#4169,#4170));
#821=EDGE_LOOP('',(#4171,#4172,#4173,#4174,#4175,#4176));
#822=EDGE_LOOP('',(#4177,#4178,#4179,#4180));
#823=EDGE_LOOP('',(#4181,#4182,#4183,#4184));
#824=EDGE_LOOP('',(#4185,#4186,#4187,#4188));
#825=EDGE_LOOP('',(#4189,#4190,#4191,#4192));
#826=EDGE_LOOP('',(#4193,#4194,#4195,#4196));
#827=EDGE_LOOP('',(#4197,#4198,#4199,#4200));
#828=EDGE_LOOP('',(#4201,#4202,#4203,#4204,#4205,#4206));
#829=EDGE_LOOP('',(#4207,#4208,#4209,#4210,#4211,#4212));
#830=EDGE_LOOP('',(#4213,#4214,#4215,#4216,#4217,#4218));
#831=EDGE_LOOP('',(#4219,#4220,#4221,#4222,#4223,#4224));
#832=EDGE_LOOP('',(#4225,#4226,#4227,#4228,#4229,#4230));
#833=EDGE_LOOP('',(#4231,#4232,#4233,#4234,#4235,#4236));
#834=EDGE_LOOP('',(#4237,#4238,#4239,#4240,#4241,#4242,#4243,#4244,#4245,
#4246,#4247,#4248));
#835=EDGE_LOOP('',(#4249));
#836=EDGE_LOOP('',(#4250,#4251,#4252,#4253,#4254,#4255));
#837=EDGE_LOOP('',(#4256,#4257,#4258,#4259));
#838=EDGE_LOOP('',(#4260,#4261,#4262,#4263,#4264));
#839=EDGE_LOOP('',(#4265,#4266,#4267,#4268));
#840=EDGE_LOOP('',(#4269,#4270,#4271,#4272,#4273));
#841=EDGE_LOOP('',(#4274,#4275,#4276,#4277));
#842=EDGE_LOOP('',(#4278,#4279,#4280,#4281));
#843=EDGE_LOOP('',(#4282,#4283,#4284,#4285));
#844=EDGE_LOOP('',(#4286,#4287,#4288,#4289));
#845=EDGE_LOOP('',(#4290,#4291,#4292,#4293));
#846=EDGE_LOOP('',(#4294,#4295,#4296,#4297));
#847=EDGE_LOOP('',(#4298,#4299,#4300,#4301));
#848=EDGE_LOOP('',(#4302,#4303,#4304,#4305));
#849=EDGE_LOOP('',(#4306,#4307,#4308,#4309));
#850=EDGE_LOOP('',(#4310));
#851=EDGE_LOOP('',(#4311));
#852=EDGE_LOOP('',(#4312,#4313,#4314,#4315));
#853=EDGE_LOOP('',(#4316));
#854=EDGE_LOOP('',(#4317));
#855=EDGE_LOOP('',(#4318,#4319,#4320,#4321));
#856=EDGE_LOOP('',(#4322,#4323,#4324,#4325));
#857=EDGE_LOOP('',(#4326));
#858=EDGE_LOOP('',(#4327));
#859=EDGE_LOOP('',(#4328,#4329));
#860=EDGE_LOOP('',(#4330,#4331));
#861=EDGE_LOOP('',(#4332));
#862=EDGE_LOOP('',(#4333));
#863=LINE('',#6760,#1225);
#864=LINE('',#6763,#1226);
#865=LINE('',#6774,#1227);
#866=LINE('',#6775,#1228);
#867=LINE('',#6810,#1229);
#868=LINE('',#6811,#1230);
#869=LINE('',#6814,#1231);
#870=LINE('',#6816,#1232);
#871=LINE('',#6818,#1233);
#872=LINE('',#6820,#1234);
#873=LINE('',#6822,#1235);
#874=LINE('',#6826,#1236);
#875=LINE('',#6833,#1237);
#876=LINE('',#6837,#1238);
#877=LINE('',#6840,#1239);
#878=LINE('',#6843,#1240);
#879=LINE('',#6845,#1241);
#880=LINE('',#6849,#1242);
#881=LINE('',#6853,#1243);
#882=LINE('',#6861,#1244);
#883=LINE('',#6869,#1245);
#884=LINE('',#6873,#1246);
#885=LINE('',#6876,#1247);
#886=LINE('',#6887,#1248);
#887=LINE('',#6889,#1249);
#888=LINE('',#6891,#1250);
#889=LINE('',#6895,#1251);
#890=LINE('',#6896,#1252);
#891=LINE('',#6899,#1253);
#892=LINE('',#6901,#1254);
#893=LINE('',#6903,#1255);
#894=LINE('',#6907,#1256);
#895=LINE('',#6908,#1257);
#896=LINE('',#6911,#1258);
#897=LINE('',#6913,#1259);
#898=LINE('',#6915,#1260);
#899=LINE('',#6919,#1261);
#900=LINE('',#6920,#1262);
#901=LINE('',#6923,#1263);
#902=LINE('',#6925,#1264);
#903=LINE('',#6929,#1265);
#904=LINE('',#6933,#1266);
#905=LINE('',#6941,#1267);
#906=LINE('',#6949,#1268);
#907=LINE('',#6953,#1269);
#908=LINE('',#6956,#1270);
#909=LINE('',#6958,#1271);
#910=LINE('',#6962,#1272);
#911=LINE('',#6966,#1273);
#912=LINE('',#6974,#1274);
#913=LINE('',#6982,#1275);
#914=LINE('',#6986,#1276);
#915=LINE('',#6990,#1277);
#916=LINE('',#6994,#1278);
#917=LINE('',#6998,#1279);
#918=LINE('',#7000,#1280);
#919=LINE('',#7001,#1281);
#920=LINE('',#7009,#1282);
#921=LINE('',#7017,#1283);
#922=LINE('',#7033,#1284);
#923=LINE('',#7049,#1285);
#924=LINE('',#7057,#1286);
#925=LINE('',#7062,#1287);
#926=LINE('',#7066,#1288);
#927=LINE('',#7067,#1289);
#928=LINE('',#7070,#1290);
#929=LINE('',#7074,#1291);
#930=LINE('',#7078,#1292);
#931=LINE('',#7079,#1293);
#932=LINE('',#7082,#1294);
#933=LINE('',#7095,#1295);
#934=LINE('',#7115,#1296);
#935=LINE('',#7119,#1297);
#936=LINE('',#7120,#1298);
#937=LINE('',#7123,#1299);
#938=LINE('',#7127,#1300);
#939=LINE('',#7149,#1301);
#940=LINE('',#7162,#1302);
#941=LINE('',#7164,#1303);
#942=LINE('',#7166,#1304);
#943=LINE('',#7170,#1305);
#944=LINE('',#7174,#1306);
#945=LINE('',#7175,#1307);
#946=LINE('',#7180,#1308);
#947=LINE('',#7182,#1309);
#948=LINE('',#7183,#1310);
#949=LINE('',#7188,#1311);
#950=LINE('',#7193,#1312);
#951=LINE('',#7194,#1313);
#952=LINE('',#7195,#1314);
#953=LINE('',#7199,#1315);
#954=LINE('',#7203,#1316);
#955=LINE('',#7204,#1317);
#956=LINE('',#7207,#1318);
#957=LINE('',#7211,#1319);
#958=LINE('',#7212,#1320);
#959=LINE('',#7217,#1321);
#960=LINE('',#7221,#1322);
#961=LINE('',#7222,#1323);
#962=LINE('',#7228,#1324);
#963=LINE('',#7230,#1325);
#964=LINE('',#7231,#1326);
#965=LINE('',#7236,#1327);
#966=LINE('',#7241,#1328);
#967=LINE('',#7242,#1329);
#968=LINE('',#7243,#1330);
#969=LINE('',#7247,#1331);
#970=LINE('',#7251,#1332);
#971=LINE('',#7252,#1333);
#972=LINE('',#7255,#1334);
#973=LINE('',#7259,#1335);
#974=LINE('',#7260,#1336);
#975=LINE('',#7265,#1337);
#976=LINE('',#7269,#1338);
#977=LINE('',#7270,#1339);
#978=LINE('',#7278,#1340);
#979=LINE('',#7325,#1341);
#980=LINE('',#7327,#1342);
#981=LINE('',#7333,#1343);
#982=LINE('',#7336,#1344);
#983=LINE('',#7345,#1345);
#984=LINE('',#7380,#1346);
#985=LINE('',#7381,#1347);
#986=LINE('',#7384,#1348);
#987=LINE('',#7386,#1349);
#988=LINE('',#7388,#1350);
#989=LINE('',#7390,#1351);
#990=LINE('',#7392,#1352);
#991=LINE('',#7398,#1353);
#992=LINE('',#7402,#1354);
#993=LINE('',#7406,#1355);
#994=LINE('',#7408,#1356);
#995=LINE('',#7409,#1357);
#996=LINE('',#7417,#1358);
#997=LINE('',#7425,#1359);
#998=LINE('',#7441,#1360);
#999=LINE('',#7457,#1361);
#1000=LINE('',#7465,#1362);
#1001=LINE('',#7470,#1363);
#1002=LINE('',#7474,#1364);
#1003=LINE('',#7475,#1365);
#1004=LINE('',#7478,#1366);
#1005=LINE('',#7482,#1367);
#1006=LINE('',#7486,#1368);
#1007=LINE('',#7487,#1369);
#1008=LINE('',#7490,#1370);
#1009=LINE('',#7503,#1371);
#1010=LINE('',#7523,#1372);
#1011=LINE('',#7527,#1373);
#1012=LINE('',#7528,#1374);
#1013=LINE('',#7531,#1375);
#1014=LINE('',#7535,#1376);
#1015=LINE('',#7555,#1377);
#1016=LINE('',#7568,#1378);
#1017=LINE('',#7570,#1379);
#1018=LINE('',#7572,#1380);
#1019=LINE('',#7576,#1381);
#1020=LINE('',#7580,#1382);
#1021=LINE('',#7581,#1383);
#1022=LINE('',#7587,#1384);
#1023=LINE('',#7589,#1385);
#1024=LINE('',#7591,#1386);
#1025=LINE('',#7592,#1387);
#1026=LINE('',#7596,#1388);
#1027=LINE('',#7600,#1389);
#1028=LINE('',#7601,#1390);
#1029=LINE('',#7604,#1391);
#1030=LINE('',#7608,#1392);
#1031=LINE('',#7609,#1393);
#1032=LINE('',#7612,#1394);
#1033=LINE('',#7616,#1395);
#1034=LINE('',#7617,#1396);
#1035=LINE('',#7623,#1397);
#1036=LINE('',#7627,#1398);
#1037=LINE('',#7628,#1399);
#1038=LINE('',#7633,#1400);
#1039=LINE('',#7635,#1401);
#1040=LINE('',#7637,#1402);
#1041=LINE('',#7638,#1403);
#1042=LINE('',#7642,#1404);
#1043=LINE('',#7646,#1405);
#1044=LINE('',#7647,#1406);
#1045=LINE('',#7650,#1407);
#1046=LINE('',#7654,#1408);
#1047=LINE('',#7655,#1409);
#1048=LINE('',#7658,#1410);
#1049=LINE('',#7662,#1411);
#1050=LINE('',#7663,#1412);
#1051=LINE('',#7669,#1413);
#1052=LINE('',#7673,#1414);
#1053=LINE('',#7674,#1415);
#1054=LINE('',#7713,#1416);
#1055=LINE('',#7731,#1417);
#1056=LINE('',#7733,#1418);
#1057=LINE('',#7739,#1419);
#1058=LINE('',#7742,#1420);
#1059=LINE('',#7751,#1421);
#1060=LINE('',#7762,#1422);
#1061=LINE('',#7763,#1423);
#1062=LINE('',#7766,#1424);
#1063=LINE('',#7768,#1425);
#1064=LINE('',#7770,#1426);
#1065=LINE('',#7772,#1427);
#1066=LINE('',#7774,#1428);
#1067=LINE('',#7780,#1429);
#1068=LINE('',#7784,#1430);
#1069=LINE('',#7788,#1431);
#1070=LINE('',#7790,#1432);
#1071=LINE('',#7791,#1433);
#1072=LINE('',#7799,#1434);
#1073=LINE('',#7807,#1435);
#1074=LINE('',#7823,#1436);
#1075=LINE('',#7839,#1437);
#1076=LINE('',#7847,#1438);
#1077=LINE('',#7852,#1439);
#1078=LINE('',#7856,#1440);
#1079=LINE('',#7857,#1441);
#1080=LINE('',#7860,#1442);
#1081=LINE('',#7864,#1443);
#1082=LINE('',#7868,#1444);
#1083=LINE('',#7869,#1445);
#1084=LINE('',#7872,#1446);
#1085=LINE('',#7885,#1447);
#1086=LINE('',#7907,#1448);
#1087=LINE('',#7911,#1449);
#1088=LINE('',#7912,#1450);
#1089=LINE('',#7915,#1451);
#1090=LINE('',#7919,#1452);
#1091=LINE('',#7941,#1453);
#1092=LINE('',#7954,#1454);
#1093=LINE('',#7956,#1455);
#1094=LINE('',#7958,#1456);
#1095=LINE('',#7962,#1457);
#1096=LINE('',#7966,#1458);
#1097=LINE('',#7967,#1459);
#1098=LINE('',#7971,#1460);
#1099=LINE('',#7975,#1461);
#1100=LINE('',#7977,#1462);
#1101=LINE('',#7979,#1463);
#1102=LINE('',#7980,#1464);
#1103=LINE('',#7984,#1465);
#1104=LINE('',#7988,#1466);
#1105=LINE('',#7989,#1467);
#1106=LINE('',#7992,#1468);
#1107=LINE('',#7996,#1469);
#1108=LINE('',#7997,#1470);
#1109=LINE('',#8000,#1471);
#1110=LINE('',#8004,#1472);
#1111=LINE('',#8005,#1473);
#1112=LINE('',#8011,#1474);
#1113=LINE('',#8015,#1475);
#1114=LINE('',#8016,#1476);
#1115=LINE('',#8021,#1477);
#1116=LINE('',#8023,#1478);
#1117=LINE('',#8025,#1479);
#1118=LINE('',#8026,#1480);
#1119=LINE('',#8030,#1481);
#1120=LINE('',#8034,#1482);
#1121=LINE('',#8035,#1483);
#1122=LINE('',#8038,#1484);
#1123=LINE('',#8042,#1485);
#1124=LINE('',#8043,#1486);
#1125=LINE('',#8046,#1487);
#1126=LINE('',#8050,#1488);
#1127=LINE('',#8051,#1489);
#1128=LINE('',#8057,#1490);
#1129=LINE('',#8061,#1491);
#1130=LINE('',#8062,#1492);
#1131=LINE('',#8077,#1493);
#1132=LINE('',#8093,#1494);
#1133=LINE('',#8099,#1495);
#1134=LINE('',#8103,#1496);
#1135=LINE('',#8107,#1497);
#1136=LINE('',#8114,#1498);
#1137=LINE('',#8118,#1499);
#1138=LINE('',#8121,#1500);
#1139=LINE('',#8131,#1501);
#1140=LINE('',#8132,#1502);
#1141=LINE('',#8134,#1503);
#1142=LINE('',#8136,#1504);
#1143=LINE('',#8138,#1505);
#1144=LINE('',#8140,#1506);
#1145=LINE('',#8143,#1507);
#1146=LINE('',#8147,#1508);
#1147=LINE('',#8151,#1509);
#1148=LINE('',#8155,#1510);
#1149=LINE('',#8159,#1511);
#1150=LINE('',#8163,#1512);
#1151=LINE('',#8167,#1513);
#1152=LINE('',#8179,#1514);
#1153=LINE('',#8181,#1515);
#1154=LINE('',#8182,#1516);
#1155=LINE('',#8185,#1517);
#1156=LINE('',#8189,#1518);
#1157=LINE('',#8190,#1519);
#1158=LINE('',#8193,#1520);
#1159=LINE('',#8195,#1521);
#1160=LINE('',#8197,#1522);
#1161=LINE('',#8199,#1523);
#1162=LINE('',#8201,#1524);
#1163=LINE('',#8203,#1525);
#1164=LINE('',#8204,#1526);
#1165=LINE('',#8218,#1527);
#1166=LINE('',#8222,#1528);
#1167=LINE('',#8224,#1529);
#1168=LINE('',#8226,#1530);
#1169=LINE('',#8228,#1531);
#1170=LINE('',#8230,#1532);
#1171=LINE('',#8231,#1533);
#1172=LINE('',#8250,#1534);
#1173=LINE('',#8253,#1535);
#1174=LINE('',#8270,#1536);
#1175=LINE('',#8272,#1537);
#1176=LINE('',#8273,#1538);
#1177=LINE('',#8275,#1539);
#1178=LINE('',#8278,#1540);
#1179=LINE('',#8281,#1541);
#1180=LINE('',#8285,#1542);
#1181=LINE('',#8287,#1543);
#1182=LINE('',#8289,#1544);
#1183=LINE('',#8291,#1545);
#1184=LINE('',#8293,#1546);
#1185=LINE('',#8294,#1547);
#1186=LINE('',#8309,#1548);
#1187=LINE('',#8310,#1549);
#1188=LINE('',#8312,#1550);
#1189=LINE('',#8315,#1551);
#1190=LINE('',#8479,#1552);
#1191=LINE('',#8498,#1553);
#1192=LINE('',#8502,#1554);
#1193=LINE('',#8504,#1555);
#1194=LINE('',#8505,#1556);
#1195=LINE('',#8510,#1557);
#1196=LINE('',#8514,#1558);
#1197=LINE('',#8516,#1559);
#1198=LINE('',#8517,#1560);
#1199=LINE('',#8522,#1561);
#1200=LINE('',#8526,#1562);
#1201=LINE('',#8528,#1563);
#1202=LINE('',#8529,#1564);
#1203=LINE('',#8531,#1565);
#1204=LINE('',#8533,#1566);
#1205=LINE('',#8535,#1567);
#1206=LINE('',#8537,#1568);
#1207=LINE('',#8539,#1569);
#1208=LINE('',#8541,#1570);
#1209=LINE('',#8667,#1571);
#1210=LINE('',#8670,#1572);
#1211=LINE('',#8749,#1573);
#1212=LINE('',#8799,#1574);
#1213=LINE('',#8849,#1575);
#1214=LINE('',#8864,#1576);
#1215=LINE('',#8900,#1577);
#1216=LINE('',#8901,#1578);
#1217=LINE('',#8903,#1579);
#1218=LINE('',#8905,#1580);
#1219=LINE('',#8907,#1581);
#1220=LINE('',#8909,#1582);
#1221=LINE('',#8914,#1583);
#1222=LINE('',#8919,#1584);
#1223=LINE('',#8924,#1585);
#1224=LINE('',#8926,#1586);
#1225=VECTOR('',#5290,10.);
#1226=VECTOR('',#5293,10.);
#1227=VECTOR('',#5306,10.);
#1228=VECTOR('',#5307,10.);
#1229=VECTOR('',#5318,10.);
#1230=VECTOR('',#5319,10.);
#1231=VECTOR('',#5322,10.);
#1232=VECTOR('',#5323,10.);
#1233=VECTOR('',#5324,10.);
#1234=VECTOR('',#5325,10.);
#1235=VECTOR('',#5326,10.);
#1236=VECTOR('',#5331,10.);
#1237=VECTOR('',#5338,10.);
#1238=VECTOR('',#5341,10.);
#1239=VECTOR('',#5344,10.);
#1240=VECTOR('',#5345,10.);
#1241=VECTOR('',#5346,10.);
#1242=VECTOR('',#5349,10.);
#1243=VECTOR('',#5352,10.);
#1244=VECTOR('',#5359,10.);
#1245=VECTOR('',#5366,10.);
#1246=VECTOR('',#5369,10.);
#1247=VECTOR('',#5372,10.);
#1248=VECTOR('',#5381,10.);
#1249=VECTOR('',#5382,10.);
#1250=VECTOR('',#5383,10.);
#1251=VECTOR('',#5386,10.);
#1252=VECTOR('',#5387,10.);
#1253=VECTOR('',#5388,10.);
#1254=VECTOR('',#5389,10.);
#1255=VECTOR('',#5390,10.);
#1256=VECTOR('',#5393,10.);
#1257=VECTOR('',#5394,10.);
#1258=VECTOR('',#5395,10.);
#1259=VECTOR('',#5396,10.);
#1260=VECTOR('',#5397,10.);
#1261=VECTOR('',#5400,10.);
#1262=VECTOR('',#5401,10.);
#1263=VECTOR('',#5402,10.);
#1264=VECTOR('',#5403,10.);
#1265=VECTOR('',#5406,10.);
#1266=VECTOR('',#5409,10.);
#1267=VECTOR('',#5416,10.);
#1268=VECTOR('',#5423,10.);
#1269=VECTOR('',#5426,10.);
#1270=VECTOR('',#5429,10.);
#1271=VECTOR('',#5430,10.);
#1272=VECTOR('',#5433,10.);
#1273=VECTOR('',#5436,10.);
#1274=VECTOR('',#5443,10.);
#1275=VECTOR('',#5450,10.);
#1276=VECTOR('',#5453,10.);
#1277=VECTOR('',#5458,10.);
#1278=VECTOR('',#5463,10.);
#1279=VECTOR('',#5466,10.);
#1280=VECTOR('',#5467,10.);
#1281=VECTOR('',#5468,10.);
#1282=VECTOR('',#5479,10.);
#1283=VECTOR('',#5490,10.);
#1284=VECTOR('',#5513,10.);
#1285=VECTOR('',#5536,10.);
#1286=VECTOR('',#5547,10.);
#1287=VECTOR('',#5554,10.);
#1288=VECTOR('',#5559,10.);
#1289=VECTOR('',#5560,10.);
#1290=VECTOR('',#5563,10.);
#1291=VECTOR('',#5568,10.);
#1292=VECTOR('',#5571,10.);
#1293=VECTOR('',#5572,10.);
#1294=VECTOR('',#5575,10.);
#1295=VECTOR('',#5578,10.);
#1296=VECTOR('',#5583,10.);
#1297=VECTOR('',#5588,10.);
#1298=VECTOR('',#5589,10.);
#1299=VECTOR('',#5592,10.);
#1300=VECTOR('',#5597,10.);
#1301=VECTOR('',#5602,10.);
#1302=VECTOR('',#5605,10.);
#1303=VECTOR('',#5606,10.);
#1304=VECTOR('',#5607,10.);
#1305=VECTOR('',#5612,10.);
#1306=VECTOR('',#5617,10.);
#1307=VECTOR('',#5618,10.);
#1308=VECTOR('',#5625,10.);
#1309=VECTOR('',#5626,10.);
#1310=VECTOR('',#5627,10.);
#1311=VECTOR('',#5632,10.);
#1312=VECTOR('',#5637,10.);
#1313=VECTOR('',#5638,10.);
#1314=VECTOR('',#5639,10.);
#1315=VECTOR('',#5644,10.);
#1316=VECTOR('',#5649,10.);
#1317=VECTOR('',#5650,10.);
#1318=VECTOR('',#5653,10.);
#1319=VECTOR('',#5658,10.);
#1320=VECTOR('',#5659,10.);
#1321=VECTOR('',#5666,10.);
#1322=VECTOR('',#5671,10.);
#1323=VECTOR('',#5672,10.);
#1324=VECTOR('',#5681,10.);
#1325=VECTOR('',#5682,10.);
#1326=VECTOR('',#5683,10.);
#1327=VECTOR('',#5688,10.);
#1328=VECTOR('',#5693,10.);
#1329=VECTOR('',#5694,10.);
#1330=VECTOR('',#5695,10.);
#1331=VECTOR('',#5700,10.);
#1332=VECTOR('',#5705,10.);
#1333=VECTOR('',#5706,10.);
#1334=VECTOR('',#5709,10.);
#1335=VECTOR('',#5714,10.);
#1336=VECTOR('',#5715,10.);
#1337=VECTOR('',#5722,10.);
#1338=VECTOR('',#5727,10.);
#1339=VECTOR('',#5728,10.);
#1340=VECTOR('',#5741,10.);
#1341=VECTOR('',#5754,10.);
#1342=VECTOR('',#5757,10.);
#1343=VECTOR('',#5762,10.);
#1344=VECTOR('',#5765,10.);
#1345=VECTOR('',#5778,10.);
#1346=VECTOR('',#5789,10.);
#1347=VECTOR('',#5790,10.);
#1348=VECTOR('',#5793,10.);
#1349=VECTOR('',#5794,10.);
#1350=VECTOR('',#5795,10.);
#1351=VECTOR('',#5796,10.);
#1352=VECTOR('',#5797,10.);
#1353=VECTOR('',#5806,10.);
#1354=VECTOR('',#5811,10.);
#1355=VECTOR('',#5814,10.);
#1356=VECTOR('',#5815,10.);
#1357=VECTOR('',#5816,10.);
#1358=VECTOR('',#5827,10.);
#1359=VECTOR('',#5838,10.);
#1360=VECTOR('',#5861,10.);
#1361=VECTOR('',#5884,10.);
#1362=VECTOR('',#5895,10.);
#1363=VECTOR('',#5902,10.);
#1364=VECTOR('',#5907,10.);
#1365=VECTOR('',#5908,10.);
#1366=VECTOR('',#5911,10.);
#1367=VECTOR('',#5916,10.);
#1368=VECTOR('',#5919,10.);
#1369=VECTOR('',#5920,10.);
#1370=VECTOR('',#5923,10.);
#1371=VECTOR('',#5926,10.);
#1372=VECTOR('',#5931,10.);
#1373=VECTOR('',#5936,10.);
#1374=VECTOR('',#5937,10.);
#1375=VECTOR('',#5940,10.);
#1376=VECTOR('',#5945,10.);
#1377=VECTOR('',#5950,10.);
#1378=VECTOR('',#5953,10.);
#1379=VECTOR('',#5954,10.);
#1380=VECTOR('',#5955,10.);
#1381=VECTOR('',#5960,10.);
#1382=VECTOR('',#5965,10.);
#1383=VECTOR('',#5966,10.);
#1384=VECTOR('',#5973,10.);
#1385=VECTOR('',#5974,10.);
#1386=VECTOR('',#5975,10.);
#1387=VECTOR('',#5976,10.);
#1388=VECTOR('',#5981,10.);
#1389=VECTOR('',#5986,10.);
#1390=VECTOR('',#5987,10.);
#1391=VECTOR('',#5990,10.);
#1392=VECTOR('',#5995,10.);
#1393=VECTOR('',#5996,10.);
#1394=VECTOR('',#5999,10.);
#1395=VECTOR('',#6004,10.);
#1396=VECTOR('',#6005,10.);
#1397=VECTOR('',#6014,10.);
#1398=VECTOR('',#6019,10.);
#1399=VECTOR('',#6020,10.);
#1400=VECTOR('',#6025,10.);
#1401=VECTOR('',#6026,10.);
#1402=VECTOR('',#6027,10.);
#1403=VECTOR('',#6028,10.);
#1404=VECTOR('',#6033,10.);
#1405=VECTOR('',#6038,10.);
#1406=VECTOR('',#6039,10.);
#1407=VECTOR('',#6042,10.);
#1408=VECTOR('',#6047,10.);
#1409=VECTOR('',#6048,10.);
#1410=VECTOR('',#6051,10.);
#1411=VECTOR('',#6056,10.);
#1412=VECTOR('',#6057,10.);
#1413=VECTOR('',#6066,10.);
#1414=VECTOR('',#6071,10.);
#1415=VECTOR('',#6072,10.);
#1416=VECTOR('',#6081,10.);
#1417=VECTOR('',#6102,10.);
#1418=VECTOR('',#6105,10.);
#1419=VECTOR('',#6110,10.);
#1420=VECTOR('',#6113,10.);
#1421=VECTOR('',#6126,10.);
#1422=VECTOR('',#6139,10.);
#1423=VECTOR('',#6140,10.);
#1424=VECTOR('',#6143,10.);
#1425=VECTOR('',#6144,10.);
#1426=VECTOR('',#6145,10.);
#1427=VECTOR('',#6146,10.);
#1428=VECTOR('',#6147,10.);
#1429=VECTOR('',#6156,10.);
#1430=VECTOR('',#6161,10.);
#1431=VECTOR('',#6164,10.);
#1432=VECTOR('',#6165,10.);
#1433=VECTOR('',#6166,10.);
#1434=VECTOR('',#6177,10.);
#1435=VECTOR('',#6188,10.);
#1436=VECTOR('',#6211,10.);
#1437=VECTOR('',#6234,10.);
#1438=VECTOR('',#6245,10.);
#1439=VECTOR('',#6252,10.);
#1440=VECTOR('',#6257,10.);
#1441=VECTOR('',#6258,10.);
#1442=VECTOR('',#6261,10.);
#1443=VECTOR('',#6266,10.);
#1444=VECTOR('',#6269,10.);
#1445=VECTOR('',#6270,10.);
#1446=VECTOR('',#6273,10.);
#1447=VECTOR('',#6276,10.);
#1448=VECTOR('',#6281,10.);
#1449=VECTOR('',#6286,10.);
#1450=VECTOR('',#6287,10.);
#1451=VECTOR('',#6290,10.);
#1452=VECTOR('',#6295,10.);
#1453=VECTOR('',#6300,10.);
#1454=VECTOR('',#6303,10.);
#1455=VECTOR('',#6304,10.);
#1456=VECTOR('',#6305,10.);
#1457=VECTOR('',#6310,10.);
#1458=VECTOR('',#6315,10.);
#1459=VECTOR('',#6316,10.);
#1460=VECTOR('',#6323,10.);
#1461=VECTOR('',#6326,10.);
#1462=VECTOR('',#6327,10.);
#1463=VECTOR('',#6328,10.);
#1464=VECTOR('',#6329,10.);
#1465=VECTOR('',#6334,10.);
#1466=VECTOR('',#6339,10.);
#1467=VECTOR('',#6340,10.);
#1468=VECTOR('',#6343,10.);
#1469=VECTOR('',#6348,10.);
#1470=VECTOR('',#6349,10.);
#1471=VECTOR('',#6352,10.);
#1472=VECTOR('',#6357,10.);
#1473=VECTOR('',#6358,10.);
#1474=VECTOR('',#6367,10.);
#1475=VECTOR('',#6372,10.);
#1476=VECTOR('',#6373,10.);
#1477=VECTOR('',#6378,10.);
#1478=VECTOR('',#6379,10.);
#1479=VECTOR('',#6380,10.);
#1480=VECTOR('',#6381,10.);
#1481=VECTOR('',#6386,10.);
#1482=VECTOR('',#6391,10.);
#1483=VECTOR('',#6392,10.);
#1484=VECTOR('',#6395,10.);
#1485=VECTOR('',#6400,10.);
#1486=VECTOR('',#6401,10.);
#1487=VECTOR('',#6404,10.);
#1488=VECTOR('',#6409,10.);
#1489=VECTOR('',#6410,10.);
#1490=VECTOR('',#6419,10.);
#1491=VECTOR('',#6424,10.);
#1492=VECTOR('',#6425,10.);
#1493=VECTOR('',#6440,10.);
#1494=VECTOR('',#6457,10.);
#1495=VECTOR('',#6466,1.);
#1496=VECTOR('',#6471,1.);
#1497=VECTOR('',#6476,1.);
#1498=VECTOR('',#6483,10.);
#1499=VECTOR('',#6486,10.);
#1500=VECTOR('',#6489,10.);
#1501=VECTOR('',#6500,10.);
#1502=VECTOR('',#6501,10.);
#1503=VECTOR('',#6504,10.);
#1504=VECTOR('',#6507,10.);
#1505=VECTOR('',#6510,10.);
#1506=VECTOR('',#6513,10.);
#1507=VECTOR('',#6518,15.);
#1508=VECTOR('',#6523,3.);
#1509=VECTOR('',#6528,3.);
#1510=VECTOR('',#6533,3.);
#1511=VECTOR('',#6536,10.);
#1512=VECTOR('',#6539,10.);
#1513=VECTOR('',#6542,10.);
#1514=VECTOR('',#6555,10.);
#1515=VECTOR('',#6556,10.);
#1516=VECTOR('',#6557,10.);
#1517=VECTOR('',#6560,10.);
#1518=VECTOR('',#6565,10.);
#1519=VECTOR('',#6566,10.);
#1520=VECTOR('',#6569,10.);
#1521=VECTOR('',#6570,10.);
#1522=VECTOR('',#6571,10.);
#1523=VECTOR('',#6572,10.);
#1524=VECTOR('',#6573,10.);
#1525=VECTOR('',#6574,10.);
#1526=VECTOR('',#6575,10.);
#1527=VECTOR('',#6578,10.);
#1528=VECTOR('',#6583,10.);
#1529=VECTOR('',#6584,10.);
#1530=VECTOR('',#6585,10.);
#1531=VECTOR('',#6586,10.);
#1532=VECTOR('',#6587,10.);
#1533=VECTOR('',#6588,10.);
#1534=VECTOR('',#6589,10.);
#1535=VECTOR('',#6590,10.);
#1536=VECTOR('',#6593,10.);
#1537=VECTOR('',#6594,10.);
#1538=VECTOR('',#6595,10.);
#1539=VECTOR('',#6598,10.);
#1540=VECTOR('',#6603,10.);
#1541=VECTOR('',#6606,10.);
#1542=VECTOR('',#6611,10.);
#1543=VECTOR('',#6612,10.);
#1544=VECTOR('',#6613,10.);
#1545=VECTOR('',#6614,10.);
#1546=VECTOR('',#6615,10.);
#1547=VECTOR('',#6616,10.);
#1548=VECTOR('',#6619,10.);
#1549=VECTOR('',#6620,10.);
#1550=VECTOR('',#6623,10.);
#1551=VECTOR('',#6628,10.);
#1552=VECTOR('',#6637,10.);
#1553=VECTOR('',#6642,10.);
#1554=VECTOR('',#6647,10.);
#1555=VECTOR('',#6648,10.);
#1556=VECTOR('',#6649,10.);
#1557=VECTOR('',#6654,10.);
#1558=VECTOR('',#6659,10.);
#1559=VECTOR('',#6660,10.);
#1560=VECTOR('',#6661,10.);
#1561=VECTOR('',#6666,10.);
#1562=VECTOR('',#6671,10.);
#1563=VECTOR('',#6672,10.);
#1564=VECTOR('',#6673,10.);
#1565=VECTOR('',#6676,10.);
#1566=VECTOR('',#6679,10.);
#1567=VECTOR('',#6682,10.);
#1568=VECTOR('',#6685,10.);
#1569=VECTOR('',#6688,10.);
#1570=VECTOR('',#6691,10.);
#1571=VECTOR('',#6700,1.6);
#1572=VECTOR('',#6703,1.6);
#1573=VECTOR('',#6704,10.);
#1574=VECTOR('',#6707,1.6);
#1575=VECTOR('',#6708,10.);
#1576=VECTOR('',#6711,1.6);
#1577=VECTOR('',#6714,10.);
#1578=VECTOR('',#6715,10.);
#1579=VECTOR('',#6718,10.);
#1580=VECTOR('',#6721,10.);
#1581=VECTOR('',#6724,10.);
#1582=VECTOR('',#6727,10.);
#1583=VECTOR('',#6734,2.);
#1584=VECTOR('',#6741,2.);
#1585=VECTOR('',#6748,2.);
#1586=VECTOR('',#6751,4.5);
#1587=CIRCLE('',#4732,1.00000000000002);
#1588=CIRCLE('',#4733,1.);
#1589=CIRCLE('',#4735,1.);
#1590=CIRCLE('',#4736,1.5);
#1591=CIRCLE('',#4737,2.5);
#1592=CIRCLE('',#4739,1.);
#1593=CIRCLE('',#4740,0.999999999999998);
#1594=CIRCLE('',#4741,1.5);
#1595=CIRCLE('',#4742,2.5);
#1596=CIRCLE('',#4744,1.);
#1597=CIRCLE('',#4746,3.5);
#1598=CIRCLE('',#4748,2.49999999999999);
#1599=CIRCLE('',#4750,15.);
#1600=CIRCLE('',#4751,15.);
#1601=CIRCLE('',#4752,15.);
#1602=CIRCLE('',#4753,3.5);
#1603=CIRCLE('',#4754,3.5);
#1604=CIRCLE('',#4755,3.5);
#1605=CIRCLE('',#4756,17.5);
#1606=CIRCLE('',#4757,5.);
#1607=CIRCLE('',#4758,5.);
#1608=CIRCLE('',#4759,17.5);
#1609=CIRCLE('',#4760,3.5);
#1610=CIRCLE('',#4761,3.5);
#1611=CIRCLE('',#4762,3.5);
#1612=CIRCLE('',#4763,15.);
#1613=CIRCLE('',#4764,1.);
#1614=CIRCLE('',#4765,1.);
#1615=CIRCLE('',#4766,1.);
#1616=CIRCLE('',#4767,7.00000000000005);
#1617=CIRCLE('',#4768,7.);
#1618=CIRCLE('',#4769,6.99999999999999);
#1619=CIRCLE('',#4770,3.5);
#1620=CIRCLE('',#4771,3.5);
#1621=CIRCLE('',#4772,3.5);
#1622=CIRCLE('',#4773,17.5);
#1623=CIRCLE('',#4774,5.);
#1624=CIRCLE('',#4775,5.);
#1625=CIRCLE('',#4776,17.5);
#1626=CIRCLE('',#4777,3.5);
#1627=CIRCLE('',#4778,3.5);
#1628=CIRCLE('',#4779,3.5);
#1629=CIRCLE('',#4780,3.5);
#1630=CIRCLE('',#4781,3.5);
#1631=CIRCLE('',#4782,3.5);
#1632=CIRCLE('',#4783,17.5);
#1633=CIRCLE('',#4784,5.);
#1634=CIRCLE('',#4785,5.);
#1635=CIRCLE('',#4786,17.5);
#1636=CIRCLE('',#4787,3.5);
#1637=CIRCLE('',#4788,3.5);
#1638=CIRCLE('',#4789,3.5);
#1639=CIRCLE('',#4791,2.5);
#1640=CIRCLE('',#4793,3.5);
#1641=CIRCLE('',#4795,2.49999999999999);
#1642=CIRCLE('',#4796,1.);
#1643=CIRCLE('',#4798,2.49999999999999);
#1644=CIRCLE('',#4800,2.49999999999999);
#1645=CIRCLE('',#4801,1.);
#1646=CIRCLE('',#4803,2.50000000000001);
#1647=CIRCLE('',#4805,2.50000000000001);
#1648=CIRCLE('',#4806,1.);
#1649=CIRCLE('',#4808,2.50000000000001);
#1650=CIRCLE('',#4809,20.);
#1651=CIRCLE('',#4811,2.5);
#1652=CIRCLE('',#4812,2.5);
#1653=CIRCLE('',#4814,2.5);
#1654=CIRCLE('',#4816,2.50000000000002);
#1655=CIRCLE('',#4817,2.5);
#1656=CIRCLE('',#4819,2.50000000000002);
#1657=CIRCLE('',#4820,20.);
#1658=CIRCLE('',#4822,2.50000000000003);
#1659=CIRCLE('',#4823,1.);
#1660=CIRCLE('',#4825,2.49999999999999);
#1661=CIRCLE('',#4827,2.5);
#1662=CIRCLE('',#4828,1.);
#1663=CIRCLE('',#4830,2.5);
#1664=CIRCLE('',#4832,1.);
#1665=CIRCLE('',#4834,1.);
#1666=CIRCLE('',#4837,1.);
#1667=CIRCLE('',#4839,3.5);
#1668=CIRCLE('',#4842,20.);
#1669=CIRCLE('',#4844,2.5);
#1670=CIRCLE('',#4847,2.5);
#1671=CIRCLE('',#4849,20.);
#1672=CIRCLE('',#4852,3.5);
#1673=CIRCLE('',#4854,1.);
#1674=CIRCLE('',#4857,1.);
#1675=CIRCLE('',#4860,1.);
#1676=CIRCLE('',#4861,0.500000000000012);
#1677=CIRCLE('',#4864,1.);
#1678=CIRCLE('',#4865,0.499999999999977);
#1679=CIRCLE('',#4868,0.500000000000012);
#1680=CIRCLE('',#4871,0.499999999999995);
#1681=CIRCLE('',#4873,1.00000000000002);
#1682=CIRCLE('',#4876,1.00000000000005);
#1683=CIRCLE('',#4880,1.);
#1684=CIRCLE('',#4881,0.500000000000016);
#1685=CIRCLE('',#4884,1.);
#1686=CIRCLE('',#4885,0.499999999999984);
#1687=CIRCLE('',#4888,0.500000000000014);
#1688=CIRCLE('',#4891,0.499999999999995);
#1689=CIRCLE('',#4893,1.00000000000004);
#1690=CIRCLE('',#4896,0.999999999999998);
#1691=CIRCLE('',#4899,2.5);
#1692=CIRCLE('',#4901,2.5);
#1693=CIRCLE('',#4903,2.5);
#1694=CIRCLE('',#4905,2.5);
#1695=CIRCLE('',#4909,1.00000000000002);
#1696=CIRCLE('',#4910,1.);
#1697=CIRCLE('',#4912,1.);
#1698=CIRCLE('',#4913,1.5);
#1699=CIRCLE('',#4914,2.5);
#1700=CIRCLE('',#4916,1.);
#1701=CIRCLE('',#4917,0.999999999999992);
#1702=CIRCLE('',#4918,1.5);
#1703=CIRCLE('',#4919,2.5);
#1704=CIRCLE('',#4921,1.);
#1705=CIRCLE('',#4923,3.5);
#1706=CIRCLE('',#4925,2.49999999999999);
#1707=CIRCLE('',#4927,2.49999999999996);
#1708=CIRCLE('',#4929,3.5);
#1709=CIRCLE('',#4931,2.5);
#1710=CIRCLE('',#4932,1.);
#1711=CIRCLE('',#4934,2.49999999999999);
#1712=CIRCLE('',#4936,2.50000000000006);
#1713=CIRCLE('',#4937,1.);
#1714=CIRCLE('',#4939,2.49999999999998);
#1715=CIRCLE('',#4941,2.50000000000001);
#1716=CIRCLE('',#4942,1.);
#1717=CIRCLE('',#4944,2.49999999999998);
#1718=CIRCLE('',#4945,20.);
#1719=CIRCLE('',#4947,2.49999999999998);
#1720=CIRCLE('',#4948,2.5);
#1721=CIRCLE('',#4950,2.49999999999999);
#1722=CIRCLE('',#4952,2.5);
#1723=CIRCLE('',#4953,2.5);
#1724=CIRCLE('',#4955,2.5);
#1725=CIRCLE('',#4956,20.);
#1726=CIRCLE('',#4958,2.5);
#1727=CIRCLE('',#4959,1.);
#1728=CIRCLE('',#4961,2.50000000000002);
#1729=CIRCLE('',#4963,2.49999999999998);
#1730=CIRCLE('',#4964,1.);
#1731=CIRCLE('',#4966,2.5);
#1732=CIRCLE('',#4968,1.);
#1733=CIRCLE('',#4970,1.);
#1734=CIRCLE('',#4973,1.);
#1735=CIRCLE('',#4975,3.5);
#1736=CIRCLE('',#4978,20.);
#1737=CIRCLE('',#4980,2.5);
#1738=CIRCLE('',#4983,2.5);
#1739=CIRCLE('',#4985,20.);
#1740=CIRCLE('',#4988,3.5);
#1741=CIRCLE('',#4990,1.);
#1742=CIRCLE('',#4993,1.);
#1743=CIRCLE('',#4996,1.);
#1744=CIRCLE('',#4997,0.500000000000013);
#1745=CIRCLE('',#5000,0.499999999999998);
#1746=CIRCLE('',#5003,0.500000000000011);
#1747=CIRCLE('',#5006,1.);
#1748=CIRCLE('',#5007,0.499999999999999);
#1749=CIRCLE('',#5009,1.00000000000002);
#1750=CIRCLE('',#5014,1.);
#1751=CIRCLE('',#5015,0.500000000000006);
#1752=CIRCLE('',#5018,0.49999999999999);
#1753=CIRCLE('',#5021,0.500000000000013);
#1754=CIRCLE('',#5024,1.);
#1755=CIRCLE('',#5025,0.49999999999999);
#1756=CIRCLE('',#5027,0.999999999999989);
#1757=CIRCLE('',#5030,2.5);
#1758=CIRCLE('',#5032,2.5);
#1759=CIRCLE('',#5034,2.5);
#1760=CIRCLE('',#5036,0.999999999999977);
#1761=CIRCLE('',#5038,2.5);
#1762=CIRCLE('',#5040,0.999999999999992);
#1763=CIRCLE('',#5045,1.);
#1764=CIRCLE('',#5046,1.);
#1765=CIRCLE('',#5048,1.);
#1766=CIRCLE('',#5049,1.5);
#1767=CIRCLE('',#5050,2.5);
#1768=CIRCLE('',#5052,1.);
#1769=CIRCLE('',#5054,0.999999999999996);
#1770=CIRCLE('',#5055,1.5);
#1771=CIRCLE('',#5056,2.5);
#1772=CIRCLE('',#5058,1.);
#1773=CIRCLE('',#5060,3.5);
#1774=CIRCLE('',#5062,2.5);
#1775=CIRCLE('',#5064,2.5);
#1776=CIRCLE('',#5066,3.5);
#1777=CIRCLE('',#5068,2.5);
#1778=CIRCLE('',#5069,1.);
#1779=CIRCLE('',#5071,2.5);
#1780=CIRCLE('',#5073,2.5);
#1781=CIRCLE('',#5074,1.);
#1782=CIRCLE('',#5076,2.5);
#1783=CIRCLE('',#5078,2.50000000000001);
#1784=CIRCLE('',#5079,1.);
#1785=CIRCLE('',#5081,2.5);
#1786=CIRCLE('',#5082,20.);
#1787=CIRCLE('',#5084,2.5);
#1788=CIRCLE('',#5085,2.5);
#1789=CIRCLE('',#5087,2.50000000000002);
#1790=CIRCLE('',#5089,2.49999999999999);
#1791=CIRCLE('',#5090,2.5);
#1792=CIRCLE('',#5092,2.5);
#1793=CIRCLE('',#5093,20.);
#1794=CIRCLE('',#5095,2.5);
#1795=CIRCLE('',#5096,1.);
#1796=CIRCLE('',#5098,2.5);
#1797=CIRCLE('',#5100,2.5);
#1798=CIRCLE('',#5101,1.);
#1799=CIRCLE('',#5103,2.5);
#1800=CIRCLE('',#5105,1.);
#1801=CIRCLE('',#5107,1.);
#1802=CIRCLE('',#5110,1.);
#1803=CIRCLE('',#5112,3.5);
#1804=CIRCLE('',#5115,20.);
#1805=CIRCLE('',#5117,2.5);
#1806=CIRCLE('',#5120,2.5);
#1807=CIRCLE('',#5122,20.);
#1808=CIRCLE('',#5125,3.5);
#1809=CIRCLE('',#5127,1.);
#1810=CIRCLE('',#5130,1.);
#1811=CIRCLE('',#5134,1.);
#1812=CIRCLE('',#5135,0.500000000000007);
#1813=CIRCLE('',#5138,0.500000000000008);
#1814=CIRCLE('',#5141,0.500000000000004);
#1815=CIRCLE('',#5144,1.);
#1816=CIRCLE('',#5145,0.500000000000007);
#1817=CIRCLE('',#5147,0.999999999999979);
#1818=CIRCLE('',#5152,1.);
#1819=CIRCLE('',#5153,0.500000000000008);
#1820=CIRCLE('',#5156,0.499999999999995);
#1821=CIRCLE('',#5159,0.499999999999994);
#1822=CIRCLE('',#5162,1.);
#1823=CIRCLE('',#5163,0.500000000000001);
#1824=CIRCLE('',#5165,0.999999999999996);
#1825=CIRCLE('',#5169,2.5);
#1826=CIRCLE('',#5171,2.5);
#1827=CIRCLE('',#5173,2.5);
#1828=CIRCLE('',#5175,1.);
#1829=CIRCLE('',#5177,2.5);
#1830=CIRCLE('',#5179,0.999999999999996);
#1831=CIRCLE('',#5186,1.);
#1832=CIRCLE('',#5188,1.);
#1833=CIRCLE('',#5190,1.);
#1834=CIRCLE('',#5192,15.);
#1835=CIRCLE('',#5193,15.);
#1836=CIRCLE('',#5194,15.);
#1837=CIRCLE('',#5195,15.);
#1838=CIRCLE('',#5196,3.);
#1839=CIRCLE('',#5197,3.);
#1840=CIRCLE('',#5198,3.);
#1841=CIRCLE('',#5207,3.);
#1842=CIRCLE('',#5209,3.);
#1843=CIRCLE('',#5211,3.);
#1844=CIRCLE('',#5213,1.);
#1845=CIRCLE('',#5214,1.);
#1846=CIRCLE('',#5215,0.999999999999999);
#1847=CIRCLE('',#5216,7.5);
#1848=CIRCLE('',#5217,2.);
#1849=CIRCLE('',#5218,2.);
#1850=CIRCLE('',#5219,2.);
#1851=CIRCLE('',#5222,2.00000000000003);
#1852=CIRCLE('',#5226,2.);
#1853=CIRCLE('',#5230,2.);
#1854=CIRCLE('',#5233,2.);
#1855=CIRCLE('',#5237,2.);
#1856=CIRCLE('',#5240,2.);
#1857=CIRCLE('',#5244,3.5);
#1858=CIRCLE('',#5245,3.5);
#1859=CIRCLE('',#5248,3.5);
#1860=CIRCLE('',#5249,3.5);
#1861=CIRCLE('',#5252,3.5);
#1862=CIRCLE('',#5253,3.5);
#1863=CIRCLE('',#5263,7.5);
#1864=CIRCLE('',#5275,2.);
#1865=CIRCLE('',#5277,2.);
#1866=CIRCLE('',#5280,2.);
#1867=VERTEX_POINT('',#6756);
#1868=VERTEX_POINT('',#6757);
#1869=VERTEX_POINT('',#6759);
#1870=VERTEX_POINT('',#6761);
#1871=VERTEX_POINT('',#6765);
#1872=VERTEX_POINT('',#6766);
#1873=VERTEX_POINT('',#6771);
#1874=VERTEX_POINT('',#6772);
#1875=VERTEX_POINT('',#6801);
#1876=VERTEX_POINT('',#6802);
#1877=VERTEX_POINT('',#6807);
#1878=VERTEX_POINT('',#6808);
#1879=VERTEX_POINT('',#6813);
#1880=VERTEX_POINT('',#6815);
#1881=VERTEX_POINT('',#6817);
#1882=VERTEX_POINT('',#6819);
#1883=VERTEX_POINT('',#6821);
#1884=VERTEX_POINT('',#6825);
#1885=VERTEX_POINT('',#6829);
#1886=VERTEX_POINT('',#6830);
#1887=VERTEX_POINT('',#6832);
#1888=VERTEX_POINT('',#6834);
#1889=VERTEX_POINT('',#6836);
#1890=VERTEX_POINT('',#6838);
#1891=VERTEX_POINT('',#6841);
#1892=VERTEX_POINT('',#6842);
#1893=VERTEX_POINT('',#6844);
#1894=VERTEX_POINT('',#6846);
#1895=VERTEX_POINT('',#6848);
#1896=VERTEX_POINT('',#6850);
#1897=VERTEX_POINT('',#6852);
#1898=VERTEX_POINT('',#6854);
#1899=VERTEX_POINT('',#6856);
#1900=VERTEX_POINT('',#6858);
#1901=VERTEX_POINT('',#6860);
#1902=VERTEX_POINT('',#6862);
#1903=VERTEX_POINT('',#6864);
#1904=VERTEX_POINT('',#6866);
#1905=VERTEX_POINT('',#6868);
#1906=VERTEX_POINT('',#6870);
#1907=VERTEX_POINT('',#6872);
#1908=VERTEX_POINT('',#6874);
#1909=VERTEX_POINT('',#6877);
#1910=VERTEX_POINT('',#6879);
#1911=VERTEX_POINT('',#6881);
#1912=VERTEX_POINT('',#6883);
#1913=VERTEX_POINT('',#6885);
#1914=VERTEX_POINT('',#6886);
#1915=VERTEX_POINT('',#6888);
#1916=VERTEX_POINT('',#6890);
#1917=VERTEX_POINT('',#6892);
#1918=VERTEX_POINT('',#6894);
#1919=VERTEX_POINT('',#6897);
#1920=VERTEX_POINT('',#6898);
#1921=VERTEX_POINT('',#6900);
#1922=VERTEX_POINT('',#6902);
#1923=VERTEX_POINT('',#6904);
#1924=VERTEX_POINT('',#6906);
#1925=VERTEX_POINT('',#6909);
#1926=VERTEX_POINT('',#6910);
#1927=VERTEX_POINT('',#6912);
#1928=VERTEX_POINT('',#6914);
#1929=VERTEX_POINT('',#6916);
#1930=VERTEX_POINT('',#6918);
#1931=VERTEX_POINT('',#6921);
#1932=VERTEX_POINT('',#6922);
#1933=VERTEX_POINT('',#6924);
#1934=VERTEX_POINT('',#6926);
#1935=VERTEX_POINT('',#6928);
#1936=VERTEX_POINT('',#6930);
#1937=VERTEX_POINT('',#6932);
#1938=VERTEX_POINT('',#6934);
#1939=VERTEX_POINT('',#6936);
#1940=VERTEX_POINT('',#6938);
#1941=VERTEX_POINT('',#6940);
#1942=VERTEX_POINT('',#6942);
#1943=VERTEX_POINT('',#6944);
#1944=VERTEX_POINT('',#6946);
#1945=VERTEX_POINT('',#6948);
#1946=VERTEX_POINT('',#6950);
#1947=VERTEX_POINT('',#6952);
#1948=VERTEX_POINT('',#6954);
#1949=VERTEX_POINT('',#6957);
#1950=VERTEX_POINT('',#6959);
#1951=VERTEX_POINT('',#6961);
#1952=VERTEX_POINT('',#6963);
#1953=VERTEX_POINT('',#6965);
#1954=VERTEX_POINT('',#6967);
#1955=VERTEX_POINT('',#6969);
#1956=VERTEX_POINT('',#6971);
#1957=VERTEX_POINT('',#6973);
#1958=VERTEX_POINT('',#6975);
#1959=VERTEX_POINT('',#6977);
#1960=VERTEX_POINT('',#6979);
#1961=VERTEX_POINT('',#6981);
#1962=VERTEX_POINT('',#6983);
#1963=VERTEX_POINT('',#6985);
#1964=VERTEX_POINT('',#6989);
#1965=VERTEX_POINT('',#6993);
#1966=VERTEX_POINT('',#6995);
#1967=VERTEX_POINT('',#6997);
#1968=VERTEX_POINT('',#6999);
#1969=VERTEX_POINT('',#7003);
#1970=VERTEX_POINT('',#7007);
#1971=VERTEX_POINT('',#7011);
#1972=VERTEX_POINT('',#7015);
#1973=VERTEX_POINT('',#7019);
#1974=VERTEX_POINT('',#7023);
#1975=VERTEX_POINT('',#7027);
#1976=VERTEX_POINT('',#7031);
#1977=VERTEX_POINT('',#7035);
#1978=VERTEX_POINT('',#7039);
#1979=VERTEX_POINT('',#7043);
#1980=VERTEX_POINT('',#7047);
#1981=VERTEX_POINT('',#7051);
#1982=VERTEX_POINT('',#7055);
#1983=VERTEX_POINT('',#7061);
#1984=VERTEX_POINT('',#7065);
#1985=VERTEX_POINT('',#7069);
#1986=VERTEX_POINT('',#7073);
#1987=VERTEX_POINT('',#7075);
#1988=VERTEX_POINT('',#7077);
#1989=VERTEX_POINT('',#7081);
#1990=VERTEX_POINT('',#7094);
#1991=VERTEX_POINT('',#7096);
#1992=VERTEX_POINT('',#7098);
#1993=VERTEX_POINT('',#7114);
#1994=VERTEX_POINT('',#7118);
#1995=VERTEX_POINT('',#7122);
#1996=VERTEX_POINT('',#7126);
#1997=VERTEX_POINT('',#7128);
#1998=VERTEX_POINT('',#7137);
#1999=VERTEX_POINT('',#7148);
#2000=VERTEX_POINT('',#7161);
#2001=VERTEX_POINT('',#7163);
#2002=VERTEX_POINT('',#7165);
#2003=VERTEX_POINT('',#7169);
#2004=VERTEX_POINT('',#7173);
#2005=VERTEX_POINT('',#7179);
#2006=VERTEX_POINT('',#7181);
#2007=VERTEX_POINT('',#7185);
#2008=VERTEX_POINT('',#7187);
#2009=VERTEX_POINT('',#7191);
#2010=VERTEX_POINT('',#7192);
#2011=VERTEX_POINT('',#7198);
#2012=VERTEX_POINT('',#7202);
#2013=VERTEX_POINT('',#7206);
#2014=VERTEX_POINT('',#7210);
#2015=VERTEX_POINT('',#7216);
#2016=VERTEX_POINT('',#7220);
#2017=VERTEX_POINT('',#7227);
#2018=VERTEX_POINT('',#7229);
#2019=VERTEX_POINT('',#7233);
#2020=VERTEX_POINT('',#7235);
#2021=VERTEX_POINT('',#7239);
#2022=VERTEX_POINT('',#7240);
#2023=VERTEX_POINT('',#7246);
#2024=VERTEX_POINT('',#7250);
#2025=VERTEX_POINT('',#7254);
#2026=VERTEX_POINT('',#7258);
#2027=VERTEX_POINT('',#7264);
#2028=VERTEX_POINT('',#7268);
#2029=VERTEX_POINT('',#7277);
#2030=VERTEX_POINT('',#7283);
#2031=VERTEX_POINT('',#7329);
#2032=VERTEX_POINT('',#7330);
#2033=VERTEX_POINT('',#7332);
#2034=VERTEX_POINT('',#7334);
#2035=VERTEX_POINT('',#7338);
#2036=VERTEX_POINT('',#7343);
#2037=VERTEX_POINT('',#7371);
#2038=VERTEX_POINT('',#7372);
#2039=VERTEX_POINT('',#7377);
#2040=VERTEX_POINT('',#7378);
#2041=VERTEX_POINT('',#7383);
#2042=VERTEX_POINT('',#7385);
#2043=VERTEX_POINT('',#7387);
#2044=VERTEX_POINT('',#7389);
#2045=VERTEX_POINT('',#7391);
#2046=VERTEX_POINT('',#7397);
#2047=VERTEX_POINT('',#7401);
#2048=VERTEX_POINT('',#7403);
#2049=VERTEX_POINT('',#7405);
#2050=VERTEX_POINT('',#7407);
#2051=VERTEX_POINT('',#7411);
#2052=VERTEX_POINT('',#7415);
#2053=VERTEX_POINT('',#7419);
#2054=VERTEX_POINT('',#7423);
#2055=VERTEX_POINT('',#7427);
#2056=VERTEX_POINT('',#7431);
#2057=VERTEX_POINT('',#7435);
#2058=VERTEX_POINT('',#7439);
#2059=VERTEX_POINT('',#7443);
#2060=VERTEX_POINT('',#7447);
#2061=VERTEX_POINT('',#7451);
#2062=VERTEX_POINT('',#7455);
#2063=VERTEX_POINT('',#7459);
#2064=VERTEX_POINT('',#7463);
#2065=VERTEX_POINT('',#7469);
#2066=VERTEX_POINT('',#7473);
#2067=VERTEX_POINT('',#7477);
#2068=VERTEX_POINT('',#7481);
#2069=VERTEX_POINT('',#7483);
#2070=VERTEX_POINT('',#7485);
#2071=VERTEX_POINT('',#7489);
#2072=VERTEX_POINT('',#7502);
#2073=VERTEX_POINT('',#7504);
#2074=VERTEX_POINT('',#7506);
#2075=VERTEX_POINT('',#7522);
#2076=VERTEX_POINT('',#7526);
#2077=VERTEX_POINT('',#7530);
#2078=VERTEX_POINT('',#7534);
#2079=VERTEX_POINT('',#7536);
#2080=VERTEX_POINT('',#7545);
#2081=VERTEX_POINT('',#7554);
#2082=VERTEX_POINT('',#7567);
#2083=VERTEX_POINT('',#7569);
#2084=VERTEX_POINT('',#7571);
#2085=VERTEX_POINT('',#7575);
#2086=VERTEX_POINT('',#7579);
#2087=VERTEX_POINT('',#7585);
#2088=VERTEX_POINT('',#7586);
#2089=VERTEX_POINT('',#7588);
#2090=VERTEX_POINT('',#7590);
#2091=VERTEX_POINT('',#7595);
#2092=VERTEX_POINT('',#7599);
#2093=VERTEX_POINT('',#7603);
#2094=VERTEX_POINT('',#7607);
#2095=VERTEX_POINT('',#7611);
#2096=VERTEX_POINT('',#7615);
#2097=VERTEX_POINT('',#7622);
#2098=VERTEX_POINT('',#7626);
#2099=VERTEX_POINT('',#7631);
#2100=VERTEX_POINT('',#7632);
#2101=VERTEX_POINT('',#7634);
#2102=VERTEX_POINT('',#7636);
#2103=VERTEX_POINT('',#7641);
#2104=VERTEX_POINT('',#7645);
#2105=VERTEX_POINT('',#7649);
#2106=VERTEX_POINT('',#7653);
#2107=VERTEX_POINT('',#7657);
#2108=VERTEX_POINT('',#7661);
#2109=VERTEX_POINT('',#7668);
#2110=VERTEX_POINT('',#7672);
#2111=VERTEX_POINT('',#7701);
#2112=VERTEX_POINT('',#7719);
#2113=VERTEX_POINT('',#7735);
#2114=VERTEX_POINT('',#7736);
#2115=VERTEX_POINT('',#7738);
#2116=VERTEX_POINT('',#7740);
#2117=VERTEX_POINT('',#7744);
#2118=VERTEX_POINT('',#7749);
#2119=VERTEX_POINT('',#7753);
#2120=VERTEX_POINT('',#7754);
#2121=VERTEX_POINT('',#7759);
#2122=VERTEX_POINT('',#7760);
#2123=VERTEX_POINT('',#7765);
#2124=VERTEX_POINT('',#7767);
#2125=VERTEX_POINT('',#7769);
#2126=VERTEX_POINT('',#7771);
#2127=VERTEX_POINT('',#7773);
#2128=VERTEX_POINT('',#7779);
#2129=VERTEX_POINT('',#7783);
#2130=VERTEX_POINT('',#7785);
#2131=VERTEX_POINT('',#7787);
#2132=VERTEX_POINT('',#7789);
#2133=VERTEX_POINT('',#7793);
#2134=VERTEX_POINT('',#7797);
#2135=VERTEX_POINT('',#7801);
#2136=VERTEX_POINT('',#7805);
#2137=VERTEX_POINT('',#7809);
#2138=VERTEX_POINT('',#7813);
#2139=VERTEX_POINT('',#7817);
#2140=VERTEX_POINT('',#7821);
#2141=VERTEX_POINT('',#7825);
#2142=VERTEX_POINT('',#7829);
#2143=VERTEX_POINT('',#7833);
#2144=VERTEX_POINT('',#7837);
#2145=VERTEX_POINT('',#7841);
#2146=VERTEX_POINT('',#7845);
#2147=VERTEX_POINT('',#7851);
#2148=VERTEX_POINT('',#7855);
#2149=VERTEX_POINT('',#7859);
#2150=VERTEX_POINT('',#7863);
#2151=VERTEX_POINT('',#7865);
#2152=VERTEX_POINT('',#7867);
#2153=VERTEX_POINT('',#7871);
#2154=VERTEX_POINT('',#7884);
#2155=VERTEX_POINT('',#7886);
#2156=VERTEX_POINT('',#7888);
#2157=VERTEX_POINT('',#7906);
#2158=VERTEX_POINT('',#7910);
#2159=VERTEX_POINT('',#7914);
#2160=VERTEX_POINT('',#7918);
#2161=VERTEX_POINT('',#7920);
#2162=VERTEX_POINT('',#7929);
#2163=VERTEX_POINT('',#7940);
#2164=VERTEX_POINT('',#7953);
#2165=VERTEX_POINT('',#7955);
#2166=VERTEX_POINT('',#7957);
#2167=VERTEX_POINT('',#7961);
#2168=VERTEX_POINT('',#7965);
#2169=VERTEX_POINT('',#7973);
#2170=VERTEX_POINT('',#7974);
#2171=VERTEX_POINT('',#7976);
#2172=VERTEX_POINT('',#7978);
#2173=VERTEX_POINT('',#7983);
#2174=VERTEX_POINT('',#7987);
#2175=VERTEX_POINT('',#7991);
#2176=VERTEX_POINT('',#7995);
#2177=VERTEX_POINT('',#7999);
#2178=VERTEX_POINT('',#8003);
#2179=VERTEX_POINT('',#8010);
#2180=VERTEX_POINT('',#8014);
#2181=VERTEX_POINT('',#8019);
#2182=VERTEX_POINT('',#8020);
#2183=VERTEX_POINT('',#8022);
#2184=VERTEX_POINT('',#8024);
#2185=VERTEX_POINT('',#8029);
#2186=VERTEX_POINT('',#8033);
#2187=VERTEX_POINT('',#8037);
#2188=VERTEX_POINT('',#8041);
#2189=VERTEX_POINT('',#8045);
#2190=VERTEX_POINT('',#8049);
#2191=VERTEX_POINT('',#8056);
#2192=VERTEX_POINT('',#8060);
#2193=VERTEX_POINT('',#8067);
#2194=VERTEX_POINT('',#8081);
#2195=VERTEX_POINT('',#8098);
#2196=VERTEX_POINT('',#8102);
#2197=VERTEX_POINT('',#8106);
#2198=VERTEX_POINT('',#8110);
#2199=VERTEX_POINT('',#8111);
#2200=VERTEX_POINT('',#8113);
#2201=VERTEX_POINT('',#8115);
#2202=VERTEX_POINT('',#8117);
#2203=VERTEX_POINT('',#8119);
#2204=VERTEX_POINT('',#8122);
#2205=VERTEX_POINT('',#8124);
#2206=VERTEX_POINT('',#8126);
#2207=VERTEX_POINT('',#8128);
#2208=VERTEX_POINT('',#8145);
#2209=VERTEX_POINT('',#8149);
#2210=VERTEX_POINT('',#8153);
#2211=VERTEX_POINT('',#8157);
#2212=VERTEX_POINT('',#8158);
#2213=VERTEX_POINT('',#8160);
#2214=VERTEX_POINT('',#8162);
#2215=VERTEX_POINT('',#8164);
#2216=VERTEX_POINT('',#8166);
#2217=VERTEX_POINT('',#8169);
#2218=VERTEX_POINT('',#8171);
#2219=VERTEX_POINT('',#8173);
#2220=VERTEX_POINT('',#8175);
#2221=VERTEX_POINT('',#8178);
#2222=VERTEX_POINT('',#8180);
#2223=VERTEX_POINT('',#8184);
#2224=VERTEX_POINT('',#8188);
#2225=VERTEX_POINT('',#8192);
#2226=VERTEX_POINT('',#8194);
#2227=VERTEX_POINT('',#8196);
#2228=VERTEX_POINT('',#8198);
#2229=VERTEX_POINT('',#8200);
#2230=VERTEX_POINT('',#8202);
#2231=VERTEX_POINT('',#8205);
#2232=VERTEX_POINT('',#8217);
#2233=VERTEX_POINT('',#8221);
#2234=VERTEX_POINT('',#8223);
#2235=VERTEX_POINT('',#8225);
#2236=VERTEX_POINT('',#8227);
#2237=VERTEX_POINT('',#8229);
#2238=VERTEX_POINT('',#8232);
#2239=VERTEX_POINT('',#8233);
#2240=VERTEX_POINT('',#8241);
#2241=VERTEX_POINT('',#8251);
#2242=VERTEX_POINT('',#8252);
#2243=VERTEX_POINT('',#8269);
#2244=VERTEX_POINT('',#8271);
#2245=VERTEX_POINT('',#8280);
#2246=VERTEX_POINT('',#8284);
#2247=VERTEX_POINT('',#8286);
#2248=VERTEX_POINT('',#8288);
#2249=VERTEX_POINT('',#8290);
#2250=VERTEX_POINT('',#8292);
#2251=VERTEX_POINT('',#8295);
#2252=VERTEX_POINT('',#8319);
#2253=VERTEX_POINT('',#8478);
#2254=VERTEX_POINT('',#8495);
#2255=VERTEX_POINT('',#8497);
#2256=VERTEX_POINT('',#8501);
#2257=VERTEX_POINT('',#8503);
#2258=VERTEX_POINT('',#8507);
#2259=VERTEX_POINT('',#8509);
#2260=VERTEX_POINT('',#8513);
#2261=VERTEX_POINT('',#8515);
#2262=VERTEX_POINT('',#8519);
#2263=VERTEX_POINT('',#8521);
#2264=VERTEX_POINT('',#8525);
#2265=VERTEX_POINT('',#8527);
#2266=VERTEX_POINT('',#8544);
#2267=VERTEX_POINT('',#8610);
#2268=VERTEX_POINT('',#8632);
#2269=VERTEX_POINT('',#8669);
#2270=VERTEX_POINT('',#8671);
#2271=VERTEX_POINT('',#8748);
#2272=VERTEX_POINT('',#8761);
#2273=VERTEX_POINT('',#8762);
#2274=VERTEX_POINT('',#8848);
#2275=VERTEX_POINT('',#8863);
#2276=VERTEX_POINT('',#8912);
#2277=VERTEX_POINT('',#8916);
#2278=VERTEX_POINT('',#8921);
#2279=EDGE_CURVE('',#1867,#1868,#1587,.T.);
#2280=EDGE_CURVE('',#1868,#1869,#863,.T.);
#2281=EDGE_CURVE('',#1869,#1870,#1588,.T.);
#2282=EDGE_CURVE('',#1870,#1867,#864,.T.);
#2283=EDGE_CURVE('',#1871,#1872,#1589,.T.);
#2284=EDGE_CURVE('',#1872,#1868,#1590,.T.);
#2285=EDGE_CURVE('',#1867,#1871,#1591,.T.);
#2286=EDGE_CURVE('',#1873,#1874,#1592,.T.);
#2287=EDGE_CURVE('',#1874,#1872,#865,.T.);
#2288=EDGE_CURVE('',#1871,#1873,#866,.T.);
#2289=EDGE_CURVE('',#1875,#1876,#1593,.T.);
#2290=EDGE_CURVE('',#1876,#1874,#1594,.T.);
#2291=EDGE_CURVE('',#1873,#1875,#1595,.T.);
#2292=EDGE_CURVE('',#1877,#1878,#1596,.T.);
#2293=EDGE_CURVE('',#1878,#1876,#867,.T.);
#2294=EDGE_CURVE('',#1875,#1877,#868,.T.);
#2295=EDGE_CURVE('',#1877,#1879,#869,.T.);
#2296=EDGE_CURVE('',#1880,#1875,#870,.T.);
#2297=EDGE_CURVE('',#1881,#1880,#871,.T.);
#2298=EDGE_CURVE('',#1882,#1881,#872,.T.);
#2299=EDGE_CURVE('',#1883,#1882,#873,.T.);
#2300=EDGE_CURVE('',#1879,#1883,#1597,.T.);
#2301=EDGE_CURVE('',#1873,#1884,#874,.T.);
#2302=EDGE_CURVE('',#1880,#1884,#1598,.T.);
#2303=EDGE_CURVE('',#1885,#1886,#1599,.T.);
#2304=EDGE_CURVE('',#1886,#1887,#875,.T.);
#2305=EDGE_CURVE('',#1887,#1888,#1600,.T.);
#2306=EDGE_CURVE('',#1888,#1889,#876,.T.);
#2307=EDGE_CURVE('',#1889,#1890,#1601,.T.);
#2308=EDGE_CURVE('',#1890,#1885,#877,.T.);
#2309=EDGE_CURVE('',#1891,#1892,#878,.T.);
#2310=EDGE_CURVE('',#1893,#1891,#879,.T.);
#2311=EDGE_CURVE('',#1894,#1893,#1602,.T.);
#2312=EDGE_CURVE('',#1895,#1894,#880,.T.);
#2313=EDGE_CURVE('',#1896,#1895,#1603,.T.);
#2314=EDGE_CURVE('',#1897,#1896,#881,.T.);
#2315=EDGE_CURVE('',#1898,#1897,#1604,.T.);
#2316=EDGE_CURVE('',#1899,#1898,#1605,.T.);
#2317=EDGE_CURVE('',#1900,#1899,#1606,.T.);
#2318=EDGE_CURVE('',#1901,#1900,#882,.T.);
#2319=EDGE_CURVE('',#1902,#1901,#1607,.T.);
#2320=EDGE_CURVE('',#1903,#1902,#1608,.T.);
#2321=EDGE_CURVE('',#1904,#1903,#1609,.T.);
#2322=EDGE_CURVE('',#1905,#1904,#883,.T.);
#2323=EDGE_CURVE('',#1906,#1905,#1610,.T.);
#2324=EDGE_CURVE('',#1907,#1906,#884,.T.);
#2325=EDGE_CURVE('',#1908,#1907,#1611,.T.);
#2326=EDGE_CURVE('',#1892,#1908,#885,.T.);
#2327=EDGE_CURVE('',#1909,#1909,#1612,.T.);
#2328=EDGE_CURVE('',#1910,#1910,#1613,.T.);
#2329=EDGE_CURVE('',#1911,#1911,#1614,.T.);
#2330=EDGE_CURVE('',#1912,#1912,#1615,.T.);
#2331=EDGE_CURVE('',#1913,#1914,#886,.T.);
#2332=EDGE_CURVE('',#1913,#1915,#887,.T.);
#2333=EDGE_CURVE('',#1916,#1915,#888,.T.);
#2334=EDGE_CURVE('',#1917,#1916,#1616,.T.);
#2335=EDGE_CURVE('',#1918,#1917,#889,.T.);
#2336=EDGE_CURVE('',#1918,#1914,#890,.T.);
#2337=EDGE_CURVE('',#1919,#1920,#891,.T.);
#2338=EDGE_CURVE('',#1919,#1921,#892,.T.);
#2339=EDGE_CURVE('',#1922,#1921,#893,.T.);
#2340=EDGE_CURVE('',#1923,#1922,#1617,.T.);
#2341=EDGE_CURVE('',#1924,#1923,#894,.T.);
#2342=EDGE_CURVE('',#1924,#1920,#895,.T.);
#2343=EDGE_CURVE('',#1925,#1926,#896,.T.);
#2344=EDGE_CURVE('',#1925,#1927,#897,.T.);
#2345=EDGE_CURVE('',#1928,#1927,#898,.T.);
#2346=EDGE_CURVE('',#1929,#1928,#1618,.T.);
#2347=EDGE_CURVE('',#1930,#1929,#899,.T.);
#2348=EDGE_CURVE('',#1930,#1926,#900,.T.);
#2349=EDGE_CURVE('',#1931,#1932,#901,.T.);
#2350=EDGE_CURVE('',#1933,#1931,#902,.T.);
#2351=EDGE_CURVE('',#1934,#1933,#1619,.T.);
#2352=EDGE_CURVE('',#1935,#1934,#903,.T.);
#2353=EDGE_CURVE('',#1936,#1935,#1620,.T.);
#2354=EDGE_CURVE('',#1937,#1936,#904,.T.);
#2355=EDGE_CURVE('',#1938,#1937,#1621,.T.);
#2356=EDGE_CURVE('',#1939,#1938,#1622,.T.);
#2357=EDGE_CURVE('',#1940,#1939,#1623,.T.);
#2358=EDGE_CURVE('',#1941,#1940,#905,.T.);
#2359=EDGE_CURVE('',#1942,#1941,#1624,.T.);
#2360=EDGE_CURVE('',#1943,#1942,#1625,.T.);
#2361=EDGE_CURVE('',#1944,#1943,#1626,.T.);
#2362=EDGE_CURVE('',#1945,#1944,#906,.T.);
#2363=EDGE_CURVE('',#1946,#1945,#1627,.T.);
#2364=EDGE_CURVE('',#1947,#1946,#907,.T.);
#2365=EDGE_CURVE('',#1948,#1947,#1628,.T.);
#2366=EDGE_CURVE('',#1932,#1948,#908,.T.);
#2367=EDGE_CURVE('',#1949,#1871,#909,.T.);
#2368=EDGE_CURVE('',#1950,#1949,#1629,.T.);
#2369=EDGE_CURVE('',#1951,#1950,#910,.T.);
#2370=EDGE_CURVE('',#1952,#1951,#1630,.T.);
#2371=EDGE_CURVE('',#1953,#1952,#911,.T.);
#2372=EDGE_CURVE('',#1954,#1953,#1631,.T.);
#2373=EDGE_CURVE('',#1955,#1954,#1632,.T.);
#2374=EDGE_CURVE('',#1956,#1955,#1633,.T.);
#2375=EDGE_CURVE('',#1957,#1956,#912,.T.);
#2376=EDGE_CURVE('',#1958,#1957,#1634,.T.);
#2377=EDGE_CURVE('',#1959,#1958,#1635,.T.);
#2378=EDGE_CURVE('',#1960,#1959,#1636,.T.);
#2379=EDGE_CURVE('',#1961,#1960,#913,.T.);
#2380=EDGE_CURVE('',#1962,#1961,#1637,.T.);
#2381=EDGE_CURVE('',#1963,#1962,#914,.T.);
#2382=EDGE_CURVE('',#1884,#1963,#1638,.T.);
#2383=EDGE_CURVE('',#1867,#1964,#915,.T.);
#2384=EDGE_CURVE('',#1964,#1949,#1639,.T.);
#2385=EDGE_CURVE('',#1965,#1870,#916,.T.);
#2386=EDGE_CURVE('',#1966,#1965,#1640,.T.);
#2387=EDGE_CURVE('',#1967,#1966,#917,.T.);
#2388=EDGE_CURVE('',#1968,#1967,#918,.T.);
#2389=EDGE_CURVE('',#1964,#1968,#919,.T.);
#2390=EDGE_CURVE('',#1969,#1950,#1641,.T.);
#2391=EDGE_CURVE('',#1964,#1969,#1642,.T.);
#2392=EDGE_CURVE('',#1970,#1951,#1643,.T.);
#2393=EDGE_CURVE('',#1969,#1970,#920,.T.);
#2394=EDGE_CURVE('',#1971,#1952,#1644,.T.);
#2395=EDGE_CURVE('',#1970,#1971,#1645,.T.);
#2396=EDGE_CURVE('',#1972,#1953,#1646,.T.);
#2397=EDGE_CURVE('',#1971,#1972,#921,.T.);
#2398=EDGE_CURVE('',#1973,#1954,#1647,.T.);
#2399=EDGE_CURVE('',#1972,#1973,#1648,.T.);
#2400=EDGE_CURVE('',#1974,#1955,#1649,.T.);
#2401=EDGE_CURVE('',#1973,#1974,#1650,.T.);
#2402=EDGE_CURVE('',#1975,#1956,#1651,.T.);
#2403=EDGE_CURVE('',#1974,#1975,#1652,.T.);
#2404=EDGE_CURVE('',#1976,#1957,#1653,.T.);
#2405=EDGE_CURVE('',#1975,#1976,#922,.T.);
#2406=EDGE_CURVE('',#1977,#1958,#1654,.T.);
#2407=EDGE_CURVE('',#1976,#1977,#1655,.T.);
#2408=EDGE_CURVE('',#1978,#1959,#1656,.T.);
#2409=EDGE_CURVE('',#1977,#1978,#1657,.T.);
#2410=EDGE_CURVE('',#1979,#1960,#1658,.T.);
#2411=EDGE_CURVE('',#1978,#1979,#1659,.T.);
#2412=EDGE_CURVE('',#1980,#1961,#1660,.T.);
#2413=EDGE_CURVE('',#1979,#1980,#923,.T.);
#2414=EDGE_CURVE('',#1981,#1962,#1661,.T.);
#2415=EDGE_CURVE('',#1980,#1981,#1662,.T.);
#2416=EDGE_CURVE('',#1982,#1963,#1663,.T.);
#2417=EDGE_CURVE('',#1981,#1982,#924,.T.);
#2418=EDGE_CURVE('',#1982,#1880,#1664,.T.);
#2419=EDGE_CURVE('',#1982,#1983,#925,.T.);
#2420=EDGE_CURVE('',#1881,#1983,#1665,.T.);
#2421=EDGE_CURVE('',#1984,#1981,#926,.T.);
#2422=EDGE_CURVE('',#1983,#1984,#927,.T.);
#2423=EDGE_CURVE('',#1980,#1985,#928,.T.);
#2424=EDGE_CURVE('',#1984,#1985,#1666,.T.);
#2425=EDGE_CURVE('',#1986,#1979,#929,.T.);
#2426=EDGE_CURVE('',#1987,#1986,#1667,.T.);
#2427=EDGE_CURVE('',#1988,#1987,#930,.T.);
#2428=EDGE_CURVE('',#1985,#1988,#931,.T.);
#2429=EDGE_CURVE('',#1978,#1989,#932,.T.);
#2430=EDGE_CURVE('',#1986,#1989,#45,.T.);
#2431=EDGE_CURVE('',#1990,#1977,#933,.T.);
#2432=EDGE_CURVE('',#1991,#1990,#1668,.F.);
#2433=EDGE_CURVE('',#1992,#1991,#46,.T.);
#2434=EDGE_CURVE('',#1989,#1992,#47,.T.);
#2435=EDGE_CURVE('',#1976,#1993,#934,.T.);
#2436=EDGE_CURVE('',#1993,#1990,#1669,.T.);
#2437=EDGE_CURVE('',#1994,#1975,#935,.T.);
#2438=EDGE_CURVE('',#1993,#1994,#936,.T.);
#2439=EDGE_CURVE('',#1974,#1995,#937,.T.);
#2440=EDGE_CURVE('',#1995,#1994,#1670,.T.);
#2441=EDGE_CURVE('',#1996,#1973,#938,.T.);
#2442=EDGE_CURVE('',#1997,#1996,#48,.T.);
#2443=EDGE_CURVE('',#1997,#1998,#49,.F.);
#2444=EDGE_CURVE('',#1998,#1995,#1671,.T.);
#2445=EDGE_CURVE('',#1972,#1999,#939,.T.);
#2446=EDGE_CURVE('',#1996,#1999,#50,.T.);
#2447=EDGE_CURVE('',#2000,#1971,#940,.T.);
#2448=EDGE_CURVE('',#2001,#2000,#941,.T.);
#2449=EDGE_CURVE('',#2002,#2001,#942,.T.);
#2450=EDGE_CURVE('',#1999,#2002,#1672,.T.);
#2451=EDGE_CURVE('',#1970,#2003,#943,.T.);
#2452=EDGE_CURVE('',#2000,#2003,#1673,.T.);
#2453=EDGE_CURVE('',#2004,#1969,#944,.T.);
#2454=EDGE_CURVE('',#2003,#2004,#945,.T.);
#2455=EDGE_CURVE('',#2004,#1968,#1674,.T.);
#2456=EDGE_CURVE('',#1967,#2005,#946,.T.);
#2457=EDGE_CURVE('',#2005,#2006,#947,.T.);
#2458=EDGE_CURVE('',#2006,#1968,#948,.T.);
#2459=EDGE_CURVE('',#1967,#2007,#1675,.T.);
#2460=EDGE_CURVE('',#2007,#2008,#949,.T.);
#2461=EDGE_CURVE('',#2008,#2005,#1676,.T.);
#2462=EDGE_CURVE('',#2009,#2010,#950,.T.);
#2463=EDGE_CURVE('',#2010,#2008,#951,.T.);
#2464=EDGE_CURVE('',#2007,#2009,#952,.T.);
#2465=EDGE_CURVE('',#2009,#2001,#1677,.T.);
#2466=EDGE_CURVE('',#2001,#2011,#953,.T.);
#2467=EDGE_CURVE('',#2011,#2010,#1678,.T.);
#2468=EDGE_CURVE('',#2000,#2012,#954,.T.);
#2469=EDGE_CURVE('',#2012,#2011,#955,.T.);
#2470=EDGE_CURVE('',#2003,#2013,#956,.T.);
#2471=EDGE_CURVE('',#2013,#2012,#1679,.T.);
#2472=EDGE_CURVE('',#2004,#2014,#957,.T.);
#2473=EDGE_CURVE('',#2014,#2013,#958,.T.);
#2474=EDGE_CURVE('',#2006,#2014,#1680,.T.);
#2475=EDGE_CURVE('',#2009,#2015,#959,.T.);
#2476=EDGE_CURVE('',#2015,#2002,#1681,.T.);
#2477=EDGE_CURVE('',#2016,#2007,#960,.T.);
#2478=EDGE_CURVE('',#2015,#2016,#961,.T.);
#2479=EDGE_CURVE('',#1966,#2016,#1682,.T.);
#2480=EDGE_CURVE('',#1988,#2017,#962,.T.);
#2481=EDGE_CURVE('',#2017,#2018,#963,.T.);
#2482=EDGE_CURVE('',#2018,#1985,#964,.T.);
#2483=EDGE_CURVE('',#1988,#2019,#1683,.T.);
#2484=EDGE_CURVE('',#2019,#2020,#965,.T.);
#2485=EDGE_CURVE('',#2020,#2017,#1684,.T.);
#2486=EDGE_CURVE('',#2021,#2022,#966,.T.);
#2487=EDGE_CURVE('',#2022,#2020,#967,.T.);
#2488=EDGE_CURVE('',#2019,#2021,#968,.T.);
#2489=EDGE_CURVE('',#2021,#1882,#1685,.T.);
#2490=EDGE_CURVE('',#1882,#2023,#969,.T.);
#2491=EDGE_CURVE('',#2023,#2022,#1686,.T.);
#2492=EDGE_CURVE('',#1881,#2024,#970,.T.);
#2493=EDGE_CURVE('',#2024,#2023,#971,.T.);
#2494=EDGE_CURVE('',#1983,#2025,#972,.T.);
#2495=EDGE_CURVE('',#2025,#2024,#1687,.T.);
#2496=EDGE_CURVE('',#1984,#2026,#973,.T.);
#2497=EDGE_CURVE('',#2026,#2025,#974,.T.);
#2498=EDGE_CURVE('',#2018,#2026,#1688,.T.);
#2499=EDGE_CURVE('',#2021,#2027,#975,.T.);
#2500=EDGE_CURVE('',#1883,#2027,#1689,.T.);
#2501=EDGE_CURVE('',#2028,#2019,#976,.T.);
#2502=EDGE_CURVE('',#2027,#2028,#977,.T.);
#2503=EDGE_CURVE('',#1987,#2028,#1690,.T.);
#2504=EDGE_CURVE('',#1992,#2028,#1691,.T.);
#2505=EDGE_CURVE('',#1991,#2029,#978,.T.);
#2506=EDGE_CURVE('',#2027,#2029,#1692,.T.);
#2507=EDGE_CURVE('',#2015,#1997,#1693,.T.);
#2508=EDGE_CURVE('',#1965,#2030,#51,.F.);
#2509=EDGE_CURVE('',#2030,#2016,#1694,.T.);
#2510=EDGE_CURVE('',#2029,#1879,#52,.F.);
#2511=EDGE_CURVE('',#2030,#1998,#979,.T.);
#2512=EDGE_CURVE('',#1869,#1878,#980,.T.);
#2513=EDGE_CURVE('',#2031,#2032,#1695,.T.);
#2514=EDGE_CURVE('',#2032,#2033,#981,.T.);
#2515=EDGE_CURVE('',#2033,#2034,#1696,.T.);
#2516=EDGE_CURVE('',#2034,#2031,#982,.T.);
#2517=EDGE_CURVE('',#1891,#2035,#1697,.T.);
#2518=EDGE_CURVE('',#2035,#2032,#1698,.T.);
#2519=EDGE_CURVE('',#2031,#1891,#1699,.T.);
#2520=EDGE_CURVE('',#1892,#2036,#1700,.T.);
#2521=EDGE_CURVE('',#2036,#2035,#983,.T.);
#2522=EDGE_CURVE('',#2037,#2038,#1701,.T.);
#2523=EDGE_CURVE('',#2038,#2036,#1702,.T.);
#2524=EDGE_CURVE('',#1892,#2037,#1703,.T.);
#2525=EDGE_CURVE('',#2039,#2040,#1704,.T.);
#2526=EDGE_CURVE('',#2040,#2038,#984,.T.);
#2527=EDGE_CURVE('',#2037,#2039,#985,.T.);
#2528=EDGE_CURVE('',#2039,#2041,#986,.T.);
#2529=EDGE_CURVE('',#2042,#2037,#987,.T.);
#2530=EDGE_CURVE('',#2043,#2042,#988,.T.);
#2531=EDGE_CURVE('',#2044,#2043,#989,.T.);
#2532=EDGE_CURVE('',#2045,#2044,#990,.T.);
#2533=EDGE_CURVE('',#2041,#2045,#1705,.T.);
#2534=EDGE_CURVE('',#2042,#1908,#1706,.T.);
#2535=EDGE_CURVE('',#2031,#2046,#991,.T.);
#2536=EDGE_CURVE('',#2046,#1893,#1707,.T.);
#2537=EDGE_CURVE('',#2047,#2034,#992,.T.);
#2538=EDGE_CURVE('',#2048,#2047,#1708,.T.);
#2539=EDGE_CURVE('',#2049,#2048,#993,.T.);
#2540=EDGE_CURVE('',#2050,#2049,#994,.T.);
#2541=EDGE_CURVE('',#2046,#2050,#995,.T.);
#2542=EDGE_CURVE('',#2051,#1894,#1709,.T.);
#2543=EDGE_CURVE('',#2046,#2051,#1710,.T.);
#2544=EDGE_CURVE('',#2052,#1895,#1711,.T.);
#2545=EDGE_CURVE('',#2051,#2052,#996,.T.);
#2546=EDGE_CURVE('',#2053,#1896,#1712,.T.);
#2547=EDGE_CURVE('',#2052,#2053,#1713,.T.);
#2548=EDGE_CURVE('',#2054,#1897,#1714,.T.);
#2549=EDGE_CURVE('',#2053,#2054,#997,.T.);
#2550=EDGE_CURVE('',#2055,#1898,#1715,.T.);
#2551=EDGE_CURVE('',#2054,#2055,#1716,.T.);
#2552=EDGE_CURVE('',#2056,#1899,#1717,.T.);
#2553=EDGE_CURVE('',#2055,#2056,#1718,.T.);
#2554=EDGE_CURVE('',#2057,#1900,#1719,.T.);
#2555=EDGE_CURVE('',#2056,#2057,#1720,.T.);
#2556=EDGE_CURVE('',#2058,#1901,#1721,.T.);
#2557=EDGE_CURVE('',#2057,#2058,#998,.T.);
#2558=EDGE_CURVE('',#2059,#1902,#1722,.T.);
#2559=EDGE_CURVE('',#2058,#2059,#1723,.T.);
#2560=EDGE_CURVE('',#2060,#1903,#1724,.T.);
#2561=EDGE_CURVE('',#2059,#2060,#1725,.T.);
#2562=EDGE_CURVE('',#2061,#1904,#1726,.T.);
#2563=EDGE_CURVE('',#2060,#2061,#1727,.T.);
#2564=EDGE_CURVE('',#2062,#1905,#1728,.T.);
#2565=EDGE_CURVE('',#2061,#2062,#999,.T.);
#2566=EDGE_CURVE('',#2063,#1906,#1729,.T.);
#2567=EDGE_CURVE('',#2062,#2063,#1730,.T.);
#2568=EDGE_CURVE('',#2064,#1907,#1731,.T.);
#2569=EDGE_CURVE('',#2063,#2064,#1000,.T.);
#2570=EDGE_CURVE('',#2064,#2042,#1732,.T.);
#2571=EDGE_CURVE('',#2064,#2065,#1001,.T.);
#2572=EDGE_CURVE('',#2043,#2065,#1733,.T.);
#2573=EDGE_CURVE('',#2066,#2063,#1002,.T.);
#2574=EDGE_CURVE('',#2065,#2066,#1003,.T.);
#2575=EDGE_CURVE('',#2062,#2067,#1004,.T.);
#2576=EDGE_CURVE('',#2066,#2067,#1734,.T.);
#2577=EDGE_CURVE('',#2068,#2061,#1005,.T.);
#2578=EDGE_CURVE('',#2069,#2068,#1735,.T.);
#2579=EDGE_CURVE('',#2070,#2069,#1006,.T.);
#2580=EDGE_CURVE('',#2067,#2070,#1007,.T.);
#2581=EDGE_CURVE('',#2060,#2071,#1008,.T.);
#2582=EDGE_CURVE('',#2068,#2071,#53,.T.);
#2583=EDGE_CURVE('',#2072,#2059,#1009,.T.);
#2584=EDGE_CURVE('',#2073,#2072,#1736,.F.);
#2585=EDGE_CURVE('',#2074,#2073,#54,.T.);
#2586=EDGE_CURVE('',#2071,#2074,#55,.T.);
#2587=EDGE_CURVE('',#2058,#2075,#1010,.T.);
#2588=EDGE_CURVE('',#2075,#2072,#1737,.T.);
#2589=EDGE_CURVE('',#2076,#2057,#1011,.T.);
#2590=EDGE_CURVE('',#2075,#2076,#1012,.T.);
#2591=EDGE_CURVE('',#2056,#2077,#1013,.T.);
#2592=EDGE_CURVE('',#2077,#2076,#1738,.T.);
#2593=EDGE_CURVE('',#2078,#2055,#1014,.T.);
#2594=EDGE_CURVE('',#2079,#2078,#56,.T.);
#2595=EDGE_CURVE('',#2079,#2080,#57,.F.);
#2596=EDGE_CURVE('',#2080,#2077,#1739,.T.);
#2597=EDGE_CURVE('',#2054,#2081,#1015,.T.);
#2598=EDGE_CURVE('',#2078,#2081,#58,.T.);
#2599=EDGE_CURVE('',#2082,#2053,#1016,.T.);
#2600=EDGE_CURVE('',#2083,#2082,#1017,.T.);
#2601=EDGE_CURVE('',#2084,#2083,#1018,.T.);
#2602=EDGE_CURVE('',#2081,#2084,#1740,.T.);
#2603=EDGE_CURVE('',#2052,#2085,#1019,.T.);
#2604=EDGE_CURVE('',#2082,#2085,#1741,.T.);
#2605=EDGE_CURVE('',#2086,#2051,#1020,.T.);
#2606=EDGE_CURVE('',#2085,#2086,#1021,.T.);
#2607=EDGE_CURVE('',#2086,#2050,#1742,.T.);
#2608=EDGE_CURVE('',#2087,#2088,#1022,.T.);
#2609=EDGE_CURVE('',#2088,#2089,#1023,.T.);
#2610=EDGE_CURVE('',#2089,#2090,#1024,.T.);
#2611=EDGE_CURVE('',#2090,#2087,#1025,.T.);
#2612=EDGE_CURVE('',#2087,#2044,#1743,.T.);
#2613=EDGE_CURVE('',#2044,#2091,#1026,.T.);
#2614=EDGE_CURVE('',#2091,#2088,#1744,.T.);
#2615=EDGE_CURVE('',#2043,#2092,#1027,.T.);
#2616=EDGE_CURVE('',#2092,#2091,#1028,.T.);
#2617=EDGE_CURVE('',#2065,#2093,#1029,.T.);
#2618=EDGE_CURVE('',#2093,#2092,#1745,.T.);
#2619=EDGE_CURVE('',#2066,#2094,#1030,.T.);
#2620=EDGE_CURVE('',#2094,#2093,#1031,.T.);
#2621=EDGE_CURVE('',#2067,#2095,#1032,.T.);
#2622=EDGE_CURVE('',#2095,#2094,#1746,.T.);
#2623=EDGE_CURVE('',#2070,#2096,#1033,.T.);
#2624=EDGE_CURVE('',#2096,#2095,#1034,.T.);
#2625=EDGE_CURVE('',#2070,#2090,#1747,.T.);
#2626=EDGE_CURVE('',#2089,#2096,#1748,.T.);
#2627=EDGE_CURVE('',#2087,#2097,#1035,.T.);
#2628=EDGE_CURVE('',#2045,#2097,#1749,.T.);
#2629=EDGE_CURVE('',#2098,#2090,#1036,.T.);
#2630=EDGE_CURVE('',#2097,#2098,#1037,.T.);
#2631=EDGE_CURVE('',#2099,#2100,#1038,.T.);
#2632=EDGE_CURVE('',#2100,#2101,#1039,.T.);
#2633=EDGE_CURVE('',#2101,#2102,#1040,.T.);
#2634=EDGE_CURVE('',#2102,#2099,#1041,.T.);
#2635=EDGE_CURVE('',#2099,#2083,#1750,.T.);
#2636=EDGE_CURVE('',#2083,#2103,#1042,.T.);
#2637=EDGE_CURVE('',#2103,#2100,#1751,.T.);
#2638=EDGE_CURVE('',#2082,#2104,#1043,.T.);
#2639=EDGE_CURVE('',#2104,#2103,#1044,.T.);
#2640=EDGE_CURVE('',#2085,#2105,#1045,.T.);
#2641=EDGE_CURVE('',#2105,#2104,#1752,.T.);
#2642=EDGE_CURVE('',#2086,#2106,#1046,.T.);
#2643=EDGE_CURVE('',#2106,#2105,#1047,.T.);
#2644=EDGE_CURVE('',#2050,#2107,#1048,.T.);
#2645=EDGE_CURVE('',#2107,#2106,#1753,.T.);
#2646=EDGE_CURVE('',#2049,#2108,#1049,.T.);
#2647=EDGE_CURVE('',#2108,#2107,#1050,.T.);
#2648=EDGE_CURVE('',#2049,#2102,#1754,.T.);
#2649=EDGE_CURVE('',#2101,#2108,#1755,.T.);
#2650=EDGE_CURVE('',#2099,#2109,#1051,.T.);
#2651=EDGE_CURVE('',#2109,#2084,#1756,.T.);
#2652=EDGE_CURVE('',#2110,#2102,#1052,.T.);
#2653=EDGE_CURVE('',#2109,#2110,#1053,.T.);
#2654=EDGE_CURVE('',#2097,#2111,#1757,.T.);
#2655=EDGE_CURVE('',#2111,#2041,#59,.F.);
#2656=EDGE_CURVE('',#2074,#2098,#1758,.T.);
#2657=EDGE_CURVE('',#2073,#2111,#1054,.T.);
#2658=EDGE_CURVE('',#2109,#2079,#1759,.T.);
#2659=EDGE_CURVE('',#2048,#2110,#1760,.T.);
#2660=EDGE_CURVE('',#2047,#2112,#60,.F.);
#2661=EDGE_CURVE('',#2112,#2110,#1761,.T.);
#2662=EDGE_CURVE('',#2069,#2098,#1762,.T.);
#2663=EDGE_CURVE('',#2112,#2080,#1055,.T.);
#2664=EDGE_CURVE('',#2033,#2040,#1056,.T.);
#2665=EDGE_CURVE('',#2113,#2114,#1763,.T.);
#2666=EDGE_CURVE('',#2114,#2115,#1057,.T.);
#2667=EDGE_CURVE('',#2115,#2116,#1764,.T.);
#2668=EDGE_CURVE('',#2116,#2113,#1058,.T.);
#2669=EDGE_CURVE('',#1931,#2117,#1765,.T.);
#2670=EDGE_CURVE('',#2117,#2114,#1766,.T.);
#2671=EDGE_CURVE('',#2113,#1931,#1767,.T.);
#2672=EDGE_CURVE('',#1932,#2118,#1768,.T.);
#2673=EDGE_CURVE('',#2118,#2117,#1059,.T.);
#2674=EDGE_CURVE('',#2119,#2120,#1769,.T.);
#2675=EDGE_CURVE('',#2120,#2118,#1770,.T.);
#2676=EDGE_CURVE('',#1932,#2119,#1771,.T.);
#2677=EDGE_CURVE('',#2121,#2122,#1772,.T.);
#2678=EDGE_CURVE('',#2122,#2120,#1060,.T.);
#2679=EDGE_CURVE('',#2119,#2121,#1061,.T.);
#2680=EDGE_CURVE('',#2121,#2123,#1062,.T.);
#2681=EDGE_CURVE('',#2124,#2119,#1063,.T.);
#2682=EDGE_CURVE('',#2125,#2124,#1064,.T.);
#2683=EDGE_CURVE('',#2126,#2125,#1065,.T.);
#2684=EDGE_CURVE('',#2127,#2126,#1066,.T.);
#2685=EDGE_CURVE('',#2123,#2127,#1773,.T.);
#2686=EDGE_CURVE('',#2124,#1948,#1774,.T.);
#2687=EDGE_CURVE('',#2113,#2128,#1067,.T.);
#2688=EDGE_CURVE('',#2128,#1933,#1775,.T.);
#2689=EDGE_CURVE('',#2129,#2116,#1068,.T.);
#2690=EDGE_CURVE('',#2130,#2129,#1776,.T.);
#2691=EDGE_CURVE('',#2131,#2130,#1069,.T.);
#2692=EDGE_CURVE('',#2132,#2131,#1070,.T.);
#2693=EDGE_CURVE('',#2128,#2132,#1071,.T.);
#2694=EDGE_CURVE('',#2133,#1934,#1777,.T.);
#2695=EDGE_CURVE('',#2128,#2133,#1778,.T.);
#2696=EDGE_CURVE('',#2134,#1935,#1779,.T.);
#2697=EDGE_CURVE('',#2133,#2134,#1072,.T.);
#2698=EDGE_CURVE('',#2135,#1936,#1780,.T.);
#2699=EDGE_CURVE('',#2134,#2135,#1781,.T.);
#2700=EDGE_CURVE('',#2136,#1937,#1782,.T.);
#2701=EDGE_CURVE('',#2135,#2136,#1073,.T.);
#2702=EDGE_CURVE('',#2137,#1938,#1783,.T.);
#2703=EDGE_CURVE('',#2136,#2137,#1784,.T.);
#2704=EDGE_CURVE('',#2138,#1939,#1785,.T.);
#2705=EDGE_CURVE('',#2137,#2138,#1786,.T.);
#2706=EDGE_CURVE('',#2139,#1940,#1787,.T.);
#2707=EDGE_CURVE('',#2138,#2139,#1788,.T.);
#2708=EDGE_CURVE('',#2140,#1941,#1789,.T.);
#2709=EDGE_CURVE('',#2139,#2140,#1074,.T.);
#2710=EDGE_CURVE('',#2141,#1942,#1790,.T.);
#2711=EDGE_CURVE('',#2140,#2141,#1791,.T.);
#2712=EDGE_CURVE('',#2142,#1943,#1792,.T.);
#2713=EDGE_CURVE('',#2141,#2142,#1793,.T.);
#2714=EDGE_CURVE('',#2143,#1944,#1794,.T.);
#2715=EDGE_CURVE('',#2142,#2143,#1795,.T.);
#2716=EDGE_CURVE('',#2144,#1945,#1796,.T.);
#2717=EDGE_CURVE('',#2143,#2144,#1075,.T.);
#2718=EDGE_CURVE('',#2145,#1946,#1797,.T.);
#2719=EDGE_CURVE('',#2144,#2145,#1798,.T.);
#2720=EDGE_CURVE('',#2146,#1947,#1799,.T.);
#2721=EDGE_CURVE('',#2145,#2146,#1076,.T.);
#2722=EDGE_CURVE('',#2146,#2124,#1800,.T.);
#2723=EDGE_CURVE('',#2146,#2147,#1077,.T.);
#2724=EDGE_CURVE('',#2125,#2147,#1801,.T.);
#2725=EDGE_CURVE('',#2148,#2145,#1078,.T.);
#2726=EDGE_CURVE('',#2147,#2148,#1079,.T.);
#2727=EDGE_CURVE('',#2144,#2149,#1080,.T.);
#2728=EDGE_CURVE('',#2148,#2149,#1802,.T.);
#2729=EDGE_CURVE('',#2150,#2143,#1081,.T.);
#2730=EDGE_CURVE('',#2151,#2150,#1803,.T.);
#2731=EDGE_CURVE('',#2152,#2151,#1082,.T.);
#2732=EDGE_CURVE('',#2149,#2152,#1083,.T.);
#2733=EDGE_CURVE('',#2142,#2153,#1084,.T.);
#2734=EDGE_CURVE('',#2150,#2153,#61,.T.);
#2735=EDGE_CURVE('',#2154,#2141,#1085,.T.);
#2736=EDGE_CURVE('',#2155,#2154,#1804,.F.);
#2737=EDGE_CURVE('',#2156,#2155,#62,.T.);
#2738=EDGE_CURVE('',#2153,#2156,#63,.T.);
#2739=EDGE_CURVE('',#2140,#2157,#1086,.T.);
#2740=EDGE_CURVE('',#2157,#2154,#1805,.T.);
#2741=EDGE_CURVE('',#2158,#2139,#1087,.T.);
#2742=EDGE_CURVE('',#2157,#2158,#1088,.T.);
#2743=EDGE_CURVE('',#2138,#2159,#1089,.T.);
#2744=EDGE_CURVE('',#2159,#2158,#1806,.T.);
#2745=EDGE_CURVE('',#2160,#2137,#1090,.T.);
#2746=EDGE_CURVE('',#2161,#2160,#64,.T.);
#2747=EDGE_CURVE('',#2161,#2162,#65,.F.);
#2748=EDGE_CURVE('',#2162,#2159,#1807,.T.);
#2749=EDGE_CURVE('',#2136,#2163,#1091,.T.);
#2750=EDGE_CURVE('',#2160,#2163,#66,.T.);
#2751=EDGE_CURVE('',#2164,#2135,#1092,.T.);
#2752=EDGE_CURVE('',#2165,#2164,#1093,.T.);
#2753=EDGE_CURVE('',#2166,#2165,#1094,.T.);
#2754=EDGE_CURVE('',#2163,#2166,#1808,.T.);
#2755=EDGE_CURVE('',#2134,#2167,#1095,.T.);
#2756=EDGE_CURVE('',#2164,#2167,#1809,.T.);
#2757=EDGE_CURVE('',#2168,#2133,#1096,.T.);
#2758=EDGE_CURVE('',#2167,#2168,#1097,.T.);
#2759=EDGE_CURVE('',#2168,#2132,#1810,.T.);
#2760=EDGE_CURVE('',#2115,#2122,#1098,.T.);
#2761=EDGE_CURVE('',#2169,#2170,#1099,.T.);
#2762=EDGE_CURVE('',#2170,#2171,#1100,.T.);
#2763=EDGE_CURVE('',#2171,#2172,#1101,.T.);
#2764=EDGE_CURVE('',#2172,#2169,#1102,.T.);
#2765=EDGE_CURVE('',#2169,#2165,#1811,.T.);
#2766=EDGE_CURVE('',#2165,#2173,#1103,.T.);
#2767=EDGE_CURVE('',#2173,#2170,#1812,.T.);
#2768=EDGE_CURVE('',#2164,#2174,#1104,.T.);
#2769=EDGE_CURVE('',#2174,#2173,#1105,.T.);
#2770=EDGE_CURVE('',#2167,#2175,#1106,.T.);
#2771=EDGE_CURVE('',#2175,#2174,#1813,.T.);
#2772=EDGE_CURVE('',#2168,#2176,#1107,.T.);
#2773=EDGE_CURVE('',#2176,#2175,#1108,.T.);
#2774=EDGE_CURVE('',#2132,#2177,#1109,.T.);
#2775=EDGE_CURVE('',#2177,#2176,#1814,.T.);
#2776=EDGE_CURVE('',#2131,#2178,#1110,.T.);
#2777=EDGE_CURVE('',#2178,#2177,#1111,.T.);
#2778=EDGE_CURVE('',#2131,#2172,#1815,.T.);
#2779=EDGE_CURVE('',#2171,#2178,#1816,.T.);
#2780=EDGE_CURVE('',#2169,#2179,#1112,.T.);
#2781=EDGE_CURVE('',#2179,#2166,#1817,.T.);
#2782=EDGE_CURVE('',#2180,#2172,#1113,.T.);
#2783=EDGE_CURVE('',#2179,#2180,#1114,.T.);
#2784=EDGE_CURVE('',#2181,#2182,#1115,.T.);
#2785=EDGE_CURVE('',#2182,#2183,#1116,.T.);
#2786=EDGE_CURVE('',#2183,#2184,#1117,.T.);
#2787=EDGE_CURVE('',#2184,#2181,#1118,.T.);
#2788=EDGE_CURVE('',#2181,#2126,#1818,.T.);
#2789=EDGE_CURVE('',#2126,#2185,#1119,.T.);
#2790=EDGE_CURVE('',#2185,#2182,#1819,.T.);
#2791=EDGE_CURVE('',#2125,#2186,#1120,.T.);
#2792=EDGE_CURVE('',#2186,#2185,#1121,.T.);
#2793=EDGE_CURVE('',#2147,#2187,#1122,.T.);
#2794=EDGE_CURVE('',#2187,#2186,#1820,.T.);
#2795=EDGE_CURVE('',#2148,#2188,#1123,.T.);
#2796=EDGE_CURVE('',#2188,#2187,#1124,.T.);
#2797=EDGE_CURVE('',#2149,#2189,#1125,.T.);
#2798=EDGE_CURVE('',#2189,#2188,#1821,.T.);
#2799=EDGE_CURVE('',#2152,#2190,#1126,.T.);
#2800=EDGE_CURVE('',#2190,#2189,#1127,.T.);
#2801=EDGE_CURVE('',#2152,#2184,#1822,.T.);
#2802=EDGE_CURVE('',#2183,#2190,#1823,.T.);
#2803=EDGE_CURVE('',#2181,#2191,#1128,.T.);
#2804=EDGE_CURVE('',#2127,#2191,#1824,.T.);
#2805=EDGE_CURVE('',#2192,#2184,#1129,.T.);
#2806=EDGE_CURVE('',#2191,#2192,#1130,.T.);
#2807=EDGE_CURVE('',#2179,#2161,#1825,.T.);
#2808=EDGE_CURVE('',#2191,#2193,#1826,.T.);
#2809=EDGE_CURVE('',#2193,#2123,#67,.F.);
#2810=EDGE_CURVE('',#2156,#2192,#1827,.T.);
#2811=EDGE_CURVE('',#2155,#2193,#1131,.T.);
#2812=EDGE_CURVE('',#2130,#2180,#1828,.T.);
#2813=EDGE_CURVE('',#2129,#2194,#68,.F.);
#2814=EDGE_CURVE('',#2194,#2180,#1829,.T.);
#2815=EDGE_CURVE('',#2151,#2192,#1830,.T.);
#2816=EDGE_CURVE('',#2194,#2162,#1132,.T.);
#2817=EDGE_CURVE('',#1912,#2195,#1133,.T.);
#2818=EDGE_CURVE('',#2195,#2195,#1831,.T.);
#2819=EDGE_CURVE('',#1911,#2196,#1134,.T.);
#2820=EDGE_CURVE('',#2196,#2196,#1832,.T.);
#2821=EDGE_CURVE('',#1910,#2197,#1135,.T.);
#2822=EDGE_CURVE('',#2197,#2197,#1833,.T.);
#2823=EDGE_CURVE('',#2198,#2199,#1834,.T.);
#2824=EDGE_CURVE('',#2200,#2198,#1136,.T.);
#2825=EDGE_CURVE('',#2201,#2200,#1835,.T.);
#2826=EDGE_CURVE('',#2202,#2201,#1137,.T.);
#2827=EDGE_CURVE('',#2203,#2202,#1836,.T.);
#2828=EDGE_CURVE('',#2199,#2203,#1138,.T.);
#2829=EDGE_CURVE('',#2204,#2204,#1837,.T.);
#2830=EDGE_CURVE('',#2205,#2205,#1838,.T.);
#2831=EDGE_CURVE('',#2206,#2206,#1839,.T.);
#2832=EDGE_CURVE('',#2207,#2207,#1840,.T.);
#2833=EDGE_CURVE('',#2199,#1886,#1139,.T.);
#2834=EDGE_CURVE('',#2198,#1885,#1140,.T.);
#2835=EDGE_CURVE('',#2203,#1887,#1141,.T.);
#2836=EDGE_CURVE('',#2202,#1888,#1142,.T.);
#2837=EDGE_CURVE('',#2201,#1889,#1143,.T.);
#2838=EDGE_CURVE('',#2200,#1890,#1144,.T.);
#2839=EDGE_CURVE('',#1909,#2204,#1145,.T.);
#2840=EDGE_CURVE('',#2208,#2208,#1841,.T.);
#2841=EDGE_CURVE('',#2208,#2205,#1146,.T.);
#2842=EDGE_CURVE('',#2209,#2209,#1842,.T.);
#2843=EDGE_CURVE('',#2209,#2206,#1147,.T.);
#2844=EDGE_CURVE('',#2210,#2210,#1843,.T.);
#2845=EDGE_CURVE('',#2210,#2207,#1148,.T.);
#2846=EDGE_CURVE('',#2211,#2212,#1149,.T.);
#2847=EDGE_CURVE('',#2213,#2211,#1844,.T.);
#2848=EDGE_CURVE('',#2214,#2213,#1150,.T.);
#2849=EDGE_CURVE('',#2215,#2214,#1845,.T.);
#2850=EDGE_CURVE('',#2216,#2215,#1151,.T.);
#2851=EDGE_CURVE('',#2212,#2216,#1846,.T.);
#2852=EDGE_CURVE('',#2217,#2217,#1847,.T.);
#2853=EDGE_CURVE('',#2218,#2218,#1848,.T.);
#2854=EDGE_CURVE('',#2219,#2219,#1849,.T.);
#2855=EDGE_CURVE('',#2220,#2220,#1850,.T.);
#2856=EDGE_CURVE('',#1915,#2221,#1152,.T.);
#2857=EDGE_CURVE('',#2221,#2222,#1153,.T.);
#2858=EDGE_CURVE('',#2222,#1916,#1154,.T.);
#2859=EDGE_CURVE('',#2223,#1917,#1155,.T.);
#2860=EDGE_CURVE('',#2222,#2223,#1851,.T.);
#2861=EDGE_CURVE('',#2224,#1918,#1156,.T.);
#2862=EDGE_CURVE('',#2223,#2224,#1157,.T.);
#2863=EDGE_CURVE('',#2225,#2223,#1158,.T.);
#2864=EDGE_CURVE('',#2226,#2225,#1159,.T.);
#2865=EDGE_CURVE('',#2226,#2227,#1160,.T.);
#2866=EDGE_CURVE('',#2228,#2227,#1161,.T.);
#2867=EDGE_CURVE('',#2229,#2228,#1162,.T.);
#2868=EDGE_CURVE('',#2230,#2229,#1163,.T.);
#2869=EDGE_CURVE('',#2230,#2224,#1164,.T.);
#2870=EDGE_CURVE('',#2231,#2231,#69,.T.);
#2871=EDGE_CURVE('',#2232,#2222,#1165,.T.);
#2872=EDGE_CURVE('',#2225,#2232,#1852,.T.);
#2873=EDGE_CURVE('',#2233,#2221,#1166,.T.);
#2874=EDGE_CURVE('',#2234,#2233,#1167,.T.);
#2875=EDGE_CURVE('',#2234,#2235,#1168,.T.);
#2876=EDGE_CURVE('',#2236,#2235,#1169,.T.);
#2877=EDGE_CURVE('',#2237,#2236,#1170,.T.);
#2878=EDGE_CURVE('',#2232,#2237,#1171,.T.);
#2879=EDGE_CURVE('',#2238,#2239,#70,.T.);
#2880=EDGE_CURVE('',#2240,#2238,#71,.T.);
#2881=EDGE_CURVE('',#2239,#2240,#1172,.T.);
#2882=EDGE_CURVE('',#2241,#2242,#1173,.T.);
#2883=EDGE_CURVE('',#2241,#2242,#72,.T.);
#2884=EDGE_CURVE('',#1927,#2243,#1174,.T.);
#2885=EDGE_CURVE('',#2243,#2244,#1175,.T.);
#2886=EDGE_CURVE('',#2244,#1928,#1176,.T.);
#2887=EDGE_CURVE('',#2236,#1929,#1177,.T.);
#2888=EDGE_CURVE('',#2244,#2236,#1853,.T.);
#2889=EDGE_CURVE('',#2235,#1930,#1178,.T.);
#2890=EDGE_CURVE('',#2245,#2244,#1179,.T.);
#2891=EDGE_CURVE('',#2237,#2245,#1854,.T.);
#2892=EDGE_CURVE('',#2246,#2243,#1180,.T.);
#2893=EDGE_CURVE('',#2247,#2246,#1181,.T.);
#2894=EDGE_CURVE('',#2247,#2248,#1182,.T.);
#2895=EDGE_CURVE('',#2249,#2248,#1183,.T.);
#2896=EDGE_CURVE('',#2250,#2249,#1184,.T.);
#2897=EDGE_CURVE('',#2245,#2250,#1185,.T.);
#2898=EDGE_CURVE('',#2251,#2251,#73,.T.);
#2899=EDGE_CURVE('',#1921,#2228,#1186,.T.);
#2900=EDGE_CURVE('',#2227,#1922,#1187,.T.);
#2901=EDGE_CURVE('',#2249,#1923,#1188,.T.);
#2902=EDGE_CURVE('',#2227,#2249,#1855,.T.);
#2903=EDGE_CURVE('',#2248,#1924,#1189,.T.);
#2904=EDGE_CURVE('',#2250,#2226,#1856,.T.);
#2905=EDGE_CURVE('',#2252,#2241,#74,.T.);
#2906=EDGE_CURVE('',#2242,#2252,#75,.T.);
#2907=EDGE_CURVE('',#2239,#2240,#76,.T.);
#2908=EDGE_CURVE('',#2238,#2253,#1190,.T.);
#2909=EDGE_CURVE('',#2253,#2253,#77,.T.);
#2910=EDGE_CURVE('',#1926,#2254,#1857,.T.);
#2911=EDGE_CURVE('',#2254,#2255,#1191,.T.);
#2912=EDGE_CURVE('',#2255,#1925,#1858,.T.);
#2913=EDGE_CURVE('',#2254,#2256,#1192,.T.);
#2914=EDGE_CURVE('',#2257,#2256,#1193,.T.);
#2915=EDGE_CURVE('',#2257,#2255,#1194,.T.);
#2916=EDGE_CURVE('',#1920,#2258,#1859,.T.);
#2917=EDGE_CURVE('',#2258,#2259,#1195,.T.);
#2918=EDGE_CURVE('',#2259,#1919,#1860,.T.);
#2919=EDGE_CURVE('',#2258,#2260,#1196,.T.);
#2920=EDGE_CURVE('',#2261,#2260,#1197,.T.);
#2921=EDGE_CURVE('',#2261,#2259,#1198,.T.);
#2922=EDGE_CURVE('',#1914,#2262,#1861,.T.);
#2923=EDGE_CURVE('',#2262,#2263,#1199,.T.);
#2924=EDGE_CURVE('',#2263,#1913,#1862,.T.);
#2925=EDGE_CURVE('',#2262,#2264,#1200,.T.);
#2926=EDGE_CURVE('',#2265,#2264,#1201,.T.);
#2927=EDGE_CURVE('',#2265,#2263,#1202,.T.);
#2928=EDGE_CURVE('',#2256,#2234,#1203,.T.);
#2929=EDGE_CURVE('',#2246,#2257,#1204,.T.);
#2930=EDGE_CURVE('',#2264,#2230,#1205,.T.);
#2931=EDGE_CURVE('',#2233,#2265,#1206,.T.);
#2932=EDGE_CURVE('',#2229,#2261,#1207,.T.);
#2933=EDGE_CURVE('',#2260,#2247,#1208,.T.);
#2934=EDGE_CURVE('',#2266,#2266,#1863,.T.);
#2935=EDGE_CURVE('',#2252,#2267,#78,.T.);
#2936=EDGE_CURVE('',#2267,#2267,#79,.T.);
#2937=EDGE_CURVE('',#2268,#2268,#80,.T.);
#2938=EDGE_CURVE('',#2268,#2267,#1209,.T.);
#2939=EDGE_CURVE('',#2253,#2269,#1210,.T.);
#2940=EDGE_CURVE('',#2270,#2269,#81,.T.);
#2941=EDGE_CURVE('',#2269,#2270,#82,.T.);
#2942=EDGE_CURVE('',#2231,#2271,#1211,.T.);
#2943=EDGE_CURVE('',#2271,#2271,#83,.T.);
#2944=EDGE_CURVE('',#2272,#2273,#84,.T.);
#2945=EDGE_CURVE('',#2273,#2272,#85,.T.);
#2946=EDGE_CURVE('',#2273,#2271,#1212,.T.);
#2947=EDGE_CURVE('',#2251,#2274,#1213,.T.);
#2948=EDGE_CURVE('',#2274,#2274,#86,.T.);
#2949=EDGE_CURVE('',#2274,#2275,#1214,.T.);
#2950=EDGE_CURVE('',#2275,#2275,#87,.T.);
#2951=EDGE_CURVE('',#2250,#2216,#1215,.T.);
#2952=EDGE_CURVE('',#2215,#2245,#1216,.T.);
#2953=EDGE_CURVE('',#2226,#2212,#1217,.T.);
#2954=EDGE_CURVE('',#2225,#2211,#1218,.T.);
#2955=EDGE_CURVE('',#2232,#2213,#1219,.T.);
#2956=EDGE_CURVE('',#2237,#2214,#1220,.T.);
#2957=EDGE_CURVE('',#2276,#2276,#1864,.T.);
#2958=EDGE_CURVE('',#2276,#2218,#1221,.T.);
#2959=EDGE_CURVE('',#2277,#2277,#1865,.T.);
#2960=EDGE_CURVE('',#2277,#2220,#1222,.T.);
#2961=EDGE_CURVE('',#2278,#2278,#1866,.T.);
#2962=EDGE_CURVE('',#2278,#2219,#1223,.T.);
#2963=EDGE_CURVE('',#2217,#2266,#1224,.T.);
#2964=ORIENTED_EDGE('',*,*,#2279,.T.);
#2965=ORIENTED_EDGE('',*,*,#2280,.T.);
#2966=ORIENTED_EDGE('',*,*,#2281,.T.);
#2967=ORIENTED_EDGE('',*,*,#2282,.T.);
#2968=ORIENTED_EDGE('',*,*,#2283,.T.);
#2969=ORIENTED_EDGE('',*,*,#2284,.T.);
#2970=ORIENTED_EDGE('',*,*,#2279,.F.);
#2971=ORIENTED_EDGE('',*,*,#2285,.T.);
#2972=ORIENTED_EDGE('',*,*,#2286,.T.);
#2973=ORIENTED_EDGE('',*,*,#2287,.T.);
#2974=ORIENTED_EDGE('',*,*,#2283,.F.);
#2975=ORIENTED_EDGE('',*,*,#2288,.T.);
#2976=ORIENTED_EDGE('',*,*,#2289,.T.);
#2977=ORIENTED_EDGE('',*,*,#2290,.T.);
#2978=ORIENTED_EDGE('',*,*,#2286,.F.);
#2979=ORIENTED_EDGE('',*,*,#2291,.T.);
#2980=ORIENTED_EDGE('',*,*,#2292,.T.);
#2981=ORIENTED_EDGE('',*,*,#2293,.T.);
#2982=ORIENTED_EDGE('',*,*,#2289,.F.);
#2983=ORIENTED_EDGE('',*,*,#2294,.T.);
#2984=ORIENTED_EDGE('',*,*,#2295,.F.);
#2985=ORIENTED_EDGE('',*,*,#2294,.F.);
#2986=ORIENTED_EDGE('',*,*,#2296,.F.);
#2987=ORIENTED_EDGE('',*,*,#2297,.F.);
#2988=ORIENTED_EDGE('',*,*,#2298,.F.);
#2989=ORIENTED_EDGE('',*,*,#2299,.F.);
#2990=ORIENTED_EDGE('',*,*,#2300,.F.);
#2991=ORIENTED_EDGE('',*,*,#2291,.F.);
#2992=ORIENTED_EDGE('',*,*,#2301,.T.);
#2993=ORIENTED_EDGE('',*,*,#2302,.F.);
#2994=ORIENTED_EDGE('',*,*,#2296,.T.);
#2995=ORIENTED_EDGE('',*,*,#2303,.T.);
#2996=ORIENTED_EDGE('',*,*,#2304,.T.);
#2997=ORIENTED_EDGE('',*,*,#2305,.T.);
#2998=ORIENTED_EDGE('',*,*,#2306,.T.);
#2999=ORIENTED_EDGE('',*,*,#2307,.T.);
#3000=ORIENTED_EDGE('',*,*,#2308,.T.);
#3001=ORIENTED_EDGE('',*,*,#2309,.F.);
#3002=ORIENTED_EDGE('',*,*,#2310,.F.);
#3003=ORIENTED_EDGE('',*,*,#2311,.F.);
#3004=ORIENTED_EDGE('',*,*,#2312,.F.);
#3005=ORIENTED_EDGE('',*,*,#2313,.F.);
#3006=ORIENTED_EDGE('',*,*,#2314,.F.);
#3007=ORIENTED_EDGE('',*,*,#2315,.F.);
#3008=ORIENTED_EDGE('',*,*,#2316,.F.);
#3009=ORIENTED_EDGE('',*,*,#2317,.F.);
#3010=ORIENTED_EDGE('',*,*,#2318,.F.);
#3011=ORIENTED_EDGE('',*,*,#2319,.F.);
#3012=ORIENTED_EDGE('',*,*,#2320,.F.);
#3013=ORIENTED_EDGE('',*,*,#2321,.F.);
#3014=ORIENTED_EDGE('',*,*,#2322,.F.);
#3015=ORIENTED_EDGE('',*,*,#2323,.F.);
#3016=ORIENTED_EDGE('',*,*,#2324,.F.);
#3017=ORIENTED_EDGE('',*,*,#2325,.F.);
#3018=ORIENTED_EDGE('',*,*,#2326,.F.);
#3019=ORIENTED_EDGE('',*,*,#2327,.T.);
#3020=ORIENTED_EDGE('',*,*,#2328,.T.);
#3021=ORIENTED_EDGE('',*,*,#2329,.T.);
#3022=ORIENTED_EDGE('',*,*,#2330,.T.);
#3023=ORIENTED_EDGE('',*,*,#2331,.F.);
#3024=ORIENTED_EDGE('',*,*,#2332,.T.);
#3025=ORIENTED_EDGE('',*,*,#2333,.F.);
#3026=ORIENTED_EDGE('',*,*,#2334,.F.);
#3027=ORIENTED_EDGE('',*,*,#2335,.F.);
#3028=ORIENTED_EDGE('',*,*,#2336,.T.);
#3029=ORIENTED_EDGE('',*,*,#2337,.F.);
#3030=ORIENTED_EDGE('',*,*,#2338,.T.);
#3031=ORIENTED_EDGE('',*,*,#2339,.F.);
#3032=ORIENTED_EDGE('',*,*,#2340,.F.);
#3033=ORIENTED_EDGE('',*,*,#2341,.F.);
#3034=ORIENTED_EDGE('',*,*,#2342,.T.);
#3035=ORIENTED_EDGE('',*,*,#2343,.F.);
#3036=ORIENTED_EDGE('',*,*,#2344,.T.);
#3037=ORIENTED_EDGE('',*,*,#2345,.F.);
#3038=ORIENTED_EDGE('',*,*,#2346,.F.);
#3039=ORIENTED_EDGE('',*,*,#2347,.F.);
#3040=ORIENTED_EDGE('',*,*,#2348,.T.);
#3041=ORIENTED_EDGE('',*,*,#2349,.F.);
#3042=ORIENTED_EDGE('',*,*,#2350,.F.);
#3043=ORIENTED_EDGE('',*,*,#2351,.F.);
#3044=ORIENTED_EDGE('',*,*,#2352,.F.);
#3045=ORIENTED_EDGE('',*,*,#2353,.F.);
#3046=ORIENTED_EDGE('',*,*,#2354,.F.);
#3047=ORIENTED_EDGE('',*,*,#2355,.F.);
#3048=ORIENTED_EDGE('',*,*,#2356,.F.);
#3049=ORIENTED_EDGE('',*,*,#2357,.F.);
#3050=ORIENTED_EDGE('',*,*,#2358,.F.);
#3051=ORIENTED_EDGE('',*,*,#2359,.F.);
#3052=ORIENTED_EDGE('',*,*,#2360,.F.);
#3053=ORIENTED_EDGE('',*,*,#2361,.F.);
#3054=ORIENTED_EDGE('',*,*,#2362,.F.);
#3055=ORIENTED_EDGE('',*,*,#2363,.F.);
#3056=ORIENTED_EDGE('',*,*,#2364,.F.);
#3057=ORIENTED_EDGE('',*,*,#2365,.F.);
#3058=ORIENTED_EDGE('',*,*,#2366,.F.);
#3059=ORIENTED_EDGE('',*,*,#2288,.F.);
#3060=ORIENTED_EDGE('',*,*,#2367,.F.);
#3061=ORIENTED_EDGE('',*,*,#2368,.F.);
#3062=ORIENTED_EDGE('',*,*,#2369,.F.);
#3063=ORIENTED_EDGE('',*,*,#2370,.F.);
#3064=ORIENTED_EDGE('',*,*,#2371,.F.);
#3065=ORIENTED_EDGE('',*,*,#2372,.F.);
#3066=ORIENTED_EDGE('',*,*,#2373,.F.);
#3067=ORIENTED_EDGE('',*,*,#2374,.F.);
#3068=ORIENTED_EDGE('',*,*,#2375,.F.);
#3069=ORIENTED_EDGE('',*,*,#2376,.F.);
#3070=ORIENTED_EDGE('',*,*,#2377,.F.);
#3071=ORIENTED_EDGE('',*,*,#2378,.F.);
#3072=ORIENTED_EDGE('',*,*,#2379,.F.);
#3073=ORIENTED_EDGE('',*,*,#2380,.F.);
#3074=ORIENTED_EDGE('',*,*,#2381,.F.);
#3075=ORIENTED_EDGE('',*,*,#2382,.F.);
#3076=ORIENTED_EDGE('',*,*,#2301,.F.);
#3077=ORIENTED_EDGE('',*,*,#2285,.F.);
#3078=ORIENTED_EDGE('',*,*,#2383,.T.);
#3079=ORIENTED_EDGE('',*,*,#2384,.T.);
#3080=ORIENTED_EDGE('',*,*,#2367,.T.);
#3081=ORIENTED_EDGE('',*,*,#2282,.F.);
#3082=ORIENTED_EDGE('',*,*,#2385,.F.);
#3083=ORIENTED_EDGE('',*,*,#2386,.F.);
#3084=ORIENTED_EDGE('',*,*,#2387,.F.);
#3085=ORIENTED_EDGE('',*,*,#2388,.F.);
#3086=ORIENTED_EDGE('',*,*,#2389,.F.);
#3087=ORIENTED_EDGE('',*,*,#2383,.F.);
#3088=ORIENTED_EDGE('',*,*,#2390,.T.);
#3089=ORIENTED_EDGE('',*,*,#2368,.T.);
#3090=ORIENTED_EDGE('',*,*,#2384,.F.);
#3091=ORIENTED_EDGE('',*,*,#2391,.T.);
#3092=ORIENTED_EDGE('',*,*,#2392,.T.);
#3093=ORIENTED_EDGE('',*,*,#2369,.T.);
#3094=ORIENTED_EDGE('',*,*,#2390,.F.);
#3095=ORIENTED_EDGE('',*,*,#2393,.T.);
#3096=ORIENTED_EDGE('',*,*,#2394,.T.);
#3097=ORIENTED_EDGE('',*,*,#2370,.T.);
#3098=ORIENTED_EDGE('',*,*,#2392,.F.);
#3099=ORIENTED_EDGE('',*,*,#2395,.T.);
#3100=ORIENTED_EDGE('',*,*,#2396,.T.);
#3101=ORIENTED_EDGE('',*,*,#2371,.T.);
#3102=ORIENTED_EDGE('',*,*,#2394,.F.);
#3103=ORIENTED_EDGE('',*,*,#2397,.T.);
#3104=ORIENTED_EDGE('',*,*,#2398,.T.);
#3105=ORIENTED_EDGE('',*,*,#2372,.T.);
#3106=ORIENTED_EDGE('',*,*,#2396,.F.);
#3107=ORIENTED_EDGE('',*,*,#2399,.T.);
#3108=ORIENTED_EDGE('',*,*,#2400,.T.);
#3109=ORIENTED_EDGE('',*,*,#2373,.T.);
#3110=ORIENTED_EDGE('',*,*,#2398,.F.);
#3111=ORIENTED_EDGE('',*,*,#2401,.T.);
#3112=ORIENTED_EDGE('',*,*,#2402,.T.);
#3113=ORIENTED_EDGE('',*,*,#2374,.T.);
#3114=ORIENTED_EDGE('',*,*,#2400,.F.);
#3115=ORIENTED_EDGE('',*,*,#2403,.T.);
#3116=ORIENTED_EDGE('',*,*,#2404,.T.);
#3117=ORIENTED_EDGE('',*,*,#2375,.T.);
#3118=ORIENTED_EDGE('',*,*,#2402,.F.);
#3119=ORIENTED_EDGE('',*,*,#2405,.T.);
#3120=ORIENTED_EDGE('',*,*,#2406,.T.);
#3121=ORIENTED_EDGE('',*,*,#2376,.T.);
#3122=ORIENTED_EDGE('',*,*,#2404,.F.);
#3123=ORIENTED_EDGE('',*,*,#2407,.T.);
#3124=ORIENTED_EDGE('',*,*,#2408,.T.);
#3125=ORIENTED_EDGE('',*,*,#2377,.T.);
#3126=ORIENTED_EDGE('',*,*,#2406,.F.);
#3127=ORIENTED_EDGE('',*,*,#2409,.T.);
#3128=ORIENTED_EDGE('',*,*,#2410,.T.);
#3129=ORIENTED_EDGE('',*,*,#2378,.T.);
#3130=ORIENTED_EDGE('',*,*,#2408,.F.);
#3131=ORIENTED_EDGE('',*,*,#2411,.T.);
#3132=ORIENTED_EDGE('',*,*,#2412,.T.);
#3133=ORIENTED_EDGE('',*,*,#2379,.T.);
#3134=ORIENTED_EDGE('',*,*,#2410,.F.);
#3135=ORIENTED_EDGE('',*,*,#2413,.T.);
#3136=ORIENTED_EDGE('',*,*,#2414,.T.);
#3137=ORIENTED_EDGE('',*,*,#2380,.T.);
#3138=ORIENTED_EDGE('',*,*,#2412,.F.);
#3139=ORIENTED_EDGE('',*,*,#2415,.T.);
#3140=ORIENTED_EDGE('',*,*,#2416,.T.);
#3141=ORIENTED_EDGE('',*,*,#2381,.T.);
#3142=ORIENTED_EDGE('',*,*,#2414,.F.);
#3143=ORIENTED_EDGE('',*,*,#2417,.T.);
#3144=ORIENTED_EDGE('',*,*,#2302,.T.);
#3145=ORIENTED_EDGE('',*,*,#2382,.T.);
#3146=ORIENTED_EDGE('',*,*,#2416,.F.);
#3147=ORIENTED_EDGE('',*,*,#2418,.T.);
#3148=ORIENTED_EDGE('',*,*,#2418,.F.);
#3149=ORIENTED_EDGE('',*,*,#2419,.T.);
#3150=ORIENTED_EDGE('',*,*,#2420,.F.);
#3151=ORIENTED_EDGE('',*,*,#2297,.T.);
#3152=ORIENTED_EDGE('',*,*,#2417,.F.);
#3153=ORIENTED_EDGE('',*,*,#2421,.F.);
#3154=ORIENTED_EDGE('',*,*,#2422,.F.);
#3155=ORIENTED_EDGE('',*,*,#2419,.F.);
#3156=ORIENTED_EDGE('',*,*,#2415,.F.);
#3157=ORIENTED_EDGE('',*,*,#2423,.T.);
#3158=ORIENTED_EDGE('',*,*,#2424,.F.);
#3159=ORIENTED_EDGE('',*,*,#2421,.T.);
#3160=ORIENTED_EDGE('',*,*,#2413,.F.);
#3161=ORIENTED_EDGE('',*,*,#2425,.F.);
#3162=ORIENTED_EDGE('',*,*,#2426,.F.);
#3163=ORIENTED_EDGE('',*,*,#2427,.F.);
#3164=ORIENTED_EDGE('',*,*,#2428,.F.);
#3165=ORIENTED_EDGE('',*,*,#2423,.F.);
#3166=ORIENTED_EDGE('',*,*,#2411,.F.);
#3167=ORIENTED_EDGE('',*,*,#2429,.T.);
#3168=ORIENTED_EDGE('',*,*,#2430,.F.);
#3169=ORIENTED_EDGE('',*,*,#2425,.T.);
#3170=ORIENTED_EDGE('',*,*,#2409,.F.);
#3171=ORIENTED_EDGE('',*,*,#2431,.F.);
#3172=ORIENTED_EDGE('',*,*,#2432,.F.);
#3173=ORIENTED_EDGE('',*,*,#2433,.F.);
#3174=ORIENTED_EDGE('',*,*,#2434,.F.);
#3175=ORIENTED_EDGE('',*,*,#2429,.F.);
#3176=ORIENTED_EDGE('',*,*,#2407,.F.);
#3177=ORIENTED_EDGE('',*,*,#2435,.T.);
#3178=ORIENTED_EDGE('',*,*,#2436,.T.);
#3179=ORIENTED_EDGE('',*,*,#2431,.T.);
#3180=ORIENTED_EDGE('',*,*,#2405,.F.);
#3181=ORIENTED_EDGE('',*,*,#2437,.F.);
#3182=ORIENTED_EDGE('',*,*,#2438,.F.);
#3183=ORIENTED_EDGE('',*,*,#2435,.F.);
#3184=ORIENTED_EDGE('',*,*,#2403,.F.);
#3185=ORIENTED_EDGE('',*,*,#2439,.T.);
#3186=ORIENTED_EDGE('',*,*,#2440,.T.);
#3187=ORIENTED_EDGE('',*,*,#2437,.T.);
#3188=ORIENTED_EDGE('',*,*,#2401,.F.);
#3189=ORIENTED_EDGE('',*,*,#2441,.F.);
#3190=ORIENTED_EDGE('',*,*,#2442,.F.);
#3191=ORIENTED_EDGE('',*,*,#2443,.T.);
#3192=ORIENTED_EDGE('',*,*,#2444,.T.);
#3193=ORIENTED_EDGE('',*,*,#2439,.F.);
#3194=ORIENTED_EDGE('',*,*,#2399,.F.);
#3195=ORIENTED_EDGE('',*,*,#2445,.T.);
#3196=ORIENTED_EDGE('',*,*,#2446,.F.);
#3197=ORIENTED_EDGE('',*,*,#2441,.T.);
#3198=ORIENTED_EDGE('',*,*,#2397,.F.);
#3199=ORIENTED_EDGE('',*,*,#2447,.F.);
#3200=ORIENTED_EDGE('',*,*,#2448,.F.);
#3201=ORIENTED_EDGE('',*,*,#2449,.F.);
#3202=ORIENTED_EDGE('',*,*,#2450,.F.);
#3203=ORIENTED_EDGE('',*,*,#2445,.F.);
#3204=ORIENTED_EDGE('',*,*,#2395,.F.);
#3205=ORIENTED_EDGE('',*,*,#2451,.T.);
#3206=ORIENTED_EDGE('',*,*,#2452,.F.);
#3207=ORIENTED_EDGE('',*,*,#2447,.T.);
#3208=ORIENTED_EDGE('',*,*,#2393,.F.);
#3209=ORIENTED_EDGE('',*,*,#2453,.F.);
#3210=ORIENTED_EDGE('',*,*,#2454,.F.);
#3211=ORIENTED_EDGE('',*,*,#2451,.F.);
#3212=ORIENTED_EDGE('',*,*,#2391,.F.);
#3213=ORIENTED_EDGE('',*,*,#2389,.T.);
#3214=ORIENTED_EDGE('',*,*,#2455,.F.);
#3215=ORIENTED_EDGE('',*,*,#2453,.T.);
#3216=ORIENTED_EDGE('',*,*,#2456,.T.);
#3217=ORIENTED_EDGE('',*,*,#2457,.T.);
#3218=ORIENTED_EDGE('',*,*,#2458,.T.);
#3219=ORIENTED_EDGE('',*,*,#2388,.T.);
#3220=ORIENTED_EDGE('',*,*,#2456,.F.);
#3221=ORIENTED_EDGE('',*,*,#2459,.T.);
#3222=ORIENTED_EDGE('',*,*,#2460,.T.);
#3223=ORIENTED_EDGE('',*,*,#2461,.T.);
#3224=ORIENTED_EDGE('',*,*,#2462,.T.);
#3225=ORIENTED_EDGE('',*,*,#2463,.T.);
#3226=ORIENTED_EDGE('',*,*,#2460,.F.);
#3227=ORIENTED_EDGE('',*,*,#2464,.T.);
#3228=ORIENTED_EDGE('',*,*,#2462,.F.);
#3229=ORIENTED_EDGE('',*,*,#2465,.T.);
#3230=ORIENTED_EDGE('',*,*,#2466,.T.);
#3231=ORIENTED_EDGE('',*,*,#2467,.T.);
#3232=ORIENTED_EDGE('',*,*,#2468,.T.);
#3233=ORIENTED_EDGE('',*,*,#2469,.T.);
#3234=ORIENTED_EDGE('',*,*,#2466,.F.);
#3235=ORIENTED_EDGE('',*,*,#2448,.T.);
#3236=ORIENTED_EDGE('',*,*,#2468,.F.);
#3237=ORIENTED_EDGE('',*,*,#2452,.T.);
#3238=ORIENTED_EDGE('',*,*,#2470,.T.);
#3239=ORIENTED_EDGE('',*,*,#2471,.T.);
#3240=ORIENTED_EDGE('',*,*,#2472,.T.);
#3241=ORIENTED_EDGE('',*,*,#2473,.T.);
#3242=ORIENTED_EDGE('',*,*,#2470,.F.);
#3243=ORIENTED_EDGE('',*,*,#2454,.T.);
#3244=ORIENTED_EDGE('',*,*,#2472,.F.);
#3245=ORIENTED_EDGE('',*,*,#2455,.T.);
#3246=ORIENTED_EDGE('',*,*,#2458,.F.);
#3247=ORIENTED_EDGE('',*,*,#2474,.T.);
#3248=ORIENTED_EDGE('',*,*,#2465,.F.);
#3249=ORIENTED_EDGE('',*,*,#2475,.T.);
#3250=ORIENTED_EDGE('',*,*,#2476,.T.);
#3251=ORIENTED_EDGE('',*,*,#2449,.T.);
#3252=ORIENTED_EDGE('',*,*,#2464,.F.);
#3253=ORIENTED_EDGE('',*,*,#2477,.F.);
#3254=ORIENTED_EDGE('',*,*,#2478,.F.);
#3255=ORIENTED_EDGE('',*,*,#2475,.F.);
#3256=ORIENTED_EDGE('',*,*,#2459,.F.);
#3257=ORIENTED_EDGE('',*,*,#2387,.T.);
#3258=ORIENTED_EDGE('',*,*,#2479,.T.);
#3259=ORIENTED_EDGE('',*,*,#2477,.T.);
#3260=ORIENTED_EDGE('',*,*,#2457,.F.);
#3261=ORIENTED_EDGE('',*,*,#2461,.F.);
#3262=ORIENTED_EDGE('',*,*,#2463,.F.);
#3263=ORIENTED_EDGE('',*,*,#2467,.F.);
#3264=ORIENTED_EDGE('',*,*,#2469,.F.);
#3265=ORIENTED_EDGE('',*,*,#2471,.F.);
#3266=ORIENTED_EDGE('',*,*,#2473,.F.);
#3267=ORIENTED_EDGE('',*,*,#2474,.F.);
#3268=ORIENTED_EDGE('',*,*,#2480,.T.);
#3269=ORIENTED_EDGE('',*,*,#2481,.T.);
#3270=ORIENTED_EDGE('',*,*,#2482,.T.);
#3271=ORIENTED_EDGE('',*,*,#2428,.T.);
#3272=ORIENTED_EDGE('',*,*,#2480,.F.);
#3273=ORIENTED_EDGE('',*,*,#2483,.T.);
#3274=ORIENTED_EDGE('',*,*,#2484,.T.);
#3275=ORIENTED_EDGE('',*,*,#2485,.T.);
#3276=ORIENTED_EDGE('',*,*,#2486,.T.);
#3277=ORIENTED_EDGE('',*,*,#2487,.T.);
#3278=ORIENTED_EDGE('',*,*,#2484,.F.);
#3279=ORIENTED_EDGE('',*,*,#2488,.T.);
#3280=ORIENTED_EDGE('',*,*,#2486,.F.);
#3281=ORIENTED_EDGE('',*,*,#2489,.T.);
#3282=ORIENTED_EDGE('',*,*,#2490,.T.);
#3283=ORIENTED_EDGE('',*,*,#2491,.T.);
#3284=ORIENTED_EDGE('',*,*,#2492,.T.);
#3285=ORIENTED_EDGE('',*,*,#2493,.T.);
#3286=ORIENTED_EDGE('',*,*,#2490,.F.);
#3287=ORIENTED_EDGE('',*,*,#2298,.T.);
#3288=ORIENTED_EDGE('',*,*,#2492,.F.);
#3289=ORIENTED_EDGE('',*,*,#2420,.T.);
#3290=ORIENTED_EDGE('',*,*,#2494,.T.);
#3291=ORIENTED_EDGE('',*,*,#2495,.T.);
#3292=ORIENTED_EDGE('',*,*,#2494,.F.);
#3293=ORIENTED_EDGE('',*,*,#2422,.T.);
#3294=ORIENTED_EDGE('',*,*,#2496,.T.);
#3295=ORIENTED_EDGE('',*,*,#2497,.T.);
#3296=ORIENTED_EDGE('',*,*,#2496,.F.);
#3297=ORIENTED_EDGE('',*,*,#2424,.T.);
#3298=ORIENTED_EDGE('',*,*,#2482,.F.);
#3299=ORIENTED_EDGE('',*,*,#2498,.T.);
#3300=ORIENTED_EDGE('',*,*,#2489,.F.);
#3301=ORIENTED_EDGE('',*,*,#2499,.T.);
#3302=ORIENTED_EDGE('',*,*,#2500,.F.);
#3303=ORIENTED_EDGE('',*,*,#2299,.T.);
#3304=ORIENTED_EDGE('',*,*,#2488,.F.);
#3305=ORIENTED_EDGE('',*,*,#2501,.F.);
#3306=ORIENTED_EDGE('',*,*,#2502,.F.);
#3307=ORIENTED_EDGE('',*,*,#2499,.F.);
#3308=ORIENTED_EDGE('',*,*,#2483,.F.);
#3309=ORIENTED_EDGE('',*,*,#2427,.T.);
#3310=ORIENTED_EDGE('',*,*,#2503,.T.);
#3311=ORIENTED_EDGE('',*,*,#2501,.T.);
#3312=ORIENTED_EDGE('',*,*,#2481,.F.);
#3313=ORIENTED_EDGE('',*,*,#2485,.F.);
#3314=ORIENTED_EDGE('',*,*,#2487,.F.);
#3315=ORIENTED_EDGE('',*,*,#2491,.F.);
#3316=ORIENTED_EDGE('',*,*,#2493,.F.);
#3317=ORIENTED_EDGE('',*,*,#2495,.F.);
#3318=ORIENTED_EDGE('',*,*,#2497,.F.);
#3319=ORIENTED_EDGE('',*,*,#2498,.F.);
#3320=ORIENTED_EDGE('',*,*,#2504,.T.);
#3321=ORIENTED_EDGE('',*,*,#2503,.F.);
#3322=ORIENTED_EDGE('',*,*,#2426,.T.);
#3323=ORIENTED_EDGE('',*,*,#2430,.T.);
#3324=ORIENTED_EDGE('',*,*,#2434,.T.);
#3325=ORIENTED_EDGE('',*,*,#2504,.F.);
#3326=ORIENTED_EDGE('',*,*,#2433,.T.);
#3327=ORIENTED_EDGE('',*,*,#2505,.T.);
#3328=ORIENTED_EDGE('',*,*,#2506,.F.);
#3329=ORIENTED_EDGE('',*,*,#2502,.T.);
#3330=ORIENTED_EDGE('',*,*,#2450,.T.);
#3331=ORIENTED_EDGE('',*,*,#2476,.F.);
#3332=ORIENTED_EDGE('',*,*,#2507,.T.);
#3333=ORIENTED_EDGE('',*,*,#2442,.T.);
#3334=ORIENTED_EDGE('',*,*,#2446,.T.);
#3335=ORIENTED_EDGE('',*,*,#2508,.T.);
#3336=ORIENTED_EDGE('',*,*,#2509,.T.);
#3337=ORIENTED_EDGE('',*,*,#2479,.F.);
#3338=ORIENTED_EDGE('',*,*,#2386,.T.);
#3339=ORIENTED_EDGE('',*,*,#2500,.T.);
#3340=ORIENTED_EDGE('',*,*,#2506,.T.);
#3341=ORIENTED_EDGE('',*,*,#2510,.T.);
#3342=ORIENTED_EDGE('',*,*,#2300,.T.);
#3343=ORIENTED_EDGE('',*,*,#2507,.F.);
#3344=ORIENTED_EDGE('',*,*,#2478,.T.);
#3345=ORIENTED_EDGE('',*,*,#2509,.F.);
#3346=ORIENTED_EDGE('',*,*,#2511,.T.);
#3347=ORIENTED_EDGE('',*,*,#2443,.F.);
#3348=ORIENTED_EDGE('',*,*,#2385,.T.);
#3349=ORIENTED_EDGE('',*,*,#2281,.F.);
#3350=ORIENTED_EDGE('',*,*,#2512,.T.);
#3351=ORIENTED_EDGE('',*,*,#2292,.F.);
#3352=ORIENTED_EDGE('',*,*,#2295,.T.);
#3353=ORIENTED_EDGE('',*,*,#2510,.F.);
#3354=ORIENTED_EDGE('',*,*,#2505,.F.);
#3355=ORIENTED_EDGE('',*,*,#2432,.T.);
#3356=ORIENTED_EDGE('',*,*,#2436,.F.);
#3357=ORIENTED_EDGE('',*,*,#2438,.T.);
#3358=ORIENTED_EDGE('',*,*,#2440,.F.);
#3359=ORIENTED_EDGE('',*,*,#2444,.F.);
#3360=ORIENTED_EDGE('',*,*,#2511,.F.);
#3361=ORIENTED_EDGE('',*,*,#2508,.F.);
#3362=ORIENTED_EDGE('',*,*,#2513,.T.);
#3363=ORIENTED_EDGE('',*,*,#2514,.T.);
#3364=ORIENTED_EDGE('',*,*,#2515,.T.);
#3365=ORIENTED_EDGE('',*,*,#2516,.T.);
#3366=ORIENTED_EDGE('',*,*,#2517,.T.);
#3367=ORIENTED_EDGE('',*,*,#2518,.T.);
#3368=ORIENTED_EDGE('',*,*,#2513,.F.);
#3369=ORIENTED_EDGE('',*,*,#2519,.T.);
#3370=ORIENTED_EDGE('',*,*,#2520,.T.);
#3371=ORIENTED_EDGE('',*,*,#2521,.T.);
#3372=ORIENTED_EDGE('',*,*,#2517,.F.);
#3373=ORIENTED_EDGE('',*,*,#2309,.T.);
#3374=ORIENTED_EDGE('',*,*,#2522,.T.);
#3375=ORIENTED_EDGE('',*,*,#2523,.T.);
#3376=ORIENTED_EDGE('',*,*,#2520,.F.);
#3377=ORIENTED_EDGE('',*,*,#2524,.T.);
#3378=ORIENTED_EDGE('',*,*,#2525,.T.);
#3379=ORIENTED_EDGE('',*,*,#2526,.T.);
#3380=ORIENTED_EDGE('',*,*,#2522,.F.);
#3381=ORIENTED_EDGE('',*,*,#2527,.T.);
#3382=ORIENTED_EDGE('',*,*,#2528,.F.);
#3383=ORIENTED_EDGE('',*,*,#2527,.F.);
#3384=ORIENTED_EDGE('',*,*,#2529,.F.);
#3385=ORIENTED_EDGE('',*,*,#2530,.F.);
#3386=ORIENTED_EDGE('',*,*,#2531,.F.);
#3387=ORIENTED_EDGE('',*,*,#2532,.F.);
#3388=ORIENTED_EDGE('',*,*,#2533,.F.);
#3389=ORIENTED_EDGE('',*,*,#2524,.F.);
#3390=ORIENTED_EDGE('',*,*,#2326,.T.);
#3391=ORIENTED_EDGE('',*,*,#2534,.F.);
#3392=ORIENTED_EDGE('',*,*,#2529,.T.);
#3393=ORIENTED_EDGE('',*,*,#2519,.F.);
#3394=ORIENTED_EDGE('',*,*,#2535,.T.);
#3395=ORIENTED_EDGE('',*,*,#2536,.T.);
#3396=ORIENTED_EDGE('',*,*,#2310,.T.);
#3397=ORIENTED_EDGE('',*,*,#2516,.F.);
#3398=ORIENTED_EDGE('',*,*,#2537,.F.);
#3399=ORIENTED_EDGE('',*,*,#2538,.F.);
#3400=ORIENTED_EDGE('',*,*,#2539,.F.);
#3401=ORIENTED_EDGE('',*,*,#2540,.F.);
#3402=ORIENTED_EDGE('',*,*,#2541,.F.);
#3403=ORIENTED_EDGE('',*,*,#2535,.F.);
#3404=ORIENTED_EDGE('',*,*,#2542,.T.);
#3405=ORIENTED_EDGE('',*,*,#2311,.T.);
#3406=ORIENTED_EDGE('',*,*,#2536,.F.);
#3407=ORIENTED_EDGE('',*,*,#2543,.T.);
#3408=ORIENTED_EDGE('',*,*,#2544,.T.);
#3409=ORIENTED_EDGE('',*,*,#2312,.T.);
#3410=ORIENTED_EDGE('',*,*,#2542,.F.);
#3411=ORIENTED_EDGE('',*,*,#2545,.T.);
#3412=ORIENTED_EDGE('',*,*,#2546,.T.);
#3413=ORIENTED_EDGE('',*,*,#2313,.T.);
#3414=ORIENTED_EDGE('',*,*,#2544,.F.);
#3415=ORIENTED_EDGE('',*,*,#2547,.T.);
#3416=ORIENTED_EDGE('',*,*,#2548,.T.);
#3417=ORIENTED_EDGE('',*,*,#2314,.T.);
#3418=ORIENTED_EDGE('',*,*,#2546,.F.);
#3419=ORIENTED_EDGE('',*,*,#2549,.T.);
#3420=ORIENTED_EDGE('',*,*,#2550,.T.);
#3421=ORIENTED_EDGE('',*,*,#2315,.T.);
#3422=ORIENTED_EDGE('',*,*,#2548,.F.);
#3423=ORIENTED_EDGE('',*,*,#2551,.T.);
#3424=ORIENTED_EDGE('',*,*,#2552,.T.);
#3425=ORIENTED_EDGE('',*,*,#2316,.T.);
#3426=ORIENTED_EDGE('',*,*,#2550,.F.);
#3427=ORIENTED_EDGE('',*,*,#2553,.T.);
#3428=ORIENTED_EDGE('',*,*,#2554,.T.);
#3429=ORIENTED_EDGE('',*,*,#2317,.T.);
#3430=ORIENTED_EDGE('',*,*,#2552,.F.);
#3431=ORIENTED_EDGE('',*,*,#2555,.T.);
#3432=ORIENTED_EDGE('',*,*,#2556,.T.);
#3433=ORIENTED_EDGE('',*,*,#2318,.T.);
#3434=ORIENTED_EDGE('',*,*,#2554,.F.);
#3435=ORIENTED_EDGE('',*,*,#2557,.T.);
#3436=ORIENTED_EDGE('',*,*,#2558,.T.);
#3437=ORIENTED_EDGE('',*,*,#2319,.T.);
#3438=ORIENTED_EDGE('',*,*,#2556,.F.);
#3439=ORIENTED_EDGE('',*,*,#2559,.T.);
#3440=ORIENTED_EDGE('',*,*,#2560,.T.);
#3441=ORIENTED_EDGE('',*,*,#2320,.T.);
#3442=ORIENTED_EDGE('',*,*,#2558,.F.);
#3443=ORIENTED_EDGE('',*,*,#2561,.T.);
#3444=ORIENTED_EDGE('',*,*,#2562,.T.);
#3445=ORIENTED_EDGE('',*,*,#2321,.T.);
#3446=ORIENTED_EDGE('',*,*,#2560,.F.);
#3447=ORIENTED_EDGE('',*,*,#2563,.T.);
#3448=ORIENTED_EDGE('',*,*,#2564,.T.);
#3449=ORIENTED_EDGE('',*,*,#2322,.T.);
#3450=ORIENTED_EDGE('',*,*,#2562,.F.);
#3451=ORIENTED_EDGE('',*,*,#2565,.T.);
#3452=ORIENTED_EDGE('',*,*,#2566,.T.);
#3453=ORIENTED_EDGE('',*,*,#2323,.T.);
#3454=ORIENTED_EDGE('',*,*,#2564,.F.);
#3455=ORIENTED_EDGE('',*,*,#2567,.T.);
#3456=ORIENTED_EDGE('',*,*,#2568,.T.);
#3457=ORIENTED_EDGE('',*,*,#2324,.T.);
#3458=ORIENTED_EDGE('',*,*,#2566,.F.);
#3459=ORIENTED_EDGE('',*,*,#2569,.T.);
#3460=ORIENTED_EDGE('',*,*,#2534,.T.);
#3461=ORIENTED_EDGE('',*,*,#2325,.T.);
#3462=ORIENTED_EDGE('',*,*,#2568,.F.);
#3463=ORIENTED_EDGE('',*,*,#2570,.T.);
#3464=ORIENTED_EDGE('',*,*,#2570,.F.);
#3465=ORIENTED_EDGE('',*,*,#2571,.T.);
#3466=ORIENTED_EDGE('',*,*,#2572,.F.);
#3467=ORIENTED_EDGE('',*,*,#2530,.T.);
#3468=ORIENTED_EDGE('',*,*,#2569,.F.);
#3469=ORIENTED_EDGE('',*,*,#2573,.F.);
#3470=ORIENTED_EDGE('',*,*,#2574,.F.);
#3471=ORIENTED_EDGE('',*,*,#2571,.F.);
#3472=ORIENTED_EDGE('',*,*,#2567,.F.);
#3473=ORIENTED_EDGE('',*,*,#2575,.T.);
#3474=ORIENTED_EDGE('',*,*,#2576,.F.);
#3475=ORIENTED_EDGE('',*,*,#2573,.T.);
#3476=ORIENTED_EDGE('',*,*,#2565,.F.);
#3477=ORIENTED_EDGE('',*,*,#2577,.F.);
#3478=ORIENTED_EDGE('',*,*,#2578,.F.);
#3479=ORIENTED_EDGE('',*,*,#2579,.F.);
#3480=ORIENTED_EDGE('',*,*,#2580,.F.);
#3481=ORIENTED_EDGE('',*,*,#2575,.F.);
#3482=ORIENTED_EDGE('',*,*,#2563,.F.);
#3483=ORIENTED_EDGE('',*,*,#2581,.T.);
#3484=ORIENTED_EDGE('',*,*,#2582,.F.);
#3485=ORIENTED_EDGE('',*,*,#2577,.T.);
#3486=ORIENTED_EDGE('',*,*,#2561,.F.);
#3487=ORIENTED_EDGE('',*,*,#2583,.F.);
#3488=ORIENTED_EDGE('',*,*,#2584,.F.);
#3489=ORIENTED_EDGE('',*,*,#2585,.F.);
#3490=ORIENTED_EDGE('',*,*,#2586,.F.);
#3491=ORIENTED_EDGE('',*,*,#2581,.F.);
#3492=ORIENTED_EDGE('',*,*,#2559,.F.);
#3493=ORIENTED_EDGE('',*,*,#2587,.T.);
#3494=ORIENTED_EDGE('',*,*,#2588,.T.);
#3495=ORIENTED_EDGE('',*,*,#2583,.T.);
#3496=ORIENTED_EDGE('',*,*,#2557,.F.);
#3497=ORIENTED_EDGE('',*,*,#2589,.F.);
#3498=ORIENTED_EDGE('',*,*,#2590,.F.);
#3499=ORIENTED_EDGE('',*,*,#2587,.F.);
#3500=ORIENTED_EDGE('',*,*,#2555,.F.);
#3501=ORIENTED_EDGE('',*,*,#2591,.T.);
#3502=ORIENTED_EDGE('',*,*,#2592,.T.);
#3503=ORIENTED_EDGE('',*,*,#2589,.T.);
#3504=ORIENTED_EDGE('',*,*,#2553,.F.);
#3505=ORIENTED_EDGE('',*,*,#2593,.F.);
#3506=ORIENTED_EDGE('',*,*,#2594,.F.);
#3507=ORIENTED_EDGE('',*,*,#2595,.T.);
#3508=ORIENTED_EDGE('',*,*,#2596,.T.);
#3509=ORIENTED_EDGE('',*,*,#2591,.F.);
#3510=ORIENTED_EDGE('',*,*,#2551,.F.);
#3511=ORIENTED_EDGE('',*,*,#2597,.T.);
#3512=ORIENTED_EDGE('',*,*,#2598,.F.);
#3513=ORIENTED_EDGE('',*,*,#2593,.T.);
#3514=ORIENTED_EDGE('',*,*,#2549,.F.);
#3515=ORIENTED_EDGE('',*,*,#2599,.F.);
#3516=ORIENTED_EDGE('',*,*,#2600,.F.);
#3517=ORIENTED_EDGE('',*,*,#2601,.F.);
#3518=ORIENTED_EDGE('',*,*,#2602,.F.);
#3519=ORIENTED_EDGE('',*,*,#2597,.F.);
#3520=ORIENTED_EDGE('',*,*,#2547,.F.);
#3521=ORIENTED_EDGE('',*,*,#2603,.T.);
#3522=ORIENTED_EDGE('',*,*,#2604,.F.);
#3523=ORIENTED_EDGE('',*,*,#2599,.T.);
#3524=ORIENTED_EDGE('',*,*,#2545,.F.);
#3525=ORIENTED_EDGE('',*,*,#2605,.F.);
#3526=ORIENTED_EDGE('',*,*,#2606,.F.);
#3527=ORIENTED_EDGE('',*,*,#2603,.F.);
#3528=ORIENTED_EDGE('',*,*,#2543,.F.);
#3529=ORIENTED_EDGE('',*,*,#2541,.T.);
#3530=ORIENTED_EDGE('',*,*,#2607,.F.);
#3531=ORIENTED_EDGE('',*,*,#2605,.T.);
#3532=ORIENTED_EDGE('',*,*,#2608,.T.);
#3533=ORIENTED_EDGE('',*,*,#2609,.T.);
#3534=ORIENTED_EDGE('',*,*,#2610,.T.);
#3535=ORIENTED_EDGE('',*,*,#2611,.T.);
#3536=ORIENTED_EDGE('',*,*,#2608,.F.);
#3537=ORIENTED_EDGE('',*,*,#2612,.T.);
#3538=ORIENTED_EDGE('',*,*,#2613,.T.);
#3539=ORIENTED_EDGE('',*,*,#2614,.T.);
#3540=ORIENTED_EDGE('',*,*,#2615,.T.);
#3541=ORIENTED_EDGE('',*,*,#2616,.T.);
#3542=ORIENTED_EDGE('',*,*,#2613,.F.);
#3543=ORIENTED_EDGE('',*,*,#2531,.T.);
#3544=ORIENTED_EDGE('',*,*,#2615,.F.);
#3545=ORIENTED_EDGE('',*,*,#2572,.T.);
#3546=ORIENTED_EDGE('',*,*,#2617,.T.);
#3547=ORIENTED_EDGE('',*,*,#2618,.T.);
#3548=ORIENTED_EDGE('',*,*,#2617,.F.);
#3549=ORIENTED_EDGE('',*,*,#2574,.T.);
#3550=ORIENTED_EDGE('',*,*,#2619,.T.);
#3551=ORIENTED_EDGE('',*,*,#2620,.T.);
#3552=ORIENTED_EDGE('',*,*,#2619,.F.);
#3553=ORIENTED_EDGE('',*,*,#2576,.T.);
#3554=ORIENTED_EDGE('',*,*,#2621,.T.);
#3555=ORIENTED_EDGE('',*,*,#2622,.T.);
#3556=ORIENTED_EDGE('',*,*,#2623,.T.);
#3557=ORIENTED_EDGE('',*,*,#2624,.T.);
#3558=ORIENTED_EDGE('',*,*,#2621,.F.);
#3559=ORIENTED_EDGE('',*,*,#2580,.T.);
#3560=ORIENTED_EDGE('',*,*,#2623,.F.);
#3561=ORIENTED_EDGE('',*,*,#2625,.T.);
#3562=ORIENTED_EDGE('',*,*,#2610,.F.);
#3563=ORIENTED_EDGE('',*,*,#2626,.T.);
#3564=ORIENTED_EDGE('',*,*,#2612,.F.);
#3565=ORIENTED_EDGE('',*,*,#2627,.T.);
#3566=ORIENTED_EDGE('',*,*,#2628,.F.);
#3567=ORIENTED_EDGE('',*,*,#2532,.T.);
#3568=ORIENTED_EDGE('',*,*,#2611,.F.);
#3569=ORIENTED_EDGE('',*,*,#2629,.F.);
#3570=ORIENTED_EDGE('',*,*,#2630,.F.);
#3571=ORIENTED_EDGE('',*,*,#2627,.F.);
#3572=ORIENTED_EDGE('',*,*,#2609,.F.);
#3573=ORIENTED_EDGE('',*,*,#2614,.F.);
#3574=ORIENTED_EDGE('',*,*,#2616,.F.);
#3575=ORIENTED_EDGE('',*,*,#2618,.F.);
#3576=ORIENTED_EDGE('',*,*,#2620,.F.);
#3577=ORIENTED_EDGE('',*,*,#2622,.F.);
#3578=ORIENTED_EDGE('',*,*,#2624,.F.);
#3579=ORIENTED_EDGE('',*,*,#2626,.F.);
#3580=ORIENTED_EDGE('',*,*,#2631,.T.);
#3581=ORIENTED_EDGE('',*,*,#2632,.T.);
#3582=ORIENTED_EDGE('',*,*,#2633,.T.);
#3583=ORIENTED_EDGE('',*,*,#2634,.T.);
#3584=ORIENTED_EDGE('',*,*,#2631,.F.);
#3585=ORIENTED_EDGE('',*,*,#2635,.T.);
#3586=ORIENTED_EDGE('',*,*,#2636,.T.);
#3587=ORIENTED_EDGE('',*,*,#2637,.T.);
#3588=ORIENTED_EDGE('',*,*,#2638,.T.);
#3589=ORIENTED_EDGE('',*,*,#2639,.T.);
#3590=ORIENTED_EDGE('',*,*,#2636,.F.);
#3591=ORIENTED_EDGE('',*,*,#2600,.T.);
#3592=ORIENTED_EDGE('',*,*,#2638,.F.);
#3593=ORIENTED_EDGE('',*,*,#2604,.T.);
#3594=ORIENTED_EDGE('',*,*,#2640,.T.);
#3595=ORIENTED_EDGE('',*,*,#2641,.T.);
#3596=ORIENTED_EDGE('',*,*,#2642,.T.);
#3597=ORIENTED_EDGE('',*,*,#2643,.T.);
#3598=ORIENTED_EDGE('',*,*,#2640,.F.);
#3599=ORIENTED_EDGE('',*,*,#2606,.T.);
#3600=ORIENTED_EDGE('',*,*,#2642,.F.);
#3601=ORIENTED_EDGE('',*,*,#2607,.T.);
#3602=ORIENTED_EDGE('',*,*,#2644,.T.);
#3603=ORIENTED_EDGE('',*,*,#2645,.T.);
#3604=ORIENTED_EDGE('',*,*,#2646,.T.);
#3605=ORIENTED_EDGE('',*,*,#2647,.T.);
#3606=ORIENTED_EDGE('',*,*,#2644,.F.);
#3607=ORIENTED_EDGE('',*,*,#2540,.T.);
#3608=ORIENTED_EDGE('',*,*,#2646,.F.);
#3609=ORIENTED_EDGE('',*,*,#2648,.T.);
#3610=ORIENTED_EDGE('',*,*,#2633,.F.);
#3611=ORIENTED_EDGE('',*,*,#2649,.T.);
#3612=ORIENTED_EDGE('',*,*,#2635,.F.);
#3613=ORIENTED_EDGE('',*,*,#2650,.T.);
#3614=ORIENTED_EDGE('',*,*,#2651,.T.);
#3615=ORIENTED_EDGE('',*,*,#2601,.T.);
#3616=ORIENTED_EDGE('',*,*,#2634,.F.);
#3617=ORIENTED_EDGE('',*,*,#2652,.F.);
#3618=ORIENTED_EDGE('',*,*,#2653,.F.);
#3619=ORIENTED_EDGE('',*,*,#2650,.F.);
#3620=ORIENTED_EDGE('',*,*,#2632,.F.);
#3621=ORIENTED_EDGE('',*,*,#2637,.F.);
#3622=ORIENTED_EDGE('',*,*,#2639,.F.);
#3623=ORIENTED_EDGE('',*,*,#2641,.F.);
#3624=ORIENTED_EDGE('',*,*,#2643,.F.);
#3625=ORIENTED_EDGE('',*,*,#2645,.F.);
#3626=ORIENTED_EDGE('',*,*,#2647,.F.);
#3627=ORIENTED_EDGE('',*,*,#2649,.F.);
#3628=ORIENTED_EDGE('',*,*,#2628,.T.);
#3629=ORIENTED_EDGE('',*,*,#2654,.T.);
#3630=ORIENTED_EDGE('',*,*,#2655,.T.);
#3631=ORIENTED_EDGE('',*,*,#2533,.T.);
#3632=ORIENTED_EDGE('',*,*,#2654,.F.);
#3633=ORIENTED_EDGE('',*,*,#2630,.T.);
#3634=ORIENTED_EDGE('',*,*,#2656,.F.);
#3635=ORIENTED_EDGE('',*,*,#2585,.T.);
#3636=ORIENTED_EDGE('',*,*,#2657,.T.);
#3637=ORIENTED_EDGE('',*,*,#2602,.T.);
#3638=ORIENTED_EDGE('',*,*,#2651,.F.);
#3639=ORIENTED_EDGE('',*,*,#2658,.T.);
#3640=ORIENTED_EDGE('',*,*,#2594,.T.);
#3641=ORIENTED_EDGE('',*,*,#2598,.T.);
#3642=ORIENTED_EDGE('',*,*,#2648,.F.);
#3643=ORIENTED_EDGE('',*,*,#2539,.T.);
#3644=ORIENTED_EDGE('',*,*,#2659,.T.);
#3645=ORIENTED_EDGE('',*,*,#2652,.T.);
#3646=ORIENTED_EDGE('',*,*,#2660,.T.);
#3647=ORIENTED_EDGE('',*,*,#2661,.T.);
#3648=ORIENTED_EDGE('',*,*,#2659,.F.);
#3649=ORIENTED_EDGE('',*,*,#2538,.T.);
#3650=ORIENTED_EDGE('',*,*,#2625,.F.);
#3651=ORIENTED_EDGE('',*,*,#2579,.T.);
#3652=ORIENTED_EDGE('',*,*,#2662,.T.);
#3653=ORIENTED_EDGE('',*,*,#2629,.T.);
#3654=ORIENTED_EDGE('',*,*,#2656,.T.);
#3655=ORIENTED_EDGE('',*,*,#2662,.F.);
#3656=ORIENTED_EDGE('',*,*,#2578,.T.);
#3657=ORIENTED_EDGE('',*,*,#2582,.T.);
#3658=ORIENTED_EDGE('',*,*,#2586,.T.);
#3659=ORIENTED_EDGE('',*,*,#2658,.F.);
#3660=ORIENTED_EDGE('',*,*,#2653,.T.);
#3661=ORIENTED_EDGE('',*,*,#2661,.F.);
#3662=ORIENTED_EDGE('',*,*,#2663,.T.);
#3663=ORIENTED_EDGE('',*,*,#2595,.F.);
#3664=ORIENTED_EDGE('',*,*,#2537,.T.);
#3665=ORIENTED_EDGE('',*,*,#2515,.F.);
#3666=ORIENTED_EDGE('',*,*,#2664,.T.);
#3667=ORIENTED_EDGE('',*,*,#2525,.F.);
#3668=ORIENTED_EDGE('',*,*,#2528,.T.);
#3669=ORIENTED_EDGE('',*,*,#2655,.F.);
#3670=ORIENTED_EDGE('',*,*,#2657,.F.);
#3671=ORIENTED_EDGE('',*,*,#2584,.T.);
#3672=ORIENTED_EDGE('',*,*,#2588,.F.);
#3673=ORIENTED_EDGE('',*,*,#2590,.T.);
#3674=ORIENTED_EDGE('',*,*,#2592,.F.);
#3675=ORIENTED_EDGE('',*,*,#2596,.F.);
#3676=ORIENTED_EDGE('',*,*,#2663,.F.);
#3677=ORIENTED_EDGE('',*,*,#2660,.F.);
#3678=ORIENTED_EDGE('',*,*,#2665,.T.);
#3679=ORIENTED_EDGE('',*,*,#2666,.T.);
#3680=ORIENTED_EDGE('',*,*,#2667,.T.);
#3681=ORIENTED_EDGE('',*,*,#2668,.T.);
#3682=ORIENTED_EDGE('',*,*,#2669,.T.);
#3683=ORIENTED_EDGE('',*,*,#2670,.T.);
#3684=ORIENTED_EDGE('',*,*,#2665,.F.);
#3685=ORIENTED_EDGE('',*,*,#2671,.T.);
#3686=ORIENTED_EDGE('',*,*,#2672,.T.);
#3687=ORIENTED_EDGE('',*,*,#2673,.T.);
#3688=ORIENTED_EDGE('',*,*,#2669,.F.);
#3689=ORIENTED_EDGE('',*,*,#2349,.T.);
#3690=ORIENTED_EDGE('',*,*,#2674,.T.);
#3691=ORIENTED_EDGE('',*,*,#2675,.T.);
#3692=ORIENTED_EDGE('',*,*,#2672,.F.);
#3693=ORIENTED_EDGE('',*,*,#2676,.T.);
#3694=ORIENTED_EDGE('',*,*,#2677,.T.);
#3695=ORIENTED_EDGE('',*,*,#2678,.T.);
#3696=ORIENTED_EDGE('',*,*,#2674,.F.);
#3697=ORIENTED_EDGE('',*,*,#2679,.T.);
#3698=ORIENTED_EDGE('',*,*,#2680,.F.);
#3699=ORIENTED_EDGE('',*,*,#2679,.F.);
#3700=ORIENTED_EDGE('',*,*,#2681,.F.);
#3701=ORIENTED_EDGE('',*,*,#2682,.F.);
#3702=ORIENTED_EDGE('',*,*,#2683,.F.);
#3703=ORIENTED_EDGE('',*,*,#2684,.F.);
#3704=ORIENTED_EDGE('',*,*,#2685,.F.);
#3705=ORIENTED_EDGE('',*,*,#2676,.F.);
#3706=ORIENTED_EDGE('',*,*,#2366,.T.);
#3707=ORIENTED_EDGE('',*,*,#2686,.F.);
#3708=ORIENTED_EDGE('',*,*,#2681,.T.);
#3709=ORIENTED_EDGE('',*,*,#2671,.F.);
#3710=ORIENTED_EDGE('',*,*,#2687,.T.);
#3711=ORIENTED_EDGE('',*,*,#2688,.T.);
#3712=ORIENTED_EDGE('',*,*,#2350,.T.);
#3713=ORIENTED_EDGE('',*,*,#2668,.F.);
#3714=ORIENTED_EDGE('',*,*,#2689,.F.);
#3715=ORIENTED_EDGE('',*,*,#2690,.F.);
#3716=ORIENTED_EDGE('',*,*,#2691,.F.);
#3717=ORIENTED_EDGE('',*,*,#2692,.F.);
#3718=ORIENTED_EDGE('',*,*,#2693,.F.);
#3719=ORIENTED_EDGE('',*,*,#2687,.F.);
#3720=ORIENTED_EDGE('',*,*,#2694,.T.);
#3721=ORIENTED_EDGE('',*,*,#2351,.T.);
#3722=ORIENTED_EDGE('',*,*,#2688,.F.);
#3723=ORIENTED_EDGE('',*,*,#2695,.T.);
#3724=ORIENTED_EDGE('',*,*,#2696,.T.);
#3725=ORIENTED_EDGE('',*,*,#2352,.T.);
#3726=ORIENTED_EDGE('',*,*,#2694,.F.);
#3727=ORIENTED_EDGE('',*,*,#2697,.T.);
#3728=ORIENTED_EDGE('',*,*,#2698,.T.);
#3729=ORIENTED_EDGE('',*,*,#2353,.T.);
#3730=ORIENTED_EDGE('',*,*,#2696,.F.);
#3731=ORIENTED_EDGE('',*,*,#2699,.T.);
#3732=ORIENTED_EDGE('',*,*,#2700,.T.);
#3733=ORIENTED_EDGE('',*,*,#2354,.T.);
#3734=ORIENTED_EDGE('',*,*,#2698,.F.);
#3735=ORIENTED_EDGE('',*,*,#2701,.T.);
#3736=ORIENTED_EDGE('',*,*,#2702,.T.);
#3737=ORIENTED_EDGE('',*,*,#2355,.T.);
#3738=ORIENTED_EDGE('',*,*,#2700,.F.);
#3739=ORIENTED_EDGE('',*,*,#2703,.T.);
#3740=ORIENTED_EDGE('',*,*,#2704,.T.);
#3741=ORIENTED_EDGE('',*,*,#2356,.T.);
#3742=ORIENTED_EDGE('',*,*,#2702,.F.);
#3743=ORIENTED_EDGE('',*,*,#2705,.T.);
#3744=ORIENTED_EDGE('',*,*,#2706,.T.);
#3745=ORIENTED_EDGE('',*,*,#2357,.T.);
#3746=ORIENTED_EDGE('',*,*,#2704,.F.);
#3747=ORIENTED_EDGE('',*,*,#2707,.T.);
#3748=ORIENTED_EDGE('',*,*,#2708,.T.);
#3749=ORIENTED_EDGE('',*,*,#2358,.T.);
#3750=ORIENTED_EDGE('',*,*,#2706,.F.);
#3751=ORIENTED_EDGE('',*,*,#2709,.T.);
#3752=ORIENTED_EDGE('',*,*,#2710,.T.);
#3753=ORIENTED_EDGE('',*,*,#2359,.T.);
#3754=ORIENTED_EDGE('',*,*,#2708,.F.);
#3755=ORIENTED_EDGE('',*,*,#2711,.T.);
#3756=ORIENTED_EDGE('',*,*,#2712,.T.);
#3757=ORIENTED_EDGE('',*,*,#2360,.T.);
#3758=ORIENTED_EDGE('',*,*,#2710,.F.);
#3759=ORIENTED_EDGE('',*,*,#2713,.T.);
#3760=ORIENTED_EDGE('',*,*,#2714,.T.);
#3761=ORIENTED_EDGE('',*,*,#2361,.T.);
#3762=ORIENTED_EDGE('',*,*,#2712,.F.);
#3763=ORIENTED_EDGE('',*,*,#2715,.T.);
#3764=ORIENTED_EDGE('',*,*,#2716,.T.);
#3765=ORIENTED_EDGE('',*,*,#2362,.T.);
#3766=ORIENTED_EDGE('',*,*,#2714,.F.);
#3767=ORIENTED_EDGE('',*,*,#2717,.T.);
#3768=ORIENTED_EDGE('',*,*,#2718,.T.);
#3769=ORIENTED_EDGE('',*,*,#2363,.T.);
#3770=ORIENTED_EDGE('',*,*,#2716,.F.);
#3771=ORIENTED_EDGE('',*,*,#2719,.T.);
#3772=ORIENTED_EDGE('',*,*,#2720,.T.);
#3773=ORIENTED_EDGE('',*,*,#2364,.T.);
#3774=ORIENTED_EDGE('',*,*,#2718,.F.);
#3775=ORIENTED_EDGE('',*,*,#2721,.T.);
#3776=ORIENTED_EDGE('',*,*,#2686,.T.);
#3777=ORIENTED_EDGE('',*,*,#2365,.T.);
#3778=ORIENTED_EDGE('',*,*,#2720,.F.);
#3779=ORIENTED_EDGE('',*,*,#2722,.T.);
#3780=ORIENTED_EDGE('',*,*,#2722,.F.);
#3781=ORIENTED_EDGE('',*,*,#2723,.T.);
#3782=ORIENTED_EDGE('',*,*,#2724,.F.);
#3783=ORIENTED_EDGE('',*,*,#2682,.T.);
#3784=ORIENTED_EDGE('',*,*,#2721,.F.);
#3785=ORIENTED_EDGE('',*,*,#2725,.F.);
#3786=ORIENTED_EDGE('',*,*,#2726,.F.);
#3787=ORIENTED_EDGE('',*,*,#2723,.F.);
#3788=ORIENTED_EDGE('',*,*,#2719,.F.);
#3789=ORIENTED_EDGE('',*,*,#2727,.T.);
#3790=ORIENTED_EDGE('',*,*,#2728,.F.);
#3791=ORIENTED_EDGE('',*,*,#2725,.T.);
#3792=ORIENTED_EDGE('',*,*,#2717,.F.);
#3793=ORIENTED_EDGE('',*,*,#2729,.F.);
#3794=ORIENTED_EDGE('',*,*,#2730,.F.);
#3795=ORIENTED_EDGE('',*,*,#2731,.F.);
#3796=ORIENTED_EDGE('',*,*,#2732,.F.);
#3797=ORIENTED_EDGE('',*,*,#2727,.F.);
#3798=ORIENTED_EDGE('',*,*,#2715,.F.);
#3799=ORIENTED_EDGE('',*,*,#2733,.T.);
#3800=ORIENTED_EDGE('',*,*,#2734,.F.);
#3801=ORIENTED_EDGE('',*,*,#2729,.T.);
#3802=ORIENTED_EDGE('',*,*,#2713,.F.);
#3803=ORIENTED_EDGE('',*,*,#2735,.F.);
#3804=ORIENTED_EDGE('',*,*,#2736,.F.);
#3805=ORIENTED_EDGE('',*,*,#2737,.F.);
#3806=ORIENTED_EDGE('',*,*,#2738,.F.);
#3807=ORIENTED_EDGE('',*,*,#2733,.F.);
#3808=ORIENTED_EDGE('',*,*,#2711,.F.);
#3809=ORIENTED_EDGE('',*,*,#2739,.T.);
#3810=ORIENTED_EDGE('',*,*,#2740,.T.);
#3811=ORIENTED_EDGE('',*,*,#2735,.T.);
#3812=ORIENTED_EDGE('',*,*,#2709,.F.);
#3813=ORIENTED_EDGE('',*,*,#2741,.F.);
#3814=ORIENTED_EDGE('',*,*,#2742,.F.);
#3815=ORIENTED_EDGE('',*,*,#2739,.F.);
#3816=ORIENTED_EDGE('',*,*,#2707,.F.);
#3817=ORIENTED_EDGE('',*,*,#2743,.T.);
#3818=ORIENTED_EDGE('',*,*,#2744,.T.);
#3819=ORIENTED_EDGE('',*,*,#2741,.T.);
#3820=ORIENTED_EDGE('',*,*,#2705,.F.);
#3821=ORIENTED_EDGE('',*,*,#2745,.F.);
#3822=ORIENTED_EDGE('',*,*,#2746,.F.);
#3823=ORIENTED_EDGE('',*,*,#2747,.T.);
#3824=ORIENTED_EDGE('',*,*,#2748,.T.);
#3825=ORIENTED_EDGE('',*,*,#2743,.F.);
#3826=ORIENTED_EDGE('',*,*,#2703,.F.);
#3827=ORIENTED_EDGE('',*,*,#2749,.T.);
#3828=ORIENTED_EDGE('',*,*,#2750,.F.);
#3829=ORIENTED_EDGE('',*,*,#2745,.T.);
#3830=ORIENTED_EDGE('',*,*,#2701,.F.);
#3831=ORIENTED_EDGE('',*,*,#2751,.F.);
#3832=ORIENTED_EDGE('',*,*,#2752,.F.);
#3833=ORIENTED_EDGE('',*,*,#2753,.F.);
#3834=ORIENTED_EDGE('',*,*,#2754,.F.);
#3835=ORIENTED_EDGE('',*,*,#2749,.F.);
#3836=ORIENTED_EDGE('',*,*,#2699,.F.);
#3837=ORIENTED_EDGE('',*,*,#2755,.T.);
#3838=ORIENTED_EDGE('',*,*,#2756,.F.);
#3839=ORIENTED_EDGE('',*,*,#2751,.T.);
#3840=ORIENTED_EDGE('',*,*,#2697,.F.);
#3841=ORIENTED_EDGE('',*,*,#2757,.F.);
#3842=ORIENTED_EDGE('',*,*,#2758,.F.);
#3843=ORIENTED_EDGE('',*,*,#2755,.F.);
#3844=ORIENTED_EDGE('',*,*,#2695,.F.);
#3845=ORIENTED_EDGE('',*,*,#2693,.T.);
#3846=ORIENTED_EDGE('',*,*,#2759,.F.);
#3847=ORIENTED_EDGE('',*,*,#2757,.T.);
#3848=ORIENTED_EDGE('',*,*,#2678,.F.);
#3849=ORIENTED_EDGE('',*,*,#2760,.F.);
#3850=ORIENTED_EDGE('',*,*,#2666,.F.);
#3851=ORIENTED_EDGE('',*,*,#2670,.F.);
#3852=ORIENTED_EDGE('',*,*,#2673,.F.);
#3853=ORIENTED_EDGE('',*,*,#2675,.F.);
#3854=ORIENTED_EDGE('',*,*,#2761,.T.);
#3855=ORIENTED_EDGE('',*,*,#2762,.T.);
#3856=ORIENTED_EDGE('',*,*,#2763,.T.);
#3857=ORIENTED_EDGE('',*,*,#2764,.T.);
#3858=ORIENTED_EDGE('',*,*,#2761,.F.);
#3859=ORIENTED_EDGE('',*,*,#2765,.T.);
#3860=ORIENTED_EDGE('',*,*,#2766,.T.);
#3861=ORIENTED_EDGE('',*,*,#2767,.T.);
#3862=ORIENTED_EDGE('',*,*,#2768,.T.);
#3863=ORIENTED_EDGE('',*,*,#2769,.T.);
#3864=ORIENTED_EDGE('',*,*,#2766,.F.);
#3865=ORIENTED_EDGE('',*,*,#2752,.T.);
#3866=ORIENTED_EDGE('',*,*,#2768,.F.);
#3867=ORIENTED_EDGE('',*,*,#2756,.T.);
#3868=ORIENTED_EDGE('',*,*,#2770,.T.);
#3869=ORIENTED_EDGE('',*,*,#2771,.T.);
#3870=ORIENTED_EDGE('',*,*,#2772,.T.);
#3871=ORIENTED_EDGE('',*,*,#2773,.T.);
#3872=ORIENTED_EDGE('',*,*,#2770,.F.);
#3873=ORIENTED_EDGE('',*,*,#2758,.T.);
#3874=ORIENTED_EDGE('',*,*,#2772,.F.);
#3875=ORIENTED_EDGE('',*,*,#2759,.T.);
#3876=ORIENTED_EDGE('',*,*,#2774,.T.);
#3877=ORIENTED_EDGE('',*,*,#2775,.T.);
#3878=ORIENTED_EDGE('',*,*,#2776,.T.);
#3879=ORIENTED_EDGE('',*,*,#2777,.T.);
#3880=ORIENTED_EDGE('',*,*,#2774,.F.);
#3881=ORIENTED_EDGE('',*,*,#2692,.T.);
#3882=ORIENTED_EDGE('',*,*,#2776,.F.);
#3883=ORIENTED_EDGE('',*,*,#2778,.T.);
#3884=ORIENTED_EDGE('',*,*,#2763,.F.);
#3885=ORIENTED_EDGE('',*,*,#2779,.T.);
#3886=ORIENTED_EDGE('',*,*,#2765,.F.);
#3887=ORIENTED_EDGE('',*,*,#2780,.T.);
#3888=ORIENTED_EDGE('',*,*,#2781,.T.);
#3889=ORIENTED_EDGE('',*,*,#2753,.T.);
#3890=ORIENTED_EDGE('',*,*,#2764,.F.);
#3891=ORIENTED_EDGE('',*,*,#2782,.F.);
#3892=ORIENTED_EDGE('',*,*,#2783,.F.);
#3893=ORIENTED_EDGE('',*,*,#2780,.F.);
#3894=ORIENTED_EDGE('',*,*,#2762,.F.);
#3895=ORIENTED_EDGE('',*,*,#2767,.F.);
#3896=ORIENTED_EDGE('',*,*,#2769,.F.);
#3897=ORIENTED_EDGE('',*,*,#2771,.F.);
#3898=ORIENTED_EDGE('',*,*,#2773,.F.);
#3899=ORIENTED_EDGE('',*,*,#2775,.F.);
#3900=ORIENTED_EDGE('',*,*,#2777,.F.);
#3901=ORIENTED_EDGE('',*,*,#2779,.F.);
#3902=ORIENTED_EDGE('',*,*,#2784,.T.);
#3903=ORIENTED_EDGE('',*,*,#2785,.T.);
#3904=ORIENTED_EDGE('',*,*,#2786,.T.);
#3905=ORIENTED_EDGE('',*,*,#2787,.T.);
#3906=ORIENTED_EDGE('',*,*,#2784,.F.);
#3907=ORIENTED_EDGE('',*,*,#2788,.T.);
#3908=ORIENTED_EDGE('',*,*,#2789,.T.);
#3909=ORIENTED_EDGE('',*,*,#2790,.T.);
#3910=ORIENTED_EDGE('',*,*,#2791,.T.);
#3911=ORIENTED_EDGE('',*,*,#2792,.T.);
#3912=ORIENTED_EDGE('',*,*,#2789,.F.);
#3913=ORIENTED_EDGE('',*,*,#2683,.T.);
#3914=ORIENTED_EDGE('',*,*,#2791,.F.);
#3915=ORIENTED_EDGE('',*,*,#2724,.T.);
#3916=ORIENTED_EDGE('',*,*,#2793,.T.);
#3917=ORIENTED_EDGE('',*,*,#2794,.T.);
#3918=ORIENTED_EDGE('',*,*,#2793,.F.);
#3919=ORIENTED_EDGE('',*,*,#2726,.T.);
#3920=ORIENTED_EDGE('',*,*,#2795,.T.);
#3921=ORIENTED_EDGE('',*,*,#2796,.T.);
#3922=ORIENTED_EDGE('',*,*,#2795,.F.);
#3923=ORIENTED_EDGE('',*,*,#2728,.T.);
#3924=ORIENTED_EDGE('',*,*,#2797,.T.);
#3925=ORIENTED_EDGE('',*,*,#2798,.T.);
#3926=ORIENTED_EDGE('',*,*,#2799,.T.);
#3927=ORIENTED_EDGE('',*,*,#2800,.T.);
#3928=ORIENTED_EDGE('',*,*,#2797,.F.);
#3929=ORIENTED_EDGE('',*,*,#2732,.T.);
#3930=ORIENTED_EDGE('',*,*,#2799,.F.);
#3931=ORIENTED_EDGE('',*,*,#2801,.T.);
#3932=ORIENTED_EDGE('',*,*,#2786,.F.);
#3933=ORIENTED_EDGE('',*,*,#2802,.T.);
#3934=ORIENTED_EDGE('',*,*,#2788,.F.);
#3935=ORIENTED_EDGE('',*,*,#2803,.T.);
#3936=ORIENTED_EDGE('',*,*,#2804,.F.);
#3937=ORIENTED_EDGE('',*,*,#2684,.T.);
#3938=ORIENTED_EDGE('',*,*,#2787,.F.);
#3939=ORIENTED_EDGE('',*,*,#2805,.F.);
#3940=ORIENTED_EDGE('',*,*,#2806,.F.);
#3941=ORIENTED_EDGE('',*,*,#2803,.F.);
#3942=ORIENTED_EDGE('',*,*,#2785,.F.);
#3943=ORIENTED_EDGE('',*,*,#2790,.F.);
#3944=ORIENTED_EDGE('',*,*,#2792,.F.);
#3945=ORIENTED_EDGE('',*,*,#2794,.F.);
#3946=ORIENTED_EDGE('',*,*,#2796,.F.);
#3947=ORIENTED_EDGE('',*,*,#2798,.F.);
#3948=ORIENTED_EDGE('',*,*,#2800,.F.);
#3949=ORIENTED_EDGE('',*,*,#2802,.F.);
#3950=ORIENTED_EDGE('',*,*,#2754,.T.);
#3951=ORIENTED_EDGE('',*,*,#2781,.F.);
#3952=ORIENTED_EDGE('',*,*,#2807,.T.);
#3953=ORIENTED_EDGE('',*,*,#2746,.T.);
#3954=ORIENTED_EDGE('',*,*,#2750,.T.);
#3955=ORIENTED_EDGE('',*,*,#2804,.T.);
#3956=ORIENTED_EDGE('',*,*,#2808,.T.);
#3957=ORIENTED_EDGE('',*,*,#2809,.T.);
#3958=ORIENTED_EDGE('',*,*,#2685,.T.);
#3959=ORIENTED_EDGE('',*,*,#2808,.F.);
#3960=ORIENTED_EDGE('',*,*,#2806,.T.);
#3961=ORIENTED_EDGE('',*,*,#2810,.F.);
#3962=ORIENTED_EDGE('',*,*,#2737,.T.);
#3963=ORIENTED_EDGE('',*,*,#2811,.T.);
#3964=ORIENTED_EDGE('',*,*,#2778,.F.);
#3965=ORIENTED_EDGE('',*,*,#2691,.T.);
#3966=ORIENTED_EDGE('',*,*,#2812,.T.);
#3967=ORIENTED_EDGE('',*,*,#2782,.T.);
#3968=ORIENTED_EDGE('',*,*,#2813,.T.);
#3969=ORIENTED_EDGE('',*,*,#2814,.T.);
#3970=ORIENTED_EDGE('',*,*,#2812,.F.);
#3971=ORIENTED_EDGE('',*,*,#2690,.T.);
#3972=ORIENTED_EDGE('',*,*,#2801,.F.);
#3973=ORIENTED_EDGE('',*,*,#2731,.T.);
#3974=ORIENTED_EDGE('',*,*,#2815,.T.);
#3975=ORIENTED_EDGE('',*,*,#2805,.T.);
#3976=ORIENTED_EDGE('',*,*,#2810,.T.);
#3977=ORIENTED_EDGE('',*,*,#2815,.F.);
#3978=ORIENTED_EDGE('',*,*,#2730,.T.);
#3979=ORIENTED_EDGE('',*,*,#2734,.T.);
#3980=ORIENTED_EDGE('',*,*,#2738,.T.);
#3981=ORIENTED_EDGE('',*,*,#2807,.F.);
#3982=ORIENTED_EDGE('',*,*,#2783,.T.);
#3983=ORIENTED_EDGE('',*,*,#2814,.F.);
#3984=ORIENTED_EDGE('',*,*,#2816,.T.);
#3985=ORIENTED_EDGE('',*,*,#2747,.F.);
#3986=ORIENTED_EDGE('',*,*,#2811,.F.);
#3987=ORIENTED_EDGE('',*,*,#2736,.T.);
#3988=ORIENTED_EDGE('',*,*,#2740,.F.);
#3989=ORIENTED_EDGE('',*,*,#2742,.T.);
#3990=ORIENTED_EDGE('',*,*,#2744,.F.);
#3991=ORIENTED_EDGE('',*,*,#2748,.F.);
#3992=ORIENTED_EDGE('',*,*,#2816,.F.);
#3993=ORIENTED_EDGE('',*,*,#2813,.F.);
#3994=ORIENTED_EDGE('',*,*,#2689,.T.);
#3995=ORIENTED_EDGE('',*,*,#2667,.F.);
#3996=ORIENTED_EDGE('',*,*,#2760,.T.);
#3997=ORIENTED_EDGE('',*,*,#2677,.F.);
#3998=ORIENTED_EDGE('',*,*,#2680,.T.);
#3999=ORIENTED_EDGE('',*,*,#2809,.F.);
#4000=ORIENTED_EDGE('',*,*,#2293,.F.);
#4001=ORIENTED_EDGE('',*,*,#2512,.F.);
#4002=ORIENTED_EDGE('',*,*,#2280,.F.);
#4003=ORIENTED_EDGE('',*,*,#2284,.F.);
#4004=ORIENTED_EDGE('',*,*,#2287,.F.);
#4005=ORIENTED_EDGE('',*,*,#2290,.F.);
#4006=ORIENTED_EDGE('',*,*,#2526,.F.);
#4007=ORIENTED_EDGE('',*,*,#2664,.F.);
#4008=ORIENTED_EDGE('',*,*,#2514,.F.);
#4009=ORIENTED_EDGE('',*,*,#2518,.F.);
#4010=ORIENTED_EDGE('',*,*,#2521,.F.);
#4011=ORIENTED_EDGE('',*,*,#2523,.F.);
#4012=ORIENTED_EDGE('',*,*,#2330,.F.);
#4013=ORIENTED_EDGE('',*,*,#2817,.T.);
#4014=ORIENTED_EDGE('',*,*,#2818,.F.);
#4015=ORIENTED_EDGE('',*,*,#2817,.F.);
#4016=ORIENTED_EDGE('',*,*,#2329,.F.);
#4017=ORIENTED_EDGE('',*,*,#2819,.T.);
#4018=ORIENTED_EDGE('',*,*,#2820,.F.);
#4019=ORIENTED_EDGE('',*,*,#2819,.F.);
#4020=ORIENTED_EDGE('',*,*,#2328,.F.);
#4021=ORIENTED_EDGE('',*,*,#2821,.T.);
#4022=ORIENTED_EDGE('',*,*,#2822,.F.);
#4023=ORIENTED_EDGE('',*,*,#2821,.F.);
#4024=ORIENTED_EDGE('',*,*,#2823,.F.);
#4025=ORIENTED_EDGE('',*,*,#2824,.F.);
#4026=ORIENTED_EDGE('',*,*,#2825,.F.);
#4027=ORIENTED_EDGE('',*,*,#2826,.F.);
#4028=ORIENTED_EDGE('',*,*,#2827,.F.);
#4029=ORIENTED_EDGE('',*,*,#2828,.F.);
#4030=ORIENTED_EDGE('',*,*,#2829,.T.);
#4031=ORIENTED_EDGE('',*,*,#2830,.T.);
#4032=ORIENTED_EDGE('',*,*,#2831,.T.);
#4033=ORIENTED_EDGE('',*,*,#2832,.T.);
#4034=ORIENTED_EDGE('',*,*,#2822,.T.);
#4035=ORIENTED_EDGE('',*,*,#2820,.T.);
#4036=ORIENTED_EDGE('',*,*,#2818,.T.);
#4037=ORIENTED_EDGE('',*,*,#2823,.T.);
#4038=ORIENTED_EDGE('',*,*,#2833,.T.);
#4039=ORIENTED_EDGE('',*,*,#2303,.F.);
#4040=ORIENTED_EDGE('',*,*,#2834,.F.);
#4041=ORIENTED_EDGE('',*,*,#2828,.T.);
#4042=ORIENTED_EDGE('',*,*,#2835,.T.);
#4043=ORIENTED_EDGE('',*,*,#2304,.F.);
#4044=ORIENTED_EDGE('',*,*,#2833,.F.);
#4045=ORIENTED_EDGE('',*,*,#2827,.T.);
#4046=ORIENTED_EDGE('',*,*,#2836,.T.);
#4047=ORIENTED_EDGE('',*,*,#2305,.F.);
#4048=ORIENTED_EDGE('',*,*,#2835,.F.);
#4049=ORIENTED_EDGE('',*,*,#2826,.T.);
#4050=ORIENTED_EDGE('',*,*,#2837,.T.);
#4051=ORIENTED_EDGE('',*,*,#2306,.F.);
#4052=ORIENTED_EDGE('',*,*,#2836,.F.);
#4053=ORIENTED_EDGE('',*,*,#2825,.T.);
#4054=ORIENTED_EDGE('',*,*,#2838,.T.);
#4055=ORIENTED_EDGE('',*,*,#2307,.F.);
#4056=ORIENTED_EDGE('',*,*,#2837,.F.);
#4057=ORIENTED_EDGE('',*,*,#2824,.T.);
#4058=ORIENTED_EDGE('',*,*,#2834,.T.);
#4059=ORIENTED_EDGE('',*,*,#2308,.F.);
#4060=ORIENTED_EDGE('',*,*,#2838,.F.);
#4061=ORIENTED_EDGE('',*,*,#2327,.F.);
#4062=ORIENTED_EDGE('',*,*,#2839,.T.);
#4063=ORIENTED_EDGE('',*,*,#2829,.F.);
#4064=ORIENTED_EDGE('',*,*,#2839,.F.);
#4065=ORIENTED_EDGE('',*,*,#2840,.F.);
#4066=ORIENTED_EDGE('',*,*,#2841,.T.);
#4067=ORIENTED_EDGE('',*,*,#2830,.F.);
#4068=ORIENTED_EDGE('',*,*,#2841,.F.);
#4069=ORIENTED_EDGE('',*,*,#2842,.F.);
#4070=ORIENTED_EDGE('',*,*,#2843,.T.);
#4071=ORIENTED_EDGE('',*,*,#2831,.F.);
#4072=ORIENTED_EDGE('',*,*,#2843,.F.);
#4073=ORIENTED_EDGE('',*,*,#2844,.F.);
#4074=ORIENTED_EDGE('',*,*,#2845,.T.);
#4075=ORIENTED_EDGE('',*,*,#2832,.F.);
#4076=ORIENTED_EDGE('',*,*,#2845,.F.);
#4077=ORIENTED_EDGE('',*,*,#2846,.F.);
#4078=ORIENTED_EDGE('',*,*,#2847,.F.);
#4079=ORIENTED_EDGE('',*,*,#2848,.F.);
#4080=ORIENTED_EDGE('',*,*,#2849,.F.);
#4081=ORIENTED_EDGE('',*,*,#2850,.F.);
#4082=ORIENTED_EDGE('',*,*,#2851,.F.);
#4083=ORIENTED_EDGE('',*,*,#2852,.T.);
#4084=ORIENTED_EDGE('',*,*,#2853,.T.);
#4085=ORIENTED_EDGE('',*,*,#2854,.T.);
#4086=ORIENTED_EDGE('',*,*,#2855,.T.);
#4087=ORIENTED_EDGE('',*,*,#2856,.T.);
#4088=ORIENTED_EDGE('',*,*,#2857,.T.);
#4089=ORIENTED_EDGE('',*,*,#2858,.T.);
#4090=ORIENTED_EDGE('',*,*,#2333,.T.);
#4091=ORIENTED_EDGE('',*,*,#2859,.T.);
#4092=ORIENTED_EDGE('',*,*,#2334,.T.);
#4093=ORIENTED_EDGE('',*,*,#2858,.F.);
#4094=ORIENTED_EDGE('',*,*,#2860,.T.);
#4095=ORIENTED_EDGE('',*,*,#2861,.T.);
#4096=ORIENTED_EDGE('',*,*,#2335,.T.);
#4097=ORIENTED_EDGE('',*,*,#2859,.F.);
#4098=ORIENTED_EDGE('',*,*,#2862,.T.);
#4099=ORIENTED_EDGE('',*,*,#2862,.F.);
#4100=ORIENTED_EDGE('',*,*,#2863,.F.);
#4101=ORIENTED_EDGE('',*,*,#2864,.F.);
#4102=ORIENTED_EDGE('',*,*,#2865,.T.);
#4103=ORIENTED_EDGE('',*,*,#2866,.F.);
#4104=ORIENTED_EDGE('',*,*,#2867,.F.);
#4105=ORIENTED_EDGE('',*,*,#2868,.F.);
#4106=ORIENTED_EDGE('',*,*,#2869,.T.);
#4107=ORIENTED_EDGE('',*,*,#2870,.F.);
#4108=ORIENTED_EDGE('',*,*,#2860,.F.);
#4109=ORIENTED_EDGE('',*,*,#2871,.F.);
#4110=ORIENTED_EDGE('',*,*,#2872,.F.);
#4111=ORIENTED_EDGE('',*,*,#2863,.T.);
#4112=ORIENTED_EDGE('',*,*,#2857,.F.);
#4113=ORIENTED_EDGE('',*,*,#2873,.F.);
#4114=ORIENTED_EDGE('',*,*,#2874,.F.);
#4115=ORIENTED_EDGE('',*,*,#2875,.T.);
#4116=ORIENTED_EDGE('',*,*,#2876,.F.);
#4117=ORIENTED_EDGE('',*,*,#2877,.F.);
#4118=ORIENTED_EDGE('',*,*,#2878,.F.);
#4119=ORIENTED_EDGE('',*,*,#2871,.T.);
#4120=ORIENTED_EDGE('',*,*,#2879,.F.);
#4121=ORIENTED_EDGE('',*,*,#2880,.F.);
#4122=ORIENTED_EDGE('',*,*,#2881,.F.);
#4123=ORIENTED_EDGE('',*,*,#2882,.T.);
#4124=ORIENTED_EDGE('',*,*,#2883,.F.);
#4125=ORIENTED_EDGE('',*,*,#2884,.T.);
#4126=ORIENTED_EDGE('',*,*,#2885,.T.);
#4127=ORIENTED_EDGE('',*,*,#2886,.T.);
#4128=ORIENTED_EDGE('',*,*,#2345,.T.);
#4129=ORIENTED_EDGE('',*,*,#2887,.T.);
#4130=ORIENTED_EDGE('',*,*,#2346,.T.);
#4131=ORIENTED_EDGE('',*,*,#2886,.F.);
#4132=ORIENTED_EDGE('',*,*,#2888,.T.);
#4133=ORIENTED_EDGE('',*,*,#2889,.T.);
#4134=ORIENTED_EDGE('',*,*,#2347,.T.);
#4135=ORIENTED_EDGE('',*,*,#2887,.F.);
#4136=ORIENTED_EDGE('',*,*,#2876,.T.);
#4137=ORIENTED_EDGE('',*,*,#2888,.F.);
#4138=ORIENTED_EDGE('',*,*,#2890,.F.);
#4139=ORIENTED_EDGE('',*,*,#2891,.F.);
#4140=ORIENTED_EDGE('',*,*,#2877,.T.);
#4141=ORIENTED_EDGE('',*,*,#2885,.F.);
#4142=ORIENTED_EDGE('',*,*,#2892,.F.);
#4143=ORIENTED_EDGE('',*,*,#2893,.F.);
#4144=ORIENTED_EDGE('',*,*,#2894,.T.);
#4145=ORIENTED_EDGE('',*,*,#2895,.F.);
#4146=ORIENTED_EDGE('',*,*,#2896,.F.);
#4147=ORIENTED_EDGE('',*,*,#2897,.F.);
#4148=ORIENTED_EDGE('',*,*,#2890,.T.);
#4149=ORIENTED_EDGE('',*,*,#2898,.F.);
#4150=ORIENTED_EDGE('',*,*,#2899,.T.);
#4151=ORIENTED_EDGE('',*,*,#2866,.T.);
#4152=ORIENTED_EDGE('',*,*,#2900,.T.);
#4153=ORIENTED_EDGE('',*,*,#2339,.T.);
#4154=ORIENTED_EDGE('',*,*,#2901,.T.);
#4155=ORIENTED_EDGE('',*,*,#2340,.T.);
#4156=ORIENTED_EDGE('',*,*,#2900,.F.);
#4157=ORIENTED_EDGE('',*,*,#2902,.T.);
#4158=ORIENTED_EDGE('',*,*,#2903,.T.);
#4159=ORIENTED_EDGE('',*,*,#2341,.T.);
#4160=ORIENTED_EDGE('',*,*,#2901,.F.);
#4161=ORIENTED_EDGE('',*,*,#2895,.T.);
#4162=ORIENTED_EDGE('',*,*,#2902,.F.);
#4163=ORIENTED_EDGE('',*,*,#2865,.F.);
#4164=ORIENTED_EDGE('',*,*,#2904,.F.);
#4165=ORIENTED_EDGE('',*,*,#2896,.T.);
#4166=ORIENTED_EDGE('',*,*,#2905,.F.);
#4167=ORIENTED_EDGE('',*,*,#2906,.F.);
#4168=ORIENTED_EDGE('',*,*,#2882,.F.);
#4169=ORIENTED_EDGE('',*,*,#2907,.F.);
#4170=ORIENTED_EDGE('',*,*,#2881,.T.);
#4171=ORIENTED_EDGE('',*,*,#2907,.T.);
#4172=ORIENTED_EDGE('',*,*,#2880,.T.);
#4173=ORIENTED_EDGE('',*,*,#2908,.T.);
#4174=ORIENTED_EDGE('',*,*,#2909,.T.);
#4175=ORIENTED_EDGE('',*,*,#2908,.F.);
#4176=ORIENTED_EDGE('',*,*,#2879,.T.);
#4177=ORIENTED_EDGE('',*,*,#2910,.T.);
#4178=ORIENTED_EDGE('',*,*,#2911,.T.);
#4179=ORIENTED_EDGE('',*,*,#2912,.T.);
#4180=ORIENTED_EDGE('',*,*,#2343,.T.);
#4181=ORIENTED_EDGE('',*,*,#2911,.F.);
#4182=ORIENTED_EDGE('',*,*,#2913,.T.);
#4183=ORIENTED_EDGE('',*,*,#2914,.F.);
#4184=ORIENTED_EDGE('',*,*,#2915,.T.);
#4185=ORIENTED_EDGE('',*,*,#2916,.T.);
#4186=ORIENTED_EDGE('',*,*,#2917,.T.);
#4187=ORIENTED_EDGE('',*,*,#2918,.T.);
#4188=ORIENTED_EDGE('',*,*,#2337,.T.);
#4189=ORIENTED_EDGE('',*,*,#2917,.F.);
#4190=ORIENTED_EDGE('',*,*,#2919,.T.);
#4191=ORIENTED_EDGE('',*,*,#2920,.F.);
#4192=ORIENTED_EDGE('',*,*,#2921,.T.);
#4193=ORIENTED_EDGE('',*,*,#2922,.T.);
#4194=ORIENTED_EDGE('',*,*,#2923,.T.);
#4195=ORIENTED_EDGE('',*,*,#2924,.T.);
#4196=ORIENTED_EDGE('',*,*,#2331,.T.);
#4197=ORIENTED_EDGE('',*,*,#2923,.F.);
#4198=ORIENTED_EDGE('',*,*,#2925,.T.);
#4199=ORIENTED_EDGE('',*,*,#2926,.F.);
#4200=ORIENTED_EDGE('',*,*,#2927,.T.);
#4201=ORIENTED_EDGE('',*,*,#2875,.F.);
#4202=ORIENTED_EDGE('',*,*,#2928,.F.);
#4203=ORIENTED_EDGE('',*,*,#2913,.F.);
#4204=ORIENTED_EDGE('',*,*,#2910,.F.);
#4205=ORIENTED_EDGE('',*,*,#2348,.F.);
#4206=ORIENTED_EDGE('',*,*,#2889,.F.);
#4207=ORIENTED_EDGE('',*,*,#2892,.T.);
#4208=ORIENTED_EDGE('',*,*,#2884,.F.);
#4209=ORIENTED_EDGE('',*,*,#2344,.F.);
#4210=ORIENTED_EDGE('',*,*,#2912,.F.);
#4211=ORIENTED_EDGE('',*,*,#2915,.F.);
#4212=ORIENTED_EDGE('',*,*,#2929,.F.);
#4213=ORIENTED_EDGE('',*,*,#2869,.F.);
#4214=ORIENTED_EDGE('',*,*,#2930,.F.);
#4215=ORIENTED_EDGE('',*,*,#2925,.F.);
#4216=ORIENTED_EDGE('',*,*,#2922,.F.);
#4217=ORIENTED_EDGE('',*,*,#2336,.F.);
#4218=ORIENTED_EDGE('',*,*,#2861,.F.);
#4219=ORIENTED_EDGE('',*,*,#2873,.T.);
#4220=ORIENTED_EDGE('',*,*,#2856,.F.);
#4221=ORIENTED_EDGE('',*,*,#2332,.F.);
#4222=ORIENTED_EDGE('',*,*,#2924,.F.);
#4223=ORIENTED_EDGE('',*,*,#2927,.F.);
#4224=ORIENTED_EDGE('',*,*,#2931,.F.);
#4225=ORIENTED_EDGE('',*,*,#2867,.T.);
#4226=ORIENTED_EDGE('',*,*,#2899,.F.);
#4227=ORIENTED_EDGE('',*,*,#2338,.F.);
#4228=ORIENTED_EDGE('',*,*,#2918,.F.);
#4229=ORIENTED_EDGE('',*,*,#2921,.F.);
#4230=ORIENTED_EDGE('',*,*,#2932,.F.);
#4231=ORIENTED_EDGE('',*,*,#2894,.F.);
#4232=ORIENTED_EDGE('',*,*,#2933,.F.);
#4233=ORIENTED_EDGE('',*,*,#2919,.F.);
#4234=ORIENTED_EDGE('',*,*,#2916,.F.);
#4235=ORIENTED_EDGE('',*,*,#2342,.F.);
#4236=ORIENTED_EDGE('',*,*,#2903,.F.);
#4237=ORIENTED_EDGE('',*,*,#2928,.T.);
#4238=ORIENTED_EDGE('',*,*,#2874,.T.);
#4239=ORIENTED_EDGE('',*,*,#2931,.T.);
#4240=ORIENTED_EDGE('',*,*,#2926,.T.);
#4241=ORIENTED_EDGE('',*,*,#2930,.T.);
#4242=ORIENTED_EDGE('',*,*,#2868,.T.);
#4243=ORIENTED_EDGE('',*,*,#2932,.T.);
#4244=ORIENTED_EDGE('',*,*,#2920,.T.);
#4245=ORIENTED_EDGE('',*,*,#2933,.T.);
#4246=ORIENTED_EDGE('',*,*,#2893,.T.);
#4247=ORIENTED_EDGE('',*,*,#2929,.T.);
#4248=ORIENTED_EDGE('',*,*,#2914,.T.);
#4249=ORIENTED_EDGE('',*,*,#2934,.F.);
#4250=ORIENTED_EDGE('',*,*,#2905,.T.);
#4251=ORIENTED_EDGE('',*,*,#2883,.T.);
#4252=ORIENTED_EDGE('',*,*,#2906,.T.);
#4253=ORIENTED_EDGE('',*,*,#2935,.T.);
#4254=ORIENTED_EDGE('',*,*,#2936,.T.);
#4255=ORIENTED_EDGE('',*,*,#2935,.F.);
#4256=ORIENTED_EDGE('',*,*,#2937,.F.);
#4257=ORIENTED_EDGE('',*,*,#2938,.T.);
#4258=ORIENTED_EDGE('',*,*,#2936,.F.);
#4259=ORIENTED_EDGE('',*,*,#2938,.F.);
#4260=ORIENTED_EDGE('',*,*,#2909,.F.);
#4261=ORIENTED_EDGE('',*,*,#2939,.T.);
#4262=ORIENTED_EDGE('',*,*,#2940,.F.);
#4263=ORIENTED_EDGE('',*,*,#2941,.F.);
#4264=ORIENTED_EDGE('',*,*,#2939,.F.);
#4265=ORIENTED_EDGE('',*,*,#2942,.T.);
#4266=ORIENTED_EDGE('',*,*,#2943,.T.);
#4267=ORIENTED_EDGE('',*,*,#2942,.F.);
#4268=ORIENTED_EDGE('',*,*,#2870,.T.);
#4269=ORIENTED_EDGE('',*,*,#2944,.F.);
#4270=ORIENTED_EDGE('',*,*,#2945,.F.);
#4271=ORIENTED_EDGE('',*,*,#2946,.T.);
#4272=ORIENTED_EDGE('',*,*,#2943,.F.);
#4273=ORIENTED_EDGE('',*,*,#2946,.F.);
#4274=ORIENTED_EDGE('',*,*,#2947,.T.);
#4275=ORIENTED_EDGE('',*,*,#2948,.T.);
#4276=ORIENTED_EDGE('',*,*,#2947,.F.);
#4277=ORIENTED_EDGE('',*,*,#2898,.T.);
#4278=ORIENTED_EDGE('',*,*,#2948,.F.);
#4279=ORIENTED_EDGE('',*,*,#2949,.T.);
#4280=ORIENTED_EDGE('',*,*,#2950,.F.);
#4281=ORIENTED_EDGE('',*,*,#2949,.F.);
#4282=ORIENTED_EDGE('',*,*,#2951,.T.);
#4283=ORIENTED_EDGE('',*,*,#2850,.T.);
#4284=ORIENTED_EDGE('',*,*,#2952,.T.);
#4285=ORIENTED_EDGE('',*,*,#2897,.T.);
#4286=ORIENTED_EDGE('',*,*,#2951,.F.);
#4287=ORIENTED_EDGE('',*,*,#2904,.T.);
#4288=ORIENTED_EDGE('',*,*,#2953,.T.);
#4289=ORIENTED_EDGE('',*,*,#2851,.T.);
#4290=ORIENTED_EDGE('',*,*,#2954,.T.);
#4291=ORIENTED_EDGE('',*,*,#2846,.T.);
#4292=ORIENTED_EDGE('',*,*,#2953,.F.);
#4293=ORIENTED_EDGE('',*,*,#2864,.T.);
#4294=ORIENTED_EDGE('',*,*,#2954,.F.);
#4295=ORIENTED_EDGE('',*,*,#2872,.T.);
#4296=ORIENTED_EDGE('',*,*,#2955,.T.);
#4297=ORIENTED_EDGE('',*,*,#2847,.T.);
#4298=ORIENTED_EDGE('',*,*,#2956,.T.);
#4299=ORIENTED_EDGE('',*,*,#2848,.T.);
#4300=ORIENTED_EDGE('',*,*,#2955,.F.);
#4301=ORIENTED_EDGE('',*,*,#2878,.T.);
#4302=ORIENTED_EDGE('',*,*,#2956,.F.);
#4303=ORIENTED_EDGE('',*,*,#2891,.T.);
#4304=ORIENTED_EDGE('',*,*,#2952,.F.);
#4305=ORIENTED_EDGE('',*,*,#2849,.T.);
#4306=ORIENTED_EDGE('',*,*,#2957,.F.);
#4307=ORIENTED_EDGE('',*,*,#2958,.T.);
#4308=ORIENTED_EDGE('',*,*,#2853,.F.);
#4309=ORIENTED_EDGE('',*,*,#2958,.F.);
#4310=ORIENTED_EDGE('',*,*,#2842,.T.);
#4311=ORIENTED_EDGE('',*,*,#2959,.T.);
#4312=ORIENTED_EDGE('',*,*,#2959,.F.);
#4313=ORIENTED_EDGE('',*,*,#2960,.T.);
#4314=ORIENTED_EDGE('',*,*,#2855,.F.);
#4315=ORIENTED_EDGE('',*,*,#2960,.F.);
#4316=ORIENTED_EDGE('',*,*,#2844,.T.);
#4317=ORIENTED_EDGE('',*,*,#2961,.T.);
#4318=ORIENTED_EDGE('',*,*,#2961,.F.);
#4319=ORIENTED_EDGE('',*,*,#2962,.T.);
#4320=ORIENTED_EDGE('',*,*,#2854,.F.);
#4321=ORIENTED_EDGE('',*,*,#2962,.F.);
#4322=ORIENTED_EDGE('',*,*,#2852,.F.);
#4323=ORIENTED_EDGE('',*,*,#2963,.T.);
#4324=ORIENTED_EDGE('',*,*,#2934,.T.);
#4325=ORIENTED_EDGE('',*,*,#2963,.F.);
#4326=ORIENTED_EDGE('',*,*,#2950,.T.);
#4327=ORIENTED_EDGE('',*,*,#2937,.T.);
#4328=ORIENTED_EDGE('',*,*,#2940,.T.);
#4329=ORIENTED_EDGE('',*,*,#2941,.T.);
#4330=ORIENTED_EDGE('',*,*,#2944,.T.);
#4331=ORIENTED_EDGE('',*,*,#2945,.T.);
#4332=ORIENTED_EDGE('',*,*,#2840,.T.);
#4333=ORIENTED_EDGE('',*,*,#2957,.T.);
#4334=CYLINDRICAL_SURFACE('',#4731,1.);
#4335=CYLINDRICAL_SURFACE('',#4738,1.);
#4336=CYLINDRICAL_SURFACE('',#4743,1.);
#4337=CYLINDRICAL_SURFACE('',#4747,2.5);
#4338=CYLINDRICAL_SURFACE('',#4790,2.5);
#4339=CYLINDRICAL_SURFACE('',#4797,2.5);
#4340=CYLINDRICAL_SURFACE('',#4802,2.5);
#4341=CYLINDRICAL_SURFACE('',#4813,2.5);
#4342=CYLINDRICAL_SURFACE('',#4824,2.5);
#4343=CYLINDRICAL_SURFACE('',#4829,2.5);
#4344=CYLINDRICAL_SURFACE('',#4833,1.);
#4345=CYLINDRICAL_SURFACE('',#4836,1.);
#4346=CYLINDRICAL_SURFACE('',#4840,1.);
#4347=CYLINDRICAL_SURFACE('',#4841,20.);
#4348=CYLINDRICAL_SURFACE('',#4843,2.5);
#4349=CYLINDRICAL_SURFACE('',#4846,2.5);
#4350=CYLINDRICAL_SURFACE('',#4848,20.);
#4351=CYLINDRICAL_SURFACE('',#4850,1.);
#4352=CYLINDRICAL_SURFACE('',#4853,1.);
#4353=CYLINDRICAL_SURFACE('',#4856,1.);
#4354=CYLINDRICAL_SURFACE('',#4872,1.);
#4355=CYLINDRICAL_SURFACE('',#4875,1.);
#4356=CYLINDRICAL_SURFACE('',#4892,1.);
#4357=CYLINDRICAL_SURFACE('',#4895,1.);
#4358=CYLINDRICAL_SURFACE('',#4900,2.5);
#4359=CYLINDRICAL_SURFACE('',#4906,2.5);
#4360=CYLINDRICAL_SURFACE('',#4908,1.);
#4361=CYLINDRICAL_SURFACE('',#4915,1.);
#4362=CYLINDRICAL_SURFACE('',#4920,1.);
#4363=CYLINDRICAL_SURFACE('',#4924,2.5);
#4364=CYLINDRICAL_SURFACE('',#4926,2.5);
#4365=CYLINDRICAL_SURFACE('',#4933,2.5);
#4366=CYLINDRICAL_SURFACE('',#4938,2.5);
#4367=CYLINDRICAL_SURFACE('',#4949,2.5);
#4368=CYLINDRICAL_SURFACE('',#4960,2.5);
#4369=CYLINDRICAL_SURFACE('',#4965,2.5);
#4370=CYLINDRICAL_SURFACE('',#4969,1.);
#4371=CYLINDRICAL_SURFACE('',#4972,1.);
#4372=CYLINDRICAL_SURFACE('',#4976,1.);
#4373=CYLINDRICAL_SURFACE('',#4977,20.);
#4374=CYLINDRICAL_SURFACE('',#4979,2.5);
#4375=CYLINDRICAL_SURFACE('',#4982,2.5);
#4376=CYLINDRICAL_SURFACE('',#4984,20.);
#4377=CYLINDRICAL_SURFACE('',#4986,1.);
#4378=CYLINDRICAL_SURFACE('',#4989,1.);
#4379=CYLINDRICAL_SURFACE('',#4992,1.);
#4380=CYLINDRICAL_SURFACE('',#5008,1.);
#4381=CYLINDRICAL_SURFACE('',#5026,1.);
#4382=CYLINDRICAL_SURFACE('',#5031,2.5);
#4383=CYLINDRICAL_SURFACE('',#5035,1.);
#4384=CYLINDRICAL_SURFACE('',#5039,1.);
#4385=CYLINDRICAL_SURFACE('',#5042,2.5);
#4386=CYLINDRICAL_SURFACE('',#5044,1.);
#4387=CYLINDRICAL_SURFACE('',#5051,1.);
#4388=CYLINDRICAL_SURFACE('',#5057,1.);
#4389=CYLINDRICAL_SURFACE('',#5061,2.5);
#4390=CYLINDRICAL_SURFACE('',#5063,2.5);
#4391=CYLINDRICAL_SURFACE('',#5070,2.5);
#4392=CYLINDRICAL_SURFACE('',#5075,2.5);
#4393=CYLINDRICAL_SURFACE('',#5086,2.5);
#4394=CYLINDRICAL_SURFACE('',#5097,2.5);
#4395=CYLINDRICAL_SURFACE('',#5102,2.5);
#4396=CYLINDRICAL_SURFACE('',#5106,1.);
#4397=CYLINDRICAL_SURFACE('',#5109,1.);
#4398=CYLINDRICAL_SURFACE('',#5113,1.);
#4399=CYLINDRICAL_SURFACE('',#5114,20.);
#4400=CYLINDRICAL_SURFACE('',#5116,2.5);
#4401=CYLINDRICAL_SURFACE('',#5119,2.5);
#4402=CYLINDRICAL_SURFACE('',#5121,20.);
#4403=CYLINDRICAL_SURFACE('',#5123,1.);
#4404=CYLINDRICAL_SURFACE('',#5126,1.);
#4405=CYLINDRICAL_SURFACE('',#5129,1.);
#4406=CYLINDRICAL_SURFACE('',#5146,1.);
#4407=CYLINDRICAL_SURFACE('',#5164,1.);
#4408=CYLINDRICAL_SURFACE('',#5172,2.5);
#4409=CYLINDRICAL_SURFACE('',#5174,1.);
#4410=CYLINDRICAL_SURFACE('',#5178,1.);
#4411=CYLINDRICAL_SURFACE('',#5181,2.5);
#4412=CYLINDRICAL_SURFACE('',#5185,1.);
#4413=CYLINDRICAL_SURFACE('',#5187,1.);
#4414=CYLINDRICAL_SURFACE('',#5189,1.);
#4415=CYLINDRICAL_SURFACE('',#5199,15.);
#4416=CYLINDRICAL_SURFACE('',#5201,15.);
#4417=CYLINDRICAL_SURFACE('',#5203,15.);
#4418=CYLINDRICAL_SURFACE('',#5205,15.);
#4419=CYLINDRICAL_SURFACE('',#5206,3.);
#4420=CYLINDRICAL_SURFACE('',#5208,3.);
#4421=CYLINDRICAL_SURFACE('',#5210,3.);
#4422=CYLINDRICAL_SURFACE('',#5225,2.00000000000003);
#4423=CYLINDRICAL_SURFACE('',#5232,2.);
#4424=CYLINDRICAL_SURFACE('',#5239,2.);
#4425=CYLINDRICAL_SURFACE('',#5243,3.5);
#4426=CYLINDRICAL_SURFACE('',#5247,3.5);
#4427=CYLINDRICAL_SURFACE('',#5251,3.5);
#4428=CYLINDRICAL_SURFACE('',#5264,1.6);
#4429=CYLINDRICAL_SURFACE('',#5265,1.6);
#4430=CYLINDRICAL_SURFACE('',#5266,1.6);
#4431=CYLINDRICAL_SURFACE('',#5267,1.6);
#4432=CYLINDRICAL_SURFACE('',#5274,2.);
#4433=CYLINDRICAL_SURFACE('',#5278,2.);
#4434=CYLINDRICAL_SURFACE('',#5281,2.);
#4435=CYLINDRICAL_SURFACE('',#5282,7.5);
#4436=ADVANCED_FACE('',(#269),#4334,.F.);
#4437=ADVANCED_FACE('',(#270),#225,.F.);
#4438=ADVANCED_FACE('',(#271),#4335,.F.);
#4439=ADVANCED_FACE('',(#272),#217,.T.);
#4440=ADVANCED_FACE('',(#273),#4336,.F.);
#4441=ADVANCED_FACE('',(#274),#120,.T.);
#4442=ADVANCED_FACE('',(#275),#4337,.F.);
#4443=ADVANCED_FACE('',(#276,#88,#89,#90,#91,#92,#93,#94,#95,#96,#97),#121,
 .T.);
#4444=ADVANCED_FACE('',(#277),#4338,.F.);
#4445=ADVANCED_FACE('',(#278),#122,.F.);
#4446=ADVANCED_FACE('',(#279),#226,.F.);
#4447=ADVANCED_FACE('',(#280),#4339,.F.);
#4448=ADVANCED_FACE('',(#281),#227,.F.);
#4449=ADVANCED_FACE('',(#282),#4340,.F.);
#4450=ADVANCED_FACE('',(#283),#228,.F.);
#4451=ADVANCED_FACE('',(#284),#229,.F.);
#4452=ADVANCED_FACE('',(#285),#230,.F.);
#4453=ADVANCED_FACE('',(#286),#4341,.F.);
#4454=ADVANCED_FACE('',(#287),#231,.F.);
#4455=ADVANCED_FACE('',(#288),#232,.F.);
#4456=ADVANCED_FACE('',(#289),#233,.F.);
#4457=ADVANCED_FACE('',(#290),#4342,.F.);
#4458=ADVANCED_FACE('',(#291),#234,.F.);
#4459=ADVANCED_FACE('',(#292),#4343,.F.);
#4460=ADVANCED_FACE('',(#293),#235,.F.);
#4461=ADVANCED_FACE('',(#294),#4344,.T.);
#4462=ADVANCED_FACE('',(#295),#123,.T.);
#4463=ADVANCED_FACE('',(#296),#4345,.T.);
#4464=ADVANCED_FACE('',(#297),#124,.T.);
#4465=ADVANCED_FACE('',(#298),#4346,.T.);
#4466=ADVANCED_FACE('',(#299),#4347,.F.);
#4467=ADVANCED_FACE('',(#300),#4348,.T.);
#4468=ADVANCED_FACE('',(#301),#125,.T.);
#4469=ADVANCED_FACE('',(#302),#4349,.T.);
#4470=ADVANCED_FACE('',(#303),#4350,.F.);
#4471=ADVANCED_FACE('',(#304),#4351,.T.);
#4472=ADVANCED_FACE('',(#305),#126,.T.);
#4473=ADVANCED_FACE('',(#306),#4352,.T.);
#4474=ADVANCED_FACE('',(#307),#127,.T.);
#4475=ADVANCED_FACE('',(#308),#4353,.T.);
#4476=ADVANCED_FACE('',(#309),#128,.T.);
#4477=ADVANCED_FACE('',(#310),#15,.T.);
#4478=ADVANCED_FACE('',(#311),#129,.T.);
#4479=ADVANCED_FACE('',(#312),#16,.T.);
#4480=ADVANCED_FACE('',(#313),#130,.T.);
#4481=ADVANCED_FACE('',(#314),#17,.T.);
#4482=ADVANCED_FACE('',(#315),#131,.T.);
#4483=ADVANCED_FACE('',(#316),#18,.T.);
#4484=ADVANCED_FACE('',(#317),#4354,.T.);
#4485=ADVANCED_FACE('',(#318),#132,.T.);
#4486=ADVANCED_FACE('',(#319),#4355,.T.);
#4487=ADVANCED_FACE('',(#320),#133,.T.);
#4488=ADVANCED_FACE('',(#321),#134,.T.);
#4489=ADVANCED_FACE('',(#322),#19,.T.);
#4490=ADVANCED_FACE('',(#323),#135,.T.);
#4491=ADVANCED_FACE('',(#324),#20,.T.);
#4492=ADVANCED_FACE('',(#325),#136,.T.);
#4493=ADVANCED_FACE('',(#326),#21,.T.);
#4494=ADVANCED_FACE('',(#327),#137,.T.);
#4495=ADVANCED_FACE('',(#328),#22,.T.);
#4496=ADVANCED_FACE('',(#329),#4356,.T.);
#4497=ADVANCED_FACE('',(#330),#138,.T.);
#4498=ADVANCED_FACE('',(#331),#4357,.T.);
#4499=ADVANCED_FACE('',(#332),#139,.T.);
#4500=ADVANCED_FACE('',(#333),#236,.T.);
#4501=ADVANCED_FACE('',(#334),#4358,.F.);
#4502=ADVANCED_FACE('',(#335),#237,.T.);
#4503=ADVANCED_FACE('',(#336),#238,.T.);
#4504=ADVANCED_FACE('',(#337),#218,.F.);
#4505=ADVANCED_FACE('',(#338),#4359,.F.);
#4506=ADVANCED_FACE('',(#339),#140,.T.);
#4507=ADVANCED_FACE('',(#340),#4360,.F.);
#4508=ADVANCED_FACE('',(#341),#239,.F.);
#4509=ADVANCED_FACE('',(#342),#4361,.F.);
#4510=ADVANCED_FACE('',(#343),#219,.T.);
#4511=ADVANCED_FACE('',(#344),#4362,.F.);
#4512=ADVANCED_FACE('',(#345),#141,.T.);
#4513=ADVANCED_FACE('',(#346),#4363,.F.);
#4514=ADVANCED_FACE('',(#347),#4364,.F.);
#4515=ADVANCED_FACE('',(#348),#142,.F.);
#4516=ADVANCED_FACE('',(#349),#240,.F.);
#4517=ADVANCED_FACE('',(#350),#4365,.F.);
#4518=ADVANCED_FACE('',(#351),#241,.F.);
#4519=ADVANCED_FACE('',(#352),#4366,.F.);
#4520=ADVANCED_FACE('',(#353),#242,.F.);
#4521=ADVANCED_FACE('',(#354),#243,.F.);
#4522=ADVANCED_FACE('',(#355),#244,.F.);
#4523=ADVANCED_FACE('',(#356),#4367,.F.);
#4524=ADVANCED_FACE('',(#357),#245,.F.);
#4525=ADVANCED_FACE('',(#358),#246,.F.);
#4526=ADVANCED_FACE('',(#359),#247,.F.);
#4527=ADVANCED_FACE('',(#360),#4368,.F.);
#4528=ADVANCED_FACE('',(#361),#248,.F.);
#4529=ADVANCED_FACE('',(#362),#4369,.F.);
#4530=ADVANCED_FACE('',(#363),#249,.F.);
#4531=ADVANCED_FACE('',(#364),#4370,.T.);
#4532=ADVANCED_FACE('',(#365),#143,.T.);
#4533=ADVANCED_FACE('',(#366),#4371,.T.);
#4534=ADVANCED_FACE('',(#367),#144,.T.);
#4535=ADVANCED_FACE('',(#368),#4372,.T.);
#4536=ADVANCED_FACE('',(#369),#4373,.F.);
#4537=ADVANCED_FACE('',(#370),#4374,.T.);
#4538=ADVANCED_FACE('',(#371),#145,.T.);
#4539=ADVANCED_FACE('',(#372),#4375,.T.);
#4540=ADVANCED_FACE('',(#373),#4376,.F.);
#4541=ADVANCED_FACE('',(#374),#4377,.T.);
#4542=ADVANCED_FACE('',(#375),#146,.T.);
#4543=ADVANCED_FACE('',(#376),#4378,.T.);
#4544=ADVANCED_FACE('',(#377),#147,.T.);
#4545=ADVANCED_FACE('',(#378),#4379,.T.);
#4546=ADVANCED_FACE('',(#379),#148,.T.);
#4547=ADVANCED_FACE('',(#380),#23,.T.);
#4548=ADVANCED_FACE('',(#381),#149,.T.);
#4549=ADVANCED_FACE('',(#382),#24,.T.);
#4550=ADVANCED_FACE('',(#383),#150,.T.);
#4551=ADVANCED_FACE('',(#384),#25,.T.);
#4552=ADVANCED_FACE('',(#385),#151,.T.);
#4553=ADVANCED_FACE('',(#386),#26,.T.);
#4554=ADVANCED_FACE('',(#387),#4380,.T.);
#4555=ADVANCED_FACE('',(#388),#152,.T.);
#4556=ADVANCED_FACE('',(#389),#153,.T.);
#4557=ADVANCED_FACE('',(#390),#154,.T.);
#4558=ADVANCED_FACE('',(#391),#27,.T.);
#4559=ADVANCED_FACE('',(#392),#155,.T.);
#4560=ADVANCED_FACE('',(#393),#28,.T.);
#4561=ADVANCED_FACE('',(#394),#156,.T.);
#4562=ADVANCED_FACE('',(#395),#29,.T.);
#4563=ADVANCED_FACE('',(#396),#157,.T.);
#4564=ADVANCED_FACE('',(#397),#30,.T.);
#4565=ADVANCED_FACE('',(#398),#4381,.T.);
#4566=ADVANCED_FACE('',(#399),#158,.T.);
#4567=ADVANCED_FACE('',(#400),#159,.T.);
#4568=ADVANCED_FACE('',(#401),#220,.F.);
#4569=ADVANCED_FACE('',(#402),#4382,.F.);
#4570=ADVANCED_FACE('',(#403),#250,.T.);
#4571=ADVANCED_FACE('',(#404),#4383,.T.);
#4572=ADVANCED_FACE('',(#405),#251,.T.);
#4573=ADVANCED_FACE('',(#406),#4384,.T.);
#4574=ADVANCED_FACE('',(#407),#252,.T.);
#4575=ADVANCED_FACE('',(#408),#4385,.F.);
#4576=ADVANCED_FACE('',(#409),#160,.T.);
#4577=ADVANCED_FACE('',(#410),#4386,.F.);
#4578=ADVANCED_FACE('',(#411),#253,.F.);
#4579=ADVANCED_FACE('',(#412),#4387,.F.);
#4580=ADVANCED_FACE('',(#413),#254,.F.);
#4581=ADVANCED_FACE('',(#414),#4388,.F.);
#4582=ADVANCED_FACE('',(#415),#161,.T.);
#4583=ADVANCED_FACE('',(#416),#4389,.F.);
#4584=ADVANCED_FACE('',(#417),#4390,.F.);
#4585=ADVANCED_FACE('',(#418),#162,.F.);
#4586=ADVANCED_FACE('',(#419),#255,.F.);
#4587=ADVANCED_FACE('',(#420),#4391,.F.);
#4588=ADVANCED_FACE('',(#421),#256,.F.);
#4589=ADVANCED_FACE('',(#422),#4392,.F.);
#4590=ADVANCED_FACE('',(#423),#257,.F.);
#4591=ADVANCED_FACE('',(#424),#258,.F.);
#4592=ADVANCED_FACE('',(#425),#259,.F.);
#4593=ADVANCED_FACE('',(#426),#4393,.F.);
#4594=ADVANCED_FACE('',(#427),#260,.F.);
#4595=ADVANCED_FACE('',(#428),#261,.F.);
#4596=ADVANCED_FACE('',(#429),#262,.F.);
#4597=ADVANCED_FACE('',(#430),#4394,.F.);
#4598=ADVANCED_FACE('',(#431),#263,.F.);
#4599=ADVANCED_FACE('',(#432),#4395,.F.);
#4600=ADVANCED_FACE('',(#433),#264,.F.);
#4601=ADVANCED_FACE('',(#434),#4396,.T.);
#4602=ADVANCED_FACE('',(#435),#163,.T.);
#4603=ADVANCED_FACE('',(#436),#4397,.T.);
#4604=ADVANCED_FACE('',(#437),#164,.T.);
#4605=ADVANCED_FACE('',(#438),#4398,.T.);
#4606=ADVANCED_FACE('',(#439),#4399,.F.);
#4607=ADVANCED_FACE('',(#440),#4400,.T.);
#4608=ADVANCED_FACE('',(#441),#165,.T.);
#4609=ADVANCED_FACE('',(#442),#4401,.T.);
#4610=ADVANCED_FACE('',(#443),#4402,.F.);
#4611=ADVANCED_FACE('',(#444),#4403,.T.);
#4612=ADVANCED_FACE('',(#445),#166,.T.);
#4613=ADVANCED_FACE('',(#446),#4404,.T.);
#4614=ADVANCED_FACE('',(#447),#167,.T.);
#4615=ADVANCED_FACE('',(#448),#4405,.T.);
#4616=ADVANCED_FACE('',(#449),#168,.T.);
#4617=ADVANCED_FACE('',(#450),#169,.T.);
#4618=ADVANCED_FACE('',(#451),#31,.T.);
#4619=ADVANCED_FACE('',(#452),#170,.T.);
#4620=ADVANCED_FACE('',(#453),#32,.T.);
#4621=ADVANCED_FACE('',(#454),#171,.T.);
#4622=ADVANCED_FACE('',(#455),#33,.T.);
#4623=ADVANCED_FACE('',(#456),#172,.T.);
#4624=ADVANCED_FACE('',(#457),#34,.T.);
#4625=ADVANCED_FACE('',(#458),#4406,.T.);
#4626=ADVANCED_FACE('',(#459),#173,.T.);
#4627=ADVANCED_FACE('',(#460),#174,.T.);
#4628=ADVANCED_FACE('',(#461),#175,.T.);
#4629=ADVANCED_FACE('',(#462),#35,.T.);
#4630=ADVANCED_FACE('',(#463),#176,.T.);
#4631=ADVANCED_FACE('',(#464),#36,.T.);
#4632=ADVANCED_FACE('',(#465),#177,.T.);
#4633=ADVANCED_FACE('',(#466),#37,.T.);
#4634=ADVANCED_FACE('',(#467),#178,.T.);
#4635=ADVANCED_FACE('',(#468),#38,.T.);
#4636=ADVANCED_FACE('',(#469),#4407,.T.);
#4637=ADVANCED_FACE('',(#470),#179,.T.);
#4638=ADVANCED_FACE('',(#471),#180,.T.);
#4639=ADVANCED_FACE('',(#472),#265,.T.);
#4640=ADVANCED_FACE('',(#473),#266,.T.);
#4641=ADVANCED_FACE('',(#474),#4408,.F.);
#4642=ADVANCED_FACE('',(#475),#4409,.T.);
#4643=ADVANCED_FACE('',(#476),#267,.T.);
#4644=ADVANCED_FACE('',(#477),#4410,.T.);
#4645=ADVANCED_FACE('',(#478),#268,.T.);
#4646=ADVANCED_FACE('',(#479),#4411,.F.);
#4647=ADVANCED_FACE('',(#480),#181,.T.);
#4648=ADVANCED_FACE('',(#481),#182,.T.);
#4649=ADVANCED_FACE('',(#482),#183,.T.);
#4650=ADVANCED_FACE('',(#483),#4412,.F.);
#4651=ADVANCED_FACE('',(#484),#4413,.F.);
#4652=ADVANCED_FACE('',(#485),#4414,.F.);
#4653=ADVANCED_FACE('',(#486,#98,#99,#100,#101,#102,#103,#104),#184,.F.);
#4654=ADVANCED_FACE('',(#487),#4415,.T.);
#4655=ADVANCED_FACE('',(#488),#185,.T.);
#4656=ADVANCED_FACE('',(#489),#4416,.T.);
#4657=ADVANCED_FACE('',(#490),#186,.T.);
#4658=ADVANCED_FACE('',(#491),#4417,.T.);
#4659=ADVANCED_FACE('',(#492),#187,.T.);
#4660=ADVANCED_FACE('',(#493),#4418,.F.);
#4661=ADVANCED_FACE('',(#494),#4419,.F.);
#4662=ADVANCED_FACE('',(#495),#4420,.F.);
#4663=ADVANCED_FACE('',(#496),#4421,.F.);
#4664=ADVANCED_FACE('',(#497,#105,#106,#107,#108),#188,.T.);
#4665=ADVANCED_FACE('',(#498),#189,.T.);
#4666=ADVANCED_FACE('',(#499),#39,.T.);
#4667=ADVANCED_FACE('',(#500),#190,.T.);
#4668=ADVANCED_FACE('',(#501,#109),#191,.T.);
#4669=ADVANCED_FACE('',(#502),#4422,.T.);
#4670=ADVANCED_FACE('',(#503,#110,#111),#192,.T.);
#4671=ADVANCED_FACE('',(#504),#193,.T.);
#4672=ADVANCED_FACE('',(#505),#40,.T.);
#4673=ADVANCED_FACE('',(#506),#194,.T.);
#4674=ADVANCED_FACE('',(#507),#4423,.T.);
#4675=ADVANCED_FACE('',(#508,#112),#195,.T.);
#4676=ADVANCED_FACE('',(#509),#196,.T.);
#4677=ADVANCED_FACE('',(#510),#41,.T.);
#4678=ADVANCED_FACE('',(#511),#197,.T.);
#4679=ADVANCED_FACE('',(#512),#4424,.T.);
#4680=ADVANCED_FACE('',(#513),#198,.T.);
#4681=ADVANCED_FACE('',(#514),#199,.T.);
#4682=ADVANCED_FACE('',(#515),#221,.T.);
#4683=ADVANCED_FACE('',(#516),#4425,.F.);
#4684=ADVANCED_FACE('',(#517),#200,.T.);
#4685=ADVANCED_FACE('',(#518),#4426,.F.);
#4686=ADVANCED_FACE('',(#519),#201,.T.);
#4687=ADVANCED_FACE('',(#520),#4427,.F.);
#4688=ADVANCED_FACE('',(#521),#202,.T.);
#4689=ADVANCED_FACE('',(#522),#203,.T.);
#4690=ADVANCED_FACE('',(#523),#204,.T.);
#4691=ADVANCED_FACE('',(#524),#205,.T.);
#4692=ADVANCED_FACE('',(#525),#206,.T.);
#4693=ADVANCED_FACE('',(#526),#207,.T.);
#4694=ADVANCED_FACE('',(#527),#208,.T.);
#4695=ADVANCED_FACE('',(#528),#209,.F.);
#4696=ADVANCED_FACE('',(#529),#210,.T.);
#4697=ADVANCED_FACE('',(#530),#222,.T.);
#4698=ADVANCED_FACE('',(#531),#4428,.F.);
#4699=ADVANCED_FACE('',(#532),#4429,.F.);
#4700=ADVANCED_FACE('',(#533),#223,.T.);
#4701=ADVANCED_FACE('',(#534),#4430,.F.);
#4702=ADVANCED_FACE('',(#535),#224,.T.);
#4703=ADVANCED_FACE('',(#536),#4431,.F.);
#4704=ADVANCED_FACE('',(#537),#211,.T.);
#4705=ADVANCED_FACE('',(#538),#42,.T.);
#4706=ADVANCED_FACE('',(#539),#212,.T.);
#4707=ADVANCED_FACE('',(#540),#43,.T.);
#4708=ADVANCED_FACE('',(#541),#213,.T.);
#4709=ADVANCED_FACE('',(#542),#44,.T.);
#4710=ADVANCED_FACE('',(#543),#4432,.F.);
#4711=ADVANCED_FACE('',(#544,#113),#214,.T.);
#4712=ADVANCED_FACE('',(#545),#4433,.F.);
#4713=ADVANCED_FACE('',(#546,#114),#215,.T.);
#4714=ADVANCED_FACE('',(#547),#4434,.F.);
#4715=ADVANCED_FACE('',(#548,#115,#116,#117,#118),#4435,.F.);
#4716=ADVANCED_FACE('',(#549,#119),#216,.F.);
#4717=CLOSED_SHELL('',(#4436,#4437,#4438,#4439,#4440,#4441,#4442,#4443,
#4444,#4445,#4446,#4447,#4448,#4449,#4450,#4451,#4452,#4453,#4454,#4455,
#4456,#4457,#4458,#4459,#4460,#4461,#4462,#4463,#4464,#4465,#4466,#4467,
#4468,#4469,#4470,#4471,#4472,#4473,#4474,#4475,#4476,#4477,#4478,#4479,
#4480,#4481,#4482,#4483,#4484,#4485,#4486,#4487,#4488,#4489,#4490,#4491,
#4492,#4493,#4494,#4495,#4496,#4497,#4498,#4499,#4500,#4501,#4502,#4503,
#4504,#4505,#4506,#4507,#4508,#4509,#4510,#4511,#4512,#4513,#4514,#4515,
#4516,#4517,#4518,#4519,#4520,#4521,#4522,#4523,#4524,#4525,#4526,#4527,
#4528,#4529,#4530,#4531,#4532,#4533,#4534,#4535,#4536,#4537,#4538,#4539,
#4540,#4541,#4542,#4543,#4544,#4545,#4546,#4547,#4548,#4549,#4550,#4551,
#4552,#4553,#4554,#4555,#4556,#4557,#4558,#4559,#4560,#4561,#4562,#4563,
#4564,#4565,#4566,#4567,#4568,#4569,#4570,#4571,#4572,#4573,#4574,#4575,
#4576,#4577,#4578,#4579,#4580,#4581,#4582,#4583,#4584,#4585,#4586,#4587,
#4588,#4589,#4590,#4591,#4592,#4593,#4594,#4595,#4596,#4597,#4598,#4599,
#4600,#4601,#4602,#4603,#4604,#4605,#4606,#4607,#4608,#4609,#4610,#4611,
#4612,#4613,#4614,#4615,#4616,#4617,#4618,#4619,#4620,#4621,#4622,#4623,
#4624,#4625,#4626,#4627,#4628,#4629,#4630,#4631,#4632,#4633,#4634,#4635,
#4636,#4637,#4638,#4639,#4640,#4641,#4642,#4643,#4644,#4645,#4646,#4647,
#4648,#4649,#4650,#4651,#4652,#4653,#4654,#4655,#4656,#4657,#4658,#4659,
#4660,#4661,#4662,#4663,#4664,#4665,#4666,#4667,#4668,#4669,#4670,#4671,
#4672,#4673,#4674,#4675,#4676,#4677,#4678,#4679,#4680,#4681,#4682,#4683,
#4684,#4685,#4686,#4687,#4688,#4689,#4690,#4691,#4692,#4693,#4694,#4695,
#4696,#4697,#4698,#4699,#4700,#4701,#4702,#4703,#4704,#4705,#4706,#4707,
#4708,#4709,#4710,#4711,#4712,#4713,#4714,#4715,#4716));
#4718=DERIVED_UNIT_ELEMENT(#4720,1.);
#4719=DERIVED_UNIT_ELEMENT(#8933,-3.);
#4720=(
MASS_UNIT()
NAMED_UNIT(*)
SI_UNIT(.KILO.,.GRAM.)
);
#4721=DERIVED_UNIT((#4718,#4719));
#4722=MEASURE_REPRESENTATION_ITEM('density measure',
POSITIVE_RATIO_MEASURE(7850.),#4721);
#4723=PROPERTY_DEFINITION_REPRESENTATION(#4728,#4725);
#4724=PROPERTY_DEFINITION_REPRESENTATION(#4729,#4726);
#4725=REPRESENTATION('material name',(#4727),#8930);
#4726=REPRESENTATION('density',(#4722),#8930);
#4727=DESCRIPTIVE_REPRESENTATION_ITEM('Steel','Steel');
#4728=PROPERTY_DEFINITION('material property','material name',#8940);
#4729=PROPERTY_DEFINITION('material property','density of part',#8940);
#4730=AXIS2_PLACEMENT_3D('',#6754,#5284,#5285);
#4731=AXIS2_PLACEMENT_3D('',#6755,#5286,#5287);
#4732=AXIS2_PLACEMENT_3D('',#6758,#5288,#5289);
#4733=AXIS2_PLACEMENT_3D('',#6762,#5291,#5292);
#4734=AXIS2_PLACEMENT_3D('',#6764,#5294,#5295);
#4735=AXIS2_PLACEMENT_3D('',#6767,#5296,#5297);
#4736=AXIS2_PLACEMENT_3D('',#6768,#5298,#5299);
#4737=AXIS2_PLACEMENT_3D('',#6769,#5300,#5301);
#4738=AXIS2_PLACEMENT_3D('',#6770,#5302,#5303);
#4739=AXIS2_PLACEMENT_3D('',#6773,#5304,#5305);
#4740=AXIS2_PLACEMENT_3D('',#6803,#5308,#5309);
#4741=AXIS2_PLACEMENT_3D('',#6804,#5310,#5311);
#4742=AXIS2_PLACEMENT_3D('',#6805,#5312,#5313);
#4743=AXIS2_PLACEMENT_3D('',#6806,#5314,#5315);
#4744=AXIS2_PLACEMENT_3D('',#6809,#5316,#5317);
#4745=AXIS2_PLACEMENT_3D('',#6812,#5320,#5321);
#4746=AXIS2_PLACEMENT_3D('',#6823,#5327,#5328);
#4747=AXIS2_PLACEMENT_3D('',#6824,#5329,#5330);
#4748=AXIS2_PLACEMENT_3D('',#6827,#5332,#5333);
#4749=AXIS2_PLACEMENT_3D('',#6828,#5334,#5335);
#4750=AXIS2_PLACEMENT_3D('',#6831,#5336,#5337);
#4751=AXIS2_PLACEMENT_3D('',#6835,#5339,#5340);
#4752=AXIS2_PLACEMENT_3D('',#6839,#5342,#5343);
#4753=AXIS2_PLACEMENT_3D('',#6847,#5347,#5348);
#4754=AXIS2_PLACEMENT_3D('',#6851,#5350,#5351);
#4755=AXIS2_PLACEMENT_3D('',#6855,#5353,#5354);
#4756=AXIS2_PLACEMENT_3D('',#6857,#5355,#5356);
#4757=AXIS2_PLACEMENT_3D('',#6859,#5357,#5358);
#4758=AXIS2_PLACEMENT_3D('',#6863,#5360,#5361);
#4759=AXIS2_PLACEMENT_3D('',#6865,#5362,#5363);
#4760=AXIS2_PLACEMENT_3D('',#6867,#5364,#5365);
#4761=AXIS2_PLACEMENT_3D('',#6871,#5367,#5368);
#4762=AXIS2_PLACEMENT_3D('',#6875,#5370,#5371);
#4763=AXIS2_PLACEMENT_3D('',#6878,#5373,#5374);
#4764=AXIS2_PLACEMENT_3D('',#6880,#5375,#5376);
#4765=AXIS2_PLACEMENT_3D('',#6882,#5377,#5378);
#4766=AXIS2_PLACEMENT_3D('',#6884,#5379,#5380);
#4767=AXIS2_PLACEMENT_3D('',#6893,#5384,#5385);
#4768=AXIS2_PLACEMENT_3D('',#6905,#5391,#5392);
#4769=AXIS2_PLACEMENT_3D('',#6917,#5398,#5399);
#4770=AXIS2_PLACEMENT_3D('',#6927,#5404,#5405);
#4771=AXIS2_PLACEMENT_3D('',#6931,#5407,#5408);
#4772=AXIS2_PLACEMENT_3D('',#6935,#5410,#5411);
#4773=AXIS2_PLACEMENT_3D('',#6937,#5412,#5413);
#4774=AXIS2_PLACEMENT_3D('',#6939,#5414,#5415);
#4775=AXIS2_PLACEMENT_3D('',#6943,#5417,#5418);
#4776=AXIS2_PLACEMENT_3D('',#6945,#5419,#5420);
#4777=AXIS2_PLACEMENT_3D('',#6947,#5421,#5422);
#4778=AXIS2_PLACEMENT_3D('',#6951,#5424,#5425);
#4779=AXIS2_PLACEMENT_3D('',#6955,#5427,#5428);
#4780=AXIS2_PLACEMENT_3D('',#6960,#5431,#5432);
#4781=AXIS2_PLACEMENT_3D('',#6964,#5434,#5435);
#4782=AXIS2_PLACEMENT_3D('',#6968,#5437,#5438);
#4783=AXIS2_PLACEMENT_3D('',#6970,#5439,#5440);
#4784=AXIS2_PLACEMENT_3D('',#6972,#5441,#5442);
#4785=AXIS2_PLACEMENT_3D('',#6976,#5444,#5445);
#4786=AXIS2_PLACEMENT_3D('',#6978,#5446,#5447);
#4787=AXIS2_PLACEMENT_3D('',#6980,#5448,#5449);
#4788=AXIS2_PLACEMENT_3D('',#6984,#5451,#5452);
#4789=AXIS2_PLACEMENT_3D('',#6987,#5454,#5455);
#4790=AXIS2_PLACEMENT_3D('',#6988,#5456,#5457);
#4791=AXIS2_PLACEMENT_3D('',#6991,#5459,#5460);
#4792=AXIS2_PLACEMENT_3D('',#6992,#5461,#5462);
#4793=AXIS2_PLACEMENT_3D('',#6996,#5464,#5465);
#4794=AXIS2_PLACEMENT_3D('',#7002,#5469,#5470);
#4795=AXIS2_PLACEMENT_3D('',#7004,#5471,#5472);
#4796=AXIS2_PLACEMENT_3D('',#7005,#5473,#5474);
#4797=AXIS2_PLACEMENT_3D('',#7006,#5475,#5476);
#4798=AXIS2_PLACEMENT_3D('',#7008,#5477,#5478);
#4799=AXIS2_PLACEMENT_3D('',#7010,#5480,#5481);
#4800=AXIS2_PLACEMENT_3D('',#7012,#5482,#5483);
#4801=AXIS2_PLACEMENT_3D('',#7013,#5484,#5485);
#4802=AXIS2_PLACEMENT_3D('',#7014,#5486,#5487);
#4803=AXIS2_PLACEMENT_3D('',#7016,#5488,#5489);
#4804=AXIS2_PLACEMENT_3D('',#7018,#5491,#5492);
#4805=AXIS2_PLACEMENT_3D('',#7020,#5493,#5494);
#4806=AXIS2_PLACEMENT_3D('',#7021,#5495,#5496);
#4807=AXIS2_PLACEMENT_3D('',#7022,#5497,#5498);
#4808=AXIS2_PLACEMENT_3D('',#7024,#5499,#5500);
#4809=AXIS2_PLACEMENT_3D('',#7025,#5501,#5502);
#4810=AXIS2_PLACEMENT_3D('',#7026,#5503,#5504);
#4811=AXIS2_PLACEMENT_3D('',#7028,#5505,#5506);
#4812=AXIS2_PLACEMENT_3D('',#7029,#5507,#5508);
#4813=AXIS2_PLACEMENT_3D('',#7030,#5509,#5510);
#4814=AXIS2_PLACEMENT_3D('',#7032,#5511,#5512);
#4815=AXIS2_PLACEMENT_3D('',#7034,#5514,#5515);
#4816=AXIS2_PLACEMENT_3D('',#7036,#5516,#5517);
#4817=AXIS2_PLACEMENT_3D('',#7037,#5518,#5519);
#4818=AXIS2_PLACEMENT_3D('',#7038,#5520,#5521);
#4819=AXIS2_PLACEMENT_3D('',#7040,#5522,#5523);
#4820=AXIS2_PLACEMENT_3D('',#7041,#5524,#5525);
#4821=AXIS2_PLACEMENT_3D('',#7042,#5526,#5527);
#4822=AXIS2_PLACEMENT_3D('',#7044,#5528,#5529);
#4823=AXIS2_PLACEMENT_3D('',#7045,#5530,#5531);
#4824=AXIS2_PLACEMENT_3D('',#7046,#5532,#5533);
#4825=AXIS2_PLACEMENT_3D('',#7048,#5534,#5535);
#4826=AXIS2_PLACEMENT_3D('',#7050,#5537,#5538);
#4827=AXIS2_PLACEMENT_3D('',#7052,#5539,#5540);
#4828=AXIS2_PLACEMENT_3D('',#7053,#5541,#5542);
#4829=AXIS2_PLACEMENT_3D('',#7054,#5543,#5544);
#4830=AXIS2_PLACEMENT_3D('',#7056,#5545,#5546);
#4831=AXIS2_PLACEMENT_3D('',#7058,#5548,#5549);
#4832=AXIS2_PLACEMENT_3D('',#7059,#5550,#5551);
#4833=AXIS2_PLACEMENT_3D('',#7060,#5552,#5553);
#4834=AXIS2_PLACEMENT_3D('',#7063,#5555,#5556);
#4835=AXIS2_PLACEMENT_3D('',#7064,#5557,#5558);
#4836=AXIS2_PLACEMENT_3D('',#7068,#5561,#5562);
#4837=AXIS2_PLACEMENT_3D('',#7071,#5564,#5565);
#4838=AXIS2_PLACEMENT_3D('',#7072,#5566,#5567);
#4839=AXIS2_PLACEMENT_3D('',#7076,#5569,#5570);
#4840=AXIS2_PLACEMENT_3D('',#7080,#5573,#5574);
#4841=AXIS2_PLACEMENT_3D('',#7093,#5576,#5577);
#4842=AXIS2_PLACEMENT_3D('',#7097,#5579,#5580);
#4843=AXIS2_PLACEMENT_3D('',#7113,#5581,#5582);
#4844=AXIS2_PLACEMENT_3D('',#7116,#5584,#5585);
#4845=AXIS2_PLACEMENT_3D('',#7117,#5586,#5587);
#4846=AXIS2_PLACEMENT_3D('',#7121,#5590,#5591);
#4847=AXIS2_PLACEMENT_3D('',#7124,#5593,#5594);
#4848=AXIS2_PLACEMENT_3D('',#7125,#5595,#5596);
#4849=AXIS2_PLACEMENT_3D('',#7146,#5598,#5599);
#4850=AXIS2_PLACEMENT_3D('',#7147,#5600,#5601);
#4851=AXIS2_PLACEMENT_3D('',#7160,#5603,#5604);
#4852=AXIS2_PLACEMENT_3D('',#7167,#5608,#5609);
#4853=AXIS2_PLACEMENT_3D('',#7168,#5610,#5611);
#4854=AXIS2_PLACEMENT_3D('',#7171,#5613,#5614);
#4855=AXIS2_PLACEMENT_3D('',#7172,#5615,#5616);
#4856=AXIS2_PLACEMENT_3D('',#7176,#5619,#5620);
#4857=AXIS2_PLACEMENT_3D('',#7177,#5621,#5622);
#4858=AXIS2_PLACEMENT_3D('',#7178,#5623,#5624);
#4859=AXIS2_PLACEMENT_3D('',#7184,#5628,#5629);
#4860=AXIS2_PLACEMENT_3D('',#7186,#5630,#5631);
#4861=AXIS2_PLACEMENT_3D('',#7189,#5633,#5634);
#4862=AXIS2_PLACEMENT_3D('',#7190,#5635,#5636);
#4863=AXIS2_PLACEMENT_3D('',#7196,#5640,#5641);
#4864=AXIS2_PLACEMENT_3D('',#7197,#5642,#5643);
#4865=AXIS2_PLACEMENT_3D('',#7200,#5645,#5646);
#4866=AXIS2_PLACEMENT_3D('',#7201,#5647,#5648);
#4867=AXIS2_PLACEMENT_3D('',#7205,#5651,#5652);
#4868=AXIS2_PLACEMENT_3D('',#7208,#5654,#5655);
#4869=AXIS2_PLACEMENT_3D('',#7209,#5656,#5657);
#4870=AXIS2_PLACEMENT_3D('',#7213,#5660,#5661);
#4871=AXIS2_PLACEMENT_3D('',#7214,#5662,#5663);
#4872=AXIS2_PLACEMENT_3D('',#7215,#5664,#5665);
#4873=AXIS2_PLACEMENT_3D('',#7218,#5667,#5668);
#4874=AXIS2_PLACEMENT_3D('',#7219,#5669,#5670);
#4875=AXIS2_PLACEMENT_3D('',#7223,#5673,#5674);
#4876=AXIS2_PLACEMENT_3D('',#7224,#5675,#5676);
#4877=AXIS2_PLACEMENT_3D('',#7225,#5677,#5678);
#4878=AXIS2_PLACEMENT_3D('',#7226,#5679,#5680);
#4879=AXIS2_PLACEMENT_3D('',#7232,#5684,#5685);
#4880=AXIS2_PLACEMENT_3D('',#7234,#5686,#5687);
#4881=AXIS2_PLACEMENT_3D('',#7237,#5689,#5690);
#4882=AXIS2_PLACEMENT_3D('',#7238,#5691,#5692);
#4883=AXIS2_PLACEMENT_3D('',#7244,#5696,#5697);
#4884=AXIS2_PLACEMENT_3D('',#7245,#5698,#5699);
#4885=AXIS2_PLACEMENT_3D('',#7248,#5701,#5702);
#4886=AXIS2_PLACEMENT_3D('',#7249,#5703,#5704);
#4887=AXIS2_PLACEMENT_3D('',#7253,#5707,#5708);
#4888=AXIS2_PLACEMENT_3D('',#7256,#5710,#5711);
#4889=AXIS2_PLACEMENT_3D('',#7257,#5712,#5713);
#4890=AXIS2_PLACEMENT_3D('',#7261,#5716,#5717);
#4891=AXIS2_PLACEMENT_3D('',#7262,#5718,#5719);
#4892=AXIS2_PLACEMENT_3D('',#7263,#5720,#5721);
#4893=AXIS2_PLACEMENT_3D('',#7266,#5723,#5724);
#4894=AXIS2_PLACEMENT_3D('',#7267,#5725,#5726);
#4895=AXIS2_PLACEMENT_3D('',#7271,#5729,#5730);
#4896=AXIS2_PLACEMENT_3D('',#7272,#5731,#5732);
#4897=AXIS2_PLACEMENT_3D('',#7273,#5733,#5734);
#4898=AXIS2_PLACEMENT_3D('',#7274,#5735,#5736);
#4899=AXIS2_PLACEMENT_3D('',#7275,#5737,#5738);
#4900=AXIS2_PLACEMENT_3D('',#7276,#5739,#5740);
#4901=AXIS2_PLACEMENT_3D('',#7279,#5742,#5743);
#4902=AXIS2_PLACEMENT_3D('',#7280,#5744,#5745);
#4903=AXIS2_PLACEMENT_3D('',#7281,#5746,#5747);
#4904=AXIS2_PLACEMENT_3D('',#7282,#5748,#5749);
#4905=AXIS2_PLACEMENT_3D('',#7290,#5750,#5751);
#4906=AXIS2_PLACEMENT_3D('',#7324,#5752,#5753);
#4907=AXIS2_PLACEMENT_3D('',#7326,#5755,#5756);
#4908=AXIS2_PLACEMENT_3D('',#7328,#5758,#5759);
#4909=AXIS2_PLACEMENT_3D('',#7331,#5760,#5761);
#4910=AXIS2_PLACEMENT_3D('',#7335,#5763,#5764);
#4911=AXIS2_PLACEMENT_3D('',#7337,#5766,#5767);
#4912=AXIS2_PLACEMENT_3D('',#7339,#5768,#5769);
#4913=AXIS2_PLACEMENT_3D('',#7340,#5770,#5771);
#4914=AXIS2_PLACEMENT_3D('',#7341,#5772,#5773);
#4915=AXIS2_PLACEMENT_3D('',#7342,#5774,#5775);
#4916=AXIS2_PLACEMENT_3D('',#7344,#5776,#5777);
#4917=AXIS2_PLACEMENT_3D('',#7373,#5779,#5780);
#4918=AXIS2_PLACEMENT_3D('',#7374,#5781,#5782);
#4919=AXIS2_PLACEMENT_3D('',#7375,#5783,#5784);
#4920=AXIS2_PLACEMENT_3D('',#7376,#5785,#5786);
#4921=AXIS2_PLACEMENT_3D('',#7379,#5787,#5788);
#4922=AXIS2_PLACEMENT_3D('',#7382,#5791,#5792);
#4923=AXIS2_PLACEMENT_3D('',#7393,#5798,#5799);
#4924=AXIS2_PLACEMENT_3D('',#7394,#5800,#5801);
#4925=AXIS2_PLACEMENT_3D('',#7395,#5802,#5803);
#4926=AXIS2_PLACEMENT_3D('',#7396,#5804,#5805);
#4927=AXIS2_PLACEMENT_3D('',#7399,#5807,#5808);
#4928=AXIS2_PLACEMENT_3D('',#7400,#5809,#5810);
#4929=AXIS2_PLACEMENT_3D('',#7404,#5812,#5813);
#4930=AXIS2_PLACEMENT_3D('',#7410,#5817,#5818);
#4931=AXIS2_PLACEMENT_3D('',#7412,#5819,#5820);
#4932=AXIS2_PLACEMENT_3D('',#7413,#5821,#5822);
#4933=AXIS2_PLACEMENT_3D('',#7414,#5823,#5824);
#4934=AXIS2_PLACEMENT_3D('',#7416,#5825,#5826);
#4935=AXIS2_PLACEMENT_3D('',#7418,#5828,#5829);
#4936=AXIS2_PLACEMENT_3D('',#7420,#5830,#5831);
#4937=AXIS2_PLACEMENT_3D('',#7421,#5832,#5833);
#4938=AXIS2_PLACEMENT_3D('',#7422,#5834,#5835);
#4939=AXIS2_PLACEMENT_3D('',#7424,#5836,#5837);
#4940=AXIS2_PLACEMENT_3D('',#7426,#5839,#5840);
#4941=AXIS2_PLACEMENT_3D('',#7428,#5841,#5842);
#4942=AXIS2_PLACEMENT_3D('',#7429,#5843,#5844);
#4943=AXIS2_PLACEMENT_3D('',#7430,#5845,#5846);
#4944=AXIS2_PLACEMENT_3D('',#7432,#5847,#5848);
#4945=AXIS2_PLACEMENT_3D('',#7433,#5849,#5850);
#4946=AXIS2_PLACEMENT_3D('',#7434,#5851,#5852);
#4947=AXIS2_PLACEMENT_3D('',#7436,#5853,#5854);
#4948=AXIS2_PLACEMENT_3D('',#7437,#5855,#5856);
#4949=AXIS2_PLACEMENT_3D('',#7438,#5857,#5858);
#4950=AXIS2_PLACEMENT_3D('',#7440,#5859,#5860);
#4951=AXIS2_PLACEMENT_3D('',#7442,#5862,#5863);
#4952=AXIS2_PLACEMENT_3D('',#7444,#5864,#5865);
#4953=AXIS2_PLACEMENT_3D('',#7445,#5866,#5867);
#4954=AXIS2_PLACEMENT_3D('',#7446,#5868,#5869);
#4955=AXIS2_PLACEMENT_3D('',#7448,#5870,#5871);
#4956=AXIS2_PLACEMENT_3D('',#7449,#5872,#5873);
#4957=AXIS2_PLACEMENT_3D('',#7450,#5874,#5875);
#4958=AXIS2_PLACEMENT_3D('',#7452,#5876,#5877);
#4959=AXIS2_PLACEMENT_3D('',#7453,#5878,#5879);
#4960=AXIS2_PLACEMENT_3D('',#7454,#5880,#5881);
#4961=AXIS2_PLACEMENT_3D('',#7456,#5882,#5883);
#4962=AXIS2_PLACEMENT_3D('',#7458,#5885,#5886);
#4963=AXIS2_PLACEMENT_3D('',#7460,#5887,#5888);
#4964=AXIS2_PLACEMENT_3D('',#7461,#5889,#5890);
#4965=AXIS2_PLACEMENT_3D('',#7462,#5891,#5892);
#4966=AXIS2_PLACEMENT_3D('',#7464,#5893,#5894);
#4967=AXIS2_PLACEMENT_3D('',#7466,#5896,#5897);
#4968=AXIS2_PLACEMENT_3D('',#7467,#5898,#5899);
#4969=AXIS2_PLACEMENT_3D('',#7468,#5900,#5901);
#4970=AXIS2_PLACEMENT_3D('',#7471,#5903,#5904);
#4971=AXIS2_PLACEMENT_3D('',#7472,#5905,#5906);
#4972=AXIS2_PLACEMENT_3D('',#7476,#5909,#5910);
#4973=AXIS2_PLACEMENT_3D('',#7479,#5912,#5913);
#4974=AXIS2_PLACEMENT_3D('',#7480,#5914,#5915);
#4975=AXIS2_PLACEMENT_3D('',#7484,#5917,#5918);
#4976=AXIS2_PLACEMENT_3D('',#7488,#5921,#5922);
#4977=AXIS2_PLACEMENT_3D('',#7501,#5924,#5925);
#4978=AXIS2_PLACEMENT_3D('',#7505,#5927,#5928);
#4979=AXIS2_PLACEMENT_3D('',#7521,#5929,#5930);
#4980=AXIS2_PLACEMENT_3D('',#7524,#5932,#5933);
#4981=AXIS2_PLACEMENT_3D('',#7525,#5934,#5935);
#4982=AXIS2_PLACEMENT_3D('',#7529,#5938,#5939);
#4983=AXIS2_PLACEMENT_3D('',#7532,#5941,#5942);
#4984=AXIS2_PLACEMENT_3D('',#7533,#5943,#5944);
#4985=AXIS2_PLACEMENT_3D('',#7552,#5946,#5947);
#4986=AXIS2_PLACEMENT_3D('',#7553,#5948,#5949);
#4987=AXIS2_PLACEMENT_3D('',#7566,#5951,#5952);
#4988=AXIS2_PLACEMENT_3D('',#7573,#5956,#5957);
#4989=AXIS2_PLACEMENT_3D('',#7574,#5958,#5959);
#4990=AXIS2_PLACEMENT_3D('',#7577,#5961,#5962);
#4991=AXIS2_PLACEMENT_3D('',#7578,#5963,#5964);
#4992=AXIS2_PLACEMENT_3D('',#7582,#5967,#5968);
#4993=AXIS2_PLACEMENT_3D('',#7583,#5969,#5970);
#4994=AXIS2_PLACEMENT_3D('',#7584,#5971,#5972);
#4995=AXIS2_PLACEMENT_3D('',#7593,#5977,#5978);
#4996=AXIS2_PLACEMENT_3D('',#7594,#5979,#5980);
#4997=AXIS2_PLACEMENT_3D('',#7597,#5982,#5983);
#4998=AXIS2_PLACEMENT_3D('',#7598,#5984,#5985);
#4999=AXIS2_PLACEMENT_3D('',#7602,#5988,#5989);
#5000=AXIS2_PLACEMENT_3D('',#7605,#5991,#5992);
#5001=AXIS2_PLACEMENT_3D('',#7606,#5993,#5994);
#5002=AXIS2_PLACEMENT_3D('',#7610,#5997,#5998);
#5003=AXIS2_PLACEMENT_3D('',#7613,#6000,#6001);
#5004=AXIS2_PLACEMENT_3D('',#7614,#6002,#6003);
#5005=AXIS2_PLACEMENT_3D('',#7618,#6006,#6007);
#5006=AXIS2_PLACEMENT_3D('',#7619,#6008,#6009);
#5007=AXIS2_PLACEMENT_3D('',#7620,#6010,#6011);
#5008=AXIS2_PLACEMENT_3D('',#7621,#6012,#6013);
#5009=AXIS2_PLACEMENT_3D('',#7624,#6015,#6016);
#5010=AXIS2_PLACEMENT_3D('',#7625,#6017,#6018);
#5011=AXIS2_PLACEMENT_3D('',#7629,#6021,#6022);
#5012=AXIS2_PLACEMENT_3D('',#7630,#6023,#6024);
#5013=AXIS2_PLACEMENT_3D('',#7639,#6029,#6030);
#5014=AXIS2_PLACEMENT_3D('',#7640,#6031,#6032);
#5015=AXIS2_PLACEMENT_3D('',#7643,#6034,#6035);
#5016=AXIS2_PLACEMENT_3D('',#7644,#6036,#6037);
#5017=AXIS2_PLACEMENT_3D('',#7648,#6040,#6041);
#5018=AXIS2_PLACEMENT_3D('',#7651,#6043,#6044);
#5019=AXIS2_PLACEMENT_3D('',#7652,#6045,#6046);
#5020=AXIS2_PLACEMENT_3D('',#7656,#6049,#6050);
#5021=AXIS2_PLACEMENT_3D('',#7659,#6052,#6053);
#5022=AXIS2_PLACEMENT_3D('',#7660,#6054,#6055);
#5023=AXIS2_PLACEMENT_3D('',#7664,#6058,#6059);
#5024=AXIS2_PLACEMENT_3D('',#7665,#6060,#6061);
#5025=AXIS2_PLACEMENT_3D('',#7666,#6062,#6063);
#5026=AXIS2_PLACEMENT_3D('',#7667,#6064,#6065);
#5027=AXIS2_PLACEMENT_3D('',#7670,#6067,#6068);
#5028=AXIS2_PLACEMENT_3D('',#7671,#6069,#6070);
#5029=AXIS2_PLACEMENT_3D('',#7675,#6073,#6074);
#5030=AXIS2_PLACEMENT_3D('',#7702,#6075,#6076);
#5031=AXIS2_PLACEMENT_3D('',#7711,#6077,#6078);
#5032=AXIS2_PLACEMENT_3D('',#7712,#6079,#6080);
#5033=AXIS2_PLACEMENT_3D('',#7714,#6082,#6083);
#5034=AXIS2_PLACEMENT_3D('',#7715,#6084,#6085);
#5035=AXIS2_PLACEMENT_3D('',#7716,#6086,#6087);
#5036=AXIS2_PLACEMENT_3D('',#7717,#6088,#6089);
#5037=AXIS2_PLACEMENT_3D('',#7718,#6090,#6091);
#5038=AXIS2_PLACEMENT_3D('',#7726,#6092,#6093);
#5039=AXIS2_PLACEMENT_3D('',#7727,#6094,#6095);
#5040=AXIS2_PLACEMENT_3D('',#7728,#6096,#6097);
#5041=AXIS2_PLACEMENT_3D('',#7729,#6098,#6099);
#5042=AXIS2_PLACEMENT_3D('',#7730,#6100,#6101);
#5043=AXIS2_PLACEMENT_3D('',#7732,#6103,#6104);
#5044=AXIS2_PLACEMENT_3D('',#7734,#6106,#6107);
#5045=AXIS2_PLACEMENT_3D('',#7737,#6108,#6109);
#5046=AXIS2_PLACEMENT_3D('',#7741,#6111,#6112);
#5047=AXIS2_PLACEMENT_3D('',#7743,#6114,#6115);
#5048=AXIS2_PLACEMENT_3D('',#7745,#6116,#6117);
#5049=AXIS2_PLACEMENT_3D('',#7746,#6118,#6119);
#5050=AXIS2_PLACEMENT_3D('',#7747,#6120,#6121);
#5051=AXIS2_PLACEMENT_3D('',#7748,#6122,#6123);
#5052=AXIS2_PLACEMENT_3D('',#7750,#6124,#6125);
#5053=AXIS2_PLACEMENT_3D('',#7752,#6127,#6128);
#5054=AXIS2_PLACEMENT_3D('',#7755,#6129,#6130);
#5055=AXIS2_PLACEMENT_3D('',#7756,#6131,#6132);
#5056=AXIS2_PLACEMENT_3D('',#7757,#6133,#6134);
#5057=AXIS2_PLACEMENT_3D('',#7758,#6135,#6136);
#5058=AXIS2_PLACEMENT_3D('',#7761,#6137,#6138);
#5059=AXIS2_PLACEMENT_3D('',#7764,#6141,#6142);
#5060=AXIS2_PLACEMENT_3D('',#7775,#6148,#6149);
#5061=AXIS2_PLACEMENT_3D('',#7776,#6150,#6151);
#5062=AXIS2_PLACEMENT_3D('',#7777,#6152,#6153);
#5063=AXIS2_PLACEMENT_3D('',#7778,#6154,#6155);
#5064=AXIS2_PLACEMENT_3D('',#7781,#6157,#6158);
#5065=AXIS2_PLACEMENT_3D('',#7782,#6159,#6160);
#5066=AXIS2_PLACEMENT_3D('',#7786,#6162,#6163);
#5067=AXIS2_PLACEMENT_3D('',#7792,#6167,#6168);
#5068=AXIS2_PLACEMENT_3D('',#7794,#6169,#6170);
#5069=AXIS2_PLACEMENT_3D('',#7795,#6171,#6172);
#5070=AXIS2_PLACEMENT_3D('',#7796,#6173,#6174);
#5071=AXIS2_PLACEMENT_3D('',#7798,#6175,#6176);
#5072=AXIS2_PLACEMENT_3D('',#7800,#6178,#6179);
#5073=AXIS2_PLACEMENT_3D('',#7802,#6180,#6181);
#5074=AXIS2_PLACEMENT_3D('',#7803,#6182,#6183);
#5075=AXIS2_PLACEMENT_3D('',#7804,#6184,#6185);
#5076=AXIS2_PLACEMENT_3D('',#7806,#6186,#6187);
#5077=AXIS2_PLACEMENT_3D('',#7808,#6189,#6190);
#5078=AXIS2_PLACEMENT_3D('',#7810,#6191,#6192);
#5079=AXIS2_PLACEMENT_3D('',#7811,#6193,#6194);
#5080=AXIS2_PLACEMENT_3D('',#7812,#6195,#6196);
#5081=AXIS2_PLACEMENT_3D('',#7814,#6197,#6198);
#5082=AXIS2_PLACEMENT_3D('',#7815,#6199,#6200);
#5083=AXIS2_PLACEMENT_3D('',#7816,#6201,#6202);
#5084=AXIS2_PLACEMENT_3D('',#7818,#6203,#6204);
#5085=AXIS2_PLACEMENT_3D('',#7819,#6205,#6206);
#5086=AXIS2_PLACEMENT_3D('',#7820,#6207,#6208);
#5087=AXIS2_PLACEMENT_3D('',#7822,#6209,#6210);
#5088=AXIS2_PLACEMENT_3D('',#7824,#6212,#6213);
#5089=AXIS2_PLACEMENT_3D('',#7826,#6214,#6215);
#5090=AXIS2_PLACEMENT_3D('',#7827,#6216,#6217);
#5091=AXIS2_PLACEMENT_3D('',#7828,#6218,#6219);
#5092=AXIS2_PLACEMENT_3D('',#7830,#6220,#6221);
#5093=AXIS2_PLACEMENT_3D('',#7831,#6222,#6223);
#5094=AXIS2_PLACEMENT_3D('',#7832,#6224,#6225);
#5095=AXIS2_PLACEMENT_3D('',#7834,#6226,#6227);
#5096=AXIS2_PLACEMENT_3D('',#7835,#6228,#6229);
#5097=AXIS2_PLACEMENT_3D('',#7836,#6230,#6231);
#5098=AXIS2_PLACEMENT_3D('',#7838,#6232,#6233);
#5099=AXIS2_PLACEMENT_3D('',#7840,#6235,#6236);
#5100=AXIS2_PLACEMENT_3D('',#7842,#6237,#6238);
#5101=AXIS2_PLACEMENT_3D('',#7843,#6239,#6240);
#5102=AXIS2_PLACEMENT_3D('',#7844,#6241,#6242);
#5103=AXIS2_PLACEMENT_3D('',#7846,#6243,#6244);
#5104=AXIS2_PLACEMENT_3D('',#7848,#6246,#6247);
#5105=AXIS2_PLACEMENT_3D('',#7849,#6248,#6249);
#5106=AXIS2_PLACEMENT_3D('',#7850,#6250,#6251);
#5107=AXIS2_PLACEMENT_3D('',#7853,#6253,#6254);
#5108=AXIS2_PLACEMENT_3D('',#7854,#6255,#6256);
#5109=AXIS2_PLACEMENT_3D('',#7858,#6259,#6260);
#5110=AXIS2_PLACEMENT_3D('',#7861,#6262,#6263);
#5111=AXIS2_PLACEMENT_3D('',#7862,#6264,#6265);
#5112=AXIS2_PLACEMENT_3D('',#7866,#6267,#6268);
#5113=AXIS2_PLACEMENT_3D('',#7870,#6271,#6272);
#5114=AXIS2_PLACEMENT_3D('',#7883,#6274,#6275);
#5115=AXIS2_PLACEMENT_3D('',#7887,#6277,#6278);
#5116=AXIS2_PLACEMENT_3D('',#7905,#6279,#6280);
#5117=AXIS2_PLACEMENT_3D('',#7908,#6282,#6283);
#5118=AXIS2_PLACEMENT_3D('',#7909,#6284,#6285);
#5119=AXIS2_PLACEMENT_3D('',#7913,#6288,#6289);
#5120=AXIS2_PLACEMENT_3D('',#7916,#6291,#6292);
#5121=AXIS2_PLACEMENT_3D('',#7917,#6293,#6294);
#5122=AXIS2_PLACEMENT_3D('',#7938,#6296,#6297);
#5123=AXIS2_PLACEMENT_3D('',#7939,#6298,#6299);
#5124=AXIS2_PLACEMENT_3D('',#7952,#6301,#6302);
#5125=AXIS2_PLACEMENT_3D('',#7959,#6306,#6307);
#5126=AXIS2_PLACEMENT_3D('',#7960,#6308,#6309);
#5127=AXIS2_PLACEMENT_3D('',#7963,#6311,#6312);
#5128=AXIS2_PLACEMENT_3D('',#7964,#6313,#6314);
#5129=AXIS2_PLACEMENT_3D('',#7968,#6317,#6318);
#5130=AXIS2_PLACEMENT_3D('',#7969,#6319,#6320);
#5131=AXIS2_PLACEMENT_3D('',#7970,#6321,#6322);
#5132=AXIS2_PLACEMENT_3D('',#7972,#6324,#6325);
#5133=AXIS2_PLACEMENT_3D('',#7981,#6330,#6331);
#5134=AXIS2_PLACEMENT_3D('',#7982,#6332,#6333);
#5135=AXIS2_PLACEMENT_3D('',#7985,#6335,#6336);
#5136=AXIS2_PLACEMENT_3D('',#7986,#6337,#6338);
#5137=AXIS2_PLACEMENT_3D('',#7990,#6341,#6342);
#5138=AXIS2_PLACEMENT_3D('',#7993,#6344,#6345);
#5139=AXIS2_PLACEMENT_3D('',#7994,#6346,#6347);
#5140=AXIS2_PLACEMENT_3D('',#7998,#6350,#6351);
#5141=AXIS2_PLACEMENT_3D('',#8001,#6353,#6354);
#5142=AXIS2_PLACEMENT_3D('',#8002,#6355,#6356);
#5143=AXIS2_PLACEMENT_3D('',#8006,#6359,#6360);
#5144=AXIS2_PLACEMENT_3D('',#8007,#6361,#6362);
#5145=AXIS2_PLACEMENT_3D('',#8008,#6363,#6364);
#5146=AXIS2_PLACEMENT_3D('',#8009,#6365,#6366);
#5147=AXIS2_PLACEMENT_3D('',#8012,#6368,#6369);
#5148=AXIS2_PLACEMENT_3D('',#8013,#6370,#6371);
#5149=AXIS2_PLACEMENT_3D('',#8017,#6374,#6375);
#5150=AXIS2_PLACEMENT_3D('',#8018,#6376,#6377);
#5151=AXIS2_PLACEMENT_3D('',#8027,#6382,#6383);
#5152=AXIS2_PLACEMENT_3D('',#8028,#6384,#6385);
#5153=AXIS2_PLACEMENT_3D('',#8031,#6387,#6388);
#5154=AXIS2_PLACEMENT_3D('',#8032,#6389,#6390);
#5155=AXIS2_PLACEMENT_3D('',#8036,#6393,#6394);
#5156=AXIS2_PLACEMENT_3D('',#8039,#6396,#6397);
#5157=AXIS2_PLACEMENT_3D('',#8040,#6398,#6399);
#5158=AXIS2_PLACEMENT_3D('',#8044,#6402,#6403);
#5159=AXIS2_PLACEMENT_3D('',#8047,#6405,#6406);
#5160=AXIS2_PLACEMENT_3D('',#8048,#6407,#6408);
#5161=AXIS2_PLACEMENT_3D('',#8052,#6411,#6412);
#5162=AXIS2_PLACEMENT_3D('',#8053,#6413,#6414);
#5163=AXIS2_PLACEMENT_3D('',#8054,#6415,#6416);
#5164=AXIS2_PLACEMENT_3D('',#8055,#6417,#6418);
#5165=AXIS2_PLACEMENT_3D('',#8058,#6420,#6421);
#5166=AXIS2_PLACEMENT_3D('',#8059,#6422,#6423);
#5167=AXIS2_PLACEMENT_3D('',#8063,#6426,#6427);
#5168=AXIS2_PLACEMENT_3D('',#8064,#6428,#6429);
#5169=AXIS2_PLACEMENT_3D('',#8065,#6430,#6431);
#5170=AXIS2_PLACEMENT_3D('',#8066,#6432,#6433);
#5171=AXIS2_PLACEMENT_3D('',#8068,#6434,#6435);
#5172=AXIS2_PLACEMENT_3D('',#8075,#6436,#6437);
#5173=AXIS2_PLACEMENT_3D('',#8076,#6438,#6439);
#5174=AXIS2_PLACEMENT_3D('',#8078,#6441,#6442);
#5175=AXIS2_PLACEMENT_3D('',#8079,#6443,#6444);
#5176=AXIS2_PLACEMENT_3D('',#8080,#6445,#6446);
#5177=AXIS2_PLACEMENT_3D('',#8088,#6447,#6448);
#5178=AXIS2_PLACEMENT_3D('',#8089,#6449,#6450);
#5179=AXIS2_PLACEMENT_3D('',#8090,#6451,#6452);
#5180=AXIS2_PLACEMENT_3D('',#8091,#6453,#6454);
#5181=AXIS2_PLACEMENT_3D('',#8092,#6455,#6456);
#5182=AXIS2_PLACEMENT_3D('',#8094,#6458,#6459);
#5183=AXIS2_PLACEMENT_3D('',#8095,#6460,#6461);
#5184=AXIS2_PLACEMENT_3D('',#8096,#6462,#6463);
#5185=AXIS2_PLACEMENT_3D('',#8097,#6464,#6465);
#5186=AXIS2_PLACEMENT_3D('',#8100,#6467,#6468);
#5187=AXIS2_PLACEMENT_3D('',#8101,#6469,#6470);
#5188=AXIS2_PLACEMENT_3D('',#8104,#6472,#6473);
#5189=AXIS2_PLACEMENT_3D('',#8105,#6474,#6475);
#5190=AXIS2_PLACEMENT_3D('',#8108,#6477,#6478);
#5191=AXIS2_PLACEMENT_3D('',#8109,#6479,#6480);
#5192=AXIS2_PLACEMENT_3D('',#8112,#6481,#6482);
#5193=AXIS2_PLACEMENT_3D('',#8116,#6484,#6485);
#5194=AXIS2_PLACEMENT_3D('',#8120,#6487,#6488);
#5195=AXIS2_PLACEMENT_3D('',#8123,#6490,#6491);
#5196=AXIS2_PLACEMENT_3D('',#8125,#6492,#6493);
#5197=AXIS2_PLACEMENT_3D('',#8127,#6494,#6495);
#5198=AXIS2_PLACEMENT_3D('',#8129,#6496,#6497);
#5199=AXIS2_PLACEMENT_3D('',#8130,#6498,#6499);
#5200=AXIS2_PLACEMENT_3D('',#8133,#6502,#6503);
#5201=AXIS2_PLACEMENT_3D('',#8135,#6505,#6506);
#5202=AXIS2_PLACEMENT_3D('',#8137,#6508,#6509);
#5203=AXIS2_PLACEMENT_3D('',#8139,#6511,#6512);
#5204=AXIS2_PLACEMENT_3D('',#8141,#6514,#6515);
#5205=AXIS2_PLACEMENT_3D('',#8142,#6516,#6517);
#5206=AXIS2_PLACEMENT_3D('',#8144,#6519,#6520);
#5207=AXIS2_PLACEMENT_3D('',#8146,#6521,#6522);
#5208=AXIS2_PLACEMENT_3D('',#8148,#6524,#6525);
#5209=AXIS2_PLACEMENT_3D('',#8150,#6526,#6527);
#5210=AXIS2_PLACEMENT_3D('',#8152,#6529,#6530);
#5211=AXIS2_PLACEMENT_3D('',#8154,#6531,#6532);
#5212=AXIS2_PLACEMENT_3D('',#8156,#6534,#6535);
#5213=AXIS2_PLACEMENT_3D('',#8161,#6537,#6538);
#5214=AXIS2_PLACEMENT_3D('',#8165,#6540,#6541);
#5215=AXIS2_PLACEMENT_3D('',#8168,#6543,#6544);
#5216=AXIS2_PLACEMENT_3D('',#8170,#6545,#6546);
#5217=AXIS2_PLACEMENT_3D('',#8172,#6547,#6548);
#5218=AXIS2_PLACEMENT_3D('',#8174,#6549,#6550);
#5219=AXIS2_PLACEMENT_3D('',#8176,#6551,#6552);
#5220=AXIS2_PLACEMENT_3D('',#8177,#6553,#6554);
#5221=AXIS2_PLACEMENT_3D('',#8183,#6558,#6559);
#5222=AXIS2_PLACEMENT_3D('',#8186,#6561,#6562);
#5223=AXIS2_PLACEMENT_3D('',#8187,#6563,#6564);
#5224=AXIS2_PLACEMENT_3D('',#8191,#6567,#6568);
#5225=AXIS2_PLACEMENT_3D('',#8216,#6576,#6577);
#5226=AXIS2_PLACEMENT_3D('',#8219,#6579,#6580);
#5227=AXIS2_PLACEMENT_3D('',#8220,#6581,#6582);
#5228=AXIS2_PLACEMENT_3D('',#8268,#6591,#6592);
#5229=AXIS2_PLACEMENT_3D('',#8274,#6596,#6597);
#5230=AXIS2_PLACEMENT_3D('',#8276,#6599,#6600);
#5231=AXIS2_PLACEMENT_3D('',#8277,#6601,#6602);
#5232=AXIS2_PLACEMENT_3D('',#8279,#6604,#6605);
#5233=AXIS2_PLACEMENT_3D('',#8282,#6607,#6608);
#5234=AXIS2_PLACEMENT_3D('',#8283,#6609,#6610);
#5235=AXIS2_PLACEMENT_3D('',#8308,#6617,#6618);
#5236=AXIS2_PLACEMENT_3D('',#8311,#6621,#6622);
#5237=AXIS2_PLACEMENT_3D('',#8313,#6624,#6625);
#5238=AXIS2_PLACEMENT_3D('',#8314,#6626,#6627);
#5239=AXIS2_PLACEMENT_3D('',#8316,#6629,#6630);
#5240=AXIS2_PLACEMENT_3D('',#8317,#6631,#6632);
#5241=AXIS2_PLACEMENT_3D('',#8318,#6633,#6634);
#5242=AXIS2_PLACEMENT_3D('',#8363,#6635,#6636);
#5243=AXIS2_PLACEMENT_3D('',#8494,#6638,#6639);
#5244=AXIS2_PLACEMENT_3D('',#8496,#6640,#6641);
#5245=AXIS2_PLACEMENT_3D('',#8499,#6643,#6644);
#5246=AXIS2_PLACEMENT_3D('',#8500,#6645,#6646);
#5247=AXIS2_PLACEMENT_3D('',#8506,#6650,#6651);
#5248=AXIS2_PLACEMENT_3D('',#8508,#6652,#6653);
#5249=AXIS2_PLACEMENT_3D('',#8511,#6655,#6656);
#5250=AXIS2_PLACEMENT_3D('',#8512,#6657,#6658);
#5251=AXIS2_PLACEMENT_3D('',#8518,#6662,#6663);
#5252=AXIS2_PLACEMENT_3D('',#8520,#6664,#6665);
#5253=AXIS2_PLACEMENT_3D('',#8523,#6667,#6668);
#5254=AXIS2_PLACEMENT_3D('',#8524,#6669,#6670);
#5255=AXIS2_PLACEMENT_3D('',#8530,#6674,#6675);
#5256=AXIS2_PLACEMENT_3D('',#8532,#6677,#6678);
#5257=AXIS2_PLACEMENT_3D('',#8534,#6680,#6681);
#5258=AXIS2_PLACEMENT_3D('',#8536,#6683,#6684);
#5259=AXIS2_PLACEMENT_3D('',#8538,#6686,#6687);
#5260=AXIS2_PLACEMENT_3D('',#8540,#6689,#6690);
#5261=AXIS2_PLACEMENT_3D('',#8542,#6692,#6693);
#5262=AXIS2_PLACEMENT_3D('',#8543,#6694,#6695);
#5263=AXIS2_PLACEMENT_3D('',#8545,#6696,#6697);
#5264=AXIS2_PLACEMENT_3D('',#8631,#6698,#6699);
#5265=AXIS2_PLACEMENT_3D('',#8668,#6701,#6702);
#5266=AXIS2_PLACEMENT_3D('',#8760,#6705,#6706);
#5267=AXIS2_PLACEMENT_3D('',#8862,#6709,#6710);
#5268=AXIS2_PLACEMENT_3D('',#8899,#6712,#6713);
#5269=AXIS2_PLACEMENT_3D('',#8902,#6716,#6717);
#5270=AXIS2_PLACEMENT_3D('',#8904,#6719,#6720);
#5271=AXIS2_PLACEMENT_3D('',#8906,#6722,#6723);
#5272=AXIS2_PLACEMENT_3D('',#8908,#6725,#6726);
#5273=AXIS2_PLACEMENT_3D('',#8910,#6728,#6729);
#5274=AXIS2_PLACEMENT_3D('',#8911,#6730,#6731);
#5275=AXIS2_PLACEMENT_3D('',#8913,#6732,#6733);
#5276=AXIS2_PLACEMENT_3D('',#8915,#6735,#6736);
#5277=AXIS2_PLACEMENT_3D('',#8917,#6737,#6738);
#5278=AXIS2_PLACEMENT_3D('',#8918,#6739,#6740);
#5279=AXIS2_PLACEMENT_3D('',#8920,#6742,#6743);
#5280=AXIS2_PLACEMENT_3D('',#8922,#6744,#6745);
#5281=AXIS2_PLACEMENT_3D('',#8923,#6746,#6747);
#5282=AXIS2_PLACEMENT_3D('',#8925,#6749,#6750);
#5283=AXIS2_PLACEMENT_3D('',#8927,#6752,#6753);
#5284=DIRECTION('axis',(0.,0.,1.));
#5285=DIRECTION('refdir',(1.,0.,0.));
#5286=DIRECTION('center_axis',(6.40501664466691E-16,2.67792621547414E-16,
-1.));
#5287=DIRECTION('ref_axis',(-0.965925825363269,-0.258819048557652,-7.85046229341909E-16));
#5288=DIRECTION('center_axis',(7.58296427025391E-16,2.03184918152041E-16,
-1.));
#5289=DIRECTION('ref_axis',(-0.499999996902191,-0.86602540557296,-5.55111512312567E-16));
#5290=DIRECTION('',(-6.40501664466691E-16,-2.67792621547414E-16,1.));
#5291=DIRECTION('center_axis',(-5.01723787244367E-16,-2.74222852599521E-17,
1.));
#5292=DIRECTION('ref_axis',(-0.965925825363269,-0.258819048557652,-7.85046229341909E-16));
#5293=DIRECTION('',(6.40501664466691E-16,2.67792621547414E-16,-1.));
#5294=DIRECTION('center_axis',(0.866025405572943,-0.499999996902219,4.20794403795767E-16));
#5295=DIRECTION('ref_axis',(0.,0.,-1.));
#5296=DIRECTION('center_axis',(0.499999996902231,0.866025405572936,0.));
#5297=DIRECTION('ref_axis',(0.,0.,-1.));
#5298=DIRECTION('center_axis',(-0.866025405572943,0.499999996902219,-4.20794403795767E-16));
#5299=DIRECTION('ref_axis',(-0.353553388402817,-0.612372436960469,-0.707106781186536));
#5300=DIRECTION('center_axis',(0.866025405572943,-0.499999996902219,4.20794403795767E-16));
#5301=DIRECTION('ref_axis',(-0.353553388402818,-0.612372436960469,-0.707106781186536));
#5302=DIRECTION('center_axis',(-0.499999996902219,-0.866025405572943,5.92558628367013E-49));
#5303=DIRECTION('ref_axis',(-0.612372436960457,0.353553388402812,-0.707106781186548));
#5304=DIRECTION('center_axis',(0.49999999690222,0.866025405572943,0.));
#5305=DIRECTION('ref_axis',(0.,0.,-1.));
#5306=DIRECTION('',(-0.499999996902219,-0.866025405572943,5.92558628367013E-49));
#5307=DIRECTION('',(0.499999996902219,0.866025405572943,-5.92558628367013E-49));
#5308=DIRECTION('center_axis',(-3.74166315837222E-16,1.0172594723909E-15,
1.));
#5309=DIRECTION('ref_axis',(0.49999999690222,0.866025405572943,-6.93889390390724E-16));
#5310=DIRECTION('center_axis',(-0.866025405572943,0.499999996902219,-4.20794403795767E-16));
#5311=DIRECTION('ref_axis',(0.353553388402815,0.612372436960464,0.707106781186542));
#5312=DIRECTION('center_axis',(0.866025405572943,-0.499999996902219,4.20794403795767E-16));
#5313=DIRECTION('ref_axis',(0.353553388402815,0.612372436960464,0.707106781186542));
#5314=DIRECTION('center_axis',(-2.70427325218411E-16,3.73194941903126E-16,
1.));
#5315=DIRECTION('ref_axis',(-0.258819047997855,0.965925825513266,-7.85046229796842E-16));
#5316=DIRECTION('center_axis',(-5.01723787244367E-16,-2.74222852599521E-17,
1.));
#5317=DIRECTION('ref_axis',(-0.258819047997855,0.965925825513266,-7.85046229796842E-16));
#5318=DIRECTION('',(2.70427325218411E-16,-3.73194941903126E-16,-1.));
#5319=DIRECTION('',(-2.70427325218411E-16,3.73194941903126E-16,1.));
#5320=DIRECTION('center_axis',(-0.499999997905995,-0.866025404993413,1.87982638660218E-16));
#5321=DIRECTION('ref_axis',(0.866025404993413,-0.499999997905995,3.6979380944675E-16));
#5322=DIRECTION('',(-0.866025404993413,0.499999997905995,-4.2079440347265E-16));
#5323=DIRECTION('',(-0.866025404993413,0.499999997905995,-3.42113881459025E-49));
#5324=DIRECTION('',(2.70427325218411E-16,-3.73194941903126E-16,-1.));
#5325=DIRECTION('',(0.866025404993413,-0.499999997905995,4.20794402355029E-16));
#5326=DIRECTION('',(-2.70427325215612E-16,3.7319494190151E-16,1.));
#5327=DIRECTION('center_axis',(-0.499999997905995,-0.866025404993413,1.87982638660218E-16));
#5328=DIRECTION('ref_axis',(0.612372436550667,-0.353553389112588,0.707106781186549));
#5329=DIRECTION('center_axis',(-0.866025404993413,0.499999997905995,-3.42113881459025E-49));
#5330=DIRECTION('ref_axis',(0.353553389112591,0.61237243655066,-0.707106781186553));
#5331=DIRECTION('',(0.866025404993413,-0.499999997905995,3.42113881459025E-49));
#5332=DIRECTION('center_axis',(-0.866025404993412,0.499999997905997,0.));
#5333=DIRECTION('ref_axis',(0.499999997905997,0.866025404993412,0.));
#5334=DIRECTION('center_axis',(8.77814316504787E-98,6.84227765783602E-49,
1.));
#5335=DIRECTION('ref_axis',(1.,-1.28292706084425E-49,0.));
#5336=DIRECTION('center_axis',(8.77814316504787E-98,6.84227765783602E-49,
1.));
#5337=DIRECTION('ref_axis',(-0.86602540378444,-0.499999999999998,3.421138828918E-49));
#5338=DIRECTION('',(0.5,0.866025403784439,-5.92558627143268E-49));
#5339=DIRECTION('center_axis',(8.77814316504787E-98,6.84227765783602E-49,
1.));
#5340=DIRECTION('ref_axis',(0.866025403784439,-0.499999999999999,3.421138828918E-49));
#5341=DIRECTION('',(-1.,2.84883360945713E-16,-1.94925105568809E-64));
#5342=DIRECTION('center_axis',(8.77814316504787E-98,6.84227765783602E-49,
1.));
#5343=DIRECTION('ref_axis',(2.96059473233375E-15,1.,-6.84227765783602E-49));
#5344=DIRECTION('',(0.5,-0.866025403784439,5.92558627143268E-49));
#5345=DIRECTION('',(0.500000003097781,-0.866025401995934,5.92558625919524E-49));
#5346=DIRECTION('',(0.866025401995913,0.500000003097816,-3.42113885011413E-49));
#5347=DIRECTION('center_axis',(8.77814316504787E-98,6.84227765783602E-49,
1.));
#5348=DIRECTION('ref_axis',(-0.258819041647367,-0.965925827214874,6.60913270667911E-49));
#5349=DIRECTION('',(0.500000003097781,-0.866025401995934,5.92558625919524E-49));
#5350=DIRECTION('center_axis',(8.77814316504787E-98,6.84227765783602E-49,
1.));
#5351=DIRECTION('ref_axis',(-0.965925827214862,0.258819041647412,-1.77091174608662E-49));
#5352=DIRECTION('',(-0.866025401995934,-0.500000003097781,3.42113885011389E-49));
#5353=DIRECTION('center_axis',(8.77814316504787E-98,6.84227765783602E-49,
1.));
#5354=DIRECTION('ref_axis',(-0.0186455337827421,0.999826156924271,-6.84108817524299E-49));
#5355=DIRECTION('center_axis',(-8.77814316504787E-98,-6.84227765783602E-49,
-1.));
#5356=DIRECTION('ref_axis',(-0.0612277647330896,-0.998123820387926,6.82944031599424E-49));
#5357=DIRECTION('center_axis',(8.77814316504787E-98,6.84227765783602E-49,
1.));
#5358=DIRECTION('ref_axis',(0.335100677264569,0.942182326355588,-6.4466730812308E-49));
#5359=DIRECTION('',(-0.500000003097739,0.866025401995958,-5.9255862591954E-49));
#5360=DIRECTION('center_axis',(8.77814316504787E-98,6.84227765783602E-49,
1.));
#5361=DIRECTION('ref_axis',(0.983504169498234,-0.180885457070459,1.23766852154066E-49));
#5362=DIRECTION('center_axis',(-8.77814316504787E-98,-6.84227765783602E-49,
-1.));
#5363=DIRECTION('ref_axis',(-0.895014470007392,0.446037104372928,-3.05190971381676E-49));
#5364=DIRECTION('center_axis',(8.77814316504787E-98,6.84227765783602E-49,
1.));
#5365=DIRECTION('ref_axis',(0.856552088055635,-0.516060578273067,3.53102976480774E-49));
#5366=DIRECTION('',(0.866025401995934,0.500000003097781,-3.42113885011389E-49));
#5367=DIRECTION('center_axis',(8.77814316504787E-98,6.84227765783602E-49,
1.));
#5368=DIRECTION('ref_axis',(-0.258819041647384,-0.96592582721487,6.60913270667908E-49));
#5369=DIRECTION('',(0.500000003097781,-0.866025401995934,5.92558625919524E-49));
#5370=DIRECTION('center_axis',(8.77814316504787E-98,6.84227765783602E-49,
1.));
#5371=DIRECTION('ref_axis',(-0.965925827064873,0.258819042207178,-1.77091174991669E-49));
#5372=DIRECTION('',(-0.866025402575464,-0.500000002094005,3.42113884324577E-49));
#5373=DIRECTION('center_axis',(-8.77814316504787E-98,-6.84227765783602E-49,
-1.));
#5374=DIRECTION('ref_axis',(-1.,2.56585412168851E-49,-8.77814316504787E-98));
#5375=DIRECTION('center_axis',(-8.77814316504787E-98,-6.84227765783602E-49,
-1.));
#5376=DIRECTION('ref_axis',(1.,0.,-8.65116368438107E-16));
#5377=DIRECTION('center_axis',(-8.77814316504787E-98,-6.84227765783602E-49,
-1.));
#5378=DIRECTION('ref_axis',(1.,0.,3.8480937771121E-16));
#5379=DIRECTION('center_axis',(-8.77814316504787E-98,-6.84227765783602E-49,
-1.));
#5380=DIRECTION('ref_axis',(1.,0.,8.67361737988413E-19));
#5381=DIRECTION('',(-0.500000000000007,0.866025403784434,-5.92558627143265E-49));
#5382=DIRECTION('',(-0.866025403784434,-0.500000000000007,3.42113882891806E-49));
#5383=DIRECTION('',(1.,0.,-8.77814316504787E-98));
#5384=DIRECTION('center_axis',(8.77814316504787E-98,6.84227765783602E-49,
1.));
#5385=DIRECTION('ref_axis',(-8.88178419700113E-15,-1.,6.84227765783602E-49));
#5386=DIRECTION('',(-0.499999999999998,-0.86602540378444,5.92558627143269E-49));
#5387=DIRECTION('',(0.866025403784434,0.500000000000007,-3.42113882891806E-49));
#5388=DIRECTION('',(1.,-2.22044604925032E-15,1.51929083932157E-63));
#5389=DIRECTION('',(2.22044604925032E-15,1.,-6.84227765783602E-49));
#5390=DIRECTION('',(-0.499999999999998,-0.86602540378444,5.92558627143269E-49));
#5391=DIRECTION('center_axis',(8.77814316504787E-98,6.84227765783602E-49,
1.));
#5392=DIRECTION('ref_axis',(-0.866025403784435,0.500000000000006,-3.42113882891805E-49));
#5393=DIRECTION('',(-0.499999999999999,0.866025403784439,-5.92558627143269E-49));
#5394=DIRECTION('',(-2.22044604925032E-15,-1.,6.84227765783602E-49));
#5395=DIRECTION('',(-0.500000000000007,-0.866025403784435,5.92558627143266E-49));
#5396=DIRECTION('',(0.866025403784435,-0.500000000000007,3.42113882891806E-49));
#5397=DIRECTION('',(-0.499999999999999,0.866025403784439,-5.92558627143269E-49));
#5398=DIRECTION('center_axis',(8.77814316504787E-98,6.84227765783602E-49,
1.));
#5399=DIRECTION('ref_axis',(0.866025403784434,0.500000000000008,-3.42113882891807E-49));
#5400=DIRECTION('',(1.,0.,-8.77814316504787E-98));
#5401=DIRECTION('',(-0.866025403784435,0.500000000000007,-3.42113882891806E-49));
#5402=DIRECTION('',(-1.,-3.5770091070631E-9,2.44748894951338E-57));
#5403=DIRECTION('',(3.57704976750028E-9,-1.,6.84227765783602E-49));
#5404=DIRECTION('center_axis',(8.77814316504787E-98,6.84227765783602E-49,
1.));
#5405=DIRECTION('ref_axis',(-0.707106783715896,0.707106778657199,-4.83822091331055E-49));
#5406=DIRECTION('',(-1.,-3.5770087888283E-9,2.44748873176829E-57));
#5407=DIRECTION('center_axis',(8.77814316504787E-98,6.84227765783602E-49,
1.));
#5408=DIRECTION('ref_axis',(0.707106778657216,0.707106783715879,-4.83822094792345E-49));
#5409=DIRECTION('',(-3.5770087888283E-9,1.,-6.84227765783602E-49));
#5410=DIRECTION('center_axis',(8.77814316504787E-98,6.84227765783602E-49,
1.));
#5411=DIRECTION('ref_axis',(0.87519761815596,-0.483765572539152,3.31005836861489E-49));
#5412=DIRECTION('center_axis',(-8.77814316504787E-98,-6.84227765783602E-49,
-1.));
#5413=DIRECTION('ref_axis',(-0.833786702211774,0.552086709869758,-3.77753056013004E-49));
#5414=DIRECTION('center_axis',(8.77814316504787E-98,6.84227765783602E-49,
1.));
#5415=DIRECTION('ref_axis',(0.648403490988376,-0.761296862514281,5.20900451336212E-49));
#5416=DIRECTION('',(1.,3.57696082719403E-9,-2.44745591508644E-57));
#5417=DIRECTION('center_axis',(8.77814316504787E-98,6.84227765783602E-49,
1.));
#5418=DIRECTION('ref_axis',(-0.648403485747295,-0.761296866978157,5.2090045439052E-49));
#5419=DIRECTION('center_axis',(-8.77814316504787E-98,-6.84227765783602E-49,
-1.));
#5420=DIRECTION('ref_axis',(0.833786698421103,0.552086715594604,-3.77753059930103E-49));
#5421=DIRECTION('center_axis',(8.77814316504787E-98,6.84227765783602E-49,
1.));
#5422=DIRECTION('ref_axis',(-0.875197614703971,-0.483765578784271,3.31005841134573E-49));
#5423=DIRECTION('',(3.57700880179445E-9,-1.,6.84227765783602E-49));
#5424=DIRECTION('center_axis',(8.77814316504787E-98,6.84227765783602E-49,
1.));
#5425=DIRECTION('ref_axis',(-0.70710678371588,0.707106778657215,-4.83822091331066E-49));
#5426=DIRECTION('',(-1.,-3.5770087888283E-9,2.4474887317683E-57));
#5427=DIRECTION('center_axis',(8.77814316504787E-98,6.84227765783602E-49,
1.));
#5428=DIRECTION('ref_axis',(0.707106779067016,0.707106783306079,-4.83822094511948E-49));
#5429=DIRECTION('',(-2.41794794702133E-9,1.,-6.84227765783602E-49));
#5430=DIRECTION('',(-0.866025405572964,0.499999996902184,-3.42113880772189E-49));
#5431=DIRECTION('center_axis',(8.77814316504787E-98,6.84227765783602E-49,
1.));
#5432=DIRECTION('ref_axis',(0.965925825363268,0.258819048557656,-1.77091179336843E-49));
#5433=DIRECTION('',(0.499999996902219,0.866025405572943,-5.92558628367013E-49));
#5434=DIRECTION('center_axis',(8.77814316504787E-98,6.84227765783602E-49,
1.));
#5435=DIRECTION('ref_axis',(0.258819048557652,-0.965925825363269,6.60913269400991E-49));
#5436=DIRECTION('',(0.866025405572943,-0.499999996902219,3.42113880772214E-49));
#5437=DIRECTION('center_axis',(8.77814316504787E-98,6.84227765783602E-49,
1.));
#5438=DIRECTION('ref_axis',(-0.85655208437323,-0.516060584385085,3.53102980662787E-49));
#5439=DIRECTION('center_axis',(-8.77814316504787E-98,-6.84227765783602E-49,
-1.));
#5440=DIRECTION('ref_axis',(0.895014466944866,0.446037110518169,-3.0519097558642E-49));
#5441=DIRECTION('center_axis',(8.77814316504787E-98,6.84227765783602E-49,
1.));
#5442=DIRECTION('ref_axis',(-0.983504168252944,-0.180885463841307,1.23766856786868E-49));
#5443=DIRECTION('',(-0.499999996902261,-0.866025405572919,5.92558628366996E-49));
#5444=DIRECTION('center_axis',(8.77814316504787E-98,6.84227765783602E-49,
1.));
#5445=DIRECTION('ref_axis',(-0.335100683750938,0.942182324048617,-6.44667306544587E-49));
#5446=DIRECTION('center_axis',(-8.77814316504787E-98,-6.84227765783602E-49,
-1.));
#5447=DIRECTION('ref_axis',(0.0612277715862896,-0.998123819967531,6.82944031311778E-49));
#5448=DIRECTION('center_axis',(8.77814316504787E-98,6.84227765783602E-49,
1.));
#5449=DIRECTION('ref_axis',(0.0186455266483423,0.999826157057319,-6.84108817615334E-49));
#5450=DIRECTION('',(-0.866025405572943,0.499999996902219,-3.42113880772214E-49));
#5451=DIRECTION('center_axis',(8.77814316504787E-98,6.84227765783602E-49,
1.));
#5452=DIRECTION('ref_axis',(0.965925825363268,0.258819048557654,-1.77091179336841E-49));
#5453=DIRECTION('',(0.499999996902219,0.866025405572943,-5.92558628367013E-49));
#5454=DIRECTION('center_axis',(8.77814316504787E-98,6.84227765783602E-49,
1.));
#5455=DIRECTION('ref_axis',(0.258819047997868,-0.965925825513262,6.60913269503621E-49));
#5456=DIRECTION('center_axis',(0.866025405572964,-0.499999996902184,3.42113880772189E-49));
#5457=DIRECTION('ref_axis',(-0.35355338840279,-0.612372436960474,-0.707106781186545));
#5458=DIRECTION('',(0.866025405572964,-0.499999996902184,3.42113880772189E-49));
#5459=DIRECTION('center_axis',(0.866025405572969,-0.499999996902175,0.));
#5460=DIRECTION('ref_axis',(-0.499999996902175,-0.866025405572969,-5.55111512312578E-16));
#5461=DIRECTION('center_axis',(-0.499999996902184,-0.866025405572964,-5.52166043934235E-16));
#5462=DIRECTION('ref_axis',(6.40501665322512E-16,2.67792621057293E-16,-1.));
#5463=DIRECTION('',(0.866025405572945,-0.499999996902217,4.20794403792536E-16));
#5464=DIRECTION('center_axis',(0.499999996902184,0.866025405572964,5.52166043934235E-16));
#5465=DIRECTION('ref_axis',(0.612372436960491,-0.353553388402797,-0.707106781186526));
#5466=DIRECTION('',(6.40501664465314E-16,2.67792621548208E-16,-1.));
#5467=DIRECTION('',(-0.866025405572964,0.499999996902184,-4.20794403460383E-16));
#5468=DIRECTION('',(-6.40501664466691E-16,-2.67792621547414E-16,1.));
#5469=DIRECTION('center_axis',(8.77814316504787E-98,6.84227765783602E-49,
1.));
#5470=DIRECTION('ref_axis',(1.,0.,0.));
#5471=DIRECTION('center_axis',(-0.49999999690222,-0.866025405572943,0.));
#5472=DIRECTION('ref_axis',(-0.866025405572943,0.49999999690222,0.));
#5473=DIRECTION('center_axis',(-8.77814316504787E-98,-6.84227765783602E-49,
-1.));
#5474=DIRECTION('ref_axis',(0.965925825363267,0.258819048557656,0.));
#5475=DIRECTION('center_axis',(-0.499999996902219,-0.866025405572943,5.92558628367013E-49));
#5476=DIRECTION('ref_axis',(-0.612372436960455,0.35355338840282,-0.707106781186546));
#5477=DIRECTION('center_axis',(-0.49999999690222,-0.866025405572943,0.));
#5478=DIRECTION('ref_axis',(-0.866025405572943,0.49999999690222,-4.44089209850064E-16));
#5479=DIRECTION('',(-0.499999996902219,-0.866025405572943,5.92558628367013E-49));
#5480=DIRECTION('center_axis',(8.77814316504787E-98,6.84227765783602E-49,
1.));
#5481=DIRECTION('ref_axis',(1.,0.,0.));
#5482=DIRECTION('center_axis',(-0.866025405572943,0.49999999690222,0.));
#5483=DIRECTION('ref_axis',(0.49999999690222,0.866025405572943,0.));
#5484=DIRECTION('center_axis',(-8.77814316504787E-98,-6.84227765783602E-49,
-1.));
#5485=DIRECTION('ref_axis',(0.258819048557652,-0.965925825363269,0.));
#5486=DIRECTION('center_axis',(-0.866025405572943,0.499999996902219,-3.42113880772214E-49));
#5487=DIRECTION('ref_axis',(0.353553388402812,0.612372436960457,-0.707106781186548));
#5488=DIRECTION('center_axis',(-0.866025405572937,0.49999999690223,0.));
#5489=DIRECTION('ref_axis',(0.49999999690223,0.866025405572937,2.2204460492503E-16));
#5490=DIRECTION('',(-0.866025405572943,0.499999996902219,-3.42113880772214E-49));
#5491=DIRECTION('center_axis',(8.77814316504787E-98,6.84227765783602E-49,
1.));
#5492=DIRECTION('ref_axis',(1.,0.,0.));
#5493=DIRECTION('center_axis',(-0.0372845811970563,0.999304688273281,0.));
#5494=DIRECTION('ref_axis',(0.999304688273281,0.0372845811970563,0.));
#5495=DIRECTION('center_axis',(-8.77814316504787E-98,-6.84227765783602E-49,
-1.));
#5496=DIRECTION('ref_axis',(-0.85655208437323,-0.516060584385085,0.));
#5497=DIRECTION('center_axis',(8.77814316504787E-98,6.84227765783602E-49,
1.));
#5498=DIRECTION('ref_axis',(1.,0.,0.));
#5499=DIRECTION('center_axis',(-0.775415069934976,0.631451874110558,0.));
#5500=DIRECTION('ref_axis',(0.631451874110558,0.775415069934976,0.));
#5501=DIRECTION('center_axis',(8.77814316504787E-98,6.84227765783602E-49,
1.));
#5502=DIRECTION('ref_axis',(0.895014466944866,0.446037110518169,0.));
#5503=DIRECTION('center_axis',(8.77814316504787E-98,6.84227765783602E-49,
1.));
#5504=DIRECTION('ref_axis',(-0.983504168252944,-0.180885463841309,0.));
#5505=DIRECTION('center_axis',(0.499999996902261,0.866025405572919,0.));
#5506=DIRECTION('ref_axis',(0.866025405572919,-0.499999996902261,0.));
#5507=DIRECTION('center_axis',(-8.77814316504787E-98,-6.84227765783602E-49,
-1.));
#5508=DIRECTION('ref_axis',(-0.983504168252944,-0.180885463841307,0.));
#5509=DIRECTION('center_axis',(0.499999996902261,0.866025405572919,-5.92558628366996E-49));
#5510=DIRECTION('ref_axis',(0.612372436960439,-0.353553388402843,-0.707106781186549));
#5511=DIRECTION('center_axis',(0.499999996902261,0.866025405572919,0.));
#5512=DIRECTION('ref_axis',(0.866025405572919,-0.499999996902261,4.44089209850062E-16));
#5513=DIRECTION('',(0.499999996902261,0.866025405572919,-5.92558628366996E-49));
#5514=DIRECTION('center_axis',(8.77814316504787E-98,6.84227765783602E-49,
1.));
#5515=DIRECTION('ref_axis',(1.,0.,0.));
#5516=DIRECTION('center_axis',(0.934560901568127,-0.355803205803672,0.));
#5517=DIRECTION('ref_axis',(-0.355803205803672,-0.934560901568127,0.));
#5518=DIRECTION('center_axis',(-8.77814316504787E-98,-6.84227765783602E-49,
-1.));
#5519=DIRECTION('ref_axis',(-0.335100683750938,0.942182324048617,0.));
#5520=DIRECTION('center_axis',(8.77814316504787E-98,6.84227765783602E-49,
1.));
#5521=DIRECTION('ref_axis',(1.,0.,0.));
#5522=DIRECTION('center_axis',(0.884065533437743,0.467362955942637,0.));
#5523=DIRECTION('ref_axis',(0.467362955942637,-0.884065533437743,0.));
#5524=DIRECTION('center_axis',(8.77814316504787E-98,6.84227765783602E-49,
1.));
#5525=DIRECTION('ref_axis',(0.0612277715862896,-0.998123819967531,0.));
#5526=DIRECTION('center_axis',(8.77814316504787E-98,6.84227765783602E-49,
1.));
#5527=DIRECTION('ref_axis',(1.,0.,0.));
#5528=DIRECTION('center_axis',(0.866025405572945,-0.499999996902216,0.));
#5529=DIRECTION('ref_axis',(-0.499999996902216,-0.866025405572945,0.));
#5530=DIRECTION('center_axis',(-8.77814316504787E-98,-6.84227765783602E-49,
-1.));
#5531=DIRECTION('ref_axis',(0.0186455266483423,0.999826157057319,0.));
#5532=DIRECTION('center_axis',(0.866025405572943,-0.499999996902219,3.42113880772214E-49));
#5533=DIRECTION('ref_axis',(-0.353553388402812,-0.612372436960457,-0.707106781186548));
#5534=DIRECTION('center_axis',(0.866025405572946,-0.499999996902214,0.));
#5535=DIRECTION('ref_axis',(-0.499999996902214,-0.866025405572946,-2.22044604925033E-16));
#5536=DIRECTION('',(0.866025405572943,-0.499999996902219,3.42113880772214E-49));
#5537=DIRECTION('center_axis',(8.77814316504787E-98,6.84227765783602E-49,
1.));
#5538=DIRECTION('ref_axis',(1.,0.,0.));
#5539=DIRECTION('center_axis',(-0.499999996902218,-0.866025405572944,0.));
#5540=DIRECTION('ref_axis',(-0.866025405572944,0.499999996902218,0.));
#5541=DIRECTION('center_axis',(-8.77814316504787E-98,-6.84227765783602E-49,
-1.));
#5542=DIRECTION('ref_axis',(0.965925825363268,0.258819048557654,0.));
#5543=DIRECTION('center_axis',(-0.499999996902219,-0.866025405572943,5.92558628367013E-49));
#5544=DIRECTION('ref_axis',(-0.612372436960459,0.353553388402803,-0.707106781186551));
#5545=DIRECTION('center_axis',(-0.499999996902218,-0.866025405572944,0.));
#5546=DIRECTION('ref_axis',(-0.866025405572944,0.499999996902218,-4.44089209850062E-16));
#5547=DIRECTION('',(-0.499999996902219,-0.866025405572943,5.92558628367013E-49));
#5548=DIRECTION('center_axis',(8.77814316504787E-98,6.84227765783602E-49,
1.));
#5549=DIRECTION('ref_axis',(1.,0.,0.));
#5550=DIRECTION('center_axis',(-8.77814316504787E-98,-6.84227765783602E-49,
-1.));
#5551=DIRECTION('ref_axis',(0.258819047997868,-0.965925825513262,0.));
#5552=DIRECTION('center_axis',(2.70427325218411E-16,-3.73194941903126E-16,
-1.));
#5553=DIRECTION('ref_axis',(0.258819047997855,-0.965925825513266,0.));
#5554=DIRECTION('',(-2.70427325218411E-16,3.73194941903126E-16,1.));
#5555=DIRECTION('center_axis',(-2.70427323782947E-16,3.7319494107218E-16,
1.));
#5556=DIRECTION('ref_axis',(0.258819047997855,-0.965925825513266,0.));
#5557=DIRECTION('center_axis',(0.866025405572943,-0.499999996902219,4.20794403795767E-16));
#5558=DIRECTION('ref_axis',(0.499999996902219,0.866025405572943,1.54610140635315E-16));
#5559=DIRECTION('',(5.01723787248344E-16,2.74222852530435E-17,-1.));
#5560=DIRECTION('',(0.499999996902219,0.866025405572943,-1.87982639146057E-16));
#5561=DIRECTION('center_axis',(-5.01723787248344E-16,-2.74222852530435E-17,
1.));
#5562=DIRECTION('ref_axis',(0.96592582536327,0.258819048557646,3.92523114670945E-16));
#5563=DIRECTION('',(-5.01723787248344E-16,-2.74222852530435E-17,1.));
#5564=DIRECTION('center_axis',(-2.70427323782947E-16,3.7319494107218E-16,
1.));
#5565=DIRECTION('ref_axis',(0.96592582536327,0.258819048557646,3.92523114670945E-16));
#5566=DIRECTION('center_axis',(0.499999996902219,0.866025405572943,2.74610287777946E-16));
#5567=DIRECTION('ref_axis',(-0.866025405572943,0.499999996902219,-3.69793809627696E-16));
#5568=DIRECTION('',(4.99924073867545E-16,2.8461350249329E-17,-1.));
#5569=DIRECTION('center_axis',(0.499999996902219,0.866025405572943,2.74610287777946E-16));
#5570=DIRECTION('ref_axis',(0.866025405572943,-0.499999996902219,-1.09844115111178E-16));
#5571=DIRECTION('',(5.01723787245546E-16,2.74222852546591E-17,-1.));
#5572=DIRECTION('',(-0.866025405572943,0.499999996902219,-4.20794402137146E-16));
#5573=DIRECTION('center_axis',(-4.99293166997021E-16,-2.73685874857112E-17,
1.));
#5574=DIRECTION('ref_axis',(0.0186455266483333,0.999826157057319,0.));
#5575=DIRECTION('',(-4.99293166997021E-16,-2.73685874857112E-17,1.));
#5576=DIRECTION('center_axis',(4.99293166997021E-16,2.73685874857112E-17,
-1.));
#5577=DIRECTION('ref_axis',(0.491412293162346,-0.870927068203145,2.22044604925031E-16));
#5578=DIRECTION('',(4.99293166997021E-16,2.73685874857112E-17,-1.));
#5579=DIRECTION('center_axis',(-5.01723787244367E-16,-2.74222852599521E-17,
1.));
#5580=DIRECTION('ref_axis',(0.491412293162346,-0.870927068203145,2.22044604925031E-16));
#5581=DIRECTION('center_axis',(-4.99293166997021E-16,-2.73685874857112E-17,
1.));
#5582=DIRECTION('ref_axis',(-0.33510068375093,0.94218232404862,-1.45833127149773E-16));
#5583=DIRECTION('',(-5.01092880373635E-16,-2.63295224918426E-17,1.));
#5584=DIRECTION('center_axis',(5.01723787244367E-16,2.74222852599521E-17,
-1.));
#5585=DIRECTION('ref_axis',(-0.33510068375093,0.94218232404862,-1.45833127149773E-16));
#5586=DIRECTION('center_axis',(-0.866025405572919,0.499999996902261,-4.2079440379092E-16));
#5587=DIRECTION('ref_axis',(-0.499999996902261,-0.866025405572919,-1.54610140635315E-16));
#5588=DIRECTION('',(5.00859401139182E-16,2.5925124591918E-17,-1.));
#5589=DIRECTION('',(-0.499999996902261,-0.866025405572919,-1.54610140635315E-16));
#5590=DIRECTION('center_axis',(-5.03325133093047E-16,-2.45015335963648E-17,
1.));
#5591=DIRECTION('ref_axis',(-0.983504168252944,-0.180885463841309,-5.83332508465185E-16));
#5592=DIRECTION('',(-5.03325133093047E-16,-2.45015335963648E-17,1.));
#5593=DIRECTION('center_axis',(5.01723787244367E-16,2.74222852599521E-17,
-1.));
#5594=DIRECTION('ref_axis',(-0.983504168252944,-0.180885463841309,-5.83332508465185E-16));
#5595=DIRECTION('center_axis',(5.03325133093047E-16,2.45015335963648E-17,
-1.));
#5596=DIRECTION('ref_axis',(0.546068608603055,0.837740457837822,2.91433543964103E-16));
#5597=DIRECTION('',(5.03325133093047E-16,2.45015335963648E-17,-1.));
#5598=DIRECTION('center_axis',(-5.01723787244367E-16,-2.74222852599521E-17,
1.));
#5599=DIRECTION('ref_axis',(0.546068608603055,0.837740457837822,2.91433543964103E-16));
#5600=DIRECTION('center_axis',(-5.03325133093047E-16,-2.45015335963648E-17,
1.));
#5601=DIRECTION('ref_axis',(-0.856552084373209,-0.516060584385119,-3.17134954377367E-16));
#5602=DIRECTION('',(-5.04189519199638E-16,-2.59986942627056E-17,1.));
#5603=DIRECTION('center_axis',(-0.499999996902219,-0.866025405572943,-2.74610287781177E-16));
#5604=DIRECTION('ref_axis',(0.866025405572943,-0.499999996902219,3.69793809627696E-16));
#5605=DIRECTION('',(5.0172378724996E-16,2.74222852558418E-17,-1.));
#5606=DIRECTION('',(0.866025405572943,-0.499999996902219,4.20794403460376E-16));
#5607=DIRECTION('',(-5.01723787248572E-16,-2.74222852566431E-17,1.));
#5608=DIRECTION('center_axis',(-0.499999996902219,-0.866025405572943,-2.74610287781177E-16));
#5609=DIRECTION('ref_axis',(0.866025405572943,-0.499999996902219,1.09844115112483E-16));
#5610=DIRECTION('center_axis',(-5.0172378724996E-16,-2.74222852558418E-17,
1.));
#5611=DIRECTION('ref_axis',(0.258819048557646,-0.96592582536327,3.92523114670945E-16));
#5612=DIRECTION('',(-5.0172378724996E-16,-2.74222852558418E-17,1.));
#5613=DIRECTION('center_axis',(-4.55464494552729E-16,5.27011600090593E-17,
1.));
#5614=DIRECTION('ref_axis',(0.258819048557646,-0.96592582536327,3.92523114670945E-16));
#5615=DIRECTION('center_axis',(0.866025405572943,-0.499999996902219,4.20794403795767E-16));
#5616=DIRECTION('ref_axis',(0.499999996902219,0.866025405572943,1.54610140635315E-16));
#5617=DIRECTION('',(6.40501664466691E-16,2.67792621547414E-16,-1.));
#5618=DIRECTION('',(0.499999996902219,0.866025405572943,1.82091702394425E-16));
#5619=DIRECTION('center_axis',(-6.40501664466691E-16,-2.67792621547414E-16,
1.));
#5620=DIRECTION('ref_axis',(0.965925825363269,0.258819048557652,7.85046229341909E-16));
#5621=DIRECTION('center_axis',(-4.55464494552729E-16,5.27011600090593E-17,
1.));
#5622=DIRECTION('ref_axis',(0.965925825363269,0.258819048557652,7.85046229341909E-16));
#5623=DIRECTION('center_axis',(0.353553388404213,0.612372436962943,0.707106781183695));
#5624=DIRECTION('ref_axis',(0.894427192106781,0.,-0.447213593286227));
#5625=DIRECTION('',(-0.353553388401392,-0.612372436957992,0.707106781189394));
#5626=DIRECTION('',(0.866025405572964,-0.499999996902184,4.20794403460383E-16));
#5627=DIRECTION('',(0.35355338840137,0.612372436957997,-0.7071067811894));
#5628=DIRECTION('center_axis',(0.,0.,-1.));
#5629=DIRECTION('ref_axis',(-0.258819048557621,0.965925825363277,-5.62627662037568E-17));
#5630=DIRECTION('center_axis',(-4.55464494552729E-16,5.27011600090593E-17,
1.));
#5631=DIRECTION('ref_axis',(-0.258819048557621,0.965925825363277,0.));
#5632=DIRECTION('',(0.612372436960443,-0.353553388402818,0.707106781186558));
#5633=DIRECTION('center_axis',(4.55464494552729E-16,-5.27011600090593E-17,
-1.));
#5634=DIRECTION('ref_axis',(-0.258819048557621,0.965925825363277,-1.68788298611268E-16));
#5635=DIRECTION('center_axis',(-0.612372436960026,0.353553388402601,0.707106781187028));
#5636=DIRECTION('ref_axis',(0.755928945349846,0.,0.65465367148002));
#5637=DIRECTION('',(0.612372436960864,-0.35355338840307,0.707106781186067));
#5638=DIRECTION('',(0.49999999690226,0.86602540557292,1.82091702394445E-16));
#5639=DIRECTION('',(-0.49999999690226,-0.86602540557292,-1.82091702394445E-16));
#5640=DIRECTION('center_axis',(0.,0.,-1.));
#5641=DIRECTION('ref_axis',(-0.965925825363269,-0.258819048557652,-4.03783694358329E-16));
#5642=DIRECTION('center_axis',(-4.55464494552729E-16,5.27011600090593E-17,
1.));
#5643=DIRECTION('ref_axis',(-0.965925825363269,-0.258819048557652,-3.92523114670954E-16));
#5644=DIRECTION('',(0.353553388402823,0.612372436960483,0.707106781186521));
#5645=DIRECTION('center_axis',(4.55464494552729E-16,-5.27011600090593E-17,
-1.));
#5646=DIRECTION('ref_axis',(-0.965925825363269,-0.258819048557652,-4.2630485373308E-16));
#5647=DIRECTION('center_axis',(-0.353553388403046,-0.612372436960863,0.707106781186081));
#5648=DIRECTION('ref_axis',(0.894427192107975,0.,0.447213593283839));
#5649=DIRECTION('',(0.353553388402569,0.612372436960059,0.707106781187015));
#5650=DIRECTION('',(-0.866025405572943,0.499999996902219,-4.20794403460376E-16));
#5651=DIRECTION('center_axis',(0.,0.,-1.));
#5652=DIRECTION('ref_axis',(0.258819048557646,-0.96592582536327,3.17944842651055E-16));
#5653=DIRECTION('',(-0.612372436960441,0.353553388402817,0.70710678118656));
#5654=DIRECTION('center_axis',(4.55464494552729E-16,-5.27011600090593E-17,
-1.));
#5655=DIRECTION('ref_axis',(0.258819048557646,-0.96592582536327,1.68788298611279E-16));
#5656=DIRECTION('center_axis',(0.612372436960861,-0.353553388403045,0.707106781186082));
#5657=DIRECTION('ref_axis',(0.75592894534897,0.,-0.654653671481031));
#5658=DIRECTION('',(-0.612372436960034,0.353553388402594,0.707106781187024));
#5659=DIRECTION('',(-0.499999996902219,-0.866025405572943,-1.82091702394425E-16));
#5660=DIRECTION('center_axis',(0.,0.,-1.));
#5661=DIRECTION('ref_axis',(0.965925825363269,0.258819048557652,6.65465770805633E-16));
#5662=DIRECTION('center_axis',(4.55464494552729E-16,-5.27011600090593E-17,
-1.));
#5663=DIRECTION('ref_axis',(0.965925825363269,0.258819048557652,4.26304853733079E-16));
#5664=DIRECTION('center_axis',(-5.01723787248572E-16,-2.74222852566432E-17,
1.));
#5665=DIRECTION('ref_axis',(-0.965925825363269,-0.258819048557652,-3.92523114670954E-16));
#5666=DIRECTION('',(5.01723787248572E-16,2.74222852566432E-17,-1.));
#5667=DIRECTION('center_axis',(-9.61481345177406E-16,5.55111508873343E-16,
1.));
#5668=DIRECTION('ref_axis',(-0.866025405572928,0.499999996902246,-1.11022302462514E-15));
#5669=DIRECTION('center_axis',(-0.86602540557292,0.49999999690226,-4.20794403794151E-16));
#5670=DIRECTION('ref_axis',(-0.49999999690226,-0.86602540557292,-1.54610140638546E-16));
#5671=DIRECTION('',(-6.40501664465314E-16,-2.67792621548208E-16,1.));
#5672=DIRECTION('',(0.49999999690226,0.86602540557292,2.7461028778196E-16));
#5673=DIRECTION('center_axis',(-6.40501664465314E-16,-2.67792621548208E-16,
1.));
#5674=DIRECTION('ref_axis',(-0.258819048557621,0.965925825363277,0.));
#5675=DIRECTION('center_axis',(-5.55111508873353E-16,-9.61481345177355E-16,
1.));
#5676=DIRECTION('ref_axis',(0.499999996902175,0.866025405572968,1.1102230246251E-15));
#5677=DIRECTION('center_axis',(-4.55464494552729E-16,5.27011600090593E-17,
1.));
#5678=DIRECTION('ref_axis',(-0.5,-0.866025403784439,-1.82091703893935E-16));
#5679=DIRECTION('center_axis',(0.35355338840271,0.612372436960281,0.707106781186752));
#5680=DIRECTION('ref_axis',(0.894427192108315,0.,-0.447213593283159));
#5681=DIRECTION('',(-0.353553388402913,-0.612372436960636,0.707106781186343));
#5682=DIRECTION('',(0.866025405572943,-0.499999996902219,4.20794402137146E-16));
#5683=DIRECTION('',(0.353553388402924,0.612372436960633,-0.70710678118634));
#5684=DIRECTION('center_axis',(0.,0.,-1.));
#5685=DIRECTION('ref_axis',(-0.258819048557646,0.96592582536327,-4.05172201154642E-16));
#5686=DIRECTION('center_axis',(-2.70427323782947E-16,3.7319494107218E-16,
1.));
#5687=DIRECTION('ref_axis',(-0.258819048557646,0.96592582536327,-3.92523114670945E-16));
#5688=DIRECTION('',(0.612372436960443,-0.353553388402818,0.707106781186558));
#5689=DIRECTION('center_axis',(2.70427323782947E-16,-3.7319494107218E-16,
-1.));
#5690=DIRECTION('ref_axis',(-0.258819048557646,0.96592582536327,-4.30470374122035E-16));
#5691=DIRECTION('center_axis',(-0.612372436960047,0.353553388402575,0.707106781187022));
#5692=DIRECTION('ref_axis',(0.755928945349831,0.,0.654653671480037));
#5693=DIRECTION('',(0.612372436960874,-0.35355338840304,0.707106781186073));
#5694=DIRECTION('',(0.499999996902219,0.866025405572943,-1.87982639146056E-16));
#5695=DIRECTION('',(-0.499999996902219,-0.866025405572943,1.87982639146056E-16));
#5696=DIRECTION('center_axis',(0.,0.,-1.));
#5697=DIRECTION('ref_axis',(-0.965925825513262,-0.258819047997869,-5.78238411458109E-16));
#5698=DIRECTION('center_axis',(-2.70427323782947E-16,3.7319494107218E-16,
1.));
#5699=DIRECTION('ref_axis',(-0.965925825513262,-0.258819047997869,-7.85046228886925E-16));
#5700=DIRECTION('',(0.353553389112603,0.612372436550697,0.707106781186516));
#5701=DIRECTION('center_axis',(2.70427323782947E-16,-3.7319494107218E-16,
-1.));
#5702=DIRECTION('ref_axis',(-0.965925825513262,-0.258819047997869,-1.64622776600462E-16));
#5703=DIRECTION('center_axis',(-0.353553389112586,-0.612372436550664,0.707106781186553));
#5704=DIRECTION('ref_axis',(0.894427191749092,0.,0.447213594001605));
#5705=DIRECTION('',(0.353553389112593,0.612372436550674,0.70710678118654));
#5706=DIRECTION('',(-0.866025404993413,0.499999997905995,-4.20794402355029E-16));
#5707=DIRECTION('center_axis',(0.,0.,-1.));
#5708=DIRECTION('ref_axis',(0.258819047997855,-0.965925825513266,1.43490124675546E-16));
#5709=DIRECTION('',(-0.612372436960452,0.353553388402773,0.707106781186572));
#5710=DIRECTION('center_axis',(2.70427323782947E-16,-3.7319494107218E-16,
-1.));
#5711=DIRECTION('ref_axis',(0.258819047997855,-0.965925825513266,4.30470374026631E-16));
#5712=DIRECTION('center_axis',(0.612372436960454,-0.353553388402809,0.707106781186553));
#5713=DIRECTION('ref_axis',(0.755928945349401,0.,-0.654653671480533));
#5714=DIRECTION('',(-0.612372436960463,0.353553388402815,0.707106781186542));
#5715=DIRECTION('',(-0.499999996902219,-0.866025405572943,1.87982639146057E-16));
#5716=DIRECTION('center_axis',(0.,0.,-1.));
#5717=DIRECTION('ref_axis',(0.96592582536327,0.258819048557646,3.16556335230962E-16));
#5718=DIRECTION('center_axis',(2.70427323782947E-16,-3.7319494107218E-16,
-1.));
#5719=DIRECTION('ref_axis',(0.96592582536327,0.258819048557646,1.64622776350995E-16));
#5720=DIRECTION('center_axis',(-2.70427325215612E-16,3.7319494190151E-16,
1.));
#5721=DIRECTION('ref_axis',(-0.965925825513262,-0.258819047997869,-7.85046228886925E-16));
#5722=DIRECTION('',(2.70427325215612E-16,-3.7319494190151E-16,-1.));
#5723=DIRECTION('center_axis',(2.0717043645095E-15,1.3678511790802E-15,
-1.));
#5724=DIRECTION('ref_axis',(-0.499999997905981,-0.866025404993421,-2.22044604925022E-15));
#5725=DIRECTION('center_axis',(-0.866025405572943,0.49999999690222,-4.20794403792536E-16));
#5726=DIRECTION('ref_axis',(-0.499999996902219,-0.866025405572943,-1.54610140635315E-16));
#5727=DIRECTION('',(-5.01723787245546E-16,-2.74222852546591E-17,1.));
#5728=DIRECTION('',(0.499999996902219,0.866025405572943,2.7461028778194E-16));
#5729=DIRECTION('center_axis',(-5.01723787245546E-16,-2.74222852546591E-17,
1.));
#5730=DIRECTION('ref_axis',(-0.258819048557646,0.96592582536327,-3.92523114670945E-16));
#5731=DIRECTION('center_axis',(-5.55111508873352E-16,-9.61481345177423E-16,
1.));
#5732=DIRECTION('ref_axis',(0.49999999690222,0.866025405572943,1.11022302462516E-15));
#5733=DIRECTION('center_axis',(-2.70427323782947E-16,3.7319494107218E-16,
1.));
#5734=DIRECTION('ref_axis',(-0.5,-0.866025403784439,1.87982637645629E-16));
#5735=DIRECTION('center_axis',(-0.499999996902219,-0.866025405572943,-2.74610287777946E-16));
#5736=DIRECTION('ref_axis',(0.,0.,-1.));
#5737=DIRECTION('center_axis',(-0.499999996902219,-0.866025405572943,-2.74610287777946E-16));
#5738=DIRECTION('ref_axis',(0.866025405572943,-0.499999996902219,-1.09844115111178E-16));
#5739=DIRECTION('center_axis',(-0.49999999690222,-0.866025405572943,-2.7461028778194E-16));
#5740=DIRECTION('ref_axis',(0.612372436960455,-0.353553388402821,-0.707106781186546));
#5741=DIRECTION('',(-0.499999996902219,-0.866025405572943,-2.7461028778194E-16));
#5742=DIRECTION('center_axis',(0.499999997905995,0.866025404993413,-1.87982638660218E-16));
#5743=DIRECTION('ref_axis',(0.612372436550667,-0.353553389112588,0.707106781186549));
#5744=DIRECTION('center_axis',(-0.499999996902219,-0.866025405572943,-2.74610287781177E-16));
#5745=DIRECTION('ref_axis',(0.,0.,-1.));
#5746=DIRECTION('center_axis',(0.499999996902219,0.866025405572943,2.74610287781177E-16));
#5747=DIRECTION('ref_axis',(0.866025405572943,-0.499999996902219,1.09844115112483E-16));
#5748=DIRECTION('center_axis',(0.499999996902184,0.866025405572964,5.52166043934235E-16));
#5749=DIRECTION('ref_axis',(0.,0.,1.));
#5750=DIRECTION('center_axis',(-0.499999996902184,-0.866025405572964,-5.52166043934235E-16));
#5751=DIRECTION('ref_axis',(0.612372436960491,-0.353553388402797,-0.707106781186526));
#5752=DIRECTION('center_axis',(-0.49999999690226,-0.86602540557292,-2.7461028778196E-16));
#5753=DIRECTION('ref_axis',(0.612372436960445,-0.35355338840284,-0.707106781186545));
#5754=DIRECTION('',(-0.49999999690226,-0.86602540557292,-2.7461028778196E-16));
#5755=DIRECTION('center_axis',(-5.01723787244367E-16,-2.74222852599521E-17,
1.));
#5756=DIRECTION('ref_axis',(-0.5,-0.866025403784439,-2.74610289280442E-16));
#5757=DIRECTION('',(0.499999996902184,0.866025405572964,2.74610287777946E-16));
#5758=DIRECTION('center_axis',(5.52166045987115E-16,-4.207944021368E-16,
-1.));
#5759=DIRECTION('ref_axis',(0.258819041647385,0.965925827214869,0.));
#5760=DIRECTION('center_axis',(5.17926093177417E-16,-3.41962791665102E-16,
-1.));
#5761=DIRECTION('ref_axis',(-0.500000003097825,0.866025401995908,-5.55111512312567E-16));
#5762=DIRECTION('',(-5.52166045987115E-16,4.207944021368E-16,1.));
#5763=DIRECTION('center_axis',(-4.13388167044922E-16,1.80424066833588E-16,
1.));
#5764=DIRECTION('ref_axis',(0.258819041647385,0.965925827214869,0.));
#5765=DIRECTION('',(5.52166045987115E-16,-4.207944021368E-16,-1.));
#5766=DIRECTION('center_axis',(-0.866025401995934,-0.500000003097781,-2.67792619572568E-16));
#5767=DIRECTION('ref_axis',(0.,0.,1.));
#5768=DIRECTION('center_axis',(0.500000003097792,-0.866025401995928,0.));
#5769=DIRECTION('ref_axis',(0.,0.,-1.));
#5770=DIRECTION('center_axis',(0.866025401995934,0.500000003097781,2.67792619572568E-16));
#5771=DIRECTION('ref_axis',(-0.353553392783741,0.61237243443114,-0.707106781186537));
#5772=DIRECTION('center_axis',(-0.866025401995934,-0.500000003097781,-2.67792619572568E-16));
#5773=DIRECTION('ref_axis',(-0.353553392783741,0.61237243443114,-0.707106781186537));
#5774=DIRECTION('center_axis',(-0.500000003097781,0.866025401995934,-5.92558625919524E-49));
#5775=DIRECTION('ref_axis',(0.612372434431133,0.353553392783743,-0.707106781186542));
#5776=DIRECTION('center_axis',(0.500000003097787,-0.86602540199593,2.22044606300725E-15));
#5777=DIRECTION('ref_axis',(4.44089209850063E-15,0.,-1.));
#5778=DIRECTION('',(-0.500000003097781,0.866025401995934,-5.92558625919524E-49));
#5779=DIRECTION('center_axis',(-2.91166563483322E-16,-3.28351986057694E-16,
1.));
#5780=DIRECTION('ref_axis',(0.500000003097782,-0.866025401995933,-1.38777878078146E-16));
#5781=DIRECTION('center_axis',(0.866025401995934,0.500000003097781,2.67792619572568E-16));
#5782=DIRECTION('ref_axis',(0.353553392783733,-0.612372434431125,-0.707106781186554));
#5783=DIRECTION('center_axis',(-0.866025401995934,-0.500000003097781,-2.67792619572568E-16));
#5784=DIRECTION('ref_axis',(0.353553392783733,-0.612372434431125,-0.707106781186554));
#5785=DIRECTION('center_axis',(-1.8209170215322E-16,-2.20193158666184E-16,
1.));
#5786=DIRECTION('ref_axis',(0.96592582706488,-0.258819042207153,0.));
#5787=DIRECTION('center_axis',(-4.13388167044922E-16,1.80424066833588E-16,
1.));
#5788=DIRECTION('ref_axis',(0.96592582706488,-0.258819042207153,0.));
#5789=DIRECTION('',(1.8209170215322E-16,2.20193158666184E-16,-1.));
#5790=DIRECTION('',(-1.8209170215322E-16,-2.20193158666184E-16,1.));
#5791=DIRECTION('center_axis',(-0.500000002094005,0.866025402575465,9.96470174203346E-17));
#5792=DIRECTION('ref_axis',(-0.866025402575464,-0.500000002094005,-3.18793214018521E-16));
#5793=DIRECTION('',(0.866025402575464,0.500000002094005,2.67792619992621E-16));
#5794=DIRECTION('',(0.866025402575464,0.500000002094005,-3.42113884324577E-49));
#5795=DIRECTION('',(1.82091702151821E-16,2.20193158665376E-16,-1.));
#5796=DIRECTION('',(-0.866025402575464,-0.500000002094005,-2.67792621111912E-16));
#5797=DIRECTION('',(-1.82091702147623E-16,-2.20193158662953E-16,1.));
#5798=DIRECTION('center_axis',(-0.500000002094005,0.866025402575465,9.96470174203346E-17));
#5799=DIRECTION('ref_axis',(-0.612372434840918,-0.353553392073957,0.70710678118655));
#5800=DIRECTION('center_axis',(0.866025402575465,0.500000002094005,-3.42113884324577E-49));
#5801=DIRECTION('ref_axis',(0.35355339207396,-0.612372434840913,-0.707106781186554));
#5802=DIRECTION('center_axis',(0.866025402575464,0.500000002094006,0.));
#5803=DIRECTION('ref_axis',(0.500000002094006,-0.866025402575464,0.));
#5804=DIRECTION('center_axis',(-0.866025401995914,-0.500000003097816,3.42113885011413E-49));
#5805=DIRECTION('ref_axis',(-0.353553392783758,0.612372434431122,-0.707106781186544));
#5806=DIRECTION('',(-0.866025401995913,-0.500000003097816,3.42113885011413E-49));
#5807=DIRECTION('center_axis',(-0.866025401995911,-0.500000003097821,0.));
#5808=DIRECTION('ref_axis',(-0.500000003097821,0.866025401995911,-6.66133814775104E-16));
#5809=DIRECTION('center_axis',(-0.500000003097816,0.866025401995914,-6.40501665972219E-16));
#5810=DIRECTION('ref_axis',(5.52166045123066E-16,-4.20794402630929E-16,
-1.));
#5811=DIRECTION('',(-0.866025401995933,-0.500000003097783,-2.67792619567721E-16));
#5812=DIRECTION('center_axis',(0.500000003097816,-0.866025401995914,6.40501665972219E-16));
#5813=DIRECTION('ref_axis',(-0.612372434431131,-0.353553392783769,-0.707106781186531));
#5814=DIRECTION('',(5.52166045984291E-16,-4.2079440213843E-16,-1.));
#5815=DIRECTION('',(0.866025401995913,0.500000003097816,2.67792619903109E-16));
#5816=DIRECTION('',(-5.52166045985716E-16,4.20794402137608E-16,1.));
#5817=DIRECTION('center_axis',(8.77814316504787E-98,6.84227765783602E-49,
1.));
#5818=DIRECTION('ref_axis',(1.,0.,0.));
#5819=DIRECTION('center_axis',(-0.500000003097796,0.866025401995925,0.));
#5820=DIRECTION('ref_axis',(0.866025401995925,0.500000003097796,0.));
#5821=DIRECTION('center_axis',(-8.77814316504787E-98,-6.84227765783602E-49,
-1.));
#5822=DIRECTION('ref_axis',(-0.258819041647367,-0.965925827214874,0.));
#5823=DIRECTION('center_axis',(-0.500000003097781,0.866025401995934,-5.92558625919524E-49));
#5824=DIRECTION('ref_axis',(0.612372434431133,0.353553392783727,-0.70710678118655));
#5825=DIRECTION('center_axis',(-0.500000003097784,0.866025401995932,0.));
#5826=DIRECTION('ref_axis',(0.866025401995932,0.500000003097784,3.33066907387549E-16));
#5827=DIRECTION('',(-0.500000003097781,0.866025401995934,-5.92558625919524E-49));
#5828=DIRECTION('center_axis',(8.77814316504787E-98,6.84227765783602E-49,
1.));
#5829=DIRECTION('ref_axis',(-0.965925827214869,0.258819041647385,0.));
#5830=DIRECTION('center_axis',(0.866025401995933,0.500000003097783,0.));
#5831=DIRECTION('ref_axis',(0.500000003097783,-0.866025401995933,0.));
#5832=DIRECTION('center_axis',(-8.77814316504787E-98,-6.84227765783602E-49,
-1.));
#5833=DIRECTION('ref_axis',(-0.965925827214862,0.258819041647412,0.));
#5834=DIRECTION('center_axis',(0.866025401995934,0.500000003097781,-3.42113885011389E-49));
#5835=DIRECTION('ref_axis',(0.353553392783739,-0.612372434431127,-0.707106781186549));
#5836=DIRECTION('center_axis',(0.866025401995933,0.500000003097782,-1.53837014592983E-15));
#5837=DIRECTION('ref_axis',(0.500000003097782,-0.866025401995933,4.44089209850066E-16));
#5838=DIRECTION('',(0.866025401995934,0.500000003097781,2.01475452889173E-32));
#5839=DIRECTION('center_axis',(8.77814316504787E-98,6.84227765783602E-49,
1.));
#5840=DIRECTION('ref_axis',(1.,0.,0.));
#5841=DIRECTION('center_axis',(0.884065536764095,-0.467362949650497,0.));
#5842=DIRECTION('ref_axis',(-0.467362949650497,-0.884065536764095,0.));
#5843=DIRECTION('center_axis',(-8.77814316504787E-98,-6.84227765783602E-49,
-1.));
#5844=DIRECTION('ref_axis',(-0.0186455337827421,0.999826156924271,0.));
#5845=DIRECTION('center_axis',(8.77814316504787E-98,6.84227765783602E-49,
1.));
#5846=DIRECTION('ref_axis',(1.,0.,0.));
#5847=DIRECTION('center_axis',(0.934560899214525,0.355803211985697,0.));
#5848=DIRECTION('ref_axis',(0.355803211985697,-0.934560899214525,0.));
#5849=DIRECTION('center_axis',(8.77814316504787E-98,6.84227765783602E-49,
1.));
#5850=DIRECTION('ref_axis',(-0.0612277647330896,-0.998123820387926,0.));
#5851=DIRECTION('center_axis',(8.77814316504787E-98,6.84227765783602E-49,
1.));
#5852=DIRECTION('ref_axis',(1.,0.,0.));
#5853=DIRECTION('center_axis',(0.50000000309773,-0.866025401995964,0.));
#5854=DIRECTION('ref_axis',(-0.866025401995964,-0.50000000309773,0.));
#5855=DIRECTION('center_axis',(-8.77814316504787E-98,-6.84227765783602E-49,
-1.));
#5856=DIRECTION('ref_axis',(0.335100677264569,0.942182326355588,0.));
#5857=DIRECTION('center_axis',(0.500000003097739,-0.866025401995958,5.9255862591954E-49));
#5858=DIRECTION('ref_axis',(-0.61237243443115,-0.353553392783705,-0.707106781186546));
#5859=DIRECTION('center_axis',(0.50000000309774,-0.866025401995958,0.));
#5860=DIRECTION('ref_axis',(-0.866025401995957,-0.50000000309774,-2.22044604925032E-16));
#5861=DIRECTION('',(0.500000003097739,-0.866025401995958,5.9255862591954E-49));
#5862=DIRECTION('center_axis',(8.77814316504787E-98,6.84227765783602E-49,
1.));
#5863=DIRECTION('ref_axis',(1.,0.,0.));
#5864=DIRECTION('center_axis',(-0.775415065757984,-0.631451879239852,0.));
#5865=DIRECTION('ref_axis',(-0.631451879239852,0.775415065757984,0.));
#5866=DIRECTION('center_axis',(-8.77814316504787E-98,-6.84227765783602E-49,
-1.));
#5867=DIRECTION('ref_axis',(0.983504169498234,-0.180885457070459,0.));
#5868=DIRECTION('center_axis',(8.77814316504787E-98,6.84227765783602E-49,
1.));
#5869=DIRECTION('ref_axis',(1.,0.,0.));
#5870=DIRECTION('center_axis',(-0.037284574084751,-0.999304688538645,0.));
#5871=DIRECTION('ref_axis',(-0.999304688538645,0.037284574084751,0.));
#5872=DIRECTION('center_axis',(8.77814316504787E-98,6.84227765783602E-49,
1.));
#5873=DIRECTION('ref_axis',(-0.895014470007392,0.446037104372929,0.));
#5874=DIRECTION('center_axis',(8.77814316504787E-98,6.84227765783602E-49,
1.));
#5875=DIRECTION('ref_axis',(1.,0.,0.));
#5876=DIRECTION('center_axis',(-0.866025401995927,-0.500000003097793,0.));
#5877=DIRECTION('ref_axis',(-0.500000003097792,0.866025401995927,0.));
#5878=DIRECTION('center_axis',(-8.77814316504787E-98,-6.84227765783602E-49,
-1.));
#5879=DIRECTION('ref_axis',(0.856552088055635,-0.516060578273067,0.));
#5880=DIRECTION('center_axis',(-0.866025401995934,-0.500000003097781,3.42113885011389E-49));
#5881=DIRECTION('ref_axis',(-0.353553392783739,0.612372434431127,-0.707106781186549));
#5882=DIRECTION('center_axis',(-0.866025401995933,-0.500000003097782,0.));
#5883=DIRECTION('ref_axis',(-0.500000003097782,0.866025401995933,-3.33066907387544E-16));
#5884=DIRECTION('',(-0.866025401995934,-0.500000003097781,-2.01475452887379E-32));
#5885=DIRECTION('center_axis',(8.77814316504787E-98,6.84227765783602E-49,
1.));
#5886=DIRECTION('ref_axis',(1.,0.,0.));
#5887=DIRECTION('center_axis',(-0.500000003097786,0.866025401995931,0.));
#5888=DIRECTION('ref_axis',(0.866025401995931,0.500000003097786,0.));
#5889=DIRECTION('center_axis',(-8.77814316504787E-98,-6.84227765783602E-49,
-1.));
#5890=DIRECTION('ref_axis',(-0.258819041647384,-0.96592582721487,0.));
#5891=DIRECTION('center_axis',(-0.500000003097781,0.866025401995934,-5.92558625919524E-49));
#5892=DIRECTION('ref_axis',(0.612372434431129,0.353553392783745,-0.707106781186545));
#5893=DIRECTION('center_axis',(-0.500000003097782,0.866025401995933,0.));
#5894=DIRECTION('ref_axis',(0.866025401995933,0.500000003097782,2.22044604925032E-16));
#5895=DIRECTION('',(-0.500000003097781,0.866025401995934,-5.92558625919524E-49));
#5896=DIRECTION('center_axis',(8.77814316504787E-98,6.84227765783602E-49,
1.));
#5897=DIRECTION('ref_axis',(-0.965925827064874,0.258819042207174,0.));
#5898=DIRECTION('center_axis',(-8.77814316504787E-98,-6.84227765783602E-49,
-1.));
#5899=DIRECTION('ref_axis',(-0.965925827064873,0.258819042207178,0.));
#5900=DIRECTION('center_axis',(1.82091702151821E-16,2.20193158665376E-16,
-1.));
#5901=DIRECTION('ref_axis',(-0.965925827064868,0.258819042207198,0.));
#5902=DIRECTION('',(-1.82091702151821E-16,-2.20193158665376E-16,1.));
#5903=DIRECTION('center_axis',(-1.82091703583502E-16,-2.20193159498544E-16,
1.));
#5904=DIRECTION('ref_axis',(-0.965925827064868,0.258819042207198,0.));
#5905=DIRECTION('center_axis',(-0.866025401995934,-0.500000003097781,-2.67792619570953E-16));
#5906=DIRECTION('ref_axis',(0.500000003097781,-0.866025401995934,2.4294576267653E-16));
#5907=DIRECTION('',(4.13388167049386E-16,-1.8042406683888E-16,-1.));
#5908=DIRECTION('',(0.500000003097781,-0.866025401995934,-9.96470171156508E-17));
#5909=DIRECTION('center_axis',(-4.13388167049386E-16,1.8042406683888E-16,
1.));
#5910=DIRECTION('ref_axis',(-0.258819041647403,-0.965925827214865,0.));
#5911=DIRECTION('',(-4.13388167049386E-16,1.8042406683888E-16,1.));
#5912=DIRECTION('center_axis',(-1.82091703583502E-16,-2.20193159498544E-16,
1.));
#5913=DIRECTION('ref_axis',(-0.258819041647403,-0.965925827214864,0.));
#5914=DIRECTION('center_axis',(0.500000003097781,-0.866025401995934,3.62945909819161E-16));
#5915=DIRECTION('ref_axis',(0.866025401995934,0.500000003097781,3.18793213739024E-16));
#5916=DIRECTION('',(4.16029092853315E-16,-1.78899327602475E-16,-1.));
#5917=DIRECTION('center_axis',(0.500000003097781,-0.866025401995934,3.62945909819161E-16));
#5918=DIRECTION('ref_axis',(-0.866025401995934,-0.500000003097781,-5.89267573777723E-16));
#5919=DIRECTION('',(4.13388167045188E-16,-1.80424066841303E-16,-1.));
#5920=DIRECTION('',(0.866025401995934,0.500000003097781,2.67792621227409E-16));
#5921=DIRECTION('center_axis',(-4.15103290835533E-16,1.77295791483173E-16,
1.));
#5922=DIRECTION('ref_axis',(0.856552088055635,-0.516060578273066,6.34269908748292E-16));
#5923=DIRECTION('',(-4.15103290835533E-16,1.77295791483173E-16,1.));
#5924=DIRECTION('center_axis',(4.15103290835533E-16,-1.77295791483173E-16,
-1.));
#5925=DIRECTION('ref_axis',(-0.999951112488598,0.00988800449101568,-4.30211422042248E-16));
#5926=DIRECTION('',(4.15103290835533E-16,-1.77295791483173E-16,-1.));
#5927=DIRECTION('center_axis',(-4.13388167044922E-16,1.80424066833588E-16,
1.));
#5928=DIRECTION('ref_axis',(-0.999951112488598,0.00988800449101568,-4.30211422042248E-16));
#5929=DIRECTION('center_axis',(-4.15103290835533E-16,1.77295791483173E-16,
1.));
#5930=DIRECTION('ref_axis',(0.983504169498234,-0.180885457070459,4.37499381449315E-16));
#5931=DIRECTION('',(-4.12462365027391E-16,1.7882053072201E-16,1.));
#5932=DIRECTION('center_axis',(4.13388167044922E-16,-1.80424066833588E-16,
-1.));
#5933=DIRECTION('ref_axis',(0.983504169498234,-0.180885457070459,4.37499381449315E-16));
#5934=DIRECTION('center_axis',(0.866025401995958,0.500000003097739,2.67792619566106E-16));
#5935=DIRECTION('ref_axis',(-0.500000003097739,0.866025401995958,-2.42945762673299E-16));
#5936=DIRECTION('',(4.11911024084542E-16,-1.7786558020459E-16,-1.));
#5937=DIRECTION('',(-0.500000003097739,0.866025401995958,-2.42945762673299E-16));
#5938=DIRECTION('center_axis',(-4.07697353248778E-16,1.80298344215991E-16,
1.));
#5939=DIRECTION('ref_axis',(0.335100677264568,0.942182326355588,-1.45833127116294E-16));
#5940=DIRECTION('',(-4.07697353248778E-16,1.80298344215991E-16,1.));
#5941=DIRECTION('center_axis',(4.13388167044922E-16,-1.80424066833588E-16,
-1.));
#5942=DIRECTION('ref_axis',(0.335100677264568,0.942182326355588,-1.45833127116294E-16));
#5943=DIRECTION('center_axis',(4.07697353248778E-16,-1.80298344215991E-16,
-1.));
#5944=DIRECTION('ref_axis',(0.452470213964035,-0.891779516178377,3.46944695195361E-16));
#5945=DIRECTION('',(4.07697353248778E-16,-1.80298344215991E-16,-1.));
#5946=DIRECTION('center_axis',(-4.13388167044922E-16,1.80424066833588E-16,
1.));
#5947=DIRECTION('ref_axis',(0.452470213964035,-0.891779516178377,3.46944695195361E-16));
#5948=DIRECTION('center_axis',(-4.07697353248778E-16,1.80298344215991E-16,
1.));
#5949=DIRECTION('ref_axis',(-0.0186455337827444,0.999826156924271,-3.1713495437736E-16));
#5950=DIRECTION('',(-4.09174496211025E-16,1.82856830855511E-16,1.));
#5951=DIRECTION('center_axis',(-0.500000003097781,0.866025401995934,-3.62945909822392E-16));
#5952=DIRECTION('ref_axis',(-0.866025401995934,-0.500000003097781,-3.18793213739024E-16));
#5953=DIRECTION('',(4.13388167051001E-16,-1.80424066841678E-16,-1.));
#5954=DIRECTION('',(-0.866025401995934,-0.500000003097781,-2.6779261990312E-16));
#5955=DIRECTION('',(-4.13388167049587E-16,1.80424066842494E-16,1.));
#5956=DIRECTION('center_axis',(-0.500000003097781,0.866025401995934,-3.62945909822392E-16));
#5957=DIRECTION('ref_axis',(-0.866025401995934,-0.500000003097781,-1.18708926562124E-15));
#5958=DIRECTION('center_axis',(-4.13388167051001E-16,1.80424066841678E-16,
1.));
#5959=DIRECTION('ref_axis',(-0.965925827214883,0.258819041647335,-3.92523114670952E-16));
#5960=DIRECTION('',(-4.13388167051001E-16,1.80424066841678E-16,1.));
#5961=DIRECTION('center_axis',(-3.67128874353284E-16,1.00300621564577E-16,
1.));
#5962=DIRECTION('ref_axis',(-0.965925827214883,0.258819041647335,-3.92523114670952E-16));
#5963=DIRECTION('center_axis',(-0.866025401995934,-0.500000003097781,-2.67792619570953E-16));
#5964=DIRECTION('ref_axis',(0.500000003097781,-0.866025401995934,2.4294576267653E-16));
#5965=DIRECTION('',(5.52166045985716E-16,-4.20794402137608E-16,-1.));
#5966=DIRECTION('',(0.500000003097781,-0.866025401995934,2.70427324424831E-16));
#5967=DIRECTION('center_axis',(-5.52166045985716E-16,4.20794402137608E-16,
1.));
#5968=DIRECTION('ref_axis',(-0.258819041647367,-0.965925827214874,0.));
#5969=DIRECTION('center_axis',(-3.67128874353284E-16,1.00300621564577E-16,
1.));
#5970=DIRECTION('ref_axis',(-0.258819041647368,-0.965925827214874,0.));
#5971=DIRECTION('center_axis',(0.612372434430678,0.353553392783474,0.70710678118707));
#5972=DIRECTION('ref_axis',(0.755928946687991,0.,-0.654653669934863));
#5973=DIRECTION('',(-0.612372434431595,-0.353553392783994,0.707106781186016));
#5974=DIRECTION('',(0.500000003097781,-0.866025401995934,-9.96470171156508E-17));
#5975=DIRECTION('',(0.612372434431591,0.353553392783995,-0.707106781186019));
#5976=DIRECTION('',(-0.500000003097781,0.866025401995934,9.96470171156508E-17));
#5977=DIRECTION('center_axis',(0.,0.,-1.));
#5978=DIRECTION('ref_axis',(0.258819042207163,0.965925827064877,8.6606353339339E-17));
#5979=DIRECTION('center_axis',(-1.82091703583502E-16,-2.20193159498544E-16,
1.));
#5980=DIRECTION('ref_axis',(0.258819042207163,0.965925827064877,0.));
#5981=DIRECTION('',(0.35355339207395,-0.612372434840944,0.707106781186532));
#5982=DIRECTION('center_axis',(1.82091703583502E-16,2.20193159498544E-16,
-1.));
#5983=DIRECTION('ref_axis',(0.258819042207163,0.965925827064877,2.59819060018012E-16));
#5984=DIRECTION('center_axis',(-0.353553392073964,0.612372434840929,0.707106781186538));
#5985=DIRECTION('ref_axis',(0.894427190250737,0.,0.447213596998315));
#5986=DIRECTION('',(0.353553392073939,-0.612372434840919,0.707106781186559));
#5987=DIRECTION('',(0.866025402575464,0.500000002094005,2.67792621111912E-16));
#5988=DIRECTION('center_axis',(0.,0.,-1.));
#5989=DIRECTION('ref_axis',(-0.965925827064868,0.258819042207198,-3.9632298914518E-17));
#5990=DIRECTION('',(0.612372434431145,0.353553392783739,0.707106781186534));
#5991=DIRECTION('center_axis',(1.82091703583502E-16,2.20193159498544E-16,
-1.));
#5992=DIRECTION('ref_axis',(-0.965925827064868,0.258819042207198,-1.18896896743554E-16));
#5993=DIRECTION('center_axis',(-0.612372434431118,-0.353553392783728,0.707106781186563));
#5994=DIRECTION('ref_axis',(0.755928946687526,0.,0.6546536699354));
#5995=DIRECTION('',(0.612372434431154,0.353553392783737,0.707106781186527));
#5996=DIRECTION('',(-0.500000003097781,0.866025401995934,9.96470171156508E-17));
#5997=DIRECTION('center_axis',(0.,0.,-1.));
#5998=DIRECTION('ref_axis',(-0.258819041647403,-0.965925827214865,-8.66063533163715E-17));
#5999=DIRECTION('',(-0.35355339278373,0.612372434431131,0.707106781186551));
#6000=DIRECTION('center_axis',(1.82091703583502E-16,2.20193159498544E-16,
-1.));
#6001=DIRECTION('ref_axis',(-0.258819041647403,-0.965925827214865,-2.59819059949111E-16));
#6002=DIRECTION('center_axis',(0.353553392783622,-0.612372434430934,0.707106781186775));
#6003=DIRECTION('ref_axis',(0.894427189891735,0.,-0.447213597716319));
#6004=DIRECTION('',(-0.353553392783835,0.612372434431333,0.707106781186323));
#6005=DIRECTION('',(-0.866025401995934,-0.500000003097781,-2.67792621227409E-16));
#6006=DIRECTION('center_axis',(0.,0.,-1.));
#6007=DIRECTION('ref_axis',(0.965925827214871,-0.258819041647379,3.01314375412008E-16));
#6008=DIRECTION('center_axis',(-1.82091703583502E-16,-2.20193159498544E-16,
1.));
#6009=DIRECTION('ref_axis',(0.965925827214871,-0.258819041647379,3.92523114670943E-16));
#6010=DIRECTION('center_axis',(1.82091703583502E-16,2.20193159498544E-16,
-1.));
#6011=DIRECTION('ref_axis',(0.965925827214871,-0.258819041647379,1.18896896894137E-16));
#6012=DIRECTION('center_axis',(-1.82091702147623E-16,-2.20193158662953E-16,
1.));
#6013=DIRECTION('ref_axis',(0.258819042207163,0.965925827064877,0.));
#6014=DIRECTION('',(1.82091702147623E-16,2.20193158662953E-16,-1.));
#6015=DIRECTION('center_axis',(1.3678511690617E-15,2.0717043711243E-15,
-1.));
#6016=DIRECTION('ref_axis',(-0.500000002094003,0.866025402575465,1.11022302462514E-15));
#6017=DIRECTION('center_axis',(0.866025401995934,0.500000003097781,2.67792619566106E-16));
#6018=DIRECTION('ref_axis',(-0.500000003097781,0.866025401995934,-2.42945762673299E-16));
#6019=DIRECTION('',(-4.13388167045188E-16,1.80424066841303E-16,1.));
#6020=DIRECTION('',(0.500000003097781,-0.866025401995934,3.62945909812346E-16));
#6021=DIRECTION('center_axis',(-1.82091703583502E-16,-2.20193159498544E-16,
1.));
#6022=DIRECTION('ref_axis',(-0.5,0.866025403784438,9.96470180698006E-17));
#6023=DIRECTION('center_axis',(0.612372434430725,0.353553392783463,0.707106781187036));
#6024=DIRECTION('ref_axis',(0.755928946687951,0.,-0.654653669934909));
#6025=DIRECTION('',(-0.612372434431562,-0.353553392783954,0.707106781186065));
#6026=DIRECTION('',(0.50000000309774,-0.866025401995958,2.70427324424819E-16));
#6027=DIRECTION('',(0.612372434431562,0.353553392783954,-0.707106781186065));
#6028=DIRECTION('',(-0.50000000309774,0.866025401995958,-2.70427324424819E-16));
#6029=DIRECTION('center_axis',(0.,0.,-1.));
#6030=DIRECTION('ref_axis',(0.258819041647421,0.965925827214859,-6.21005811238284E-19));
#6031=DIRECTION('center_axis',(-3.67128874353284E-16,1.00300621564577E-16,
1.));
#6032=DIRECTION('ref_axis',(0.258819041647421,0.965925827214859,0.));
#6033=DIRECTION('',(0.353553392783734,-0.612372434431098,0.707106781186577));
#6034=DIRECTION('center_axis',(3.67128874353284E-16,-1.00300621564577E-16,
-1.));
#6035=DIRECTION('ref_axis',(0.258819041647421,0.96592582721486,-1.86301743371484E-18));
#6036=DIRECTION('center_axis',(-0.353553392783982,0.612372434431557,0.707106781186055));
#6037=DIRECTION('ref_axis',(0.894427189891371,0.,0.447213597717048));
#6038=DIRECTION('',(0.353553392783497,-0.6123724344307,0.70710678118704));
#6039=DIRECTION('',(0.866025401995934,0.500000003097781,2.6779261990312E-16));
#6040=DIRECTION('center_axis',(0.,0.,-1.));
#6041=DIRECTION('ref_axis',(-0.965925827214883,0.258819041647335,-3.88541733915348E-16));
#6042=DIRECTION('',(0.612372434431135,0.353553392783784,0.70710678118652));
#6043=DIRECTION('center_axis',(3.67128874353284E-16,-1.00300621564577E-16,
-1.));
#6044=DIRECTION('ref_axis',(-0.965925827214883,0.258819041647335,-3.8057897240414E-16));
#6045=DIRECTION('center_axis',(-0.612372434431558,-0.353553392783982,0.707106781186055));
#6046=DIRECTION('ref_axis',(0.75592894668706,0.,0.654653669935938));
#6047=DIRECTION('',(0.612372434430713,0.353553392783484,0.707106781187035));
#6048=DIRECTION('',(-0.500000003097781,0.866025401995934,-2.70427324424831E-16));
#6049=DIRECTION('center_axis',(0.,0.,-1.));
#6050=DIRECTION('ref_axis',(-0.258819041647368,-0.965925827214874,6.21005811245327E-19));
#6051=DIRECTION('',(-0.353553392783752,0.612372434431125,0.707106781186544));
#6052=DIRECTION('center_axis',(3.67128874353284E-16,-1.00300621564577E-16,
-1.));
#6053=DIRECTION('ref_axis',(-0.258819041647368,-0.965925827214874,1.86301743373595E-18));
#6054=DIRECTION('center_axis',(0.353553392785181,-0.612372434433576,0.707106781183708));
#6055=DIRECTION('ref_axis',(0.894427189890171,0.,-0.447213597719449));
#6056=DIRECTION('',(-0.353553392782338,0.612372434428658,0.707106781189388));
#6057=DIRECTION('',(-0.866025401995913,-0.500000003097816,-2.67792619903109E-16));
#6058=DIRECTION('center_axis',(0.,0.,-1.));
#6059=DIRECTION('ref_axis',(0.96592582721486,-0.25881904164742,3.88541733915333E-16));
#6060=DIRECTION('center_axis',(-3.67128874353284E-16,1.00300621564577E-16,
1.));
#6061=DIRECTION('ref_axis',(0.96592582721486,-0.25881904164742,3.92523114670929E-16));
#6062=DIRECTION('center_axis',(3.67128874353284E-16,-1.00300621564577E-16,
-1.));
#6063=DIRECTION('ref_axis',(0.96592582721486,-0.25881904164742,3.8057897240414E-16));
#6064=DIRECTION('center_axis',(-4.13388167049587E-16,1.80424066842494E-16,
1.));
#6065=DIRECTION('ref_axis',(0.258819041647421,0.965925827214859,0.));
#6066=DIRECTION('',(4.13388167049587E-16,-1.80424066842494E-16,-1.));
#6067=DIRECTION('center_axis',(0.,0.,1.));
#6068=DIRECTION('ref_axis',(0.866025401995963,0.50000000309773,0.));
#6069=DIRECTION('center_axis',(0.866025401995958,0.50000000309774,2.67792619569337E-16));
#6070=DIRECTION('ref_axis',(-0.50000000309774,0.866025401995958,-2.42945762673299E-16));
#6071=DIRECTION('',(-5.52166045984291E-16,4.2079440213843E-16,1.));
#6072=DIRECTION('',(0.50000000309774,-0.866025401995958,3.62945909812333E-16));
#6073=DIRECTION('center_axis',(-3.67128874353284E-16,1.00300621564577E-16,
1.));
#6074=DIRECTION('ref_axis',(-0.5,0.866025403784438,-2.70427323469764E-16));
#6075=DIRECTION('center_axis',(0.500000002094005,-0.866025402575465,-9.96470174203346E-17));
#6076=DIRECTION('ref_axis',(-0.612372434840918,-0.353553392073957,0.70710678118655));
#6077=DIRECTION('center_axis',(-0.500000003097781,0.866025401995934,-3.62945909812346E-16));
#6078=DIRECTION('ref_axis',(-0.612372434431128,-0.353553392783745,-0.707106781186545));
#6079=DIRECTION('center_axis',(-0.500000003097781,0.866025401995934,-3.62945909819161E-16));
#6080=DIRECTION('ref_axis',(-0.866025401995934,-0.500000003097781,-5.89267573777724E-16));
#6081=DIRECTION('',(-0.500000003097781,0.866025401995934,-3.62945909812346E-16));
#6082=DIRECTION('center_axis',(-0.500000003097781,0.866025401995934,-3.62945909822392E-16));
#6083=DIRECTION('ref_axis',(-7.89491928622333E-16,0.,1.));
#6084=DIRECTION('center_axis',(0.500000003097781,-0.866025401995934,3.62945909822392E-16));
#6085=DIRECTION('ref_axis',(-0.866025401995934,-0.500000003097781,-1.18708926562124E-15));
#6086=DIRECTION('center_axis',(-5.52166045984291E-16,4.2079440213843E-16,
1.));
#6087=DIRECTION('ref_axis',(0.96592582721486,-0.25881904164742,3.92523114670929E-16));
#6088=DIRECTION('center_axis',(9.61481341206125E-16,5.55111515751854E-16,
1.));
#6089=DIRECTION('ref_axis',(0.500000003097821,-0.866025401995911,0.));
#6090=DIRECTION('center_axis',(0.500000003097816,-0.866025401995914,6.40501665972219E-16));
#6091=DIRECTION('ref_axis',(7.89491928622333E-16,0.,-1.));
#6092=DIRECTION('center_axis',(-0.500000003097816,0.866025401995914,-6.40501665972219E-16));
#6093=DIRECTION('ref_axis',(-0.612372434431131,-0.353553392783769,-0.707106781186531));
#6094=DIRECTION('center_axis',(-4.13388167045188E-16,1.80424066841303E-16,
1.));
#6095=DIRECTION('ref_axis',(0.965925827214871,-0.258819041647379,3.92523114670943E-16));
#6096=DIRECTION('center_axis',(0.,0.,1.));
#6097=DIRECTION('ref_axis',(0.500000003097782,-0.866025401995933,0.));
#6098=DIRECTION('center_axis',(-0.500000003097781,0.866025401995934,-3.62945909819161E-16));
#6099=DIRECTION('ref_axis',(0.,0.,1.));
#6100=DIRECTION('center_axis',(-0.50000000309774,0.866025401995958,-3.62945909812333E-16));
#6101=DIRECTION('ref_axis',(-0.612372434431147,-0.353553392783706,-0.707106781186548));
#6102=DIRECTION('',(-0.50000000309774,0.866025401995958,-3.62945909812333E-16));
#6103=DIRECTION('center_axis',(-4.13388167044922E-16,1.80424066833588E-16,
1.));
#6104=DIRECTION('ref_axis',(-0.5,0.866025403784438,-3.62945908856271E-16));
#6105=DIRECTION('',(0.500000003097816,-0.866025401995913,3.6294590981593E-16));
#6106=DIRECTION('center_axis',(3.55136464535068E-33,-9.92819467488832E-25,
-1.));
#6107=DIRECTION('ref_axis',(0.707106783715897,-0.707106778657198,0.));
#6108=DIRECTION('center_axis',(0.,0.,-1.));
#6109=DIRECTION('ref_axis',(1.,3.57704976750028E-9,0.));
#6110=DIRECTION('',(-3.55136464535068E-33,9.92819467488832E-25,1.));
#6111=DIRECTION('center_axis',(-2.77555756156289E-16,0.,1.));
#6112=DIRECTION('ref_axis',(0.707106783715897,-0.707106778657198,0.));
#6113=DIRECTION('',(3.55136464535068E-33,-9.92819467488832E-25,-1.));
#6114=DIRECTION('center_axis',(-3.5770091070631E-9,1.,-9.92819467488832E-25));
#6115=DIRECTION('ref_axis',(0.,0.,1.));
#6116=DIRECTION('center_axis',(-1.,-3.57700979947173E-9,0.));
#6117=DIRECTION('ref_axis',(0.,0.,-1.));
#6118=DIRECTION('center_axis',(3.5770091070631E-9,-1.,9.92819467488832E-25));
#6119=DIRECTION('ref_axis',(0.707106781186556,2.52932739597039E-9,-0.707106781186539));
#6120=DIRECTION('center_axis',(-3.5770091070631E-9,1.,-9.92819467488832E-25));
#6121=DIRECTION('ref_axis',(0.707106781186556,2.52932741418019E-9,-0.707106781186539));
#6122=DIRECTION('center_axis',(1.,3.5770091070631E-9,-2.44748894951338E-57));
#6123=DIRECTION('ref_axis',(2.52932474539202E-9,-0.707106781186553,-0.707106781186543));
#6124=DIRECTION('center_axis',(-1.,-3.57700979947141E-9,0.));
#6125=DIRECTION('ref_axis',(0.,0.,-1.));
#6126=DIRECTION('',(1.,3.5770091070631E-9,-2.44748894951338E-57));
#6127=DIRECTION('center_axis',(-3.5770091070631E-9,1.,-9.92819467488832E-25));
#6128=DIRECTION('ref_axis',(0.,0.,1.));
#6129=DIRECTION('center_axis',(-6.93889390390725E-16,-2.48204606768896E-24,
1.));
#6130=DIRECTION('ref_axis',(-1.,-3.57699647679512E-9,-6.93889390390725E-16));
#6131=DIRECTION('center_axis',(3.5770091070631E-9,-1.,9.92819467488832E-25));
#6132=DIRECTION('ref_axis',(-0.70710678141836,-2.52932739679955E-9,-0.707106780954735));
#6133=DIRECTION('center_axis',(-3.5770091070631E-9,1.,-9.92819467488832E-25));
#6134=DIRECTION('ref_axis',(-0.70710678141836,-2.52932741335102E-9,-0.707106780954735));
#6135=DIRECTION('center_axis',(-7.40148683083438E-16,-1.65469911248139E-24,
1.));
#6136=DIRECTION('ref_axis',(-0.707106779067004,-0.707106783306091,0.));
#6137=DIRECTION('center_axis',(-2.77555756156289E-16,0.,1.));
#6138=DIRECTION('ref_axis',(-0.707106779067004,-0.707106783306091,0.));
#6139=DIRECTION('',(7.40148683083438E-16,1.65469911248139E-24,-1.));
#6140=DIRECTION('',(-7.40148683083438E-16,-1.65469911248139E-24,1.));
#6141=DIRECTION('center_axis',(1.,2.41794794702133E-9,7.40148683083438E-16));
#6142=DIRECTION('ref_axis',(-2.41794794702133E-9,1.,-5.10005946979839E-17));
#6143=DIRECTION('',(2.41794794702133E-9,-1.,6.71115370782053E-25));
#6144=DIRECTION('',(2.41794794702133E-9,-1.,6.84227765783602E-49));
#6145=DIRECTION('',(7.40148683083438E-16,1.65469896526822E-24,-1.));
#6146=DIRECTION('',(-2.41794794702133E-9,1.,-1.78964098875214E-24));
#6147=DIRECTION('',(-7.40148683083438E-16,-1.65469889064876E-24,1.));
#6148=DIRECTION('center_axis',(1.,2.41794794702133E-9,7.40148683083438E-16));
#6149=DIRECTION('ref_axis',(-1.70974686709123E-9,0.70710678141836,-0.707106780954735));
#6150=DIRECTION('center_axis',(2.41794794702133E-9,-1.,6.84227765783602E-49));
#6151=DIRECTION('ref_axis',(-0.707106781186547,-1.70974778662481E-9,-0.707106781186548));
#6152=DIRECTION('center_axis',(2.41794140265483E-9,-1.,0.));
#6153=DIRECTION('ref_axis',(-1.,-2.41794140265483E-9,0.));
#6154=DIRECTION('center_axis',(-3.57704976750028E-9,1.,-6.84227765783602E-49));
#6155=DIRECTION('ref_axis',(0.707106781186547,2.52936117153708E-9,-0.707106781186547));
#6156=DIRECTION('',(-3.57704976750028E-9,1.,-6.84227765783602E-49));
#6157=DIRECTION('center_axis',(-3.57704976750028E-9,1.,0.));
#6158=DIRECTION('ref_axis',(1.,3.57704976750028E-9,0.));
#6159=DIRECTION('center_axis',(1.,3.57704976750028E-9,0.));
#6160=DIRECTION('ref_axis',(0.,0.,-1.));
#6161=DIRECTION('',(-3.57701145336394E-9,1.,-9.92820118718137E-25));
#6162=DIRECTION('center_axis',(-1.,-3.57704976750028E-9,0.));
#6163=DIRECTION('ref_axis',(-2.52935614724126E-9,0.707106781186561,-0.707106781186534));
#6164=DIRECTION('',(3.55131761141684E-33,-9.92806318682721E-25,-1.));
#6165=DIRECTION('',(3.57704976750028E-9,-1.,1.32377433736962E-24));
#6166=DIRECTION('',(-3.55136432939738E-33,9.9281937916093E-25,1.));
#6167=DIRECTION('center_axis',(8.77814316504787E-98,6.84227765783602E-49,
1.));
#6168=DIRECTION('ref_axis',(-0.707106783715891,0.707106778657204,0.));
#6169=DIRECTION('center_axis',(1.,3.5770097994714E-9,0.));
#6170=DIRECTION('ref_axis',(3.5770097994714E-9,-1.,0.));
#6171=DIRECTION('center_axis',(-8.77814316504787E-98,-6.84227765783602E-49,
-1.));
#6172=DIRECTION('ref_axis',(-0.707106783715897,0.707106778657199,0.));
#6173=DIRECTION('center_axis',(1.,3.5770087888283E-9,-2.44748873176829E-57));
#6174=DIRECTION('ref_axis',(2.52932725753997E-9,-0.707106781186547,-0.707106781186547));
#6175=DIRECTION('center_axis',(1.,3.57700935538219E-9,0.));
#6176=DIRECTION('ref_axis',(3.57700935538219E-9,-1.,0.));
#6177=DIRECTION('',(1.,3.5770087888283E-9,-2.44748873176829E-57));
#6178=DIRECTION('center_axis',(8.77814316504787E-98,6.84227765783602E-49,
1.));
#6179=DIRECTION('ref_axis',(1.,0.,0.));
#6180=DIRECTION('center_axis',(3.5770142403635E-9,-1.,0.));
#6181=DIRECTION('ref_axis',(-1.,-3.5770142403635E-9,0.));
#6182=DIRECTION('center_axis',(-8.77814316504787E-98,-6.84227765783602E-49,
-1.));
#6183=DIRECTION('ref_axis',(0.707106778657216,0.707106783715879,0.));
#6184=DIRECTION('center_axis',(3.5770087888283E-9,-1.,6.84227765783602E-49));
#6185=DIRECTION('ref_axis',(-0.707106781186548,-2.52933102576187E-9,-0.707106781186547));
#6186=DIRECTION('center_axis',(3.57700713493613E-9,-1.,0.));
#6187=DIRECTION('ref_axis',(-1.,-3.57700713493614E-9,-2.22044604925031E-16));
#6188=DIRECTION('',(3.5770087888283E-9,-1.,6.84227765783602E-49));
#6189=DIRECTION('center_axis',(8.77814316504787E-98,6.84227765783602E-49,
1.));
#6190=DIRECTION('ref_axis',(1.,0.,0.));
#6191=DIRECTION('center_axis',(-0.84678095556701,-0.531941738622776,0.));
#6192=DIRECTION('ref_axis',(-0.531941738622776,0.84678095556701,0.));
#6193=DIRECTION('center_axis',(-8.77814316504787E-98,-6.84227765783602E-49,
-1.));
#6194=DIRECTION('ref_axis',(0.87519761815596,-0.483765572539152,0.));
#6195=DIRECTION('center_axis',(8.77814316504787E-98,6.84227765783602E-49,
1.));
#6196=DIRECTION('ref_axis',(1.,0.,0.));
#6197=DIRECTION('center_axis',(-0.159145829279553,-0.987255086096255,0.));
#6198=DIRECTION('ref_axis',(-0.987255086096255,0.159145829279553,0.));
#6199=DIRECTION('center_axis',(8.77814316504787E-98,6.84227765783602E-49,
1.));
#6200=DIRECTION('ref_axis',(-0.833786702211775,0.552086709869757,0.));
#6201=DIRECTION('center_axis',(8.77814316504787E-98,6.84227765783602E-49,
1.));
#6202=DIRECTION('ref_axis',(1.,0.,0.));
#6203=DIRECTION('center_axis',(-1.,-3.57696094965831E-9,0.));
#6204=DIRECTION('ref_axis',(-3.57696094965831E-9,1.,0.));
#6205=DIRECTION('center_axis',(-8.77814316504787E-98,-6.84227765783602E-49,
-1.));
#6206=DIRECTION('ref_axis',(0.648403490988376,-0.761296862514281,0.));
#6207=DIRECTION('center_axis',(-1.,-3.57696082719403E-9,2.44745591508644E-57));
#6208=DIRECTION('ref_axis',(-2.52929334354287E-9,0.707106781186547,-0.707106781186547));
#6209=DIRECTION('center_axis',(-1.,-3.57696094965829E-9,0.));
#6210=DIRECTION('ref_axis',(-3.57696094965829E-9,1.,0.));
#6211=DIRECTION('',(-1.,-3.57696082719403E-9,2.44745591508644E-57));
#6212=DIRECTION('center_axis',(8.77814316504787E-98,6.84227765783602E-49,
1.));
#6213=DIRECTION('ref_axis',(1.,0.,0.));
#6214=DIRECTION('center_axis',(-0.159145835810144,0.987255085043522,0.));
#6215=DIRECTION('ref_axis',(0.987255085043521,0.159145835810144,0.));
#6216=DIRECTION('center_axis',(-8.77814316504787E-98,-6.84227765783602E-49,
-1.));
#6217=DIRECTION('ref_axis',(-0.648403485747295,-0.761296866978157,0.));
#6218=DIRECTION('center_axis',(8.77814316504787E-98,6.84227765783602E-49,
1.));
#6219=DIRECTION('ref_axis',(1.,0.,0.));
#6220=DIRECTION('center_axis',(-0.846780959352983,0.531941732596007,0.));
#6221=DIRECTION('ref_axis',(0.531941732596007,0.846780959352983,0.));
#6222=DIRECTION('center_axis',(8.77814316504787E-98,6.84227765783602E-49,
1.));
#6223=DIRECTION('ref_axis',(0.833786698421103,0.552086715594604,0.));
#6224=DIRECTION('center_axis',(8.77814316504787E-98,6.84227765783602E-49,
1.));
#6225=DIRECTION('ref_axis',(1.,0.,0.));
#6226=DIRECTION('center_axis',(-3.5770142403635E-9,1.,0.));
#6227=DIRECTION('ref_axis',(1.,3.5770142403635E-9,0.));
#6228=DIRECTION('center_axis',(-8.77814316504787E-98,-6.84227765783602E-49,
-1.));
#6229=DIRECTION('ref_axis',(-0.875197614703971,-0.483765578784271,0.));
#6230=DIRECTION('center_axis',(-3.57700880179445E-9,1.,-6.84227765783602E-49));
#6231=DIRECTION('ref_axis',(0.707106781186548,2.52933102576188E-9,-0.707106781186547));
#6232=DIRECTION('center_axis',(-3.57700713493614E-9,1.,0.));
#6233=DIRECTION('ref_axis',(1.,3.57700713493614E-9,2.22044604925031E-16));
#6234=DIRECTION('',(-3.57700880179445E-9,1.,-6.84227765783602E-49));
#6235=DIRECTION('center_axis',(8.77814316504787E-98,6.84227765783602E-49,
1.));
#6236=DIRECTION('ref_axis',(-0.707106783715875,0.70710677865722,0.));
#6237=DIRECTION('center_axis',(1.,3.57700713493614E-9,0.));
#6238=DIRECTION('ref_axis',(3.57700713493614E-9,-1.,0.));
#6239=DIRECTION('center_axis',(-8.77814316504787E-98,-6.84227765783602E-49,
-1.));
#6240=DIRECTION('ref_axis',(-0.70710678371588,0.707106778657215,0.));
#6241=DIRECTION('center_axis',(1.,3.5770087888283E-9,-2.4474887317683E-57));
#6242=DIRECTION('ref_axis',(2.52932600146601E-9,-0.707106781186547,-0.707106781186547));
#6243=DIRECTION('center_axis',(1.,3.57700713493614E-9,0.));
#6244=DIRECTION('ref_axis',(3.57700713493614E-9,-1.,0.));
#6245=DIRECTION('',(1.,3.5770087888283E-9,-2.4474887317683E-57));
#6246=DIRECTION('center_axis',(8.77814316504787E-98,6.84227765783602E-49,
1.));
#6247=DIRECTION('ref_axis',(1.,0.,0.));
#6248=DIRECTION('center_axis',(-8.77814316504787E-98,-6.84227765783602E-49,
-1.));
#6249=DIRECTION('ref_axis',(0.707106779067016,0.707106783306079,0.));
#6250=DIRECTION('center_axis',(7.40148683083438E-16,1.65469896526822E-24,
-1.));
#6251=DIRECTION('ref_axis',(0.707106779067004,0.707106783306091,0.));
#6252=DIRECTION('',(-7.40148683083438E-16,-1.65469896526822E-24,1.));
#6253=DIRECTION('center_axis',(-7.40148683083438E-16,0.,1.));
#6254=DIRECTION('ref_axis',(0.707106779067004,0.707106783306091,0.));
#6255=DIRECTION('center_axis',(-3.5770087888283E-9,1.,-9.9281937916093E-25));
#6256=DIRECTION('ref_axis',(-1.,-3.5770087888283E-9,-3.97555903300501E-16));
#6257=DIRECTION('',(2.77555756156289E-16,0.,-1.));
#6258=DIRECTION('',(-1.,-3.5770087888283E-9,-7.40148683083438E-16));
#6259=DIRECTION('center_axis',(-2.77555756156289E-16,0.,1.));
#6260=DIRECTION('ref_axis',(-0.707106783715866,0.707106778657229,-3.92523114670945E-16));
#6261=DIRECTION('',(-2.77555756156289E-16,0.,1.));
#6262=DIRECTION('center_axis',(-7.40148683083438E-16,0.,1.));
#6263=DIRECTION('ref_axis',(-0.707106783715866,0.707106778657229,-3.92523114670945E-16));
#6264=DIRECTION('center_axis',(-1.,-3.57700880179445E-9,-2.77555756156289E-16));
#6265=DIRECTION('ref_axis',(3.57700880179445E-9,-1.,5.10005951600419E-17));
#6266=DIRECTION('',(2.77555756165278E-16,-2.51290381754772E-18,-1.));
#6267=DIRECTION('center_axis',(-1.,-3.57700880179445E-9,-2.77555756156289E-16));
#6268=DIRECTION('ref_axis',(-3.57700880179445E-9,1.,1.11022302462515E-16));
#6269=DIRECTION('',(2.77555756156289E-16,0.,-1.));
#6270=DIRECTION('',(3.57700880179445E-9,-1.,2.64751835402603E-24));
#6271=DIRECTION('center_axis',(-2.79081558977811E-16,2.51290381208991E-18,
1.));
#6272=DIRECTION('ref_axis',(-0.875197614703981,-0.483765578784251,-3.17134954374151E-16));
#6273=DIRECTION('',(-2.79081558977811E-16,2.51290381208991E-18,1.));
#6274=DIRECTION('center_axis',(2.79081558977811E-16,-2.51290381208991E-18,
-1.));
#6275=DIRECTION('ref_axis',(0.508538819326253,0.86103906371213,1.38777878078145E-16));
#6276=DIRECTION('',(2.79081558977811E-16,-2.51290381208991E-18,-1.));
#6277=DIRECTION('center_axis',(-2.77555756156289E-16,0.,1.));
#6278=DIRECTION('ref_axis',(0.508538819326253,0.86103906371213,1.38777878078145E-16));
#6279=DIRECTION('center_axis',(-2.79081558977811E-16,2.51290381208991E-18,
1.));
#6280=DIRECTION('ref_axis',(-0.648403485747298,-0.761296866978154,-1.45833127149772E-16));
#6281=DIRECTION('',(-2.79081558968822E-16,-5.45773686907349E-27,1.));
#6282=DIRECTION('center_axis',(2.77555756156289E-16,0.,-1.));
#6283=DIRECTION('ref_axis',(-0.648403485747298,-0.761296866978154,-1.45833127149772E-16));
#6284=DIRECTION('center_axis',(3.57696082719403E-9,-1.,9.92806067133264E-25));
#6285=DIRECTION('ref_axis',(1.,3.57696082719403E-9,3.97555903300503E-16));
#6286=DIRECTION('',(2.79081559851273E-16,5.4577399505614E-27,-1.));
#6287=DIRECTION('',(1.,3.57696082719403E-9,3.97555903300503E-16));
#6288=DIRECTION('center_axis',(-2.79081559842284E-16,-2.51290527454221E-18,
1.));
#6289=DIRECTION('ref_axis',(0.648403490988375,-0.761296862514282,1.45833127116296E-16));
#6290=DIRECTION('',(-2.79081559842284E-16,-2.51290527454221E-18,1.));
#6291=DIRECTION('center_axis',(2.77555756156289E-16,0.,-1.));
#6292=DIRECTION('ref_axis',(0.648403490988375,-0.761296862514282,1.45833127116296E-16));
#6293=DIRECTION('center_axis',(2.79081559842284E-16,2.51290527454221E-18,
-1.));
#6294=DIRECTION('ref_axis',(-0.998538822567088,0.054039058340555,-2.77555756156289E-16));
#6295=DIRECTION('',(2.79081559842284E-16,2.51290527454221E-18,-1.));
#6296=DIRECTION('center_axis',(-2.77555756156289E-16,0.,1.));
#6297=DIRECTION('ref_axis',(-0.998538822567088,0.054039058340555,-2.77555756156289E-16));
#6298=DIRECTION('center_axis',(-2.79081559842284E-16,-2.51290527454221E-18,
1.));
#6299=DIRECTION('ref_axis',(0.875197618155959,-0.483765572539155,3.17134954377369E-16));
#6300=DIRECTION('',(-2.775557561473E-16,-2.5129052690844E-18,1.));
#6301=DIRECTION('center_axis',(1.,3.5770087888283E-9,2.77555756156289E-16));
#6302=DIRECTION('ref_axis',(-3.5770087888283E-9,1.,-5.10005951600419E-17));
#6303=DIRECTION('',(2.77555756156289E-16,0.,-1.));
#6304=DIRECTION('',(-3.5770087888283E-9,1.,-1.32375917221457E-24));
#6305=DIRECTION('',(-2.77555756156289E-16,0.,1.));
#6306=DIRECTION('center_axis',(1.,3.5770087888283E-9,2.77555756156289E-16));
#6307=DIRECTION('ref_axis',(-3.5770087888283E-9,1.,-1.11022302462532E-16));
#6308=DIRECTION('center_axis',(-2.77555756156289E-16,0.,1.));
#6309=DIRECTION('ref_axis',(0.707106778657214,0.707106783715881,3.92523114670939E-16));
#6310=DIRECTION('',(-2.77555756156289E-16,0.,1.));
#6311=DIRECTION('center_axis',(-3.70074341541719E-16,0.,1.));
#6312=DIRECTION('ref_axis',(0.707106778657214,0.707106783715881,3.92523114670939E-16));
#6313=DIRECTION('center_axis',(-3.5770087888283E-9,1.,-9.9281937916093E-25));
#6314=DIRECTION('ref_axis',(-1.,-3.5770087888283E-9,-3.97555903300501E-16));
#6315=DIRECTION('',(3.55136432939738E-33,-9.9281937916093E-25,-1.));
#6316=DIRECTION('',(-1.,-3.5770087888283E-9,-3.70074341541719E-16));
#6317=DIRECTION('center_axis',(-3.55136432939738E-33,9.9281937916093E-25,
1.));
#6318=DIRECTION('ref_axis',(-0.707106783715897,0.707106778657198,0.));
#6319=DIRECTION('center_axis',(-3.70074341541719E-16,0.,1.));
#6320=DIRECTION('ref_axis',(-0.707106783715897,0.707106778657198,0.));
#6321=DIRECTION('center_axis',(-3.5770091070631E-9,1.,-9.92819467488832E-25));
#6322=DIRECTION('ref_axis',(-1.,-3.5770091070631E-9,-3.975559033005E-16));
#6323=DIRECTION('',(-1.,-3.57704976750028E-9,-2.77555756156289E-16));
#6324=DIRECTION('center_axis',(2.52929363611626E-9,-0.707106781186044,0.707106781187052));
#6325=DIRECTION('ref_axis',(1.,0.,-3.57696136341702E-9));
#6326=DIRECTION('',(-2.52929334354104E-9,0.707106781187052,0.707106781186043));
#6327=DIRECTION('',(-1.,-3.57696173349646E-9,-3.70074341541719E-16));
#6328=DIRECTION('',(2.52929334354104E-9,-0.707106781187052,-0.707106781186043));
#6329=DIRECTION('',(1.,3.57696173349646E-9,3.70074341541719E-16));
#6330=DIRECTION('center_axis',(0.,0.,-1.));
#6331=DIRECTION('ref_axis',(0.707106783715855,-0.70710677865724,3.48909435575076E-16));
#6332=DIRECTION('center_axis',(-3.70074341541719E-16,0.,1.));
#6333=DIRECTION('ref_axis',(0.707106783715855,-0.70710677865724,3.92523114670951E-16));
#6334=DIRECTION('',(-0.70710678118654,-2.52933102576189E-9,0.707106781186555));
#6335=DIRECTION('center_axis',(3.70074341541719E-16,0.,-1.));
#6336=DIRECTION('ref_axis',(0.707106783715855,-0.70710677865724,2.61682077383328E-16));
#6337=DIRECTION('center_axis',(0.707106781187022,2.52932717094607E-9,0.707106781186073));
#6338=DIRECTION('ref_axis',(0.707106781186073,0.,-0.707106781187022));
#6339=DIRECTION('',(-0.707106781186073,-2.52933102576356E-9,0.707106781187022));
#6340=DIRECTION('',(3.5770087888283E-9,-1.,1.32375917221457E-24));
#6341=DIRECTION('center_axis',(0.,0.,-1.));
#6342=DIRECTION('ref_axis',(0.707106778657214,0.707106783715881,3.48909434951044E-16));
#6343=DIRECTION('',(2.52932631548451E-9,-0.707106781186537,0.707106781186559));
#6344=DIRECTION('center_axis',(3.70074341541719E-16,0.,-1.));
#6345=DIRECTION('ref_axis',(0.707106778657214,0.707106783715881,2.61682075511254E-16));
#6346=DIRECTION('center_axis',(-2.5293274326282E-9,0.707106781187039,0.707106781186056));
#6347=DIRECTION('ref_axis',(1.,0.,3.57700915890761E-9));
#6348=DIRECTION('',(2.52932788557867E-9,-0.707106781186056,0.707106781187039));
#6349=DIRECTION('',(1.,3.5770087888283E-9,3.70074341541719E-16));
#6350=DIRECTION('center_axis',(0.,0.,-1.));
#6351=DIRECTION('ref_axis',(-0.707106783715897,0.707106778657198,-8.72273591277816E-17));
#6352=DIRECTION('',(0.707106781186549,2.52935614724123E-9,0.707106781186546));
#6353=DIRECTION('center_axis',(3.70074341541719E-16,0.,-1.));
#6354=DIRECTION('ref_axis',(-0.707106783715897,0.707106778657198,-2.61682077383343E-16));
#6355=DIRECTION('center_axis',(-0.707106781189382,-2.52935614725135E-9,
0.707106781183714));
#6356=DIRECTION('ref_axis',(0.707106781183714,0.,0.707106781189382));
#6357=DIRECTION('',(0.707106781183714,2.52935614725134E-9,0.707106781189382));
#6358=DIRECTION('',(-3.57704976750028E-9,1.,-1.32377433736962E-24));
#6359=DIRECTION('center_axis',(0.,0.,-1.));
#6360=DIRECTION('ref_axis',(-0.707106778657218,-0.707106783715877,-8.72273585037528E-17));
#6361=DIRECTION('center_axis',(-3.70074341541719E-16,0.,1.));
#6362=DIRECTION('ref_axis',(-0.707106778657218,-0.707106783715877,0.));
#6363=DIRECTION('center_axis',(3.70074341541719E-16,0.,-1.));
#6364=DIRECTION('ref_axis',(-0.707106778657218,-0.707106783715877,-2.61682075511256E-16));
#6365=DIRECTION('center_axis',(-2.77555756156289E-16,0.,1.));
#6366=DIRECTION('ref_axis',(0.707106783715855,-0.70710677865724,3.92523114670951E-16));
#6367=DIRECTION('',(2.77555756156289E-16,0.,-1.));
#6368=DIRECTION('center_axis',(-1.11022302859644E-15,1.11022302065395E-15,
1.));
#6369=DIRECTION('ref_axis',(3.57696317010444E-9,-1.,1.11022302462518E-15));
#6370=DIRECTION('center_axis',(3.57696173349646E-9,-1.,9.92806318682721E-25));
#6371=DIRECTION('ref_axis',(1.,3.57696173349646E-9,3.97555903300503E-16));
#6372=DIRECTION('',(-3.55131761141684E-33,9.92806318682721E-25,1.));
#6373=DIRECTION('',(-1.,-3.57696173349646E-9,-2.77555756156289E-16));
#6374=DIRECTION('center_axis',(-3.70074341541719E-16,0.,1.));
#6375=DIRECTION('ref_axis',(1.,0.,3.70074341541719E-16));
#6376=DIRECTION('center_axis',(2.52932653351718E-9,-0.707106781186048,0.707106781187047));
#6377=DIRECTION('ref_axis',(1.,0.,-3.5770078873676E-9));
#6378=DIRECTION('',(-2.52933102576012E-9,0.707106781187045,0.70710678118605));
#6379=DIRECTION('',(-1.,-3.57700862752133E-9,-7.40148683083438E-16));
#6380=DIRECTION('',(2.52933102576012E-9,-0.707106781187047,-0.707106781186048));
#6381=DIRECTION('',(1.,3.57700862752133E-9,7.40148683083438E-16));
#6382=DIRECTION('center_axis',(0.,0.,-1.));
#6383=DIRECTION('ref_axis',(0.707106783306084,-0.707106779067011,1.74454718154456E-16));
#6384=DIRECTION('center_axis',(-7.40148683083438E-16,0.,1.));
#6385=DIRECTION('ref_axis',(0.707106783306084,-0.707106779067011,0.));
#6386=DIRECTION('',(-0.70710678118654,-1.70974276232896E-9,0.707106781186555));
#6387=DIRECTION('center_axis',(7.40148683083438E-16,0.,-1.));
#6388=DIRECTION('ref_axis',(0.707106783306084,-0.707106779067011,5.23364154463364E-16));
#6389=DIRECTION('center_axis',(0.707106781186548,1.70974738989488E-9,0.707106781186548));
#6390=DIRECTION('ref_axis',(0.707106781186548,0.,-0.707106781186548));
#6391=DIRECTION('',(-0.707106781186548,-1.70974276232895E-9,0.707106781186548));
#6392=DIRECTION('',(2.41794794702133E-9,-1.,1.78964098875214E-24));
#6393=DIRECTION('center_axis',(0.,0.,-1.));
#6394=DIRECTION('ref_axis',(0.707106779067004,0.707106783306091,1.74454717108604E-16));
#6395=DIRECTION('',(2.52933102576186E-9,-0.707106781186552,0.707106781186543));
#6396=DIRECTION('center_axis',(7.40148683083438E-16,0.,-1.));
#6397=DIRECTION('ref_axis',(0.707106779067004,0.707106783306091,5.23364151325814E-16));
#6398=DIRECTION('center_axis',(-2.5293276943085E-9,0.707106781186543,0.707106781186552));
#6399=DIRECTION('ref_axis',(1.,0.,3.57700952897693E-9));
#6400=DIRECTION('',(2.52933102576181E-9,-0.707106781186565,0.70710678118653));
#6401=DIRECTION('',(1.,3.5770087888283E-9,7.40148683083438E-16));
#6402=DIRECTION('center_axis',(0.,0.,-1.));
#6403=DIRECTION('ref_axis',(-0.707106783715866,0.707106778657229,-4.36136794702851E-16));
#6404=DIRECTION('',(0.707106781186554,2.52933102576186E-9,0.707106781186541));
#6405=DIRECTION('center_axis',(7.40148683083438E-16,0.,-1.));
#6406=DIRECTION('ref_axis',(-0.707106783715866,0.707106778657229,-5.23364154766663E-16));
#6407=DIRECTION('center_axis',(-0.707106781186343,-2.52932718011209E-9,
0.707106781186752));
#6408=DIRECTION('ref_axis',(0.707106781186752,0.,0.707106781186343));
#6409=DIRECTION('',(0.707106781186752,2.52933102576113E-9,0.707106781186343));
#6410=DIRECTION('',(-3.57700880179445E-9,1.,-2.64751835402603E-24));
#6411=DIRECTION('center_axis',(0.,0.,-1.));
#6412=DIRECTION('ref_axis',(-0.70710677865721,-0.707106783715885,-4.36136793454796E-16));
#6413=DIRECTION('center_axis',(-7.40148683083438E-16,0.,1.));
#6414=DIRECTION('ref_axis',(-0.70710677865721,-0.707106783715885,-3.92523114670942E-16));
#6415=DIRECTION('center_axis',(7.40148683083438E-16,0.,-1.));
#6416=DIRECTION('ref_axis',(-0.70710677865721,-0.707106783715885,-5.23364151022506E-16));
#6417=DIRECTION('center_axis',(-7.40148683083438E-16,-1.65469889064876E-24,
1.));
#6418=DIRECTION('ref_axis',(0.707106783306084,-0.707106779067011,0.));
#6419=DIRECTION('',(7.40148683083438E-16,1.65469889064876E-24,-1.));
#6420=DIRECTION('center_axis',(1.11022302462516E-15,2.68445421742186E-24,
-1.));
#6421=DIRECTION('ref_axis',(1.,2.41794140265484E-9,1.11022302462516E-15));
#6422=DIRECTION('center_axis',(3.57700862752133E-9,-1.,9.92819334389253E-25));
#6423=DIRECTION('ref_axis',(1.,3.57700862752133E-9,3.97555903300501E-16));
#6424=DIRECTION('',(-2.77555756156289E-16,0.,1.));
#6425=DIRECTION('',(-1.,-3.57700862752133E-9,-2.77555756156289E-16));
#6426=DIRECTION('center_axis',(-7.40148683083438E-16,0.,1.));
#6427=DIRECTION('ref_axis',(1.,0.,7.40148683083438E-16));
#6428=DIRECTION('center_axis',(1.,3.5770087888283E-9,2.77555756156289E-16));
#6429=DIRECTION('ref_axis',(3.94745964311167E-16,0.,-1.));
#6430=DIRECTION('center_axis',(-1.,-3.5770087888283E-9,-2.77555756156289E-16));
#6431=DIRECTION('ref_axis',(-3.57700880027077E-9,1.,-1.11022302462532E-16));
#6432=DIRECTION('center_axis',(1.,2.41794794702133E-9,7.40148683083438E-16));
#6433=DIRECTION('ref_axis',(0.,0.,-1.));
#6434=DIRECTION('center_axis',(-1.,-2.41794794702133E-9,-7.40148683083438E-16));
#6435=DIRECTION('ref_axis',(-1.70974689905361E-9,0.70710678141836,-0.707106780954735));
#6436=DIRECTION('center_axis',(1.,3.57700862752133E-9,2.77555756156289E-16));
#6437=DIRECTION('ref_axis',(-2.52932600146601E-9,0.707106781186547,-0.707106781186547));
#6438=DIRECTION('center_axis',(1.,3.57700880179445E-9,2.77555756156289E-16));
#6439=DIRECTION('ref_axis',(-3.57700880027068E-9,1.,1.11022302462515E-16));
#6440=DIRECTION('',(1.,3.57700862752133E-9,2.77555756156289E-16));
#6441=DIRECTION('center_axis',(-3.55131761141684E-33,9.92806318682721E-25,
1.));
#6442=DIRECTION('ref_axis',(-0.707106778657218,-0.707106783715877,0.));
#6443=DIRECTION('center_axis',(0.,0.,1.));
#6444=DIRECTION('ref_axis',(-1.,-3.57704976750028E-9,0.));
#6445=DIRECTION('center_axis',(-1.,-3.57704976750028E-9,0.));
#6446=DIRECTION('ref_axis',(0.,0.,1.));
#6447=DIRECTION('center_axis',(1.,3.57704976750028E-9,0.));
#6448=DIRECTION('ref_axis',(-2.5293561689565E-9,0.707106781186561,-0.707106781186534));
#6449=DIRECTION('center_axis',(-2.77555756156289E-16,0.,1.));
#6450=DIRECTION('ref_axis',(-0.70710677865721,-0.707106783715885,-3.92523114670942E-16));
#6451=DIRECTION('center_axis',(0.,0.,1.));
#6452=DIRECTION('ref_axis',(-1.,-3.57701424036351E-9,0.));
#6453=DIRECTION('center_axis',(1.,3.57700880179445E-9,2.77555756156289E-16));
#6454=DIRECTION('ref_axis',(0.,0.,-1.));
#6455=DIRECTION('center_axis',(1.,3.57696173349646E-9,2.77555756156289E-16));
#6456=DIRECTION('ref_axis',(-2.52929334354287E-9,0.707106781186547,-0.707106781186547));
#6457=DIRECTION('',(1.,3.57696173349646E-9,2.77555756156289E-16));
#6458=DIRECTION('center_axis',(-2.77555756156289E-16,0.,1.));
#6459=DIRECTION('ref_axis',(1.,0.,2.77555756156289E-16));
#6460=DIRECTION('center_axis',(0.866025405572943,-0.499999996902219,4.20794403795767E-16));
#6461=DIRECTION('ref_axis',(0.499999996902219,0.866025405572943,1.54610140635315E-16));
#6462=DIRECTION('center_axis',(-0.866025401995934,-0.500000003097781,-2.67792619572568E-16));
#6463=DIRECTION('ref_axis',(0.500000003097781,-0.866025401995934,2.4294576267653E-16));
#6464=DIRECTION('center_axis',(8.67361737988413E-19,1.92592994438726E-33,
-1.));
#6465=DIRECTION('ref_axis',(1.,0.,8.67361737988413E-19));
#6466=DIRECTION('',(8.67361737988413E-19,1.92592994438726E-33,-1.));
#6467=DIRECTION('center_axis',(8.77814316504787E-98,6.84227765783602E-49,
1.));
#6468=DIRECTION('ref_axis',(1.,0.,8.67361737988413E-19));
#6469=DIRECTION('center_axis',(3.8480937771121E-16,-2.21669026275347E-16,
-1.));
#6470=DIRECTION('ref_axis',(1.,0.,3.8480937771121E-16));
#6471=DIRECTION('',(3.8480937771121E-16,-2.21669026275347E-16,-1.));
#6472=DIRECTION('center_axis',(8.77814316504787E-98,6.84227765783602E-49,
1.));
#6473=DIRECTION('ref_axis',(1.,0.,3.8480937771121E-16));
#6474=DIRECTION('center_axis',(-8.65116368438107E-16,-4.99975939731006E-16,
-1.));
#6475=DIRECTION('ref_axis',(1.,0.,-8.65116368438107E-16));
#6476=DIRECTION('',(-8.65116368438107E-16,-4.99975939731006E-16,-1.));
#6477=DIRECTION('center_axis',(8.77814316504787E-98,6.84227765783602E-49,
1.));
#6478=DIRECTION('ref_axis',(1.,0.,-8.65116368438107E-16));
#6479=DIRECTION('center_axis',(8.77814316504787E-98,6.84227765783602E-49,
1.));
#6480=DIRECTION('ref_axis',(1.,-1.28292706084425E-49,0.));
#6481=DIRECTION('center_axis',(8.77814316504787E-98,6.84227765783602E-49,
1.));
#6482=DIRECTION('ref_axis',(-0.86602540378444,-0.499999999999998,3.421138828918E-49));
#6483=DIRECTION('',(0.5,-0.866025403784439,5.92558627143268E-49));
#6484=DIRECTION('center_axis',(8.77814316504787E-98,6.84227765783602E-49,
1.));
#6485=DIRECTION('ref_axis',(2.96059473233375E-15,1.,-6.84227765783602E-49));
#6486=DIRECTION('',(-1.,2.84883360945713E-16,-1.94925105568809E-64));
#6487=DIRECTION('center_axis',(8.77814316504787E-98,6.84227765783602E-49,
1.));
#6488=DIRECTION('ref_axis',(0.866025403784439,-0.499999999999999,3.421138828918E-49));
#6489=DIRECTION('',(0.5,0.866025403784439,-5.92558627143268E-49));
#6490=DIRECTION('center_axis',(8.77814316504787E-98,6.84227765783602E-49,
1.));
#6491=DIRECTION('ref_axis',(-1.,2.56585412168851E-49,-8.77814316504787E-98));
#6492=DIRECTION('center_axis',(8.77814316504787E-98,6.84227765783602E-49,
1.));
#6493=DIRECTION('ref_axis',(-1.,2.56585412168851E-49,-8.77814316504787E-98));
#6494=DIRECTION('center_axis',(8.77814316504787E-98,6.84227765783602E-49,
1.));
#6495=DIRECTION('ref_axis',(-1.,2.56585412168851E-49,-8.77814316504787E-98));
#6496=DIRECTION('center_axis',(8.77814316504787E-98,6.84227765783602E-49,
1.));
#6497=DIRECTION('ref_axis',(-1.,2.56585412168851E-49,-8.77814316504787E-98));
#6498=DIRECTION('center_axis',(8.77814316504787E-98,6.84227765783602E-49,
1.));
#6499=DIRECTION('ref_axis',(-0.86602540378444,-0.499999999999998,3.421138828918E-49));
#6500=DIRECTION('',(8.77814316504787E-98,6.84227765783602E-49,1.));
#6501=DIRECTION('',(8.77814316504787E-98,6.84227765783602E-49,1.));
#6502=DIRECTION('center_axis',(0.866025403784439,-0.5,3.42113882891801E-49));
#6503=DIRECTION('ref_axis',(0.5,0.866025403784439,-5.92558627143268E-49));
#6504=DIRECTION('',(8.77814316504787E-98,6.84227765783602E-49,1.));
#6505=DIRECTION('center_axis',(8.77814316504787E-98,6.84227765783602E-49,
1.));
#6506=DIRECTION('ref_axis',(0.866025403784439,-0.499999999999999,3.421138828918E-49));
#6507=DIRECTION('',(8.77814316504787E-98,6.84227765783602E-49,1.));
#6508=DIRECTION('center_axis',(2.84883360945713E-16,1.,-6.84227765783602E-49));
#6509=DIRECTION('ref_axis',(-1.,2.84883360945713E-16,-1.94925105568809E-64));
#6510=DIRECTION('',(8.77814316504787E-98,6.84227765783602E-49,1.));
#6511=DIRECTION('center_axis',(8.77814316504787E-98,6.84227765783602E-49,
1.));
#6512=DIRECTION('ref_axis',(2.96059473233375E-15,1.,-6.84227765783602E-49));
#6513=DIRECTION('',(8.77814316504787E-98,6.84227765783602E-49,1.));
#6514=DIRECTION('center_axis',(-0.866025403784439,-0.5,3.42113882891801E-49));
#6515=DIRECTION('ref_axis',(0.5,-0.866025403784439,5.92558627143268E-49));
#6516=DIRECTION('center_axis',(-8.77814316504787E-98,-6.84227765783602E-49,
-1.));
#6517=DIRECTION('ref_axis',(-1.,2.56585412168851E-49,-8.77814316504787E-98));
#6518=DIRECTION('',(-8.77814316504787E-98,-6.84227765783602E-49,-1.));
#6519=DIRECTION('center_axis',(-8.77814316504787E-98,-6.84227765783602E-49,
-1.));
#6520=DIRECTION('ref_axis',(-1.,2.56585412168851E-49,-8.77814316504787E-98));
#6521=DIRECTION('center_axis',(-8.77814316504787E-98,-6.84227765783602E-49,
-1.));
#6522=DIRECTION('ref_axis',(-1.,2.56585412168851E-49,-8.77814316504787E-98));
#6523=DIRECTION('',(-8.77814316504787E-98,-6.84227765783602E-49,-1.));
#6524=DIRECTION('center_axis',(-8.77814316504787E-98,-6.84227765783602E-49,
-1.));
#6525=DIRECTION('ref_axis',(-1.,2.56585412168851E-49,-8.77814316504787E-98));
#6526=DIRECTION('center_axis',(0.,0.,-1.));
#6527=DIRECTION('ref_axis',(-1.,2.56585412168851E-49,-8.77814316504787E-98));
#6528=DIRECTION('',(-8.77814316504787E-98,-6.84227765783602E-49,-1.));
#6529=DIRECTION('center_axis',(-8.77814316504787E-98,-6.84227765783602E-49,
-1.));
#6530=DIRECTION('ref_axis',(-1.,2.56585412168851E-49,-8.77814316504787E-98));
#6531=DIRECTION('center_axis',(0.,0.,-1.));
#6532=DIRECTION('ref_axis',(-1.,2.56585412168851E-49,-8.77814316504787E-98));
#6533=DIRECTION('',(-8.77814316504787E-98,-6.84227765783602E-49,-1.));
#6534=DIRECTION('center_axis',(8.77814316504787E-98,6.84227765783602E-49,
1.));
#6535=DIRECTION('ref_axis',(1.,-1.28292706084425E-49,0.));
#6536=DIRECTION('',(0.5,0.866025403784439,-5.92558627143268E-49));
#6537=DIRECTION('center_axis',(-8.77814316504787E-98,-6.84227765783602E-49,
-1.));
#6538=DIRECTION('ref_axis',(-0.866025403784442,-0.499999999999994,3.42113882891797E-49));
#6539=DIRECTION('',(-1.,3.17242050050906E-16,-2.17065819118941E-64));
#6540=DIRECTION('center_axis',(-8.77814316504787E-98,-6.84227765783602E-49,
-1.));
#6541=DIRECTION('ref_axis',(0.86602540378444,-0.499999999999997,3.42113882891799E-49));
#6542=DIRECTION('',(0.5,-0.866025403784439,5.92558627143269E-49));
#6543=DIRECTION('center_axis',(-8.77814316504787E-98,-6.84227765783602E-49,
-1.));
#6544=DIRECTION('ref_axis',(1.94289029309402E-15,1.,-6.84227765783602E-49));
#6545=DIRECTION('center_axis',(-8.77814316504787E-98,-6.84227765783602E-49,
-1.));
#6546=DIRECTION('ref_axis',(-1.,1.28292706084425E-49,0.));
#6547=DIRECTION('center_axis',(-8.77814316504787E-98,-6.84227765783602E-49,
-1.));
#6548=DIRECTION('ref_axis',(-1.,1.28292706084425E-49,0.));
#6549=DIRECTION('center_axis',(-8.77814316504787E-98,-6.84227765783602E-49,
-1.));
#6550=DIRECTION('ref_axis',(-1.,1.28292706084425E-49,0.));
#6551=DIRECTION('center_axis',(-8.77814316504787E-98,-6.84227765783602E-49,
-1.));
#6552=DIRECTION('ref_axis',(-1.,1.28292706084425E-49,0.));
#6553=DIRECTION('center_axis',(6.20708455823169E-98,-0.707106781186547,
0.707106781186548));
#6554=DIRECTION('ref_axis',(1.,0.,-8.77814316504787E-98));
#6555=DIRECTION('',(0.774596669241477,0.447213595499963,0.447213595499963));
#6556=DIRECTION('',(-1.,0.,8.77814316504787E-98));
#6557=DIRECTION('',(0.,-0.707106781186548,-0.707106781186547));
#6558=DIRECTION('center_axis',(0.,0.,-1.));
#6559=DIRECTION('ref_axis',(-8.88178419700113E-15,-1.,5.32177151165023E-49));
#6560=DIRECTION('',(-0.612372435695801,0.353553390593272,-0.707106781186543));
#6561=DIRECTION('center_axis',(-8.77814316504787E-98,-6.84227765783602E-49,
-1.));
#6562=DIRECTION('ref_axis',(-8.88178419700113E-15,-1.,0.));
#6563=DIRECTION('center_axis',(-0.612372435695794,0.353553390593272,0.707106781186548));
#6564=DIRECTION('ref_axis',(0.755928946018455,0.,0.654653670707977));
#6565=DIRECTION('',(-0.774596669241482,-0.447213595499966,-0.447213595499953));
#6566=DIRECTION('',(0.499999999999998,0.86602540378444,-5.92558627143269E-49));
#6567=DIRECTION('center_axis',(-0.86602540378444,0.499999999999998,0.));
#6568=DIRECTION('ref_axis',(0.499999999999998,0.86602540378444,0.));
#6569=DIRECTION('',(0.,0.,-1.));
#6570=DIRECTION('',(-0.5,-0.866025403784439,5.92558627143268E-49));
#6571=DIRECTION('',(0.,0.,-1.));
#6572=DIRECTION('',(0.499999999999998,0.86602540378444,-5.92558627143269E-49));
#6573=DIRECTION('',(0.,0.,-1.));
#6574=DIRECTION('',(0.5,0.866025403784439,-1.18511725428654E-48));
#6575=DIRECTION('',(0.,0.,-1.));
#6576=DIRECTION('center_axis',(0.,0.,-1.));
#6577=DIRECTION('ref_axis',(-8.88178419700113E-15,-1.,0.));
#6578=DIRECTION('',(0.,0.,-1.));
#6579=DIRECTION('center_axis',(8.77814316504787E-98,6.84227765783602E-49,
1.));
#6580=DIRECTION('ref_axis',(-0.866025403784442,-0.499999999999994,3.42113882891797E-49));
#6581=DIRECTION('center_axis',(0.,-1.,0.));
#6582=DIRECTION('ref_axis',(-1.,0.,0.));
#6583=DIRECTION('',(0.,0.,-1.));
#6584=DIRECTION('',(-1.,3.17242050050906E-16,-4.34131638237882E-64));
#6585=DIRECTION('',(0.,0.,-1.));
#6586=DIRECTION('',(-1.,0.,8.77814316504787E-98));
#6587=DIRECTION('',(0.,0.,-1.));
#6588=DIRECTION('',(1.,-3.17242050050906E-16,2.17065819118941E-64));
#6589=DIRECTION('',(0.,0.,1.));
#6590=DIRECTION('',(0.,0.,1.));
#6591=DIRECTION('center_axis',(0.612372435695794,0.353553390593273,0.707106781186548));
#6592=DIRECTION('ref_axis',(0.755928946018455,0.,-0.654653670707977));
#6593=DIRECTION('',(-0.774596669241482,0.447213595499965,0.447213595499953));
#6594=DIRECTION('',(0.499999999999999,-0.866025403784439,5.92558627143269E-49));
#6595=DIRECTION('',(0.612372435695795,0.353553390593274,-0.707106781186547));
#6596=DIRECTION('center_axis',(0.,0.,-1.));
#6597=DIRECTION('ref_axis',(0.866025403784434,0.500000000000008,-2.66088575582516E-49));
#6598=DIRECTION('',(4.47476350724876E-15,-0.707106781186548,-0.707106781186547));
#6599=DIRECTION('center_axis',(-8.77814316504787E-98,-6.84227765783602E-49,
-1.));
#6600=DIRECTION('ref_axis',(0.866025403784434,0.500000000000008,0.));
#6601=DIRECTION('center_axis',(6.20708455823169E-98,-0.707106781186547,
0.707106781186548));
#6602=DIRECTION('ref_axis',(1.,0.,-8.77814316504787E-98));
#6603=DIRECTION('',(0.774596669241478,-0.447213595499963,-0.447213595499963));
#6604=DIRECTION('center_axis',(0.,0.,-1.));
#6605=DIRECTION('ref_axis',(0.866025403784434,0.500000000000008,0.));
#6606=DIRECTION('',(0.,0.,-1.));
#6607=DIRECTION('center_axis',(8.77814316504787E-98,6.84227765783602E-49,
1.));
#6608=DIRECTION('ref_axis',(0.866025403784441,-0.499999999999997,3.42113882891799E-49));
#6609=DIRECTION('center_axis',(0.866025403784439,0.499999999999999,0.));
#6610=DIRECTION('ref_axis',(0.499999999999999,-0.866025403784439,0.));
#6611=DIRECTION('',(0.,0.,-1.));
#6612=DIRECTION('',(0.5,-0.866025403784439,1.18511725428654E-48));
#6613=DIRECTION('',(0.,0.,-1.));
#6614=DIRECTION('',(0.499999999999999,-0.866025403784439,5.92558627143269E-49));
#6615=DIRECTION('',(0.,0.,-1.));
#6616=DIRECTION('',(-0.5,0.866025403784439,-5.92558627143269E-49));
#6617=DIRECTION('center_axis',(-0.6123724356958,0.353553390593275,0.707106781186542));
#6618=DIRECTION('ref_axis',(0.755928946018449,0.,0.654653670707983));
#6619=DIRECTION('',(-1.98602732259782E-15,-0.894427190999915,0.447213595499961));
#6620=DIRECTION('',(-0.612372435695798,0.353553390593273,-0.707106781186545));
#6621=DIRECTION('center_axis',(0.,0.,-1.));
#6622=DIRECTION('ref_axis',(-0.866025403784435,0.500000000000006,-2.66088575582515E-49));
#6623=DIRECTION('',(0.6123724356958,0.353553390593264,-0.707106781186548));
#6624=DIRECTION('center_axis',(-8.77814316504787E-98,-6.84227765783602E-49,
-1.));
#6625=DIRECTION('ref_axis',(-0.866025403784435,0.500000000000006,0.));
#6626=DIRECTION('center_axis',(0.612372435695794,0.353553390593273,0.707106781186549));
#6627=DIRECTION('ref_axis',(0.755928946018456,0.,-0.654653670707976));
#6628=DIRECTION('',(1.98602732259783E-15,0.894427190999916,-0.447213595499957));
#6629=DIRECTION('center_axis',(0.,0.,-1.));
#6630=DIRECTION('ref_axis',(-0.866025403784435,0.500000000000006,0.));
#6631=DIRECTION('center_axis',(8.77814316504787E-98,6.84227765783602E-49,
1.));
#6632=DIRECTION('ref_axis',(1.94289029309402E-15,1.,-6.84227765783602E-49));
#6633=DIRECTION('center_axis',(0.186579935583529,0.982439783212002,0.));
#6634=DIRECTION('ref_axis',(-0.982439783212002,0.186579935583529,-2.55326344928733E-49));
#6635=DIRECTION('center_axis',(-0.186579935583528,0.982439783212003,0.));
#6636=DIRECTION('ref_axis',(-0.982439783212003,-0.186579935583528,2.55326344928731E-49));
#6637=DIRECTION('',(0.382683432365086,0.923879532511288,-6.32144028383398E-49));
#6638=DIRECTION('center_axis',(0.500000000000007,0.866025403784435,-5.92558627143266E-49));
#6639=DIRECTION('ref_axis',(0.61237243569579,-0.353553390593282,-0.707106781186547));
#6640=DIRECTION('center_axis',(-0.500000000000007,-0.866025403784435,0.));
#6641=DIRECTION('ref_axis',(0.61237243569579,-0.353553390593282,-0.707106781186547));
#6642=DIRECTION('',(0.500000000000007,0.866025403784435,-5.92558627143266E-49));
#6643=DIRECTION('center_axis',(0.500000000000007,0.866025403784435,0.));
#6644=DIRECTION('ref_axis',(0.61237243569579,-0.353553390593282,-0.707106781186547));
#6645=DIRECTION('center_axis',(-0.866025403784435,0.500000000000007,0.));
#6646=DIRECTION('ref_axis',(0.,0.,1.));
#6647=DIRECTION('',(0.,0.,1.));
#6648=DIRECTION('',(-0.500000000000007,-0.866025403784435,1.18511725428653E-48));
#6649=DIRECTION('',(0.,0.,-1.));
#6650=DIRECTION('center_axis',(-1.,2.22044604925032E-15,-1.51929083932157E-63));
#6651=DIRECTION('ref_axis',(1.79439138135288E-15,0.707106781186549,-0.707106781186546));
#6652=DIRECTION('center_axis',(1.,-2.22044604925032E-15,0.));
#6653=DIRECTION('ref_axis',(1.79439138135288E-15,0.707106781186549,-0.707106781186546));
#6654=DIRECTION('',(-1.,2.22044604925032E-15,-1.51929083932157E-63));
#6655=DIRECTION('center_axis',(-1.,2.22044604925032E-15,0.));
#6656=DIRECTION('ref_axis',(1.79439138135288E-15,0.707106781186549,-0.707106781186546));
#6657=DIRECTION('center_axis',(-2.22044604925032E-15,-1.,0.));
#6658=DIRECTION('ref_axis',(0.,0.,-1.));
#6659=DIRECTION('',(0.,0.,1.));
#6660=DIRECTION('',(1.,-2.22044604925032E-15,3.03858167864315E-63));
#6661=DIRECTION('',(0.,0.,-1.));
#6662=DIRECTION('center_axis',(0.500000000000007,-0.866025403784434,5.92558627143265E-49));
#6663=DIRECTION('ref_axis',(-0.612372435695791,-0.353553390593282,-0.707106781186547));
#6664=DIRECTION('center_axis',(-0.500000000000007,0.866025403784434,0.));
#6665=DIRECTION('ref_axis',(-0.612372435695791,-0.353553390593282,-0.707106781186547));
#6666=DIRECTION('',(0.500000000000007,-0.866025403784434,5.92558627143265E-49));
#6667=DIRECTION('center_axis',(0.500000000000007,-0.866025403784434,0.));
#6668=DIRECTION('ref_axis',(-0.612372435695791,-0.353553390593282,-0.707106781186547));
#6669=DIRECTION('center_axis',(0.866025403784434,0.500000000000007,0.));
#6670=DIRECTION('ref_axis',(0.,0.,-1.));
#6671=DIRECTION('',(0.,0.,1.));
#6672=DIRECTION('',(-0.500000000000007,0.866025403784434,-1.18511725428653E-48));
#6673=DIRECTION('',(0.,0.,-1.));
#6674=DIRECTION('center_axis',(-0.500000000000007,-0.866025403784435,0.));
#6675=DIRECTION('ref_axis',(0.,0.,1.));
#6676=DIRECTION('',(0.866025403784435,-0.500000000000007,6.84227765783611E-49));
#6677=DIRECTION('center_axis',(0.500000000000007,0.866025403784435,0.));
#6678=DIRECTION('ref_axis',(0.,0.,-1.));
#6679=DIRECTION('',(-0.866025403784435,0.500000000000007,-6.84227765783611E-49));
#6680=DIRECTION('center_axis',(-0.500000000000007,0.866025403784434,0.));
#6681=DIRECTION('ref_axis',(0.,0.,1.));
#6682=DIRECTION('',(-0.866025403784434,-0.500000000000007,6.84227765783612E-49));
#6683=DIRECTION('center_axis',(0.500000000000007,-0.866025403784434,0.));
#6684=DIRECTION('ref_axis',(0.,0.,-1.));
#6685=DIRECTION('',(0.866025403784434,0.500000000000007,-6.84227765783612E-49));
#6686=DIRECTION('center_axis',(-1.,2.22044604925032E-15,0.));
#6687=DIRECTION('ref_axis',(0.,0.,-1.));
#6688=DIRECTION('',(-2.22044604925032E-15,-1.,1.3684555315672E-48));
#6689=DIRECTION('center_axis',(1.,-2.22044604925032E-15,0.));
#6690=DIRECTION('ref_axis',(0.,0.,1.));
#6691=DIRECTION('',(2.22044604925032E-15,1.,-1.3684555315672E-48));
#6692=DIRECTION('center_axis',(2.63344294951436E-97,1.3684555315672E-48,
1.));
#6693=DIRECTION('ref_axis',(1.,-1.28292706084425E-49,-8.77814316504787E-98));
#6694=DIRECTION('center_axis',(8.77814316504787E-98,6.84227765783602E-49,
1.));
#6695=DIRECTION('ref_axis',(-1.,1.28292706084425E-49,0.));
#6696=DIRECTION('center_axis',(-8.77814316504787E-98,-6.84227765783602E-49,
-1.));
#6697=DIRECTION('ref_axis',(-1.,1.28292706084425E-49,0.));
#6698=DIRECTION('center_axis',(-0.707106781186547,-0.707106781186548,4.83822093061706E-49));
#6699=DIRECTION('ref_axis',(0.707106781186548,-0.707106781186547,4.83822093061706E-49));
#6700=DIRECTION('',(-0.707106781186547,-0.707106781186548,4.83822093061706E-49));
#6701=DIRECTION('center_axis',(-0.707106781186548,0.707106781186547,-4.83822093061706E-49));
#6702=DIRECTION('ref_axis',(0.707106781186547,0.707106781186548,-4.83822093061706E-49));
#6703=DIRECTION('',(-0.707106781186548,0.707106781186547,-4.83822093061706E-49));
#6704=DIRECTION('',(0.991444861373812,0.130526192220035,-8.93096448789553E-50));
#6705=DIRECTION('center_axis',(-0.707106781186548,0.707106781186547,-4.83822093061706E-49));
#6706=DIRECTION('ref_axis',(0.707106781186547,0.707106781186548,-4.83822093061706E-49));
#6707=DIRECTION('',(-0.707106781186548,0.707106781186547,-4.83822093061706E-49));
#6708=DIRECTION('',(-0.13052619222005,-0.991444861373811,6.78374102395436E-49));
#6709=DIRECTION('center_axis',(-0.707106781186547,-0.707106781186548,4.83822093061706E-49));
#6710=DIRECTION('ref_axis',(0.707106781186548,-0.707106781186547,4.83822093061706E-49));
#6711=DIRECTION('',(-0.707106781186547,-0.707106781186548,4.83822093061706E-49));
#6712=DIRECTION('center_axis',(0.612372435695795,0.353553390593274,0.707106781186547));
#6713=DIRECTION('ref_axis',(0.755928946018454,-5.44912388562809E-49,-0.654653670707978));
#6714=DIRECTION('',(-0.612372435695793,-0.353553390593276,0.707106781186548));
#6715=DIRECTION('',(0.612372435695795,0.353553390593271,-0.707106781186549));
#6716=DIRECTION('center_axis',(-8.77814316504787E-98,-6.84227765783602E-49,
-1.));
#6717=DIRECTION('ref_axis',(1.94289029309402E-15,1.,-6.84227765783602E-49));
#6718=DIRECTION('',(0.612372435695793,-0.353553390593275,0.707106781186548));
#6719=DIRECTION('center_axis',(-0.612372435695794,0.353553390593273,0.707106781186549));
#6720=DIRECTION('ref_axis',(0.755928946018456,3.50952048378297E-49,0.654653670707976));
#6721=DIRECTION('',(0.612372435695795,-0.353553390593276,0.707106781186546));
#6722=DIRECTION('center_axis',(-8.77814316504787E-98,-6.84227765783602E-49,
-1.));
#6723=DIRECTION('ref_axis',(-0.866025403784442,-0.499999999999994,3.42113882891797E-49));
#6724=DIRECTION('',(9.07166424490694E-50,0.707106781186544,0.707106781186551));
#6725=DIRECTION('center_axis',(-2.24324004868518E-16,-0.707106781186548,
0.707106781186548));
#6726=DIRECTION('ref_axis',(1.,-1.28292706084425E-49,3.17242050050906E-16));
#6727=DIRECTION('',(-3.14018491736754E-15,0.707106781186548,0.707106781186547));
#6728=DIRECTION('center_axis',(-8.77814316504787E-98,-6.84227765783602E-49,
-1.));
#6729=DIRECTION('ref_axis',(0.86602540378444,-0.499999999999997,3.42113882891799E-49));
#6730=DIRECTION('center_axis',(0.,0.,-1.));
#6731=DIRECTION('ref_axis',(1.,0.,0.));
#6732=DIRECTION('center_axis',(0.,0.,1.));
#6733=DIRECTION('ref_axis',(1.,0.,0.));
#6734=DIRECTION('',(0.,0.,1.));
#6735=DIRECTION('center_axis',(0.,0.,-1.));
#6736=DIRECTION('ref_axis',(1.,0.,0.));
#6737=DIRECTION('center_axis',(0.,0.,1.));
#6738=DIRECTION('ref_axis',(1.,0.,0.));
#6739=DIRECTION('center_axis',(0.,0.,-1.));
#6740=DIRECTION('ref_axis',(1.,0.,0.));
#6741=DIRECTION('',(0.,0.,1.));
#6742=DIRECTION('center_axis',(0.,0.,-1.));
#6743=DIRECTION('ref_axis',(1.,0.,0.));
#6744=DIRECTION('center_axis',(0.,0.,1.));
#6745=DIRECTION('ref_axis',(1.,0.,0.));
#6746=DIRECTION('center_axis',(0.,0.,-1.));
#6747=DIRECTION('ref_axis',(1.,0.,0.));
#6748=DIRECTION('',(0.,0.,1.));
#6749=DIRECTION('center_axis',(-8.77814316504787E-98,-6.84227765783602E-49,
-1.));
#6750=DIRECTION('ref_axis',(-1.,1.28292706084425E-49,0.));
#6751=DIRECTION('',(-8.77814316504787E-98,-6.84227765783602E-49,-1.));
#6752=DIRECTION('center_axis',(8.77814316504787E-98,6.84227765783602E-49,
1.));
#6753=DIRECTION('ref_axis',(1.,0.,-8.77814316504787E-98));
#6754=CARTESIAN_POINT('',(0.,0.,0.));
#6755=CARTESIAN_POINT('Origin',(-94.8666570741896,207.475770393216,-1.32806622577348));
#6756=CARTESIAN_POINT('',(-95.3666570710918,206.609744987643,1.17193377422597));
#6757=CARTESIAN_POINT('',(-95.7326824797625,207.975770390118,1.17193377422597));
#6758=CARTESIAN_POINT('Origin',(-94.8666570741896,207.475770393216,1.17193377422598));
#6759=CARTESIAN_POINT('',(-95.7326824797626,207.975770390118,6.67193377422651));
#6760=CARTESIAN_POINT('',(-95.7326824797625,207.975770390118,-1.32806622577348));
#6761=CARTESIAN_POINT('',(-95.3666570710918,206.609744987643,6.67193377422652));
#6762=CARTESIAN_POINT('Origin',(-94.8666570741896,207.475770393216,6.67193377422651));
#6763=CARTESIAN_POINT('',(-95.3666570710918,206.609744987643,-1.32806622577348));
#6764=CARTESIAN_POINT('Origin',(-94.1166570788364,208.774808501576,1.17193377422598));
#6765=CARTESIAN_POINT('',(-94.1166570788364,208.774808501576,-1.32806622577402));
#6766=CARTESIAN_POINT('',(-94.9826824844092,209.274808498478,-0.328066225774025));
#6767=CARTESIAN_POINT('Origin',(-94.1166570788364,208.774808501576,-0.328066225774024));
#6768=CARTESIAN_POINT('Origin',(-94.9826824844092,209.274808498478,1.17193377422598));
#6769=CARTESIAN_POINT('Origin',(-94.1166570788364,208.774808501576,1.17193377422598));
#6770=CARTESIAN_POINT('Origin',(-97.0543173228367,203.68663166156,-0.328066225774024));
#6771=CARTESIAN_POINT('',(-85.0016571371984,224.562451641897,-1.32806622577402));
#6772=CARTESIAN_POINT('',(-85.8676825427714,225.0624516388,-0.328066225774024));
#6773=CARTESIAN_POINT('Origin',(-85.0016571371984,224.562451641897,-0.328066225774024));
#6774=CARTESIAN_POINT('',(-97.9203427284096,204.186631658462,-0.328066225774024));
#6775=CARTESIAN_POINT('',(-97.0543173228367,203.68663166156,-1.32806622577402));
#6776=CARTESIAN_POINT('Ctrl Pts',(-85.8676825427714,225.0624516388,-0.328066225774025));
#6777=CARTESIAN_POINT('Ctrl Pts',(-85.6993829373718,225.353955108654,-0.328066225774024));
#6778=CARTESIAN_POINT('Ctrl Pts',(-85.3061409553369,226.035070206833,-0.0535984937828928));
#6779=CARTESIAN_POINT('Ctrl Pts',(-85.1176825474181,226.361489747159,0.723134823713149));
#6780=CARTESIAN_POINT('Ctrl Pts',(-85.1176825474181,226.361489747159,1.17193377422598));
#6781=CARTESIAN_POINT('Ctrl Pts',(-85.8676825427714,225.0624516388,-0.627265526115911));
#6782=CARTESIAN_POINT('Ctrl Pts',(-85.6656674026969,225.412352128201,-0.627265526166526));
#6783=CARTESIAN_POINT('Ctrl Pts',(-85.1939033992254,226.229471358148,-0.298230263438212));
#6784=CARTESIAN_POINT('Ctrl Pts',(-84.9680828980636,226.620603942776,0.63322673061743));
#6785=CARTESIAN_POINT('Ctrl Pts',(-84.9680828980636,226.620603942776,1.17193377422598));
#6786=CARTESIAN_POINT('Ctrl Pts',(-85.650031620662,224.936790821368,-1.14503523478617));
#6787=CARTESIAN_POINT('Ctrl Pts',(-85.3901031170884,225.387000199435,-1.14503523491736));
#6788=CARTESIAN_POINT('Ctrl Pts',(-84.7827034521698,226.439047287852,-0.72103678983546));
#6789=CARTESIAN_POINT('Ctrl Pts',(-84.4915471226999,226.943344847409,0.478791093765171));
#6790=CARTESIAN_POINT('Ctrl Pts',(-84.4915471226999,226.943344847409,1.17193377422598));
#6791=CARTESIAN_POINT('Ctrl Pts',(-85.1959927837677,224.674651378831,-1.32806622577402));
#6792=CARTESIAN_POINT('Ctrl Pts',(-84.9154022515188,225.160648440376,-1.32806622583294));
#6793=CARTESIAN_POINT('Ctrl Pts',(-84.2599465745763,226.295930983286,-0.870732544822535));
#6794=CARTESIAN_POINT('Ctrl Pts',(-83.9459927905218,226.839714892491,0.423692350697341));
#6795=CARTESIAN_POINT('Ctrl Pts',(-83.9459927905218,226.839714892491,1.17193377422598));
#6796=CARTESIAN_POINT('Ctrl Pts',(-85.0016571371984,224.562451641897,-1.32806622577402));
#6797=CARTESIAN_POINT('Ctrl Pts',(-84.7211577946405,225.048290758191,-1.32806622577402));
#6798=CARTESIAN_POINT('Ctrl Pts',(-84.0657544907229,226.183482588187,-0.870620005788807));
#6799=CARTESIAN_POINT('Ctrl Pts',(-83.7516571439391,226.72751515525,0.423935523371265));
#6800=CARTESIAN_POINT('Ctrl Pts',(-83.7516571439391,226.72751515525,1.17193377422598));
#6801=CARTESIAN_POINT('',(-83.7516571449429,226.72751515583,1.17193377422598));
#6802=CARTESIAN_POINT('',(-85.1176825474181,226.361489747159,1.17193377422598));
#6803=CARTESIAN_POINT('Origin',(-84.2516571418451,225.861489750257,1.17193377422598));
#6804=CARTESIAN_POINT('Origin',(-85.8676825427714,225.0624516388,1.17193377422598));
#6805=CARTESIAN_POINT('Origin',(-85.0016571371984,224.562451641897,1.17193377422598));
#6806=CARTESIAN_POINT('Origin',(-84.2516571418452,225.861489750257,2.67193377422667));
#6807=CARTESIAN_POINT('',(-83.7516571439392,226.72751515525,6.67193377422652));
#6808=CARTESIAN_POINT('',(-85.1176825474188,226.361489747159,6.67193377422652));
#6809=CARTESIAN_POINT('Origin',(-84.2516571418452,225.861489750257,6.67193377422652));
#6810=CARTESIAN_POINT('',(-85.1176825474181,226.361489747159,2.67193377422667));
#6811=CARTESIAN_POINT('',(-83.7516571439392,226.72751515525,2.67193377422667));
#6812=CARTESIAN_POINT('Origin',(-86.5748999551831,228.357515143208,6.67193377422683));
#6813=CARTESIAN_POINT('',(-86.61864312215,228.38277027229,6.67193377422652));
#6814=CARTESIAN_POINT('',(-88.9867806996899,229.750015132526,6.67193377422652));
#6815=CARTESIAN_POINT('',(-83.1107983462516,226.357515157959,1.17193377422594));
#6816=CARTESIAN_POINT('',(-50.5006117296707,207.530015241685,1.17193377422598));
#6817=CARTESIAN_POINT('',(-83.1107983462516,226.357515157959,18.1719337742269));
#6818=CARTESIAN_POINT('',(-83.1107983462516,226.357515157959,2.67193377422667));
#6819=CARTESIAN_POINT('',(-85.708874551194,227.857515145882,18.1719337742268));
#6820=CARTESIAN_POINT('',(-85.4923682038598,227.732515148665,18.1719337742268));
#6821=CARTESIAN_POINT('',(-85.708874551194,227.857515145882,9.17193377422652));
#6822=CARTESIAN_POINT('',(-85.708874551194,227.857515145882,2.67193377422668));
#6823=CARTESIAN_POINT('Origin',(-88.739963468671,229.607515138553,9.17193377422652));
#6824=CARTESIAN_POINT('Origin',(-51.7506117244357,205.364951729201,1.17193377422598));
#6825=CARTESIAN_POINT('',(-84.3607983410166,224.192451645475,-1.32806622577402));
#6826=CARTESIAN_POINT('',(-51.7506117244357,205.364951729201,-1.32806622577402));
#6827=CARTESIAN_POINT('Origin',(-84.3607983410166,224.192451645475,1.17193377422594));
#6828=CARTESIAN_POINT('Origin',(-29.5166439170807,160.565313536537,-1.32806622577402));
#6829=CARTESIAN_POINT('',(-42.5070249738473,85.5653135365367,-1.32806622577402));
#6830=CARTESIAN_POINT('',(-16.5262628603141,85.5653135365366,-1.32806622577402));
#6831=CARTESIAN_POINT('Origin',(-29.5166439170807,93.0653135365366,-1.32806622577402));
#6832=CARTESIAN_POINT('',(61.4160234802854,220.565313536537,-1.32806622577402));
#6833=CARTESIAN_POINT('',(-16.5262628603141,85.5653135365366,-1.32806622577402));
#6834=CARTESIAN_POINT('',(48.4256424235188,243.065313536537,-1.32806622577402));
#6835=CARTESIAN_POINT('Origin',(48.4256424235188,228.065313536537,-1.32806622577402));
#6836=CARTESIAN_POINT('',(-107.45893025768,243.065313536537,-1.32806622577402));
#6837=CARTESIAN_POINT('',(48.4256424235188,243.065313536537,-1.32806622577402));
#6838=CARTESIAN_POINT('',(-120.449311314447,220.565313536537,-1.32806622577402));
#6839=CARTESIAN_POINT('Origin',(-107.45893025768,228.065313536537,-1.32806622577402));
#6840=CARTESIAN_POINT('',(-120.449311314447,220.565313536537,-1.32806622577402));
#6841=CARTESIAN_POINT('',(25.0484384219887,226.155818536907,-1.32806622577402));
#6842=CARTESIAN_POINT('',(34.1634384765716,210.368175461794,-1.32806622577402));
#6843=CARTESIAN_POINT('',(31.8535639945243,214.368995390757,-1.32806622577402));
#6844=CARTESIAN_POINT('',(24.4075796245118,225.785818534614,-1.32806622577402));
#6845=CARTESIAN_POINT('',(-10.3676704233802,205.70831839247,-1.32806622577402));
#6846=CARTESIAN_POINT('',(19.6264907066837,227.066907430758,-1.32806622577402));
#6847=CARTESIAN_POINT('Origin',(22.6575796136695,228.8169074416,-1.32806622577402));
#6848=CARTESIAN_POINT('',(15.726490682521,233.821905566326,-1.32806622577402));
#6849=CARTESIAN_POINT('',(25.6816162745727,216.579122387602,-1.32806622577402));
#6850=CARTESIAN_POINT('',(17.0075795786645,238.602994484154,-1.32806622577402));
#6851=CARTESIAN_POINT('Origin',(18.7575795895068,235.571905577168,-1.32806622577402));
#6852=CARTESIAN_POINT('',(19.9853049801852,240.322185060497,-1.32806622577402));
#6853=CARTESIAN_POINT('',(-15.6026069642379,219.775494349756,-1.32806622577402));
#6854=CARTESIAN_POINT('',(23.3710753148042,240.385325532185,-1.32806622577402));
#6855=CARTESIAN_POINT('Origin',(21.7353049910274,237.291096153511,-1.32806622577402));
#6856=CARTESIAN_POINT('',(37.7764831434377,239.501656689303,-1.32806622577402));
#6857=CARTESIAN_POINT('Origin',(31.549926933688,255.856472425557,-1.32806622577402));
#6858=CARTESIAN_POINT('',(43.885626213346,237.328852208719,-1.32806622577402));
#6859=CARTESIAN_POINT('Origin',(39.5554992033662,234.82885219323,-1.32806622577402));
#6860=CARTESIAN_POINT('',(53.2581632938879,221.095141923498,-1.32806622577402));
#6861=CARTESIAN_POINT('',(56.577020333907,215.346712954613,-1.32806622577402));
#6862=CARTESIAN_POINT('',(52.0852956801073,214.718066579219,-1.32806622577402));
#6863=CARTESIAN_POINT('Origin',(48.9280362839081,218.595141908009,-1.32806622577402));
#6864=CARTESIAN_POINT('',(45.6478715173784,201.800782974938,-1.32806622577402));
#6865=CARTESIAN_POINT('Origin',(63.1357035668047,201.148302928454,-1.32806622577402));
#6866=CARTESIAN_POINT('',(43.9003051183354,198.900190077248,-1.32806622577402));
#6867=CARTESIAN_POINT('Origin',(42.1503051074932,201.931278984234,-1.32806622577402));
#6868=CARTESIAN_POINT('',(40.9225797268313,197.180999506689,-1.32806622577402));
#6869=CARTESIAN_POINT('',(6.14732967893897,177.103499364547,-1.32806622577402));
#6870=CARTESIAN_POINT('',(36.1414908090032,198.462088402832,-1.32806622577402));
#6871=CARTESIAN_POINT('Origin',(39.172579715989,200.212088413675,-1.32806622577402));
#6872=CARTESIAN_POINT('',(32.2414907825222,205.217086542416,-1.32806622577402));
#6873=CARTESIAN_POINT('',(33.8891163254227,202.363315413839,-1.32806622577402));
#6874=CARTESIAN_POINT('',(33.522579682179,209.998175462273,-1.32806622577402));
#6875=CARTESIAN_POINT('Origin',(35.272579689508,206.967086553258,-1.32806622577402));
#6876=CARTESIAN_POINT('',(0.912393115843171,191.170675364742,-1.32806622577402));
#6877=CARTESIAN_POINT('',(-14.5166439170807,183.065313536537,-1.32806622577402));
#6878=CARTESIAN_POINT('Origin',(-29.5166439170807,183.065313536537,-1.32806622577402));
#6879=CARTESIAN_POINT('',(-0.20575459105351,200.565313648295,-1.32806622577407));
#6880=CARTESIAN_POINT('Origin',(0.79424540894649,200.565313648295,-1.32806622577407));
#6881=CARTESIAN_POINT('',(-60.8275332431078,200.565313648295,-1.32806622577405));
#6882=CARTESIAN_POINT('Origin',(-59.8275332431078,200.565313648295,-1.32806622577405));
#6883=CARTESIAN_POINT('',(-30.5166439170806,148.065313313019,-1.32806622577402));
#6884=CARTESIAN_POINT('Origin',(-29.5166439170806,148.065313313019,-1.32806622577402));
#6885=CARTESIAN_POINT('',(-41.2743821491273,165.610313536537,-1.32806622577402));
#6886=CARTESIAN_POINT('',(-50.5119864561615,181.610313536537,-1.32806622577402));
#6887=CARTESIAN_POINT('',(-43.3311924831154,169.172813536537,-1.32806622577402));
#6888=CARTESIAN_POINT('',(-54.6977759077859,157.860313536537,-1.32806622577402));
#6889=CARTESIAN_POINT('',(-40.3390747130402,166.150313536537,-1.32806622577402));
#6890=CARTESIAN_POINT('',(-61.0486288688721,157.860313536537,-1.32806622577402));
#6891=CARTESIAN_POINT('',(-18.2970430486806,157.860313536537,-1.32806622577402));
#6892=CARTESIAN_POINT('',(-67.1108066953632,168.360313536537,-1.32806622577402));
#6893=CARTESIAN_POINT('Origin',(-61.0486288688721,164.860313536537,-1.32806622577402));
#6894=CARTESIAN_POINT('',(-63.9353802148203,173.860313536537,-1.32806622577402));
#6895=CARTESIAN_POINT('',(-64.0992033537028,173.576563536537,-1.32806622577402));
#6896=CARTESIAN_POINT('',(-49.5766790200744,182.150313536537,-1.32806622577402));
#6897=CARTESIAN_POINT('',(-37.5995476857354,203.975313536537,-1.32806622577402));
#6898=CARTESIAN_POINT('',(-21.4337401484259,203.975313536537,-1.32806622577402));
#6899=CARTESIAN_POINT('',(-25.4751920327532,203.975313536537,-1.32806622577402));
#6900=CARTESIAN_POINT('',(-37.5995476857354,219.475313536537,-1.32806622577402));
#6901=CARTESIAN_POINT('',(-37.5995476857354,185.020313536537,-1.32806622577402));
#6902=CARTESIAN_POINT('',(-35.5788217435717,222.975313536537,-1.32806622577402));
#6903=CARTESIAN_POINT('',(-64.0992033537027,173.576563536537,-1.32806622577402));
#6904=CARTESIAN_POINT('',(-23.4544660905895,222.975313536537,-1.32806622577402));
#6905=CARTESIAN_POINT('Origin',(-29.5166439170806,219.475313536537,-1.32806622577402));
#6906=CARTESIAN_POINT('',(-21.4337401484258,219.475313536537,-1.32806622577402));
#6907=CARTESIAN_POINT('',(1.31313876980892,180.076563536537,-1.32806622577402));
#6908=CARTESIAN_POINT('',(-21.4337401484259,185.020313536537,-1.32806622577402));
#6909=CARTESIAN_POINT('',(-8.52130137799989,181.610313536537,-1.32806622577402));
#6910=CARTESIAN_POINT('',(-17.758905685034,165.610313536537,-1.32806622577402));
#6911=CARTESIAN_POINT('',(-20.320897504563,161.172813536537,-1.32806622577402));
#6912=CARTESIAN_POINT('',(4.90209238065898,173.860313536537,-1.32806622577402));
#6913=CARTESIAN_POINT('',(-9.45660881408699,182.150313536537,-1.32806622577402));
#6914=CARTESIAN_POINT('',(8.0775188612018,168.360313536537,-1.32806622577402));
#6915=CARTESIAN_POINT('',(1.31313876980891,180.076563536537,-1.32806622577402));
#6916=CARTESIAN_POINT('',(2.01534103471078,157.860313536537,-1.32806622577402));
#6917=CARTESIAN_POINT('Origin',(2.01534103471074,164.860313536537,-1.32806622577402));
#6918=CARTESIAN_POINT('',(-4.33551192637536,157.860313536537,-1.32806622577402));
#6919=CARTESIAN_POINT('',(-18.2970430486806,157.860313536537,-1.32806622577402));
#6920=CARTESIAN_POINT('',(-18.6942131211211,166.150313536537,-1.32806622577402));
#6921=CARTESIAN_POINT('',(-19.4817130943966,114.265313571126,-1.32806622577402));
#6922=CARTESIAN_POINT('',(-37.7117130906173,114.265313505917,-1.32806622577402));
#6923=CARTESIAN_POINT('',(-23.3491784229308,114.265313557292,-1.32806622577402));
#6924=CARTESIAN_POINT('',(-19.4817130970436,115.005313571126,-1.32806622577402));
#6925=CARTESIAN_POINT('',(-19.4817131803173,138.285313571779,-1.32806622577402));
#6926=CARTESIAN_POINT('',(-15.9817131095631,118.505313583645,-1.32806622577402));
#6927=CARTESIAN_POINT('Origin',(-15.9817130970436,115.005313583645,-1.32806622577402));
#6928=CARTESIAN_POINT('',(-8.18171310956304,118.505313611546,-1.32806622577402));
#6929=CARTESIAN_POINT('',(-18.3491784380974,118.505313575177,-1.32806622577402));
#6930=CARTESIAN_POINT('',(-4.68171309704351,115.005313624066,-1.32806622577402));
#6931=CARTESIAN_POINT('Origin',(-8.18171309704351,115.005313611546,-1.32806622577402));
#6932=CARTESIAN_POINT('',(-4.68171308474439,111.566932492683,-1.32806622577402));
#6933=CARTESIAN_POINT('',(-4.68171317137375,135.785313624718,-1.32806622577402));
#6934=CARTESIAN_POINT('',(-6.31991699956467,108.603199135679,-1.32806622577402));
#6935=CARTESIAN_POINT('Origin',(-8.18171308474439,111.566932480164,-1.32806622577402));
#6936=CARTESIAN_POINT('',(-14.2879005803506,96.5695844256485,-1.32806622577402));
#6937=CARTESIAN_POINT('Origin',(2.98906342633385,93.7845324132564,-1.32806622577402));
#6938=CARTESIAN_POINT('',(-19.2241759929471,92.3653135720463,-1.32806622577402));
#6939=CARTESIAN_POINT('Origin',(-19.2241760108319,97.3653135720463,-1.32806622577402));
#6940=CARTESIAN_POINT('',(-37.9692500378962,92.3653135049959,-1.32806622577402));
#6941=CARTESIAN_POINT('',(-34.8641783445959,92.3653135161026,-1.32806622577402));
#6942=CARTESIAN_POINT('',(-42.9055254809986,96.5695843259452,-1.32806622577402));
#6943=CARTESIAN_POINT('Origin',(-37.969250055781,97.3653135049959,-1.32806622577402));
#6944=CARTESIAN_POINT('',(-50.8735091488301,108.603198987945,-1.32806622577402));
#6945=CARTESIAN_POINT('Origin',(-60.1824894692602,93.7845321992677,-1.32806622577402));
#6946=CARTESIAN_POINT('',(-52.5117130847441,111.566932333161,-1.32806622577402));
#6947=CARTESIAN_POINT('Origin',(-49.0117130847441,111.56693234568,-1.32806622577402));
#6948=CARTESIAN_POINT('',(-52.5117130970432,115.005313452977,-1.32806622577402));
#6949=CARTESIAN_POINT('',(-52.511713180316,138.28531345363,-1.32806622577402));
#6950=CARTESIAN_POINT('',(-49.0117131095627,118.505313465497,-1.32806622577402));
#6951=CARTESIAN_POINT('Origin',(-49.0117130970432,115.005313465497,-1.32806622577402));
#6952=CARTESIAN_POINT('',(-41.2117131049261,118.505313493397,-1.32806622577402));
#6953=CARTESIAN_POINT('',(-34.7641784380972,118.50531351646,-1.32806622577402));
#6954=CARTESIAN_POINT('',(-37.7117130924065,115.00531350186,-1.32806622577402));
#6955=CARTESIAN_POINT('Origin',(-41.2117130924065,115.005313493397,-1.32806622577402));
#6956=CARTESIAN_POINT('',(-37.7117131426515,135.785313515666,-1.32806622577402));
#6957=CARTESIAN_POINT('',(-93.4757982787124,208.404808503868,-1.32806622577402));
#6958=CARTESIAN_POINT('',(-58.7005481475465,188.32730864536,-1.32806622577402));
#6959=CARTESIAN_POINT('',(-92.1947093483648,203.623719595205,-1.32806622577402));
#6960=CARTESIAN_POINT('Origin',(-95.2257982678701,205.373719584363,-1.32806622577402));
#6961=CARTESIAN_POINT('',(-96.0947093242021,196.868721431736,-1.32806622577402));
#6962=CARTESIAN_POINT('',(-95.8823695877186,197.236504646829,-1.32806622577402));
#6963=CARTESIAN_POINT('',(-100.875798232865,195.587632501388,-1.32806622577402));
#6964=CARTESIAN_POINT('Origin',(-99.1257982437074,198.618721420894,-1.32806622577402));
#6965=CARTESIAN_POINT('',(-103.853523646685,197.306823056428,-1.32806622577402));
#6966=CARTESIAN_POINT('',(-68.2656116156324,176.760132635134,-1.32806622577402));
#6967=CARTESIAN_POINT('',(-105.601090066484,200.207415941744,-1.32806622577402));
#6968=CARTESIAN_POINT('Origin',(-102.103523657527,200.337911975934,-1.32806622577402));
#6969=CARTESIAN_POINT('',(-112.038514314331,213.124699494657,-1.32806622577402));
#6970=CARTESIAN_POINT('Origin',(-123.088922111266,199.554935770795,-1.32806622577402));
#6971=CARTESIAN_POINT('',(-113.211381971643,219.501774828843,-1.32806622577402));
#6972=CARTESIAN_POINT('Origin',(-108.881254943778,217.001774844332,-1.32806622577402));
#6973=CARTESIAN_POINT('',(-103.838845007236,235.735485181115,-1.32806622577402));
#6974=CARTESIAN_POINT('',(-110.262773740554,224.608914138893,-1.32806622577402));
#6975=CARTESIAN_POINT('',(-97.7297019503529,237.908289704444,-1.32806622577402));
#6976=CARTESIAN_POINT('Origin',(-99.5087179793713,233.235485196603,-1.32806622577402));
#6977=CARTESIAN_POINT('',(-83.3242941197925,238.791958646726,-1.32806622577402));
#6978=CARTESIAN_POINT('Origin',(-91.5031458487886,254.263105481886,-1.32806622577402));
#6979=CARTESIAN_POINT('',(-79.9385237848354,238.728818199199,-1.32806622577402));
#6980=CARTESIAN_POINT('Origin',(-81.6885237739932,235.697729279694,-1.32806622577402));
#6981=CARTESIAN_POINT('',(-76.9607983810322,237.009627649942,-1.32806622577402));
#6982=CARTESIAN_POINT('',(-42.185548249867,216.932127791432,-1.32806622577402));
#6983=CARTESIAN_POINT('',(-75.6797094506846,232.228538741279,-1.32806622577402));
#6984=CARTESIAN_POINT('Origin',(-78.7107983701899,233.978538730437,-1.32806622577402));
#6985=CARTESIAN_POINT('',(-79.5797094288403,225.473540573795,-1.32806622577402));
#6986=CARTESIAN_POINT('',(-87.6748696385687,211.452311679309,-1.32806622577402));
#6987=CARTESIAN_POINT('Origin',(-82.6107983483456,227.223540562952,-1.32806622577402));
#6988=CARTESIAN_POINT('Origin',(-58.7005481475465,188.32730864536,1.17193377422598));
#6989=CARTESIAN_POINT('',(-94.7257982709679,206.239744989936,1.17193377422597));
#6990=CARTESIAN_POINT('',(-59.950548139802,186.162245131428,1.17193377422597));
#6991=CARTESIAN_POINT('Origin',(-93.4757982787124,208.404808503868,1.17193377422598));
#6992=CARTESIAN_POINT('Origin',(-93.8597728653949,205.739744993033,-1.32806622577348));
#6993=CARTESIAN_POINT('',(-98.2336430592491,208.265000106,6.67193377422652));
#6994=CARTESIAN_POINT('',(-98.436717126256,208.382244972283,6.67193377422652));
#6995=CARTESIAN_POINT('',(-97.3238744876864,207.739744980642,9.17193377422652));
#6996=CARTESIAN_POINT('Origin',(-100.354963407192,209.4897449698,9.17193377422651));
#6997=CARTESIAN_POINT('',(-97.3238744876864,207.739744980642,18.1719337742269));
#6998=CARTESIAN_POINT('',(-97.3238744876864,207.739744980642,-1.32806622577349));
#6999=CARTESIAN_POINT('',(-94.7257982709679,206.239744989936,18.1719337742269));
#7000=CARTESIAN_POINT('',(-94.9423046223608,206.364744989161,18.1719337742269));
#7001=CARTESIAN_POINT('',(-94.7257982709679,206.239744989936,-1.32806622577348));
#7002=CARTESIAN_POINT('Origin',(-95.2257982678701,205.373719584363,1.17193377422595));
#7003=CARTESIAN_POINT('',(-94.3597728622971,204.87371958746,1.17193377422595));
#7004=CARTESIAN_POINT('Origin',(-92.1947093483648,203.623719595205,1.17193377422595));
#7005=CARTESIAN_POINT('Origin',(-95.2257982678701,205.373719584363,1.17193377422595));
#7006=CARTESIAN_POINT('Origin',(-95.8823695877186,197.236504646829,1.17193377422598));
#7007=CARTESIAN_POINT('',(-98.2597728381345,198.118721423991,1.17193377422598));
#7008=CARTESIAN_POINT('Origin',(-96.0947093242021,196.868721431736,1.17193377422598));
#7009=CARTESIAN_POINT('',(-98.0474331016509,198.486504639085,1.17193377422598));
#7010=CARTESIAN_POINT('Origin',(-99.1257982437074,198.618721420894,1.17193377422594));
#7011=CARTESIAN_POINT('',(-99.6257982406097,197.752696015321,1.17193377422594));
#7012=CARTESIAN_POINT('Origin',(-100.875798232865,195.587632501388,1.17193377422594));
#7013=CARTESIAN_POINT('Origin',(-99.1257982437074,198.618721420894,1.17193377422594));
#7014=CARTESIAN_POINT('Origin',(-68.2656116156324,176.760132635134,1.17193377422598));
#7015=CARTESIAN_POINT('',(-102.603523654429,199.471886570361,1.17193377422598));
#7016=CARTESIAN_POINT('Origin',(-103.853523646685,197.306823056428,1.17193377422598));
#7017=CARTESIAN_POINT('',(-67.0156116233768,178.925196149067,1.17193377422598));
#7018=CARTESIAN_POINT('Origin',(-102.103523657527,200.337911975934,1.17193377422594));
#7019=CARTESIAN_POINT('',(-103.1028283458,200.300627394736,1.17193377422594));
#7020=CARTESIAN_POINT('Origin',(-105.601090066484,200.207415941744,1.17193377422594));
#7021=CARTESIAN_POINT('Origin',(-102.103523657527,200.337911975934,1.17193377422594));
#7022=CARTESIAN_POINT('Origin',(-123.088922111266,199.554935770795,1.17193377422593));
#7023=CARTESIAN_POINT('',(-110.459884629055,215.063237169494,1.17193377422593));
#7024=CARTESIAN_POINT('Origin',(-112.038514314331,213.124699494657,1.17193377422593));
#7025=CARTESIAN_POINT('Origin',(-123.088922111266,199.554935770795,1.17193377422593));
#7026=CARTESIAN_POINT('Origin',(-108.881254943778,217.001774844332,1.17193377422594));
#7027=CARTESIAN_POINT('',(-111.046318457711,218.251774836587,1.17193377422594));
#7028=CARTESIAN_POINT('Origin',(-113.211381971643,219.501774828843,1.17193377422594));
#7029=CARTESIAN_POINT('Origin',(-108.881254943778,217.001774844332,1.17193377422594));
#7030=CARTESIAN_POINT('Origin',(-110.262773740554,224.608914138893,1.17193377422598));
#7031=CARTESIAN_POINT('',(-101.673781493304,234.485485188859,1.17193377422598));
#7032=CARTESIAN_POINT('Origin',(-103.838845007236,235.735485181115,1.17193377422598));
#7033=CARTESIAN_POINT('',(-108.097710226622,223.358914146637,1.17193377422598));
#7034=CARTESIAN_POINT('Origin',(-99.5087179793713,233.235485196603,1.17193377422594));
#7035=CARTESIAN_POINT('',(-98.6192099648621,235.571887450524,1.17193377422594));
#7036=CARTESIAN_POINT('Origin',(-97.7297019503529,237.908289704444,1.17193377422594));
#7037=CARTESIAN_POINT('Origin',(-99.5087179793713,233.235485196603,1.17193377422594));
#7038=CARTESIAN_POINT('Origin',(-91.5031458487886,254.263105481886,1.17193377422595));
#7039=CARTESIAN_POINT('',(-82.1558867299358,236.581794813131,1.17193377422595));
#7040=CARTESIAN_POINT('Origin',(-83.3242941197925,238.791958646726,1.17193377422595));
#7041=CARTESIAN_POINT('Origin',(-91.5031458487886,254.263105481886,1.17193377422595));
#7042=CARTESIAN_POINT('Origin',(-81.6885237739932,235.697729279694,1.17193377422595));
#7043=CARTESIAN_POINT('',(-81.188523777091,236.563754685266,1.17193377422595));
#7044=CARTESIAN_POINT('Origin',(-79.9385237848354,238.728818199199,1.17193377422595));
#7045=CARTESIAN_POINT('Origin',(-81.6885237739932,235.697729279694,1.17193377422595));
#7046=CARTESIAN_POINT('Origin',(-42.185548249867,216.932127791432,1.17193377422598));
#7047=CARTESIAN_POINT('',(-78.2107983732877,234.84456413601,1.17193377422598));
#7048=CARTESIAN_POINT('Origin',(-76.9607983810322,237.009627649942,1.17193377422598));
#7049=CARTESIAN_POINT('',(-43.4355482421226,214.7670642775,1.17193377422598));
#7050=CARTESIAN_POINT('Origin',(-78.7107983701899,233.978538730437,1.17193377422595));
#7051=CARTESIAN_POINT('',(-77.844772964617,233.478538733534,1.17193377422595));
#7052=CARTESIAN_POINT('Origin',(-75.6797094506846,232.228538741279,1.17193377422595));
#7053=CARTESIAN_POINT('Origin',(-78.7107983701899,233.978538730437,1.17193377422595));
#7054=CARTESIAN_POINT('Origin',(-87.6748696385687,211.452311679309,1.17193377422598));
#7055=CARTESIAN_POINT('',(-81.7447729427726,226.72354056605,1.17193377422598));
#7056=CARTESIAN_POINT('Origin',(-79.5797094288403,225.473540573795,1.17193377422598));
#7057=CARTESIAN_POINT('',(-89.839933152501,212.702311671565,1.17193377422598));
#7058=CARTESIAN_POINT('Origin',(-82.6107983483456,227.223540562952,1.17193377422594));
#7059=CARTESIAN_POINT('Origin',(-82.6107983483456,227.223540562952,1.17193377422594));
#7060=CARTESIAN_POINT('Origin',(-82.6107983483456,227.223540562952,2.67193377422667));
#7061=CARTESIAN_POINT('',(-81.7447729427726,226.72354056605,18.1719337742268));
#7062=CARTESIAN_POINT('',(-81.7447729427726,226.72354056605,2.67193377422667));
#7063=CARTESIAN_POINT('Origin',(-82.6107983483456,227.223540562952,18.1719337742268));
#7064=CARTESIAN_POINT('Origin',(-82.344772936737,225.684310083378,-1.32806622577349));
#7065=CARTESIAN_POINT('',(-77.844772964617,233.478538733534,18.1719337742269));
#7066=CARTESIAN_POINT('',(-77.844772964617,233.478538733534,-1.32806622577349));
#7067=CARTESIAN_POINT('',(-81.0697729446364,227.892674867589,18.1719337742269));
#7068=CARTESIAN_POINT('Origin',(-78.7107983701899,233.978538730437,-1.32806622577349));
#7069=CARTESIAN_POINT('',(-78.2107983732877,234.84456413601,18.1719337742269));
#7070=CARTESIAN_POINT('',(-78.2107983732877,234.84456413601,-1.32806622577349));
#7071=CARTESIAN_POINT('Origin',(-78.7107983701899,233.978538730437,18.1719337742268));
#7072=CARTESIAN_POINT('Origin',(-77.3447729677148,234.344564139107,-1.32806622577349));
#7073=CARTESIAN_POINT('',(-81.188523777091,236.563754685266,7.47591198678538));
#7074=CARTESIAN_POINT('',(-81.188523777091,236.563754685266,-1.32806622577347));
#7075=CARTESIAN_POINT('',(-80.8088745799688,236.344564120921,9.17193377422652));
#7076=CARTESIAN_POINT('Origin',(-83.8399634994741,238.094564110079,9.17193377422652));
#7077=CARTESIAN_POINT('',(-80.8088745799688,236.344564120921,18.1719337742268));
#7078=CARTESIAN_POINT('',(-80.8088745799688,236.344564120921,-1.32806622577348));
#7079=CARTESIAN_POINT('',(-78.4273047221211,234.969564133757,18.1719337742269));
#7080=CARTESIAN_POINT('Origin',(-81.6885237739932,235.697729279694,-1.32806622577347));
#7081=CARTESIAN_POINT('',(-82.1558867299358,236.581794813131,7.71109007447172));
#7082=CARTESIAN_POINT('',(-82.1558867299358,236.581794813131,-1.32806622577347));
#7083=CARTESIAN_POINT('Ctrl Pts',(-81.188523777091,236.563754685266,7.47591198678538));
#7084=CARTESIAN_POINT('Ctrl Pts',(-81.1899379949952,236.564571184347,7.47633407781719));
#7085=CARTESIAN_POINT('Ctrl Pts',(-81.1913541781738,236.56538419925,7.47675631604868));
#7086=CARTESIAN_POINT('Ctrl Pts',(-81.2828883838991,236.617635291965,7.50401915475308));
#7087=CARTESIAN_POINT('Ctrl Pts',(-81.3804640840951,236.654738877471,7.53132954675388));
#7088=CARTESIAN_POINT('Ctrl Pts',(-81.5831972152251,236.69753135513,7.58483478868187));
#7089=CARTESIAN_POINT('Ctrl Pts',(-81.6874131350247,236.703127935671,7.61079199862991));
#7090=CARTESIAN_POINT('Ctrl Pts',(-81.9177337390289,236.679418805612,7.66429825348079));
#7091=CARTESIAN_POINT('Ctrl Pts',(-82.0417256259649,236.642146301779,7.69047685307483));
#7092=CARTESIAN_POINT('Ctrl Pts',(-82.1558867299359,236.581794813131,7.7110900744717));
#7093=CARTESIAN_POINT('Origin',(-91.5031458487886,254.263105481886,-1.32806622577348));
#7094=CARTESIAN_POINT('',(-98.6192099648621,235.571887450524,6.67193377422652));
#7095=CARTESIAN_POINT('',(-98.6192099648621,235.571887450524,-1.32806622577348));
#7096=CARTESIAN_POINT('',(-85.5239659271252,235.177786321223,6.67193377422652));
#7097=CARTESIAN_POINT('Origin',(-91.5031458487886,254.263105481886,6.67193377422652));
#7098=CARTESIAN_POINT('',(-82.7215470245256,236.29414552269,7.51132018117775));
#7099=CARTESIAN_POINT('Ctrl Pts',(-82.7215470244116,236.294145520672,7.51132018242406));
#7100=CARTESIAN_POINT('Ctrl Pts',(-83.0959258360919,236.111183093263,7.24940374720211));
#7101=CARTESIAN_POINT('Ctrl Pts',(-83.5308401495595,235.915466081997,7.05121993451069));
#7102=CARTESIAN_POINT('Ctrl Pts',(-84.4216574544092,235.551466886432,6.76635397782113));
#7103=CARTESIAN_POINT('Ctrl Pts',(-84.9700242329161,235.351328981312,6.67193377422653));
#7104=CARTESIAN_POINT('Ctrl Pts',(-85.5239659271252,235.177786321223,6.67193377422653));
#7105=CARTESIAN_POINT('Ctrl Pts',(-82.1558867299358,236.581794813131,7.71109007447172));
#7106=CARTESIAN_POINT('Ctrl Pts',(-82.1980269613052,236.559517298228,7.71869902260482));
#7107=CARTESIAN_POINT('Ctrl Pts',(-82.2411485001125,236.536915027715,7.71888268073165));
#7108=CARTESIAN_POINT('Ctrl Pts',(-82.3598727275563,236.475252691477,7.70306296034962));
#7109=CARTESIAN_POINT('Ctrl Pts',(-82.4357595803625,236.43647336,7.67527760218433));
#7110=CARTESIAN_POINT('Ctrl Pts',(-82.5800510722758,236.363800257999,7.60476022779125));
#7111=CARTESIAN_POINT('Ctrl Pts',(-82.6534825558408,236.327409263175,7.55893827029418));
#7112=CARTESIAN_POINT('Ctrl Pts',(-82.7215470244116,236.294145520672,7.51132018242406));
#7113=CARTESIAN_POINT('Origin',(-99.5087179793713,233.235485196603,-1.32806622577348));
#7114=CARTESIAN_POINT('',(-101.673781493304,234.485485188859,6.67193377422651));
#7115=CARTESIAN_POINT('',(-101.673781493304,234.485485188859,-1.32806622577348));
#7116=CARTESIAN_POINT('Origin',(-99.5087179793713,233.235485196603,6.67193377422651));
#7117=CARTESIAN_POINT('Origin',(-100.552550011168,236.427515099005,-1.32806622577348));
#7118=CARTESIAN_POINT('',(-111.046318457711,218.251774836587,6.6719337742265));
#7119=CARTESIAN_POINT('',(-111.046318457711,218.251774836587,-1.32806622577348));
#7120=CARTESIAN_POINT('',(-100.652550010549,236.254310017891,6.67193377422651));
#7121=CARTESIAN_POINT('Origin',(-108.881254943778,217.001774844332,-1.32806622577348));
#7122=CARTESIAN_POINT('',(-110.459884629055,215.063237169494,6.67193377422651));
#7123=CARTESIAN_POINT('',(-110.459884629055,215.063237169494,-1.32806622577348));
#7124=CARTESIAN_POINT('Origin',(-108.881254943778,217.001774844332,6.67193377422651));
#7125=CARTESIAN_POINT('Origin',(-123.088922111266,199.554935770795,-1.32806622577349));
#7126=CARTESIAN_POINT('',(-103.1028283458,200.300627394736,7.71109007451468));
#7127=CARTESIAN_POINT('',(-103.1028283458,200.300627394736,-1.32806622577348));
#7128=CARTESIAN_POINT('',(-103.136546902115,200.93432821872,7.51132018711708));
#7129=CARTESIAN_POINT('Ctrl Pts',(-103.136546902409,200.934328218572,7.51132018691379));
#7130=CARTESIAN_POINT('Ctrl Pts',(-103.132571831683,200.876830366724,7.54754710992667));
#7131=CARTESIAN_POINT('Ctrl Pts',(-103.12891398301,200.820270394405,7.57988383161735));
#7132=CARTESIAN_POINT('Ctrl Pts',(-103.119029985676,200.65729210247,7.66180752272427));
#7133=CARTESIAN_POINT('Ctrl Pts',(-103.114267791464,200.564723162483,7.69302854969449));
#7134=CARTESIAN_POINT('Ctrl Pts',(-103.107722130881,200.424008472922,7.71813065095224));
#7135=CARTESIAN_POINT('Ctrl Pts',(-103.105132027426,200.362370876211,7.72095299101326));
#7136=CARTESIAN_POINT('Ctrl Pts',(-103.1028283458,200.300627394736,7.71109007451468));
#7137=CARTESIAN_POINT('',(-103.570960949066,203.919473784243,6.67193377422651));
#7138=CARTESIAN_POINT('Ctrl Pts',(-103.570960949066,203.919473784243,6.67193377422651));
#7139=CARTESIAN_POINT('Ctrl Pts',(-103.468786907431,203.462557388906,6.67193377422652));
#7140=CARTESIAN_POINT('Ctrl Pts',(-103.375405986885,202.963497191893,6.73477703705628));
#7141=CARTESIAN_POINT('Ctrl Pts',(-103.231912798495,201.992186237513,6.98605542986652));
#7142=CARTESIAN_POINT('Ctrl Pts',(-103.181496835806,201.519738182045,7.1735534786012));
#7143=CARTESIAN_POINT('Ctrl Pts',(-103.145131237107,201.05450517875,7.4376635111691));
#7144=CARTESIAN_POINT('Ctrl Pts',(-103.140706994147,200.994502327399,7.4734070694438));
#7145=CARTESIAN_POINT('Ctrl Pts',(-103.136546902409,200.934328218572,7.5113201869138));
#7146=CARTESIAN_POINT('Origin',(-123.088922111266,199.554935770795,6.6719337742265));
#7147=CARTESIAN_POINT('Origin',(-102.103523657527,200.337911975934,-1.32806622577348));
#7148=CARTESIAN_POINT('',(-102.603523654429,199.471886570361,7.47591198682968));
#7149=CARTESIAN_POINT('',(-102.603523654429,199.471886570361,-1.32806622577348));
#7150=CARTESIAN_POINT('Ctrl Pts',(-103.1028283458,200.300627394736,7.7110900745147));
#7151=CARTESIAN_POINT('Ctrl Pts',(-103.098013715222,200.171585234284,7.6904768531196));
#7152=CARTESIAN_POINT('Ctrl Pts',(-103.068296706039,200.04556885863,7.66429825352736));
#7153=CARTESIAN_POINT('Ctrl Pts',(-102.973669111462,199.834250800183,7.61079199867699));
#7154=CARTESIAN_POINT('Ctrl Pts',(-102.91671437001,199.746795456825,7.58483478872718));
#7155=CARTESIAN_POINT('Ctrl Pts',(-102.778288431509,199.59261965591,7.53132954715188));
#7156=CARTESIAN_POINT('Ctrl Pts',(-102.697367938434,199.526668416578,7.50401915738476));
#7157=CARTESIAN_POINT('Ctrl Pts',(-102.606350055233,199.47352301244,7.47675631596506));
#7158=CARTESIAN_POINT('Ctrl Pts',(-102.604937872589,199.472703069589,7.47633407793769));
#7159=CARTESIAN_POINT('Ctrl Pts',(-102.603523654429,199.471886570361,7.47591198682968));
#7160=CARTESIAN_POINT('Origin',(-103.089899862901,199.75269600293,-1.32806622577349));
#7161=CARTESIAN_POINT('',(-99.6257982406097,197.752696015321,18.1719337742269));
#7162=CARTESIAN_POINT('',(-99.6257982406097,197.752696015321,-1.32806622577349));
#7163=CARTESIAN_POINT('',(-102.223874457328,199.252696006027,18.1719337742269));
#7164=CARTESIAN_POINT('',(-102.007368105935,199.127696006802,18.1719337742269));
#7165=CARTESIAN_POINT('',(-102.223874457328,199.252696006027,9.17193377422651));
#7166=CARTESIAN_POINT('',(-102.223874457328,199.252696006027,-1.32806622577349));
#7167=CARTESIAN_POINT('Origin',(-105.254963376834,201.002695995185,9.17193377422651));
#7168=CARTESIAN_POINT('Origin',(-99.1257982437074,198.618721420894,-1.32806622577349));
#7169=CARTESIAN_POINT('',(-98.2597728381345,198.118721423991,18.1719337742269));
#7170=CARTESIAN_POINT('',(-98.2597728381345,198.118721423991,-1.32806622577349));
#7171=CARTESIAN_POINT('Origin',(-99.1257982437075,198.618721420894,18.1719337742269));
#7172=CARTESIAN_POINT('Origin',(-98.7597728350367,197.252696018419,-1.32806622577348));
#7173=CARTESIAN_POINT('',(-94.3597728622971,204.87371958746,18.1719337742269));
#7174=CARTESIAN_POINT('',(-94.3597728622971,204.87371958746,-1.32806622577348));
#7175=CARTESIAN_POINT('',(-97.5347728426258,199.374458262073,18.1719337742269));
#7176=CARTESIAN_POINT('Origin',(-95.2257982678701,205.373719584363,-1.32806622577348));
#7177=CARTESIAN_POINT('Origin',(-95.2257982678701,205.373719584363,18.1719337742269));
#7178=CARTESIAN_POINT('Origin',(-95.0673046215853,206.14823863777,18.4219337742269));
#7179=CARTESIAN_POINT('',(-97.5738744861355,207.306732277859,18.6719337742269));
#7180=CARTESIAN_POINT('',(-97.3238744876864,207.739744980642,18.1719337742269));
#7181=CARTESIAN_POINT('',(-94.975798269417,205.806732287153,18.6719337742269));
#7182=CARTESIAN_POINT('',(-95.1923046208099,205.931732286378,18.6719337742269));
#7183=CARTESIAN_POINT('',(-94.975798269417,205.806732287153,18.6719337742269));
#7184=CARTESIAN_POINT('Origin',(-97.8238744845886,206.873719575069,18.4219337742269));
#7185=CARTESIAN_POINT('',(-98.6898998901615,207.373719571971,18.1719337742269));
#7186=CARTESIAN_POINT('Origin',(-97.8238744845886,206.873719575069,18.1719337742269));
#7187=CARTESIAN_POINT('',(-98.2568871873751,207.12371957352,18.6719337742269));
#7188=CARTESIAN_POINT('',(-98.6898998901615,207.373719571971,18.1719337742269));
#7189=CARTESIAN_POINT('Origin',(-97.8238744845886,206.873719575069,18.6719337742269));
#7190=CARTESIAN_POINT('Origin',(-99.1983935342747,205.992982734668,18.4219337742269));
#7191=CARTESIAN_POINT('',(-102.589899865999,200.618721408503,18.1719337742268));
#7192=CARTESIAN_POINT('',(-102.156887163212,200.368721410051,18.6719337742269));
#7193=CARTESIAN_POINT('',(-102.589899865999,200.618721408503,18.1719337742268));
#7194=CARTESIAN_POINT('',(-98.9818871828811,205.867982735442,18.6719337742269));
#7195=CARTESIAN_POINT('',(-99.4148998856682,206.117982733893,18.1719337742269));
#7196=CARTESIAN_POINT('Origin',(-101.723874460426,200.1187214116,18.4219337742269));
#7197=CARTESIAN_POINT('Origin',(-101.723874460426,200.1187214116,18.1719337742269));
#7198=CARTESIAN_POINT('',(-101.973874458877,199.685708708814,18.6719337742269));
#7199=CARTESIAN_POINT('',(-102.223874457328,199.252696006027,18.1719337742269));
#7200=CARTESIAN_POINT('Origin',(-101.723874460426,200.1187214116,18.6719337742269));
#7201=CARTESIAN_POINT('Origin',(-101.882368106709,199.344202358195,18.4219337742269));
#7202=CARTESIAN_POINT('',(-99.3757982421589,198.185708718107,18.6719337742269));
#7203=CARTESIAN_POINT('',(-99.6257982406097,197.752696015321,18.1719337742269));
#7204=CARTESIAN_POINT('',(-101.757368107484,199.560708709588,18.6719337742269));
#7205=CARTESIAN_POINT('Origin',(-99.1257982437075,198.618721420894,18.4219337742269));
#7206=CARTESIAN_POINT('',(-98.692785540921,198.368721422443,18.6719337742269));
#7207=CARTESIAN_POINT('',(-98.2597728381345,198.118721423991,18.1719337742269));
#7208=CARTESIAN_POINT('Origin',(-99.1257982437075,198.618721420894,18.6719337742269));
#7209=CARTESIAN_POINT('Origin',(-97.7512791940188,199.499458261298,18.4219337742269));
#7210=CARTESIAN_POINT('',(-94.792785565083,205.123719585911,18.6719337742269));
#7211=CARTESIAN_POINT('',(-94.3597728622971,204.87371958746,18.1719337742269));
#7212=CARTESIAN_POINT('',(-97.9677855454117,199.624458260524,18.6719337742269));
#7213=CARTESIAN_POINT('Origin',(-95.2257982678701,205.373719584363,18.4219337742269));
#7214=CARTESIAN_POINT('Origin',(-95.2257982678701,205.373719584363,18.6719337742269));
#7215=CARTESIAN_POINT('Origin',(-101.723874460426,200.1187214116,-1.32806622577349));
#7216=CARTESIAN_POINT('',(-102.589899865999,200.618721408503,9.17193377422651));
#7217=CARTESIAN_POINT('',(-102.589899865999,200.618721408503,-1.32806622577349));
#7218=CARTESIAN_POINT('Origin',(-101.723874460426,200.1187214116,9.17193377422651));
#7219=CARTESIAN_POINT('Origin',(-98.1898998932569,208.239744977548,-1.32806622577349));
#7220=CARTESIAN_POINT('',(-98.6898998901615,207.373719571971,9.17193377422651));
#7221=CARTESIAN_POINT('',(-98.6898998901615,207.373719571971,-1.32806622577349));
#7222=CARTESIAN_POINT('',(-95.2861499040317,213.26918753291,9.17193377422652));
#7223=CARTESIAN_POINT('Origin',(-97.8238744845886,206.873719575069,-1.32806622577349));
#7224=CARTESIAN_POINT('Origin',(-97.8238744845886,206.873719575069,9.17193377422651));
#7225=CARTESIAN_POINT('Origin',(-98.4748363641465,202.746220497983,18.6719337742269));
#7226=CARTESIAN_POINT('Origin',(-78.5523047213467,234.753057782364,18.4219337742268));
#7227=CARTESIAN_POINT('',(-81.05887457842,235.911551418134,18.6719337742268));
#7228=CARTESIAN_POINT('',(-80.8088745799688,236.344564120921,18.1719337742268));
#7229=CARTESIAN_POINT('',(-78.460798371739,234.411551433223,18.6719337742268));
#7230=CARTESIAN_POINT('',(-78.6773047205723,234.536551430971,18.6719337742268));
#7231=CARTESIAN_POINT('',(-78.460798371739,234.411551433223,18.6719337742268));
#7232=CARTESIAN_POINT('Origin',(-81.308874576871,235.478538715348,18.4219337742268));
#7233=CARTESIAN_POINT('',(-82.1748999824439,235.97853871225,18.1719337742268));
#7234=CARTESIAN_POINT('Origin',(-81.308874576871,235.478538715348,18.1719337742268));
#7235=CARTESIAN_POINT('',(-81.7418872796575,235.728538713799,18.6719337742268));
#7236=CARTESIAN_POINT('',(-82.1748999824439,235.97853871225,18.1719337742268));
#7237=CARTESIAN_POINT('Origin',(-81.308874576871,235.478538715348,18.6719337742268));
#7238=CARTESIAN_POINT('Origin',(-82.6833936265587,234.597801874944,18.4219337742269));
#7239=CARTESIAN_POINT('',(-86.074899958861,229.223540547777,18.1719337742269));
#7240=CARTESIAN_POINT('',(-85.6418872560739,228.973540549326,18.6719337742268));
#7241=CARTESIAN_POINT('',(-86.074899958861,229.223540547777,18.1719337742269));
#7242=CARTESIAN_POINT('',(-82.4668872751652,234.472801875718,18.6719337742268));
#7243=CARTESIAN_POINT('',(-82.8998999779522,234.722801874169,18.1719337742269));
#7244=CARTESIAN_POINT('Origin',(-85.208874553288,228.723540550875,18.4219337742268));
#7245=CARTESIAN_POINT('Origin',(-85.208874553288,228.723540550875,18.1719337742268));
#7246=CARTESIAN_POINT('',(-85.458874552241,228.290527848378,18.6719337742268));
#7247=CARTESIAN_POINT('',(-85.708874551194,227.857515145882,18.1719337742268));
#7248=CARTESIAN_POINT('Origin',(-85.208874553288,228.723540550875,18.6719337742268));
#7249=CARTESIAN_POINT('Origin',(-85.3673682043833,227.949021499913,18.4219337742268));
#7250=CARTESIAN_POINT('',(-82.8607983472986,226.790527860456,18.6719337742268));
#7251=CARTESIAN_POINT('',(-83.1107983462516,226.357515157959,18.1719337742269));
#7252=CARTESIAN_POINT('',(-85.2423682049068,228.165527851162,18.6719337742268));
#7253=CARTESIAN_POINT('Origin',(-82.6107983483456,227.223540562952,18.4219337742268));
#7254=CARTESIAN_POINT('',(-82.1777856455591,226.973540564501,18.6719337742268));
#7255=CARTESIAN_POINT('',(-81.7447729427726,226.72354056605,18.1719337742268));
#7256=CARTESIAN_POINT('Origin',(-82.6107983483456,227.223540562952,18.6719337742268));
#7257=CARTESIAN_POINT('Origin',(-81.2862792960296,228.017674866814,18.4219337742269));
#7258=CARTESIAN_POINT('',(-78.2777856674035,233.728538731986,18.6719337742268));
#7259=CARTESIAN_POINT('',(-77.844772964617,233.478538733534,18.1719337742269));
#7260=CARTESIAN_POINT('',(-81.5027856474229,228.14267486604,18.6719337742268));
#7261=CARTESIAN_POINT('Origin',(-78.7107983701899,233.978538730437,18.4219337742268));
#7262=CARTESIAN_POINT('Origin',(-78.7107983701899,233.978538730437,18.6719337742268));
#7263=CARTESIAN_POINT('Origin',(-85.208874553288,228.723540550875,2.67193377422668));
#7264=CARTESIAN_POINT('',(-86.0748999582814,229.223540548781,9.17193377422652));
#7265=CARTESIAN_POINT('',(-86.074899958861,229.223540547777,2.67193377422668));
#7266=CARTESIAN_POINT('Origin',(-85.208874553288,228.723540550875,9.17193377422652));
#7267=CARTESIAN_POINT('Origin',(-81.6748999855417,236.844564117823,-1.32806622577347));
#7268=CARTESIAN_POINT('',(-82.1748999824439,235.97853871225,9.17193377422652));
#7269=CARTESIAN_POINT('',(-82.1748999824439,235.97853871225,-1.32806622577348));
#7270=CARTESIAN_POINT('',(-87.0286499451556,227.571597100151,9.17193377422652));
#7271=CARTESIAN_POINT('Origin',(-81.308874576871,235.478538715348,-1.32806622577348));
#7272=CARTESIAN_POINT('Origin',(-81.308874576871,235.478538715348,9.17193377422652));
#7273=CARTESIAN_POINT('Origin',(-81.9598364613483,231.351039641099,18.6719337742268));
#7274=CARTESIAN_POINT('Origin',(-84.3399634963763,237.228538704506,9.17193377422652));
#7275=CARTESIAN_POINT('Origin',(-84.3399634963763,237.228538704506,9.17193377422652));
#7276=CARTESIAN_POINT('Origin',(-89.1937134590879,228.821597092406,9.17193377422652));
#7277=CARTESIAN_POINT('',(-88.239963470765,230.473540543546,6.67193377422652));
#7278=CARTESIAN_POINT('',(-89.1937134590879,228.821597092406,6.67193377422652));
#7279=CARTESIAN_POINT('Origin',(-88.239963470765,230.473540543546,9.17193377422652));
#7280=CARTESIAN_POINT('Origin',(-104.754963379931,201.868721400758,9.17193377422651));
#7281=CARTESIAN_POINT('Origin',(-104.754963379931,201.868721400758,9.17193377422651));
#7282=CARTESIAN_POINT('Origin',(-100.854963404094,208.623719564227,9.17193377422651));
#7283=CARTESIAN_POINT('',(-100.854963404094,208.623719564227,6.67193377422651));
#7284=CARTESIAN_POINT('Ctrl Pts',(-100.854963404094,208.623719564227,6.67193377422651));
#7285=CARTESIAN_POINT('Ctrl Pts',(-100.32932545783,208.644937345651,6.67193377422651));
#7286=CARTESIAN_POINT('Ctrl Pts',(-99.6983847907152,208.665608946765,6.67193377422651));
#7287=CARTESIAN_POINT('Ctrl Pts',(-98.8683417457239,208.530678626455,6.67193377422651));
#7288=CARTESIAN_POINT('Ctrl Pts',(-98.5063306816633,208.422436376901,6.67193377422651));
#7289=CARTESIAN_POINT('Ctrl Pts',(-98.2336430592509,208.265000105997,6.67193377422652));
#7290=CARTESIAN_POINT('Origin',(-100.854963404094,208.623719564227,9.17193377422651));
#7291=CARTESIAN_POINT('Ctrl Pts',(-88.739963468671,229.607515138553,5.67193377422652));
#7292=CARTESIAN_POINT('Ctrl Pts',(-88.0597887061336,229.214816058498,5.67193377422652));
#7293=CARTESIAN_POINT('Ctrl Pts',(-86.4705284505371,228.297256227241,6.31236998965161));
#7294=CARTESIAN_POINT('Ctrl Pts',(-85.708874551194,227.857515145882,8.12473622302992));
#7295=CARTESIAN_POINT('Ctrl Pts',(-85.708874551194,227.857515145882,9.17193377422652));
#7296=CARTESIAN_POINT('Ctrl Pts',(-88.739963468671,229.607515138553,5.97113307456841));
#7297=CARTESIAN_POINT('Ctrl Pts',(-88.1181857256403,229.248531593245,5.97113307451779));
#7298=CARTESIAN_POINT('Ctrl Pts',(-86.6649307254294,228.409494432358,6.55700210003822));
#7299=CARTESIAN_POINT('Ctrl Pts',(-85.9679887462552,228.007114795316,8.21464431599067));
#7300=CARTESIAN_POINT('Ctrl Pts',(-85.9679887462552,228.007114795316,9.17193377422652));
#7301=CARTESIAN_POINT('Ctrl Pts',(-88.6143020396026,229.825167119466,6.48890131608736));
#7302=CARTESIAN_POINT('Ctrl Pts',(-88.0928331852604,229.524096937616,6.48890131595617));
#7303=CARTESIAN_POINT('Ctrl Pts',(-86.8745020414405,228.820693127459,6.97980428769406));
#7304=CARTESIAN_POINT('Ctrl Pts',(-86.2907277681217,228.483650895381,8.36907995262808));
#7305=CARTESIAN_POINT('Ctrl Pts',(-86.2907277681217,228.483650895381,9.17193377422652));
#7306=CARTESIAN_POINT('Ctrl Pts',(-88.3521632079233,230.279204897107,6.67193377422653));
#7307=CARTESIAN_POINT('Ctrl Pts',(-87.8664820371709,229.99879674374,6.67193377416761));
#7308=CARTESIAN_POINT('Ctrl Pts',(-86.7313880029996,229.343449900613,7.129501583024));
#7309=CARTESIAN_POINT('Ctrl Pts',(-86.1870996957113,229.029204901351,8.42417869588863));
#7310=CARTESIAN_POINT('Ctrl Pts',(-86.1870996957113,229.029204901351,9.17193377422652));
#7311=CARTESIAN_POINT('Ctrl Pts',(-88.239963470765,230.473540543546,6.67193377422653));
#7312=CARTESIAN_POINT('Ctrl Pts',(-87.7541243547969,230.193041200425,6.67193377422653));
#7313=CARTESIAN_POINT('Ctrl Pts',(-86.6189384582461,229.537641320429,7.12938821381588));
#7314=CARTESIAN_POINT('Ctrl Pts',(-86.074899958861,229.223540547777,8.42393552337182));
#7315=CARTESIAN_POINT('Ctrl Pts',(-86.074899958861,229.223540547777,9.17193377422652));
#7316=CARTESIAN_POINT('Ctrl Pts',(-86.61864312215,228.38277027229,6.67193377422652));
#7317=CARTESIAN_POINT('Ctrl Pts',(-86.7867018205769,228.479799006525,6.67193377422652));
#7318=CARTESIAN_POINT('Ctrl Pts',(-86.9410909859695,228.600786448496,6.67193377442088));
#7319=CARTESIAN_POINT('Ctrl Pts',(-87.5734184248735,229.204998420395,6.67193377442088));
#7320=CARTESIAN_POINT('Ctrl Pts',(-87.9165611728625,229.85725542982,6.67193377422652));
#7321=CARTESIAN_POINT('Ctrl Pts',(-88.2374036291702,230.468662378223,6.67193377422652));
#7322=CARTESIAN_POINT('Ctrl Pts',(-88.2386833619618,230.471101102615,6.67193377422656));
#7323=CARTESIAN_POINT('Ctrl Pts',(-88.2399634707649,230.473540543546,6.67193377422656));
#7324=CARTESIAN_POINT('Origin',(-97.451213417964,214.519187525166,9.17193377422652));
#7325=CARTESIAN_POINT('',(-97.451213417964,214.519187525166,6.67193377422651));
#7326=CARTESIAN_POINT('Origin',(-97.2061614086693,221.083630062255,6.67193377422652));
#7327=CARTESIAN_POINT('',(-93.2789324877484,212.225790080467,6.67193377422652));
#7328=CARTESIAN_POINT('Origin',(24.298438417342,227.4548566399,-1.32806622577345));
#7329=CARTESIAN_POINT('',(23.7984384142441,228.320882041896,1.17193377422597));
#7330=CARTESIAN_POINT('',(25.1644638193379,227.954856642998,1.17193377422598));
#7331=CARTESIAN_POINT('Origin',(24.298438417342,227.4548566399,1.17193377422598));
#7332=CARTESIAN_POINT('',(25.164463819338,227.954856642998,6.67193377422656));
#7333=CARTESIAN_POINT('',(25.1644638193379,227.954856642998,-1.32806622577345));
#7334=CARTESIAN_POINT('',(23.7984384142441,228.320882041896,6.67193377422655));
#7335=CARTESIAN_POINT('Origin',(24.298438417342,227.4548566399,6.67193377422655));
#7336=CARTESIAN_POINT('',(23.7984384142441,228.320882041896,-1.32806622577345));
#7337=CARTESIAN_POINT('Origin',(25.0484384219887,226.155818536907,1.17193377422598));
#7338=CARTESIAN_POINT('',(25.9144638239846,226.655818540004,-0.328066225774024));
#7339=CARTESIAN_POINT('Origin',(25.0484384219887,226.155818536907,-0.328066225774024));
#7340=CARTESIAN_POINT('Origin',(25.9144638239846,226.655818540004,1.17193377422598));
#7341=CARTESIAN_POINT('Origin',(25.0484384219887,226.155818536907,1.17193377422598));
#7342=CARTESIAN_POINT('Origin',(31.8535639945243,214.368995390757,-0.328066225774024));
#7343=CARTESIAN_POINT('',(35.0294638785675,210.868175464892,-0.328066225774024));
#7344=CARTESIAN_POINT('Origin',(34.1634384765715,210.368175461794,-0.328066225774024));
#7345=CARTESIAN_POINT('',(32.7195893965202,214.868995393854,-0.328066225774024));
#7346=CARTESIAN_POINT('Ctrl Pts',(35.0294638785675,210.868175464892,-0.328066225774023));
#7347=CARTESIAN_POINT('Ctrl Pts',(35.1977634860525,210.576671996242,-0.328066225774026));
#7348=CARTESIAN_POINT('Ctrl Pts',(35.5910192717569,209.895533000658,-0.0536316070031354));
#7349=CARTESIAN_POINT('Ctrl Pts',(35.7794638832142,209.569137361898,0.723134823713147));
#7350=CARTESIAN_POINT('Ctrl Pts',(35.7794638832142,209.569137361898,1.17193377422598));
#7351=CARTESIAN_POINT('Ctrl Pts',(35.0294638785675,210.868175464892,-0.627265526115907));
#7352=CARTESIAN_POINT('Ctrl Pts',(35.2314790211488,210.518274976937,-0.627265526166526));
#7353=CARTESIAN_POINT('Ctrl Pts',(35.7032524725775,209.701139396152,-0.298261086674108));
#7354=CARTESIAN_POINT('Ctrl Pts',(35.9290635344223,209.310023167351,0.633226730617429));
#7355=CARTESIAN_POINT('Ctrl Pts',(35.9290635344223,209.310023167351,1.17193377422598));
#7356=CARTESIAN_POINT('Ctrl Pts',(34.8118201677938,210.742518808851,-1.14504522468614));
#7357=CARTESIAN_POINT('Ctrl Pts',(35.0717486744346,210.292309432555,-1.14504522481733));
#7358=CARTESIAN_POINT('Ctrl Pts',(35.6791733922296,209.240218967839,-0.72109691424511));
#7359=CARTESIAN_POINT('Ctrl Pts',(35.9703096743796,208.735956139198,0.478791093765168));
#7360=CARTESIAN_POINT('Ctrl Pts',(35.9703096743796,208.735956139198,1.17193377422598));
#7361=CARTESIAN_POINT('Ctrl Pts',(34.3577741223382,210.480375200117,-1.32806622577403));
#7362=CARTESIAN_POINT('Ctrl Pts',(34.6383646576768,209.994378140355,-1.32806622583295));
#7363=CARTESIAN_POINT('Ctrl Pts',(35.2938388828605,208.859063487621,-0.870782156914304));
#7364=CARTESIAN_POINT('Ctrl Pts',(35.6077741293523,208.315311694405,0.423692350697339));
#7365=CARTESIAN_POINT('Ctrl Pts',(35.6077741293523,208.315311694405,1.17193377422598));
#7366=CARTESIAN_POINT('Ctrl Pts',(34.1634384765716,210.368175461794,-1.32806622577403));
#7367=CARTESIAN_POINT('Ctrl Pts',(34.4439378221547,209.882336347247,-1.32806622577403));
#7368=CARTESIAN_POINT('Ctrl Pts',(35.0993641311357,208.747104687637,-0.870675194489212));
#7369=CARTESIAN_POINT('Ctrl Pts',(35.4134384833122,208.203111956224,0.423935523371261));
#7370=CARTESIAN_POINT('Ctrl Pts',(35.4134384833122,208.203111956224,1.17193377422598));
#7371=CARTESIAN_POINT('',(35.413438484316,208.203111956804,1.17193377422598));
#7372=CARTESIAN_POINT('',(35.7794638832142,209.569137361898,1.17193377422598));
#7373=CARTESIAN_POINT('Origin',(34.9134384812182,209.0691373588,1.17193377422598));
#7374=CARTESIAN_POINT('Origin',(35.0294638785675,210.868175464892,1.17193377422598));
#7375=CARTESIAN_POINT('Origin',(34.1634384765716,210.368175461794,1.17193377422598));
#7376=CARTESIAN_POINT('Origin',(34.9134384812182,209.0691373588,2.67193377422671));
#7377=CARTESIAN_POINT('',(35.4134384833122,208.203111956224,6.67193377422656));
#7378=CARTESIAN_POINT('',(35.7794638832149,209.569137361898,6.67193377422656));
#7379=CARTESIAN_POINT('Origin',(34.9134384812182,209.0691373588,6.67193377422656));
#7380=CARTESIAN_POINT('',(35.7794638832142,209.569137361898,2.67193377422671));
#7381=CARTESIAN_POINT('',(35.4134384833122,208.203111956224,2.67193377422671));
#7382=CARTESIAN_POINT('Origin',(38.2366812866736,209.833111957835,6.67193377422688));
#7383=CARTESIAN_POINT('',(38.2804244535185,209.858367087129,6.67193377422655));
#7384=CARTESIAN_POINT('',(40.6485620244464,211.225611958817,6.67193377422655));
#7385=CARTESIAN_POINT('',(34.772579687414,207.833111955834,1.171933774226));
#7386=CARTESIAN_POINT('',(2.16239312107817,189.005611858303,1.17193377422598));
#7387=CARTESIAN_POINT('',(34.772579687414,207.833111955834,18.1719337742269));
#7388=CARTESIAN_POINT('',(34.772579687414,207.833111955834,2.67193377422672));
#7389=CARTESIAN_POINT('',(37.3706558851026,209.333111956321,18.1719337742269));
#7390=CARTESIAN_POINT('',(37.1541495383728,209.208111958057,18.1719337742269));
#7391=CARTESIAN_POINT('',(37.3706558851026,209.333111956321,9.17193377422656));
#7392=CARTESIAN_POINT('',(37.3706558851026,209.333111956321,2.67193377422673));
#7393=CARTESIAN_POINT('Origin',(40.4017447941167,211.08311196365,9.17193377422656));
#7394=CARTESIAN_POINT('Origin',(0.912393115843171,191.170675364742,1.17193377422598));
#7395=CARTESIAN_POINT('Origin',(33.522579682179,209.998175462273,1.171933774226));
#7396=CARTESIAN_POINT('Origin',(-10.3676704233802,205.70831839247,1.17193377422598));
#7397=CARTESIAN_POINT('',(23.1575796167673,227.950882039604,1.17193377422597));
#7398=CARTESIAN_POINT('',(-11.6176704311247,207.87338189746,1.17193377422597));
#7399=CARTESIAN_POINT('Origin',(24.4075796245118,225.785818534614,1.17193377422598));
#7400=CARTESIAN_POINT('Origin',(22.2915542147713,227.450882036506,-1.32806622577346));
#7401=CARTESIAN_POINT('',(26.6654243905637,229.976137180756,6.67193377422655));
#7402=CARTESIAN_POINT('',(26.8684984567319,230.093382048493,6.67193377422655));
#7403=CARTESIAN_POINT('',(25.7556558227547,229.450882048897,9.17193377422656));
#7404=CARTESIAN_POINT('Origin',(28.7867447297403,231.20088205974,9.17193377422656));
#7405=CARTESIAN_POINT('',(25.7556558227546,229.450882048897,18.1719337742269));
#7406=CARTESIAN_POINT('',(25.7556558227547,229.450882048897,-1.32806622577345));
#7407=CARTESIAN_POINT('',(23.1575796167673,227.950882039604,18.1719337742269));
#7408=CARTESIAN_POINT('',(23.3740859672659,228.075882040378,18.1719337742269));
#7409=CARTESIAN_POINT('',(23.1575796167673,227.950882039604,-1.32806622577345));
#7410=CARTESIAN_POINT('Origin',(22.6575796136695,228.8169074416,1.17193377422598));
#7411=CARTESIAN_POINT('',(21.7915542116736,228.316907438502,1.17193377422598));
#7412=CARTESIAN_POINT('Origin',(19.6264907066837,227.066907430758,1.17193377422598));
#7413=CARTESIAN_POINT('Origin',(22.6575796136695,228.8169074416,1.17193377422598));
#7414=CARTESIAN_POINT('Origin',(25.6816162745727,216.579122387602,1.17193377422598));
#7415=CARTESIAN_POINT('',(17.8915541875108,235.071905574071,1.17193377422598));
#7416=CARTESIAN_POINT('Origin',(15.726490682521,233.821905566326,1.17193377422598));
#7417=CARTESIAN_POINT('',(27.8466797795625,217.829122395346,1.17193377422598));
#7418=CARTESIAN_POINT('Origin',(18.7575795895068,235.571905577168,1.17193377422598));
#7419=CARTESIAN_POINT('',(18.257579586409,236.437930979164,1.17193377422598));
#7420=CARTESIAN_POINT('Origin',(17.0075795786645,238.602994484154,1.17193377422598));
#7421=CARTESIAN_POINT('Origin',(18.7575795895068,235.571905577168,1.17193377422598));
#7422=CARTESIAN_POINT('Origin',(-15.6026069642379,219.775494349756,1.17193377422598));
#7423=CARTESIAN_POINT('',(21.2353049879296,238.157121555507,1.17193377422598));
#7424=CARTESIAN_POINT('Origin',(19.9853049801852,240.322185060497,1.17193377422598));
#7425=CARTESIAN_POINT('',(-14.3526069564935,217.610430844766,1.17193377422598));
#7426=CARTESIAN_POINT('Origin',(21.7353049910274,237.291096153511,1.17193377422598));
#7427=CARTESIAN_POINT('',(22.2026679406779,238.175161690275,1.17193377422598));
#7428=CARTESIAN_POINT('Origin',(23.3710753148042,240.385325532185,1.17193377422598));
#7429=CARTESIAN_POINT('Origin',(21.7353049910274,237.291096153511,1.17193377422598));
#7430=CARTESIAN_POINT('Origin',(31.549926933688,255.856472425557,1.17193377422598));
#7431=CARTESIAN_POINT('',(38.6659911734019,237.165254441266,1.17193377422598));
#7432=CARTESIAN_POINT('Origin',(37.7764831434377,239.501656689303,1.17193377422598));
#7433=CARTESIAN_POINT('Origin',(31.549926933688,255.856472425557,1.17193377422598));
#7434=CARTESIAN_POINT('Origin',(39.5554992033662,234.82885219323,1.17193377422599));
#7435=CARTESIAN_POINT('',(41.7205627083561,236.078852200974,1.17193377422599));
#7436=CARTESIAN_POINT('Origin',(43.885626213346,237.328852208719,1.17193377422599));
#7437=CARTESIAN_POINT('Origin',(39.5554992033662,234.82885219323,1.17193377422599));
#7438=CARTESIAN_POINT('Origin',(56.577020333907,215.346712954613,1.17193377422598));
#7439=CARTESIAN_POINT('',(51.093099788898,219.845141915753,1.17193377422598));
#7440=CARTESIAN_POINT('Origin',(53.2581632938879,221.095141923498,1.17193377422598));
#7441=CARTESIAN_POINT('',(54.4119568289171,214.096712946868,1.17193377422598));
#7442=CARTESIAN_POINT('Origin',(48.9280362839081,218.595141908009,1.171933774226));
#7443=CARTESIAN_POINT('',(50.5066659820077,216.656604243614,1.171933774226));
#7444=CARTESIAN_POINT('Origin',(52.0852956801073,214.718066579219,1.171933774226));
#7445=CARTESIAN_POINT('Origin',(48.9280362839081,218.595141908009,1.171933774226));
#7446=CARTESIAN_POINT('Origin',(63.1357035668047,201.148302928454,1.17193377422601));
#7447=CARTESIAN_POINT('',(43.1496097960318,201.893994410149,1.17193377422601));
#7448=CARTESIAN_POINT('Origin',(45.6478715173784,201.800782974938,1.17193377422601));
#7449=CARTESIAN_POINT('Origin',(63.1357035668047,201.148302928454,1.17193377422601));
#7450=CARTESIAN_POINT('Origin',(42.1503051074932,201.931278984234,1.171933774226));
#7451=CARTESIAN_POINT('',(42.650305110591,201.065253582238,1.171933774226));
#7452=CARTESIAN_POINT('Origin',(43.9003051183354,198.900190077248,1.171933774226));
#7453=CARTESIAN_POINT('Origin',(42.1503051074932,201.931278984234,1.171933774226));
#7454=CARTESIAN_POINT('Origin',(6.14732967893897,177.103499364547,1.17193377422598));
#7455=CARTESIAN_POINT('',(39.6725797190868,199.346063011679,1.17193377422598));
#7456=CARTESIAN_POINT('Origin',(40.9225797268313,197.180999506689,1.17193377422598));
#7457=CARTESIAN_POINT('',(4.8973296711945,179.268562869536,1.17193377422598));
#7458=CARTESIAN_POINT('Origin',(39.172579715989,200.212088413675,1.171933774226));
#7459=CARTESIAN_POINT('',(38.306554313993,199.712088410577,1.171933774226));
#7460=CARTESIAN_POINT('Origin',(36.1414908090032,198.462088402832,1.171933774226));
#7461=CARTESIAN_POINT('Origin',(39.172579715989,200.212088413675,1.171933774226));
#7462=CARTESIAN_POINT('Origin',(33.8891163254227,202.363315413839,1.17193377422598));
#7463=CARTESIAN_POINT('',(34.406554287512,206.467086550161,1.17193377422598));
#7464=CARTESIAN_POINT('Origin',(32.2414907825222,205.217086542416,1.17193377422598));
#7465=CARTESIAN_POINT('',(36.0541798304125,203.613315421583,1.17193377422598));
#7466=CARTESIAN_POINT('Origin',(35.272579689508,206.967086553258,1.171933774226));
#7467=CARTESIAN_POINT('Origin',(35.272579689508,206.967086553258,1.171933774226));
#7468=CARTESIAN_POINT('Origin',(35.272579689508,206.967086553258,2.67193377422672));
#7469=CARTESIAN_POINT('',(34.406554287512,206.467086550161,18.1719337742269));
#7470=CARTESIAN_POINT('',(34.406554287512,206.467086550161,2.67193377422672));
#7471=CARTESIAN_POINT('Origin',(35.272579689508,206.967086553258,18.1719337742269));
#7472=CARTESIAN_POINT('Origin',(33.806554286113,207.50631702854,-1.32806622577345));
#7473=CARTESIAN_POINT('',(38.306554313993,199.712088410577,18.1719337742269));
#7474=CARTESIAN_POINT('',(38.306554313993,199.712088410577,-1.32806622577345));
#7475=CARTESIAN_POINT('',(35.0815542940123,205.297952253451,18.1719337742269));
#7476=CARTESIAN_POINT('Origin',(39.172579715989,200.212088413675,-1.32806622577345));
#7477=CARTESIAN_POINT('',(39.6725797190868,199.346063011679,18.1719337742269));
#7478=CARTESIAN_POINT('',(39.6725797190868,199.346063011679,-1.32806622577345));
#7479=CARTESIAN_POINT('Origin',(39.172579715989,200.212088413675,18.1719337742269));
#7480=CARTESIAN_POINT('Origin',(38.8065543170908,198.846063008581,-1.32806622577345));
#7481=CARTESIAN_POINT('',(42.650305110591,201.065253582238,7.47591198678537));
#7482=CARTESIAN_POINT('',(42.650305110591,201.065253582238,-1.32806622577343));
#7483=CARTESIAN_POINT('',(42.2706559150368,200.846063015177,9.17193377422656));
#7484=CARTESIAN_POINT('Origin',(45.3017448220226,202.596063026019,9.17193377422656));
#7485=CARTESIAN_POINT('',(42.2706559150368,200.846063015177,18.1719337742269));
#7486=CARTESIAN_POINT('',(42.2706559150368,200.846063015177,-1.32806622577344));
#7487=CARTESIAN_POINT('',(39.8890860670258,199.471063010975,18.1719337742269));
#7488=CARTESIAN_POINT('Origin',(42.1503051074932,201.931278984234,-1.32806622577343));
#7489=CARTESIAN_POINT('',(43.1496097960318,201.893994410149,7.71109007447182));
#7490=CARTESIAN_POINT('',(43.1496097960318,201.893994410149,-1.32806622577343));
#7491=CARTESIAN_POINT('Ctrl Pts',(42.650305110591,201.065253582238,7.47591198678537));
#7492=CARTESIAN_POINT('Ctrl Pts',(42.6517193284164,201.066070081287,7.4763340777954));
#7493=CARTESIAN_POINT('Ctrl Pts',(42.653131511706,201.066890024527,7.47675631608448));
#7494=CARTESIAN_POINT('Ctrl Pts',(42.744149386374,201.120035424556,7.50401915398486));
#7495=CARTESIAN_POINT('Ctrl Pts',(42.8250698856114,201.185986667708,7.53132954664868));
#7496=CARTESIAN_POINT('Ctrl Pts',(42.9634958241939,201.34016247093,7.5848347886822));
#7497=CARTESIAN_POINT('Ctrl Pts',(43.0204505650159,201.427617814685,7.61079199863021));
#7498=CARTESIAN_POINT('Ctrl Pts',(43.1150781580856,201.638935873796,7.66429825348094));
#7499=CARTESIAN_POINT('Ctrl Pts',(43.1447951663719,201.764952249662,7.69047685307491));
#7500=CARTESIAN_POINT('Ctrl Pts',(43.1496097960318,201.893994410149,7.71109007447178));
#7501=CARTESIAN_POINT('Origin',(63.1357035668047,201.148302928454,-1.32806622577342));
#7502=CARTESIAN_POINT('',(50.5066659820077,216.656604243614,6.67193377422657));
#7503=CARTESIAN_POINT('',(50.5066659820077,216.656604243614,-1.32806622577343));
#7504=CARTESIAN_POINT('',(43.6177423735048,205.512840802827,6.67193377422656));
#7505=CARTESIAN_POINT('Origin',(63.1357035668047,201.148302928454,6.67193377422657));
#7506=CARTESIAN_POINT('',(43.1833283504239,202.527695240397,7.51132018117781));
#7507=CARTESIAN_POINT('Ctrl Pts',(43.1833283486197,202.527695241307,7.5113201824242));
#7508=CARTESIAN_POINT('Ctrl Pts',(43.212067644573,202.943398019279,7.2494037454921));
#7509=CARTESIAN_POINT('Ctrl Pts',(43.2600288980635,203.417903372476,7.05121993183664));
#7510=CARTESIAN_POINT('Ctrl Pts',(43.390205000688,204.371373386758,6.76635397673956));
#7511=CARTESIAN_POINT('Ctrl Pts',(43.491063879403,204.946341896627,6.67193377422657));
#7512=CARTESIAN_POINT('Ctrl Pts',(43.6177423735048,205.512840802827,6.67193377422656));
#7513=CARTESIAN_POINT('Ctrl Pts',(43.1496097960318,201.893994410149,7.71109007447181));
#7514=CARTESIAN_POINT('Ctrl Pts',(43.1513870178768,201.941627678489,7.71869902260492));
#7515=CARTESIAN_POINT('Ctrl Pts',(43.1533736468333,201.990273161802,7.71888268073163));
#7516=CARTESIAN_POINT('Ctrl Pts',(43.1593346109164,202.123922526932,7.70306296034966));
#7517=CARTESIAN_POINT('Ctrl Pts',(43.1636941511188,202.209032135013,7.67527760218463));
#7518=CARTESIAN_POINT('Ctrl Pts',(43.1729031445703,202.370328783561,7.60476022779136));
#7519=CARTESIAN_POINT('Ctrl Pts',(43.1781033603662,202.452117811178,7.55893827029427));
#7520=CARTESIAN_POINT('Ctrl Pts',(43.1833283486197,202.527695241307,7.51132018242413));
#7521=CARTESIAN_POINT('Origin',(48.9280362839081,218.595141908009,-1.32806622577343));
#7522=CARTESIAN_POINT('',(51.093099788898,219.845141915753,6.67193377422656));
#7523=CARTESIAN_POINT('',(51.093099788898,219.845141915753,-1.32806622577343));
#7524=CARTESIAN_POINT('Origin',(48.9280362839081,218.595141908009,6.67193377422656));
#7525=CARTESIAN_POINT('Origin',(52.2143312849264,217.903112013628,-1.32806622577343));
#7526=CARTESIAN_POINT('',(41.7205627083561,236.078852200974,6.67193377422655));
#7527=CARTESIAN_POINT('',(41.7205627083561,236.078852200974,-1.32806622577344));
#7528=CARTESIAN_POINT('',(52.1143312843069,218.076317094027,6.67193377422656));
#7529=CARTESIAN_POINT('Origin',(39.5554992033662,234.82885219323,-1.32806622577344));
#7530=CARTESIAN_POINT('',(38.6659911734019,237.165254441266,6.67193377422656));
#7531=CARTESIAN_POINT('',(38.6659911734019,237.165254441266,-1.32806622577344));
#7532=CARTESIAN_POINT('Origin',(39.5554992033662,234.82885219323,6.67193377422656));
#7533=CARTESIAN_POINT('Origin',(31.549926933688,255.856472425557,-1.32806622577345));
#7534=CARTESIAN_POINT('',(22.2026679406779,238.175161690275,7.71109007451462));
#7535=CARTESIAN_POINT('',(22.2026679406779,238.175161690275,-1.32806622577345));
#7536=CARTESIAN_POINT('',(22.7683282317604,237.887512404519,7.51132018624741));
#7537=CARTESIAN_POINT('Ctrl Pts',(22.7683282317594,237.887512404501,7.51132018625856));
#7538=CARTESIAN_POINT('Ctrl Pts',(22.7165460957092,237.91281881835,7.54754710953667));
#7539=CARTESIAN_POINT('Ctrl Pts',(22.665734798189,237.937931014791,7.57988383145173));
#7540=CARTESIAN_POINT('Ctrl Pts',(22.5196494581584,238.010860368117,7.66180752271754));
#7541=CARTESIAN_POINT('Ctrl Pts',(22.4371013074204,238.053020656946,7.69302854969233));
#7542=CARTESIAN_POINT('Ctrl Pts',(22.3119659812731,238.117709293382,7.71813065095222));
#7543=CARTESIAN_POINT('Ctrl Pts',(22.2572912049653,238.146284996348,7.72095299101315));
#7544=CARTESIAN_POINT('Ctrl Pts',(22.2026679406779,238.175161690275,7.71109007451462));
#7545=CARTESIAN_POINT('',(25.570747148017,236.771153222289,6.67193377422655));
#7546=CARTESIAN_POINT('Ctrl Pts',(25.570747148017,236.771153222289,6.67193377422655));
#7547=CARTESIAN_POINT('Ctrl Pts',(25.0699611296175,236.92804290311,6.67193377422655));
#7548=CARTESIAN_POINT('Ctrl Pts',(24.5359887253721,237.118818261627,6.75037857083876));
#7549=CARTESIAN_POINT('Ctrl Pts',(23.5725439569357,237.509595275423,7.04819001647921));
#7550=CARTESIAN_POINT('Ctrl Pts',(23.1374080587243,237.707139643608,7.25311093508352));
#7551=CARTESIAN_POINT('Ctrl Pts',(22.7683282317594,237.887512404501,7.51132018625856));
#7552=CARTESIAN_POINT('Origin',(31.549926933688,255.856472425557,6.67193377422655));
#7553=CARTESIAN_POINT('Origin',(21.7353049910274,237.291096153511,-1.32806622577345));
#7554=CARTESIAN_POINT('',(21.2353049879296,238.157121555507,7.4759119868296));
#7555=CARTESIAN_POINT('',(21.2353049879296,238.157121555507,-1.32806622577345));
#7556=CARTESIAN_POINT('Ctrl Pts',(22.2026679406779,238.175161690275,7.71109007451464));
#7557=CARTESIAN_POINT('Ctrl Pts',(22.0885068362777,238.235513178111,7.69047685311952));
#7558=CARTESIAN_POINT('Ctrl Pts',(21.9645149490766,238.272785681061,7.66429825352729));
#7559=CARTESIAN_POINT('Ctrl Pts',(21.7341943448945,238.296494809481,7.61079199867696));
#7560=CARTESIAN_POINT('Ctrl Pts',(21.629978425125,238.290898228197,7.58483478872714));
#7561=CARTESIAN_POINT('Ctrl Pts',(21.4272452956436,238.248105749372,7.53132954715469));
#7562=CARTESIAN_POINT('Ctrl Pts',(21.3296696004745,238.211002166375,7.50401915740645));
#7563=CARTESIAN_POINT('Ctrl Pts',(21.2381353887436,238.158751069363,7.47675631596437));
#7564=CARTESIAN_POINT('Ctrl Pts',(21.2367192060843,238.157938054746,7.47633407793787));
#7565=CARTESIAN_POINT('Ctrl Pts',(21.2353049879297,238.157121555507,7.4759119868296));
#7566=CARTESIAN_POINT('Origin',(21.7216811943927,238.437930991555,-1.32806622577346));
#7567=CARTESIAN_POINT('',(18.257579586409,236.437930979164,18.1719337742269));
#7568=CARTESIAN_POINT('',(18.257579586409,236.437930979164,-1.32806622577345));
#7569=CARTESIAN_POINT('',(20.8556557923967,237.937930988458,18.1719337742269));
#7570=CARTESIAN_POINT('',(20.6391494418974,237.812930987683,18.1719337742269));
#7571=CARTESIAN_POINT('',(20.8556557923967,237.937930988458,9.17193377422655));
#7572=CARTESIAN_POINT('',(20.8556557923967,237.937930988458,-1.32806622577345));
#7573=CARTESIAN_POINT('Origin',(23.8867446993825,239.6879309993,9.17193377422655));
#7574=CARTESIAN_POINT('Origin',(18.7575795895068,235.571905577168,-1.32806622577345));
#7575=CARTESIAN_POINT('',(17.8915541875108,235.071905574071,18.1719337742269));
#7576=CARTESIAN_POINT('',(17.8915541875108,235.071905574071,-1.32806622577345));
#7577=CARTESIAN_POINT('Origin',(18.7575795895068,235.571905577168,18.1719337742269));
#7578=CARTESIAN_POINT('Origin',(17.3915541844131,235.937930976067,-1.32806622577345));
#7579=CARTESIAN_POINT('',(21.7915542116735,228.316907438502,18.1719337742269));
#7580=CARTESIAN_POINT('',(21.7915542116736,228.316907438502,-1.32806622577345));
#7581=CARTESIAN_POINT('',(18.616554192003,233.816168741176,18.1719337742269));
#7582=CARTESIAN_POINT('Origin',(22.6575796136695,228.8169074416,-1.32806622577345));
#7583=CARTESIAN_POINT('Origin',(22.6575796136695,228.8169074416,18.1719337742269));
#7584=CARTESIAN_POINT('Origin',(41.6951749589438,203.34282525239,18.4219337742269));
#7585=CARTESIAN_POINT('',(38.7366812891925,208.967086556843,18.1719337742269));
#7586=CARTESIAN_POINT('',(38.3036685881939,208.717086555294,18.6719337742269));
#7587=CARTESIAN_POINT('',(38.7366812891925,208.967086556843,18.1719337742269));
#7588=CARTESIAN_POINT('',(42.2036686129364,201.962088418721,18.6719337742269));
#7589=CARTESIAN_POINT('',(41.4786686084445,203.217825251615,18.6719337742269));
#7590=CARTESIAN_POINT('',(42.636681313935,202.21208842027,18.1719337742269));
#7591=CARTESIAN_POINT('',(42.2036686129364,201.962088418721,18.6719337742269));
#7592=CARTESIAN_POINT('',(41.9116813094431,203.467825253165,18.1719337742269));
#7593=CARTESIAN_POINT('Origin',(37.8706558871966,208.467086553745,18.4219337742269));
#7594=CARTESIAN_POINT('Origin',(37.8706558871966,208.467086553745,18.1719337742269));
#7595=CARTESIAN_POINT('',(37.6206558861496,208.900099255033,18.6719337742269));
#7596=CARTESIAN_POINT('',(37.3706558851026,209.333111956321,18.1719337742269));
#7597=CARTESIAN_POINT('Origin',(37.8706558871966,208.467086553745,18.6719337742269));
#7598=CARTESIAN_POINT('Origin',(37.2791495388963,208.991605607413,18.4219337742269));
#7599=CARTESIAN_POINT('',(35.0225796884609,207.400099254546,18.6719337742269));
#7600=CARTESIAN_POINT('',(34.772579687414,207.833111955834,18.1719337742269));
#7601=CARTESIAN_POINT('',(37.4041495394198,208.775099256769,18.6719337742269));
#7602=CARTESIAN_POINT('Origin',(35.272579689508,206.967086553258,18.4219337742269));
#7603=CARTESIAN_POINT('',(34.83956698851,206.717086551709,18.6719337742269));
#7604=CARTESIAN_POINT('',(34.406554287512,206.467086550161,18.1719337742269));
#7605=CARTESIAN_POINT('Origin',(35.272579689508,206.967086553258,18.6719337742269));
#7606=CARTESIAN_POINT('Origin',(35.2980606445113,205.422952254225,18.4219337742269));
#7607=CARTESIAN_POINT('',(38.739567014991,199.962088412126,18.6719337742269));
#7608=CARTESIAN_POINT('',(38.306554313993,199.712088410577,18.1719337742269));
#7609=CARTESIAN_POINT('',(35.5145669950102,205.547952255,18.6719337742269));
#7610=CARTESIAN_POINT('Origin',(39.172579715989,200.212088413675,18.4219337742269));
#7611=CARTESIAN_POINT('',(39.4225797175379,199.779075712677,18.6719337742269));
#7612=CARTESIAN_POINT('',(39.6725797190868,199.346063011679,18.1719337742269));
#7613=CARTESIAN_POINT('Origin',(39.172579715989,200.212088413675,18.6719337742269));
#7614=CARTESIAN_POINT('Origin',(39.7640860662513,199.687569361474,18.4219337742269));
#7615=CARTESIAN_POINT('',(42.0206559134878,201.279075716175,18.6719337742269));
#7616=CARTESIAN_POINT('',(42.2706559150368,200.846063015177,18.1719337742269));
#7617=CARTESIAN_POINT('',(39.6390860654768,199.904075711973,18.6719337742269));
#7618=CARTESIAN_POINT('Origin',(41.770655911939,201.712088417173,18.4219337742269));
#7619=CARTESIAN_POINT('Origin',(41.770655911939,201.712088417173,18.1719337742269));
#7620=CARTESIAN_POINT('Origin',(41.770655911939,201.712088417173,18.6719337742269));
#7621=CARTESIAN_POINT('Origin',(37.8706558871966,208.467086553745,2.67193377422673));
#7622=CARTESIAN_POINT('',(38.7366812897721,208.967086555839,9.17193377422656));
#7623=CARTESIAN_POINT('',(38.7366812891925,208.967086556843,2.67193377422673));
#7624=CARTESIAN_POINT('Origin',(37.8706558871966,208.467086553745,9.17193377422656));
#7625=CARTESIAN_POINT('Origin',(43.1366813170327,201.346063018275,-1.32806622577343));
#7626=CARTESIAN_POINT('',(42.636681313935,202.21208842027,9.17193377422656));
#7627=CARTESIAN_POINT('',(42.636681313935,202.21208842027,-1.32806622577344));
#7628=CARTESIAN_POINT('',(37.7829312910799,210.619029997646,9.17193377422656));
#7629=CARTESIAN_POINT('Origin',(38.5216178017815,204.33958748315,18.6719337742269));
#7630=CARTESIAN_POINT('Origin',(25.1801748666634,231.947644286108,18.4219337742269));
#7631=CARTESIAN_POINT('',(22.2216811974904,237.571905589559,18.1719337742269));
#7632=CARTESIAN_POINT('',(21.7886684964919,237.32190558801,18.6719337742269));
#7633=CARTESIAN_POINT('',(22.2216811974904,237.571905589559,18.1719337742269));
#7634=CARTESIAN_POINT('',(25.6886685206542,230.566907452442,18.6719337742269));
#7635=CARTESIAN_POINT('',(24.9636685161641,231.822644285333,18.6719337742269));
#7636=CARTESIAN_POINT('',(26.1216812216528,230.816907453991,18.1719337742269));
#7637=CARTESIAN_POINT('',(25.6886685206542,230.566907452442,18.6719337742269));
#7638=CARTESIAN_POINT('',(25.3966812171627,232.072644286882,18.1719337742269));
#7639=CARTESIAN_POINT('Origin',(21.3556557954945,237.071905586462,18.4219337742269));
#7640=CARTESIAN_POINT('Origin',(21.3556557954945,237.071905586462,18.1719337742269));
#7641=CARTESIAN_POINT('',(21.1056557939456,237.50491828746,18.6719337742269));
#7642=CARTESIAN_POINT('',(20.8556557923967,237.937930988458,18.1719337742269));
#7643=CARTESIAN_POINT('Origin',(21.3556557954945,237.071905586462,18.6719337742269));
#7644=CARTESIAN_POINT('Origin',(20.7641494426717,237.596424637184,18.4219337742269));
#7645=CARTESIAN_POINT('',(18.5075795879575,236.004918278167,18.6719337742269));
#7646=CARTESIAN_POINT('',(18.257579586409,236.437930979164,18.1719337742269));
#7647=CARTESIAN_POINT('',(20.8891494434459,237.379918286686,18.6719337742269));
#7648=CARTESIAN_POINT('Origin',(18.7575795895068,235.571905577168,18.4219337742269));
#7649=CARTESIAN_POINT('',(18.3245668885088,235.32190557562,18.6719337742269));
#7650=CARTESIAN_POINT('',(17.8915541875108,235.071905574071,18.1719337742269));
#7651=CARTESIAN_POINT('Origin',(18.7575795895068,235.571905577168,18.6719337742269));
#7652=CARTESIAN_POINT('Origin',(18.8330605425017,233.94116874195,18.4219337742269));
#7653=CARTESIAN_POINT('',(22.2245669126709,228.566907440051,18.6719337742269));
#7654=CARTESIAN_POINT('',(21.7915542116735,228.316907438502,18.1719337742269));
#7655=CARTESIAN_POINT('',(19.0495668930004,234.066168742724,18.6719337742269));
#7656=CARTESIAN_POINT('Origin',(22.6575796136695,228.8169074416,18.4219337742269));
#7657=CARTESIAN_POINT('',(22.9075796152184,228.383894740602,18.6719337742269));
#7658=CARTESIAN_POINT('',(23.1575796167673,227.950882039604,18.1719337742269));
#7659=CARTESIAN_POINT('Origin',(22.6575796136695,228.8169074416,18.6719337742269));
#7660=CARTESIAN_POINT('Origin',(23.2490859664925,228.292388390876,18.4219337742269));
#7661=CARTESIAN_POINT('',(25.5056558212077,229.883894749892,18.6719337742269));
#7662=CARTESIAN_POINT('',(25.7556558227546,229.450882048897,18.1719337742269));
#7663=CARTESIAN_POINT('',(23.124085965719,228.508894741373,18.6719337742269));
#7664=CARTESIAN_POINT('Origin',(25.2556558196568,230.316907450893,18.4219337742269));
#7665=CARTESIAN_POINT('Origin',(25.2556558196568,230.316907450893,18.1719337742269));
#7666=CARTESIAN_POINT('Origin',(25.2556558196568,230.316907450893,18.6719337742269));
#7667=CARTESIAN_POINT('Origin',(21.3556557954945,237.071905586462,-1.32806622577345));
#7668=CARTESIAN_POINT('',(22.2216811974904,237.571905589559,9.17193377422655));
#7669=CARTESIAN_POINT('',(22.2216811974904,237.571905589559,-1.32806622577345));
#7670=CARTESIAN_POINT('Origin',(21.3556557954945,237.071905586462,9.17193377422655));
#7671=CARTESIAN_POINT('Origin',(26.6216812247528,229.950882051991,-1.32806622577345));
#7672=CARTESIAN_POINT('',(26.1216812216528,230.816907453991,9.17193377422655));
#7673=CARTESIAN_POINT('',(26.1216812216528,230.816907453991,-1.32806622577345));
#7674=CARTESIAN_POINT('',(29.5254312499583,224.921439517402,9.17193377422656));
#7675=CARTESIAN_POINT('Origin',(22.006617704582,232.944406514029,18.6719337742269));
#7676=CARTESIAN_POINT('Ctrl Pts',(40.4017447941167,211.08311196365,5.67193377422656));
#7677=CARTESIAN_POINT('Ctrl Pts',(39.4948451132656,210.559513185858,5.67193377422655));
#7678=CARTESIAN_POINT('Ctrl Pts',(37.9252266661556,209.653293547834,6.55135507090877));
#7679=CARTESIAN_POINT('Ctrl Pts',(37.3706558851026,209.333111956321,8.38653561082911));
#7680=CARTESIAN_POINT('Ctrl Pts',(37.3706558851026,209.333111956321,9.17193377422656));
#7681=CARTESIAN_POINT('Ctrl Pts',(40.4017447941167,211.08311196365,5.97113307456846));
#7682=CARTESIAN_POINT('Ctrl Pts',(39.5727078057266,210.604467232558,5.97113307450096));
#7683=CARTESIAN_POINT('Ctrl Pts',(38.1370824134366,209.775608521238,6.77582324556425));
#7684=CARTESIAN_POINT('Ctrl Pts',(37.6297700794403,209.482711607008,8.45396668054967));
#7685=CARTESIAN_POINT('Ctrl Pts',(37.6297700794403,209.482711607008,9.17193377422656));
#7686=CARTESIAN_POINT('Ctrl Pts',(40.5274023060546,210.865466769836,6.48891071862139));
#7687=CARTESIAN_POINT('Ctrl Pts',(39.8321105020879,210.464039857545,6.48891071844647));
#7688=CARTESIAN_POINT('Ctrl Pts',(38.6289213028869,209.769378245857,7.16294612225853));
#7689=CARTESIAN_POINT('Ctrl Pts',(38.2038361835009,209.523955236463,8.56979340802772));
#7690=CARTESIAN_POINT('Ctrl Pts',(38.2038361835009,209.523955236463,9.17193377422656));
#7691=CARTESIAN_POINT('Ctrl Pts',(40.7895450581126,210.411422206971,6.67193377422659));
#7692=CARTESIAN_POINT('Ctrl Pts',(40.1419701652863,210.037544666533,6.67193377414803));
#7693=CARTESIAN_POINT('Ctrl Pts',(39.0206971532462,209.390177388176,7.30037187020364));
#7694=CARTESIAN_POINT('Ctrl Pts',(38.624481550952,209.161422202466,8.61111746547314));
#7695=CARTESIAN_POINT('Ctrl Pts',(38.624481550952,209.161422202466,9.17193377422656));
#7696=CARTESIAN_POINT('Ctrl Pts',(40.9017447962107,210.217086561074,6.67193377422659));
#7697=CARTESIAN_POINT('Ctrl Pts',(40.2539593097151,209.843087434381,6.67193377422658));
#7698=CARTESIAN_POINT('Ctrl Pts',(39.132803275765,209.195787693455,7.3000918432853));
#7699=CARTESIAN_POINT('Ctrl Pts',(38.7366812891925,208.967086556843,8.61093508608553));
#7700=CARTESIAN_POINT('Ctrl Pts',(38.7366812891925,208.967086556843,9.17193377422656));
#7701=CARTESIAN_POINT('',(40.9017447962107,210.217086561074,6.67193377422656));
#7702=CARTESIAN_POINT('Origin',(40.9017447962107,210.217086561074,9.17193377422656));
#7703=CARTESIAN_POINT('Ctrl Pts',(38.2804244535184,209.858367087129,6.67193377422656));
#7704=CARTESIAN_POINT('Ctrl Pts',(38.4484831514762,209.955395822176,6.67193377422656));
#7705=CARTESIAN_POINT('Ctrl Pts',(38.6304559324585,210.02860704049,6.67193377442092));
#7706=CARTESIAN_POINT('Ctrl Pts',(39.469882593963,210.274112687487,6.67193377442092));
#7707=CARTESIAN_POINT('Ctrl Pts',(40.2063251392331,210.24515451,6.67193377422657));
#7708=CARTESIAN_POINT('Ctrl Pts',(40.8962403172753,210.217308753587,6.67193377422657));
#7709=CARTESIAN_POINT('Ctrl Pts',(40.8989920670432,210.217197677095,6.67193377422659));
#7710=CARTESIAN_POINT('Ctrl Pts',(40.9017447962107,210.217086561074,6.67193377422659));
#7711=CARTESIAN_POINT('Origin',(39.9479947960697,211.869030005391,9.17193377422656));
#7712=CARTESIAN_POINT('Origin',(44.8017448189248,203.462088428015,9.17193377422656));
#7713=CARTESIAN_POINT('',(39.9479947960697,211.869030005391,6.67193377422656));
#7714=CARTESIAN_POINT('Origin',(24.3867447024803,238.821905597304,9.17193377422655));
#7715=CARTESIAN_POINT('Origin',(24.3867447024803,238.821905597304,9.17193377422655));
#7716=CARTESIAN_POINT('Origin',(25.2556558196568,230.316907450893,-1.32806622577345));
#7717=CARTESIAN_POINT('Origin',(25.2556558196568,230.316907450893,9.17193377422656));
#7718=CARTESIAN_POINT('Origin',(28.2867447266429,232.066907461735,9.17193377422656));
#7719=CARTESIAN_POINT('',(28.2867447266429,232.066907461735,6.67193377422655));
#7720=CARTESIAN_POINT('Ctrl Pts',(28.2867447266429,232.066907461735,6.67193377422655));
#7721=CARTESIAN_POINT('Ctrl Pts',(28.0423008912359,231.601082756366,6.67193377422655));
#7722=CARTESIAN_POINT('Ctrl Pts',(27.7447326893805,231.044336309806,6.67193377422655));
#7723=CARTESIAN_POINT('Ctrl Pts',(27.212858081755,230.392963106765,6.67193377422655));
#7724=CARTESIAN_POINT('Ctrl Pts',(26.9381120118481,230.133573453614,6.67193377422655));
#7725=CARTESIAN_POINT('Ctrl Pts',(26.665424390562,229.976137180759,6.67193377422655));
#7726=CARTESIAN_POINT('Origin',(28.2867447266429,232.066907461735,9.17193377422656));
#7727=CARTESIAN_POINT('Origin',(41.770655911939,201.712088417173,-1.32806622577344));
#7728=CARTESIAN_POINT('Origin',(41.770655911939,201.712088417173,9.17193377422656));
#7729=CARTESIAN_POINT('Origin',(44.8017448189248,203.462088428015,9.17193377422656));
#7730=CARTESIAN_POINT('Origin',(31.6904947549482,226.171439525146,9.17193377422656));
#7731=CARTESIAN_POINT('',(31.6904947549482,226.171439525146,6.67193377422656));
#7732=CARTESIAN_POINT('Origin',(37.2529427491029,222.676996991304,6.67193377422656));
#7733=CARTESIAN_POINT('',(27.6182138417571,223.704836970204,6.67193377422656));
#7734=CARTESIAN_POINT('Origin',(-17.9817130943966,114.265313576491,-1.32806622577376));
#7735=CARTESIAN_POINT('',(-16.9817130943966,114.265313580068,1.17193377422598));
#7736=CARTESIAN_POINT('',(-17.9817130908196,113.265313576491,1.17193377422598));
#7737=CARTESIAN_POINT('Origin',(-17.9817130943966,114.265313576491,1.17193377422598));
#7738=CARTESIAN_POINT('',(-17.9817130908196,113.265313576491,6.67193377422624));
#7739=CARTESIAN_POINT('',(-17.9817130908196,113.265313576491,-1.32806622577376));
#7740=CARTESIAN_POINT('',(-16.9817130943966,114.265313580068,6.67193377422624));
#7741=CARTESIAN_POINT('Origin',(-17.9817130943966,114.265313576491,6.67193377422624));
#7742=CARTESIAN_POINT('',(-16.9817130943966,114.265313580068,-1.32806622577376));
#7743=CARTESIAN_POINT('Origin',(-19.4817130943966,114.265313571126,1.17193377422598));
#7744=CARTESIAN_POINT('',(-19.4817130908196,113.265313571126,-0.328066225774024));
#7745=CARTESIAN_POINT('Origin',(-19.4817130943966,114.265313571126,-0.328066225774024));
#7746=CARTESIAN_POINT('Origin',(-19.4817130908196,113.265313571126,1.17193377422598));
#7747=CARTESIAN_POINT('Origin',(-19.4817130943966,114.265313571126,1.17193377422598));
#7748=CARTESIAN_POINT('Origin',(-23.3491784229308,114.265313557292,-0.328066225774024));
#7749=CARTESIAN_POINT('',(-37.7117130870403,113.265313505917,-0.328066225774024));
#7750=CARTESIAN_POINT('Origin',(-37.7117130906173,114.265313505917,-0.328066225774024));
#7751=CARTESIAN_POINT('',(-23.3491784193538,113.265313557292,-0.328066225774024));
#7752=CARTESIAN_POINT('Origin',(-37.7117130906173,114.265313505917,1.17193377422598));
#7753=CARTESIAN_POINT('',(-40.2117130906173,114.265313496974,1.17193377422597));
#7754=CARTESIAN_POINT('',(-39.2117130870403,113.265313500551,1.17193377422598));
#7755=CARTESIAN_POINT('Origin',(-39.2117130906173,114.265313500551,1.17193377422598));
#7756=CARTESIAN_POINT('Origin',(-37.7117130870403,113.265313505917,1.17193377422598));
#7757=CARTESIAN_POINT('Origin',(-37.7117130906173,114.265313505917,1.17193377422598));
#7758=CARTESIAN_POINT('Origin',(-39.2117130906173,114.265313500551,2.67193377422639));
#7759=CARTESIAN_POINT('',(-40.2117130906173,114.265313498134,6.67193377422624));
#7760=CARTESIAN_POINT('',(-39.2117130870403,113.265313500551,6.67193377422624));
#7761=CARTESIAN_POINT('Origin',(-39.2117130906173,114.265313500551,6.67193377422623));
#7762=CARTESIAN_POINT('',(-39.2117130870402,113.265313500551,2.67193377422639));
#7763=CARTESIAN_POINT('',(-40.2117130906173,114.265313498134,2.67193377422639));
#7764=CARTESIAN_POINT('Origin',(-40.2117130827347,111.005313508566,6.67193377422656));
#7765=CARTESIAN_POINT('',(-40.2117130826126,110.954803250189,6.67193377422624));
#7766=CARTESIAN_POINT('',(-40.2117130760008,108.220313518265,6.67193377422624));
#7767=CARTESIAN_POINT('',(-40.2117130924065,115.005313495815,1.17193377422597));
#7768=CARTESIAN_POINT('',(-40.2117131426515,135.785313509621,1.17193377422597));
#7769=CARTESIAN_POINT('',(-40.2117130924066,115.005313495815,18.1719337742266));
#7770=CARTESIAN_POINT('',(-40.2117130924065,115.005313495815,2.6719337742264));
#7771=CARTESIAN_POINT('',(-40.2117130851527,112.005313507406,18.1719337742266));
#7772=CARTESIAN_POINT('',(-40.2117130857572,112.255313502886,18.1719337742266));
#7773=CARTESIAN_POINT('',(-40.2117130851527,112.005313507406,9.17193377422624));
#7774=CARTESIAN_POINT('',(-40.2117130851527,112.005313507406,2.6719337742264));
#7775=CARTESIAN_POINT('Origin',(-40.2117130766899,108.505313507406,9.17193377422624));
#7776=CARTESIAN_POINT('Origin',(-37.7117131426515,135.785313515666,1.17193377422598));
#7777=CARTESIAN_POINT('Origin',(-37.7117130924065,115.00531350186,1.17193377422597));
#7778=CARTESIAN_POINT('Origin',(-19.4817131803173,138.285313571779,1.17193377422598));
#7779=CARTESIAN_POINT('',(-16.9817130970436,115.005313580068,1.17193377422598));
#7780=CARTESIAN_POINT('',(-16.9817131803173,138.285313580722,1.17193377422598));
#7781=CARTESIAN_POINT('Origin',(-19.4817130970436,115.005313571126,1.17193377422598));
#7782=CARTESIAN_POINT('Origin',(-16.9817131006206,116.005313580068,-1.32806622577376));
#7783=CARTESIAN_POINT('',(-16.9817130825588,110.954803322852,6.67193377422624));
#7784=CARTESIAN_POINT('',(-16.98171308172,110.720313588832,6.67193377422624));
#7785=CARTESIAN_POINT('',(-16.9817130863124,112.005313580069,9.17193377422624));
#7786=CARTESIAN_POINT('Origin',(-16.9817130737928,108.505313580069,9.17193377422624));
#7787=CARTESIAN_POINT('',(-16.9817130863124,112.005313580069,18.1719337742266));
#7788=CARTESIAN_POINT('',(-16.9817130863124,112.005313580069,-1.32806622577376));
#7789=CARTESIAN_POINT('',(-16.9817130970436,115.005313580068,18.1719337742266));
#7790=CARTESIAN_POINT('',(-16.9817130961493,114.755313580069,18.1719337742266));
#7791=CARTESIAN_POINT('',(-16.9817130970436,115.005313580068,-1.32806622577376));
#7792=CARTESIAN_POINT('Origin',(-15.9817130970436,115.005313583645,1.17193377422598));
#7793=CARTESIAN_POINT('',(-15.9817131006206,116.005313583645,1.17193377422598));
#7794=CARTESIAN_POINT('Origin',(-15.9817131095631,118.505313583645,1.17193377422598));
#7795=CARTESIAN_POINT('Origin',(-15.9817130970436,115.005313583645,1.17193377422598));
#7796=CARTESIAN_POINT('Origin',(-18.3491784380974,118.505313575177,1.17193377422598));
#7797=CARTESIAN_POINT('',(-8.18171310062052,116.005313611546,1.17193377422598));
#7798=CARTESIAN_POINT('Origin',(-8.18171310956304,118.505313611546,1.17193377422598));
#7799=CARTESIAN_POINT('',(-18.3491784291548,116.005313575177,1.17193377422598));
#7800=CARTESIAN_POINT('Origin',(-8.18171309704351,115.005313611546,1.17193377422598));
#7801=CARTESIAN_POINT('',(-7.18171309704351,115.005313615123,1.17193377422598));
#7802=CARTESIAN_POINT('Origin',(-4.68171309704351,115.005313624066,1.17193377422598));
#7803=CARTESIAN_POINT('Origin',(-8.18171309704351,115.005313611546,1.17193377422598));
#7804=CARTESIAN_POINT('Origin',(-4.68171317137375,135.785313624718,1.17193377422598));
#7805=CARTESIAN_POINT('',(-7.18171308474439,111.566932483741,1.17193377422598));
#7806=CARTESIAN_POINT('Origin',(-4.68171308474439,111.566932492683,1.17193377422598));
#7807=CARTESIAN_POINT('',(-7.18171317137375,135.785313615776,1.17193377422598));
#7808=CARTESIAN_POINT('Origin',(-8.18171308474439,111.566932480164,1.17193377422598));
#7809=CARTESIAN_POINT('',(-7.64977134612161,110.720151524597,1.17193377422598));
#7810=CARTESIAN_POINT('Origin',(-6.31991699956467,108.603199135679,1.17193377422598));
#7811=CARTESIAN_POINT('Origin',(-8.18171308474439,111.566932480164,1.17193377422598));
#7812=CARTESIAN_POINT('Origin',(2.98906342633385,93.7845324132564,1.17193377422598));
#7813=CARTESIAN_POINT('',(-16.7560382955913,96.9674489988474,1.17193377422598));
#7814=CARTESIAN_POINT('Origin',(-14.2879005803506,96.5695844256485,1.17193377422598));
#7815=CARTESIAN_POINT('Origin',(2.98906342633385,93.7845324132564,1.17193377422598));
#7816=CARTESIAN_POINT('Origin',(-19.2241760108319,97.3653135720463,1.17193377422598));
#7817=CARTESIAN_POINT('',(-19.2241760018895,94.8653135720463,1.17193377422598));
#7818=CARTESIAN_POINT('Origin',(-19.2241759929471,92.3653135720463,1.17193377422598));
#7819=CARTESIAN_POINT('Origin',(-19.2241760108319,97.3653135720463,1.17193377422598));
#7820=CARTESIAN_POINT('Origin',(-34.8641783445959,92.3653135161026,1.17193377422598));
#7821=CARTESIAN_POINT('',(-37.9692500468386,94.8653135049959,1.17193377422598));
#7822=CARTESIAN_POINT('Origin',(-37.9692500378962,92.3653135049959,1.17193377422598));
#7823=CARTESIAN_POINT('',(-34.8641783535383,94.8653135161026,1.17193377422598));
#7824=CARTESIAN_POINT('Origin',(-37.969250055781,97.3653135049959,1.17193377422597));
#7825=CARTESIAN_POINT('',(-40.4373877683898,96.9674489154705,1.17193377422597));
#7826=CARTESIAN_POINT('Origin',(-42.9055254809986,96.5695843259452,1.17193377422597));
#7827=CARTESIAN_POINT('Origin',(-37.969250055781,97.3653135049959,1.17193377422597));
#7828=CARTESIAN_POINT('Origin',(-60.1824894692602,93.7845321992677,1.17193377422597));
#7829=CARTESIAN_POINT('',(-49.5436548173401,110.720151386327,1.17193377422597));
#7830=CARTESIAN_POINT('Origin',(-50.8735091488301,108.603198987945,1.17193377422597));
#7831=CARTESIAN_POINT('Origin',(-60.1824894692602,93.7845321992677,1.17193377422597));
#7832=CARTESIAN_POINT('Origin',(-49.0117130847441,111.56693234568,1.17193377422597));
#7833=CARTESIAN_POINT('',(-50.0117130847441,111.566932342103,1.17193377422597));
#7834=CARTESIAN_POINT('Origin',(-52.5117130847441,111.566932333161,1.17193377422597));
#7835=CARTESIAN_POINT('Origin',(-49.0117130847441,111.56693234568,1.17193377422597));
#7836=CARTESIAN_POINT('Origin',(-52.511713180316,138.28531345363,1.17193377422598));
#7837=CARTESIAN_POINT('',(-50.0117130970432,115.00531346192,1.17193377422598));
#7838=CARTESIAN_POINT('Origin',(-52.5117130970432,115.005313452977,1.17193377422598));
#7839=CARTESIAN_POINT('',(-50.011713180316,138.285313462573,1.17193377422598));
#7840=CARTESIAN_POINT('Origin',(-49.0117130970432,115.005313465497,1.17193377422597));
#7841=CARTESIAN_POINT('',(-49.0117131006202,116.005313465497,1.17193377422597));
#7842=CARTESIAN_POINT('Origin',(-49.0117131095627,118.505313465497,1.17193377422597));
#7843=CARTESIAN_POINT('Origin',(-49.0117130970432,115.005313465497,1.17193377422597));
#7844=CARTESIAN_POINT('Origin',(-34.7641784380972,118.50531351646,1.17193377422598));
#7845=CARTESIAN_POINT('',(-41.2117130959835,116.005313493397,1.17193377422598));
#7846=CARTESIAN_POINT('Origin',(-41.2117131049261,118.505313493397,1.17193377422598));
#7847=CARTESIAN_POINT('',(-34.7641784291547,116.00531351646,1.17193377422598));
#7848=CARTESIAN_POINT('Origin',(-41.2117130924065,115.005313493397,1.17193377422597));
#7849=CARTESIAN_POINT('Origin',(-41.2117130924065,115.005313493397,1.17193377422597));
#7850=CARTESIAN_POINT('Origin',(-41.2117130924065,115.005313493397,2.6719337742264));
#7851=CARTESIAN_POINT('',(-41.2117130959836,116.005313493397,18.1719337742266));
#7852=CARTESIAN_POINT('',(-41.2117130959835,116.005313493397,2.6719337742264));
#7853=CARTESIAN_POINT('Origin',(-41.2117130924065,115.005313493397,18.1719337742266));
#7854=CARTESIAN_POINT('Origin',(-40.0117131006202,116.00531349769,-1.32806622577377));
#7855=CARTESIAN_POINT('',(-49.0117131006202,116.005313465497,18.1719337742266));
#7856=CARTESIAN_POINT('',(-49.0117131006202,116.005313465497,-1.32806622577377));
#7857=CARTESIAN_POINT('',(-42.56171310062,116.005313488568,18.1719337742266));
#7858=CARTESIAN_POINT('Origin',(-49.0117130970432,115.005313465497,-1.32806622577377));
#7859=CARTESIAN_POINT('',(-50.0117130970432,115.00531346192,18.1719337742266));
#7860=CARTESIAN_POINT('',(-50.0117130970432,115.00531346192,-1.32806622577377));
#7861=CARTESIAN_POINT('Origin',(-49.0117130970432,115.005313465497,18.1719337742266));
#7862=CARTESIAN_POINT('Origin',(-50.0117131006202,116.00531346192,-1.32806622577378));
#7863=CARTESIAN_POINT('',(-50.0117130847441,111.566932342103,7.47591198678509));
#7864=CARTESIAN_POINT('',(-50.0117130847441,111.566932342103,-1.32806622577377));
#7865=CARTESIAN_POINT('',(-50.0117130863122,112.00531347351,9.17193377422623));
#7866=CARTESIAN_POINT('Origin',(-50.0117130737926,108.50531347351,9.17193377422623));
#7867=CARTESIAN_POINT('',(-50.0117130863122,112.00531347351,18.1719337742266));
#7868=CARTESIAN_POINT('',(-50.0117130863122,112.00531347351,-1.32806622577377));
#7869=CARTESIAN_POINT('',(-50.011713096149,114.755313464876,18.1719337742266));
#7870=CARTESIAN_POINT('Origin',(-49.0117130847441,111.56693234568,-1.32806622577377));
#7871=CARTESIAN_POINT('',(-49.5436548173401,110.720151386327,7.71109007447146));
#7872=CARTESIAN_POINT('',(-49.5436548173401,110.720151386327,-1.32806622577377));
#7873=CARTESIAN_POINT('Ctrl Pts',(-50.0117130847441,111.566932342103,7.47591198678509));
#7874=CARTESIAN_POINT('Ctrl Pts',(-50.0117130847382,111.565299343934,7.47633407781626));
#7875=CARTESIAN_POINT('Ctrl Pts',(-50.011709084708,111.563666385869,7.47675631604999));
#7876=CARTESIAN_POINT('Ctrl Pts',(-50.0111927555128,111.458269892183,7.50401915470024));
#7877=CARTESIAN_POINT('Ctrl Pts',(-49.9945375530424,111.355215064152,7.53132954674645));
#7878=CARTESIAN_POINT('Ctrl Pts',(-49.9302303602127,111.158246783548,7.58483478868164));
#7879=CARTESIAN_POINT('Ctrl Pts',(-49.8829691812352,111.065194859253,7.61079199862977));
#7880=CARTESIAN_POINT('Ctrl Pts',(-49.747276170301,110.8775859302,7.66429825348059));
#7881=CARTESIAN_POINT('Ctrl Pts',(-49.6530012916511,110.788842058166,7.69047685307455));
#7882=CARTESIAN_POINT('Ctrl Pts',(-49.5436548173401,110.720151386327,7.71109007447143));
#7883=CARTESIAN_POINT('Origin',(-60.1824894692602,93.7845321992677,-1.32806622577377));
#7884=CARTESIAN_POINT('',(-40.4373877683898,96.9674489154705,6.67193377422624));
#7885=CARTESIAN_POINT('',(-40.4373877683898,96.9674489154705,-1.32806622577376));
#7886=CARTESIAN_POINT('',(-46.6437081976237,108.505313485558,6.67193377422623));
#7887=CARTESIAN_POINT('Origin',(-60.1824894692602,93.7845321992677,6.67193377422623));
#7888=CARTESIAN_POINT('',(-49.0117130778116,110.374099847422,7.5113201821916));
#7889=CARTESIAN_POINT('Ctrl Pts',(-49.0117130764606,110.374099848308,7.51132018318783));
#7890=CARTESIAN_POINT('Ctrl Pts',(-48.8890432868716,110.291498733038,7.41836427814382));
#7891=CARTESIAN_POINT('Ctrl Pts',(-48.7646851266729,110.205706538154,7.3359606299463));
#7892=CARTESIAN_POINT('Ctrl Pts',(-48.1533476334948,109.773998124169,6.97008475860779));
#7893=CARTESIAN_POINT('Ctrl Pts',(-47.5991147535071,109.345988925016,6.77121379343558));
#7894=CARTESIAN_POINT('Ctrl Pts',(-46.9229672066981,108.758528668867,6.68165112141105));
#7895=CARTESIAN_POINT('Ctrl Pts',(-46.7820416769544,108.632539526267,6.67193377422611));
#7896=CARTESIAN_POINT('Ctrl Pts',(-46.6437081976211,108.505313485555,6.67193377422623));
#7897=CARTESIAN_POINT('Ctrl Pts',(-49.5436548173401,110.720151386327,7.71109007447144));
#7898=CARTESIAN_POINT('Ctrl Pts',(-49.5032918078156,110.694795632892,7.71869902260458));
#7899=CARTESIAN_POINT('Ctrl Pts',(-49.4621568979647,110.668752420091,7.71888268073127));
#7900=CARTESIAN_POINT('Ctrl Pts',(-49.3493936346043,110.596765391199,7.70306296034929));
#7901=CARTESIAN_POINT('Ctrl Pts',(-49.2778663220008,110.550435114594,7.67527760218421));
#7902=CARTESIAN_POINT('Ctrl Pts',(-49.142783823906,110.461811568289,7.60476022798274));
#7903=CARTESIAN_POINT('Ctrl Pts',(-49.0745525564991,110.416413535741,7.55893827078435));
#7904=CARTESIAN_POINT('Ctrl Pts',(-49.0117130764606,110.374099848308,7.51132018318784));
#7905=CARTESIAN_POINT('Origin',(-37.969250055781,97.3653135049959,-1.32806622577376));
#7906=CARTESIAN_POINT('',(-37.9692500468386,94.8653135049959,6.67193377422623));
#7907=CARTESIAN_POINT('',(-37.9692500468386,94.8653135049959,-1.32806622577376));
#7908=CARTESIAN_POINT('Origin',(-37.969250055781,97.3653135049959,6.67193377422624));
#7909=CARTESIAN_POINT('Origin',(-40.2117130250023,94.8653134969747,-1.32806622577377));
#7910=CARTESIAN_POINT('',(-19.2241760018895,94.8653135720463,6.67193377422624));
#7911=CARTESIAN_POINT('',(-19.2241760018895,94.8653135720463,-1.32806622577376));
#7912=CARTESIAN_POINT('',(-40.0117130250023,94.8653134976901,6.67193377422623));
#7913=CARTESIAN_POINT('Origin',(-19.2241760108319,97.3653135720463,-1.32806622577376));
#7914=CARTESIAN_POINT('',(-16.7560382955913,96.9674489988474,6.67193377422624));
#7915=CARTESIAN_POINT('',(-16.7560382955913,96.9674489988474,-1.32806622577376));
#7916=CARTESIAN_POINT('Origin',(-19.2241760108319,97.3653135720463,6.67193377422624));
#7917=CARTESIAN_POINT('Origin',(2.98906342633385,93.7845324132564,-1.32806622577375));
#7918=CARTESIAN_POINT('',(-7.64977134612161,110.720151524597,7.71109007451435));
#7919=CARTESIAN_POINT('',(-7.64977134612161,110.720151524597,-1.32806622577376));
#7920=CARTESIAN_POINT('',(-8.18171307993376,110.374099986258,7.51132018711675));
#7921=CARTESIAN_POINT('Ctrl Pts',(-8.18171307965808,110.374099986077,7.51132018691346));
#7922=CARTESIAN_POINT('Ctrl Pts',(-8.13390601465764,110.406291424231,7.54754710992639));
#7923=CARTESIAN_POINT('Ctrl Pts',(-8.08675256612832,110.437739200266,7.57988383161703));
#7924=CARTESIAN_POINT('Ctrl Pts',(-7.95055122371855,110.527788139012,7.6618075227215));
#7925=CARTESIAN_POINT('Ctrl Pts',(-7.872765267194,110.578196790171,7.69302854969338));
#7926=CARTESIAN_POINT('Ctrl Pts',(-7.75417560163677,110.654222843303,7.71813065095188));
#7927=CARTESIAN_POINT('Ctrl Pts',(-7.70209092878394,110.68728473705,7.72095299101292));
#7928=CARTESIAN_POINT('Ctrl Pts',(-7.64977134612161,110.720151524597,7.71109007451435));
#7929=CARTESIAN_POINT('',(-10.5497179501955,108.505313603076,6.67193377422624));
#7930=CARTESIAN_POINT('Ctrl Pts',(-10.5497179501955,108.505313603076,6.67193377422624));
#7931=CARTESIAN_POINT('Ctrl Pts',(-10.2051037652454,108.822257116408,6.67193377422624));
#7932=CARTESIAN_POINT('Ctrl Pts',(-9.81959541688682,109.152657464336,6.73477703705602));
#7933=CARTESIAN_POINT('Ctrl Pts',(-9.05016204961511,109.762581687941,6.98605542986625));
#7934=CARTESIAN_POINT('Ctrl Pts',(-8.66621801295615,110.04246722012,7.17355347860093));
#7935=CARTESIAN_POINT('Ctrl Pts',(-8.2814972127728,110.306577254064,7.43766351116882));
#7936=CARTESIAN_POINT('Ctrl Pts',(-8.23174534068281,110.340410186536,7.47340706944347));
#7937=CARTESIAN_POINT('Ctrl Pts',(-8.18171307965807,110.374099986077,7.51132018691347));
#7938=CARTESIAN_POINT('Origin',(2.98906342633384,93.7845324132564,6.67193377422625));
#7939=CARTESIAN_POINT('Origin',(-8.18171308474439,111.566932480164,-1.32806622577376));
#7940=CARTESIAN_POINT('',(-7.18171308474439,111.566932483741,7.47591198682933));
#7941=CARTESIAN_POINT('',(-7.18171308474439,111.566932483741,-1.32806622577376));
#7942=CARTESIAN_POINT('Ctrl Pts',(-7.64977134612162,110.720151524597,7.71109007451435));
#7943=CARTESIAN_POINT('Ctrl Pts',(-7.54042487229976,110.788842197214,7.69047685311924));
#7944=CARTESIAN_POINT('Ctrl Pts',(-7.4461499942817,110.877586069918,7.66429825352698));
#7945=CARTESIAN_POINT('Ctrl Pts',(-7.31045698467625,111.065194999945,7.61079199867629));
#7946=CARTESIAN_POINT('Ctrl Pts',(-7.26319580635739,111.158246924588,7.58483478872625));
#7947=CARTESIAN_POINT('Ctrl Pts',(-7.19888861546352,111.355215204035,7.53132954723118));
#7948=CARTESIAN_POINT('Ctrl Pts',(-7.1822334132403,111.458270025101,7.50401915797098));
#7949=CARTESIAN_POINT('Ctrl Pts',(-7.18171708475533,111.563666527871,7.47675631593558));
#7950=CARTESIAN_POINT('Ctrl Pts',(-7.18171308473867,111.565299485209,7.47633407795416));
#7951=CARTESIAN_POINT('Ctrl Pts',(-7.18171308474451,111.566932483741,7.47591198682932));
#7952=CARTESIAN_POINT('Origin',(-7.18171308273547,111.005313615123,-1.32806622577376));
#7953=CARTESIAN_POINT('',(-7.18171309704351,115.005313615123,18.1719337742266));
#7954=CARTESIAN_POINT('',(-7.18171309704351,115.005313615123,-1.32806622577376));
#7955=CARTESIAN_POINT('',(-7.18171308631249,112.005313615123,18.1719337742266));
#7956=CARTESIAN_POINT('',(-7.18171308720674,112.255313615123,18.1719337742266));
#7957=CARTESIAN_POINT('',(-7.18171308631248,112.005313615123,9.17193377422624));
#7958=CARTESIAN_POINT('',(-7.18171308631248,112.005313615123,-1.32806622577375));
#7959=CARTESIAN_POINT('Origin',(-7.18171307379295,108.505313615123,9.17193377422624));
#7960=CARTESIAN_POINT('Origin',(-8.18171309704351,115.005313611546,-1.32806622577376));
#7961=CARTESIAN_POINT('',(-8.18171310062052,116.005313611546,18.1719337742266));
#7962=CARTESIAN_POINT('',(-8.18171310062052,116.005313611546,-1.32806622577376));
#7963=CARTESIAN_POINT('Origin',(-8.18171309704351,115.005313611546,18.1719337742266));
#7964=CARTESIAN_POINT('Origin',(-7.18171310062052,116.005313615123,-1.32806622577375));
#7965=CARTESIAN_POINT('',(-15.9817131006206,116.005313583645,18.1719337742266));
#7966=CARTESIAN_POINT('',(-15.9817131006206,116.005313583645,-1.32806622577376));
#7967=CARTESIAN_POINT('',(-9.63171310062135,116.005313606359,18.1719337742266));
#7968=CARTESIAN_POINT('Origin',(-15.9817130970436,115.005313583645,-1.32806622577376));
#7969=CARTESIAN_POINT('Origin',(-15.9817130970436,115.005313583645,18.1719337742266));
#7970=CARTESIAN_POINT('Origin',(-17.1817130908195,113.265313579353,-1.32806622577376));
#7971=CARTESIAN_POINT('',(-22.8892131052528,113.265313558937,6.67193377422624));
#7972=CARTESIAN_POINT('Origin',(-14.5317130836329,111.255313588833,18.4219337742266));
#7973=CARTESIAN_POINT('',(-8.18171308273552,111.005313611546,18.1719337742266));
#7974=CARTESIAN_POINT('',(-8.181713084524,111.505313611547,18.6719337742266));
#7975=CARTESIAN_POINT('',(-8.18171308273552,111.005313611546,18.1719337742266));
#7976=CARTESIAN_POINT('',(-15.9817130845239,111.505313583646,18.6719337742266));
#7977=CARTESIAN_POINT('',(-14.5317130845272,111.505313588833,18.6719337742266));
#7978=CARTESIAN_POINT('',(-15.9817130827355,111.005313583646,18.1719337742266));
#7979=CARTESIAN_POINT('',(-15.9817130845239,111.505313583646,18.6719337742266));
#7980=CARTESIAN_POINT('',(-14.5317130827387,111.005313588832,18.1719337742266));
#7981=CARTESIAN_POINT('Origin',(-8.18171308631248,112.005313611546,18.4219337742266));
#7982=CARTESIAN_POINT('Origin',(-8.18171308631248,112.005313611546,18.1719337742266));
#7983=CARTESIAN_POINT('',(-7.68171308631248,112.005313613335,18.6719337742266));
#7984=CARTESIAN_POINT('',(-7.18171308631249,112.005313615123,18.1719337742266));
#7985=CARTESIAN_POINT('Origin',(-8.18171308631248,112.005313611546,18.6719337742266));
#7986=CARTESIAN_POINT('Origin',(-7.4317130872064,112.255313614229,18.4219337742266));
#7987=CARTESIAN_POINT('',(-7.68171309704284,115.005313613335,18.6719337742266));
#7988=CARTESIAN_POINT('',(-7.18171309704351,115.005313615123,18.1719337742266));
#7989=CARTESIAN_POINT('',(-7.68171308720607,112.255313613335,18.6719337742266));
#7990=CARTESIAN_POINT('Origin',(-8.18171309704351,115.005313611546,18.4219337742266));
#7991=CARTESIAN_POINT('',(-8.18171309883202,115.505313611546,18.6719337742266));
#7992=CARTESIAN_POINT('',(-8.18171310062052,116.005313611546,18.1719337742266));
#7993=CARTESIAN_POINT('Origin',(-8.18171309704351,115.005313611546,18.6719337742266));
#7994=CARTESIAN_POINT('Origin',(-9.6317130997271,115.75531360636,18.4219337742266));
#7995=CARTESIAN_POINT('',(-15.9817130988321,115.505313583646,18.6719337742266));
#7996=CARTESIAN_POINT('',(-15.9817131006206,116.005313583645,18.1719337742266));
#7997=CARTESIAN_POINT('',(-9.63171309883285,115.50531360636,18.6719337742266));
#7998=CARTESIAN_POINT('Origin',(-15.9817130970436,115.005313583645,18.4219337742266));
#7999=CARTESIAN_POINT('',(-16.4817130970436,115.005313581857,18.6719337742266));
#8000=CARTESIAN_POINT('',(-16.9817130970436,115.005313580068,18.1719337742266));
#8001=CARTESIAN_POINT('Origin',(-15.9817130970436,115.005313583645,18.6719337742266));
#8002=CARTESIAN_POINT('Origin',(-16.7317130961513,114.755313580963,18.4219337742266));
#8003=CARTESIAN_POINT('',(-16.4817130863164,112.005313581857,18.6719337742266));
#8004=CARTESIAN_POINT('',(-16.9817130863124,112.005313580069,18.1719337742266));
#8005=CARTESIAN_POINT('',(-16.4817130961533,114.755313581857,18.6719337742266));
#8006=CARTESIAN_POINT('Origin',(-15.9817130863124,112.005313583646,18.4219337742266));
#8007=CARTESIAN_POINT('Origin',(-15.9817130863124,112.005313583646,18.1719337742266));
#8008=CARTESIAN_POINT('Origin',(-15.9817130863124,112.005313583646,18.6719337742266));
#8009=CARTESIAN_POINT('Origin',(-8.18171308631248,112.005313611546,-1.32806622577375));
#8010=CARTESIAN_POINT('',(-8.18171308273552,111.005313611546,9.17193377422624));
#8011=CARTESIAN_POINT('',(-8.18171308273552,111.005313611546,-1.32806622577375));
#8012=CARTESIAN_POINT('Origin',(-8.18171308631248,112.005313611546,9.17193377422624));
#8013=CARTESIAN_POINT('Origin',(-16.9817130827401,111.005313580069,-1.32806622577375));
#8014=CARTESIAN_POINT('',(-15.9817130827355,111.005313583646,9.17193377422624));
#8015=CARTESIAN_POINT('',(-15.9817130827355,111.005313583646,-1.32806622577376));
#8016=CARTESIAN_POINT('',(-22.7892130971708,111.005313559296,9.17193377422624));
#8017=CARTESIAN_POINT('Origin',(-12.0817130916797,113.505313597597,18.6719337742266));
#8018=CARTESIAN_POINT('Origin',(-47.5617130836293,111.255313482274,18.4219337742266));
#8019=CARTESIAN_POINT('',(-41.2117130815757,111.005313504988,18.1719337742266));
#8020=CARTESIAN_POINT('',(-41.2117130833642,111.505313504989,18.6719337742266));
#8021=CARTESIAN_POINT('',(-41.2117130815757,111.005313504988,18.1719337742266));
#8022=CARTESIAN_POINT('',(-49.0117130845237,111.505313477088,18.6719337742266));
#8023=CARTESIAN_POINT('',(-47.5617130845235,111.505313482275,18.6719337742266));
#8024=CARTESIAN_POINT('',(-49.0117130827352,111.005313477087,18.1719337742266));
#8025=CARTESIAN_POINT('',(-49.0117130845237,111.505313477088,18.6719337742266));
#8026=CARTESIAN_POINT('',(-47.561713082735,111.005313482274,18.1719337742266));
#8027=CARTESIAN_POINT('Origin',(-41.2117130851527,112.005313504988,18.4219337742266));
#8028=CARTESIAN_POINT('Origin',(-41.2117130851527,112.005313504988,18.1719337742266));
#8029=CARTESIAN_POINT('',(-40.7117130851527,112.005313506197,18.6719337742266));
#8030=CARTESIAN_POINT('',(-40.2117130851527,112.005313507406,18.1719337742266));
#8031=CARTESIAN_POINT('Origin',(-41.2117130851527,112.005313504988,18.6719337742266));
#8032=CARTESIAN_POINT('Origin',(-40.4617130857572,112.255313502282,18.4219337742266));
#8033=CARTESIAN_POINT('',(-40.7117130924065,115.005313494606,18.6719337742266));
#8034=CARTESIAN_POINT('',(-40.2117130924066,115.005313495815,18.1719337742266));
#8035=CARTESIAN_POINT('',(-40.7117130857572,112.255313501677,18.6719337742266));
#8036=CARTESIAN_POINT('Origin',(-41.2117130924065,115.005313493397,18.4219337742266));
#8037=CARTESIAN_POINT('',(-41.211713094195,115.505313493397,18.6719337742266));
#8038=CARTESIAN_POINT('',(-41.2117130959836,116.005313493397,18.1719337742266));
#8039=CARTESIAN_POINT('Origin',(-41.2117130924065,115.005313493397,18.6719337742266));
#8040=CARTESIAN_POINT('Origin',(-42.5617130997258,115.755313488568,18.4219337742266));
#8041=CARTESIAN_POINT('',(-49.0117130988317,115.505313465497,18.6719337742266));
#8042=CARTESIAN_POINT('',(-49.0117131006202,116.005313465497,18.1719337742266));
#8043=CARTESIAN_POINT('',(-42.5617130988315,115.505313488568,18.6719337742266));
#8044=CARTESIAN_POINT('Origin',(-49.0117130970432,115.005313465497,18.4219337742266));
#8045=CARTESIAN_POINT('',(-49.5117130970432,115.005313463708,18.6719337742266));
#8046=CARTESIAN_POINT('',(-50.0117130970432,115.00531346192,18.1719337742266));
#8047=CARTESIAN_POINT('Origin',(-49.0117130970432,115.005313465497,18.6719337742266));
#8048=CARTESIAN_POINT('Origin',(-49.7617130961488,114.75531346577,18.4219337742266));
#8049=CARTESIAN_POINT('',(-49.5117130863119,112.005313475299,18.6719337742266));
#8050=CARTESIAN_POINT('',(-50.0117130863122,112.00531347351,18.1719337742266));
#8051=CARTESIAN_POINT('',(-49.5117130961487,114.755313466664,18.6719337742266));
#8052=CARTESIAN_POINT('Origin',(-49.0117130863122,112.005313477087,18.4219337742266));
#8053=CARTESIAN_POINT('Origin',(-49.0117130863122,112.005313477087,18.1719337742266));
#8054=CARTESIAN_POINT('Origin',(-49.0117130863122,112.005313477087,18.6719337742266));
#8055=CARTESIAN_POINT('Origin',(-41.2117130851527,112.005313504988,2.6719337742264));
#8056=CARTESIAN_POINT('',(-41.2117130827347,111.005313504988,9.17193377422624));
#8057=CARTESIAN_POINT('',(-41.2117130815757,111.005313504988,2.6719337742264));
#8058=CARTESIAN_POINT('Origin',(-41.2117130851527,112.005313504988,9.17193377422624));
#8059=CARTESIAN_POINT('Origin',(-50.0117130827352,111.00531347351,-1.32806622577377));
#8060=CARTESIAN_POINT('',(-49.0117130827352,111.005313477087,9.17193377422623));
#8061=CARTESIAN_POINT('',(-49.0117130827352,111.005313477087,-1.32806622577377));
#8062=CARTESIAN_POINT('',(-39.3042130971685,111.005313511811,9.17193377422624));
#8063=CARTESIAN_POINT('Origin',(-45.1117130916774,113.505313485359,18.6719337742266));
#8064=CARTESIAN_POINT('Origin',(-8.18171307379307,108.505313611546,9.17193377422624));
#8065=CARTESIAN_POINT('Origin',(-8.18171307379307,108.505313611546,9.17193377422624));
#8066=CARTESIAN_POINT('Origin',(-41.2117130766899,108.505313504988,9.17193377422624));
#8067=CARTESIAN_POINT('',(-41.2117130766899,108.505313504988,6.67193377422624));
#8068=CARTESIAN_POINT('Origin',(-41.2117130766899,108.505313504988,9.17193377422624));
#8069=CARTESIAN_POINT('Ctrl Pts',(-40.2117130826126,110.954803250189,6.67193377422624));
#8070=CARTESIAN_POINT('Ctrl Pts',(-40.2117130818513,110.63993070643,6.67193377422624));
#8071=CARTESIAN_POINT('Ctrl Pts',(-40.298978073801,110.272298803203,6.67193377422624));
#8072=CARTESIAN_POINT('Ctrl Pts',(-40.597146506453,109.485995278063,6.67193377422624));
#8073=CARTESIAN_POINT('Ctrl Pts',(-40.9305189684991,108.949920430619,6.67193377422624));
#8074=CARTESIAN_POINT('Ctrl Pts',(-41.2117130766899,108.505313504988,6.67193377422624));
#8075=CARTESIAN_POINT('Origin',(-39.3042130882259,108.505313511811,9.17193377422624));
#8076=CARTESIAN_POINT('Origin',(-49.0117130737926,108.505313477087,9.17193377422623));
#8077=CARTESIAN_POINT('',(-39.3042130882259,108.505313511811,6.67193377422624));
#8078=CARTESIAN_POINT('Origin',(-15.9817130863124,112.005313583646,-1.32806622577376));
#8079=CARTESIAN_POINT('Origin',(-15.9817130863124,112.005313583646,9.17193377422624));
#8080=CARTESIAN_POINT('Origin',(-15.9817130737934,108.505313583646,9.17193377422624));
#8081=CARTESIAN_POINT('',(-15.9817130737934,108.505313583646,6.67193377422624));
#8082=CARTESIAN_POINT('Ctrl Pts',(-15.9817130737934,108.505313583646,6.67193377422624));
#8083=CARTESIAN_POINT('Ctrl Pts',(-16.2629071846496,108.949920507591,6.67193377422624));
#8084=CARTESIAN_POINT('Ctrl Pts',(-16.5962796499095,109.485995353036,6.67193377422624));
#8085=CARTESIAN_POINT('Ctrl Pts',(-16.8944480872754,110.272298876389,6.67193377422624));
#8086=CARTESIAN_POINT('Ctrl Pts',(-16.9817130814291,110.639930779093,6.67193377422624));
#8087=CARTESIAN_POINT('Ctrl Pts',(-16.9817130825554,110.954803322852,6.67193377422624));
#8088=CARTESIAN_POINT('Origin',(-15.9817130737934,108.505313583646,9.17193377422624));
#8089=CARTESIAN_POINT('Origin',(-49.0117130863122,112.005313477087,-1.32806622577377));
#8090=CARTESIAN_POINT('Origin',(-49.0117130863122,112.005313477087,9.17193377422623));
#8091=CARTESIAN_POINT('Origin',(-49.0117130737926,108.505313477087,9.17193377422623));
#8092=CARTESIAN_POINT('Origin',(-22.7892130882284,108.505313559296,9.17193377422624));
#8093=CARTESIAN_POINT('',(-22.7892130882284,108.505313559296,6.67193377422624));
#8094=CARTESIAN_POINT('Origin',(-28.5967130916778,105.435313556049,6.67193377422624));
#8095=CARTESIAN_POINT('Origin',(-96.1326824772843,207.28295006566,-1.32806622577348));
#8096=CARTESIAN_POINT('Origin',(24.7644638168597,228.647676964595,-1.32806622577345));
#8097=CARTESIAN_POINT('Origin',(-29.5166439170806,148.065313313019,-38.828066225774));
#8098=CARTESIAN_POINT('',(-30.5166439170806,148.065313313019,-6.32806622577402));
#8099=CARTESIAN_POINT('',(-30.5166439170806,148.065313313019,-38.828066225774));
#8100=CARTESIAN_POINT('Origin',(-29.5166439170806,148.065313313019,-6.32806622577402));
#8101=CARTESIAN_POINT('Origin',(-59.8275332431078,200.565313648295,-38.828066225774));
#8102=CARTESIAN_POINT('',(-60.8275332431078,200.565313648295,-6.32806622577405));
#8103=CARTESIAN_POINT('',(-60.8275332431078,200.565313648295,-38.828066225774));
#8104=CARTESIAN_POINT('Origin',(-59.8275332431078,200.565313648295,-6.32806622577405));
#8105=CARTESIAN_POINT('Origin',(0.794245408946469,200.565313648295,-26.328066225774));
#8106=CARTESIAN_POINT('',(-0.205754591053514,200.565313648295,-6.32806622577407));
#8107=CARTESIAN_POINT('',(-0.205754591053531,200.565313648295,-26.328066225774));
#8108=CARTESIAN_POINT('Origin',(0.794245408946486,200.565313648295,-6.32806622577407));
#8109=CARTESIAN_POINT('Origin',(-29.5166439170807,160.565313536537,-6.32806622577402));
#8110=CARTESIAN_POINT('',(-42.5070249738473,85.5653135365367,-6.32806622577402));
#8111=CARTESIAN_POINT('',(-16.5262628603141,85.5653135365366,-6.32806622577402));
#8112=CARTESIAN_POINT('Origin',(-29.5166439170807,93.0653135365366,-6.32806622577402));
#8113=CARTESIAN_POINT('',(-120.449311314447,220.565313536537,-6.32806622577402));
#8114=CARTESIAN_POINT('',(-120.449311314447,220.565313536537,-6.32806622577402));
#8115=CARTESIAN_POINT('',(-107.45893025768,243.065313536537,-6.32806622577402));
#8116=CARTESIAN_POINT('Origin',(-107.45893025768,228.065313536537,-6.32806622577402));
#8117=CARTESIAN_POINT('',(48.4256424235188,243.065313536537,-6.32806622577402));
#8118=CARTESIAN_POINT('',(48.4256424235188,243.065313536537,-6.32806622577402));
#8119=CARTESIAN_POINT('',(61.4160234802854,220.565313536537,-6.32806622577402));
#8120=CARTESIAN_POINT('Origin',(48.4256424235188,228.065313536537,-6.32806622577402));
#8121=CARTESIAN_POINT('',(-16.5262628603141,85.5653135365366,-6.32806622577402));
#8122=CARTESIAN_POINT('',(-14.5166439170807,183.065313536537,-6.32806622577402));
#8123=CARTESIAN_POINT('Origin',(-29.5166439170807,183.065313536537,-6.32806622577402));
#8124=CARTESIAN_POINT('',(-26.5166439170807,211.475313536537,-6.32806622577402));
#8125=CARTESIAN_POINT('Origin',(-29.5166439170807,211.475313536537,-6.32806622577402));
#8126=CARTESIAN_POINT('',(-51.1204256385966,168.860313536537,-6.32806622577402));
#8127=CARTESIAN_POINT('Origin',(-54.1204256385966,168.860313536537,-6.32806622577402));
#8128=CARTESIAN_POINT('',(-1.91286219556479,168.860313536537,-6.32806622577402));
#8129=CARTESIAN_POINT('Origin',(-4.91286219556478,168.860313536537,-6.32806622577402));
#8130=CARTESIAN_POINT('Origin',(-29.5166439170807,93.0653135365366,-6.32806622577402));
#8131=CARTESIAN_POINT('',(-16.5262628603141,85.5653135365366,-6.32806622577402));
#8132=CARTESIAN_POINT('',(-42.5070249738473,85.5653135365367,-6.32806622577402));
#8133=CARTESIAN_POINT('Origin',(-16.5262628603141,85.5653135365366,-6.32806622577402));
#8134=CARTESIAN_POINT('',(61.4160234802854,220.565313536537,-6.32806622577402));
#8135=CARTESIAN_POINT('Origin',(48.4256424235188,228.065313536537,-6.32806622577402));
#8136=CARTESIAN_POINT('',(48.4256424235188,243.065313536537,-6.32806622577402));
#8137=CARTESIAN_POINT('Origin',(48.4256424235188,243.065313536537,-6.32806622577402));
#8138=CARTESIAN_POINT('',(-107.45893025768,243.065313536537,-6.32806622577402));
#8139=CARTESIAN_POINT('Origin',(-107.45893025768,228.065313536537,-6.32806622577402));
#8140=CARTESIAN_POINT('',(-120.449311314447,220.565313536537,-6.32806622577402));
#8141=CARTESIAN_POINT('Origin',(-120.449311314447,220.565313536537,-6.32806622577402));
#8142=CARTESIAN_POINT('Origin',(-29.5166439170807,183.065313536537,-1.32806622577402));
#8143=CARTESIAN_POINT('',(-14.5166439170807,183.065313536537,-1.32806622577402));
#8144=CARTESIAN_POINT('Origin',(-29.5166439170807,211.475313536537,-1.32806622577402));
#8145=CARTESIAN_POINT('',(-26.5166439170807,211.475313536537,-1.32806622577402));
#8146=CARTESIAN_POINT('Origin',(-29.5166439170807,211.475313536537,-1.32806622577402));
#8147=CARTESIAN_POINT('',(-26.5166439170807,211.475313536537,-1.32806622577402));
#8148=CARTESIAN_POINT('Origin',(-54.1204256385966,168.860313536537,-1.32806622577402));
#8149=CARTESIAN_POINT('',(-51.1204256385966,168.860313536537,-1.32806622577402));
#8150=CARTESIAN_POINT('Origin',(-54.1204256385966,168.860313536537,-1.32806622577402));
#8151=CARTESIAN_POINT('',(-51.1204256385966,168.860313536537,-1.32806622577402));
#8152=CARTESIAN_POINT('Origin',(-4.91286219556478,168.860313536537,-1.32806622577402));
#8153=CARTESIAN_POINT('',(-1.91286219556479,168.860313536537,-1.32806622577402));
#8154=CARTESIAN_POINT('Origin',(-4.91286219556478,168.860313536537,-1.32806622577402));
#8155=CARTESIAN_POINT('',(-1.91286219556479,168.860313536537,-1.32806622577402));
#8156=CARTESIAN_POINT('Origin',(-29.5166439170806,193.167813536537,30.671933774226));
#8157=CARTESIAN_POINT('',(-61.9146542726565,165.360313536537,30.671933774226));
#8158=CARTESIAN_POINT('',(-30.3826693208651,219.975313536537,30.671933774226));
#8159=CARTESIAN_POINT('',(-35.2123847445954,211.610001036537,30.671933774226));
#8160=CARTESIAN_POINT('',(-61.048628868872,163.860313536537,30.671933774226));
#8161=CARTESIAN_POINT('Origin',(-61.048628868872,164.860313536537,30.671933774226));
#8162=CARTESIAN_POINT('',(2.01534103471074,163.860313536537,30.671933774226));
#8163=CARTESIAN_POINT('',(-47.0146872005452,163.860313536537,30.671933774226));
#8164=CARTESIAN_POINT('',(2.88136643849519,165.360313536537,30.671933774226));
#8165=CARTESIAN_POINT('Origin',(2.01534103471074,164.860313536537,30.671933774226));
#8166=CARTESIAN_POINT('',(-28.6506185132962,219.975313536537,30.671933774226));
#8167=CARTESIAN_POINT('',(-6.32285980610129,181.302501036537,30.671933774226));
#8168=CARTESIAN_POINT('Origin',(-29.5166439170806,219.475313536537,30.671933774226));
#8169=CARTESIAN_POINT('',(-22.0166439170806,183.065313536537,30.671933774226));
#8170=CARTESIAN_POINT('Origin',(-29.5166439170806,183.065313536537,30.671933774226));
#8171=CARTESIAN_POINT('',(-31.5166439170806,211.475313536537,30.671933774226));
#8172=CARTESIAN_POINT('Origin',(-29.5166439170806,211.475313536537,30.671933774226));
#8173=CARTESIAN_POINT('',(-6.91286219556476,168.860313536537,30.671933774226));
#8174=CARTESIAN_POINT('Origin',(-4.91286219556475,168.860313536537,30.671933774226));
#8175=CARTESIAN_POINT('',(-56.1204256385965,168.860313536537,30.671933774226));
#8176=CARTESIAN_POINT('Origin',(-54.1204256385965,168.860313536537,30.671933774226));
#8177=CARTESIAN_POINT('Origin',(-18.2970430486806,160.360313536537,1.17193377422598));
#8178=CARTESIAN_POINT('',(-46.0375218699417,162.860313536537,3.67193377422598));
#8179=CARTESIAN_POINT('',(-35.9833274159946,168.665105411008,9.47672564869729));
#8180=CARTESIAN_POINT('',(-61.0486288688721,162.860313536537,3.67193377422598));
#8181=CARTESIAN_POINT('',(-18.2970430486806,162.860313536537,3.67193377422598));
#8182=CARTESIAN_POINT('',(-61.0486288688721,162.860313536537,3.67193377422598));
#8183=CARTESIAN_POINT('Origin',(-61.0486288688721,164.860313536537,1.17193377422598));
#8184=CARTESIAN_POINT('',(-62.7806796764409,165.860313536537,3.67193377422598));
#8185=CARTESIAN_POINT('',(-62.7806796764409,165.860313536537,3.67193377422598));
#8186=CARTESIAN_POINT('Origin',(-61.0486288688721,164.860313536537,3.67193377422598));
#8187=CARTESIAN_POINT('Origin',(-61.9341398442417,172.326563536537,1.17193377422598));
#8188=CARTESIAN_POINT('',(-55.2751261769758,178.860313536537,3.67193377422598));
#8189=CARTESIAN_POINT('',(-59.7035470792275,176.303563536537,1.11518377422602));
#8190=CARTESIAN_POINT('',(-59.7690763347806,171.076563536537,3.67193377422598));
#8191=CARTESIAN_POINT('Origin',(-62.7806796764409,165.860313536537,18.671933774226));
#8192=CARTESIAN_POINT('',(-62.7806796764409,165.860313536537,29.671933774226));
#8193=CARTESIAN_POINT('',(-62.7806796764409,165.860313536537,18.671933774226));
#8194=CARTESIAN_POINT('',(-31.2486947246495,220.475313536537,29.671933774226));
#8195=CARTESIAN_POINT('',(-36.0784101483799,212.110001036537,29.671933774226));
#8196=CARTESIAN_POINT('',(-31.2486947246495,220.475313536537,3.67193377422598));
#8197=CARTESIAN_POINT('',(-31.2486947246495,220.475313536537,18.671933774226));
#8198=CARTESIAN_POINT('',(-37.5995476857354,209.475313536537,3.67193377422598));
#8199=CARTESIAN_POINT('',(-59.7690763347806,171.076563536537,3.67193377422598));
#8200=CARTESIAN_POINT('',(-37.5995476857354,209.475313536537,18.671933774226));
#8201=CARTESIAN_POINT('',(-37.5995476857354,209.475313536537,18.671933774226));
#8202=CARTESIAN_POINT('',(-55.2751261769758,178.860313536537,18.671933774226));
#8203=CARTESIAN_POINT('',(-36.294916499326,211.735001036537,18.671933774226));
#8204=CARTESIAN_POINT('',(-55.2751261769758,178.860313536537,18.671933774226));
#8205=CARTESIAN_POINT('',(-45.2859514283379,196.162071726862,26.671934236162));
#8206=CARTESIAN_POINT('Ctrl Pts',(-45.2859514283379,196.162071726862,26.671934236162));
#8207=CARTESIAN_POINT('Ctrl Pts',(-45.2859514283379,196.162071726862,27.2435792893608));
#8208=CARTESIAN_POINT('Ctrl Pts',(-45.0010139868202,196.655597852549,28.3740495968774));
#8209=CARTESIAN_POINT('Ctrl Pts',(-44.0607996172187,198.284096910705,28.7933177156209));
#8210=CARTESIAN_POINT('Ctrl Pts',(-43.3008018752944,199.600451613356,27.6227432830811));
#8211=CARTESIAN_POINT('Ctrl Pts',(-43.2974501172599,199.606257028566,25.7184459042135));
#8212=CARTESIAN_POINT('Ctrl Pts',(-44.061601382128,198.282708213147,24.5568787803212));
#8213=CARTESIAN_POINT('Ctrl Pts',(-45.000395810038,196.656668566144,24.9660616812892));
#8214=CARTESIAN_POINT('Ctrl Pts',(-45.2859514283379,196.162071726862,26.1002891829632));
#8215=CARTESIAN_POINT('Ctrl Pts',(-45.2859514283379,196.162071726862,26.671934236162));
#8216=CARTESIAN_POINT('Origin',(-61.0486288688721,164.860313536537,18.671933774226));
#8217=CARTESIAN_POINT('',(-61.048628868872,162.860313536537,29.671933774226));
#8218=CARTESIAN_POINT('',(-61.0486288688721,162.860313536537,18.671933774226));
#8219=CARTESIAN_POINT('Origin',(-61.048628868872,164.860313536537,29.671933774226));
#8220=CARTESIAN_POINT('Origin',(-7.07744218028052,162.860313536537,18.671933774226));
#8221=CARTESIAN_POINT('',(-46.0375218699417,162.860313536537,18.671933774226));
#8222=CARTESIAN_POINT('',(-46.0375218699417,162.860313536537,18.671933774226));
#8223=CARTESIAN_POINT('',(-12.9957659642196,162.860313536537,18.671933774226));
#8224=CARTESIAN_POINT('',(-47.0146872005452,162.860313536537,18.671933774226));
#8225=CARTESIAN_POINT('',(-12.9957659642196,162.860313536537,3.67193377422598));
#8226=CARTESIAN_POINT('',(-12.9957659642196,162.860313536537,18.671933774226));
#8227=CARTESIAN_POINT('',(2.01534103471075,162.860313536537,3.67193377422598));
#8228=CARTESIAN_POINT('',(-18.2970430486806,162.860313536537,3.67193377422598));
#8229=CARTESIAN_POINT('',(2.01534103471074,162.860313536537,29.671933774226));
#8230=CARTESIAN_POINT('',(2.01534103471075,162.860313536537,18.671933774226));
#8231=CARTESIAN_POINT('',(-47.0146872005452,162.860313536537,29.671933774226));
#8232=CARTESIAN_POINT('',(-11.8743856168776,162.860313536537,26.671934236162));
#8233=CARTESIAN_POINT('',(-7.07744218028052,162.860313536537,25.7358996077386));
#8234=CARTESIAN_POINT('Ctrl Pts',(-11.8743856168776,162.860313536537,26.671934236162));
#8235=CARTESIAN_POINT('Ctrl Pts',(-11.8743856168776,162.860313536537,26.3691050396291));
#8236=CARTESIAN_POINT('Ctrl Pts',(-11.6735082319446,162.860313536537,25.7702256348269));
#8237=CARTESIAN_POINT('Ctrl Pts',(-10.6645979795829,162.860313536537,24.8852816644447));
#8238=CARTESIAN_POINT('Ctrl Pts',(-8.73432203516234,162.860313536537,24.5794048132542));
#8239=CARTESIAN_POINT('Ctrl Pts',(-7.44029817928337,162.860313536537,25.253543382559));
#8240=CARTESIAN_POINT('Ctrl Pts',(-7.07691196764739,162.860313536537,25.7348959109177));
#8241=CARTESIAN_POINT('',(-7.07744218028052,162.860313536537,27.6079688645854));
#8242=CARTESIAN_POINT('Ctrl Pts',(-7.0775343739616,162.860313536537,27.6087878611285));
#8243=CARTESIAN_POINT('Ctrl Pts',(-7.25002706709419,162.860313536537,27.8373042616668));
#8244=CARTESIAN_POINT('Ctrl Pts',(-7.73971829431659,162.860313536537,28.245548109951));
#8245=CARTESIAN_POINT('Ctrl Pts',(-9.09008142242464,162.860313536537,28.7057574114732));
#8246=CARTESIAN_POINT('Ctrl Pts',(-10.6650759634838,162.860313536537,28.4599087574998));
#8247=CARTESIAN_POINT('Ctrl Pts',(-11.6736590685878,162.860313536537,27.5737395581027));
#8248=CARTESIAN_POINT('Ctrl Pts',(-11.8743856168776,162.860313536537,26.9747634326949));
#8249=CARTESIAN_POINT('Ctrl Pts',(-11.8743856168776,162.860313536537,26.671934236162));
#8250=CARTESIAN_POINT('',(-7.07744218028052,162.860313536537,24.671933774226));
#8251=CARTESIAN_POINT('',(-51.9558456538808,162.860313536537,25.7358996077385));
#8252=CARTESIAN_POINT('',(-51.9558456538808,162.860313536537,27.6079688645855));
#8253=CARTESIAN_POINT('',(-51.9558456538808,162.860313536537,24.671933774226));
#8254=CARTESIAN_POINT('Ctrl Pts',(-51.9553969945458,162.860313536537,25.7361226866349));
#8255=CARTESIAN_POINT('Ctrl Pts',(-51.783103663838,162.860313536537,25.5072715496153));
#8256=CARTESIAN_POINT('Ctrl Pts',(-51.0380807077034,162.860313536537,24.8789478716475));
#8257=CARTESIAN_POINT('Ctrl Pts',(-49.1056187354242,162.860313536537,24.5730692655724));
#8258=CARTESIAN_POINT('Ctrl Pts',(-47.6237559739593,162.860313536537,25.3783890956509));
#8259=CARTESIAN_POINT('Ctrl Pts',(-47.2079282376874,162.860313536537,26.2176580521143));
#8260=CARTESIAN_POINT('Ctrl Pts',(-47.1097148648643,162.860313536537,26.8236330209477));
#8261=CARTESIAN_POINT('Ctrl Pts',(-47.3076079838746,162.860313536537,27.4254821564222));
#8262=CARTESIAN_POINT('Ctrl Pts',(-47.7384166691143,162.860313536537,27.9056012574573));
#8263=CARTESIAN_POINT('Ctrl Pts',(-48.2889586357362,162.860313536537,28.2939367565307));
#8264=CARTESIAN_POINT('Ctrl Pts',(-49.5009733570991,162.860313536537,28.7063661503769));
#8265=CARTESIAN_POINT('Ctrl Pts',(-51.0378138141729,162.860313536537,28.4667854874878));
#8266=CARTESIAN_POINT('Ctrl Pts',(-51.7831988979144,162.860313536537,27.8368321184666));
#8267=CARTESIAN_POINT('Ctrl Pts',(-51.9555180864989,162.860313536537,27.6077487389278));
#8268=CARTESIAN_POINT('Origin',(-0.851924739652193,178.826563536537,1.17193377422598));
#8269=CARTESIAN_POINT('',(-3.75816165718549,178.860313536537,3.67193377422598));
#8270=CARTESIAN_POINT('',(-5.04550841991103,179.603563536537,4.41518377422596));
#8271=CARTESIAN_POINT('',(3.7473918422796,165.860313536537,3.67193377422598));
#8272=CARTESIAN_POINT('',(-3.0169882491133,177.576563536537,3.67193377422598));
#8273=CARTESIAN_POINT('',(3.7473918422796,165.860313536537,3.67193377422598));
#8274=CARTESIAN_POINT('Origin',(2.01534103471074,164.860313536537,1.17193377422598));
#8275=CARTESIAN_POINT('',(2.01534103471075,162.860313536537,3.67193377422598));
#8276=CARTESIAN_POINT('Origin',(2.01534103471074,164.860313536537,3.67193377422598));
#8277=CARTESIAN_POINT('Origin',(-18.2970430486806,160.360313536537,1.17193377422598));
#8278=CARTESIAN_POINT('',(-12.854098281989,162.778521662065,3.59014189975466));
#8279=CARTESIAN_POINT('Origin',(2.01534103471074,164.860313536537,18.671933774226));
#8280=CARTESIAN_POINT('',(3.74739184227963,165.860313536537,29.671933774226));
#8281=CARTESIAN_POINT('',(3.7473918422796,165.860313536537,18.671933774226));
#8282=CARTESIAN_POINT('Origin',(2.01534103471074,164.860313536537,29.671933774226));
#8283=CARTESIAN_POINT('Origin',(-3.75816165718549,178.860313536537,18.671933774226));
#8284=CARTESIAN_POINT('',(-3.75816165718549,178.860313536537,18.671933774226));
#8285=CARTESIAN_POINT('',(-3.75816165718549,178.860313536537,18.671933774226));
#8286=CARTESIAN_POINT('',(-21.4337401484259,209.475313536537,18.671933774226));
#8287=CARTESIAN_POINT('',(-5.24032805137074,181.427501036537,18.671933774226));
#8288=CARTESIAN_POINT('',(-21.4337401484259,209.475313536537,3.67193377422598));
#8289=CARTESIAN_POINT('',(-21.4337401484259,209.475313536537,18.671933774226));
#8290=CARTESIAN_POINT('',(-27.7845931095118,220.475313536537,3.67193377422598));
#8291=CARTESIAN_POINT('',(-3.01698824911329,177.576563536537,3.67193377422598));
#8292=CARTESIAN_POINT('',(-27.7845931095118,220.475313536537,29.671933774226));
#8293=CARTESIAN_POINT('',(-27.7845931095118,220.475313536537,18.671933774226));
#8294=CARTESIAN_POINT('',(-5.45683440231685,181.802501036537,29.671933774226));
#8295=CARTESIAN_POINT('',(-15.7037782944795,199.55072848007,26.671934236162));
#8296=CARTESIAN_POINT('Ctrl Pts',(-15.7037782944796,199.55072848007,26.671934236162));
#8297=CARTESIAN_POINT('Ctrl Pts',(-15.7037782944796,199.55072848007,26.9577567627614));
#8298=CARTESIAN_POINT('Ctrl Pts',(-15.6356837297805,199.432785234292,27.5274982778132));
#8299=CARTESIAN_POINT('Ctrl Pts',(-15.2607434291304,198.783369583761,28.4434916822889));
#8300=CARTESIAN_POINT('Ctrl Pts',(-14.4800585306625,197.431183674913,28.7905364369969));
#8301=CARTESIAN_POINT('Ctrl Pts',(-13.7171397725001,196.109769623728,27.6234726413307));
#8302=CARTESIAN_POINT('Ctrl Pts',(-13.7162489288842,196.108226637324,25.720419115115));
#8303=CARTESIAN_POINT('Ctrl Pts',(-14.4798536479423,197.430828807632,24.554644292897));
#8304=CARTESIAN_POINT('Ctrl Pts',(-15.2606593748656,198.783223997504,24.9002730853733));
#8305=CARTESIAN_POINT('Ctrl Pts',(-15.6357768353808,199.432946497922,25.8159956622536));
#8306=CARTESIAN_POINT('Ctrl Pts',(-15.7037782944796,199.55072848007,26.3861117095626));
#8307=CARTESIAN_POINT('Ctrl Pts',(-15.7037782944796,199.55072848007,26.671934236162));
#8308=CARTESIAN_POINT('Origin',(-61.9341398442417,172.326563536537,1.17193377422598));
#8309=CARTESIAN_POINT('',(-37.5995476857354,192.115813536537,12.3516837742261));
#8310=CARTESIAN_POINT('',(-31.2486947246495,220.475313536537,3.67193377422598));
#8311=CARTESIAN_POINT('Origin',(-29.5166439170806,219.475313536537,1.17193377422598));
#8312=CARTESIAN_POINT('',(-27.7845931095118,220.475313536537,3.67193377422598));
#8313=CARTESIAN_POINT('Origin',(-29.5166439170806,219.475313536537,3.67193377422598));
#8314=CARTESIAN_POINT('Origin',(-0.851924739652186,178.826563536537,1.17193377422598));
#8315=CARTESIAN_POINT('',(-21.4337401484259,198.715813536537,9.05168377422596));
#8316=CARTESIAN_POINT('Origin',(-29.5166439170806,219.475313536537,18.671933774226));
#8317=CARTESIAN_POINT('Origin',(-29.5166439170806,219.475313536537,29.671933774226));
#8318=CARTESIAN_POINT('Origin',(-51.9558456538808,162.860313536537,24.671933774226));
#8319=CARTESIAN_POINT('',(-52.1811052153257,162.903093679587,26.671934236162));
#8320=CARTESIAN_POINT('Ctrl Pts',(-52.1811052153257,162.903093679587,26.671934236162));
#8321=CARTESIAN_POINT('Ctrl Pts',(-52.1811052153257,162.903093679587,26.6708840930534));
#8322=CARTESIAN_POINT('Ctrl Pts',(-52.1811043994854,162.903093524647,26.6698339434419));
#8323=CARTESIAN_POINT('Ctrl Pts',(-52.1810644034785,162.90308592881,26.6440928501348));
#8324=CARTESIAN_POINT('Ctrl Pts',(-52.1805750382676,162.902992991073,26.6194066343427));
#8325=CARTESIAN_POINT('Ctrl Pts',(-52.1782515248848,162.902551721303,26.5584137030164));
#8326=CARTESIAN_POINT('Ctrl Pts',(-52.1758923773324,162.902103684074,26.5221443659587));
#8327=CARTESIAN_POINT('Ctrl Pts',(-52.1640763210216,162.899859639133,26.3937207036517));
#8328=CARTESIAN_POINT('Ctrl Pts',(-52.1493116469338,162.897055607795,26.302287917231));
#8329=CARTESIAN_POINT('Ctrl Pts',(-52.0902236061066,162.885833909488,26.0467093217401));
#8330=CARTESIAN_POINT('Ctrl Pts',(-52.0319119154917,162.874759651641,25.8872074542469));
#8331=CARTESIAN_POINT('Ctrl Pts',(-51.955845653881,162.860313536537,25.7358996077389));
#8332=CARTESIAN_POINT('Ctrl Pts',(-51.9555180864992,162.860313536537,27.6077487389274));
#8333=CARTESIAN_POINT('Ctrl Pts',(-51.9648710029666,162.862096738541,27.5890183965758));
#8334=CARTESIAN_POINT('Ctrl Pts',(-51.9739590576134,162.863829350378,27.5701500729281));
#8335=CARTESIAN_POINT('Ctrl Pts',(-51.9827772036555,162.865510530273,27.5511469860327));
#8336=CARTESIAN_POINT('Ctrl Pts',(-51.9867277175445,162.866263695903,27.5426336365874));
#8337=CARTESIAN_POINT('Ctrl Pts',(-51.9906231123694,162.867006380777,27.534095188996));
#8338=CARTESIAN_POINT('Ctrl Pts',(-51.9944628648208,162.867738490257,27.5255322987898));
#8339=CARTESIAN_POINT('Ctrl Pts',(-52.0141522190346,162.87149257677,27.481623796746));
#8340=CARTESIAN_POINT('Ctrl Pts',(-52.0323772450426,162.874968375563,27.4370764692325));
#8341=CARTESIAN_POINT('Ctrl Pts',(-52.0490921445791,162.878154763368,27.3920190246097));
#8342=CARTESIAN_POINT('Ctrl Pts',(-52.065506917564,162.881283937573,27.3477706147918));
#8343=CARTESIAN_POINT('Ctrl Pts',(-52.080465951613,162.884134099379,27.3030305536147));
#8344=CARTESIAN_POINT('Ctrl Pts',(-52.0939355473951,162.886696633183,27.2578721009053));
#8345=CARTESIAN_POINT('Ctrl Pts',(-52.1070708743461,162.889195573751,27.2138343249737));
#8346=CARTESIAN_POINT('Ctrl Pts',(-52.1187905941141,162.891421093349,27.1693987187302));
#8347=CARTESIAN_POINT('Ctrl Pts',(-52.129061994042,162.893365527967,27.1245840082882));
#8348=CARTESIAN_POINT('Ctrl Pts',(-52.1343154878751,162.894360044328,27.1016627116209));
#8349=CARTESIAN_POINT('Ctrl Pts',(-52.1391900072238,162.895281024723,27.0786414325352));
#8350=CARTESIAN_POINT('Ctrl Pts',(-52.1436798273664,162.896127328573,27.0555175238594));
#8351=CARTESIAN_POINT('Ctrl Pts',(-52.1529201419284,162.897869071793,27.0079271564769));
#8352=CARTESIAN_POINT('Ctrl Pts',(-52.1605010895595,162.899287627699,26.960069370578));
#8353=CARTESIAN_POINT('Ctrl Pts',(-52.1663684404905,162.900379820695,26.9119879799057));
#8354=CARTESIAN_POINT('Ctrl Pts',(-52.1691048257232,162.9008891921,26.8895640259018));
#8355=CARTESIAN_POINT('Ctrl Pts',(-52.1714686138474,162.901327496093,26.8670906802575));
#8356=CARTESIAN_POINT('Ctrl Pts',(-52.1734542490284,162.9016938913,26.8445685763919));
#8357=CARTESIAN_POINT('Ctrl Pts',(-52.1764723176861,162.902250794148,26.8103360766693));
#8358=CARTESIAN_POINT('Ctrl Pts',(-52.1786122810351,162.902641687926,26.7760264410284));
#8359=CARTESIAN_POINT('Ctrl Pts',(-52.1798483922613,162.902866264058,26.7416477835679));
#8360=CARTESIAN_POINT('Ctrl Pts',(-52.1806831199286,162.903017917005,26.7184323835783));
#8361=CARTESIAN_POINT('Ctrl Pts',(-52.1811052153257,162.903093679587,26.6951938499853));
#8362=CARTESIAN_POINT('Ctrl Pts',(-52.1811052153257,162.903093679587,26.671934236162));
#8363=CARTESIAN_POINT('Origin',(-2.84811451606832,163.663525801181,24.671933774226));
#8364=CARTESIAN_POINT('Ctrl Pts',(-7.07691196764736,162.860313536537,25.7348959109177));
#8365=CARTESIAN_POINT('Ctrl Pts',(-7.06754153073868,162.862096805255,25.7536112115294));
#8366=CARTESIAN_POINT('Ctrl Pts',(-7.05843511475484,162.863829988638,25.7724700174391));
#8367=CARTESIAN_POINT('Ctrl Pts',(-7.04959957070579,162.86551206497,25.7914708332648));
#8368=CARTESIAN_POINT('Ctrl Pts',(-7.04564126253987,162.866265632204,25.7999831652757));
#8369=CARTESIAN_POINT('Ctrl Pts',(-7.04173827280223,162.867008783195,25.8085220528765));
#8370=CARTESIAN_POINT('Ctrl Pts',(-7.03789130668581,162.867741404161,25.8170870059312));
#8371=CARTESIAN_POINT('Ctrl Pts',(-7.01841468820793,162.871450555376,25.8604500920304));
#8372=CARTESIAN_POINT('Ctrl Pts',(-7.00037586524601,162.87488950839,25.9044775621895));
#8373=CARTESIAN_POINT('Ctrl Pts',(-6.983828158702,162.878045716156,25.9490297982939));
#8374=CARTESIAN_POINT('Ctrl Pts',(-6.96743283252511,162.881172859827,25.9931717729475));
#8375=CARTESIAN_POINT('Ctrl Pts',(-6.95250070088742,162.884022532389,26.0378285762003));
#8376=CARTESIAN_POINT('Ctrl Pts',(-6.93906743059245,162.886585354954,26.0829125646743));
#8377=CARTESIAN_POINT('Ctrl Pts',(-6.92573960104113,162.88912806135,26.1276426788373));
#8378=CARTESIAN_POINT('Ctrl Pts',(-6.91388631804661,162.891388519249,26.1727931825374));
#8379=CARTESIAN_POINT('Ctrl Pts',(-6.90353723628768,162.893358829416,26.2183293542599));
#8380=CARTESIAN_POINT('Ctrl Pts',(-6.89827639882639,162.894360414076,26.2414771468488));
#8381=CARTESIAN_POINT('Ctrl Pts',(-6.8934042522378,162.89528703213,26.2647254288332));
#8382=CARTESIAN_POINT('Ctrl Pts',(-6.88892546387775,162.89613760901,26.2880747722781));
#8383=CARTESIAN_POINT('Ctrl Pts',(-6.87958395576273,162.897911676056,26.3367750152312));
#8384=CARTESIAN_POINT('Ctrl Pts',(-6.87198484679755,162.899347769123,26.3857402641632));
#8385=CARTESIAN_POINT('Ctrl Pts',(-6.86617004616241,162.900443869127,26.4349024417263));
#8386=CARTESIAN_POINT('Ctrl Pts',(-6.86363194674726,162.900922305268,26.4563612159732));
#8387=CARTESIAN_POINT('Ctrl Pts',(-6.86143362704147,162.901335890931,26.4778581985289));
#8388=CARTESIAN_POINT('Ctrl Pts',(-6.85957841004172,162.901684027903,26.499390747845));
#8389=CARTESIAN_POINT('Ctrl Pts',(-6.8566269073675,162.902237886132,26.5336473210103));
#8390=CARTESIAN_POINT('Ctrl Pts',(-6.85454818215057,162.902626225275,26.5679584145013));
#8391=CARTESIAN_POINT('Ctrl Pts',(-6.85336176359873,162.902849295319,26.6023062638852));
#8392=CARTESIAN_POINT('Ctrl Pts',(-6.85256059266266,162.902999931227,26.6255008595868));
#8393=CARTESIAN_POINT('Ctrl Pts',(-6.85216676124226,162.903075150117,26.6487038546798));
#8394=CARTESIAN_POINT('Ctrl Pts',(-6.85218802507905,162.903075234791,26.6719098487914));
#8395=CARTESIAN_POINT('Ctrl Pts',(-6.85218898511531,162.903075238614,26.6729575710878));
#8396=CARTESIAN_POINT('Ctrl Pts',(-6.85219079142011,162.903075089171,26.6740052995568));
#8397=CARTESIAN_POINT('Ctrl Pts',(-6.85219344309444,162.903074786397,26.675053033719));
#8398=CARTESIAN_POINT('Ctrl Pts',(-6.85225578845972,162.903067667667,26.6996870426269));
#8399=CARTESIAN_POINT('Ctrl Pts',(-6.85278534578767,162.902975856771,26.7243162569046));
#8400=CARTESIAN_POINT('Ctrl Pts',(-6.85377206029786,162.902799051958,26.7489342920788));
#8401=CARTESIAN_POINT('Ctrl Pts',(-6.85522461154269,162.902538776013,26.7851747215729));
#8402=CARTESIAN_POINT('Ctrl Pts',(-6.85766656986049,162.902094442527,26.8213697386647));
#8403=CARTESIAN_POINT('Ctrl Pts',(-6.86107294004088,162.9014658627,26.8574987769345));
#8404=CARTESIAN_POINT('Ctrl Pts',(-6.8656159472153,162.900627538469,26.9056833462482));
#8405=CARTESIAN_POINT('Ctrl Pts',(-6.87186097964713,162.899461319652,26.9536645255489));
#8406=CARTESIAN_POINT('Ctrl Pts',(-6.87977052581625,162.897973959865,27.0014110489493));
#8407=CARTESIAN_POINT('Ctrl Pts',(-6.88697604233855,162.89661899015,27.0449076486136));
#8408=CARTESIAN_POINT('Ctrl Pts',(-6.89556404929674,162.894997281863,27.0882091524053));
#8409=CARTESIAN_POINT('Ctrl Pts',(-6.9055028973362,162.893110440978,27.1312543254155));
#8410=CARTESIAN_POINT('Ctrl Pts',(-6.91602520308247,162.891112833549,27.1768264550542));
#8411=CARTESIAN_POINT('Ctrl Pts',(-6.92803387128656,162.888827341642,27.2219675165202));
#8412=CARTESIAN_POINT('Ctrl Pts',(-6.94149492913941,162.886261359833,27.2666542788747));
#8413=CARTESIAN_POINT('Ctrl Pts',(-6.95522190225706,162.883644688565,27.312223801884));
#8414=CARTESIAN_POINT('Ctrl Pts',(-6.97046013949133,162.88073621954,27.3573209193142));
#8415=CARTESIAN_POINT('Ctrl Pts',(-6.98717722031606,162.877545251131,27.4018662078681));
#8416=CARTESIAN_POINT('Ctrl Pts',(-7.00298495610793,162.874527859155,27.4439884036997));
#8417=CARTESIAN_POINT('Ctrl Pts',(-7.02011547820797,162.871257821292,27.4856164758574));
#8418=CARTESIAN_POINT('Ctrl Pts',(-7.03853481559718,162.867745393044,27.526640915431));
#8419=CARTESIAN_POINT('Ctrl Pts',(-7.05095500343895,162.865376957214,27.5543037588244));
#8420=CARTESIAN_POINT('Ctrl Pts',(-7.06396082245835,162.862898342995,27.5816909808968));
#8421=CARTESIAN_POINT('Ctrl Pts',(-7.07753437396156,162.860313536537,27.6087878611285));
#8422=CARTESIAN_POINT('Ctrl Pts',(-11.8743856168776,162.860313536537,26.671934236162));
#8423=CARTESIAN_POINT('Ctrl Pts',(-11.8743856168776,162.860313536537,26.9747634326949));
#8424=CARTESIAN_POINT('Ctrl Pts',(-11.6736590685878,162.860313536537,27.5737395581027));
#8425=CARTESIAN_POINT('Ctrl Pts',(-10.6650759634838,162.860313536537,28.4599087574998));
#8426=CARTESIAN_POINT('Ctrl Pts',(-9.09008142242464,162.860313536537,28.7057574114732));
#8427=CARTESIAN_POINT('Ctrl Pts',(-7.70689093907504,162.860313536537,28.2343604124258));
#8428=CARTESIAN_POINT('Ctrl Pts',(-6.94901883761082,162.860313536537,27.5770616831577));
#8429=CARTESIAN_POINT('Ctrl Pts',(-6.64863558946942,162.860313536537,26.6718802948212));
#8430=CARTESIAN_POINT('Ctrl Pts',(-7.04766675602031,162.860313536537,25.46520670186));
#8431=CARTESIAN_POINT('Ctrl Pts',(-8.6969636337366,162.860313536537,24.5734848979039));
#8432=CARTESIAN_POINT('Ctrl Pts',(-10.6645979795829,162.860313536537,24.8852816644447));
#8433=CARTESIAN_POINT('Ctrl Pts',(-11.6735082319446,162.860313536537,25.7702256348269));
#8434=CARTESIAN_POINT('Ctrl Pts',(-11.8743856168776,162.860313536537,26.3691050396291));
#8435=CARTESIAN_POINT('Ctrl Pts',(-11.8743856168776,162.860313536537,26.671934236162));
#8436=CARTESIAN_POINT('Ctrl Pts',(-11.8450962949962,162.931024214655,26.671934236162));
#8437=CARTESIAN_POINT('Ctrl Pts',(-11.8450962949962,162.931024214655,26.9685668122922));
#8438=CARTESIAN_POINT('Ctrl Pts',(-11.6421376510827,162.937302303351,27.5544900451089));
#8439=CARTESIAN_POINT('Ctrl Pts',(-10.6334167184396,162.958331649057,28.3996655791773));
#8440=CARTESIAN_POINT('Ctrl Pts',(-9.08758921999489,162.963643448919,28.5880980189937));
#8441=CARTESIAN_POINT('Ctrl Pts',(-7.7764445817221,162.948820305622,28.0990007606995));
#8442=CARTESIAN_POINT('Ctrl Pts',(-7.08871771448809,162.935256105742,27.4709295314922));
#8443=CARTESIAN_POINT('Ctrl Pts',(-6.8358464236403,162.928864935234,26.6719713305224));
#8444=CARTESIAN_POINT('Ctrl Pts',(-7.17057950834784,162.937373717223,25.6062028592416));
#8445=CARTESIAN_POINT('Ctrl Pts',(-8.69610732474959,162.965676923292,24.7033311817067));
#8446=CARTESIAN_POINT('Ctrl Pts',(-10.6345492397964,162.958064391061,24.9462277224929));
#8447=CARTESIAN_POINT('Ctrl Pts',(-11.6412214510658,162.937321436901,25.7892589587849));
#8448=CARTESIAN_POINT('Ctrl Pts',(-11.8450962949962,162.931024214655,26.3753016600318));
#8449=CARTESIAN_POINT('Ctrl Pts',(-11.8450962949962,162.931024214655,26.671934236162));
#8450=CARTESIAN_POINT('Ctrl Pts',(-11.8158069731149,163.001734892774,26.671934236162));
#8451=CARTESIAN_POINT('Ctrl Pts',(-11.8158069731149,163.001734892774,26.9623701918895));
#8452=CARTESIAN_POINT('Ctrl Pts',(-11.6106162335775,163.014291070165,27.5352405321151));
#8453=CARTESIAN_POINT('Ctrl Pts',(-10.6017574733954,163.056349761577,28.3394224008547));
#8454=CARTESIAN_POINT('Ctrl Pts',(-9.08509701756514,163.066973361301,28.4704386265142));
#8455=CARTESIAN_POINT('Ctrl Pts',(-7.84599822436916,163.037327074707,27.9636411089732));
#8456=CARTESIAN_POINT('Ctrl Pts',(-7.22841659136537,163.010198674948,27.3647973798267));
#8457=CARTESIAN_POINT('Ctrl Pts',(-7.02305725781117,162.997416333931,26.6720623662236));
#8458=CARTESIAN_POINT('Ctrl Pts',(-7.29349226067538,163.014433897909,25.7471990166233));
#8459=CARTESIAN_POINT('Ctrl Pts',(-8.69525101576258,163.071040310046,24.8331774655096));
#8460=CARTESIAN_POINT('Ctrl Pts',(-10.6045005000099,163.055815245585,25.0071737805411));
#8461=CARTESIAN_POINT('Ctrl Pts',(-11.6089346701869,163.014329337266,25.8082922827429));
#8462=CARTESIAN_POINT('Ctrl Pts',(-11.8158069731149,163.001734892774,26.3814982804345));
#8463=CARTESIAN_POINT('Ctrl Pts',(-11.8158069731149,163.001734892774,26.671934236162));
#8464=CARTESIAN_POINT('Ctrl Pts',(-11.7865176512336,163.072445570893,26.671934236162));
#8465=CARTESIAN_POINT('Ctrl Pts',(-11.7865176512336,163.072445570893,26.9561735714868));
#8466=CARTESIAN_POINT('Ctrl Pts',(-11.5790948160723,163.091279836979,27.5159910191213));
#8467=CARTESIAN_POINT('Ctrl Pts',(-10.5700982283513,163.154367874097,28.2791792225321));
#8468=CARTESIAN_POINT('Ctrl Pts',(-9.08260481513538,163.170303273683,28.3527792340346));
#8469=CARTESIAN_POINT('Ctrl Pts',(-7.91555186701622,163.125833843793,27.8282814572469));
#8470=CARTESIAN_POINT('Ctrl Pts',(-7.36811546824265,163.085141244154,27.2586652281611));
#8471=CARTESIAN_POINT('Ctrl Pts',(-7.21026809198205,163.065967732629,26.6721534019248));
#8472=CARTESIAN_POINT('Ctrl Pts',(-7.41640501300291,163.091494078595,25.8881951740049));
#8473=CARTESIAN_POINT('Ctrl Pts',(-8.69439470677558,163.176403696801,24.9630237493124));
#8474=CARTESIAN_POINT('Ctrl Pts',(-10.5744517602233,163.153566100109,25.0681198385893));
#8475=CARTESIAN_POINT('Ctrl Pts',(-11.5766478893081,163.091337237631,25.8273256067009));
#8476=CARTESIAN_POINT('Ctrl Pts',(-11.7865176512336,163.072445570893,26.3876949008372));
#8477=CARTESIAN_POINT('Ctrl Pts',(-11.7865176512336,163.072445570893,26.671934236162));
#8478=CARTESIAN_POINT('',(-11.7865176512335,163.072445570893,26.671934236162));
#8479=CARTESIAN_POINT('',(-11.8743856168776,162.860313536537,26.671934236162));
#8480=CARTESIAN_POINT('Ctrl Pts',(-11.7865176512336,163.072445570893,26.671934236162));
#8481=CARTESIAN_POINT('Ctrl Pts',(-11.7865176512336,163.072445570893,26.9561735714868));
#8482=CARTESIAN_POINT('Ctrl Pts',(-11.5790948160723,163.091279836979,27.5159910191213));
#8483=CARTESIAN_POINT('Ctrl Pts',(-10.5700982283513,163.154367874097,28.2791792225321));
#8484=CARTESIAN_POINT('Ctrl Pts',(-9.08260481513538,163.170303273683,28.3527792340346));
#8485=CARTESIAN_POINT('Ctrl Pts',(-7.91555186701622,163.125833843793,27.8282814572469));
#8486=CARTESIAN_POINT('Ctrl Pts',(-7.36811546824265,163.085141244154,27.2586652281611));
#8487=CARTESIAN_POINT('Ctrl Pts',(-7.21026809198205,163.065967732629,26.6721534019248));
#8488=CARTESIAN_POINT('Ctrl Pts',(-7.41640501300291,163.091494078595,25.8881951740049));
#8489=CARTESIAN_POINT('Ctrl Pts',(-8.69439470677558,163.176403696801,24.9630237493124));
#8490=CARTESIAN_POINT('Ctrl Pts',(-10.5744517602233,163.153566100109,25.0681198385893));
#8491=CARTESIAN_POINT('Ctrl Pts',(-11.5766478893081,163.091337237631,25.8273256067009));
#8492=CARTESIAN_POINT('Ctrl Pts',(-11.7865176512336,163.072445570893,26.3876949008372));
#8493=CARTESIAN_POINT('Ctrl Pts',(-11.7865176512336,163.072445570893,26.671934236162));
#8494=CARTESIAN_POINT('Origin',(-20.320897504563,161.172813536537,2.17193377422598));
#8495=CARTESIAN_POINT('',(-14.7278167717885,163.860313536537,2.17193377422598));
#8496=CARTESIAN_POINT('Origin',(-17.758905685034,165.610313536537,2.17193377422598));
#8497=CARTESIAN_POINT('',(-5.49021246475439,179.860313536537,2.17193377422598));
#8498=CARTESIAN_POINT('',(-17.2898085913175,159.422813536537,2.17193377422598));
#8499=CARTESIAN_POINT('Origin',(-8.52130137799988,181.610313536537,2.17193377422598));
#8500=CARTESIAN_POINT('Origin',(-14.7278167717885,163.860313536537,18.671933774226));
#8501=CARTESIAN_POINT('',(-14.7278167717885,163.860313536537,18.671933774226));
#8502=CARTESIAN_POINT('',(-14.7278167717885,163.860313536537,18.671933774226));
#8503=CARTESIAN_POINT('',(-5.49021246475436,179.860313536537,18.671933774226));
#8504=CARTESIAN_POINT('',(-10.4484057049269,171.272470930814,18.671933774226));
#8505=CARTESIAN_POINT('',(-5.49021246475439,179.860313536537,18.671933774226));
#8506=CARTESIAN_POINT('Origin',(-25.4751920327532,203.975313536537,2.17193377422598));
#8507=CARTESIAN_POINT('',(-21.4337401484259,207.475313536537,2.17193377422598));
#8508=CARTESIAN_POINT('Origin',(-21.4337401484259,203.975313536537,2.17193377422598));
#8509=CARTESIAN_POINT('',(-37.5995476857354,207.475313536537,2.17193377422598));
#8510=CARTESIAN_POINT('',(-25.4751920327532,207.475313536537,2.17193377422598));
#8511=CARTESIAN_POINT('Origin',(-37.5995476857354,203.975313536537,2.17193377422598));
#8512=CARTESIAN_POINT('Origin',(-21.4337401484259,207.475313536537,18.671933774226));
#8513=CARTESIAN_POINT('',(-21.4337401484259,207.475313536537,18.671933774226));
#8514=CARTESIAN_POINT('',(-21.4337401484259,207.475313536537,18.671933774226));
#8515=CARTESIAN_POINT('',(-37.5995476857354,207.475313536537,18.671933774226));
#8516=CARTESIAN_POINT('',(-25.4751920327532,207.475313536537,18.671933774226));
#8517=CARTESIAN_POINT('',(-37.5995476857354,207.475313536537,18.671933774226));
#8518=CARTESIAN_POINT('Origin',(-43.3311924831154,169.172813536537,2.17193377422598));
#8519=CARTESIAN_POINT('',(-53.5430753694069,179.860313536537,2.17193377422598));
#8520=CARTESIAN_POINT('Origin',(-50.5119864561615,181.610313536537,2.17193377422598));
#8521=CARTESIAN_POINT('',(-44.3054710623729,163.860313536537,2.17193377422598));
#8522=CARTESIAN_POINT('',(-46.3622813963609,167.422813536537,2.17193377422598));
#8523=CARTESIAN_POINT('Origin',(-41.2743821491273,165.610313536537,2.17193377422598));
#8524=CARTESIAN_POINT('Origin',(-53.543075369407,179.860313536537,18.671933774226));
#8525=CARTESIAN_POINT('',(-53.543075369407,179.860313536537,18.671933774226));
#8526=CARTESIAN_POINT('',(-53.5430753694069,179.860313536537,18.671933774226));
#8527=CARTESIAN_POINT('',(-44.3054710623729,163.860313536537,18.671933774226));
#8528=CARTESIAN_POINT('',(-53.2036842827516,179.272470930813,18.671933774226));
#8529=CARTESIAN_POINT('',(-44.3054710623729,163.860313536537,18.671933774226));
#8530=CARTESIAN_POINT('Origin',(-12.9957659642196,162.860313536537,-1.32806622577402));
#8531=CARTESIAN_POINT('',(-25.5356160075118,170.100199334629,18.671933774226));
#8532=CARTESIAN_POINT('Origin',(-3.75816165718549,178.860313536537,18.671933774226));
#8533=CARTESIAN_POINT('',(-16.2980117004776,186.100199334629,18.671933774226));
#8534=CARTESIAN_POINT('Origin',(-55.2751261769758,178.860313536537,-1.32806622577402));
#8535=CARTESIAN_POINT('',(-42.7352761336837,186.100199334629,18.671933774226));
#8536=CARTESIAN_POINT('Origin',(-46.0375218699417,162.860313536537,18.671933774226));
#8537=CARTESIAN_POINT('',(-33.4976718266496,170.100199334629,18.671933774226));
#8538=CARTESIAN_POINT('Origin',(-37.5995476857354,209.475313536537,18.671933774226));
#8539=CARTESIAN_POINT('',(-37.5995476857354,200.819856728906,18.671933774226));
#8540=CARTESIAN_POINT('Origin',(-21.4337401484259,209.475313536537,-1.32806622577402));
#8541=CARTESIAN_POINT('',(-21.4337401484259,200.819856728906,18.671933774226));
#8542=CARTESIAN_POINT('Origin',(-29.5166439170806,192.164399921275,18.671933774226));
#8543=CARTESIAN_POINT('Origin',(-29.5166439170806,183.065313536537,20.671933774226));
#8544=CARTESIAN_POINT('',(-22.0166439170806,183.065313536537,20.671933774226));
#8545=CARTESIAN_POINT('Origin',(-29.5166439170806,183.065313536537,20.671933774226));
#8546=CARTESIAN_POINT('Ctrl Pts',(-52.2843856168776,162.860313536537,26.671934236162));
#8547=CARTESIAN_POINT('Ctrl Pts',(-52.2843856168776,162.860313536537,26.9747634326949));
#8548=CARTESIAN_POINT('Ctrl Pts',(-52.0835946814382,162.860313536537,27.5732506436968));
#8549=CARTESIAN_POINT('Ctrl Pts',(-51.0751744370926,162.860313536537,28.4609612766767));
#8550=CARTESIAN_POINT('Ctrl Pts',(-49.5009733570991,162.860313536537,28.7063661503769));
#8551=CARTESIAN_POINT('Ctrl Pts',(-48.2889586357362,162.860313536537,28.2939367565307));
#8552=CARTESIAN_POINT('Ctrl Pts',(-47.7384166691143,162.860313536537,27.9056012574573));
#8553=CARTESIAN_POINT('Ctrl Pts',(-47.3076079838746,162.860313536537,27.4254821564222));
#8554=CARTESIAN_POINT('Ctrl Pts',(-47.1097148648643,162.860313536537,26.8236330209477));
#8555=CARTESIAN_POINT('Ctrl Pts',(-47.2079282376874,162.860313536537,26.2176580521143));
#8556=CARTESIAN_POINT('Ctrl Pts',(-47.6237559739593,162.860313536537,25.3783890956509));
#8557=CARTESIAN_POINT('Ctrl Pts',(-49.1056187354242,162.860313536537,24.5730692655724));
#8558=CARTESIAN_POINT('Ctrl Pts',(-51.075481417332,162.860313536537,24.8848678209617));
#8559=CARTESIAN_POINT('Ctrl Pts',(-52.0833315572669,162.860313536537,25.7701293752485));
#8560=CARTESIAN_POINT('Ctrl Pts',(-52.2843856168776,162.860313536537,26.3691050396291));
#8561=CARTESIAN_POINT('Ctrl Pts',(-52.2843856168776,162.860313536537,26.671934236162));
#8562=CARTESIAN_POINT('Ctrl Pts',(-52.1136749387589,162.931024214655,26.671934236162));
#8563=CARTESIAN_POINT('Ctrl Pts',(-52.1136749387589,162.931024214655,26.938646882258));
#8564=CARTESIAN_POINT('Ctrl Pts',(-51.9432236354386,162.935002344002,27.4681084758749));
#8565=CARTESIAN_POINT('Ctrl Pts',(-51.0300906317305,162.9540956843,28.3161971931553));
#8566=CARTESIAN_POINT('Ctrl Pts',(-49.5140328667402,162.964775578508,28.6059778563066));
#8567=CARTESIAN_POINT('Ctrl Pts',(-48.3178211660497,162.953939144789,28.2370742338143));
#8568=CARTESIAN_POINT('Ctrl Pts',(-47.7699500227514,162.945114621773,27.8709191485447));
#8569=CARTESIAN_POINT('Ctrl Pts',(-47.3384623386059,162.935600242277,27.4096530145443));
#8570=CARTESIAN_POINT('Ctrl Pts',(-47.1385222730037,162.929549330155,26.8205507868712));
#8571=CARTESIAN_POINT('Ctrl Pts',(-47.2376655059632,162.932426468206,26.2269567113295));
#8572=CARTESIAN_POINT('Ctrl Pts',(-47.6564621242057,162.944201072237,25.409992079084));
#8573=CARTESIAN_POINT('Ctrl Pts',(-49.1335011871347,162.968116732348,24.661971135532));
#8574=CARTESIAN_POINT('Ctrl Pts',(-51.0302310439899,162.953787393442,25.0299163223741));
#8575=CARTESIAN_POINT('Ctrl Pts',(-51.9430072195339,162.935105367071,25.8752085947767));
#8576=CARTESIAN_POINT('Ctrl Pts',(-52.1136749387589,162.931024214655,26.405221590066));
#8577=CARTESIAN_POINT('Ctrl Pts',(-52.1136749387589,162.931024214655,26.671934236162));
#8578=CARTESIAN_POINT('Ctrl Pts',(-51.9429642606403,163.001734892774,26.671934236162));
#8579=CARTESIAN_POINT('Ctrl Pts',(-51.9429642606403,163.001734892774,26.9025303318211));
#8580=CARTESIAN_POINT('Ctrl Pts',(-51.8028525894391,163.009691151467,27.3629663080531));
#8581=CARTESIAN_POINT('Ctrl Pts',(-50.9850068263683,163.047877832063,28.1714331096339));
#8582=CARTESIAN_POINT('Ctrl Pts',(-49.5270923763813,163.069237620479,28.5055895622363));
#8583=CARTESIAN_POINT('Ctrl Pts',(-48.3466836963632,163.047564753041,28.180211711098));
#8584=CARTESIAN_POINT('Ctrl Pts',(-47.8014833763886,163.02991570701,27.8362370396322));
#8585=CARTESIAN_POINT('Ctrl Pts',(-47.3693166933372,163.010886948017,27.3938238726664));
#8586=CARTESIAN_POINT('Ctrl Pts',(-47.1673296811431,162.998785123773,26.8174685527948));
#8587=CARTESIAN_POINT('Ctrl Pts',(-47.2674027742391,163.004539399875,26.2362553705448));
#8588=CARTESIAN_POINT('Ctrl Pts',(-47.6891682744522,163.028088607937,25.4415950625172));
#8589=CARTESIAN_POINT('Ctrl Pts',(-49.1613836388453,163.075919928158,24.7508730054917));
#8590=CARTESIAN_POINT('Ctrl Pts',(-50.9849806706477,163.047261250348,25.1749648237865));
#8591=CARTESIAN_POINT('Ctrl Pts',(-51.802682881801,163.009897197606,25.980287814305));
#8592=CARTESIAN_POINT('Ctrl Pts',(-51.9429642606403,163.001734892774,26.4413381405029));
#8593=CARTESIAN_POINT('Ctrl Pts',(-51.9429642606403,163.001734892774,26.671934236162));
#8594=CARTESIAN_POINT('Ctrl Pts',(-51.7722535825216,163.072445570893,26.671934236162));
#8595=CARTESIAN_POINT('Ctrl Pts',(-51.7722535825216,163.072445570893,26.8664137813842));
#8596=CARTESIAN_POINT('Ctrl Pts',(-51.6624815434396,163.084379958932,27.2578241402313));
#8597=CARTESIAN_POINT('Ctrl Pts',(-50.9399230210061,163.141659979826,28.0266690261126));
#8598=CARTESIAN_POINT('Ctrl Pts',(-49.5401518860224,163.173699662449,28.4052012681659));
#8599=CARTESIAN_POINT('Ctrl Pts',(-48.3755462266766,163.141190361293,28.1233491883816));
#8600=CARTESIAN_POINT('Ctrl Pts',(-47.8330167300258,163.114716792246,27.8015549307196));
#8601=CARTESIAN_POINT('Ctrl Pts',(-47.4001710480686,163.086173653757,27.3779947307884));
#8602=CARTESIAN_POINT('Ctrl Pts',(-47.1961370892826,163.068020917391,26.8143863187183));
#8603=CARTESIAN_POINT('Ctrl Pts',(-47.297140042515,163.076652331545,26.2455540297601));
#8604=CARTESIAN_POINT('Ctrl Pts',(-47.7218744246986,163.111976143636,25.4731980459503));
#8605=CARTESIAN_POINT('Ctrl Pts',(-49.1892660905558,163.183723123969,24.8397748754513));
#8606=CARTESIAN_POINT('Ctrl Pts',(-50.9397302973056,163.140735107254,25.320013325199));
#8607=CARTESIAN_POINT('Ctrl Pts',(-51.6623585440681,163.084689028141,26.0853670338332));
#8608=CARTESIAN_POINT('Ctrl Pts',(-51.7722535825216,163.072445570893,26.4774546909397));
#8609=CARTESIAN_POINT('Ctrl Pts',(-51.7722535825216,163.072445570893,26.671934236162));
#8610=CARTESIAN_POINT('',(-51.7722535825216,163.072445570893,26.671934236162));
#8611=CARTESIAN_POINT('Ctrl Pts',(-52.1811052153257,162.903093679587,26.671934236162));
#8612=CARTESIAN_POINT('Ctrl Pts',(-52.0448213377244,162.959544310022,26.671934236162));
#8613=CARTESIAN_POINT('Ctrl Pts',(-51.908537460123,163.015994940458,26.671934236162));
#8614=CARTESIAN_POINT('Ctrl Pts',(-51.7722535825216,163.072445570893,26.671934236162));
#8615=CARTESIAN_POINT('Ctrl Pts',(-51.7722535825216,163.072445570893,26.671934236162));
#8616=CARTESIAN_POINT('Ctrl Pts',(-51.7722535825216,163.072445570893,26.8664137813842));
#8617=CARTESIAN_POINT('Ctrl Pts',(-51.6624815434396,163.084379958932,27.2578241402313));
#8618=CARTESIAN_POINT('Ctrl Pts',(-50.9399230210061,163.141659979826,28.0266690261126));
#8619=CARTESIAN_POINT('Ctrl Pts',(-49.5401518860224,163.173699662449,28.4052012681659));
#8620=CARTESIAN_POINT('Ctrl Pts',(-48.3755462266766,163.141190361293,28.1233491883816));
#8621=CARTESIAN_POINT('Ctrl Pts',(-47.8330167300258,163.114716792246,27.8015549307196));
#8622=CARTESIAN_POINT('Ctrl Pts',(-47.4001710480686,163.086173653757,27.3779947307884));
#8623=CARTESIAN_POINT('Ctrl Pts',(-47.1961370892826,163.068020917391,26.8143863187183));
#8624=CARTESIAN_POINT('Ctrl Pts',(-47.297140042515,163.076652331545,26.2455540297601));
#8625=CARTESIAN_POINT('Ctrl Pts',(-47.7218744246986,163.111976143636,25.4731980459503));
#8626=CARTESIAN_POINT('Ctrl Pts',(-49.1892660905558,163.183723123969,24.8397748754513));
#8627=CARTESIAN_POINT('Ctrl Pts',(-50.9397302973056,163.140735107254,25.320013325199));
#8628=CARTESIAN_POINT('Ctrl Pts',(-51.6623585440681,163.084689028141,26.0853670338332));
#8629=CARTESIAN_POINT('Ctrl Pts',(-51.7722535825216,163.072445570893,26.4774546909397));
#8630=CARTESIAN_POINT('Ctrl Pts',(-51.7722535825216,163.072445570893,26.671934236162));
#8631=CARTESIAN_POINT('Origin',(-26.3346634017412,186.247294051876,26.671934236162));
#8632=CARTESIAN_POINT('',(-35.8292308404507,179.015468312964,26.671934236162));
#8633=CARTESIAN_POINT('Ctrl Pts',(-35.8292308404507,179.015468312964,26.671934236162));
#8634=CARTESIAN_POINT('Ctrl Pts',(-35.8292308404507,179.015468312964,26.470359215259));
#8635=CARTESIAN_POINT('Ctrl Pts',(-35.8071475242844,178.980400404217,26.2557876782695));
#8636=CARTESIAN_POINT('Ctrl Pts',(-35.7147865045599,178.841573575604,25.8617738031257));
#8637=CARTESIAN_POINT('Ctrl Pts',(-35.6441726556776,178.738196526772,25.6822758787502));
#8638=CARTESIAN_POINT('Ctrl Pts',(-35.4743490746614,178.507211265114,25.3988612281355));
#8639=CARTESIAN_POINT('Ctrl Pts',(-35.3636391512062,178.364066612375,25.2758229980297));
#8640=CARTESIAN_POINT('Ctrl Pts',(-35.1078732217379,178.062591200629,25.1123426282476));
#8641=CARTESIAN_POINT('Ctrl Pts',(-34.9624694458335,177.904537347491,25.071934236162));
#8642=CARTESIAN_POINT('Ctrl Pts',(-34.677420106126,177.619488007784,25.071934236162));
#8643=CARTESIAN_POINT('Ctrl Pts',(-34.5193662529885,177.47408423188,25.1123426282476));
#8644=CARTESIAN_POINT('Ctrl Pts',(-34.2178908412429,177.218318302411,25.2758229980297));
#8645=CARTESIAN_POINT('Ctrl Pts',(-34.0747461885036,177.107608378956,25.3988612281355));
#8646=CARTESIAN_POINT('Ctrl Pts',(-33.8437609268452,176.93778479794,25.6822758787502));
#8647=CARTESIAN_POINT('Ctrl Pts',(-33.7403838780138,176.867170949058,25.8617738031257));
#8648=CARTESIAN_POINT('Ctrl Pts',(-33.6015570494009,176.774809929333,26.2557876782695));
#8649=CARTESIAN_POINT('Ctrl Pts',(-33.5664891406537,176.752726613167,26.470359215259));
#8650=CARTESIAN_POINT('Ctrl Pts',(-33.5664891406537,176.752726613167,26.8735092570649));
#8651=CARTESIAN_POINT('Ctrl Pts',(-33.6015570494009,176.774809929333,27.0880807940545));
#8652=CARTESIAN_POINT('Ctrl Pts',(-33.7403838780138,176.867170949058,27.4820946691982));
#8653=CARTESIAN_POINT('Ctrl Pts',(-33.8437609268452,176.93778479794,27.6615925935737));
#8654=CARTESIAN_POINT('Ctrl Pts',(-34.0747461885036,177.107608378956,27.9450072441885));
#8655=CARTESIAN_POINT('Ctrl Pts',(-34.2178908412429,177.218318302411,28.0680454742943));
#8656=CARTESIAN_POINT('Ctrl Pts',(-34.5193662529885,177.47408423188,28.2315258440764));
#8657=CARTESIAN_POINT('Ctrl Pts',(-34.677420106126,177.619488007784,28.271934236162));
#8658=CARTESIAN_POINT('Ctrl Pts',(-34.9624694458335,177.904537347491,28.271934236162));
#8659=CARTESIAN_POINT('Ctrl Pts',(-35.1078732217379,178.062591200629,28.2315258440764));
#8660=CARTESIAN_POINT('Ctrl Pts',(-35.3636391512062,178.364066612375,28.0680454742943));
#8661=CARTESIAN_POINT('Ctrl Pts',(-35.4743490746614,178.507211265114,27.9450072441885));
#8662=CARTESIAN_POINT('Ctrl Pts',(-35.6441726556776,178.738196526772,27.6615925935737));
#8663=CARTESIAN_POINT('Ctrl Pts',(-35.7147865045599,178.841573575604,27.4820946691982));
#8664=CARTESIAN_POINT('Ctrl Pts',(-35.8071475242844,178.980400404217,27.0880807940545));
#8665=CARTESIAN_POINT('Ctrl Pts',(-35.8292308404507,179.015468312964,26.8735092570649));
#8666=CARTESIAN_POINT('Ctrl Pts',(-35.8292308404507,179.015468312964,26.671934236162));
#8667=CARTESIAN_POINT('',(-27.4660342516397,187.378664901775,26.671934236162));
#8668=CARTESIAN_POINT('Origin',(-26.3346634017412,179.883333021197,26.671934236162));
#8669=CARTESIAN_POINT('',(-25.4667986935076,176.752726613167,26.671934236162));
#8670=CARTESIAN_POINT('',(-27.4660342516397,178.751962171299,26.671934236162));
#8671=CARTESIAN_POINT('',(-23.2040569937106,179.015468312964,26.671934236162));
#8672=CARTESIAN_POINT('Ctrl Pts',(-23.2040569937106,179.015468312964,26.671934236162));
#8673=CARTESIAN_POINT('Ctrl Pts',(-23.2040569937106,179.015468312964,26.8735092570649));
#8674=CARTESIAN_POINT('Ctrl Pts',(-23.2261403098769,178.980400404217,27.0880807940545));
#8675=CARTESIAN_POINT('Ctrl Pts',(-23.3185013296014,178.841573575604,27.4820946691982));
#8676=CARTESIAN_POINT('Ctrl Pts',(-23.3891151784837,178.738196526772,27.6615925935737));
#8677=CARTESIAN_POINT('Ctrl Pts',(-23.5589387594999,178.507211265114,27.9450072441885));
#8678=CARTESIAN_POINT('Ctrl Pts',(-23.669648682955,178.364066612375,28.0680454742943));
#8679=CARTESIAN_POINT('Ctrl Pts',(-23.9254146124234,178.062591200629,28.2315258440764));
#8680=CARTESIAN_POINT('Ctrl Pts',(-24.0708183883278,177.904537347491,28.271934236162));
#8681=CARTESIAN_POINT('Ctrl Pts',(-24.3558677280352,177.619488007784,28.271934236162));
#8682=CARTESIAN_POINT('Ctrl Pts',(-24.5139215811728,177.47408423188,28.2315258440764));
#8683=CARTESIAN_POINT('Ctrl Pts',(-24.8153969929184,177.218318302411,28.0680454742943));
#8684=CARTESIAN_POINT('Ctrl Pts',(-24.9585416456577,177.107608378956,27.9450072441885));
#8685=CARTESIAN_POINT('Ctrl Pts',(-25.1895269073161,176.93778479794,27.6615925935737));
#8686=CARTESIAN_POINT('Ctrl Pts',(-25.2929039561475,176.867170949058,27.4820946691982));
#8687=CARTESIAN_POINT('Ctrl Pts',(-25.4317307847603,176.774809929333,27.0880807940545));
#8688=CARTESIAN_POINT('Ctrl Pts',(-25.4667986935076,176.752726613167,26.8735092570649));
#8689=CARTESIAN_POINT('Ctrl Pts',(-25.4667986935076,176.752726613167,26.671934236162));
#8690=CARTESIAN_POINT('Ctrl Pts',(-25.4667986935076,176.752726613167,26.671934236162));
#8691=CARTESIAN_POINT('Ctrl Pts',(-25.4667986935076,176.752726613167,26.470359215259));
#8692=CARTESIAN_POINT('Ctrl Pts',(-25.4317307847603,176.774809929333,26.2557876782695));
#8693=CARTESIAN_POINT('Ctrl Pts',(-25.2929039561475,176.867170949058,25.8617738031257));
#8694=CARTESIAN_POINT('Ctrl Pts',(-25.1895269073161,176.93778479794,25.6822758787502));
#8695=CARTESIAN_POINT('Ctrl Pts',(-24.9585416456577,177.107608378956,25.3988612281355));
#8696=CARTESIAN_POINT('Ctrl Pts',(-24.8153969929184,177.218318302411,25.2758229980297));
#8697=CARTESIAN_POINT('Ctrl Pts',(-24.5139215811728,177.47408423188,25.1123426282476));
#8698=CARTESIAN_POINT('Ctrl Pts',(-24.3558677280352,177.619488007784,25.071934236162));
#8699=CARTESIAN_POINT('Ctrl Pts',(-24.0708183883278,177.904537347491,25.071934236162));
#8700=CARTESIAN_POINT('Ctrl Pts',(-23.9254146124234,178.062591200629,25.1123426282476));
#8701=CARTESIAN_POINT('Ctrl Pts',(-23.669648682955,178.364066612375,25.2758229980297));
#8702=CARTESIAN_POINT('Ctrl Pts',(-23.5589387594999,178.507211265114,25.3988612281355));
#8703=CARTESIAN_POINT('Ctrl Pts',(-23.3891151784837,178.738196526772,25.6822758787502));
#8704=CARTESIAN_POINT('Ctrl Pts',(-23.3185013296014,178.841573575604,25.8617738031257));
#8705=CARTESIAN_POINT('Ctrl Pts',(-23.2261403098769,178.980400404217,26.2557876782695));
#8706=CARTESIAN_POINT('Ctrl Pts',(-23.2040569937106,179.015468312964,26.470359215259));
#8707=CARTESIAN_POINT('Ctrl Pts',(-23.2040569937106,179.015468312964,26.671934236162));
#8708=CARTESIAN_POINT('Ctrl Pts',(-45.2859514283379,196.162071726862,26.671934236162));
#8709=CARTESIAN_POINT('Ctrl Pts',(-45.2859514283379,196.162071726862,26.1002891829632));
#8710=CARTESIAN_POINT('Ctrl Pts',(-45.000395810038,196.656668566144,24.9660616812892));
#8711=CARTESIAN_POINT('Ctrl Pts',(-44.061601382128,198.282708213147,24.5568787803212));
#8712=CARTESIAN_POINT('Ctrl Pts',(-43.2974501172599,199.606257028566,25.7184459042135));
#8713=CARTESIAN_POINT('Ctrl Pts',(-43.3008018752944,199.600451613356,27.6227432830811));
#8714=CARTESIAN_POINT('Ctrl Pts',(-44.0607996172187,198.284096910705,28.7933177156209));
#8715=CARTESIAN_POINT('Ctrl Pts',(-45.0010139868202,196.655597852549,28.3740495968774));
#8716=CARTESIAN_POINT('Ctrl Pts',(-45.2859514283379,196.162071726862,27.2435792893608));
#8717=CARTESIAN_POINT('Ctrl Pts',(-45.2859514283379,196.162071726862,26.671934236162));
#8718=CARTESIAN_POINT('Ctrl Pts',(-45.1652407502192,196.177963589122,26.671934236162));
#8719=CARTESIAN_POINT('Ctrl Pts',(-45.1652407502192,196.177963589122,26.1232475527568));
#8720=CARTESIAN_POINT('Ctrl Pts',(-44.8838532084693,196.660148972885,25.0356371962621));
#8721=CARTESIAN_POINT('Ctrl Pts',(-43.9828302105917,198.217503521331,24.67766264922));
#8722=CARTESIAN_POINT('Ctrl Pts',(-43.2789183768137,199.445458717898,25.7894419713452));
#8723=CARTESIAN_POINT('Ctrl Pts',(-43.2818498559018,199.440308754728,27.5526288481946));
#8724=CARTESIAN_POINT('Ctrl Pts',(-43.9815229585466,198.219567927434,28.6721763187152));
#8725=CARTESIAN_POINT('Ctrl Pts',(-44.8845515132596,196.659075439618,28.3043331041749));
#8726=CARTESIAN_POINT('Ctrl Pts',(-45.1652407502192,196.177963589122,27.2206209195671));
#8727=CARTESIAN_POINT('Ctrl Pts',(-45.1652407502192,196.177963589122,26.671934236162));
#8728=CARTESIAN_POINT('Ctrl Pts',(-45.0445300721006,196.193855451381,26.671934236162));
#8729=CARTESIAN_POINT('Ctrl Pts',(-45.0445300721006,196.193855451381,26.1462059225505));
#8730=CARTESIAN_POINT('Ctrl Pts',(-44.7673106069006,196.663629379627,25.1052127112349));
#8731=CARTESIAN_POINT('Ctrl Pts',(-43.9040590390554,198.152298829515,24.7984465181189));
#8732=CARTESIAN_POINT('Ctrl Pts',(-43.2603866363676,199.28466040723,25.8604380384769));
#8733=CARTESIAN_POINT('Ctrl Pts',(-43.2628978365094,199.280165896099,27.4825144133081));
#8734=CARTESIAN_POINT('Ctrl Pts',(-43.9022462998744,198.155038944162,28.5510349218096));
#8735=CARTESIAN_POINT('Ctrl Pts',(-44.7680890396989,196.662553026687,28.2346166114725));
#8736=CARTESIAN_POINT('Ctrl Pts',(-45.0445300721006,196.193855451381,27.1976625497734));
#8737=CARTESIAN_POINT('Ctrl Pts',(-45.0445300721006,196.193855451381,26.671934236162));
#8738=CARTESIAN_POINT('Ctrl Pts',(-44.9238193939819,196.209747313641,26.671934236162));
#8739=CARTESIAN_POINT('Ctrl Pts',(-44.9238193939819,196.209747313641,26.1691642923442));
#8740=CARTESIAN_POINT('Ctrl Pts',(-44.6507680053319,196.667109786368,25.1747882262077));
#8741=CARTESIAN_POINT('Ctrl Pts',(-43.8252878675191,198.087094137699,24.9192303870178));
#8742=CARTESIAN_POINT('Ctrl Pts',(-43.2418548959215,199.123862096561,25.9314341056087));
#8743=CARTESIAN_POINT('Ctrl Pts',(-43.2439458171169,199.120023037471,27.4123999784216));
#8744=CARTESIAN_POINT('Ctrl Pts',(-43.8229696412023,198.090509960891,28.429893524904));
#8745=CARTESIAN_POINT('Ctrl Pts',(-44.6516265661383,196.666030613757,28.16490011877));
#8746=CARTESIAN_POINT('Ctrl Pts',(-44.9238193939819,196.209747313641,27.1747041799798));
#8747=CARTESIAN_POINT('Ctrl Pts',(-44.9238193939819,196.209747313641,26.671934236162));
#8748=CARTESIAN_POINT('',(-44.9238193939819,196.209747313641,26.671934236162));
#8749=CARTESIAN_POINT('',(-45.2859514283379,196.162071726862,26.671934236162));
#8750=CARTESIAN_POINT('Ctrl Pts',(-44.9238193939819,196.209747313641,26.671934236162));
#8751=CARTESIAN_POINT('Ctrl Pts',(-44.9238193939819,196.209747313641,26.1691642923442));
#8752=CARTESIAN_POINT('Ctrl Pts',(-44.6507680053319,196.667109786368,25.1747882262077));
#8753=CARTESIAN_POINT('Ctrl Pts',(-43.8252878675191,198.087094137699,24.9192303870178));
#8754=CARTESIAN_POINT('Ctrl Pts',(-43.2418548959215,199.123862096561,25.9314341056087));
#8755=CARTESIAN_POINT('Ctrl Pts',(-43.2439458171169,199.120023037471,27.4123999784216));
#8756=CARTESIAN_POINT('Ctrl Pts',(-43.8229696412023,198.090509960891,28.429893524904));
#8757=CARTESIAN_POINT('Ctrl Pts',(-44.6516265661383,196.666030613757,28.16490011877));
#8758=CARTESIAN_POINT('Ctrl Pts',(-44.9238193939819,196.209747313641,27.1747041799798));
#8759=CARTESIAN_POINT('Ctrl Pts',(-44.9238193939819,196.209747313641,26.671934236162));
#8760=CARTESIAN_POINT('Origin',(-26.3346634017412,179.883333021197,26.671934236162));
#8761=CARTESIAN_POINT('',(-33.5664891406537,189.377900459907,26.671934236162));
#8762=CARTESIAN_POINT('',(-35.8292308404507,187.11515876011,26.671934236162));
#8763=CARTESIAN_POINT('Ctrl Pts',(-33.5664891406537,189.377900459907,26.671934236162));
#8764=CARTESIAN_POINT('Ctrl Pts',(-33.5664891406537,189.377900459907,26.470359215259));
#8765=CARTESIAN_POINT('Ctrl Pts',(-33.6015570494009,189.355817143741,26.2557876782695));
#8766=CARTESIAN_POINT('Ctrl Pts',(-33.7403838780138,189.263456124016,25.8617738031257));
#8767=CARTESIAN_POINT('Ctrl Pts',(-33.8437609268452,189.192842275134,25.6822758787502));
#8768=CARTESIAN_POINT('Ctrl Pts',(-34.0747461885036,189.023018694118,25.3988612281355));
#8769=CARTESIAN_POINT('Ctrl Pts',(-34.2178908412429,188.912308770662,25.2758229980297));
#8770=CARTESIAN_POINT('Ctrl Pts',(-34.5193662529885,188.656542841194,25.1123426282476));
#8771=CARTESIAN_POINT('Ctrl Pts',(-34.677420106126,188.51113906529,25.071934236162));
#8772=CARTESIAN_POINT('Ctrl Pts',(-34.9624694458335,188.226089725582,25.071934236162));
#8773=CARTESIAN_POINT('Ctrl Pts',(-35.1078732217379,188.068035872445,25.1123426282476));
#8774=CARTESIAN_POINT('Ctrl Pts',(-35.3636391512062,187.766560460699,25.2758229980297));
#8775=CARTESIAN_POINT('Ctrl Pts',(-35.4743490746614,187.62341580796,25.3988612281355));
#8776=CARTESIAN_POINT('Ctrl Pts',(-35.6441726556776,187.392430546301,25.6822758787502));
#8777=CARTESIAN_POINT('Ctrl Pts',(-35.7147865045599,187.28905349747,25.8617738031257));
#8778=CARTESIAN_POINT('Ctrl Pts',(-35.8071475242844,187.150226668857,26.2557876782695));
#8779=CARTESIAN_POINT('Ctrl Pts',(-35.8292308404507,187.11515876011,26.470359215259));
#8780=CARTESIAN_POINT('Ctrl Pts',(-35.8292308404507,187.11515876011,26.671934236162));
#8781=CARTESIAN_POINT('Ctrl Pts',(-35.8292308404507,187.11515876011,26.671934236162));
#8782=CARTESIAN_POINT('Ctrl Pts',(-35.8292308404507,187.11515876011,26.8735092570649));
#8783=CARTESIAN_POINT('Ctrl Pts',(-35.8071475242844,187.150226668857,27.0880807940545));
#8784=CARTESIAN_POINT('Ctrl Pts',(-35.7147865045599,187.28905349747,27.4820946691982));
#8785=CARTESIAN_POINT('Ctrl Pts',(-35.6441726556776,187.392430546301,27.6615925935737));
#8786=CARTESIAN_POINT('Ctrl Pts',(-35.4743490746614,187.62341580796,27.9450072441885));
#8787=CARTESIAN_POINT('Ctrl Pts',(-35.3636391512062,187.766560460699,28.0680454742943));
#8788=CARTESIAN_POINT('Ctrl Pts',(-35.1078732217379,188.068035872445,28.2315258440764));
#8789=CARTESIAN_POINT('Ctrl Pts',(-34.9624694458335,188.226089725582,28.271934236162));
#8790=CARTESIAN_POINT('Ctrl Pts',(-34.677420106126,188.51113906529,28.271934236162));
#8791=CARTESIAN_POINT('Ctrl Pts',(-34.5193662529885,188.656542841194,28.2315258440764));
#8792=CARTESIAN_POINT('Ctrl Pts',(-34.2178908412429,188.912308770662,28.0680454742943));
#8793=CARTESIAN_POINT('Ctrl Pts',(-34.0747461885036,189.023018694118,27.9450072441885));
#8794=CARTESIAN_POINT('Ctrl Pts',(-33.8437609268452,189.192842275134,27.6615925935737));
#8795=CARTESIAN_POINT('Ctrl Pts',(-33.7403838780138,189.263456124016,27.4820946691982));
#8796=CARTESIAN_POINT('Ctrl Pts',(-33.6015570494009,189.355817143741,27.0880807940545));
#8797=CARTESIAN_POINT('Ctrl Pts',(-33.5664891406537,189.377900459907,26.8735092570649));
#8798=CARTESIAN_POINT('Ctrl Pts',(-33.5664891406537,189.377900459907,26.671934236162));
#8799=CARTESIAN_POINT('',(-27.4660342516397,178.751962171299,26.671934236162));
#8800=CARTESIAN_POINT('Ctrl Pts',(-15.7037782944796,199.55072848007,26.671934236162));
#8801=CARTESIAN_POINT('Ctrl Pts',(-15.7037782944796,199.55072848007,26.3861117095626));
#8802=CARTESIAN_POINT('Ctrl Pts',(-15.6357768353808,199.432946497922,25.8159956622536));
#8803=CARTESIAN_POINT('Ctrl Pts',(-15.2606593748656,198.783223997504,24.9002730853733));
#8804=CARTESIAN_POINT('Ctrl Pts',(-14.4798536479423,197.430828807632,24.554644292897));
#8805=CARTESIAN_POINT('Ctrl Pts',(-13.7162489288842,196.108226637324,25.720419115115));
#8806=CARTESIAN_POINT('Ctrl Pts',(-13.7171397725001,196.109769623728,27.6234726413307));
#8807=CARTESIAN_POINT('Ctrl Pts',(-14.4800585306625,197.431183674913,28.7905364369969));
#8808=CARTESIAN_POINT('Ctrl Pts',(-15.2607434291304,198.783369583761,28.4434916822889));
#8809=CARTESIAN_POINT('Ctrl Pts',(-15.6356837297805,199.432785234292,27.5274982778132));
#8810=CARTESIAN_POINT('Ctrl Pts',(-15.7037782944796,199.55072848007,26.9577567627614));
#8811=CARTESIAN_POINT('Ctrl Pts',(-15.7037782944796,199.55072848007,26.671934236162));
#8812=CARTESIAN_POINT('Ctrl Pts',(-15.7244889725982,199.393415261573,26.671934236162));
#8813=CARTESIAN_POINT('Ctrl Pts',(-15.7244889725982,199.393415261573,26.4056079155497));
#8814=CARTESIAN_POINT('Ctrl Pts',(-15.6624255644506,199.284989627095,25.8741781300205));
#8815=CARTESIAN_POINT('Ctrl Pts',(-15.3176347706317,198.683431123043,25.0107733945565));
#8816=CARTESIAN_POINT('Ctrl Pts',(-14.582646544543,197.406857226643,24.6567711505889));
#8817=CARTESIAN_POINT('Ctrl Pts',(-13.8378749442072,196.125964453462,25.7545749830835));
#8818=CARTESIAN_POINT('Ctrl Pts',(-13.83881903062,196.12752960812,27.5893126231427));
#8819=CARTESIAN_POINT('Ctrl Pts',(-14.5829434683245,197.407354354548,28.6881734263856));
#8820=CARTESIAN_POINT('Ctrl Pts',(-15.3177173093691,198.683565678786,28.3330219797064));
#8821=CARTESIAN_POINT('Ctrl Pts',(-15.6623081371066,199.284793475972,27.4693715499317));
#8822=CARTESIAN_POINT('Ctrl Pts',(-15.7244889725982,199.393415261573,26.9382605567743));
#8823=CARTESIAN_POINT('Ctrl Pts',(-15.7244889725982,199.393415261573,26.671934236162));
#8824=CARTESIAN_POINT('Ctrl Pts',(-15.7451996507169,199.236102043076,26.671934236162));
#8825=CARTESIAN_POINT('Ctrl Pts',(-15.7451996507169,199.236102043076,26.4251041215368));
#8826=CARTESIAN_POINT('Ctrl Pts',(-15.6890742935204,199.137032756268,25.9323605977875));
#8827=CARTESIAN_POINT('Ctrl Pts',(-15.3746101663977,198.583638248582,25.1212737037397));
#8828=CARTESIAN_POINT('Ctrl Pts',(-14.6854394411437,197.382885645653,24.7588980082807));
#8829=CARTESIAN_POINT('Ctrl Pts',(-13.9595009595303,196.1437022696,25.7887308510519));
#8830=CARTESIAN_POINT('Ctrl Pts',(-13.9604982887399,196.145289592511,27.5551526049548));
#8831=CARTESIAN_POINT('Ctrl Pts',(-14.6858284059865,197.383525034182,28.5858104157743));
#8832=CARTESIAN_POINT('Ctrl Pts',(-15.3746911896079,198.58376177381,28.2225522771239));
#8833=CARTESIAN_POINT('Ctrl Pts',(-15.6889325444327,199.136801717651,27.4112448220502));
#8834=CARTESIAN_POINT('Ctrl Pts',(-15.7451996507169,199.236102043076,26.9187643507872));
#8835=CARTESIAN_POINT('Ctrl Pts',(-15.7451996507169,199.236102043076,26.671934236162));
#8836=CARTESIAN_POINT('Ctrl Pts',(-15.7659103288355,199.078788824579,26.671934236162));
#8837=CARTESIAN_POINT('Ctrl Pts',(-15.7659103288355,199.078788824579,26.4446003275238));
#8838=CARTESIAN_POINT('Ctrl Pts',(-15.7157230225901,198.98907588544,25.9905430655544));
#8839=CARTESIAN_POINT('Ctrl Pts',(-15.4315855621638,198.483845374121,25.231774012923));
#8840=CARTESIAN_POINT('Ctrl Pts',(-14.7882323377444,197.358914064664,24.8610248659725));
#8841=CARTESIAN_POINT('Ctrl Pts',(-14.0811269748534,196.161440085738,25.8228867190204));
#8842=CARTESIAN_POINT('Ctrl Pts',(-14.0821775468598,196.163049576903,27.5209925867668));
#8843=CARTESIAN_POINT('Ctrl Pts',(-14.7887133436485,197.359695713817,28.483447405163));
#8844=CARTESIAN_POINT('Ctrl Pts',(-15.4316650698467,198.483957868834,28.1120825745414));
#8845=CARTESIAN_POINT('Ctrl Pts',(-15.7155569517587,198.988809959331,27.3531180941687));
#8846=CARTESIAN_POINT('Ctrl Pts',(-15.7659103288355,199.078788824579,26.8992681448001));
#8847=CARTESIAN_POINT('Ctrl Pts',(-15.7659103288355,199.078788824579,26.671934236162));
#8848=CARTESIAN_POINT('',(-15.7659103288355,199.078788824579,26.671934236162));
#8849=CARTESIAN_POINT('',(-15.7037782944795,199.55072848007,26.671934236162));
#8850=CARTESIAN_POINT('Ctrl Pts',(-15.7659103288355,199.078788824579,26.671934236162));
#8851=CARTESIAN_POINT('Ctrl Pts',(-15.7659103288355,199.078788824579,26.4446003275238));
#8852=CARTESIAN_POINT('Ctrl Pts',(-15.7157230225901,198.98907588544,25.9905430655544));
#8853=CARTESIAN_POINT('Ctrl Pts',(-15.4315855621638,198.483845374121,25.231774012923));
#8854=CARTESIAN_POINT('Ctrl Pts',(-14.7882323377444,197.358914064664,24.8610248659725));
#8855=CARTESIAN_POINT('Ctrl Pts',(-14.0811269748534,196.161440085738,25.8228867190204));
#8856=CARTESIAN_POINT('Ctrl Pts',(-14.0821775468598,196.163049576903,27.5209925867668));
#8857=CARTESIAN_POINT('Ctrl Pts',(-14.7887133436485,197.359695713817,28.483447405163));
#8858=CARTESIAN_POINT('Ctrl Pts',(-15.4316650698467,198.483957868834,28.1120825745414));
#8859=CARTESIAN_POINT('Ctrl Pts',(-15.7155569517587,198.988809959331,27.3531180941687));
#8860=CARTESIAN_POINT('Ctrl Pts',(-15.7659103288355,199.078788824579,26.8992681448001));
#8861=CARTESIAN_POINT('Ctrl Pts',(-15.7659103288355,199.078788824579,26.671934236162));
#8862=CARTESIAN_POINT('Origin',(-26.3346634017412,186.247294051876,26.671934236162));
#8863=CARTESIAN_POINT('',(-25.4667986935076,189.377900459907,26.671934236162));
#8864=CARTESIAN_POINT('',(-27.4660342516397,187.378664901775,26.671934236162));
#8865=CARTESIAN_POINT('Ctrl Pts',(-25.4667986935076,189.377900459907,26.671934236162));
#8866=CARTESIAN_POINT('Ctrl Pts',(-25.4667986935076,189.377900459907,26.8735092570649));
#8867=CARTESIAN_POINT('Ctrl Pts',(-25.4317307847604,189.355817143741,27.0880807940545));
#8868=CARTESIAN_POINT('Ctrl Pts',(-25.2929039561475,189.263456124016,27.4820946691982));
#8869=CARTESIAN_POINT('Ctrl Pts',(-25.1895269073161,189.192842275134,27.6615925935737));
#8870=CARTESIAN_POINT('Ctrl Pts',(-24.9585416456577,189.023018694118,27.9450072441885));
#8871=CARTESIAN_POINT('Ctrl Pts',(-24.8153969929184,188.912308770662,28.0680454742943));
#8872=CARTESIAN_POINT('Ctrl Pts',(-24.5139215811728,188.656542841194,28.2315258440764));
#8873=CARTESIAN_POINT('Ctrl Pts',(-24.3558677280352,188.51113906529,28.271934236162));
#8874=CARTESIAN_POINT('Ctrl Pts',(-24.0708183883278,188.226089725582,28.271934236162));
#8875=CARTESIAN_POINT('Ctrl Pts',(-23.9254146124234,188.068035872445,28.2315258440764));
#8876=CARTESIAN_POINT('Ctrl Pts',(-23.669648682955,187.766560460699,28.0680454742943));
#8877=CARTESIAN_POINT('Ctrl Pts',(-23.5589387594999,187.62341580796,27.9450072441885));
#8878=CARTESIAN_POINT('Ctrl Pts',(-23.3891151784837,187.392430546301,27.6615925935737));
#8879=CARTESIAN_POINT('Ctrl Pts',(-23.3185013296014,187.28905349747,27.4820946691982));
#8880=CARTESIAN_POINT('Ctrl Pts',(-23.2261403098769,187.150226668857,27.0880807940545));
#8881=CARTESIAN_POINT('Ctrl Pts',(-23.2040569937106,187.11515876011,26.8735092570649));
#8882=CARTESIAN_POINT('Ctrl Pts',(-23.2040569937106,187.11515876011,26.470359215259));
#8883=CARTESIAN_POINT('Ctrl Pts',(-23.2261403098769,187.150226668857,26.2557876782695));
#8884=CARTESIAN_POINT('Ctrl Pts',(-23.3185013296014,187.28905349747,25.8617738031258));
#8885=CARTESIAN_POINT('Ctrl Pts',(-23.3891151784837,187.392430546301,25.6822758787502));
#8886=CARTESIAN_POINT('Ctrl Pts',(-23.5589387594999,187.62341580796,25.3988612281355));
#8887=CARTESIAN_POINT('Ctrl Pts',(-23.669648682955,187.766560460699,25.2758229980297));
#8888=CARTESIAN_POINT('Ctrl Pts',(-23.9254146124234,188.068035872445,25.1123426282476));
#8889=CARTESIAN_POINT('Ctrl Pts',(-24.0708183883278,188.226089725582,25.071934236162));
#8890=CARTESIAN_POINT('Ctrl Pts',(-24.3558677280352,188.51113906529,25.071934236162));
#8891=CARTESIAN_POINT('Ctrl Pts',(-24.5139215811728,188.656542841194,25.1123426282476));
#8892=CARTESIAN_POINT('Ctrl Pts',(-24.8153969929184,188.912308770662,25.2758229980297));
#8893=CARTESIAN_POINT('Ctrl Pts',(-24.9585416456577,189.023018694118,25.3988612281355));
#8894=CARTESIAN_POINT('Ctrl Pts',(-25.1895269073161,189.192842275134,25.6822758787502));
#8895=CARTESIAN_POINT('Ctrl Pts',(-25.2929039561475,189.263456124016,25.8617738031257));
#8896=CARTESIAN_POINT('Ctrl Pts',(-25.4317307847604,189.355817143741,26.2557876782695));
#8897=CARTESIAN_POINT('Ctrl Pts',(-25.4667986935076,189.377900459907,26.470359215259));
#8898=CARTESIAN_POINT('Ctrl Pts',(-25.4667986935076,189.377900459907,26.671934236162));
#8899=CARTESIAN_POINT('Origin',(-5.88984710420906,181.552501036537,30.171933774226));
#8900=CARTESIAN_POINT('',(-27.7845931095118,220.475313536537,29.671933774226));
#8901=CARTESIAN_POINT('',(2.88136643849519,165.360313536537,30.671933774226));
#8902=CARTESIAN_POINT('Origin',(-29.5166439170806,219.475313536537,30.171933774226));
#8903=CARTESIAN_POINT('',(-31.2486947246495,220.475313536537,29.671933774226));
#8904=CARTESIAN_POINT('Origin',(-35.6453974464876,211.860001036537,30.171933774226));
#8905=CARTESIAN_POINT('',(-62.7806796764409,165.860313536537,29.671933774226));
#8906=CARTESIAN_POINT('Origin',(-61.048628868872,164.860313536537,30.171933774226));
#8907=CARTESIAN_POINT('',(-61.048628868872,162.860313536537,29.671933774226));
#8908=CARTESIAN_POINT('Origin',(-47.0146872005452,163.360313536537,30.171933774226));
#8909=CARTESIAN_POINT('',(2.01534103471074,162.860313536537,29.671933774226));
#8910=CARTESIAN_POINT('Origin',(2.01534103471074,164.860313536537,30.171933774226));
#8911=CARTESIAN_POINT('Origin',(-29.5166439170806,211.475313536537,18.671933774226));
#8912=CARTESIAN_POINT('',(-31.5166439170806,211.475313536537,-1.32806622577402));
#8913=CARTESIAN_POINT('Origin',(-29.5166439170806,211.475313536537,-1.32806622577402));
#8914=CARTESIAN_POINT('',(-31.5166439170806,211.475313536537,18.671933774226));
#8915=CARTESIAN_POINT('Origin',(-54.5430753694069,170.860313536537,-1.32806622577402));
#8916=CARTESIAN_POINT('',(-56.1204256385965,168.860313536537,-1.32806622577402));
#8917=CARTESIAN_POINT('Origin',(-54.1204256385965,168.860313536537,-1.32806622577402));
#8918=CARTESIAN_POINT('Origin',(-54.1204256385965,168.860313536537,18.671933774226));
#8919=CARTESIAN_POINT('',(-56.1204256385965,168.860313536537,18.671933774226));
#8920=CARTESIAN_POINT('Origin',(-4.49021246475443,170.860313536537,-1.32806622577402));
#8921=CARTESIAN_POINT('',(-6.91286219556476,168.860313536537,-1.32806622577402));
#8922=CARTESIAN_POINT('Origin',(-4.91286219556476,168.860313536537,-1.32806622577402));
#8923=CARTESIAN_POINT('Origin',(-4.91286219556476,168.860313536537,18.671933774226));
#8924=CARTESIAN_POINT('',(-6.91286219556476,168.860313536537,18.671933774226));
#8925=CARTESIAN_POINT('Origin',(-29.5166439170806,183.065313536537,30.671933774226));
#8926=CARTESIAN_POINT('',(-22.0166439170806,183.065313536537,30.671933774226));
#8927=CARTESIAN_POINT('Origin',(-29.5166439170807,160.565313536537,-1.32806622577402));
#8928=UNCERTAINTY_MEASURE_WITH_UNIT(LENGTH_MEASURE(0.01),#8932,
'DISTANCE_ACCURACY_VALUE',
'Maximum model space distance between geometric entities at asserted c
onnectivities');
#8929=UNCERTAINTY_MEASURE_WITH_UNIT(LENGTH_MEASURE(0.01),#8932,
'DISTANCE_ACCURACY_VALUE',
'Maximum model space distance between geometric entities at asserted c
onnectivities');
#8930=(
GEOMETRIC_REPRESENTATION_CONTEXT(3)
GLOBAL_UNCERTAINTY_ASSIGNED_CONTEXT((#8928))
GLOBAL_UNIT_ASSIGNED_CONTEXT((#8932,#8934,#8935))
REPRESENTATION_CONTEXT('','3D')
);
#8931=(
GEOMETRIC_REPRESENTATION_CONTEXT(3)
GLOBAL_UNCERTAINTY_ASSIGNED_CONTEXT((#8929))
GLOBAL_UNIT_ASSIGNED_CONTEXT((#8932,#8934,#8935))
REPRESENTATION_CONTEXT('','3D')
);
#8932=(
LENGTH_UNIT()
NAMED_UNIT(*)
SI_UNIT(.MILLI.,.METRE.)
);
#8933=(
LENGTH_UNIT()
NAMED_UNIT(*)
SI_UNIT($,.METRE.)
);
#8934=(
NAMED_UNIT(*)
PLANE_ANGLE_UNIT()
SI_UNIT($,.RADIAN.)
);
#8935=(
NAMED_UNIT(*)
SI_UNIT($,.STERADIAN.)
SOLID_ANGLE_UNIT()
);
#8936=SHAPE_DEFINITION_REPRESENTATION(#8937,#8938);
#8937=PRODUCT_DEFINITION_SHAPE('',$,#8940);
#8938=SHAPE_REPRESENTATION('',(#4730),#8930);
#8939=PRODUCT_DEFINITION_CONTEXT('part definition',#8944,'design');
#8940=PRODUCT_DEFINITION('2026-06-20-16-33-42-507','FusionComponent',#8941,
#8939);
#8941=PRODUCT_DEFINITION_FORMATION('',$,#8946);
#8942=PRODUCT_RELATED_PRODUCT_CATEGORY('FusionComponent',
'FusionComponent',(#8946));
#8943=APPLICATION_PROTOCOL_DEFINITION('international standard',
'automotive_design',2009,#8944);
#8944=APPLICATION_CONTEXT(
'Core Data for Automotive Mechanical Design Process');
#8945=PRODUCT_CONTEXT('part definition',#8944,'mechanical');
#8946=PRODUCT('2026-06-20-16-33-42-507','FusionComponent',$,(#8945));
#8947=PRESENTATION_STYLE_ASSIGNMENT((#8948));
#8948=SURFACE_STYLE_USAGE(.BOTH.,#8949);
#8949=SURFACE_SIDE_STYLE('',(#8950));
#8950=SURFACE_STYLE_FILL_AREA(#8951);
#8951=FILL_AREA_STYLE('Steel - Satin',(#8952));
#8952=FILL_AREA_STYLE_COLOUR('Steel - Satin',#8953);
#8953=COLOUR_RGB('Steel - Satin',0.627450980392157,0.627450980392157,0.627450980392157);
ENDSEC;
END-ISO-10303-21;
