ISO-10303-21;
HEADER;
/* Generated by software containing ST-Developer
 * from STEP Tools, Inc. (www.steptools.com) 
 */

FILE_DESCRIPTION(
/* description */ (''),
/* implementation_level */ '2;1');

FILE_NAME(
/* name */ 'Servo Hub Cap x1.step',
/* time_stamp */ '2026-06-20T16:32:55-05:00',
/* author */ (''),
/* organization */ (''),
/* preprocessor_version */ 'ST-DEVELOPER v20.1',
/* originating_system */ 'Autodesk Translation Framework v15.8.0.0',
/* authorisation */ '');

FILE_SCHEMA (('AUTOMOTIVE_DESIGN { 1 0 10303 214 3 1 1 }'));
ENDSEC;

DATA;
#10=MECHANICAL_DESIGN_GEOMETRIC_PRESENTATION_REPRESENTATION('',(#13),#5090);
#11=SHAPE_REPRESENTATION_RELATIONSHIP('SRR','None',#5097,#12);
#12=ADVANCED_BREP_SHAPE_REPRESENTATION('',(#14),#5089);
#13=STYLED_ITEM('',(#5106),#14);
#14=MANIFOLD_SOLID_BREP('Body1',#2159);
#15=CONICAL_SURFACE('',#2387,5.50000000000001,0.785398163397455);
#16=CONICAL_SURFACE('',#2389,14.5000002235174,0.785398163397455);
#17=CONICAL_SURFACE('',#2391,5.50000000000001,0.785398163397455);
#18=CONICAL_SURFACE('',#2393,5.50000000000001,0.785398163397455);
#19=CONICAL_SURFACE('',#2396,14.5000002235174,0.785398163397451);
#20=CONICAL_SURFACE('',#2399,5.5,0.785398163397444);
#21=CONICAL_SURFACE('',#2402,5.5,0.785398163397443);
#22=CONICAL_SURFACE('',#2404,14.5000002235174,0.785398163397451);
#23=CONICAL_SURFACE('',#2406,5.5,0.785398163397454);
#24=FACE_BOUND('',#257,.T.);
#25=FACE_BOUND('',#283,.T.);
#26=FACE_BOUND('',#300,.T.);
#27=FACE_BOUND('',#333,.T.);
#28=FACE_BOUND('',#362,.T.);
#29=TOROIDAL_SURFACE('',#2205,6.,1.);
#30=TOROIDAL_SURFACE('',#2219,6.,1.);
#31=TOROIDAL_SURFACE('',#2238,6.,1.);
#32=TOROIDAL_SURFACE('',#2249,6.,1.);
#33=TOROIDAL_SURFACE('',#2272,6.,1.);
#34=TOROIDAL_SURFACE('',#2283,6.,1.);
#35=TOROIDAL_SURFACE('',#2295,4.,2.);
#36=TOROIDAL_SURFACE('',#2300,7.,2.);
#37=TOROIDAL_SURFACE('',#2304,13.0000002235174,2.);
#38=TOROIDAL_SURFACE('',#2308,7.,2.);
#39=TOROIDAL_SURFACE('',#2314,4.,2.);
#40=TOROIDAL_SURFACE('',#2326,4.,2.);
#41=TOROIDAL_SURFACE('',#2331,7.,2.);
#42=TOROIDAL_SURFACE('',#2335,13.0000002235174,2.);
#43=TOROIDAL_SURFACE('',#2339,7.,2.);
#44=TOROIDAL_SURFACE('',#2345,4.,2.);
#45=TOROIDAL_SURFACE('',#2361,4.,2.);
#46=TOROIDAL_SURFACE('',#2365,7.,2.);
#47=TOROIDAL_SURFACE('',#2368,13.0000002235174,2.);
#48=TOROIDAL_SURFACE('',#2371,7.,2.);
#49=TOROIDAL_SURFACE('',#2376,4.,2.);
#50=ELLIPSE('',#2202,1.4142135623731,1.);
#51=ELLIPSE('',#2204,1.41421356237307,1.);
#52=ELLIPSE('',#2210,1.41421356237307,1.);
#53=ELLIPSE('',#2218,1.41421356237307,1.);
#54=ELLIPSE('',#2235,1.41421356237309,1.);
#55=ELLIPSE('',#2237,1.41421356237307,1.);
#56=ELLIPSE('',#2244,1.41421356237309,1.);
#57=ELLIPSE('',#2247,1.41421356237309,1.);
#58=ELLIPSE('',#2269,1.4142135623731,1.);
#59=ELLIPSE('',#2271,1.4142135623731,1.);
#60=ELLIPSE('',#2280,1.41421356237309,1.);
#61=ELLIPSE('',#2282,1.4142135623731,1.);
#62=PLANE('',#2192);
#63=PLANE('',#2193);
#64=PLANE('',#2198);
#65=PLANE('',#2209);
#66=PLANE('',#2211);
#67=PLANE('',#2212);
#68=PLANE('',#2213);
#69=PLANE('',#2222);
#70=PLANE('',#2223);
#71=PLANE('',#2225);
#72=PLANE('',#2226);
#73=PLANE('',#2231);
#74=PLANE('',#2241);
#75=PLANE('',#2242);
#76=PLANE('',#2243);
#77=PLANE('',#2245);
#78=PLANE('',#2253);
#79=PLANE('',#2256);
#80=PLANE('',#2258);
#81=PLANE('',#2259);
#82=PLANE('',#2260);
#83=PLANE('',#2265);
#84=PLANE('',#2275);
#85=PLANE('',#2276);
#86=PLANE('',#2287);
#87=PLANE('',#2289);
#88=PLANE('',#2290);
#89=PLANE('',#2291);
#90=PLANE('',#2292);
#91=PLANE('',#2349);
#92=PLANE('',#2351);
#93=PLANE('',#2358);
#94=PLANE('',#2386);
#95=PLANE('',#2411);
#96=PLANE('',#2414);
#97=B_SPLINE_SURFACE_WITH_KNOTS('',3,3,((#3174,#3175,#3176,#3177,#3178,
#3179,#3180,#3181,#3182),(#3183,#3184,#3185,#3186,#3187,#3188,#3189,#3190,
#3191),(#3192,#3193,#3194,#3195,#3196,#3197,#3198,#3199,#3200),(#3201,#3202,
#3203,#3204,#3205,#3206,#3207,#3208,#3209)),.UNSPECIFIED.,.F.,.F.,.F.,(4,
4),(4,1,1,1,1,1,4),(0.,1.),(0.,0.0714285714285714,0.142857142857143,0.428571428571429,
0.571428571428571,0.857142857142857,1.),.UNSPECIFIED.);
#98=B_SPLINE_SURFACE_WITH_KNOTS('',3,3,((#3347,#3348,#3349,#3350,#3351,
#3352,#3353,#3354,#3355,#3356),(#3357,#3358,#3359,#3360,#3361,#3362,#3363,
#3364,#3365,#3366),(#3367,#3368,#3369,#3370,#3371,#3372,#3373,#3374,#3375,
#3376),(#3377,#3378,#3379,#3380,#3381,#3382,#3383,#3384,#3385,#3386)),
 .UNSPECIFIED.,.F.,.F.,.F.,(4,4),(4,1,1,1,1,1,1,4),(0.,1.),(0.,0.0714285714285714,
0.142857142857143,0.428571428571429,0.571428571428571,0.857142857142857,
0.928571428571429,1.),.UNSPECIFIED.);
#99=B_SPLINE_SURFACE_WITH_KNOTS('',3,3,((#3524,#3525,#3526,#3527,#3528,
#3529,#3530,#3531),(#3532,#3533,#3534,#3535,#3536,#3537,#3538,#3539),(#3540,
#3541,#3542,#3543,#3544,#3545,#3546,#3547),(#3548,#3549,#3550,#3551,#3552,
#3553,#3554,#3555)),.UNSPECIFIED.,.F.,.F.,.F.,(4,4),(4,1,1,1,1,4),(0.,1.),
(1.03447694415863,1.63651000399611,2.23854306383359,2.84057612367108,2.91583025615076,
3.14159265358982),.UNSPECIFIED.);
#100=B_SPLINE_SURFACE_WITH_KNOTS('',3,3,((#3581,#3582,#3583,#3584,#3585,
#3586,#3587,#3588,#3589,#3590,#3591),(#3592,#3593,#3594,#3595,#3596,#3597,
#3598,#3599,#3600,#3601,#3602),(#3603,#3604,#3605,#3606,#3607,#3608,#3609,
#3610,#3611,#3612,#3613),(#3614,#3615,#3616,#3617,#3618,#3619,#3620,#3621,
#3622,#3623,#3624)),.UNSPECIFIED.,.F.,.F.,.F.,(4,4),(4,1,1,1,1,1,1,1,4),
(0.,1.),(-3.1448164987738,-2.99407795915843,-2.84333941954306,-2.54186234031232,
-2.24038526108159,-1.93890818185085,-1.48669256300474,-1.33595402338938,
-1.03447694415864),.UNSPECIFIED.);
#101=B_SPLINE_SURFACE_WITH_KNOTS('',3,3,((#3738,#3739,#3740,#3741,#3742,
#3743,#3744,#3745,#3746),(#3747,#3748,#3749,#3750,#3751,#3752,#3753,#3754,
#3755),(#3756,#3757,#3758,#3759,#3760,#3761,#3762,#3763,#3764),(#3765,#3766,
#3767,#3768,#3769,#3770,#3771,#3772,#3773)),.UNSPECIFIED.,.F.,.F.,.F.,(4,
4),(4,1,1,1,1,1,4),(0.,1.),(0.,0.142857142857143,0.214285714285714,0.428571428571429,
0.571428571428571,0.857142857142857,1.),.UNSPECIFIED.);
#102=B_SPLINE_SURFACE_WITH_KNOTS('',3,3,((#3911,#3912,#3913,#3914,#3915,
#3916,#3917,#3918,#3919,#3920),(#3921,#3922,#3923,#3924,#3925,#3926,#3927,
#3928,#3929,#3930),(#3931,#3932,#3933,#3934,#3935,#3936,#3937,#3938,#3939,
#3940),(#3941,#3942,#3943,#3944,#3945,#3946,#3947,#3948,#3949,#3950)),
 .UNSPECIFIED.,.F.,.F.,.F.,(4,4),(4,1,1,1,1,1,1,4),(0.,1.),(0.,0.0714285714285714,
0.142857142857143,0.428571428571429,0.571428571428571,0.857142857142857,
0.928571428571429,1.),.UNSPECIFIED.);
#103=B_SPLINE_SURFACE_WITH_KNOTS('',3,3,((#4088,#4089,#4090,#4091,#4092,
#4093,#4094,#4095,#4096),(#4097,#4098,#4099,#4100,#4101,#4102,#4103,#4104,
#4105),(#4106,#4107,#4108,#4109,#4110,#4111,#4112,#4113,#4114),(#4115,#4116,
#4117,#4118,#4119,#4120,#4121,#4122,#4123)),.UNSPECIFIED.,.F.,.F.,.F.,(4,
4),(4,1,1,1,1,1,4),(0.,1.),(1.03447694415861,1.63651000399607,2.23854306383354,
2.53955959375228,2.84057612367101,2.91583025615069,3.14159265358974),
 .UNSPECIFIED.);
#104=B_SPLINE_SURFACE_WITH_KNOTS('',3,3,((#4151,#4152,#4153,#4154,#4155,
#4156,#4157,#4158,#4159,#4160,#4161),(#4162,#4163,#4164,#4165,#4166,#4167,
#4168,#4169,#4170,#4171,#4172),(#4173,#4174,#4175,#4176,#4177,#4178,#4179,
#4180,#4181,#4182,#4183),(#4184,#4185,#4186,#4187,#4188,#4189,#4190,#4191,
#4192,#4193,#4194)),.UNSPECIFIED.,.F.,.F.,.F.,(4,4),(4,1,1,1,1,1,1,1,4),
(0.,1.),(-3.14481650163362,-2.99407796181398,-2.84333942199435,-2.54186234235507,
-2.2403852627158,-1.93890818307652,-1.48669256361761,-1.33595402379797,
-1.0344769441587),.UNSPECIFIED.);
#105=B_SPLINE_SURFACE_WITH_KNOTS('',3,3,((#4312,#4313,#4314,#4315,#4316,
#4317,#4318,#4319,#4320),(#4321,#4322,#4323,#4324,#4325,#4326,#4327,#4328,
#4329),(#4330,#4331,#4332,#4333,#4334,#4335,#4336,#4337,#4338),(#4339,#4340,
#4341,#4342,#4343,#4344,#4345,#4346,#4347)),.UNSPECIFIED.,.F.,.F.,.F.,(4,
4),(4,1,1,1,1,1,4),(0.,1.),(0.,0.142857142857143,0.214285714285714,0.428571428571429,
0.571428571428571,0.857142857142857,1.),.UNSPECIFIED.);
#106=B_SPLINE_SURFACE_WITH_KNOTS('',3,3,((#4485,#4486,#4487,#4488,#4489,
#4490,#4491,#4492,#4493,#4494),(#4495,#4496,#4497,#4498,#4499,#4500,#4501,
#4502,#4503,#4504),(#4505,#4506,#4507,#4508,#4509,#4510,#4511,#4512,#4513,
#4514),(#4515,#4516,#4517,#4518,#4519,#4520,#4521,#4522,#4523,#4524)),
 .UNSPECIFIED.,.F.,.F.,.F.,(4,4),(4,1,1,1,1,1,1,4),(0.,1.),(0.,0.0714285714285714,
0.142857142857143,0.428571428571429,0.571428571428571,0.857142857142857,
0.928571428571429,1.),.UNSPECIFIED.);
#107=B_SPLINE_SURFACE_WITH_KNOTS('',3,3,((#4662,#4663,#4664,#4665,#4666,
#4667,#4668,#4669,#4670,#4671,#4672),(#4673,#4674,#4675,#4676,#4677,#4678,
#4679,#4680,#4681,#4682,#4683),(#4684,#4685,#4686,#4687,#4688,#4689,#4690,
#4691,#4692,#4693,#4694),(#4695,#4696,#4697,#4698,#4699,#4700,#4701,#4702,
#4703,#4704,#4705)),.UNSPECIFIED.,.F.,.F.,.F.,(4,4),(4,1,1,1,1,1,1,1,4),
(0.,1.),(1.03447694415862,1.33549347407736,1.48600173903673,1.93752653391484,
2.23854306383358,2.53955959375232,2.84057612367106,2.99108438863042,3.14159265358979),
 .UNSPECIFIED.);
#108=B_SPLINE_SURFACE_WITH_KNOTS('',3,3,((#4737,#4738,#4739,#4740,#4741,
#4742,#4743,#4744,#4745),(#4746,#4747,#4748,#4749,#4750,#4751,#4752,#4753,
#4754),(#4755,#4756,#4757,#4758,#4759,#4760,#4761,#4762,#4763),(#4764,#4765,
#4766,#4767,#4768,#4769,#4770,#4771,#4772)),.UNSPECIFIED.,.F.,.F.,.F.,(4,
4),(4,1,1,1,1,1,4),(0.,1.),(-3.14481649985356,-2.91870869031482,-2.84333942046857,
-2.54186234108359,-2.2403852616986,-1.63743110292863,-1.03447694415865),
 .UNSPECIFIED.);
#109=FACE_OUTER_BOUND('',#235,.T.);
#110=FACE_OUTER_BOUND('',#236,.T.);
#111=FACE_OUTER_BOUND('',#237,.T.);
#112=FACE_OUTER_BOUND('',#238,.T.);
#113=FACE_OUTER_BOUND('',#239,.T.);
#114=FACE_OUTER_BOUND('',#240,.T.);
#115=FACE_OUTER_BOUND('',#241,.T.);
#116=FACE_OUTER_BOUND('',#242,.T.);
#117=FACE_OUTER_BOUND('',#243,.T.);
#118=FACE_OUTER_BOUND('',#244,.T.);
#119=FACE_OUTER_BOUND('',#245,.T.);
#120=FACE_OUTER_BOUND('',#246,.T.);
#121=FACE_OUTER_BOUND('',#247,.T.);
#122=FACE_OUTER_BOUND('',#248,.T.);
#123=FACE_OUTER_BOUND('',#249,.T.);
#124=FACE_OUTER_BOUND('',#250,.T.);
#125=FACE_OUTER_BOUND('',#251,.T.);
#126=FACE_OUTER_BOUND('',#252,.T.);
#127=FACE_OUTER_BOUND('',#253,.T.);
#128=FACE_OUTER_BOUND('',#254,.T.);
#129=FACE_OUTER_BOUND('',#255,.T.);
#130=FACE_OUTER_BOUND('',#256,.T.);
#131=FACE_OUTER_BOUND('',#258,.T.);
#132=FACE_OUTER_BOUND('',#259,.T.);
#133=FACE_OUTER_BOUND('',#260,.T.);
#134=FACE_OUTER_BOUND('',#261,.T.);
#135=FACE_OUTER_BOUND('',#262,.T.);
#136=FACE_OUTER_BOUND('',#263,.T.);
#137=FACE_OUTER_BOUND('',#264,.T.);
#138=FACE_OUTER_BOUND('',#265,.T.);
#139=FACE_OUTER_BOUND('',#266,.T.);
#140=FACE_OUTER_BOUND('',#267,.T.);
#141=FACE_OUTER_BOUND('',#268,.T.);
#142=FACE_OUTER_BOUND('',#269,.T.);
#143=FACE_OUTER_BOUND('',#270,.T.);
#144=FACE_OUTER_BOUND('',#271,.T.);
#145=FACE_OUTER_BOUND('',#272,.T.);
#146=FACE_OUTER_BOUND('',#273,.T.);
#147=FACE_OUTER_BOUND('',#274,.T.);
#148=FACE_OUTER_BOUND('',#275,.T.);
#149=FACE_OUTER_BOUND('',#276,.T.);
#150=FACE_OUTER_BOUND('',#277,.T.);
#151=FACE_OUTER_BOUND('',#278,.T.);
#152=FACE_OUTER_BOUND('',#279,.T.);
#153=FACE_OUTER_BOUND('',#280,.T.);
#154=FACE_OUTER_BOUND('',#281,.T.);
#155=FACE_OUTER_BOUND('',#282,.T.);
#156=FACE_OUTER_BOUND('',#284,.T.);
#157=FACE_OUTER_BOUND('',#285,.T.);
#158=FACE_OUTER_BOUND('',#286,.T.);
#159=FACE_OUTER_BOUND('',#287,.T.);
#160=FACE_OUTER_BOUND('',#288,.T.);
#161=FACE_OUTER_BOUND('',#289,.T.);
#162=FACE_OUTER_BOUND('',#290,.T.);
#163=FACE_OUTER_BOUND('',#291,.T.);
#164=FACE_OUTER_BOUND('',#292,.T.);
#165=FACE_OUTER_BOUND('',#293,.T.);
#166=FACE_OUTER_BOUND('',#294,.T.);
#167=FACE_OUTER_BOUND('',#295,.T.);
#168=FACE_OUTER_BOUND('',#296,.T.);
#169=FACE_OUTER_BOUND('',#297,.T.);
#170=FACE_OUTER_BOUND('',#298,.T.);
#171=FACE_OUTER_BOUND('',#299,.T.);
#172=FACE_OUTER_BOUND('',#301,.T.);
#173=FACE_OUTER_BOUND('',#302,.T.);
#174=FACE_OUTER_BOUND('',#303,.T.);
#175=FACE_OUTER_BOUND('',#304,.T.);
#176=FACE_OUTER_BOUND('',#305,.T.);
#177=FACE_OUTER_BOUND('',#306,.T.);
#178=FACE_OUTER_BOUND('',#307,.T.);
#179=FACE_OUTER_BOUND('',#308,.T.);
#180=FACE_OUTER_BOUND('',#309,.T.);
#181=FACE_OUTER_BOUND('',#310,.T.);
#182=FACE_OUTER_BOUND('',#311,.T.);
#183=FACE_OUTER_BOUND('',#312,.T.);
#184=FACE_OUTER_BOUND('',#313,.T.);
#185=FACE_OUTER_BOUND('',#314,.T.);
#186=FACE_OUTER_BOUND('',#315,.T.);
#187=FACE_OUTER_BOUND('',#316,.T.);
#188=FACE_OUTER_BOUND('',#317,.T.);
#189=FACE_OUTER_BOUND('',#318,.T.);
#190=FACE_OUTER_BOUND('',#319,.T.);
#191=FACE_OUTER_BOUND('',#320,.T.);
#192=FACE_OUTER_BOUND('',#321,.T.);
#193=FACE_OUTER_BOUND('',#322,.T.);
#194=FACE_OUTER_BOUND('',#323,.T.);
#195=FACE_OUTER_BOUND('',#324,.T.);
#196=FACE_OUTER_BOUND('',#325,.T.);
#197=FACE_OUTER_BOUND('',#326,.T.);
#198=FACE_OUTER_BOUND('',#327,.T.);
#199=FACE_OUTER_BOUND('',#328,.T.);
#200=FACE_OUTER_BOUND('',#329,.T.);
#201=FACE_OUTER_BOUND('',#330,.T.);
#202=FACE_OUTER_BOUND('',#331,.T.);
#203=FACE_OUTER_BOUND('',#332,.T.);
#204=FACE_OUTER_BOUND('',#334,.T.);
#205=FACE_OUTER_BOUND('',#335,.T.);
#206=FACE_OUTER_BOUND('',#336,.T.);
#207=FACE_OUTER_BOUND('',#337,.T.);
#208=FACE_OUTER_BOUND('',#338,.T.);
#209=FACE_OUTER_BOUND('',#339,.T.);
#210=FACE_OUTER_BOUND('',#340,.T.);
#211=FACE_OUTER_BOUND('',#341,.T.);
#212=FACE_OUTER_BOUND('',#342,.T.);
#213=FACE_OUTER_BOUND('',#343,.T.);
#214=FACE_OUTER_BOUND('',#344,.T.);
#215=FACE_OUTER_BOUND('',#345,.T.);
#216=FACE_OUTER_BOUND('',#346,.T.);
#217=FACE_OUTER_BOUND('',#347,.T.);
#218=FACE_OUTER_BOUND('',#348,.T.);
#219=FACE_OUTER_BOUND('',#349,.T.);
#220=FACE_OUTER_BOUND('',#350,.T.);
#221=FACE_OUTER_BOUND('',#351,.T.);
#222=FACE_OUTER_BOUND('',#352,.T.);
#223=FACE_OUTER_BOUND('',#353,.T.);
#224=FACE_OUTER_BOUND('',#354,.T.);
#225=FACE_OUTER_BOUND('',#355,.T.);
#226=FACE_OUTER_BOUND('',#356,.T.);
#227=FACE_OUTER_BOUND('',#357,.T.);
#228=FACE_OUTER_BOUND('',#358,.T.);
#229=FACE_OUTER_BOUND('',#359,.T.);
#230=FACE_OUTER_BOUND('',#360,.T.);
#231=FACE_OUTER_BOUND('',#361,.T.);
#232=FACE_OUTER_BOUND('',#363,.T.);
#233=FACE_OUTER_BOUND('',#364,.T.);
#234=FACE_OUTER_BOUND('',#365,.T.);
#235=EDGE_LOOP('',(#1344,#1345,#1346,#1347,#1348,#1349));
#236=EDGE_LOOP('',(#1350,#1351,#1352,#1353,#1354,#1355));
#237=EDGE_LOOP('',(#1356,#1357,#1358,#1359,#1360));
#238=EDGE_LOOP('',(#1361,#1362,#1363,#1364,#1365,#1366));
#239=EDGE_LOOP('',(#1367,#1368,#1369,#1370,#1371,#1372,#1373));
#240=EDGE_LOOP('',(#1374,#1375,#1376,#1377,#1378,#1379));
#241=EDGE_LOOP('',(#1380,#1381,#1382,#1383));
#242=EDGE_LOOP('',(#1384,#1385,#1386,#1387));
#243=EDGE_LOOP('',(#1388,#1389,#1390,#1391));
#244=EDGE_LOOP('',(#1392,#1393,#1394,#1395));
#245=EDGE_LOOP('',(#1396,#1397,#1398,#1399));
#246=EDGE_LOOP('',(#1400,#1401,#1402,#1403,#1404,#1405,#1406,#1407,#1408,
#1409,#1410));
#247=EDGE_LOOP('',(#1411,#1412,#1413,#1414,#1415));
#248=EDGE_LOOP('',(#1416,#1417,#1418,#1419));
#249=EDGE_LOOP('',(#1420,#1421,#1422,#1423,#1424));
#250=EDGE_LOOP('',(#1425,#1426,#1427,#1428,#1429));
#251=EDGE_LOOP('',(#1430,#1431,#1432,#1433));
#252=EDGE_LOOP('',(#1434,#1435,#1436,#1437,#1438));
#253=EDGE_LOOP('',(#1439,#1440,#1441,#1442,#1443,#1444));
#254=EDGE_LOOP('',(#1445,#1446,#1447,#1448));
#255=EDGE_LOOP('',(#1449,#1450,#1451,#1452,#1453,#1454,#1455));
#256=EDGE_LOOP('',(#1456,#1457,#1458,#1459,#1460,#1461,#1462,#1463));
#257=EDGE_LOOP('',(#1464));
#258=EDGE_LOOP('',(#1465,#1466,#1467,#1468,#1469));
#259=EDGE_LOOP('',(#1470,#1471,#1472,#1473));
#260=EDGE_LOOP('',(#1474,#1475,#1476,#1477,#1478));
#261=EDGE_LOOP('',(#1479,#1480,#1481,#1482,#1483));
#262=EDGE_LOOP('',(#1484,#1485,#1486,#1487,#1488,#1489,#1490,#1491,#1492,
#1493,#1494));
#263=EDGE_LOOP('',(#1495,#1496,#1497,#1498));
#264=EDGE_LOOP('',(#1499,#1500,#1501,#1502));
#265=EDGE_LOOP('',(#1503,#1504,#1505,#1506));
#266=EDGE_LOOP('',(#1507,#1508,#1509,#1510));
#267=EDGE_LOOP('',(#1511,#1512,#1513,#1514));
#268=EDGE_LOOP('',(#1515,#1516,#1517,#1518,#1519,#1520,#1521,#1522,#1523,
#1524,#1525));
#269=EDGE_LOOP('',(#1526,#1527,#1528,#1529,#1530));
#270=EDGE_LOOP('',(#1531,#1532,#1533,#1534));
#271=EDGE_LOOP('',(#1535,#1536,#1537,#1538,#1539));
#272=EDGE_LOOP('',(#1540,#1541,#1542,#1543,#1544));
#273=EDGE_LOOP('',(#1545,#1546,#1547,#1548));
#274=EDGE_LOOP('',(#1549,#1550,#1551,#1552,#1553));
#275=EDGE_LOOP('',(#1554,#1555,#1556,#1557,#1558,#1559));
#276=EDGE_LOOP('',(#1560,#1561,#1562,#1563));
#277=EDGE_LOOP('',(#1564,#1565,#1566,#1567,#1568,#1569));
#278=EDGE_LOOP('',(#1570,#1571,#1572,#1573,#1574));
#279=EDGE_LOOP('',(#1575,#1576,#1577,#1578,#1579));
#280=EDGE_LOOP('',(#1580,#1581,#1582,#1583));
#281=EDGE_LOOP('',(#1584,#1585,#1586,#1587,#1588));
#282=EDGE_LOOP('',(#1589,#1590,#1591,#1592,#1593,#1594,#1595,#1596));
#283=EDGE_LOOP('',(#1597));
#284=EDGE_LOOP('',(#1598,#1599,#1600,#1601,#1602,#1603,#1604,#1605,#1606,
#1607,#1608));
#285=EDGE_LOOP('',(#1609,#1610,#1611,#1612,#1613));
#286=EDGE_LOOP('',(#1614,#1615,#1616,#1617));
#287=EDGE_LOOP('',(#1618,#1619,#1620,#1621));
#288=EDGE_LOOP('',(#1622,#1623,#1624,#1625));
#289=EDGE_LOOP('',(#1626,#1627,#1628,#1629));
#290=EDGE_LOOP('',(#1630,#1631,#1632,#1633));
#291=EDGE_LOOP('',(#1634,#1635,#1636,#1637,#1638,#1639,#1640,#1641,#1642,
#1643,#1644));
#292=EDGE_LOOP('',(#1645,#1646,#1647,#1648,#1649));
#293=EDGE_LOOP('',(#1650,#1651,#1652,#1653));
#294=EDGE_LOOP('',(#1654,#1655,#1656,#1657,#1658));
#295=EDGE_LOOP('',(#1659,#1660,#1661,#1662,#1663));
#296=EDGE_LOOP('',(#1664,#1665,#1666,#1667));
#297=EDGE_LOOP('',(#1668,#1669,#1670,#1671,#1672));
#298=EDGE_LOOP('',(#1673,#1674,#1675,#1676,#1677));
#299=EDGE_LOOP('',(#1678,#1679,#1680,#1681,#1682,#1683,#1684,#1685));
#300=EDGE_LOOP('',(#1686));
#301=EDGE_LOOP('',(#1687,#1688,#1689,#1690,#1691));
#302=EDGE_LOOP('',(#1692,#1693,#1694,#1695));
#303=EDGE_LOOP('',(#1696,#1697,#1698,#1699,#1700));
#304=EDGE_LOOP('',(#1701,#1702,#1703,#1704,#1705,#1706,#1707,#1708,#1709,
#1710,#1711));
#305=EDGE_LOOP('',(#1712,#1713,#1714,#1715,#1716));
#306=EDGE_LOOP('',(#1717,#1718,#1719,#1720,#1721,#1722));
#307=EDGE_LOOP('',(#1723,#1724,#1725,#1726,#1727,#1728));
#308=EDGE_LOOP('',(#1729,#1730,#1731,#1732));
#309=EDGE_LOOP('',(#1733,#1734,#1735,#1736));
#310=EDGE_LOOP('',(#1737,#1738,#1739,#1740));
#311=EDGE_LOOP('',(#1741,#1742,#1743,#1744));
#312=EDGE_LOOP('',(#1745,#1746,#1747,#1748));
#313=EDGE_LOOP('',(#1749,#1750,#1751,#1752));
#314=EDGE_LOOP('',(#1753,#1754,#1755,#1756));
#315=EDGE_LOOP('',(#1757,#1758,#1759,#1760));
#316=EDGE_LOOP('',(#1761,#1762,#1763,#1764));
#317=EDGE_LOOP('',(#1765,#1766,#1767,#1768));
#318=EDGE_LOOP('',(#1769,#1770,#1771,#1772));
#319=EDGE_LOOP('',(#1773,#1774,#1775,#1776));
#320=EDGE_LOOP('',(#1777,#1778,#1779,#1780));
#321=EDGE_LOOP('',(#1781,#1782,#1783,#1784));
#322=EDGE_LOOP('',(#1785,#1786,#1787,#1788));
#323=EDGE_LOOP('',(#1789,#1790,#1791,#1792));
#324=EDGE_LOOP('',(#1793,#1794,#1795,#1796));
#325=EDGE_LOOP('',(#1797,#1798,#1799,#1800));
#326=EDGE_LOOP('',(#1801,#1802,#1803,#1804));
#327=EDGE_LOOP('',(#1805,#1806,#1807,#1808));
#328=EDGE_LOOP('',(#1809,#1810,#1811,#1812));
#329=EDGE_LOOP('',(#1813,#1814,#1815,#1816));
#330=EDGE_LOOP('',(#1817,#1818,#1819,#1820));
#331=EDGE_LOOP('',(#1821,#1822,#1823,#1824));
#332=EDGE_LOOP('',(#1825,#1826,#1827,#1828,#1829,#1830,#1831,#1832,#1833,
#1834,#1835,#1836,#1837,#1838,#1839,#1840,#1841,#1842));
#333=EDGE_LOOP('',(#1843));
#334=EDGE_LOOP('',(#1844,#1845,#1846,#1847));
#335=EDGE_LOOP('',(#1848,#1849,#1850,#1851));
#336=EDGE_LOOP('',(#1852,#1853,#1854,#1855));
#337=EDGE_LOOP('',(#1856,#1857,#1858,#1859));
#338=EDGE_LOOP('',(#1860,#1861,#1862,#1863));
#339=EDGE_LOOP('',(#1864,#1865,#1866,#1867));
#340=EDGE_LOOP('',(#1868,#1869,#1870,#1871));
#341=EDGE_LOOP('',(#1872,#1873,#1874,#1875));
#342=EDGE_LOOP('',(#1876,#1877,#1878,#1879));
#343=EDGE_LOOP('',(#1880,#1881,#1882,#1883));
#344=EDGE_LOOP('',(#1884,#1885,#1886,#1887));
#345=EDGE_LOOP('',(#1888,#1889,#1890,#1891));
#346=EDGE_LOOP('',(#1892,#1893,#1894,#1895));
#347=EDGE_LOOP('',(#1896,#1897,#1898,#1899));
#348=EDGE_LOOP('',(#1900,#1901,#1902,#1903,#1904));
#349=EDGE_LOOP('',(#1905,#1906,#1907,#1908));
#350=EDGE_LOOP('',(#1909,#1910,#1911,#1912));
#351=EDGE_LOOP('',(#1913,#1914,#1915,#1916));
#352=EDGE_LOOP('',(#1917,#1918,#1919,#1920));
#353=EDGE_LOOP('',(#1921,#1922,#1923,#1924));
#354=EDGE_LOOP('',(#1925,#1926,#1927,#1928));
#355=EDGE_LOOP('',(#1929,#1930,#1931,#1932));
#356=EDGE_LOOP('',(#1933,#1934,#1935,#1936));
#357=EDGE_LOOP('',(#1937,#1938,#1939,#1940));
#358=EDGE_LOOP('',(#1941,#1942,#1943,#1944));
#359=EDGE_LOOP('',(#1945,#1946,#1947,#1948));
#360=EDGE_LOOP('',(#1949,#1950,#1951,#1952));
#361=EDGE_LOOP('',(#1953,#1954,#1955,#1956,#1957,#1958,#1959,#1960,#1961,
#1962,#1963,#1964,#1965,#1966,#1967,#1968,#1969,#1970));
#362=EDGE_LOOP('',(#1971));
#363=EDGE_LOOP('',(#1972,#1973,#1974,#1975));
#364=EDGE_LOOP('',(#1976,#1977,#1978,#1979));
#365=EDGE_LOOP('',(#1980,#1981,#1982,#1983));
#366=CIRCLE('',#2174,5.);
#367=CIRCLE('',#2175,5.);
#368=CIRCLE('',#2177,5.);
#369=CIRCLE('',#2178,5.);
#370=CIRCLE('',#2180,1.);
#371=CIRCLE('',#2181,1.);
#372=CIRCLE('',#2183,1.);
#373=CIRCLE('',#2184,1.);
#374=CIRCLE('',#2185,1.);
#375=CIRCLE('',#2187,5.);
#376=CIRCLE('',#2188,5.);
#377=CIRCLE('',#2190,1.);
#378=CIRCLE('',#2191,1.);
#379=CIRCLE('',#2194,4.);
#380=CIRCLE('',#2195,6.);
#381=CIRCLE('',#2197,1.);
#382=CIRCLE('',#2200,1.);
#383=CIRCLE('',#2203,0.999999999999995);
#384=CIRCLE('',#2206,0.999999999999995);
#385=CIRCLE('',#2207,6.);
#386=CIRCLE('',#2214,2.);
#387=CIRCLE('',#2215,2.);
#388=CIRCLE('',#2217,0.999999999999999);
#389=CIRCLE('',#2220,0.999999999999999);
#390=CIRCLE('',#2224,4.);
#391=CIRCLE('',#2227,4.);
#392=CIRCLE('',#2228,6.);
#393=CIRCLE('',#2230,1.);
#394=CIRCLE('',#2233,1.);
#395=CIRCLE('',#2236,0.999999999999998);
#396=CIRCLE('',#2239,0.999999999999999);
#397=CIRCLE('',#2248,0.999999999999997);
#398=CIRCLE('',#2250,0.99999999999999);
#399=CIRCLE('',#2251,6.);
#400=CIRCLE('',#2254,2.);
#401=CIRCLE('',#2255,2.);
#402=CIRCLE('',#2257,4.);
#403=CIRCLE('',#2261,4.);
#404=CIRCLE('',#2262,6.);
#405=CIRCLE('',#2264,1.);
#406=CIRCLE('',#2267,1.);
#407=CIRCLE('',#2270,0.999999999999996);
#408=CIRCLE('',#2273,0.999999999999999);
#409=CIRCLE('',#2277,2.);
#410=CIRCLE('',#2278,2.);
#411=CIRCLE('',#2281,1.);
#412=CIRCLE('',#2284,1.);
#413=CIRCLE('',#2285,6.);
#414=CIRCLE('',#2288,4.);
#415=CIRCLE('',#2294,2.00000000000003);
#416=CIRCLE('',#2296,1.99999999999999);
#417=CIRCLE('',#2297,2.);
#418=CIRCLE('',#2299,2.);
#419=CIRCLE('',#2301,2.);
#420=CIRCLE('',#2302,7.);
#421=CIRCLE('',#2303,5.);
#422=CIRCLE('',#2305,2.00000000000003);
#423=CIRCLE('',#2306,13.0000002235174);
#424=CIRCLE('',#2307,15.0000002235174);
#425=CIRCLE('',#2309,2.);
#426=CIRCLE('',#2310,7.);
#427=CIRCLE('',#2311,5.);
#428=CIRCLE('',#2313,2.);
#429=CIRCLE('',#2315,2.);
#430=CIRCLE('',#2316,2.);
#431=CIRCLE('',#2319,5.);
#432=CIRCLE('',#2321,15.0000002235174);
#433=CIRCLE('',#2323,5.);
#434=CIRCLE('',#2325,2.00000000000001);
#435=CIRCLE('',#2327,2.);
#436=CIRCLE('',#2328,2.);
#437=CIRCLE('',#2330,2.);
#438=CIRCLE('',#2332,2.);
#439=CIRCLE('',#2333,5.);
#440=CIRCLE('',#2334,7.);
#441=CIRCLE('',#2336,2.);
#442=CIRCLE('',#2337,15.0000002235174);
#443=CIRCLE('',#2338,13.0000002235174);
#444=CIRCLE('',#2340,2.);
#445=CIRCLE('',#2341,5.);
#446=CIRCLE('',#2342,7.);
#447=CIRCLE('',#2344,2.);
#448=CIRCLE('',#2346,2.00000000000001);
#449=CIRCLE('',#2347,2.);
#450=CIRCLE('',#2352,7.);
#451=CIRCLE('',#2353,13.0000002235174);
#452=CIRCLE('',#2354,7.);
#453=CIRCLE('',#2355,10.0000001490116);
#454=CIRCLE('',#2357,2.);
#455=CIRCLE('',#2360,1.99999999999999);
#456=CIRCLE('',#2362,2.00000000000003);
#457=CIRCLE('',#2364,1.99999999999999);
#458=CIRCLE('',#2366,1.99999999999998);
#459=CIRCLE('',#2367,5.);
#460=CIRCLE('',#2369,2.00000000000001);
#461=CIRCLE('',#2370,15.0000002235174);
#462=CIRCLE('',#2372,1.99999999999999);
#463=CIRCLE('',#2373,5.);
#464=CIRCLE('',#2375,1.99999999999999);
#465=CIRCLE('',#2377,1.99999999999999);
#466=CIRCLE('',#2378,2.);
#467=CIRCLE('',#2381,5.);
#468=CIRCLE('',#2383,15.0000002235174);
#469=CIRCLE('',#2385,5.);
#470=CIRCLE('',#2388,6.00000000000001);
#471=CIRCLE('',#2390,14.0000002235174);
#472=CIRCLE('',#2392,6.00000000000001);
#473=CIRCLE('',#2394,5.);
#474=CIRCLE('',#2395,6.00000000000001);
#475=CIRCLE('',#2397,14.0000002235174);
#476=CIRCLE('',#2398,15.0000002235174);
#477=CIRCLE('',#2400,5.);
#478=CIRCLE('',#2401,5.99999999999999);
#479=CIRCLE('',#2403,5.99999999999999);
#480=CIRCLE('',#2405,14.0000002235174);
#481=CIRCLE('',#2407,6.00000000000001);
#482=CIRCLE('',#2412,10.0000001490116);
#483=LINE('',#3084,#640);
#484=LINE('',#3088,#641);
#485=LINE('',#3091,#642);
#486=LINE('',#3114,#643);
#487=LINE('',#3118,#644);
#488=LINE('',#3121,#645);
#489=LINE('',#3125,#646);
#490=LINE('',#3132,#647);
#491=LINE('',#3161,#648);
#492=LINE('',#3165,#649);
#493=LINE('',#3168,#650);
#494=LINE('',#3172,#651);
#495=LINE('',#3346,#652);
#496=LINE('',#3523,#653);
#497=LINE('',#3566,#654);
#498=LINE('',#3577,#655);
#499=LINE('',#3579,#656);
#500=LINE('',#3580,#657);
#501=LINE('',#3649,#658);
#502=LINE('',#3651,#659);
#503=LINE('',#3653,#660);
#504=LINE('',#3657,#661);
#505=LINE('',#3659,#662);
#506=LINE('',#3661,#663);
#507=LINE('',#3663,#664);
#508=LINE('',#3666,#665);
#509=LINE('',#3669,#666);
#510=LINE('',#3673,#667);
#511=LINE('',#3674,#668);
#512=LINE('',#3677,#669);
#513=LINE('',#3684,#670);
#514=LINE('',#3687,#671);
#515=LINE('',#3694,#672);
#516=LINE('',#3695,#673);
#517=LINE('',#3698,#674);
#518=LINE('',#3702,#675);
#519=LINE('',#3704,#676);
#520=LINE('',#3705,#677);
#521=LINE('',#3707,#678);
#522=LINE('',#3709,#679);
#523=LINE('',#3712,#680);
#524=LINE('',#3716,#681);
#525=LINE('',#3726,#682);
#526=LINE('',#3727,#683);
#527=LINE('',#3730,#684);
#528=LINE('',#3732,#685);
#529=LINE('',#3734,#686);
#530=LINE('',#3737,#687);
#531=LINE('',#3910,#688);
#532=LINE('',#4087,#689);
#533=LINE('',#4135,#690);
#534=LINE('',#4147,#691);
#535=LINE('',#4149,#692);
#536=LINE('',#4150,#693);
#537=LINE('',#4219,#694);
#538=LINE('',#4221,#695);
#539=LINE('',#4223,#696);
#540=LINE('',#4227,#697);
#541=LINE('',#4229,#698);
#542=LINE('',#4231,#699);
#543=LINE('',#4233,#700);
#544=LINE('',#4236,#701);
#545=LINE('',#4239,#702);
#546=LINE('',#4243,#703);
#547=LINE('',#4244,#704);
#548=LINE('',#4247,#705);
#549=LINE('',#4253,#706);
#550=LINE('',#4259,#707);
#551=LINE('',#4261,#708);
#552=LINE('',#4264,#709);
#553=LINE('',#4265,#710);
#554=LINE('',#4268,#711);
#555=LINE('',#4270,#712);
#556=LINE('',#4272,#713);
#557=LINE('',#4276,#714);
#558=LINE('',#4277,#715);
#559=LINE('',#4282,#716);
#560=LINE('',#4289,#717);
#561=LINE('',#4292,#718);
#562=LINE('',#4296,#719);
#563=LINE('',#4300,#720);
#564=LINE('',#4302,#721);
#565=LINE('',#4304,#722);
#566=LINE('',#4307,#723);
#567=LINE('',#4310,#724);
#568=LINE('',#4311,#725);
#569=LINE('',#4484,#726);
#570=LINE('',#4661,#727);
#571=LINE('',#4719,#728);
#572=LINE('',#4733,#729);
#573=LINE('',#4735,#730);
#574=LINE('',#4736,#731);
#575=LINE('',#4793,#732);
#576=LINE('',#4795,#733);
#577=LINE('',#4797,#734);
#578=LINE('',#4801,#735);
#579=LINE('',#4803,#736);
#580=LINE('',#4805,#737);
#581=LINE('',#4807,#738);
#582=LINE('',#4810,#739);
#583=LINE('',#4813,#740);
#584=LINE('',#4817,#741);
#585=LINE('',#4818,#742);
#586=LINE('',#4821,#743);
#587=LINE('',#4827,#744);
#588=LINE('',#4833,#745);
#589=LINE('',#4836,#746);
#590=LINE('',#4838,#747);
#591=LINE('',#4839,#748);
#592=LINE('',#4842,#749);
#593=LINE('',#4846,#750);
#594=LINE('',#4853,#751);
#595=LINE('',#4856,#752);
#596=LINE('',#4863,#753);
#597=LINE('',#4864,#754);
#598=LINE('',#4867,#755);
#599=LINE('',#4869,#756);
#600=LINE('',#4871,#757);
#601=LINE('',#4874,#758);
#602=LINE('',#4877,#759);
#603=LINE('',#4879,#760);
#604=LINE('',#4880,#761);
#605=LINE('',#4883,#762);
#606=LINE('',#4884,#763);
#607=LINE('',#4889,#764);
#608=LINE('',#4897,#765);
#609=LINE('',#4918,#766);
#610=LINE('',#4924,#767);
#611=LINE('',#4927,#768);
#612=LINE('',#4931,#769);
#613=LINE('',#4937,#770);
#614=LINE('',#4946,#771);
#615=LINE('',#4967,#772);
#616=LINE('',#4973,#773);
#617=LINE('',#4975,#774);
#618=LINE('',#4977,#775);
#619=LINE('',#4980,#776);
#620=LINE('',#4982,#777);
#621=LINE('',#4990,#778);
#622=LINE('',#4991,#779);
#623=LINE('',#4996,#780);
#624=LINE('',#4999,#781);
#625=LINE('',#5024,#782);
#626=LINE('',#5027,#783);
#627=LINE('',#5031,#784);
#628=LINE('',#5037,#785);
#629=LINE('',#5038,#786);
#630=LINE('',#5041,#787);
#631=LINE('',#5045,#788);
#632=LINE('',#5053,#789);
#633=LINE('',#5058,#790);
#634=LINE('',#5066,#791);
#635=LINE('',#5070,#792);
#636=LINE('',#5075,#793);
#637=LINE('',#5077,#794);
#638=LINE('',#5083,#795);
#639=LINE('',#5086,#796);
#640=VECTOR('',#2420,10.);
#641=VECTOR('',#2423,10.);
#642=VECTOR('',#2426,10.);
#643=VECTOR('',#2429,10.);
#644=VECTOR('',#2432,10.);
#645=VECTOR('',#2435,10.);
#646=VECTOR('',#2440,1.);
#647=VECTOR('',#2449,1.);
#648=VECTOR('',#2454,10.);
#649=VECTOR('',#2457,10.);
#650=VECTOR('',#2460,10.);
#651=VECTOR('',#2465,1.);
#652=VECTOR('',#2468,10.);
#653=VECTOR('',#2469,10.);
#654=VECTOR('',#2470,10.);
#655=VECTOR('',#2473,10.);
#656=VECTOR('',#2474,10.);
#657=VECTOR('',#2475,10.);
#658=VECTOR('',#2478,10.);
#659=VECTOR('',#2479,10.);
#660=VECTOR('',#2480,10.);
#661=VECTOR('',#2483,10.);
#662=VECTOR('',#2484,10.);
#663=VECTOR('',#2485,10.);
#664=VECTOR('',#2486,10.);
#665=VECTOR('',#2489,10.);
#666=VECTOR('',#2492,10.);
#667=VECTOR('',#2497,10.);
#668=VECTOR('',#2498,10.);
#669=VECTOR('',#2501,10.);
#670=VECTOR('',#2508,10.);
#671=VECTOR('',#2511,10.);
#672=VECTOR('',#2522,10.);
#673=VECTOR('',#2523,10.);
#674=VECTOR('',#2526,10.);
#675=VECTOR('',#2529,10.);
#676=VECTOR('',#2530,10.);
#677=VECTOR('',#2531,10.);
#678=VECTOR('',#2534,10.);
#679=VECTOR('',#2537,10.);
#680=VECTOR('',#2540,10.);
#681=VECTOR('',#2543,10.);
#682=VECTOR('',#2560,10.);
#683=VECTOR('',#2561,10.);
#684=VECTOR('',#2564,10.);
#685=VECTOR('',#2565,10.);
#686=VECTOR('',#2566,10.);
#687=VECTOR('',#2569,10.);
#688=VECTOR('',#2570,10.);
#689=VECTOR('',#2571,10.);
#690=VECTOR('',#2572,10.);
#691=VECTOR('',#2575,10.);
#692=VECTOR('',#2576,10.);
#693=VECTOR('',#2577,10.);
#694=VECTOR('',#2580,10.);
#695=VECTOR('',#2581,10.);
#696=VECTOR('',#2582,10.);
#697=VECTOR('',#2585,10.);
#698=VECTOR('',#2586,10.);
#699=VECTOR('',#2587,10.);
#700=VECTOR('',#2588,10.);
#701=VECTOR('',#2591,10.);
#702=VECTOR('',#2594,10.);
#703=VECTOR('',#2599,10.);
#704=VECTOR('',#2600,10.);
#705=VECTOR('',#2603,10.);
#706=VECTOR('',#2610,10.);
#707=VECTOR('',#2621,10.);
#708=VECTOR('',#2624,10.);
#709=VECTOR('',#2627,10.);
#710=VECTOR('',#2628,10.);
#711=VECTOR('',#2631,10.);
#712=VECTOR('',#2632,10.);
#713=VECTOR('',#2633,10.);
#714=VECTOR('',#2638,10.);
#715=VECTOR('',#2639,10.);
#716=VECTOR('',#2644,10.);
#717=VECTOR('',#2655,10.);
#718=VECTOR('',#2658,10.);
#719=VECTOR('',#2661,10.);
#720=VECTOR('',#2666,10.);
#721=VECTOR('',#2667,10.);
#722=VECTOR('',#2668,10.);
#723=VECTOR('',#2671,10.);
#724=VECTOR('',#2674,10.);
#725=VECTOR('',#2675,10.);
#726=VECTOR('',#2676,10.);
#727=VECTOR('',#2677,10.);
#728=VECTOR('',#2678,10.);
#729=VECTOR('',#2681,10.);
#730=VECTOR('',#2682,10.);
#731=VECTOR('',#2683,10.);
#732=VECTOR('',#2686,10.);
#733=VECTOR('',#2687,10.);
#734=VECTOR('',#2688,10.);
#735=VECTOR('',#2691,10.);
#736=VECTOR('',#2692,10.);
#737=VECTOR('',#2693,10.);
#738=VECTOR('',#2694,10.);
#739=VECTOR('',#2697,10.);
#740=VECTOR('',#2700,10.);
#741=VECTOR('',#2705,10.);
#742=VECTOR('',#2706,10.);
#743=VECTOR('',#2709,10.);
#744=VECTOR('',#2716,10.);
#745=VECTOR('',#2727,10.);
#746=VECTOR('',#2730,10.);
#747=VECTOR('',#2731,10.);
#748=VECTOR('',#2732,10.);
#749=VECTOR('',#2735,10.);
#750=VECTOR('',#2738,10.);
#751=VECTOR('',#2745,10.);
#752=VECTOR('',#2748,10.);
#753=VECTOR('',#2759,10.);
#754=VECTOR('',#2760,10.);
#755=VECTOR('',#2763,10.);
#756=VECTOR('',#2764,10.);
#757=VECTOR('',#2765,10.);
#758=VECTOR('',#2768,10.);
#759=VECTOR('',#2771,10.);
#760=VECTOR('',#2772,10.);
#761=VECTOR('',#2773,10.);
#762=VECTOR('',#2778,10.);
#763=VECTOR('',#2779,10.);
#764=VECTOR('',#2786,10.);
#765=VECTOR('',#2797,10.);
#766=VECTOR('',#2826,10.);
#767=VECTOR('',#2835,10.);
#768=VECTOR('',#2838,10.);
#769=VECTOR('',#2843,10.);
#770=VECTOR('',#2852,10.);
#771=VECTOR('',#2865,10.);
#772=VECTOR('',#2894,10.);
#773=VECTOR('',#2903,10.);
#774=VECTOR('',#2906,10.);
#775=VECTOR('',#2909,10.);
#776=VECTOR('',#2912,10.);
#777=VECTOR('',#2913,10.);
#778=VECTOR('',#2920,10.);
#779=VECTOR('',#2921,10.);
#780=VECTOR('',#2926,10.);
#781=VECTOR('',#2931,10.);
#782=VECTOR('',#2974,10.);
#783=VECTOR('',#2977,10.);
#784=VECTOR('',#2982,10.);
#785=VECTOR('',#2991,10.);
#786=VECTOR('',#2992,10.);
#787=VECTOR('',#2995,10.);
#788=VECTOR('',#3000,10.);
#789=VECTOR('',#3011,10.);
#790=VECTOR('',#3016,10.);
#791=VECTOR('',#3029,10.);
#792=VECTOR('',#3034,10.);
#793=VECTOR('',#3043,10.);
#794=VECTOR('',#3046,10.);
#795=VECTOR('',#3055,10.);
#796=VECTOR('',#3060,10.0000001490116);
#797=B_SPLINE_CURVE_WITH_KNOTS('',3,(#3065,#3066,#3067,#3068,#3069,#3070,
#3071,#3072,#3073,#3074,#3075,#3076,#3077,#3078,#3079,#3080,#3081,#3082),
 .UNSPECIFIED.,.F.,.F.,(4,2,2,2,2,2,2,2,4),(0.151113868430879,0.1888912770573,
0.226668685683721,0.264448211272739,0.302227736861758,0.340007262450777,
0.377786788039797,0.415564196666217,0.453341605292637),.UNSPECIFIED.);
#798=B_SPLINE_CURVE_WITH_KNOTS('',3,(#3095,#3096,#3097,#3098,#3099,#3100,
#3101,#3102,#3103,#3104,#3105,#3106,#3107,#3108,#3109,#3110,#3111,#3112),
 .UNSPECIFIED.,.F.,.F.,(4,2,2,2,2,2,2,2,4),(0.151113868430878,0.188891277057298,
0.226668685683718,0.264448211272737,0.302227736861757,0.340007262450776,
0.377786788039795,0.415564196666215,0.453341605292635),.UNSPECIFIED.);
#799=B_SPLINE_CURVE_WITH_KNOTS('',3,(#3137,#3138,#3139,#3140,#3141,#3142,
#3143,#3144,#3145,#3146,#3147,#3148,#3149,#3150),.UNSPECIFIED.,.F.,.F.,
(4,2,2,2,2,2,4),(0.151113868430878,0.188891277057299,0.226668685683719,
0.264448211272739,0.302227736861759,0.340007262450777,0.35234916230873),
 .UNSPECIFIED.);
#800=B_SPLINE_CURVE_WITH_KNOTS('',3,(#3152,#3153,#3154,#3155,#3156,#3157,
#3158,#3159),.UNSPECIFIED.,.F.,.F.,(4,2,2,4),(0.35234916230873,0.377786788039796,
0.415564196666216,0.453341605292637),.UNSPECIFIED.);
#801=B_SPLINE_CURVE_WITH_KNOTS('',3,(#3212,#3213,#3214,#3215,#3216,#3217,
#3218,#3219,#3220,#3221,#3222,#3223,#3224,#3225,#3226,#3227,#3228,#3229,
#3230,#3231,#3232,#3233,#3234,#3235,#3236,#3237,#3238,#3239,#3240,#3241,
#3242,#3243,#3244,#3245,#3246,#3247,#3248,#3249,#3250,#3251,#3252,#3253,
#3254,#3255,#3256,#3257,#3258,#3259,#3260,#3261,#3262,#3263,#3264,#3265,
#3266,#3267,#3268,#3269,#3270,#3271,#3272,#3273,#3274,#3275),
 .UNSPECIFIED.,.F.,.F.,(4,3,3,3,3,3,3,3,3,3,3,3,3,3,3,3,3,3,3,3,3,4),(0.,
0.0391677787599187,0.0799733943255045,0.12292662736855,0.168927702619162,
0.220198591420645,0.291790084932442,0.34922591723694,0.397590906834322,
0.44189693403964,0.485594901589657,0.530224508310469,0.573902021471819,
0.620993121655347,0.675170090788613,0.75637756809146,0.809856435169405,
0.857392326377054,0.899859476107609,0.940599755497832,0.979379284097063,
1.),.UNSPECIFIED.);
#802=B_SPLINE_CURVE_WITH_KNOTS('',3,(#3277,#3278,#3279,#3280),
 .UNSPECIFIED.,.F.,.F.,(4,4),(-1.,0.),.UNSPECIFIED.);
#803=B_SPLINE_CURVE_WITH_KNOTS('',3,(#3282,#3283,#3284,#3285,#3286,#3287,
#3288,#3289,#3290,#3291,#3292,#3293,#3294,#3295,#3296,#3297,#3298,#3299,
#3300,#3301,#3302,#3303,#3304,#3305,#3306,#3307,#3308,#3309,#3310,#3311,
#3312,#3313,#3314,#3315,#3316,#3317,#3318,#3319,#3320,#3321,#3322,#3323,
#3324,#3325,#3326,#3327,#3328,#3329,#3330,#3331,#3332,#3333,#3334,#3335,
#3336,#3337,#3338,#3339,#3340,#3341,#3342,#3343,#3344,#3345),
 .UNSPECIFIED.,.F.,.F.,(4,3,3,3,3,3,3,3,3,3,3,3,3,3,3,3,3,3,3,3,3,4),(0.,
0.0388390209390431,0.0792801135626586,0.121813532098485,0.167296776818947,
0.217737365561438,0.284953691197818,0.344043135315316,0.392713821974837,
0.437094875892969,0.479578471273501,0.528531328389677,0.572361387771418,
0.619566514505213,0.673638441551418,0.755228831163563,0.80949604068481,
0.857122030513607,0.899978967240818,0.941068095404028,0.980166586406296,
1.),.UNSPECIFIED.);
#804=B_SPLINE_CURVE_WITH_KNOTS('',3,(#3389,#3390,#3391,#3392,#3393,#3394,
#3395,#3396,#3397,#3398,#3399,#3400,#3401,#3402,#3403,#3404,#3405,#3406,
#3407,#3408,#3409,#3410,#3411,#3412,#3413,#3414,#3415,#3416,#3417,#3418,
#3419,#3420,#3421,#3422,#3423,#3424,#3425,#3426,#3427,#3428,#3429,#3430,
#3431,#3432,#3433,#3434,#3435,#3436,#3437,#3438,#3439,#3440,#3441,#3442,
#3443,#3444,#3445,#3446,#3447,#3448,#3449,#3450,#3451,#3452),
 .UNSPECIFIED.,.F.,.F.,(4,3,3,3,3,3,3,3,3,3,3,3,3,3,3,3,3,3,3,3,3,4),(0.,
0.0388455940816779,0.0793020978210022,0.121865817962978,0.167408070469679,
0.217998645507807,0.286503285867625,0.344761093013071,0.393171185819945,
0.43739134446237,0.479817816353294,0.528022732760708,0.571454308006758,
0.618175866030608,0.671367680075136,0.753525760056352,0.807711602092498,
0.855783701569374,0.898376451534466,0.939210547512332,0.978043423045694,
1.),.UNSPECIFIED.);
#805=B_SPLINE_CURVE_WITH_KNOTS('',3,(#3454,#3455,#3456,#3457),
 .UNSPECIFIED.,.F.,.F.,(4,4),(0.,1.),.UNSPECIFIED.);
#806=B_SPLINE_CURVE_WITH_KNOTS('',3,(#3459,#3460,#3461,#3462,#3463,#3464,
#3465,#3466,#3467,#3468,#3469,#3470,#3471,#3472,#3473,#3474,#3475,#3476,
#3477,#3478,#3479,#3480,#3481,#3482,#3483,#3484,#3485,#3486,#3487,#3488,
#3489,#3490,#3491,#3492,#3493,#3494,#3495,#3496,#3497,#3498,#3499,#3500,
#3501,#3502,#3503,#3504,#3505,#3506,#3507,#3508,#3509,#3510,#3511,#3512,
#3513,#3514,#3515,#3516,#3517,#3518,#3519,#3520,#3521,#3522),
 .UNSPECIFIED.,.F.,.F.,(4,3,3,3,3,3,3,3,3,3,3,3,3,3,3,3,3,3,3,3,3,4),(0.,
0.0388659456486982,0.0793450701899075,0.121934913997056,0.167509448435627,
0.218152185012772,0.286969518904045,0.345118241594769,0.393506269880165,
0.437719853915284,0.480211097223518,0.528059011162054,0.571476267196427,
0.61818305605717,0.671352555663018,0.753514416747263,0.807663011315557,
0.855747258486668,0.898318103876654,0.939132374401973,0.977946431647845,
1.),.UNSPECIFIED.);
#807=B_SPLINE_CURVE_WITH_KNOTS('',3,(#3557,#3558,#3559,#3560,#3561,#3562,
#3563,#3564),.UNSPECIFIED.,.F.,.F.,(4,1,1,1,1,4),(1.03447694415863,1.63651000399611,
2.23854306383359,2.84057612367108,2.91583025615076,3.14159265358982),
 .UNSPECIFIED.);
#808=B_SPLINE_CURVE_WITH_KNOTS('',3,(#3567,#3568,#3569,#3570,#3571,#3572,
#3573,#3574),.UNSPECIFIED.,.F.,.F.,(4,1,1,1,1,4),(-3.14159265358982,-2.91583025615076,
-2.84057612367108,-2.23854306383359,-1.63651000399611,-1.03447694415863),
 .UNSPECIFIED.);
#809=B_SPLINE_CURVE_WITH_KNOTS('',3,(#3625,#3626,#3627,#3628,#3629,#3630,
#3631,#3632,#3633,#3634,#3635),.UNSPECIFIED.,.F.,.F.,(4,1,1,1,1,1,1,1,4),
(1.03447694415864,1.33595402338938,1.48669256300474,1.93890818185085,2.24038526108159,
2.54186234031232,2.84333941954306,2.99407795915843,3.14408336995453),
 .UNSPECIFIED.);
#810=B_SPLINE_CURVE_WITH_KNOTS('',3,(#3636,#3637,#3638,#3639,#3640,#3641,
#3642,#3643,#3644,#3645,#3646),.UNSPECIFIED.,.F.,.F.,(4,1,1,1,1,1,1,1,4),
(-3.14408337179935,-2.99407795915843,-2.84333941954306,-2.54186234031232,
-2.24038526108159,-1.93890818185085,-1.48669256300474,-1.33595402338938,
-1.03447694415864),.UNSPECIFIED.);
#811=B_SPLINE_CURVE_WITH_KNOTS('',3,(#3776,#3777,#3778,#3779,#3780,#3781,
#3782,#3783,#3784,#3785,#3786,#3787,#3788,#3789,#3790,#3791,#3792,#3793,
#3794,#3795,#3796,#3797,#3798,#3799,#3800,#3801,#3802,#3803,#3804,#3805,
#3806,#3807,#3808,#3809,#3810,#3811,#3812,#3813,#3814,#3815,#3816,#3817,
#3818,#3819,#3820,#3821,#3822,#3823,#3824,#3825,#3826,#3827,#3828,#3829,
#3830,#3831,#3832,#3833,#3834,#3835,#3836,#3837,#3838,#3839),
 .UNSPECIFIED.,.F.,.F.,(4,3,3,3,3,3,3,3,3,3,3,3,3,3,3,3,3,3,3,3,3,4),(0.,
0.0391391235919262,0.0799136218119492,0.122832021574468,0.168791842106502,
0.220000745249478,0.291283782631259,0.34879976591244,0.397172649990719,
0.441473556748108,0.48503074349584,0.529914999418452,0.573560708142108,
0.62060484064255,0.674658817520758,0.755994113140568,0.809546290593167,
0.857159717944875,0.899636786918784,0.940383906020654,0.979165572329509,
1.),.UNSPECIFIED.);
#812=B_SPLINE_CURVE_WITH_KNOTS('',3,(#3841,#3842,#3843,#3844),
 .UNSPECIFIED.,.F.,.F.,(4,4),(-1.,0.),.UNSPECIFIED.);
#813=B_SPLINE_CURVE_WITH_KNOTS('',3,(#3846,#3847,#3848,#3849,#3850,#3851,
#3852,#3853,#3854,#3855,#3856,#3857,#3858,#3859,#3860,#3861,#3862,#3863,
#3864,#3865,#3866,#3867,#3868,#3869,#3870,#3871,#3872,#3873,#3874,#3875,
#3876,#3877,#3878,#3879,#3880,#3881,#3882,#3883,#3884,#3885,#3886,#3887,
#3888,#3889,#3890,#3891,#3892,#3893,#3894,#3895,#3896,#3897,#3898,#3899,
#3900,#3901,#3902,#3903,#3904,#3905,#3906,#3907,#3908,#3909),
 .UNSPECIFIED.,.F.,.F.,(4,3,3,3,3,3,3,3,3,3,3,3,3,3,3,3,3,3,3,3,3,4),(0.,
0.0388370466147759,0.0792765993657719,0.121809243883675,0.167293251871297,
0.217739494559608,0.285026337784711,0.344061547351018,0.392713724668219,
0.437082497554386,0.479554813589057,0.528479484377496,0.572273108744144,
0.619434151831712,0.673425110405571,0.755068832804178,0.809325478936437,
0.856994109202328,0.899825725902987,0.940890562098534,0.979963876839506,
1.),.UNSPECIFIED.);
#814=B_SPLINE_CURVE_WITH_KNOTS('',3,(#3953,#3954,#3955,#3956,#3957,#3958,
#3959,#3960,#3961,#3962,#3963,#3964,#3965,#3966,#3967,#3968,#3969,#3970,
#3971,#3972,#3973,#3974,#3975,#3976,#3977,#3978,#3979,#3980,#3981,#3982,
#3983,#3984,#3985,#3986,#3987,#3988,#3989,#3990,#3991,#3992,#3993,#3994,
#3995,#3996,#3997,#3998,#3999,#4000,#4001,#4002,#4003,#4004,#4005,#4006,
#4007,#4008,#4009,#4010,#4011,#4012,#4013,#4014,#4015,#4016),
 .UNSPECIFIED.,.F.,.F.,(4,3,3,3,3,3,3,3,3,3,3,3,3,3,3,3,3,3,3,3,3,4),(0.,
0.0388455940816514,0.0793020978208981,0.121865817963048,0.167408070469518,
0.217998645507395,0.286503285866716,0.344761093012294,0.393171185819424,
0.437391344461898,0.47981781635296,0.528022732760801,0.571454308006951,
0.618175866030837,0.671367680074979,0.753525760056234,0.807711602092841,
0.855783701569631,0.898376451534836,0.93921054751258,0.978043423046187,
1.),.UNSPECIFIED.);
#815=B_SPLINE_CURVE_WITH_KNOTS('',3,(#4018,#4019,#4020,#4021),
 .UNSPECIFIED.,.F.,.F.,(4,4),(0.,1.),.UNSPECIFIED.);
#816=B_SPLINE_CURVE_WITH_KNOTS('',3,(#4023,#4024,#4025,#4026,#4027,#4028,
#4029,#4030,#4031,#4032,#4033,#4034,#4035,#4036,#4037,#4038,#4039,#4040,
#4041,#4042,#4043,#4044,#4045,#4046,#4047,#4048,#4049,#4050,#4051,#4052,
#4053,#4054,#4055,#4056,#4057,#4058,#4059,#4060,#4061,#4062,#4063,#4064,
#4065,#4066,#4067,#4068,#4069,#4070,#4071,#4072,#4073,#4074,#4075,#4076,
#4077,#4078,#4079,#4080,#4081,#4082,#4083,#4084,#4085,#4086),
 .UNSPECIFIED.,.F.,.F.,(4,3,3,3,3,3,3,3,3,3,3,3,3,3,3,3,3,3,3,3,3,4),(0.,
0.0388659456486358,0.0793450701899849,0.121934913997341,0.16750944843581,
0.218152185013732,0.286969518906514,0.345118241596493,0.393506269881611,
0.437719853916637,0.480211097224888,0.528059011162276,0.571476267196875,
0.618183056057554,0.671352555663882,0.753514416747912,0.807663011315995,
0.855747258486996,0.898318103877028,0.939132374402272,0.97794643164821,
1.),.UNSPECIFIED.);
#817=B_SPLINE_CURVE_WITH_KNOTS('',3,(#4125,#4126,#4127,#4128,#4129,#4130,
#4131,#4132,#4133),.UNSPECIFIED.,.F.,.F.,(4,1,1,1,1,1,4),(1.03447694415861,
1.63651000399607,2.23854306383354,2.53955959375228,2.84057612367101,2.91583025615069,
3.14159265358974),.UNSPECIFIED.);
#818=B_SPLINE_CURVE_WITH_KNOTS('',3,(#4136,#4137,#4138,#4139,#4140,#4141,
#4142,#4143,#4144),.UNSPECIFIED.,.F.,.F.,(4,1,1,1,1,1,4),(-3.14159265358974,
-2.91583025615069,-2.84057612367101,-2.53955959375228,-2.23854306383354,
-1.63651000399607,-1.03447694415861),.UNSPECIFIED.);
#819=B_SPLINE_CURVE_WITH_KNOTS('',3,(#4195,#4196,#4197,#4198,#4199,#4200,
#4201,#4202,#4203,#4204,#4205),.UNSPECIFIED.,.F.,.F.,(4,1,1,1,1,1,1,1,4),
(1.0344769441587,1.33595402379797,1.48669256361761,1.93890818307652,2.2403852627158,
2.54186234235507,2.84333942199435,2.99407796181398,3.14408331305642),
 .UNSPECIFIED.);
#820=B_SPLINE_CURVE_WITH_KNOTS('',3,(#4206,#4207,#4208,#4209,#4210,#4211,
#4212,#4213,#4214,#4215,#4216),.UNSPECIFIED.,.F.,.F.,(4,1,1,1,1,1,1,1,4),
(-3.14408331174058,-2.99407796181398,-2.84333942199435,-2.54186234235507,
-2.2403852627158,-1.93890818307652,-1.48669256361761,-1.33595402379797,
-1.0344769441587),.UNSPECIFIED.);
#821=B_SPLINE_CURVE_WITH_KNOTS('',3,(#4350,#4351,#4352,#4353,#4354,#4355,
#4356,#4357,#4358,#4359,#4360,#4361,#4362,#4363,#4364,#4365,#4366,#4367,
#4368,#4369,#4370,#4371,#4372,#4373,#4374,#4375,#4376,#4377,#4378,#4379,
#4380,#4381,#4382,#4383,#4384,#4385,#4386,#4387,#4388,#4389,#4390,#4391,
#4392,#4393,#4394,#4395,#4396,#4397,#4398,#4399,#4400,#4401,#4402,#4403,
#4404,#4405,#4406,#4407,#4408,#4409,#4410,#4411,#4412,#4413),
 .UNSPECIFIED.,.F.,.F.,(4,3,3,3,3,3,3,3,3,3,3,3,3,3,3,3,3,3,3,3,3,4),(0.,
0.0391423654274448,0.0799203839294949,0.122842724135657,0.168807210976309,
0.220023121354978,0.291340755058145,0.348847692382865,0.397219707122704,
0.44152120890982,0.485093989323578,0.529948913850723,0.57359814105936,0.620647463199772,
0.674715034239771,0.756036275679828,0.809580318914782,0.857185239186086,
0.899661212089877,0.940407576955608,0.979189008300323,1.),.UNSPECIFIED.);
#822=B_SPLINE_CURVE_WITH_KNOTS('',3,(#4415,#4416,#4417,#4418),
 .UNSPECIFIED.,.F.,.F.,(4,4),(-1.,0.),.UNSPECIFIED.);
#823=B_SPLINE_CURVE_WITH_KNOTS('',3,(#4420,#4421,#4422,#4423,#4424,#4425,
#4426,#4427,#4428,#4429,#4430,#4431,#4432,#4433,#4434,#4435,#4436,#4437,
#4438,#4439,#4440,#4441,#4442,#4443,#4444,#4445,#4446,#4447,#4448,#4449,
#4450,#4451,#4452,#4453,#4454,#4455,#4456,#4457,#4458,#4459,#4460,#4461,
#4462,#4463,#4464,#4465,#4466,#4467,#4468,#4469,#4470,#4471,#4472,#4473,
#4474,#4475,#4476,#4477,#4478,#4479,#4480,#4481,#4482,#4483),
 .UNSPECIFIED.,.F.,.F.,(4,3,3,3,3,3,3,3,3,3,3,3,3,3,3,3,3,3,3,3,3,4),(0.,
0.0388372627409869,0.0792769815568683,0.121809704062406,0.167293613530455,
0.217739196057163,0.285017929000586,0.344059321820524,0.39271360504974,
0.437083772257124,0.47955734340916,0.528485337789228,0.572283083254871,
0.619449111692342,0.673449214859621,0.755086911144716,0.809344754403809,
0.857008565802857,0.899843047916908,0.940910633059833,0.979986796491122,
1.),.UNSPECIFIED.);
#824=B_SPLINE_CURVE_WITH_KNOTS('',3,(#4527,#4528,#4529,#4530,#4531,#4532,
#4533,#4534,#4535,#4536,#4537,#4538,#4539,#4540,#4541,#4542,#4543,#4544,
#4545,#4546,#4547,#4548,#4549,#4550,#4551,#4552,#4553,#4554,#4555,#4556,
#4557,#4558,#4559,#4560,#4561,#4562,#4563,#4564,#4565,#4566,#4567,#4568,
#4569,#4570,#4571,#4572,#4573,#4574,#4575,#4576,#4577,#4578,#4579,#4580,
#4581,#4582,#4583,#4584,#4585,#4586,#4587,#4588,#4589,#4590),
 .UNSPECIFIED.,.F.,.F.,(4,3,3,3,3,3,3,3,3,3,3,3,3,3,3,3,3,3,3,3,3,4),(0.,
0.038845594081535,0.0793020978209992,0.121865817963043,0.167408070469392,
0.217998645506979,0.286503285866159,0.344761093011851,0.393171185818893,
0.437391344461338,0.479817816352256,0.528022732760707,0.571454308006916,
0.61817586603057,0.671367680074896,0.753525760056172,0.807711602093071,
0.855783701569804,0.898376451534941,0.939210547512601,0.978043423046064,
1.),.UNSPECIFIED.);
#825=B_SPLINE_CURVE_WITH_KNOTS('',3,(#4592,#4593,#4594,#4595),
 .UNSPECIFIED.,.F.,.F.,(4,4),(0.,1.),.UNSPECIFIED.);
#826=B_SPLINE_CURVE_WITH_KNOTS('',3,(#4597,#4598,#4599,#4600,#4601,#4602,
#4603,#4604,#4605,#4606,#4607,#4608,#4609,#4610,#4611,#4612,#4613,#4614,
#4615,#4616,#4617,#4618,#4619,#4620,#4621,#4622,#4623,#4624,#4625,#4626,
#4627,#4628,#4629,#4630,#4631,#4632,#4633,#4634,#4635,#4636,#4637,#4638,
#4639,#4640,#4641,#4642,#4643,#4644,#4645,#4646,#4647,#4648,#4649,#4650,
#4651,#4652,#4653,#4654,#4655,#4656,#4657,#4658,#4659,#4660),
 .UNSPECIFIED.,.F.,.F.,(4,3,3,3,3,3,3,3,3,3,3,3,3,3,3,3,3,3,3,3,3,4),(0.,
0.0388659456485691,0.0793450701897557,0.121934913997016,0.167509448435294,
0.218152185012914,0.286969518903622,0.345118241594462,0.393506269879933,
0.437719853914981,0.480211097223116,0.52805901116194,0.571476267196344,
0.618183056056909,0.671352555661621,0.753514416746216,0.80766301131486,
0.855747258486145,0.898318103876252,0.939132374401509,0.977946431647491,
1.),.UNSPECIFIED.);
#827=B_SPLINE_CURVE_WITH_KNOTS('',3,(#4707,#4708,#4709,#4710,#4711,#4712,
#4713,#4714,#4715,#4716,#4717),.UNSPECIFIED.,.F.,.F.,(4,1,1,1,1,1,1,1,4),
(1.03447694415862,1.33549347407736,1.48600173903673,1.93752653391484,2.23854306383358,
2.53955959375232,2.84057612367106,2.99108438863042,3.14159265358979),
 .UNSPECIFIED.);
#828=B_SPLINE_CURVE_WITH_KNOTS('',3,(#4720,#4721,#4722,#4723,#4724,#4725,
#4726,#4727,#4728,#4729,#4730),.UNSPECIFIED.,.F.,.F.,(4,1,1,1,1,1,1,1,4),
(-3.14159265358979,-2.99108438863042,-2.84057612367106,-2.53955959375232,
-2.23854306383358,-1.93752653391484,-1.48600173903673,-1.33549347407736,
-1.03447694415862),.UNSPECIFIED.);
#829=B_SPLINE_CURVE_WITH_KNOTS('',3,(#4773,#4774,#4775,#4776,#4777,#4778,
#4779,#4780,#4781),.UNSPECIFIED.,.F.,.F.,(4,1,1,1,1,1,4),(1.03447694415865,
1.63743110292863,2.2403852616986,2.54186234108359,2.84333942046857,2.91870869031482,
3.14416654509312),.UNSPECIFIED.);
#830=B_SPLINE_CURVE_WITH_KNOTS('',3,(#4782,#4783,#4784,#4785,#4786,#4787,
#4788,#4789,#4790),.UNSPECIFIED.,.F.,.F.,(4,1,1,1,1,1,4),(-3.14416654506563,
-2.91870869031482,-2.84333942046857,-2.54186234108359,-2.2403852616986,
-1.63743110292863,-1.03447694415865),.UNSPECIFIED.);
#831=VERTEX_POINT('',#3063);
#832=VERTEX_POINT('',#3064);
#833=VERTEX_POINT('',#3083);
#834=VERTEX_POINT('',#3085);
#835=VERTEX_POINT('',#3087);
#836=VERTEX_POINT('',#3089);
#837=VERTEX_POINT('',#3093);
#838=VERTEX_POINT('',#3094);
#839=VERTEX_POINT('',#3113);
#840=VERTEX_POINT('',#3115);
#841=VERTEX_POINT('',#3117);
#842=VERTEX_POINT('',#3119);
#843=VERTEX_POINT('',#3124);
#844=VERTEX_POINT('',#3128);
#845=VERTEX_POINT('',#3131);
#846=VERTEX_POINT('',#3135);
#847=VERTEX_POINT('',#3136);
#848=VERTEX_POINT('',#3151);
#849=VERTEX_POINT('',#3160);
#850=VERTEX_POINT('',#3162);
#851=VERTEX_POINT('',#3164);
#852=VERTEX_POINT('',#3166);
#853=VERTEX_POINT('',#3171);
#854=VERTEX_POINT('',#3210);
#855=VERTEX_POINT('',#3211);
#856=VERTEX_POINT('',#3276);
#857=VERTEX_POINT('',#3281);
#858=VERTEX_POINT('',#3387);
#859=VERTEX_POINT('',#3388);
#860=VERTEX_POINT('',#3453);
#861=VERTEX_POINT('',#3458);
#862=VERTEX_POINT('',#3556);
#863=VERTEX_POINT('',#3565);
#864=VERTEX_POINT('',#3576);
#865=VERTEX_POINT('',#3578);
#866=VERTEX_POINT('',#3648);
#867=VERTEX_POINT('',#3650);
#868=VERTEX_POINT('',#3652);
#869=VERTEX_POINT('',#3654);
#870=VERTEX_POINT('',#3656);
#871=VERTEX_POINT('',#3658);
#872=VERTEX_POINT('',#3660);
#873=VERTEX_POINT('',#3662);
#874=VERTEX_POINT('',#3664);
#875=VERTEX_POINT('',#3668);
#876=VERTEX_POINT('',#3672);
#877=VERTEX_POINT('',#3676);
#878=VERTEX_POINT('',#3680);
#879=VERTEX_POINT('',#3681);
#880=VERTEX_POINT('',#3683);
#881=VERTEX_POINT('',#3686);
#882=VERTEX_POINT('',#3690);
#883=VERTEX_POINT('',#3697);
#884=VERTEX_POINT('',#3699);
#885=VERTEX_POINT('',#3701);
#886=VERTEX_POINT('',#3703);
#887=VERTEX_POINT('',#3711);
#888=VERTEX_POINT('',#3713);
#889=VERTEX_POINT('',#3715);
#890=VERTEX_POINT('',#3725);
#891=VERTEX_POINT('',#3729);
#892=VERTEX_POINT('',#3731);
#893=VERTEX_POINT('',#3733);
#894=VERTEX_POINT('',#3735);
#895=VERTEX_POINT('',#3774);
#896=VERTEX_POINT('',#3775);
#897=VERTEX_POINT('',#3840);
#898=VERTEX_POINT('',#3845);
#899=VERTEX_POINT('',#3951);
#900=VERTEX_POINT('',#3952);
#901=VERTEX_POINT('',#4017);
#902=VERTEX_POINT('',#4022);
#903=VERTEX_POINT('',#4124);
#904=VERTEX_POINT('',#4134);
#905=VERTEX_POINT('',#4146);
#906=VERTEX_POINT('',#4148);
#907=VERTEX_POINT('',#4218);
#908=VERTEX_POINT('',#4220);
#909=VERTEX_POINT('',#4222);
#910=VERTEX_POINT('',#4224);
#911=VERTEX_POINT('',#4226);
#912=VERTEX_POINT('',#4228);
#913=VERTEX_POINT('',#4230);
#914=VERTEX_POINT('',#4232);
#915=VERTEX_POINT('',#4234);
#916=VERTEX_POINT('',#4238);
#917=VERTEX_POINT('',#4242);
#918=VERTEX_POINT('',#4246);
#919=VERTEX_POINT('',#4250);
#920=VERTEX_POINT('',#4251);
#921=VERTEX_POINT('',#4263);
#922=VERTEX_POINT('',#4267);
#923=VERTEX_POINT('',#4269);
#924=VERTEX_POINT('',#4271);
#925=VERTEX_POINT('',#4275);
#926=VERTEX_POINT('',#4279);
#927=VERTEX_POINT('',#4281);
#928=VERTEX_POINT('',#4285);
#929=VERTEX_POINT('',#4291);
#930=VERTEX_POINT('',#4293);
#931=VERTEX_POINT('',#4295);
#932=VERTEX_POINT('',#4299);
#933=VERTEX_POINT('',#4301);
#934=VERTEX_POINT('',#4303);
#935=VERTEX_POINT('',#4305);
#936=VERTEX_POINT('',#4309);
#937=VERTEX_POINT('',#4348);
#938=VERTEX_POINT('',#4349);
#939=VERTEX_POINT('',#4414);
#940=VERTEX_POINT('',#4419);
#941=VERTEX_POINT('',#4525);
#942=VERTEX_POINT('',#4526);
#943=VERTEX_POINT('',#4591);
#944=VERTEX_POINT('',#4596);
#945=VERTEX_POINT('',#4706);
#946=VERTEX_POINT('',#4718);
#947=VERTEX_POINT('',#4732);
#948=VERTEX_POINT('',#4734);
#949=VERTEX_POINT('',#4792);
#950=VERTEX_POINT('',#4794);
#951=VERTEX_POINT('',#4796);
#952=VERTEX_POINT('',#4798);
#953=VERTEX_POINT('',#4800);
#954=VERTEX_POINT('',#4802);
#955=VERTEX_POINT('',#4804);
#956=VERTEX_POINT('',#4806);
#957=VERTEX_POINT('',#4808);
#958=VERTEX_POINT('',#4812);
#959=VERTEX_POINT('',#4816);
#960=VERTEX_POINT('',#4820);
#961=VERTEX_POINT('',#4824);
#962=VERTEX_POINT('',#4825);
#963=VERTEX_POINT('',#4835);
#964=VERTEX_POINT('',#4837);
#965=VERTEX_POINT('',#4841);
#966=VERTEX_POINT('',#4843);
#967=VERTEX_POINT('',#4845);
#968=VERTEX_POINT('',#4849);
#969=VERTEX_POINT('',#4850);
#970=VERTEX_POINT('',#4852);
#971=VERTEX_POINT('',#4855);
#972=VERTEX_POINT('',#4859);
#973=VERTEX_POINT('',#4866);
#974=VERTEX_POINT('',#4868);
#975=VERTEX_POINT('',#4870);
#976=VERTEX_POINT('',#4872);
#977=VERTEX_POINT('',#4876);
#978=VERTEX_POINT('',#4878);
#979=VERTEX_POINT('',#4887);
#980=VERTEX_POINT('',#4891);
#981=VERTEX_POINT('',#4895);
#982=VERTEX_POINT('',#4899);
#983=VERTEX_POINT('',#4900);
#984=VERTEX_POINT('',#4905);
#985=VERTEX_POINT('',#4906);
#986=VERTEX_POINT('',#4911);
#987=VERTEX_POINT('',#4916);
#988=VERTEX_POINT('',#4920);
#989=VERTEX_POINT('',#4926);
#990=VERTEX_POINT('',#4930);
#991=VERTEX_POINT('',#4936);
#992=VERTEX_POINT('',#4940);
#993=VERTEX_POINT('',#4944);
#994=VERTEX_POINT('',#4948);
#995=VERTEX_POINT('',#4949);
#996=VERTEX_POINT('',#4954);
#997=VERTEX_POINT('',#4955);
#998=VERTEX_POINT('',#4960);
#999=VERTEX_POINT('',#4965);
#1000=VERTEX_POINT('',#4969);
#1001=VERTEX_POINT('',#4979);
#1002=VERTEX_POINT('',#4981);
#1003=VERTEX_POINT('',#4983);
#1004=VERTEX_POINT('',#4985);
#1005=VERTEX_POINT('',#4987);
#1006=VERTEX_POINT('',#4989);
#1007=VERTEX_POINT('',#4992);
#1008=VERTEX_POINT('',#4995);
#1009=VERTEX_POINT('',#5007);
#1010=VERTEX_POINT('',#5011);
#1011=VERTEX_POINT('',#5020);
#1012=VERTEX_POINT('',#5026);
#1013=VERTEX_POINT('',#5030);
#1014=VERTEX_POINT('',#5036);
#1015=VERTEX_POINT('',#5040);
#1016=VERTEX_POINT('',#5044);
#1017=VERTEX_POINT('',#5050);
#1018=VERTEX_POINT('',#5052);
#1019=VERTEX_POINT('',#5056);
#1020=VERTEX_POINT('',#5057);
#1021=VERTEX_POINT('',#5065);
#1022=VERTEX_POINT('',#5069);
#1023=VERTEX_POINT('',#5080);
#1024=EDGE_CURVE('',#831,#832,#797,.T.);
#1025=EDGE_CURVE('',#832,#833,#483,.T.);
#1026=EDGE_CURVE('',#834,#833,#366,.T.);
#1027=EDGE_CURVE('',#834,#835,#484,.T.);
#1028=EDGE_CURVE('',#836,#835,#367,.T.);
#1029=EDGE_CURVE('',#836,#831,#485,.T.);
#1030=EDGE_CURVE('',#837,#838,#798,.T.);
#1031=EDGE_CURVE('',#838,#839,#486,.T.);
#1032=EDGE_CURVE('',#840,#839,#368,.T.);
#1033=EDGE_CURVE('',#840,#841,#487,.T.);
#1034=EDGE_CURVE('',#842,#841,#369,.T.);
#1035=EDGE_CURVE('',#842,#837,#488,.T.);
#1036=EDGE_CURVE('',#838,#837,#370,.T.);
#1037=EDGE_CURVE('',#837,#843,#489,.T.);
#1038=EDGE_CURVE('',#843,#843,#371,.T.);
#1039=EDGE_CURVE('',#832,#844,#372,.T.);
#1040=EDGE_CURVE('',#844,#831,#373,.T.);
#1041=EDGE_CURVE('',#844,#845,#490,.T.);
#1042=EDGE_CURVE('',#845,#845,#374,.T.);
#1043=EDGE_CURVE('',#846,#847,#799,.T.);
#1044=EDGE_CURVE('',#847,#848,#800,.T.);
#1045=EDGE_CURVE('',#848,#849,#491,.T.);
#1046=EDGE_CURVE('',#850,#849,#375,.T.);
#1047=EDGE_CURVE('',#850,#851,#492,.T.);
#1048=EDGE_CURVE('',#852,#851,#376,.T.);
#1049=EDGE_CURVE('',#852,#846,#493,.T.);
#1050=EDGE_CURVE('',#848,#846,#377,.T.);
#1051=EDGE_CURVE('',#847,#853,#494,.T.);
#1052=EDGE_CURVE('',#853,#853,#378,.T.);
#1053=EDGE_CURVE('',#854,#855,#801,.T.);
#1054=EDGE_CURVE('',#856,#855,#802,.T.);
#1055=EDGE_CURVE('',#856,#857,#803,.T.);
#1056=EDGE_CURVE('',#857,#854,#495,.T.);
#1057=EDGE_CURVE('',#858,#859,#804,.T.);
#1058=EDGE_CURVE('',#860,#859,#805,.T.);
#1059=EDGE_CURVE('',#860,#861,#806,.T.);
#1060=EDGE_CURVE('',#861,#858,#496,.T.);
#1061=EDGE_CURVE('',#859,#862,#807,.T.);
#1062=EDGE_CURVE('',#862,#863,#497,.T.);
#1063=EDGE_CURVE('',#863,#860,#808,.T.);
#1064=EDGE_CURVE('',#862,#864,#498,.T.);
#1065=EDGE_CURVE('',#864,#865,#499,.T.);
#1066=EDGE_CURVE('',#865,#863,#500,.T.);
#1067=EDGE_CURVE('',#855,#865,#809,.T.);
#1068=EDGE_CURVE('',#864,#856,#810,.T.);
#1069=EDGE_CURVE('',#866,#857,#501,.T.);
#1070=EDGE_CURVE('',#867,#866,#502,.T.);
#1071=EDGE_CURVE('',#868,#867,#503,.T.);
#1072=EDGE_CURVE('',#869,#868,#379,.T.);
#1073=EDGE_CURVE('',#870,#869,#504,.T.);
#1074=EDGE_CURVE('',#871,#870,#505,.T.);
#1075=EDGE_CURVE('',#872,#871,#506,.T.);
#1076=EDGE_CURVE('',#873,#872,#507,.T.);
#1077=EDGE_CURVE('',#874,#873,#380,.T.);
#1078=EDGE_CURVE('',#854,#874,#508,.T.);
#1079=EDGE_CURVE('',#864,#875,#509,.T.);
#1080=EDGE_CURVE('',#875,#866,#381,.T.);
#1081=EDGE_CURVE('',#876,#862,#510,.T.);
#1082=EDGE_CURVE('',#876,#875,#511,.T.);
#1083=EDGE_CURVE('',#858,#877,#512,.T.);
#1084=EDGE_CURVE('',#877,#876,#382,.T.);
#1085=EDGE_CURVE('',#878,#879,#50,.T.);
#1086=EDGE_CURVE('',#879,#880,#513,.T.);
#1087=EDGE_CURVE('',#880,#835,#383,.T.);
#1088=EDGE_CURVE('',#835,#881,#514,.T.);
#1089=EDGE_CURVE('',#881,#878,#51,.T.);
#1090=EDGE_CURVE('',#882,#836,#384,.T.);
#1091=EDGE_CURVE('',#880,#882,#385,.T.);
#1092=EDGE_CURVE('',#863,#836,#515,.T.);
#1093=EDGE_CURVE('',#882,#861,#516,.T.);
#1094=EDGE_CURVE('',#881,#883,#517,.T.);
#1095=EDGE_CURVE('',#884,#883,#52,.T.);
#1096=EDGE_CURVE('',#885,#884,#518,.T.);
#1097=EDGE_CURVE('',#885,#886,#519,.T.);
#1098=EDGE_CURVE('',#878,#886,#520,.T.);
#1099=EDGE_CURVE('',#883,#834,#521,.T.);
#1100=EDGE_CURVE('',#833,#865,#522,.T.);
#1101=EDGE_CURVE('',#877,#887,#523,.T.);
#1102=EDGE_CURVE('',#888,#887,#386,.T.);
#1103=EDGE_CURVE('',#888,#889,#524,.T.);
#1104=EDGE_CURVE('',#867,#889,#387,.T.);
#1105=EDGE_CURVE('',#834,#873,#388,.T.);
#1106=EDGE_CURVE('',#872,#884,#53,.T.);
#1107=EDGE_CURVE('',#833,#874,#389,.T.);
#1108=EDGE_CURVE('',#871,#890,#525,.T.);
#1109=EDGE_CURVE('',#890,#885,#526,.T.);
#1110=EDGE_CURVE('',#891,#879,#527,.T.);
#1111=EDGE_CURVE('',#892,#891,#528,.T.);
#1112=EDGE_CURVE('',#893,#892,#529,.T.);
#1113=EDGE_CURVE('',#894,#893,#390,.T.);
#1114=EDGE_CURVE('',#887,#894,#530,.T.);
#1115=EDGE_CURVE('',#895,#896,#811,.T.);
#1116=EDGE_CURVE('',#897,#896,#812,.T.);
#1117=EDGE_CURVE('',#897,#898,#813,.T.);
#1118=EDGE_CURVE('',#898,#895,#531,.T.);
#1119=EDGE_CURVE('',#899,#900,#814,.T.);
#1120=EDGE_CURVE('',#901,#900,#815,.T.);
#1121=EDGE_CURVE('',#901,#902,#816,.T.);
#1122=EDGE_CURVE('',#902,#899,#532,.T.);
#1123=EDGE_CURVE('',#900,#903,#817,.T.);
#1124=EDGE_CURVE('',#903,#904,#533,.T.);
#1125=EDGE_CURVE('',#904,#901,#818,.T.);
#1126=EDGE_CURVE('',#903,#905,#534,.T.);
#1127=EDGE_CURVE('',#905,#906,#535,.T.);
#1128=EDGE_CURVE('',#906,#904,#536,.T.);
#1129=EDGE_CURVE('',#896,#906,#819,.T.);
#1130=EDGE_CURVE('',#905,#897,#820,.T.);
#1131=EDGE_CURVE('',#907,#898,#537,.T.);
#1132=EDGE_CURVE('',#908,#907,#538,.T.);
#1133=EDGE_CURVE('',#909,#908,#539,.T.);
#1134=EDGE_CURVE('',#910,#909,#391,.T.);
#1135=EDGE_CURVE('',#911,#910,#540,.T.);
#1136=EDGE_CURVE('',#912,#911,#541,.T.);
#1137=EDGE_CURVE('',#913,#912,#542,.T.);
#1138=EDGE_CURVE('',#914,#913,#543,.T.);
#1139=EDGE_CURVE('',#915,#914,#392,.T.);
#1140=EDGE_CURVE('',#895,#915,#544,.T.);
#1141=EDGE_CURVE('',#905,#916,#545,.T.);
#1142=EDGE_CURVE('',#916,#907,#393,.T.);
#1143=EDGE_CURVE('',#917,#903,#546,.T.);
#1144=EDGE_CURVE('',#917,#916,#547,.T.);
#1145=EDGE_CURVE('',#899,#918,#548,.T.);
#1146=EDGE_CURVE('',#918,#917,#394,.T.);
#1147=EDGE_CURVE('',#919,#920,#54,.T.);
#1148=EDGE_CURVE('',#920,#850,#549,.T.);
#1149=EDGE_CURVE('',#850,#914,#395,.T.);
#1150=EDGE_CURVE('',#913,#919,#55,.T.);
#1151=EDGE_CURVE('',#849,#915,#396,.T.);
#1152=EDGE_CURVE('',#849,#906,#550,.T.);
#1153=EDGE_CURVE('',#904,#852,#551,.T.);
#1154=EDGE_CURVE('',#921,#920,#552,.T.);
#1155=EDGE_CURVE('',#851,#921,#553,.T.);
#1156=EDGE_CURVE('',#922,#919,#554,.T.);
#1157=EDGE_CURVE('',#922,#923,#555,.T.);
#1158=EDGE_CURVE('',#924,#923,#556,.T.);
#1159=EDGE_CURVE('',#921,#924,#56,.T.);
#1160=EDGE_CURVE('',#912,#925,#557,.T.);
#1161=EDGE_CURVE('',#925,#922,#558,.T.);
#1162=EDGE_CURVE('',#924,#926,#57,.T.);
#1163=EDGE_CURVE('',#926,#927,#559,.T.);
#1164=EDGE_CURVE('',#927,#851,#397,.T.);
#1165=EDGE_CURVE('',#928,#852,#398,.T.);
#1166=EDGE_CURVE('',#927,#928,#399,.T.);
#1167=EDGE_CURVE('',#928,#902,#560,.T.);
#1168=EDGE_CURVE('',#918,#929,#561,.T.);
#1169=EDGE_CURVE('',#930,#929,#400,.T.);
#1170=EDGE_CURVE('',#930,#931,#562,.T.);
#1171=EDGE_CURVE('',#908,#931,#401,.T.);
#1172=EDGE_CURVE('',#932,#926,#563,.T.);
#1173=EDGE_CURVE('',#933,#932,#564,.T.);
#1174=EDGE_CURVE('',#934,#933,#565,.T.);
#1175=EDGE_CURVE('',#935,#934,#402,.T.);
#1176=EDGE_CURVE('',#929,#935,#566,.T.);
#1177=EDGE_CURVE('',#923,#936,#567,.T.);
#1178=EDGE_CURVE('',#932,#936,#568,.T.);
#1179=EDGE_CURVE('',#937,#938,#821,.T.);
#1180=EDGE_CURVE('',#939,#938,#822,.T.);
#1181=EDGE_CURVE('',#939,#940,#823,.T.);
#1182=EDGE_CURVE('',#940,#937,#569,.T.);
#1183=EDGE_CURVE('',#941,#942,#824,.T.);
#1184=EDGE_CURVE('',#943,#942,#825,.T.);
#1185=EDGE_CURVE('',#943,#944,#826,.T.);
#1186=EDGE_CURVE('',#944,#941,#570,.T.);
#1187=EDGE_CURVE('',#942,#945,#827,.T.);
#1188=EDGE_CURVE('',#945,#946,#571,.T.);
#1189=EDGE_CURVE('',#946,#943,#828,.T.);
#1190=EDGE_CURVE('',#945,#947,#572,.T.);
#1191=EDGE_CURVE('',#947,#948,#573,.T.);
#1192=EDGE_CURVE('',#948,#946,#574,.T.);
#1193=EDGE_CURVE('',#938,#948,#829,.T.);
#1194=EDGE_CURVE('',#947,#939,#830,.T.);
#1195=EDGE_CURVE('',#949,#940,#575,.T.);
#1196=EDGE_CURVE('',#950,#949,#576,.T.);
#1197=EDGE_CURVE('',#951,#950,#577,.T.);
#1198=EDGE_CURVE('',#952,#951,#403,.T.);
#1199=EDGE_CURVE('',#953,#952,#578,.T.);
#1200=EDGE_CURVE('',#954,#953,#579,.T.);
#1201=EDGE_CURVE('',#955,#954,#580,.T.);
#1202=EDGE_CURVE('',#956,#955,#581,.T.);
#1203=EDGE_CURVE('',#957,#956,#404,.T.);
#1204=EDGE_CURVE('',#937,#957,#582,.T.);
#1205=EDGE_CURVE('',#947,#958,#583,.T.);
#1206=EDGE_CURVE('',#958,#949,#405,.T.);
#1207=EDGE_CURVE('',#959,#945,#584,.T.);
#1208=EDGE_CURVE('',#959,#958,#585,.T.);
#1209=EDGE_CURVE('',#941,#960,#586,.T.);
#1210=EDGE_CURVE('',#960,#959,#406,.T.);
#1211=EDGE_CURVE('',#961,#962,#58,.T.);
#1212=EDGE_CURVE('',#962,#840,#587,.T.);
#1213=EDGE_CURVE('',#840,#956,#407,.T.);
#1214=EDGE_CURVE('',#955,#961,#59,.T.);
#1215=EDGE_CURVE('',#839,#957,#408,.T.);
#1216=EDGE_CURVE('',#839,#948,#588,.T.);
#1217=EDGE_CURVE('',#954,#963,#589,.T.);
#1218=EDGE_CURVE('',#963,#964,#590,.T.);
#1219=EDGE_CURVE('',#964,#961,#591,.T.);
#1220=EDGE_CURVE('',#960,#965,#592,.T.);
#1221=EDGE_CURVE('',#966,#965,#409,.T.);
#1222=EDGE_CURVE('',#966,#967,#593,.T.);
#1223=EDGE_CURVE('',#950,#967,#410,.T.);
#1224=EDGE_CURVE('',#968,#969,#60,.T.);
#1225=EDGE_CURVE('',#969,#970,#594,.T.);
#1226=EDGE_CURVE('',#970,#841,#411,.T.);
#1227=EDGE_CURVE('',#841,#971,#595,.T.);
#1228=EDGE_CURVE('',#971,#968,#61,.T.);
#1229=EDGE_CURVE('',#972,#842,#412,.T.);
#1230=EDGE_CURVE('',#970,#972,#413,.T.);
#1231=EDGE_CURVE('',#946,#842,#596,.T.);
#1232=EDGE_CURVE('',#972,#944,#597,.T.);
#1233=EDGE_CURVE('',#973,#969,#598,.T.);
#1234=EDGE_CURVE('',#974,#973,#599,.T.);
#1235=EDGE_CURVE('',#975,#974,#600,.T.);
#1236=EDGE_CURVE('',#976,#975,#414,.T.);
#1237=EDGE_CURVE('',#965,#976,#601,.T.);
#1238=EDGE_CURVE('',#968,#977,#602,.T.);
#1239=EDGE_CURVE('',#977,#978,#603,.T.);
#1240=EDGE_CURVE('',#973,#978,#604,.T.);
#1241=EDGE_CURVE('',#964,#977,#605,.T.);
#1242=EDGE_CURVE('',#971,#962,#606,.T.);
#1243=EDGE_CURVE('',#935,#979,#415,.T.);
#1244=EDGE_CURVE('',#979,#930,#607,.T.);
#1245=EDGE_CURVE('',#934,#980,#416,.T.);
#1246=EDGE_CURVE('',#980,#979,#417,.T.);
#1247=EDGE_CURVE('',#933,#981,#418,.T.);
#1248=EDGE_CURVE('',#981,#980,#608,.T.);
#1249=EDGE_CURVE('',#982,#983,#419,.T.);
#1250=EDGE_CURVE('',#983,#981,#420,.T.);
#1251=EDGE_CURVE('',#933,#982,#421,.T.);
#1252=EDGE_CURVE('',#984,#985,#422,.T.);
#1253=EDGE_CURVE('',#985,#983,#423,.T.);
#1254=EDGE_CURVE('',#982,#984,#424,.T.);
#1255=EDGE_CURVE('',#953,#986,#425,.T.);
#1256=EDGE_CURVE('',#986,#985,#426,.T.);
#1257=EDGE_CURVE('',#984,#953,#427,.T.);
#1258=EDGE_CURVE('',#952,#987,#428,.T.);
#1259=EDGE_CURVE('',#987,#986,#609,.T.);
#1260=EDGE_CURVE('',#951,#988,#429,.T.);
#1261=EDGE_CURVE('',#988,#987,#430,.T.);
#1262=EDGE_CURVE('',#967,#988,#610,.T.);
#1263=EDGE_CURVE('',#984,#989,#611,.T.);
#1264=EDGE_CURVE('',#954,#989,#431,.T.);
#1265=EDGE_CURVE('',#990,#982,#612,.T.);
#1266=EDGE_CURVE('',#989,#990,#432,.T.);
#1267=EDGE_CURVE('',#990,#932,#433,.T.);
#1268=EDGE_CURVE('',#889,#991,#613,.T.);
#1269=EDGE_CURVE('',#991,#868,#434,.T.);
#1270=EDGE_CURVE('',#992,#869,#435,.T.);
#1271=EDGE_CURVE('',#991,#992,#436,.T.);
#1272=EDGE_CURVE('',#993,#870,#437,.T.);
#1273=EDGE_CURVE('',#992,#993,#614,.T.);
#1274=EDGE_CURVE('',#994,#995,#438,.T.);
#1275=EDGE_CURVE('',#995,#870,#439,.T.);
#1276=EDGE_CURVE('',#993,#994,#440,.T.);
#1277=EDGE_CURVE('',#996,#997,#441,.T.);
#1278=EDGE_CURVE('',#997,#995,#442,.T.);
#1279=EDGE_CURVE('',#994,#996,#443,.T.);
#1280=EDGE_CURVE('',#998,#974,#444,.T.);
#1281=EDGE_CURVE('',#974,#997,#445,.T.);
#1282=EDGE_CURVE('',#996,#998,#446,.T.);
#1283=EDGE_CURVE('',#999,#975,#447,.T.);
#1284=EDGE_CURVE('',#998,#999,#615,.T.);
#1285=EDGE_CURVE('',#1000,#976,#448,.T.);
#1286=EDGE_CURVE('',#999,#1000,#449,.T.);
#1287=EDGE_CURVE('',#1000,#966,#616,.T.);
#1288=EDGE_CURVE('',#988,#1000,#617,.T.);
#1289=EDGE_CURVE('',#999,#987,#618,.T.);
#1290=EDGE_CURVE('',#1001,#992,#619,.T.);
#1291=EDGE_CURVE('',#1002,#1001,#620,.T.);
#1292=EDGE_CURVE('',#1003,#1002,#450,.T.);
#1293=EDGE_CURVE('',#1004,#1003,#451,.T.);
#1294=EDGE_CURVE('',#1005,#1004,#452,.T.);
#1295=EDGE_CURVE('',#1006,#1005,#621,.T.);
#1296=EDGE_CURVE('',#980,#1006,#622,.T.);
#1297=EDGE_CURVE('',#1007,#1007,#453,.T.);
#1298=EDGE_CURVE('',#991,#1008,#623,.T.);
#1299=EDGE_CURVE('',#1001,#1008,#454,.T.);
#1300=EDGE_CURVE('',#1008,#888,#624,.T.);
#1301=EDGE_CURVE('',#894,#1008,#455,.T.);
#1302=EDGE_CURVE('',#893,#1001,#456,.T.);
#1303=EDGE_CURVE('',#892,#1002,#457,.T.);
#1304=EDGE_CURVE('',#1009,#1003,#458,.T.);
#1305=EDGE_CURVE('',#892,#1009,#459,.T.);
#1306=EDGE_CURVE('',#1010,#1004,#460,.T.);
#1307=EDGE_CURVE('',#1009,#1010,#461,.T.);
#1308=EDGE_CURVE('',#911,#1005,#462,.T.);
#1309=EDGE_CURVE('',#1010,#911,#463,.T.);
#1310=EDGE_CURVE('',#910,#1006,#464,.T.);
#1311=EDGE_CURVE('',#909,#1011,#465,.T.);
#1312=EDGE_CURVE('',#1011,#1006,#466,.T.);
#1313=EDGE_CURVE('',#931,#1011,#625,.T.);
#1314=EDGE_CURVE('',#1010,#1012,#626,.T.);
#1315=EDGE_CURVE('',#912,#1012,#467,.T.);
#1316=EDGE_CURVE('',#1013,#1009,#627,.T.);
#1317=EDGE_CURVE('',#1012,#1013,#468,.T.);
#1318=EDGE_CURVE('',#1013,#891,#469,.T.);
#1319=EDGE_CURVE('',#886,#1014,#628,.T.);
#1320=EDGE_CURVE('',#891,#1014,#629,.T.);
#1321=EDGE_CURVE('',#1012,#1015,#630,.T.);
#1322=EDGE_CURVE('',#1015,#925,#470,.T.);
#1323=EDGE_CURVE('',#1013,#1016,#631,.T.);
#1324=EDGE_CURVE('',#1016,#1015,#471,.T.);
#1325=EDGE_CURVE('',#1014,#1016,#472,.T.);
#1326=EDGE_CURVE('',#871,#1017,#473,.T.);
#1327=EDGE_CURVE('',#1017,#1018,#632,.T.);
#1328=EDGE_CURVE('',#1018,#890,#474,.T.);
#1329=EDGE_CURVE('',#1019,#1020,#633,.T.);
#1330=EDGE_CURVE('',#1020,#1018,#475,.T.);
#1331=EDGE_CURVE('',#1017,#1019,#476,.T.);
#1332=EDGE_CURVE('',#1019,#973,#477,.T.);
#1333=EDGE_CURVE('',#978,#1020,#478,.T.);
#1334=EDGE_CURVE('',#989,#1021,#634,.T.);
#1335=EDGE_CURVE('',#1021,#963,#479,.T.);
#1336=EDGE_CURVE('',#990,#1022,#635,.T.);
#1337=EDGE_CURVE('',#1022,#1021,#480,.T.);
#1338=EDGE_CURVE('',#936,#1022,#481,.T.);
#1339=EDGE_CURVE('',#1019,#997,#636,.T.);
#1340=EDGE_CURVE('',#995,#1017,#637,.T.);
#1341=EDGE_CURVE('',#1023,#1023,#482,.T.);
#1342=EDGE_CURVE('',#1011,#979,#638,.T.);
#1343=EDGE_CURVE('',#1023,#1007,#639,.T.);
#1344=ORIENTED_EDGE('',*,*,#1024,.T.);
#1345=ORIENTED_EDGE('',*,*,#1025,.T.);
#1346=ORIENTED_EDGE('',*,*,#1026,.F.);
#1347=ORIENTED_EDGE('',*,*,#1027,.T.);
#1348=ORIENTED_EDGE('',*,*,#1028,.F.);
#1349=ORIENTED_EDGE('',*,*,#1029,.T.);
#1350=ORIENTED_EDGE('',*,*,#1030,.T.);
#1351=ORIENTED_EDGE('',*,*,#1031,.T.);
#1352=ORIENTED_EDGE('',*,*,#1032,.F.);
#1353=ORIENTED_EDGE('',*,*,#1033,.T.);
#1354=ORIENTED_EDGE('',*,*,#1034,.F.);
#1355=ORIENTED_EDGE('',*,*,#1035,.T.);
#1356=ORIENTED_EDGE('',*,*,#1036,.F.);
#1357=ORIENTED_EDGE('',*,*,#1030,.F.);
#1358=ORIENTED_EDGE('',*,*,#1037,.T.);
#1359=ORIENTED_EDGE('',*,*,#1038,.F.);
#1360=ORIENTED_EDGE('',*,*,#1037,.F.);
#1361=ORIENTED_EDGE('',*,*,#1039,.F.);
#1362=ORIENTED_EDGE('',*,*,#1024,.F.);
#1363=ORIENTED_EDGE('',*,*,#1040,.F.);
#1364=ORIENTED_EDGE('',*,*,#1041,.T.);
#1365=ORIENTED_EDGE('',*,*,#1042,.F.);
#1366=ORIENTED_EDGE('',*,*,#1041,.F.);
#1367=ORIENTED_EDGE('',*,*,#1043,.T.);
#1368=ORIENTED_EDGE('',*,*,#1044,.T.);
#1369=ORIENTED_EDGE('',*,*,#1045,.T.);
#1370=ORIENTED_EDGE('',*,*,#1046,.F.);
#1371=ORIENTED_EDGE('',*,*,#1047,.T.);
#1372=ORIENTED_EDGE('',*,*,#1048,.F.);
#1373=ORIENTED_EDGE('',*,*,#1049,.T.);
#1374=ORIENTED_EDGE('',*,*,#1050,.F.);
#1375=ORIENTED_EDGE('',*,*,#1044,.F.);
#1376=ORIENTED_EDGE('',*,*,#1051,.T.);
#1377=ORIENTED_EDGE('',*,*,#1052,.F.);
#1378=ORIENTED_EDGE('',*,*,#1051,.F.);
#1379=ORIENTED_EDGE('',*,*,#1043,.F.);
#1380=ORIENTED_EDGE('',*,*,#1053,.T.);
#1381=ORIENTED_EDGE('',*,*,#1054,.F.);
#1382=ORIENTED_EDGE('',*,*,#1055,.T.);
#1383=ORIENTED_EDGE('',*,*,#1056,.T.);
#1384=ORIENTED_EDGE('',*,*,#1057,.T.);
#1385=ORIENTED_EDGE('',*,*,#1058,.F.);
#1386=ORIENTED_EDGE('',*,*,#1059,.T.);
#1387=ORIENTED_EDGE('',*,*,#1060,.T.);
#1388=ORIENTED_EDGE('',*,*,#1058,.T.);
#1389=ORIENTED_EDGE('',*,*,#1061,.T.);
#1390=ORIENTED_EDGE('',*,*,#1062,.T.);
#1391=ORIENTED_EDGE('',*,*,#1063,.T.);
#1392=ORIENTED_EDGE('',*,*,#1062,.F.);
#1393=ORIENTED_EDGE('',*,*,#1064,.T.);
#1394=ORIENTED_EDGE('',*,*,#1065,.T.);
#1395=ORIENTED_EDGE('',*,*,#1066,.T.);
#1396=ORIENTED_EDGE('',*,*,#1054,.T.);
#1397=ORIENTED_EDGE('',*,*,#1067,.T.);
#1398=ORIENTED_EDGE('',*,*,#1065,.F.);
#1399=ORIENTED_EDGE('',*,*,#1068,.T.);
#1400=ORIENTED_EDGE('',*,*,#1056,.F.);
#1401=ORIENTED_EDGE('',*,*,#1069,.F.);
#1402=ORIENTED_EDGE('',*,*,#1070,.F.);
#1403=ORIENTED_EDGE('',*,*,#1071,.F.);
#1404=ORIENTED_EDGE('',*,*,#1072,.F.);
#1405=ORIENTED_EDGE('',*,*,#1073,.F.);
#1406=ORIENTED_EDGE('',*,*,#1074,.F.);
#1407=ORIENTED_EDGE('',*,*,#1075,.F.);
#1408=ORIENTED_EDGE('',*,*,#1076,.F.);
#1409=ORIENTED_EDGE('',*,*,#1077,.F.);
#1410=ORIENTED_EDGE('',*,*,#1078,.F.);
#1411=ORIENTED_EDGE('',*,*,#1055,.F.);
#1412=ORIENTED_EDGE('',*,*,#1068,.F.);
#1413=ORIENTED_EDGE('',*,*,#1079,.T.);
#1414=ORIENTED_EDGE('',*,*,#1080,.T.);
#1415=ORIENTED_EDGE('',*,*,#1069,.T.);
#1416=ORIENTED_EDGE('',*,*,#1064,.F.);
#1417=ORIENTED_EDGE('',*,*,#1081,.F.);
#1418=ORIENTED_EDGE('',*,*,#1082,.T.);
#1419=ORIENTED_EDGE('',*,*,#1079,.F.);
#1420=ORIENTED_EDGE('',*,*,#1061,.F.);
#1421=ORIENTED_EDGE('',*,*,#1057,.F.);
#1422=ORIENTED_EDGE('',*,*,#1083,.T.);
#1423=ORIENTED_EDGE('',*,*,#1084,.T.);
#1424=ORIENTED_EDGE('',*,*,#1081,.T.);
#1425=ORIENTED_EDGE('',*,*,#1085,.T.);
#1426=ORIENTED_EDGE('',*,*,#1086,.T.);
#1427=ORIENTED_EDGE('',*,*,#1087,.T.);
#1428=ORIENTED_EDGE('',*,*,#1088,.T.);
#1429=ORIENTED_EDGE('',*,*,#1089,.T.);
#1430=ORIENTED_EDGE('',*,*,#1090,.T.);
#1431=ORIENTED_EDGE('',*,*,#1028,.T.);
#1432=ORIENTED_EDGE('',*,*,#1087,.F.);
#1433=ORIENTED_EDGE('',*,*,#1091,.T.);
#1434=ORIENTED_EDGE('',*,*,#1063,.F.);
#1435=ORIENTED_EDGE('',*,*,#1092,.T.);
#1436=ORIENTED_EDGE('',*,*,#1090,.F.);
#1437=ORIENTED_EDGE('',*,*,#1093,.T.);
#1438=ORIENTED_EDGE('',*,*,#1059,.F.);
#1439=ORIENTED_EDGE('',*,*,#1089,.F.);
#1440=ORIENTED_EDGE('',*,*,#1094,.T.);
#1441=ORIENTED_EDGE('',*,*,#1095,.F.);
#1442=ORIENTED_EDGE('',*,*,#1096,.F.);
#1443=ORIENTED_EDGE('',*,*,#1097,.T.);
#1444=ORIENTED_EDGE('',*,*,#1098,.F.);
#1445=ORIENTED_EDGE('',*,*,#1088,.F.);
#1446=ORIENTED_EDGE('',*,*,#1027,.F.);
#1447=ORIENTED_EDGE('',*,*,#1099,.F.);
#1448=ORIENTED_EDGE('',*,*,#1094,.F.);
#1449=ORIENTED_EDGE('',*,*,#1039,.T.);
#1450=ORIENTED_EDGE('',*,*,#1040,.T.);
#1451=ORIENTED_EDGE('',*,*,#1029,.F.);
#1452=ORIENTED_EDGE('',*,*,#1092,.F.);
#1453=ORIENTED_EDGE('',*,*,#1066,.F.);
#1454=ORIENTED_EDGE('',*,*,#1100,.F.);
#1455=ORIENTED_EDGE('',*,*,#1025,.F.);
#1456=ORIENTED_EDGE('',*,*,#1084,.F.);
#1457=ORIENTED_EDGE('',*,*,#1101,.T.);
#1458=ORIENTED_EDGE('',*,*,#1102,.F.);
#1459=ORIENTED_EDGE('',*,*,#1103,.T.);
#1460=ORIENTED_EDGE('',*,*,#1104,.F.);
#1461=ORIENTED_EDGE('',*,*,#1070,.T.);
#1462=ORIENTED_EDGE('',*,*,#1080,.F.);
#1463=ORIENTED_EDGE('',*,*,#1082,.F.);
#1464=ORIENTED_EDGE('',*,*,#1042,.T.);
#1465=ORIENTED_EDGE('',*,*,#1095,.T.);
#1466=ORIENTED_EDGE('',*,*,#1099,.T.);
#1467=ORIENTED_EDGE('',*,*,#1105,.T.);
#1468=ORIENTED_EDGE('',*,*,#1076,.T.);
#1469=ORIENTED_EDGE('',*,*,#1106,.T.);
#1470=ORIENTED_EDGE('',*,*,#1107,.T.);
#1471=ORIENTED_EDGE('',*,*,#1077,.T.);
#1472=ORIENTED_EDGE('',*,*,#1105,.F.);
#1473=ORIENTED_EDGE('',*,*,#1026,.T.);
#1474=ORIENTED_EDGE('',*,*,#1053,.F.);
#1475=ORIENTED_EDGE('',*,*,#1078,.T.);
#1476=ORIENTED_EDGE('',*,*,#1107,.F.);
#1477=ORIENTED_EDGE('',*,*,#1100,.T.);
#1478=ORIENTED_EDGE('',*,*,#1067,.F.);
#1479=ORIENTED_EDGE('',*,*,#1106,.F.);
#1480=ORIENTED_EDGE('',*,*,#1075,.T.);
#1481=ORIENTED_EDGE('',*,*,#1108,.T.);
#1482=ORIENTED_EDGE('',*,*,#1109,.T.);
#1483=ORIENTED_EDGE('',*,*,#1096,.T.);
#1484=ORIENTED_EDGE('',*,*,#1060,.F.);
#1485=ORIENTED_EDGE('',*,*,#1093,.F.);
#1486=ORIENTED_EDGE('',*,*,#1091,.F.);
#1487=ORIENTED_EDGE('',*,*,#1086,.F.);
#1488=ORIENTED_EDGE('',*,*,#1110,.F.);
#1489=ORIENTED_EDGE('',*,*,#1111,.F.);
#1490=ORIENTED_EDGE('',*,*,#1112,.F.);
#1491=ORIENTED_EDGE('',*,*,#1113,.F.);
#1492=ORIENTED_EDGE('',*,*,#1114,.F.);
#1493=ORIENTED_EDGE('',*,*,#1101,.F.);
#1494=ORIENTED_EDGE('',*,*,#1083,.F.);
#1495=ORIENTED_EDGE('',*,*,#1115,.T.);
#1496=ORIENTED_EDGE('',*,*,#1116,.F.);
#1497=ORIENTED_EDGE('',*,*,#1117,.T.);
#1498=ORIENTED_EDGE('',*,*,#1118,.T.);
#1499=ORIENTED_EDGE('',*,*,#1119,.T.);
#1500=ORIENTED_EDGE('',*,*,#1120,.F.);
#1501=ORIENTED_EDGE('',*,*,#1121,.T.);
#1502=ORIENTED_EDGE('',*,*,#1122,.T.);
#1503=ORIENTED_EDGE('',*,*,#1120,.T.);
#1504=ORIENTED_EDGE('',*,*,#1123,.T.);
#1505=ORIENTED_EDGE('',*,*,#1124,.T.);
#1506=ORIENTED_EDGE('',*,*,#1125,.T.);
#1507=ORIENTED_EDGE('',*,*,#1124,.F.);
#1508=ORIENTED_EDGE('',*,*,#1126,.T.);
#1509=ORIENTED_EDGE('',*,*,#1127,.T.);
#1510=ORIENTED_EDGE('',*,*,#1128,.T.);
#1511=ORIENTED_EDGE('',*,*,#1116,.T.);
#1512=ORIENTED_EDGE('',*,*,#1129,.T.);
#1513=ORIENTED_EDGE('',*,*,#1127,.F.);
#1514=ORIENTED_EDGE('',*,*,#1130,.T.);
#1515=ORIENTED_EDGE('',*,*,#1118,.F.);
#1516=ORIENTED_EDGE('',*,*,#1131,.F.);
#1517=ORIENTED_EDGE('',*,*,#1132,.F.);
#1518=ORIENTED_EDGE('',*,*,#1133,.F.);
#1519=ORIENTED_EDGE('',*,*,#1134,.F.);
#1520=ORIENTED_EDGE('',*,*,#1135,.F.);
#1521=ORIENTED_EDGE('',*,*,#1136,.F.);
#1522=ORIENTED_EDGE('',*,*,#1137,.F.);
#1523=ORIENTED_EDGE('',*,*,#1138,.F.);
#1524=ORIENTED_EDGE('',*,*,#1139,.F.);
#1525=ORIENTED_EDGE('',*,*,#1140,.F.);
#1526=ORIENTED_EDGE('',*,*,#1117,.F.);
#1527=ORIENTED_EDGE('',*,*,#1130,.F.);
#1528=ORIENTED_EDGE('',*,*,#1141,.T.);
#1529=ORIENTED_EDGE('',*,*,#1142,.T.);
#1530=ORIENTED_EDGE('',*,*,#1131,.T.);
#1531=ORIENTED_EDGE('',*,*,#1126,.F.);
#1532=ORIENTED_EDGE('',*,*,#1143,.F.);
#1533=ORIENTED_EDGE('',*,*,#1144,.T.);
#1534=ORIENTED_EDGE('',*,*,#1141,.F.);
#1535=ORIENTED_EDGE('',*,*,#1123,.F.);
#1536=ORIENTED_EDGE('',*,*,#1119,.F.);
#1537=ORIENTED_EDGE('',*,*,#1145,.T.);
#1538=ORIENTED_EDGE('',*,*,#1146,.T.);
#1539=ORIENTED_EDGE('',*,*,#1143,.T.);
#1540=ORIENTED_EDGE('',*,*,#1147,.T.);
#1541=ORIENTED_EDGE('',*,*,#1148,.T.);
#1542=ORIENTED_EDGE('',*,*,#1149,.T.);
#1543=ORIENTED_EDGE('',*,*,#1138,.T.);
#1544=ORIENTED_EDGE('',*,*,#1150,.T.);
#1545=ORIENTED_EDGE('',*,*,#1151,.T.);
#1546=ORIENTED_EDGE('',*,*,#1139,.T.);
#1547=ORIENTED_EDGE('',*,*,#1149,.F.);
#1548=ORIENTED_EDGE('',*,*,#1046,.T.);
#1549=ORIENTED_EDGE('',*,*,#1115,.F.);
#1550=ORIENTED_EDGE('',*,*,#1140,.T.);
#1551=ORIENTED_EDGE('',*,*,#1151,.F.);
#1552=ORIENTED_EDGE('',*,*,#1152,.T.);
#1553=ORIENTED_EDGE('',*,*,#1129,.F.);
#1554=ORIENTED_EDGE('',*,*,#1050,.T.);
#1555=ORIENTED_EDGE('',*,*,#1049,.F.);
#1556=ORIENTED_EDGE('',*,*,#1153,.F.);
#1557=ORIENTED_EDGE('',*,*,#1128,.F.);
#1558=ORIENTED_EDGE('',*,*,#1152,.F.);
#1559=ORIENTED_EDGE('',*,*,#1045,.F.);
#1560=ORIENTED_EDGE('',*,*,#1148,.F.);
#1561=ORIENTED_EDGE('',*,*,#1154,.F.);
#1562=ORIENTED_EDGE('',*,*,#1155,.F.);
#1563=ORIENTED_EDGE('',*,*,#1047,.F.);
#1564=ORIENTED_EDGE('',*,*,#1147,.F.);
#1565=ORIENTED_EDGE('',*,*,#1156,.F.);
#1566=ORIENTED_EDGE('',*,*,#1157,.T.);
#1567=ORIENTED_EDGE('',*,*,#1158,.F.);
#1568=ORIENTED_EDGE('',*,*,#1159,.F.);
#1569=ORIENTED_EDGE('',*,*,#1154,.T.);
#1570=ORIENTED_EDGE('',*,*,#1150,.F.);
#1571=ORIENTED_EDGE('',*,*,#1137,.T.);
#1572=ORIENTED_EDGE('',*,*,#1160,.T.);
#1573=ORIENTED_EDGE('',*,*,#1161,.T.);
#1574=ORIENTED_EDGE('',*,*,#1156,.T.);
#1575=ORIENTED_EDGE('',*,*,#1162,.T.);
#1576=ORIENTED_EDGE('',*,*,#1163,.T.);
#1577=ORIENTED_EDGE('',*,*,#1164,.T.);
#1578=ORIENTED_EDGE('',*,*,#1155,.T.);
#1579=ORIENTED_EDGE('',*,*,#1159,.T.);
#1580=ORIENTED_EDGE('',*,*,#1165,.T.);
#1581=ORIENTED_EDGE('',*,*,#1048,.T.);
#1582=ORIENTED_EDGE('',*,*,#1164,.F.);
#1583=ORIENTED_EDGE('',*,*,#1166,.T.);
#1584=ORIENTED_EDGE('',*,*,#1125,.F.);
#1585=ORIENTED_EDGE('',*,*,#1153,.T.);
#1586=ORIENTED_EDGE('',*,*,#1165,.F.);
#1587=ORIENTED_EDGE('',*,*,#1167,.T.);
#1588=ORIENTED_EDGE('',*,*,#1121,.F.);
#1589=ORIENTED_EDGE('',*,*,#1142,.F.);
#1590=ORIENTED_EDGE('',*,*,#1144,.F.);
#1591=ORIENTED_EDGE('',*,*,#1146,.F.);
#1592=ORIENTED_EDGE('',*,*,#1168,.T.);
#1593=ORIENTED_EDGE('',*,*,#1169,.F.);
#1594=ORIENTED_EDGE('',*,*,#1170,.T.);
#1595=ORIENTED_EDGE('',*,*,#1171,.F.);
#1596=ORIENTED_EDGE('',*,*,#1132,.T.);
#1597=ORIENTED_EDGE('',*,*,#1052,.T.);
#1598=ORIENTED_EDGE('',*,*,#1122,.F.);
#1599=ORIENTED_EDGE('',*,*,#1167,.F.);
#1600=ORIENTED_EDGE('',*,*,#1166,.F.);
#1601=ORIENTED_EDGE('',*,*,#1163,.F.);
#1602=ORIENTED_EDGE('',*,*,#1172,.F.);
#1603=ORIENTED_EDGE('',*,*,#1173,.F.);
#1604=ORIENTED_EDGE('',*,*,#1174,.F.);
#1605=ORIENTED_EDGE('',*,*,#1175,.F.);
#1606=ORIENTED_EDGE('',*,*,#1176,.F.);
#1607=ORIENTED_EDGE('',*,*,#1168,.F.);
#1608=ORIENTED_EDGE('',*,*,#1145,.F.);
#1609=ORIENTED_EDGE('',*,*,#1162,.F.);
#1610=ORIENTED_EDGE('',*,*,#1158,.T.);
#1611=ORIENTED_EDGE('',*,*,#1177,.T.);
#1612=ORIENTED_EDGE('',*,*,#1178,.F.);
#1613=ORIENTED_EDGE('',*,*,#1172,.T.);
#1614=ORIENTED_EDGE('',*,*,#1179,.T.);
#1615=ORIENTED_EDGE('',*,*,#1180,.F.);
#1616=ORIENTED_EDGE('',*,*,#1181,.T.);
#1617=ORIENTED_EDGE('',*,*,#1182,.T.);
#1618=ORIENTED_EDGE('',*,*,#1183,.T.);
#1619=ORIENTED_EDGE('',*,*,#1184,.F.);
#1620=ORIENTED_EDGE('',*,*,#1185,.T.);
#1621=ORIENTED_EDGE('',*,*,#1186,.T.);
#1622=ORIENTED_EDGE('',*,*,#1184,.T.);
#1623=ORIENTED_EDGE('',*,*,#1187,.T.);
#1624=ORIENTED_EDGE('',*,*,#1188,.T.);
#1625=ORIENTED_EDGE('',*,*,#1189,.T.);
#1626=ORIENTED_EDGE('',*,*,#1188,.F.);
#1627=ORIENTED_EDGE('',*,*,#1190,.T.);
#1628=ORIENTED_EDGE('',*,*,#1191,.T.);
#1629=ORIENTED_EDGE('',*,*,#1192,.T.);
#1630=ORIENTED_EDGE('',*,*,#1180,.T.);
#1631=ORIENTED_EDGE('',*,*,#1193,.T.);
#1632=ORIENTED_EDGE('',*,*,#1191,.F.);
#1633=ORIENTED_EDGE('',*,*,#1194,.T.);
#1634=ORIENTED_EDGE('',*,*,#1182,.F.);
#1635=ORIENTED_EDGE('',*,*,#1195,.F.);
#1636=ORIENTED_EDGE('',*,*,#1196,.F.);
#1637=ORIENTED_EDGE('',*,*,#1197,.F.);
#1638=ORIENTED_EDGE('',*,*,#1198,.F.);
#1639=ORIENTED_EDGE('',*,*,#1199,.F.);
#1640=ORIENTED_EDGE('',*,*,#1200,.F.);
#1641=ORIENTED_EDGE('',*,*,#1201,.F.);
#1642=ORIENTED_EDGE('',*,*,#1202,.F.);
#1643=ORIENTED_EDGE('',*,*,#1203,.F.);
#1644=ORIENTED_EDGE('',*,*,#1204,.F.);
#1645=ORIENTED_EDGE('',*,*,#1181,.F.);
#1646=ORIENTED_EDGE('',*,*,#1194,.F.);
#1647=ORIENTED_EDGE('',*,*,#1205,.T.);
#1648=ORIENTED_EDGE('',*,*,#1206,.T.);
#1649=ORIENTED_EDGE('',*,*,#1195,.T.);
#1650=ORIENTED_EDGE('',*,*,#1190,.F.);
#1651=ORIENTED_EDGE('',*,*,#1207,.F.);
#1652=ORIENTED_EDGE('',*,*,#1208,.T.);
#1653=ORIENTED_EDGE('',*,*,#1205,.F.);
#1654=ORIENTED_EDGE('',*,*,#1187,.F.);
#1655=ORIENTED_EDGE('',*,*,#1183,.F.);
#1656=ORIENTED_EDGE('',*,*,#1209,.T.);
#1657=ORIENTED_EDGE('',*,*,#1210,.T.);
#1658=ORIENTED_EDGE('',*,*,#1207,.T.);
#1659=ORIENTED_EDGE('',*,*,#1211,.T.);
#1660=ORIENTED_EDGE('',*,*,#1212,.T.);
#1661=ORIENTED_EDGE('',*,*,#1213,.T.);
#1662=ORIENTED_EDGE('',*,*,#1202,.T.);
#1663=ORIENTED_EDGE('',*,*,#1214,.T.);
#1664=ORIENTED_EDGE('',*,*,#1215,.T.);
#1665=ORIENTED_EDGE('',*,*,#1203,.T.);
#1666=ORIENTED_EDGE('',*,*,#1213,.F.);
#1667=ORIENTED_EDGE('',*,*,#1032,.T.);
#1668=ORIENTED_EDGE('',*,*,#1179,.F.);
#1669=ORIENTED_EDGE('',*,*,#1204,.T.);
#1670=ORIENTED_EDGE('',*,*,#1215,.F.);
#1671=ORIENTED_EDGE('',*,*,#1216,.T.);
#1672=ORIENTED_EDGE('',*,*,#1193,.F.);
#1673=ORIENTED_EDGE('',*,*,#1214,.F.);
#1674=ORIENTED_EDGE('',*,*,#1201,.T.);
#1675=ORIENTED_EDGE('',*,*,#1217,.T.);
#1676=ORIENTED_EDGE('',*,*,#1218,.T.);
#1677=ORIENTED_EDGE('',*,*,#1219,.T.);
#1678=ORIENTED_EDGE('',*,*,#1206,.F.);
#1679=ORIENTED_EDGE('',*,*,#1208,.F.);
#1680=ORIENTED_EDGE('',*,*,#1210,.F.);
#1681=ORIENTED_EDGE('',*,*,#1220,.T.);
#1682=ORIENTED_EDGE('',*,*,#1221,.F.);
#1683=ORIENTED_EDGE('',*,*,#1222,.T.);
#1684=ORIENTED_EDGE('',*,*,#1223,.F.);
#1685=ORIENTED_EDGE('',*,*,#1196,.T.);
#1686=ORIENTED_EDGE('',*,*,#1038,.T.);
#1687=ORIENTED_EDGE('',*,*,#1224,.T.);
#1688=ORIENTED_EDGE('',*,*,#1225,.T.);
#1689=ORIENTED_EDGE('',*,*,#1226,.T.);
#1690=ORIENTED_EDGE('',*,*,#1227,.T.);
#1691=ORIENTED_EDGE('',*,*,#1228,.T.);
#1692=ORIENTED_EDGE('',*,*,#1229,.T.);
#1693=ORIENTED_EDGE('',*,*,#1034,.T.);
#1694=ORIENTED_EDGE('',*,*,#1226,.F.);
#1695=ORIENTED_EDGE('',*,*,#1230,.T.);
#1696=ORIENTED_EDGE('',*,*,#1189,.F.);
#1697=ORIENTED_EDGE('',*,*,#1231,.T.);
#1698=ORIENTED_EDGE('',*,*,#1229,.F.);
#1699=ORIENTED_EDGE('',*,*,#1232,.T.);
#1700=ORIENTED_EDGE('',*,*,#1185,.F.);
#1701=ORIENTED_EDGE('',*,*,#1186,.F.);
#1702=ORIENTED_EDGE('',*,*,#1232,.F.);
#1703=ORIENTED_EDGE('',*,*,#1230,.F.);
#1704=ORIENTED_EDGE('',*,*,#1225,.F.);
#1705=ORIENTED_EDGE('',*,*,#1233,.F.);
#1706=ORIENTED_EDGE('',*,*,#1234,.F.);
#1707=ORIENTED_EDGE('',*,*,#1235,.F.);
#1708=ORIENTED_EDGE('',*,*,#1236,.F.);
#1709=ORIENTED_EDGE('',*,*,#1237,.F.);
#1710=ORIENTED_EDGE('',*,*,#1220,.F.);
#1711=ORIENTED_EDGE('',*,*,#1209,.F.);
#1712=ORIENTED_EDGE('',*,*,#1224,.F.);
#1713=ORIENTED_EDGE('',*,*,#1238,.T.);
#1714=ORIENTED_EDGE('',*,*,#1239,.T.);
#1715=ORIENTED_EDGE('',*,*,#1240,.F.);
#1716=ORIENTED_EDGE('',*,*,#1233,.T.);
#1717=ORIENTED_EDGE('',*,*,#1036,.T.);
#1718=ORIENTED_EDGE('',*,*,#1035,.F.);
#1719=ORIENTED_EDGE('',*,*,#1231,.F.);
#1720=ORIENTED_EDGE('',*,*,#1192,.F.);
#1721=ORIENTED_EDGE('',*,*,#1216,.F.);
#1722=ORIENTED_EDGE('',*,*,#1031,.F.);
#1723=ORIENTED_EDGE('',*,*,#1211,.F.);
#1724=ORIENTED_EDGE('',*,*,#1219,.F.);
#1725=ORIENTED_EDGE('',*,*,#1241,.T.);
#1726=ORIENTED_EDGE('',*,*,#1238,.F.);
#1727=ORIENTED_EDGE('',*,*,#1228,.F.);
#1728=ORIENTED_EDGE('',*,*,#1242,.T.);
#1729=ORIENTED_EDGE('',*,*,#1212,.F.);
#1730=ORIENTED_EDGE('',*,*,#1242,.F.);
#1731=ORIENTED_EDGE('',*,*,#1227,.F.);
#1732=ORIENTED_EDGE('',*,*,#1033,.F.);
#1733=ORIENTED_EDGE('',*,*,#1169,.T.);
#1734=ORIENTED_EDGE('',*,*,#1176,.T.);
#1735=ORIENTED_EDGE('',*,*,#1243,.T.);
#1736=ORIENTED_EDGE('',*,*,#1244,.T.);
#1737=ORIENTED_EDGE('',*,*,#1245,.T.);
#1738=ORIENTED_EDGE('',*,*,#1246,.T.);
#1739=ORIENTED_EDGE('',*,*,#1243,.F.);
#1740=ORIENTED_EDGE('',*,*,#1175,.T.);
#1741=ORIENTED_EDGE('',*,*,#1247,.T.);
#1742=ORIENTED_EDGE('',*,*,#1248,.T.);
#1743=ORIENTED_EDGE('',*,*,#1245,.F.);
#1744=ORIENTED_EDGE('',*,*,#1174,.T.);
#1745=ORIENTED_EDGE('',*,*,#1249,.T.);
#1746=ORIENTED_EDGE('',*,*,#1250,.T.);
#1747=ORIENTED_EDGE('',*,*,#1247,.F.);
#1748=ORIENTED_EDGE('',*,*,#1251,.T.);
#1749=ORIENTED_EDGE('',*,*,#1252,.T.);
#1750=ORIENTED_EDGE('',*,*,#1253,.T.);
#1751=ORIENTED_EDGE('',*,*,#1249,.F.);
#1752=ORIENTED_EDGE('',*,*,#1254,.T.);
#1753=ORIENTED_EDGE('',*,*,#1255,.T.);
#1754=ORIENTED_EDGE('',*,*,#1256,.T.);
#1755=ORIENTED_EDGE('',*,*,#1252,.F.);
#1756=ORIENTED_EDGE('',*,*,#1257,.T.);
#1757=ORIENTED_EDGE('',*,*,#1258,.T.);
#1758=ORIENTED_EDGE('',*,*,#1259,.T.);
#1759=ORIENTED_EDGE('',*,*,#1255,.F.);
#1760=ORIENTED_EDGE('',*,*,#1199,.T.);
#1761=ORIENTED_EDGE('',*,*,#1260,.T.);
#1762=ORIENTED_EDGE('',*,*,#1261,.T.);
#1763=ORIENTED_EDGE('',*,*,#1258,.F.);
#1764=ORIENTED_EDGE('',*,*,#1198,.T.);
#1765=ORIENTED_EDGE('',*,*,#1223,.T.);
#1766=ORIENTED_EDGE('',*,*,#1262,.T.);
#1767=ORIENTED_EDGE('',*,*,#1260,.F.);
#1768=ORIENTED_EDGE('',*,*,#1197,.T.);
#1769=ORIENTED_EDGE('',*,*,#1257,.F.);
#1770=ORIENTED_EDGE('',*,*,#1263,.T.);
#1771=ORIENTED_EDGE('',*,*,#1264,.F.);
#1772=ORIENTED_EDGE('',*,*,#1200,.T.);
#1773=ORIENTED_EDGE('',*,*,#1254,.F.);
#1774=ORIENTED_EDGE('',*,*,#1265,.F.);
#1775=ORIENTED_EDGE('',*,*,#1266,.F.);
#1776=ORIENTED_EDGE('',*,*,#1263,.F.);
#1777=ORIENTED_EDGE('',*,*,#1251,.F.);
#1778=ORIENTED_EDGE('',*,*,#1173,.T.);
#1779=ORIENTED_EDGE('',*,*,#1267,.F.);
#1780=ORIENTED_EDGE('',*,*,#1265,.T.);
#1781=ORIENTED_EDGE('',*,*,#1104,.T.);
#1782=ORIENTED_EDGE('',*,*,#1268,.T.);
#1783=ORIENTED_EDGE('',*,*,#1269,.T.);
#1784=ORIENTED_EDGE('',*,*,#1071,.T.);
#1785=ORIENTED_EDGE('',*,*,#1270,.T.);
#1786=ORIENTED_EDGE('',*,*,#1072,.T.);
#1787=ORIENTED_EDGE('',*,*,#1269,.F.);
#1788=ORIENTED_EDGE('',*,*,#1271,.T.);
#1789=ORIENTED_EDGE('',*,*,#1272,.T.);
#1790=ORIENTED_EDGE('',*,*,#1073,.T.);
#1791=ORIENTED_EDGE('',*,*,#1270,.F.);
#1792=ORIENTED_EDGE('',*,*,#1273,.T.);
#1793=ORIENTED_EDGE('',*,*,#1274,.T.);
#1794=ORIENTED_EDGE('',*,*,#1275,.T.);
#1795=ORIENTED_EDGE('',*,*,#1272,.F.);
#1796=ORIENTED_EDGE('',*,*,#1276,.T.);
#1797=ORIENTED_EDGE('',*,*,#1277,.T.);
#1798=ORIENTED_EDGE('',*,*,#1278,.T.);
#1799=ORIENTED_EDGE('',*,*,#1274,.F.);
#1800=ORIENTED_EDGE('',*,*,#1279,.T.);
#1801=ORIENTED_EDGE('',*,*,#1280,.T.);
#1802=ORIENTED_EDGE('',*,*,#1281,.T.);
#1803=ORIENTED_EDGE('',*,*,#1277,.F.);
#1804=ORIENTED_EDGE('',*,*,#1282,.T.);
#1805=ORIENTED_EDGE('',*,*,#1283,.T.);
#1806=ORIENTED_EDGE('',*,*,#1235,.T.);
#1807=ORIENTED_EDGE('',*,*,#1280,.F.);
#1808=ORIENTED_EDGE('',*,*,#1284,.T.);
#1809=ORIENTED_EDGE('',*,*,#1285,.T.);
#1810=ORIENTED_EDGE('',*,*,#1236,.T.);
#1811=ORIENTED_EDGE('',*,*,#1283,.F.);
#1812=ORIENTED_EDGE('',*,*,#1286,.T.);
#1813=ORIENTED_EDGE('',*,*,#1221,.T.);
#1814=ORIENTED_EDGE('',*,*,#1237,.T.);
#1815=ORIENTED_EDGE('',*,*,#1285,.F.);
#1816=ORIENTED_EDGE('',*,*,#1287,.T.);
#1817=ORIENTED_EDGE('',*,*,#1262,.F.);
#1818=ORIENTED_EDGE('',*,*,#1222,.F.);
#1819=ORIENTED_EDGE('',*,*,#1287,.F.);
#1820=ORIENTED_EDGE('',*,*,#1288,.F.);
#1821=ORIENTED_EDGE('',*,*,#1261,.F.);
#1822=ORIENTED_EDGE('',*,*,#1288,.T.);
#1823=ORIENTED_EDGE('',*,*,#1286,.F.);
#1824=ORIENTED_EDGE('',*,*,#1289,.T.);
#1825=ORIENTED_EDGE('',*,*,#1259,.F.);
#1826=ORIENTED_EDGE('',*,*,#1289,.F.);
#1827=ORIENTED_EDGE('',*,*,#1284,.F.);
#1828=ORIENTED_EDGE('',*,*,#1282,.F.);
#1829=ORIENTED_EDGE('',*,*,#1279,.F.);
#1830=ORIENTED_EDGE('',*,*,#1276,.F.);
#1831=ORIENTED_EDGE('',*,*,#1273,.F.);
#1832=ORIENTED_EDGE('',*,*,#1290,.F.);
#1833=ORIENTED_EDGE('',*,*,#1291,.F.);
#1834=ORIENTED_EDGE('',*,*,#1292,.F.);
#1835=ORIENTED_EDGE('',*,*,#1293,.F.);
#1836=ORIENTED_EDGE('',*,*,#1294,.F.);
#1837=ORIENTED_EDGE('',*,*,#1295,.F.);
#1838=ORIENTED_EDGE('',*,*,#1296,.F.);
#1839=ORIENTED_EDGE('',*,*,#1248,.F.);
#1840=ORIENTED_EDGE('',*,*,#1250,.F.);
#1841=ORIENTED_EDGE('',*,*,#1253,.F.);
#1842=ORIENTED_EDGE('',*,*,#1256,.F.);
#1843=ORIENTED_EDGE('',*,*,#1297,.T.);
#1844=ORIENTED_EDGE('',*,*,#1271,.F.);
#1845=ORIENTED_EDGE('',*,*,#1298,.T.);
#1846=ORIENTED_EDGE('',*,*,#1299,.F.);
#1847=ORIENTED_EDGE('',*,*,#1290,.T.);
#1848=ORIENTED_EDGE('',*,*,#1268,.F.);
#1849=ORIENTED_EDGE('',*,*,#1103,.F.);
#1850=ORIENTED_EDGE('',*,*,#1300,.F.);
#1851=ORIENTED_EDGE('',*,*,#1298,.F.);
#1852=ORIENTED_EDGE('',*,*,#1102,.T.);
#1853=ORIENTED_EDGE('',*,*,#1114,.T.);
#1854=ORIENTED_EDGE('',*,*,#1301,.T.);
#1855=ORIENTED_EDGE('',*,*,#1300,.T.);
#1856=ORIENTED_EDGE('',*,*,#1302,.T.);
#1857=ORIENTED_EDGE('',*,*,#1299,.T.);
#1858=ORIENTED_EDGE('',*,*,#1301,.F.);
#1859=ORIENTED_EDGE('',*,*,#1113,.T.);
#1860=ORIENTED_EDGE('',*,*,#1303,.T.);
#1861=ORIENTED_EDGE('',*,*,#1291,.T.);
#1862=ORIENTED_EDGE('',*,*,#1302,.F.);
#1863=ORIENTED_EDGE('',*,*,#1112,.T.);
#1864=ORIENTED_EDGE('',*,*,#1304,.T.);
#1865=ORIENTED_EDGE('',*,*,#1292,.T.);
#1866=ORIENTED_EDGE('',*,*,#1303,.F.);
#1867=ORIENTED_EDGE('',*,*,#1305,.T.);
#1868=ORIENTED_EDGE('',*,*,#1306,.T.);
#1869=ORIENTED_EDGE('',*,*,#1293,.T.);
#1870=ORIENTED_EDGE('',*,*,#1304,.F.);
#1871=ORIENTED_EDGE('',*,*,#1307,.T.);
#1872=ORIENTED_EDGE('',*,*,#1308,.T.);
#1873=ORIENTED_EDGE('',*,*,#1294,.T.);
#1874=ORIENTED_EDGE('',*,*,#1306,.F.);
#1875=ORIENTED_EDGE('',*,*,#1309,.T.);
#1876=ORIENTED_EDGE('',*,*,#1310,.T.);
#1877=ORIENTED_EDGE('',*,*,#1295,.T.);
#1878=ORIENTED_EDGE('',*,*,#1308,.F.);
#1879=ORIENTED_EDGE('',*,*,#1135,.T.);
#1880=ORIENTED_EDGE('',*,*,#1311,.T.);
#1881=ORIENTED_EDGE('',*,*,#1312,.T.);
#1882=ORIENTED_EDGE('',*,*,#1310,.F.);
#1883=ORIENTED_EDGE('',*,*,#1134,.T.);
#1884=ORIENTED_EDGE('',*,*,#1171,.T.);
#1885=ORIENTED_EDGE('',*,*,#1313,.T.);
#1886=ORIENTED_EDGE('',*,*,#1311,.F.);
#1887=ORIENTED_EDGE('',*,*,#1133,.T.);
#1888=ORIENTED_EDGE('',*,*,#1309,.F.);
#1889=ORIENTED_EDGE('',*,*,#1314,.T.);
#1890=ORIENTED_EDGE('',*,*,#1315,.F.);
#1891=ORIENTED_EDGE('',*,*,#1136,.T.);
#1892=ORIENTED_EDGE('',*,*,#1307,.F.);
#1893=ORIENTED_EDGE('',*,*,#1316,.F.);
#1894=ORIENTED_EDGE('',*,*,#1317,.F.);
#1895=ORIENTED_EDGE('',*,*,#1314,.F.);
#1896=ORIENTED_EDGE('',*,*,#1305,.F.);
#1897=ORIENTED_EDGE('',*,*,#1111,.T.);
#1898=ORIENTED_EDGE('',*,*,#1318,.F.);
#1899=ORIENTED_EDGE('',*,*,#1316,.T.);
#1900=ORIENTED_EDGE('',*,*,#1085,.F.);
#1901=ORIENTED_EDGE('',*,*,#1098,.T.);
#1902=ORIENTED_EDGE('',*,*,#1319,.T.);
#1903=ORIENTED_EDGE('',*,*,#1320,.F.);
#1904=ORIENTED_EDGE('',*,*,#1110,.T.);
#1905=ORIENTED_EDGE('',*,*,#1160,.F.);
#1906=ORIENTED_EDGE('',*,*,#1315,.T.);
#1907=ORIENTED_EDGE('',*,*,#1321,.T.);
#1908=ORIENTED_EDGE('',*,*,#1322,.T.);
#1909=ORIENTED_EDGE('',*,*,#1323,.T.);
#1910=ORIENTED_EDGE('',*,*,#1324,.T.);
#1911=ORIENTED_EDGE('',*,*,#1321,.F.);
#1912=ORIENTED_EDGE('',*,*,#1317,.T.);
#1913=ORIENTED_EDGE('',*,*,#1323,.F.);
#1914=ORIENTED_EDGE('',*,*,#1318,.T.);
#1915=ORIENTED_EDGE('',*,*,#1320,.T.);
#1916=ORIENTED_EDGE('',*,*,#1325,.T.);
#1917=ORIENTED_EDGE('',*,*,#1108,.F.);
#1918=ORIENTED_EDGE('',*,*,#1326,.T.);
#1919=ORIENTED_EDGE('',*,*,#1327,.T.);
#1920=ORIENTED_EDGE('',*,*,#1328,.T.);
#1921=ORIENTED_EDGE('',*,*,#1329,.T.);
#1922=ORIENTED_EDGE('',*,*,#1330,.T.);
#1923=ORIENTED_EDGE('',*,*,#1327,.F.);
#1924=ORIENTED_EDGE('',*,*,#1331,.T.);
#1925=ORIENTED_EDGE('',*,*,#1329,.F.);
#1926=ORIENTED_EDGE('',*,*,#1332,.T.);
#1927=ORIENTED_EDGE('',*,*,#1240,.T.);
#1928=ORIENTED_EDGE('',*,*,#1333,.T.);
#1929=ORIENTED_EDGE('',*,*,#1217,.F.);
#1930=ORIENTED_EDGE('',*,*,#1264,.T.);
#1931=ORIENTED_EDGE('',*,*,#1334,.T.);
#1932=ORIENTED_EDGE('',*,*,#1335,.T.);
#1933=ORIENTED_EDGE('',*,*,#1336,.T.);
#1934=ORIENTED_EDGE('',*,*,#1337,.T.);
#1935=ORIENTED_EDGE('',*,*,#1334,.F.);
#1936=ORIENTED_EDGE('',*,*,#1266,.T.);
#1937=ORIENTED_EDGE('',*,*,#1336,.F.);
#1938=ORIENTED_EDGE('',*,*,#1267,.T.);
#1939=ORIENTED_EDGE('',*,*,#1178,.T.);
#1940=ORIENTED_EDGE('',*,*,#1338,.T.);
#1941=ORIENTED_EDGE('',*,*,#1281,.F.);
#1942=ORIENTED_EDGE('',*,*,#1234,.T.);
#1943=ORIENTED_EDGE('',*,*,#1332,.F.);
#1944=ORIENTED_EDGE('',*,*,#1339,.T.);
#1945=ORIENTED_EDGE('',*,*,#1278,.F.);
#1946=ORIENTED_EDGE('',*,*,#1339,.F.);
#1947=ORIENTED_EDGE('',*,*,#1331,.F.);
#1948=ORIENTED_EDGE('',*,*,#1340,.F.);
#1949=ORIENTED_EDGE('',*,*,#1275,.F.);
#1950=ORIENTED_EDGE('',*,*,#1340,.T.);
#1951=ORIENTED_EDGE('',*,*,#1326,.F.);
#1952=ORIENTED_EDGE('',*,*,#1074,.T.);
#1953=ORIENTED_EDGE('',*,*,#1109,.F.);
#1954=ORIENTED_EDGE('',*,*,#1328,.F.);
#1955=ORIENTED_EDGE('',*,*,#1330,.F.);
#1956=ORIENTED_EDGE('',*,*,#1333,.F.);
#1957=ORIENTED_EDGE('',*,*,#1239,.F.);
#1958=ORIENTED_EDGE('',*,*,#1241,.F.);
#1959=ORIENTED_EDGE('',*,*,#1218,.F.);
#1960=ORIENTED_EDGE('',*,*,#1335,.F.);
#1961=ORIENTED_EDGE('',*,*,#1337,.F.);
#1962=ORIENTED_EDGE('',*,*,#1338,.F.);
#1963=ORIENTED_EDGE('',*,*,#1177,.F.);
#1964=ORIENTED_EDGE('',*,*,#1157,.F.);
#1965=ORIENTED_EDGE('',*,*,#1161,.F.);
#1966=ORIENTED_EDGE('',*,*,#1322,.F.);
#1967=ORIENTED_EDGE('',*,*,#1324,.F.);
#1968=ORIENTED_EDGE('',*,*,#1325,.F.);
#1969=ORIENTED_EDGE('',*,*,#1319,.F.);
#1970=ORIENTED_EDGE('',*,*,#1097,.F.);
#1971=ORIENTED_EDGE('',*,*,#1341,.T.);
#1972=ORIENTED_EDGE('',*,*,#1246,.F.);
#1973=ORIENTED_EDGE('',*,*,#1296,.T.);
#1974=ORIENTED_EDGE('',*,*,#1312,.F.);
#1975=ORIENTED_EDGE('',*,*,#1342,.T.);
#1976=ORIENTED_EDGE('',*,*,#1244,.F.);
#1977=ORIENTED_EDGE('',*,*,#1342,.F.);
#1978=ORIENTED_EDGE('',*,*,#1313,.F.);
#1979=ORIENTED_EDGE('',*,*,#1170,.F.);
#1980=ORIENTED_EDGE('',*,*,#1341,.F.);
#1981=ORIENTED_EDGE('',*,*,#1343,.T.);
#1982=ORIENTED_EDGE('',*,*,#1297,.F.);
#1983=ORIENTED_EDGE('',*,*,#1343,.F.);
#1984=CYLINDRICAL_SURFACE('',#2173,5.);
#1985=CYLINDRICAL_SURFACE('',#2176,5.);
#1986=CYLINDRICAL_SURFACE('',#2179,1.);
#1987=CYLINDRICAL_SURFACE('',#2182,1.);
#1988=CYLINDRICAL_SURFACE('',#2186,5.);
#1989=CYLINDRICAL_SURFACE('',#2189,1.);
#1990=CYLINDRICAL_SURFACE('',#2196,1.);
#1991=CYLINDRICAL_SURFACE('',#2199,1.);
#1992=CYLINDRICAL_SURFACE('',#2201,1.);
#1993=CYLINDRICAL_SURFACE('',#2208,1.);
#1994=CYLINDRICAL_SURFACE('',#2216,1.);
#1995=CYLINDRICAL_SURFACE('',#2221,1.);
#1996=CYLINDRICAL_SURFACE('',#2229,1.);
#1997=CYLINDRICAL_SURFACE('',#2232,1.);
#1998=CYLINDRICAL_SURFACE('',#2234,1.);
#1999=CYLINDRICAL_SURFACE('',#2240,1.);
#2000=CYLINDRICAL_SURFACE('',#2246,1.);
#2001=CYLINDRICAL_SURFACE('',#2252,1.);
#2002=CYLINDRICAL_SURFACE('',#2263,1.);
#2003=CYLINDRICAL_SURFACE('',#2266,1.);
#2004=CYLINDRICAL_SURFACE('',#2268,1.);
#2005=CYLINDRICAL_SURFACE('',#2274,1.);
#2006=CYLINDRICAL_SURFACE('',#2279,1.);
#2007=CYLINDRICAL_SURFACE('',#2286,1.);
#2008=CYLINDRICAL_SURFACE('',#2293,2.);
#2009=CYLINDRICAL_SURFACE('',#2298,2.);
#2010=CYLINDRICAL_SURFACE('',#2312,2.);
#2011=CYLINDRICAL_SURFACE('',#2317,2.);
#2012=CYLINDRICAL_SURFACE('',#2318,5.);
#2013=CYLINDRICAL_SURFACE('',#2320,15.0000002235174);
#2014=CYLINDRICAL_SURFACE('',#2322,5.);
#2015=CYLINDRICAL_SURFACE('',#2324,2.);
#2016=CYLINDRICAL_SURFACE('',#2329,2.);
#2017=CYLINDRICAL_SURFACE('',#2343,2.);
#2018=CYLINDRICAL_SURFACE('',#2348,2.);
#2019=CYLINDRICAL_SURFACE('',#2350,2.);
#2020=CYLINDRICAL_SURFACE('',#2356,2.);
#2021=CYLINDRICAL_SURFACE('',#2359,2.);
#2022=CYLINDRICAL_SURFACE('',#2363,2.);
#2023=CYLINDRICAL_SURFACE('',#2374,2.);
#2024=CYLINDRICAL_SURFACE('',#2379,2.);
#2025=CYLINDRICAL_SURFACE('',#2380,5.);
#2026=CYLINDRICAL_SURFACE('',#2382,15.0000002235174);
#2027=CYLINDRICAL_SURFACE('',#2384,5.);
#2028=CYLINDRICAL_SURFACE('',#2408,5.);
#2029=CYLINDRICAL_SURFACE('',#2409,15.0000002235174);
#2030=CYLINDRICAL_SURFACE('',#2410,5.);
#2031=CYLINDRICAL_SURFACE('',#2413,2.);
#2032=CYLINDRICAL_SURFACE('',#2415,10.0000001490116);
#2033=ADVANCED_FACE('',(#109),#1984,.F.);
#2034=ADVANCED_FACE('',(#110),#1985,.F.);
#2035=ADVANCED_FACE('',(#111),#1986,.F.);
#2036=ADVANCED_FACE('',(#112),#1987,.F.);
#2037=ADVANCED_FACE('',(#113),#1988,.F.);
#2038=ADVANCED_FACE('',(#114),#1989,.F.);
#2039=ADVANCED_FACE('',(#115),#97,.T.);
#2040=ADVANCED_FACE('',(#116),#98,.T.);
#2041=ADVANCED_FACE('',(#117),#99,.T.);
#2042=ADVANCED_FACE('',(#118),#62,.T.);
#2043=ADVANCED_FACE('',(#119),#100,.T.);
#2044=ADVANCED_FACE('',(#120),#63,.T.);
#2045=ADVANCED_FACE('',(#121),#1990,.T.);
#2046=ADVANCED_FACE('',(#122),#64,.T.);
#2047=ADVANCED_FACE('',(#123),#1991,.T.);
#2048=ADVANCED_FACE('',(#124),#1992,.T.);
#2049=ADVANCED_FACE('',(#125),#29,.T.);
#2050=ADVANCED_FACE('',(#126),#1993,.T.);
#2051=ADVANCED_FACE('',(#127),#65,.T.);
#2052=ADVANCED_FACE('',(#128),#66,.T.);
#2053=ADVANCED_FACE('',(#129),#67,.T.);
#2054=ADVANCED_FACE('',(#130,#24),#68,.T.);
#2055=ADVANCED_FACE('',(#131),#1994,.T.);
#2056=ADVANCED_FACE('',(#132),#30,.T.);
#2057=ADVANCED_FACE('',(#133),#1995,.T.);
#2058=ADVANCED_FACE('',(#134),#69,.T.);
#2059=ADVANCED_FACE('',(#135),#70,.T.);
#2060=ADVANCED_FACE('',(#136),#101,.T.);
#2061=ADVANCED_FACE('',(#137),#102,.T.);
#2062=ADVANCED_FACE('',(#138),#103,.T.);
#2063=ADVANCED_FACE('',(#139),#71,.T.);
#2064=ADVANCED_FACE('',(#140),#104,.T.);
#2065=ADVANCED_FACE('',(#141),#72,.T.);
#2066=ADVANCED_FACE('',(#142),#1996,.T.);
#2067=ADVANCED_FACE('',(#143),#73,.T.);
#2068=ADVANCED_FACE('',(#144),#1997,.T.);
#2069=ADVANCED_FACE('',(#145),#1998,.T.);
#2070=ADVANCED_FACE('',(#146),#31,.T.);
#2071=ADVANCED_FACE('',(#147),#1999,.T.);
#2072=ADVANCED_FACE('',(#148),#74,.T.);
#2073=ADVANCED_FACE('',(#149),#75,.T.);
#2074=ADVANCED_FACE('',(#150),#76,.T.);
#2075=ADVANCED_FACE('',(#151),#77,.T.);
#2076=ADVANCED_FACE('',(#152),#2000,.T.);
#2077=ADVANCED_FACE('',(#153),#32,.T.);
#2078=ADVANCED_FACE('',(#154),#2001,.T.);
#2079=ADVANCED_FACE('',(#155,#25),#78,.T.);
#2080=ADVANCED_FACE('',(#156),#79,.T.);
#2081=ADVANCED_FACE('',(#157),#80,.T.);
#2082=ADVANCED_FACE('',(#158),#105,.T.);
#2083=ADVANCED_FACE('',(#159),#106,.T.);
#2084=ADVANCED_FACE('',(#160),#107,.T.);
#2085=ADVANCED_FACE('',(#161),#81,.T.);
#2086=ADVANCED_FACE('',(#162),#108,.T.);
#2087=ADVANCED_FACE('',(#163),#82,.T.);
#2088=ADVANCED_FACE('',(#164),#2002,.T.);
#2089=ADVANCED_FACE('',(#165),#83,.T.);
#2090=ADVANCED_FACE('',(#166),#2003,.T.);
#2091=ADVANCED_FACE('',(#167),#2004,.T.);
#2092=ADVANCED_FACE('',(#168),#33,.T.);
#2093=ADVANCED_FACE('',(#169),#2005,.T.);
#2094=ADVANCED_FACE('',(#170),#84,.T.);
#2095=ADVANCED_FACE('',(#171,#26),#85,.T.);
#2096=ADVANCED_FACE('',(#172),#2006,.T.);
#2097=ADVANCED_FACE('',(#173),#34,.T.);
#2098=ADVANCED_FACE('',(#174),#2007,.T.);
#2099=ADVANCED_FACE('',(#175),#86,.T.);
#2100=ADVANCED_FACE('',(#176),#87,.T.);
#2101=ADVANCED_FACE('',(#177),#88,.T.);
#2102=ADVANCED_FACE('',(#178),#89,.T.);
#2103=ADVANCED_FACE('',(#179),#90,.T.);
#2104=ADVANCED_FACE('',(#180),#2008,.T.);
#2105=ADVANCED_FACE('',(#181),#35,.T.);
#2106=ADVANCED_FACE('',(#182),#2009,.T.);
#2107=ADVANCED_FACE('',(#183),#36,.T.);
#2108=ADVANCED_FACE('',(#184),#37,.T.);
#2109=ADVANCED_FACE('',(#185),#38,.T.);
#2110=ADVANCED_FACE('',(#186),#2010,.T.);
#2111=ADVANCED_FACE('',(#187),#39,.T.);
#2112=ADVANCED_FACE('',(#188),#2011,.T.);
#2113=ADVANCED_FACE('',(#189),#2012,.F.);
#2114=ADVANCED_FACE('',(#190),#2013,.T.);
#2115=ADVANCED_FACE('',(#191),#2014,.F.);
#2116=ADVANCED_FACE('',(#192),#2015,.T.);
#2117=ADVANCED_FACE('',(#193),#40,.T.);
#2118=ADVANCED_FACE('',(#194),#2016,.T.);
#2119=ADVANCED_FACE('',(#195),#41,.T.);
#2120=ADVANCED_FACE('',(#196),#42,.T.);
#2121=ADVANCED_FACE('',(#197),#43,.T.);
#2122=ADVANCED_FACE('',(#198),#2017,.T.);
#2123=ADVANCED_FACE('',(#199),#44,.T.);
#2124=ADVANCED_FACE('',(#200),#2018,.T.);
#2125=ADVANCED_FACE('',(#201),#91,.T.);
#2126=ADVANCED_FACE('',(#202),#2019,.F.);
#2127=ADVANCED_FACE('',(#203,#27),#92,.T.);
#2128=ADVANCED_FACE('',(#204),#2020,.F.);
#2129=ADVANCED_FACE('',(#205),#93,.T.);
#2130=ADVANCED_FACE('',(#206),#2021,.T.);
#2131=ADVANCED_FACE('',(#207),#45,.T.);
#2132=ADVANCED_FACE('',(#208),#2022,.T.);
#2133=ADVANCED_FACE('',(#209),#46,.T.);
#2134=ADVANCED_FACE('',(#210),#47,.T.);
#2135=ADVANCED_FACE('',(#211),#48,.T.);
#2136=ADVANCED_FACE('',(#212),#2023,.T.);
#2137=ADVANCED_FACE('',(#213),#49,.T.);
#2138=ADVANCED_FACE('',(#214),#2024,.T.);
#2139=ADVANCED_FACE('',(#215),#2025,.F.);
#2140=ADVANCED_FACE('',(#216),#2026,.T.);
#2141=ADVANCED_FACE('',(#217),#2027,.F.);
#2142=ADVANCED_FACE('',(#218),#94,.T.);
#2143=ADVANCED_FACE('',(#219),#15,.F.);
#2144=ADVANCED_FACE('',(#220),#16,.T.);
#2145=ADVANCED_FACE('',(#221),#17,.F.);
#2146=ADVANCED_FACE('',(#222),#18,.F.);
#2147=ADVANCED_FACE('',(#223),#19,.T.);
#2148=ADVANCED_FACE('',(#224),#20,.F.);
#2149=ADVANCED_FACE('',(#225),#21,.F.);
#2150=ADVANCED_FACE('',(#226),#22,.T.);
#2151=ADVANCED_FACE('',(#227),#23,.F.);
#2152=ADVANCED_FACE('',(#228),#2028,.F.);
#2153=ADVANCED_FACE('',(#229),#2029,.T.);
#2154=ADVANCED_FACE('',(#230),#2030,.F.);
#2155=ADVANCED_FACE('',(#231,#28),#95,.T.);
#2156=ADVANCED_FACE('',(#232),#2031,.F.);
#2157=ADVANCED_FACE('',(#233),#96,.T.);
#2158=ADVANCED_FACE('',(#234),#2032,.F.);
#2159=CLOSED_SHELL('',(#2033,#2034,#2035,#2036,#2037,#2038,#2039,#2040,
#2041,#2042,#2043,#2044,#2045,#2046,#2047,#2048,#2049,#2050,#2051,#2052,
#2053,#2054,#2055,#2056,#2057,#2058,#2059,#2060,#2061,#2062,#2063,#2064,
#2065,#2066,#2067,#2068,#2069,#2070,#2071,#2072,#2073,#2074,#2075,#2076,
#2077,#2078,#2079,#2080,#2081,#2082,#2083,#2084,#2085,#2086,#2087,#2088,
#2089,#2090,#2091,#2092,#2093,#2094,#2095,#2096,#2097,#2098,#2099,#2100,
#2101,#2102,#2103,#2104,#2105,#2106,#2107,#2108,#2109,#2110,#2111,#2112,
#2113,#2114,#2115,#2116,#2117,#2118,#2119,#2120,#2121,#2122,#2123,#2124,
#2125,#2126,#2127,#2128,#2129,#2130,#2131,#2132,#2133,#2134,#2135,#2136,
#2137,#2138,#2139,#2140,#2141,#2142,#2143,#2144,#2145,#2146,#2147,#2148,
#2149,#2150,#2151,#2152,#2153,#2154,#2155,#2156,#2157,#2158));
#2160=DERIVED_UNIT_ELEMENT(#2162,1.);
#2161=DERIVED_UNIT_ELEMENT(#5092,-3.);
#2162=(
MASS_UNIT()
NAMED_UNIT(*)
SI_UNIT(.KILO.,.GRAM.)
);
#2163=DERIVED_UNIT((#2160,#2161));
#2164=MEASURE_REPRESENTATION_ITEM('density measure',
POSITIVE_RATIO_MEASURE(7850.),#2163);
#2165=PROPERTY_DEFINITION_REPRESENTATION(#2170,#2167);
#2166=PROPERTY_DEFINITION_REPRESENTATION(#2171,#2168);
#2167=REPRESENTATION('material name',(#2169),#5089);
#2168=REPRESENTATION('density',(#2164),#5089);
#2169=DESCRIPTIVE_REPRESENTATION_ITEM('Steel','Steel');
#2170=PROPERTY_DEFINITION('material property','material name',#5099);
#2171=PROPERTY_DEFINITION('material property','density of part',#5099);
#2172=AXIS2_PLACEMENT_3D('',#3061,#2416,#2417);
#2173=AXIS2_PLACEMENT_3D('',#3062,#2418,#2419);
#2174=AXIS2_PLACEMENT_3D('',#3086,#2421,#2422);
#2175=AXIS2_PLACEMENT_3D('',#3090,#2424,#2425);
#2176=AXIS2_PLACEMENT_3D('',#3092,#2427,#2428);
#2177=AXIS2_PLACEMENT_3D('',#3116,#2430,#2431);
#2178=AXIS2_PLACEMENT_3D('',#3120,#2433,#2434);
#2179=AXIS2_PLACEMENT_3D('',#3122,#2436,#2437);
#2180=AXIS2_PLACEMENT_3D('',#3123,#2438,#2439);
#2181=AXIS2_PLACEMENT_3D('',#3126,#2441,#2442);
#2182=AXIS2_PLACEMENT_3D('',#3127,#2443,#2444);
#2183=AXIS2_PLACEMENT_3D('',#3129,#2445,#2446);
#2184=AXIS2_PLACEMENT_3D('',#3130,#2447,#2448);
#2185=AXIS2_PLACEMENT_3D('',#3133,#2450,#2451);
#2186=AXIS2_PLACEMENT_3D('',#3134,#2452,#2453);
#2187=AXIS2_PLACEMENT_3D('',#3163,#2455,#2456);
#2188=AXIS2_PLACEMENT_3D('',#3167,#2458,#2459);
#2189=AXIS2_PLACEMENT_3D('',#3169,#2461,#2462);
#2190=AXIS2_PLACEMENT_3D('',#3170,#2463,#2464);
#2191=AXIS2_PLACEMENT_3D('',#3173,#2466,#2467);
#2192=AXIS2_PLACEMENT_3D('',#3575,#2471,#2472);
#2193=AXIS2_PLACEMENT_3D('',#3647,#2476,#2477);
#2194=AXIS2_PLACEMENT_3D('',#3655,#2481,#2482);
#2195=AXIS2_PLACEMENT_3D('',#3665,#2487,#2488);
#2196=AXIS2_PLACEMENT_3D('',#3667,#2490,#2491);
#2197=AXIS2_PLACEMENT_3D('',#3670,#2493,#2494);
#2198=AXIS2_PLACEMENT_3D('',#3671,#2495,#2496);
#2199=AXIS2_PLACEMENT_3D('',#3675,#2499,#2500);
#2200=AXIS2_PLACEMENT_3D('',#3678,#2502,#2503);
#2201=AXIS2_PLACEMENT_3D('',#3679,#2504,#2505);
#2202=AXIS2_PLACEMENT_3D('',#3682,#2506,#2507);
#2203=AXIS2_PLACEMENT_3D('',#3685,#2509,#2510);
#2204=AXIS2_PLACEMENT_3D('',#3688,#2512,#2513);
#2205=AXIS2_PLACEMENT_3D('',#3689,#2514,#2515);
#2206=AXIS2_PLACEMENT_3D('',#3691,#2516,#2517);
#2207=AXIS2_PLACEMENT_3D('',#3692,#2518,#2519);
#2208=AXIS2_PLACEMENT_3D('',#3693,#2520,#2521);
#2209=AXIS2_PLACEMENT_3D('',#3696,#2524,#2525);
#2210=AXIS2_PLACEMENT_3D('',#3700,#2527,#2528);
#2211=AXIS2_PLACEMENT_3D('',#3706,#2532,#2533);
#2212=AXIS2_PLACEMENT_3D('',#3708,#2535,#2536);
#2213=AXIS2_PLACEMENT_3D('',#3710,#2538,#2539);
#2214=AXIS2_PLACEMENT_3D('',#3714,#2541,#2542);
#2215=AXIS2_PLACEMENT_3D('',#3717,#2544,#2545);
#2216=AXIS2_PLACEMENT_3D('',#3718,#2546,#2547);
#2217=AXIS2_PLACEMENT_3D('',#3719,#2548,#2549);
#2218=AXIS2_PLACEMENT_3D('',#3720,#2550,#2551);
#2219=AXIS2_PLACEMENT_3D('',#3721,#2552,#2553);
#2220=AXIS2_PLACEMENT_3D('',#3722,#2554,#2555);
#2221=AXIS2_PLACEMENT_3D('',#3723,#2556,#2557);
#2222=AXIS2_PLACEMENT_3D('',#3724,#2558,#2559);
#2223=AXIS2_PLACEMENT_3D('',#3728,#2562,#2563);
#2224=AXIS2_PLACEMENT_3D('',#3736,#2567,#2568);
#2225=AXIS2_PLACEMENT_3D('',#4145,#2573,#2574);
#2226=AXIS2_PLACEMENT_3D('',#4217,#2578,#2579);
#2227=AXIS2_PLACEMENT_3D('',#4225,#2583,#2584);
#2228=AXIS2_PLACEMENT_3D('',#4235,#2589,#2590);
#2229=AXIS2_PLACEMENT_3D('',#4237,#2592,#2593);
#2230=AXIS2_PLACEMENT_3D('',#4240,#2595,#2596);
#2231=AXIS2_PLACEMENT_3D('',#4241,#2597,#2598);
#2232=AXIS2_PLACEMENT_3D('',#4245,#2601,#2602);
#2233=AXIS2_PLACEMENT_3D('',#4248,#2604,#2605);
#2234=AXIS2_PLACEMENT_3D('',#4249,#2606,#2607);
#2235=AXIS2_PLACEMENT_3D('',#4252,#2608,#2609);
#2236=AXIS2_PLACEMENT_3D('',#4254,#2611,#2612);
#2237=AXIS2_PLACEMENT_3D('',#4255,#2613,#2614);
#2238=AXIS2_PLACEMENT_3D('',#4256,#2615,#2616);
#2239=AXIS2_PLACEMENT_3D('',#4257,#2617,#2618);
#2240=AXIS2_PLACEMENT_3D('',#4258,#2619,#2620);
#2241=AXIS2_PLACEMENT_3D('',#4260,#2622,#2623);
#2242=AXIS2_PLACEMENT_3D('',#4262,#2625,#2626);
#2243=AXIS2_PLACEMENT_3D('',#4266,#2629,#2630);
#2244=AXIS2_PLACEMENT_3D('',#4273,#2634,#2635);
#2245=AXIS2_PLACEMENT_3D('',#4274,#2636,#2637);
#2246=AXIS2_PLACEMENT_3D('',#4278,#2640,#2641);
#2247=AXIS2_PLACEMENT_3D('',#4280,#2642,#2643);
#2248=AXIS2_PLACEMENT_3D('',#4283,#2645,#2646);
#2249=AXIS2_PLACEMENT_3D('',#4284,#2647,#2648);
#2250=AXIS2_PLACEMENT_3D('',#4286,#2649,#2650);
#2251=AXIS2_PLACEMENT_3D('',#4287,#2651,#2652);
#2252=AXIS2_PLACEMENT_3D('',#4288,#2653,#2654);
#2253=AXIS2_PLACEMENT_3D('',#4290,#2656,#2657);
#2254=AXIS2_PLACEMENT_3D('',#4294,#2659,#2660);
#2255=AXIS2_PLACEMENT_3D('',#4297,#2662,#2663);
#2256=AXIS2_PLACEMENT_3D('',#4298,#2664,#2665);
#2257=AXIS2_PLACEMENT_3D('',#4306,#2669,#2670);
#2258=AXIS2_PLACEMENT_3D('',#4308,#2672,#2673);
#2259=AXIS2_PLACEMENT_3D('',#4731,#2679,#2680);
#2260=AXIS2_PLACEMENT_3D('',#4791,#2684,#2685);
#2261=AXIS2_PLACEMENT_3D('',#4799,#2689,#2690);
#2262=AXIS2_PLACEMENT_3D('',#4809,#2695,#2696);
#2263=AXIS2_PLACEMENT_3D('',#4811,#2698,#2699);
#2264=AXIS2_PLACEMENT_3D('',#4814,#2701,#2702);
#2265=AXIS2_PLACEMENT_3D('',#4815,#2703,#2704);
#2266=AXIS2_PLACEMENT_3D('',#4819,#2707,#2708);
#2267=AXIS2_PLACEMENT_3D('',#4822,#2710,#2711);
#2268=AXIS2_PLACEMENT_3D('',#4823,#2712,#2713);
#2269=AXIS2_PLACEMENT_3D('',#4826,#2714,#2715);
#2270=AXIS2_PLACEMENT_3D('',#4828,#2717,#2718);
#2271=AXIS2_PLACEMENT_3D('',#4829,#2719,#2720);
#2272=AXIS2_PLACEMENT_3D('',#4830,#2721,#2722);
#2273=AXIS2_PLACEMENT_3D('',#4831,#2723,#2724);
#2274=AXIS2_PLACEMENT_3D('',#4832,#2725,#2726);
#2275=AXIS2_PLACEMENT_3D('',#4834,#2728,#2729);
#2276=AXIS2_PLACEMENT_3D('',#4840,#2733,#2734);
#2277=AXIS2_PLACEMENT_3D('',#4844,#2736,#2737);
#2278=AXIS2_PLACEMENT_3D('',#4847,#2739,#2740);
#2279=AXIS2_PLACEMENT_3D('',#4848,#2741,#2742);
#2280=AXIS2_PLACEMENT_3D('',#4851,#2743,#2744);
#2281=AXIS2_PLACEMENT_3D('',#4854,#2746,#2747);
#2282=AXIS2_PLACEMENT_3D('',#4857,#2749,#2750);
#2283=AXIS2_PLACEMENT_3D('',#4858,#2751,#2752);
#2284=AXIS2_PLACEMENT_3D('',#4860,#2753,#2754);
#2285=AXIS2_PLACEMENT_3D('',#4861,#2755,#2756);
#2286=AXIS2_PLACEMENT_3D('',#4862,#2757,#2758);
#2287=AXIS2_PLACEMENT_3D('',#4865,#2761,#2762);
#2288=AXIS2_PLACEMENT_3D('',#4873,#2766,#2767);
#2289=AXIS2_PLACEMENT_3D('',#4875,#2769,#2770);
#2290=AXIS2_PLACEMENT_3D('',#4881,#2774,#2775);
#2291=AXIS2_PLACEMENT_3D('',#4882,#2776,#2777);
#2292=AXIS2_PLACEMENT_3D('',#4885,#2780,#2781);
#2293=AXIS2_PLACEMENT_3D('',#4886,#2782,#2783);
#2294=AXIS2_PLACEMENT_3D('',#4888,#2784,#2785);
#2295=AXIS2_PLACEMENT_3D('',#4890,#2787,#2788);
#2296=AXIS2_PLACEMENT_3D('',#4892,#2789,#2790);
#2297=AXIS2_PLACEMENT_3D('',#4893,#2791,#2792);
#2298=AXIS2_PLACEMENT_3D('',#4894,#2793,#2794);
#2299=AXIS2_PLACEMENT_3D('',#4896,#2795,#2796);
#2300=AXIS2_PLACEMENT_3D('',#4898,#2798,#2799);
#2301=AXIS2_PLACEMENT_3D('',#4901,#2800,#2801);
#2302=AXIS2_PLACEMENT_3D('',#4902,#2802,#2803);
#2303=AXIS2_PLACEMENT_3D('',#4903,#2804,#2805);
#2304=AXIS2_PLACEMENT_3D('',#4904,#2806,#2807);
#2305=AXIS2_PLACEMENT_3D('',#4907,#2808,#2809);
#2306=AXIS2_PLACEMENT_3D('',#4908,#2810,#2811);
#2307=AXIS2_PLACEMENT_3D('',#4909,#2812,#2813);
#2308=AXIS2_PLACEMENT_3D('',#4910,#2814,#2815);
#2309=AXIS2_PLACEMENT_3D('',#4912,#2816,#2817);
#2310=AXIS2_PLACEMENT_3D('',#4913,#2818,#2819);
#2311=AXIS2_PLACEMENT_3D('',#4914,#2820,#2821);
#2312=AXIS2_PLACEMENT_3D('',#4915,#2822,#2823);
#2313=AXIS2_PLACEMENT_3D('',#4917,#2824,#2825);
#2314=AXIS2_PLACEMENT_3D('',#4919,#2827,#2828);
#2315=AXIS2_PLACEMENT_3D('',#4921,#2829,#2830);
#2316=AXIS2_PLACEMENT_3D('',#4922,#2831,#2832);
#2317=AXIS2_PLACEMENT_3D('',#4923,#2833,#2834);
#2318=AXIS2_PLACEMENT_3D('',#4925,#2836,#2837);
#2319=AXIS2_PLACEMENT_3D('',#4928,#2839,#2840);
#2320=AXIS2_PLACEMENT_3D('',#4929,#2841,#2842);
#2321=AXIS2_PLACEMENT_3D('',#4932,#2844,#2845);
#2322=AXIS2_PLACEMENT_3D('',#4933,#2846,#2847);
#2323=AXIS2_PLACEMENT_3D('',#4934,#2848,#2849);
#2324=AXIS2_PLACEMENT_3D('',#4935,#2850,#2851);
#2325=AXIS2_PLACEMENT_3D('',#4938,#2853,#2854);
#2326=AXIS2_PLACEMENT_3D('',#4939,#2855,#2856);
#2327=AXIS2_PLACEMENT_3D('',#4941,#2857,#2858);
#2328=AXIS2_PLACEMENT_3D('',#4942,#2859,#2860);
#2329=AXIS2_PLACEMENT_3D('',#4943,#2861,#2862);
#2330=AXIS2_PLACEMENT_3D('',#4945,#2863,#2864);
#2331=AXIS2_PLACEMENT_3D('',#4947,#2866,#2867);
#2332=AXIS2_PLACEMENT_3D('',#4950,#2868,#2869);
#2333=AXIS2_PLACEMENT_3D('',#4951,#2870,#2871);
#2334=AXIS2_PLACEMENT_3D('',#4952,#2872,#2873);
#2335=AXIS2_PLACEMENT_3D('',#4953,#2874,#2875);
#2336=AXIS2_PLACEMENT_3D('',#4956,#2876,#2877);
#2337=AXIS2_PLACEMENT_3D('',#4957,#2878,#2879);
#2338=AXIS2_PLACEMENT_3D('',#4958,#2880,#2881);
#2339=AXIS2_PLACEMENT_3D('',#4959,#2882,#2883);
#2340=AXIS2_PLACEMENT_3D('',#4961,#2884,#2885);
#2341=AXIS2_PLACEMENT_3D('',#4962,#2886,#2887);
#2342=AXIS2_PLACEMENT_3D('',#4963,#2888,#2889);
#2343=AXIS2_PLACEMENT_3D('',#4964,#2890,#2891);
#2344=AXIS2_PLACEMENT_3D('',#4966,#2892,#2893);
#2345=AXIS2_PLACEMENT_3D('',#4968,#2895,#2896);
#2346=AXIS2_PLACEMENT_3D('',#4970,#2897,#2898);
#2347=AXIS2_PLACEMENT_3D('',#4971,#2899,#2900);
#2348=AXIS2_PLACEMENT_3D('',#4972,#2901,#2902);
#2349=AXIS2_PLACEMENT_3D('',#4974,#2904,#2905);
#2350=AXIS2_PLACEMENT_3D('',#4976,#2907,#2908);
#2351=AXIS2_PLACEMENT_3D('',#4978,#2910,#2911);
#2352=AXIS2_PLACEMENT_3D('',#4984,#2914,#2915);
#2353=AXIS2_PLACEMENT_3D('',#4986,#2916,#2917);
#2354=AXIS2_PLACEMENT_3D('',#4988,#2918,#2919);
#2355=AXIS2_PLACEMENT_3D('',#4993,#2922,#2923);
#2356=AXIS2_PLACEMENT_3D('',#4994,#2924,#2925);
#2357=AXIS2_PLACEMENT_3D('',#4997,#2927,#2928);
#2358=AXIS2_PLACEMENT_3D('',#4998,#2929,#2930);
#2359=AXIS2_PLACEMENT_3D('',#5000,#2932,#2933);
#2360=AXIS2_PLACEMENT_3D('',#5001,#2934,#2935);
#2361=AXIS2_PLACEMENT_3D('',#5002,#2936,#2937);
#2362=AXIS2_PLACEMENT_3D('',#5003,#2938,#2939);
#2363=AXIS2_PLACEMENT_3D('',#5004,#2940,#2941);
#2364=AXIS2_PLACEMENT_3D('',#5005,#2942,#2943);
#2365=AXIS2_PLACEMENT_3D('',#5006,#2944,#2945);
#2366=AXIS2_PLACEMENT_3D('',#5008,#2946,#2947);
#2367=AXIS2_PLACEMENT_3D('',#5009,#2948,#2949);
#2368=AXIS2_PLACEMENT_3D('',#5010,#2950,#2951);
#2369=AXIS2_PLACEMENT_3D('',#5012,#2952,#2953);
#2370=AXIS2_PLACEMENT_3D('',#5013,#2954,#2955);
#2371=AXIS2_PLACEMENT_3D('',#5014,#2956,#2957);
#2372=AXIS2_PLACEMENT_3D('',#5015,#2958,#2959);
#2373=AXIS2_PLACEMENT_3D('',#5016,#2960,#2961);
#2374=AXIS2_PLACEMENT_3D('',#5017,#2962,#2963);
#2375=AXIS2_PLACEMENT_3D('',#5018,#2964,#2965);
#2376=AXIS2_PLACEMENT_3D('',#5019,#2966,#2967);
#2377=AXIS2_PLACEMENT_3D('',#5021,#2968,#2969);
#2378=AXIS2_PLACEMENT_3D('',#5022,#2970,#2971);
#2379=AXIS2_PLACEMENT_3D('',#5023,#2972,#2973);
#2380=AXIS2_PLACEMENT_3D('',#5025,#2975,#2976);
#2381=AXIS2_PLACEMENT_3D('',#5028,#2978,#2979);
#2382=AXIS2_PLACEMENT_3D('',#5029,#2980,#2981);
#2383=AXIS2_PLACEMENT_3D('',#5032,#2983,#2984);
#2384=AXIS2_PLACEMENT_3D('',#5033,#2985,#2986);
#2385=AXIS2_PLACEMENT_3D('',#5034,#2987,#2988);
#2386=AXIS2_PLACEMENT_3D('',#5035,#2989,#2990);
#2387=AXIS2_PLACEMENT_3D('',#5039,#2993,#2994);
#2388=AXIS2_PLACEMENT_3D('',#5042,#2996,#2997);
#2389=AXIS2_PLACEMENT_3D('',#5043,#2998,#2999);
#2390=AXIS2_PLACEMENT_3D('',#5046,#3001,#3002);
#2391=AXIS2_PLACEMENT_3D('',#5047,#3003,#3004);
#2392=AXIS2_PLACEMENT_3D('',#5048,#3005,#3006);
#2393=AXIS2_PLACEMENT_3D('',#5049,#3007,#3008);
#2394=AXIS2_PLACEMENT_3D('',#5051,#3009,#3010);
#2395=AXIS2_PLACEMENT_3D('',#5054,#3012,#3013);
#2396=AXIS2_PLACEMENT_3D('',#5055,#3014,#3015);
#2397=AXIS2_PLACEMENT_3D('',#5059,#3017,#3018);
#2398=AXIS2_PLACEMENT_3D('',#5060,#3019,#3020);
#2399=AXIS2_PLACEMENT_3D('',#5061,#3021,#3022);
#2400=AXIS2_PLACEMENT_3D('',#5062,#3023,#3024);
#2401=AXIS2_PLACEMENT_3D('',#5063,#3025,#3026);
#2402=AXIS2_PLACEMENT_3D('',#5064,#3027,#3028);
#2403=AXIS2_PLACEMENT_3D('',#5067,#3030,#3031);
#2404=AXIS2_PLACEMENT_3D('',#5068,#3032,#3033);
#2405=AXIS2_PLACEMENT_3D('',#5071,#3035,#3036);
#2406=AXIS2_PLACEMENT_3D('',#5072,#3037,#3038);
#2407=AXIS2_PLACEMENT_3D('',#5073,#3039,#3040);
#2408=AXIS2_PLACEMENT_3D('',#5074,#3041,#3042);
#2409=AXIS2_PLACEMENT_3D('',#5076,#3044,#3045);
#2410=AXIS2_PLACEMENT_3D('',#5078,#3047,#3048);
#2411=AXIS2_PLACEMENT_3D('',#5079,#3049,#3050);
#2412=AXIS2_PLACEMENT_3D('',#5081,#3051,#3052);
#2413=AXIS2_PLACEMENT_3D('',#5082,#3053,#3054);
#2414=AXIS2_PLACEMENT_3D('',#5084,#3056,#3057);
#2415=AXIS2_PLACEMENT_3D('',#5085,#3058,#3059);
#2416=DIRECTION('axis',(0.,0.,1.));
#2417=DIRECTION('refdir',(1.,0.,0.));
#2418=DIRECTION('center_axis',(-0.5,-0.866025403784439,-4.33680868994473E-19));
#2419=DIRECTION('ref_axis',(0.612372435695794,-0.353553390593274,-0.707106781186548));
#2420=DIRECTION('',(-0.5,-0.866025403784439,-4.33680868994473E-19));
#2421=DIRECTION('center_axis',(0.5,0.866025403784439,0.));
#2422=DIRECTION('ref_axis',(0.612372435695795,-0.353553390593274,-0.707106781186547));
#2423=DIRECTION('',(0.5,0.866025403784439,4.33680868994473E-19));
#2424=DIRECTION('center_axis',(-0.5,-0.866025403784439,0.));
#2425=DIRECTION('ref_axis',(0.612372435695795,-0.353553390593274,-0.707106781186547));
#2426=DIRECTION('',(-0.5,-0.866025403784439,-4.33680868994473E-19));
#2427=DIRECTION('center_axis',(1.,-8.88178419700125E-16,8.67361737988413E-19));
#2428=DIRECTION('ref_axis',(1.25607396694702E-15,0.707106781186547,-0.707106781186547));
#2429=DIRECTION('',(1.,-8.88178419700125E-16,8.67361737988413E-19));
#2430=DIRECTION('center_axis',(-1.,1.11022300808155E-15,0.));
#2431=DIRECTION('ref_axis',(7.7715611723761E-16,0.707106781186547,-0.707106781186548));
#2432=DIRECTION('',(-1.,8.88178419700125E-16,-8.67361737988413E-19));
#2433=DIRECTION('center_axis',(1.,-8.3266725606116E-16,0.));
#2434=DIRECTION('ref_axis',(5.82867087928208E-16,0.707106781186547,-0.707106781186548));
#2435=DIRECTION('',(1.,-8.88178419700125E-16,8.67361737988413E-19));
#2436=DIRECTION('center_axis',(8.67361737988413E-19,1.92592994438726E-33,
-1.));
#2437=DIRECTION('ref_axis',(1.,0.,8.67361737988413E-19));
#2438=DIRECTION('center_axis',(8.67361737988413E-19,1.92592994438726E-33,
-1.));
#2439=DIRECTION('ref_axis',(1.,0.,8.67361737988413E-19));
#2440=DIRECTION('',(8.67361737988413E-19,1.92592994438726E-33,-1.));
#2441=DIRECTION('center_axis',(8.77814316504787E-98,6.84227765783602E-49,
1.));
#2442=DIRECTION('ref_axis',(1.,0.,8.67361737988413E-19));
#2443=DIRECTION('center_axis',(3.8480937771121E-16,-2.21669026275347E-16,
-1.));
#2444=DIRECTION('ref_axis',(1.,0.,3.8480937771121E-16));
#2445=DIRECTION('center_axis',(3.8480937771121E-16,-2.21669026275347E-16,
-1.));
#2446=DIRECTION('ref_axis',(1.,0.,3.8480937771121E-16));
#2447=DIRECTION('center_axis',(3.8480937771121E-16,-2.21669026275347E-16,
-1.));
#2448=DIRECTION('ref_axis',(1.,0.,3.8480937771121E-16));
#2449=DIRECTION('',(3.8480937771121E-16,-2.21669026275347E-16,-1.));
#2450=DIRECTION('center_axis',(8.77814316504787E-98,6.84227765783602E-49,
1.));
#2451=DIRECTION('ref_axis',(1.,0.,3.8480937771121E-16));
#2452=DIRECTION('center_axis',(-0.5,0.866025403784439,-4.33680868994843E-19));
#2453=DIRECTION('ref_axis',(-0.612372435695794,-0.353553390593274,-0.707106781186547));
#2454=DIRECTION('',(-0.5,0.866025403784439,-4.33680868994843E-19));
#2455=DIRECTION('center_axis',(0.5,-0.866025403784438,0.));
#2456=DIRECTION('ref_axis',(-0.612372435695795,-0.353553390593275,-0.707106781186546));
#2457=DIRECTION('',(0.5,-0.866025403784439,4.33680868994843E-19));
#2458=DIRECTION('center_axis',(-0.5,0.866025403784438,0.));
#2459=DIRECTION('ref_axis',(-0.612372435695795,-0.353553390593275,-0.707106781186547));
#2460=DIRECTION('',(-0.5,0.866025403784439,-4.33680868994843E-19));
#2461=DIRECTION('center_axis',(-8.65116368438107E-16,-4.99975939731006E-16,
-1.));
#2462=DIRECTION('ref_axis',(1.,0.,-8.65116368438107E-16));
#2463=DIRECTION('center_axis',(-8.65116368438107E-16,-4.99975939731006E-16,
-1.));
#2464=DIRECTION('ref_axis',(1.,0.,-8.65116368438107E-16));
#2465=DIRECTION('',(-8.65116368438107E-16,-4.99975939731006E-16,-1.));
#2466=DIRECTION('center_axis',(8.77814316504787E-98,6.84227765783602E-49,
1.));
#2467=DIRECTION('ref_axis',(1.,0.,-8.65116368438107E-16));
#2468=DIRECTION('',(0.612372435695787,-0.353553390593271,0.707106781186555));
#2469=DIRECTION('',(-0.612372435695829,0.353553390593292,-0.707106781186509));
#2470=DIRECTION('',(0.612372435695791,-0.353553390593239,0.707106781186568));
#2471=DIRECTION('center_axis',(-0.612372435695799,0.353553390593277,0.707106781186542));
#2472=DIRECTION('ref_axis',(0.755928946018449,0.,0.654653670707983));
#2473=DIRECTION('',(-0.5,-0.866025403784439,-4.33680868994547E-19));
#2474=DIRECTION('',(0.612372435695783,-0.353553390593281,0.707106781186554));
#2475=DIRECTION('',(0.5,0.866025403784439,4.33680868994547E-19));
#2476=DIRECTION('center_axis',(-0.5,-0.866025403784439,0.));
#2477=DIRECTION('ref_axis',(0.866025403784439,-0.5,3.42113882891801E-49));
#2478=DIRECTION('',(-3.84592537276713E-16,2.22044604925031E-16,1.));
#2479=DIRECTION('',(-0.866025403784439,0.499999999999999,-3.421138828918E-49));
#2480=DIRECTION('',(2.96279313571634E-49,-1.710569414459E-49,-1.));
#2481=DIRECTION('center_axis',(-0.5,-0.866025403784439,0.));
#2482=DIRECTION('ref_axis',(-0.612372435695792,0.353553390593272,0.707106781186551));
#2483=DIRECTION('',(-0.866025403784439,0.5,-5.13170824337701E-49));
#2484=DIRECTION('',(0.,0.,-1.));
#2485=DIRECTION('',(0.866025403784439,-0.5,3.42113882891801E-49));
#2486=DIRECTION('',(0.,0.,1.));
#2487=DIRECTION('center_axis',(-0.5,-0.866025403784439,0.));
#2488=DIRECTION('ref_axis',(0.612372435695795,-0.353553390593274,-0.707106781186547));
#2489=DIRECTION('',(0.866025403784439,-0.5,4.44089209850063E-16));
#2490=DIRECTION('center_axis',(-3.84592537276713E-16,2.22044604925031E-16,
1.));
#2491=DIRECTION('ref_axis',(-0.965925826289077,-0.258819045102489,0.));
#2492=DIRECTION('',(3.84592537276713E-16,-2.22044604925031E-16,-1.));
#2493=DIRECTION('center_axis',(8.77814316504787E-98,6.84227765783602E-49,
1.));
#2494=DIRECTION('ref_axis',(-0.965925826289077,-0.258819045102489,0.));
#2495=DIRECTION('center_axis',(-0.866025403784439,0.5,-4.44089209850063E-16));
#2496=DIRECTION('ref_axis',(-5.12790049702284E-16,0.,1.));
#2497=DIRECTION('',(-3.84592537276713E-16,2.22044604925031E-16,1.));
#2498=DIRECTION('',(-0.500000000000001,-0.866025403784438,-4.33680868994202E-19));
#2499=DIRECTION('center_axis',(3.84592537276713E-16,-2.22044604925031E-16,
-1.));
#2500=DIRECTION('ref_axis',(-0.258819045102542,0.965925826289063,0.));
#2501=DIRECTION('',(3.84592537276713E-16,-2.22044604925031E-16,-1.));
#2502=DIRECTION('center_axis',(8.77814316504787E-98,6.84227765783602E-49,
1.));
#2503=DIRECTION('ref_axis',(-0.258819045102542,0.965925826289063,0.));
#2504=DIRECTION('center_axis',(0.,0.,-1.));
#2505=DIRECTION('ref_axis',(-0.258819045102542,0.965925826289063,0.));
#2506=DIRECTION('center_axis',(-0.353553390593274,-0.612372435695796,-0.707106781186546));
#2507=DIRECTION('ref_axis',(0.353553390593273,0.612372435695793,-0.707106781186549));
#2508=DIRECTION('',(0.,0.,-1.));
#2509=DIRECTION('center_axis',(0.,0.,1.));
#2510=DIRECTION('ref_axis',(0.500000000000001,0.866025403784438,0.));
#2511=DIRECTION('',(0.,0.,1.));
#2512=DIRECTION('center_axis',(0.612372435695786,-0.353553390593269,-0.707106781186558));
#2513=DIRECTION('ref_axis',(-0.612372435695803,0.353553390593279,-0.707106781186537));
#2514=DIRECTION('center_axis',(0.5,0.866025403784439,0.));
#2515=DIRECTION('ref_axis',(0.,0.,1.));
#2516=DIRECTION('center_axis',(0.866025403784438,-0.500000000000001,0.));
#2517=DIRECTION('ref_axis',(0.500000000000001,0.866025403784438,0.));
#2518=DIRECTION('center_axis',(0.5,0.866025403784439,0.));
#2519=DIRECTION('ref_axis',(0.612372435695795,-0.353553390593274,-0.707106781186547));
#2520=DIRECTION('center_axis',(-0.866025403784439,0.5,-4.44089209850063E-16));
#2521=DIRECTION('ref_axis',(0.353553390593279,0.612372435695792,0.707106781186547));
#2522=DIRECTION('',(0.866025403784439,-0.5,4.44089209850063E-16));
#2523=DIRECTION('',(-0.866025403784439,0.5,-4.44089209850063E-16));
#2524=DIRECTION('center_axis',(-0.612372435695786,0.353553390593269,0.707106781186558));
#2525=DIRECTION('ref_axis',(0.755928946018464,0.,0.654653670707966));
#2526=DIRECTION('',(-0.5,-0.866025403784439,5.92558627143268E-49));
#2527=DIRECTION('center_axis',(0.612372435695786,-0.353553390593269,-0.707106781186558));
#2528=DIRECTION('ref_axis',(-0.612372435695804,0.353553390593279,-0.707106781186537));
#2529=DIRECTION('',(-0.78867513459482,-0.211324865405178,-0.577350269189619));
#2530=DIRECTION('',(0.5,0.866025403784439,-5.92558627143268E-49));
#2531=DIRECTION('',(0.211324865405187,-0.788675134594822,0.577350269189614));
#2532=DIRECTION('center_axis',(-0.866025403784439,0.5,0.));
#2533=DIRECTION('ref_axis',(0.,0.,1.));
#2534=DIRECTION('',(0.,0.,-1.));
#2535=DIRECTION('center_axis',(-3.8480937771121E-16,2.21669026275347E-16,
1.));
#2536=DIRECTION('ref_axis',(0.499999999999999,0.866025403784439,4.33680868994202E-19));
#2537=DIRECTION('',(-0.866025403784439,0.5,-4.44089209850063E-16));
#2538=DIRECTION('center_axis',(-8.77814316504787E-98,-6.84227765783602E-49,
-1.));
#2539=DIRECTION('ref_axis',(-1.,1.28292706084425E-49,0.));
#2540=DIRECTION('',(0.866025403784439,-0.499999999999999,3.421138828918E-49));
#2541=DIRECTION('center_axis',(8.77814316504787E-98,6.84227765783602E-49,
1.));
#2542=DIRECTION('ref_axis',(0.965925826289071,0.258819045102511,0.));
#2543=DIRECTION('',(-0.499999999999999,-0.866025403784439,5.92558627143269E-49));
#2544=DIRECTION('center_axis',(8.77814316504787E-98,6.84227765783602E-49,
1.));
#2545=DIRECTION('ref_axis',(0.258819045102524,-0.965925826289067,0.));
#2546=DIRECTION('center_axis',(0.,0.,-1.));
#2547=DIRECTION('ref_axis',(-0.965925826289076,-0.258819045102492,0.));
#2548=DIRECTION('center_axis',(0.,0.,1.));
#2549=DIRECTION('ref_axis',(-0.866025403784434,0.500000000000007,0.));
#2550=DIRECTION('center_axis',(0.353553390593268,0.612372435695785,-0.707106781186559));
#2551=DIRECTION('ref_axis',(-0.353553390593279,-0.612372435695804,-0.707106781186536));
#2552=DIRECTION('center_axis',(-0.5,-0.866025403784439,0.));
#2553=DIRECTION('ref_axis',(0.,0.,-1.));
#2554=DIRECTION('center_axis',(0.866025403784438,-0.500000000000001,0.));
#2555=DIRECTION('ref_axis',(0.,0.,1.));
#2556=DIRECTION('center_axis',(-0.866025403784439,0.5,-4.44089209850063E-16));
#2557=DIRECTION('ref_axis',(-0.353553390593279,-0.612372435695791,0.707106781186548));
#2558=DIRECTION('center_axis',(-0.353553390593268,-0.612372435695785,0.707106781186559));
#2559=DIRECTION('ref_axis',(0.894427190999922,0.,0.447213595499946));
#2560=DIRECTION('',(0.353553390593273,0.612372435695807,0.707106781186537));
#2561=DIRECTION('',(-0.866025403784439,0.5,-3.42113882891801E-49));
#2562=DIRECTION('center_axis',(0.5,0.866025403784439,0.));
#2563=DIRECTION('ref_axis',(-0.866025403784439,0.5,-3.42113882891801E-49));
#2564=DIRECTION('',(-0.866025403784439,0.5,-3.42113882891801E-49));
#2565=DIRECTION('',(0.,0.,1.));
#2566=DIRECTION('',(0.866025403784439,-0.5,5.13170824337702E-49));
#2567=DIRECTION('center_axis',(0.5,0.866025403784439,0.));
#2568=DIRECTION('ref_axis',(-0.612372435695793,0.353553390593273,0.707106781186549));
#2569=DIRECTION('',(-2.96279313571634E-49,1.710569414459E-49,1.));
#2570=DIRECTION('',(-0.612372435695802,-0.353553390593279,0.707106781186538));
#2571=DIRECTION('',(0.612372435695769,0.353553390593283,-0.707106781186565));
#2572=DIRECTION('',(-0.612372435695803,-0.353553390593254,0.70710678118655));
#2573=DIRECTION('center_axis',(0.612372435695798,0.353553390593276,0.707106781186544));
#2574=DIRECTION('ref_axis',(0.755928946018451,0.,-0.654653670707981));
#2575=DIRECTION('',(-0.5,0.866025403784439,-4.33680868994843E-19));
#2576=DIRECTION('',(-0.612372435695791,-0.353553390593279,0.707106781186548));
#2577=DIRECTION('',(0.5,-0.866025403784439,4.33680868994843E-19));
#2578=DIRECTION('center_axis',(-0.5,0.866025403784438,0.));
#2579=DIRECTION('ref_axis',(-0.866025403784438,-0.5,3.42113882891801E-49));
#2580=DIRECTION('',(8.65333208872604E-16,4.99600361081321E-16,1.));
#2581=DIRECTION('',(0.866025403784438,0.5,-3.42113882891801E-49));
#2582=DIRECTION('',(-2.96279313571634E-49,-1.71056941445901E-49,-1.));
#2583=DIRECTION('center_axis',(-0.5,0.866025403784438,0.));
#2584=DIRECTION('ref_axis',(0.612372435695794,0.353553390593274,0.707106781186548));
#2585=DIRECTION('',(0.866025403784438,0.5,-2.27893625898235E-64));
#2586=DIRECTION('',(0.,0.,-1.));
#2587=DIRECTION('',(-0.866025403784438,-0.5,3.42113882891801E-49));
#2588=DIRECTION('',(0.,0.,1.));
#2589=DIRECTION('center_axis',(-0.5,0.866025403784438,0.));
#2590=DIRECTION('ref_axis',(-0.612372435695795,-0.353553390593275,-0.707106781186546));
#2591=DIRECTION('',(-0.866025403784438,-0.5,9.99200722162641E-16));
#2592=DIRECTION('center_axis',(8.65333208872604E-16,4.99600361081321E-16,
1.));
#2593=DIRECTION('ref_axis',(0.258819045102511,0.965925826289071,0.));
#2594=DIRECTION('',(-8.65333208872604E-16,-4.99600361081321E-16,-1.));
#2595=DIRECTION('center_axis',(8.77814316504787E-98,6.84227765783602E-49,
1.));
#2596=DIRECTION('ref_axis',(0.258819045102511,0.965925826289071,0.));
#2597=DIRECTION('center_axis',(0.866025403784439,0.5,-9.99200722162641E-16));
#2598=DIRECTION('ref_axis',(-1.15377761183014E-15,0.,-1.));
#2599=DIRECTION('',(8.65333208872604E-16,4.99600361081321E-16,1.));
#2600=DIRECTION('',(-0.5,0.866025403784439,-4.33680868994211E-19));
#2601=DIRECTION('center_axis',(-8.65333208872604E-16,-4.99600361081321E-16,
-1.));
#2602=DIRECTION('ref_axis',(0.965925826289064,-0.258819045102537,0.));
#2603=DIRECTION('',(-8.65333208872604E-16,-4.99600361081321E-16,-1.));
#2604=DIRECTION('center_axis',(8.77814316504787E-98,6.84227765783602E-49,
1.));
#2605=DIRECTION('ref_axis',(0.965925826289064,-0.258819045102537,0.));
#2606=DIRECTION('center_axis',(0.,0.,-1.));
#2607=DIRECTION('ref_axis',(0.258819045102533,0.965925826289065,0.));
#2608=DIRECTION('center_axis',(-0.612372435695793,-0.353553390593273,-0.707106781186549));
#2609=DIRECTION('ref_axis',(0.612372435695796,0.353553390593275,-0.707106781186546));
#2610=DIRECTION('',(0.,0.,-1.));
#2611=DIRECTION('center_axis',(-1.92296268638356E-15,-1.11022302462517E-15,
1.));
#2612=DIRECTION('ref_axis',(0.866025403784434,0.500000000000008,2.22044604925032E-15));
#2613=DIRECTION('center_axis',(0.353553390593268,-0.612372435695785,-0.707106781186559));
#2614=DIRECTION('ref_axis',(-0.35355339059328,0.612372435695804,-0.707106781186536));
#2615=DIRECTION('center_axis',(-0.5,0.866025403784438,0.));
#2616=DIRECTION('ref_axis',(0.,0.,1.));
#2617=DIRECTION('center_axis',(-0.866025403784436,-0.500000000000004,3.60555503696918E-16));
#2618=DIRECTION('ref_axis',(4.16333634234434E-16,0.,1.));
#2619=DIRECTION('center_axis',(0.866025403784438,0.5,-9.99200722162641E-16));
#2620=DIRECTION('ref_axis',(-0.353553390593273,0.612372435695791,0.707106781186551));
#2621=DIRECTION('',(0.866025403784438,0.5,-9.99200722162641E-16));
#2622=DIRECTION('center_axis',(8.65116368438107E-16,4.99975939731006E-16,
1.));
#2623=DIRECTION('ref_axis',(0.500000000000001,-0.866025403784438,4.33680868994211E-19));
#2624=DIRECTION('',(-0.866025403784438,-0.5,9.99200722162641E-16));
#2625=DIRECTION('center_axis',(0.866025403784439,0.5,0.));
#2626=DIRECTION('ref_axis',(0.,0.,-1.));
#2627=DIRECTION('',(-0.5,0.866025403784439,-5.92558627143268E-49));
#2628=DIRECTION('',(0.,0.,1.));
#2629=DIRECTION('center_axis',(0.612372435695793,0.353553390593273,0.707106781186549));
#2630=DIRECTION('ref_axis',(0.755928946018456,0.,-0.654653670707976));
#2631=DIRECTION('',(0.211324865405186,0.788675134594813,-0.577350269189626));
#2632=DIRECTION('',(0.5,-0.866025403784439,5.92558627143268E-49));
#2633=DIRECTION('',(-0.788675134594817,0.211324865405162,0.577350269189629));
#2634=DIRECTION('center_axis',(-0.612372435695793,-0.353553390593273,-0.707106781186549));
#2635=DIRECTION('ref_axis',(0.612372435695796,0.353553390593275,-0.707106781186546));
#2636=DIRECTION('center_axis',(-0.353553390593268,0.612372435695785,0.707106781186559));
#2637=DIRECTION('ref_axis',(0.894427190999921,0.,0.447213595499947));
#2638=DIRECTION('',(0.353553390593272,-0.612372435695807,0.707106781186538));
#2639=DIRECTION('',(0.866025403784438,0.5,-3.42113882891801E-49));
#2640=DIRECTION('center_axis',(0.,0.,-1.));
#2641=DIRECTION('ref_axis',(0.965925826289064,-0.258819045102537,0.));
#2642=DIRECTION('center_axis',(-0.353553390593274,0.612372435695794,-0.707106781186548));
#2643=DIRECTION('ref_axis',(0.353553390593274,-0.612372435695794,-0.707106781186547));
#2644=DIRECTION('',(0.,0.,-1.));
#2645=DIRECTION('center_axis',(-1.92296268638357E-15,-1.11022302462517E-15,
1.));
#2646=DIRECTION('ref_axis',(0.500000000000004,-0.866025403784437,0.));
#2647=DIRECTION('center_axis',(0.5,-0.866025403784438,0.));
#2648=DIRECTION('ref_axis',(0.,0.,-1.));
#2649=DIRECTION('center_axis',(-0.866025403784442,-0.499999999999994,0.));
#2650=DIRECTION('ref_axis',(0.499999999999994,-0.866025403784442,0.));
#2651=DIRECTION('center_axis',(0.5,-0.866025403784438,0.));
#2652=DIRECTION('ref_axis',(-0.612372435695795,-0.353553390593275,-0.707106781186547));
#2653=DIRECTION('center_axis',(0.866025403784438,0.5,-9.99200722162641E-16));
#2654=DIRECTION('ref_axis',(0.353553390593274,-0.612372435695794,0.707106781186548));
#2655=DIRECTION('',(0.866025403784438,0.5,-9.99200722162641E-16));
#2656=DIRECTION('center_axis',(-8.77814316504787E-98,-6.84227765783602E-49,
-1.));
#2657=DIRECTION('ref_axis',(-1.,1.28292706084425E-49,0.));
#2658=DIRECTION('',(-0.866025403784438,-0.5,3.42113882891801E-49));
#2659=DIRECTION('center_axis',(8.77814316504787E-98,6.84227765783602E-49,
1.));
#2660=DIRECTION('ref_axis',(-0.258819045102515,-0.96592582628907,0.));
#2661=DIRECTION('',(-0.500000000000001,0.866025403784438,-5.92558627143268E-49));
#2662=DIRECTION('center_axis',(8.77814316504787E-98,6.84227765783602E-49,
1.));
#2663=DIRECTION('ref_axis',(-0.965925826289071,0.258819045102512,0.));
#2664=DIRECTION('center_axis',(0.5,-0.866025403784438,0.));
#2665=DIRECTION('ref_axis',(0.866025403784438,0.5,-3.42113882891801E-49));
#2666=DIRECTION('',(0.866025403784438,0.5,-3.42113882891801E-49));
#2667=DIRECTION('',(0.,0.,1.));
#2668=DIRECTION('',(-0.866025403784438,-0.5,2.27893625898235E-64));
#2669=DIRECTION('center_axis',(0.5,-0.866025403784438,0.));
#2670=DIRECTION('ref_axis',(0.612372435695793,0.353553390593274,0.707106781186549));
#2671=DIRECTION('',(2.96279313571634E-49,1.71056941445901E-49,1.));
#2672=DIRECTION('center_axis',(0.353553390593274,-0.612372435695794,0.707106781186548));
#2673=DIRECTION('ref_axis',(0.894427190999916,0.,-0.447213595499958));
#2674=DIRECTION('',(-0.866025403784438,-0.5,3.42113882891801E-49));
#2675=DIRECTION('',(-0.353553390593275,0.612372435695792,0.707106781186549));
#2676=DIRECTION('',(0.,0.707106781186554,0.707106781186541));
#2677=DIRECTION('',(0.,-0.707106781186556,-0.707106781186539));
#2678=DIRECTION('',(3.14018491736761E-15,0.707106781186534,0.707106781186561));
#2679=DIRECTION('center_axis',(1.56947914131713E-15,-0.707106781186561,
0.707106781186534));
#2680=DIRECTION('ref_axis',(1.,0.,-2.21957868751241E-15));
#2681=DIRECTION('',(1.,2.22044604925031E-15,8.67361737988413E-19));
#2682=DIRECTION('',(0.,0.707106781186534,0.707106781186561));
#2683=DIRECTION('',(-1.,-2.22044604925031E-15,-8.67361737988413E-19));
#2684=DIRECTION('center_axis',(1.,-1.11022300808155E-15,0.));
#2685=DIRECTION('ref_axis',(1.11022300808155E-15,1.,-6.84227765783602E-49));
#2686=DIRECTION('',(0.,0.,1.));
#2687=DIRECTION('',(-1.28292706084425E-49,-1.,6.84227765783602E-49));
#2688=DIRECTION('',(-7.59645408341187E-64,-6.84227765783602E-49,-1.));
#2689=DIRECTION('center_axis',(1.,-1.11022300808155E-15,0.));
#2690=DIRECTION('ref_axis',(-7.85046217643789E-16,-0.707106781186547,0.707106781186548));
#2691=DIRECTION('',(-1.11022300808155E-15,-1.,5.13170824337701E-49));
#2692=DIRECTION('',(0.,0.,-1.));
#2693=DIRECTION('',(1.11022300808155E-15,1.,-6.84227765783602E-49));
#2694=DIRECTION('',(0.,0.,1.));
#2695=DIRECTION('center_axis',(1.,-1.11022300808155E-15,0.));
#2696=DIRECTION('ref_axis',(7.85046217643789E-16,0.707106781186547,-0.707106781186548));
#2697=DIRECTION('',(1.11022300808155E-15,1.,2.88889490223159E-33));
#2698=DIRECTION('center_axis',(0.,0.,1.));
#2699=DIRECTION('ref_axis',(0.707106781186544,-0.707106781186551,0.));
#2700=DIRECTION('',(0.,0.,-1.));
#2701=DIRECTION('center_axis',(8.77814316504787E-98,6.84227765783602E-49,
1.));
#2702=DIRECTION('ref_axis',(0.707106781186544,-0.707106781186551,0.));
#2703=DIRECTION('center_axis',(2.22044604925031E-15,-1.,0.));
#2704=DIRECTION('ref_axis',(0.,0.,-1.));
#2705=DIRECTION('',(0.,0.,1.));
#2706=DIRECTION('',(1.,2.13717932240343E-15,8.67361737988413E-19));
#2707=DIRECTION('center_axis',(0.,0.,-1.));
#2708=DIRECTION('ref_axis',(-0.707106781186554,-0.707106781186541,0.));
#2709=DIRECTION('',(0.,0.,-1.));
#2710=DIRECTION('center_axis',(8.77814316504787E-98,6.84227765783602E-49,
1.));
#2711=DIRECTION('ref_axis',(-0.707106781186554,-0.707106781186541,0.));
#2712=DIRECTION('center_axis',(0.,0.,-1.));
#2713=DIRECTION('ref_axis',(0.707106781186557,-0.707106781186538,0.));
#2714=DIRECTION('center_axis',(6.28036983473511E-16,0.707106781186549,-0.707106781186546));
#2715=DIRECTION('ref_axis',(-5.88784672006414E-16,-0.707106781186546,-0.707106781186549));
#2716=DIRECTION('',(0.,0.,-1.));
#2717=DIRECTION('center_axis',(0.,-2.22044604925032E-15,1.));
#2718=DIRECTION('ref_axis',(0.,-1.,-2.22044604925032E-15));
#2719=DIRECTION('center_axis',(-0.707106781186548,7.85046217643789E-16,
-0.707106781186548));
#2720=DIRECTION('ref_axis',(0.707106781186548,-6.86915450674152E-16,-0.707106781186547));
#2721=DIRECTION('center_axis',(1.,-1.11022300808155E-15,0.));
#2722=DIRECTION('ref_axis',(0.,0.,-1.));
#2723=DIRECTION('center_axis',(0.,1.,0.));
#2724=DIRECTION('ref_axis',(0.,0.,1.));
#2725=DIRECTION('center_axis',(-1.11022300808155E-15,-1.,-2.88889490223159E-33));
#2726=DIRECTION('ref_axis',(0.707106781186546,0.,0.707106781186549));
#2727=DIRECTION('',(-1.11022300808155E-15,-1.,-2.88889490223159E-33));
#2728=DIRECTION('center_axis',(0.707106781186548,-7.85046217643789E-16,
0.707106781186548));
#2729=DIRECTION('ref_axis',(0.707106781186548,0.,-0.707106781186548));
#2730=DIRECTION('',(-0.707106781186546,0.,0.707106781186549));
#2731=DIRECTION('',(-1.11022300808155E-15,-1.,6.84227765783602E-49));
#2732=DIRECTION('',(0.577350269189627,-0.577350269189624,-0.577350269189627));
#2733=DIRECTION('center_axis',(-8.77814316504787E-98,-6.84227765783602E-49,
-1.));
#2734=DIRECTION('ref_axis',(-1.,1.28292706084425E-49,0.));
#2735=DIRECTION('',(1.28292706084425E-49,1.,-6.84227765783602E-49));
#2736=DIRECTION('center_axis',(8.77814316504787E-98,6.84227765783602E-49,
1.));
#2737=DIRECTION('ref_axis',(-0.707106781186549,0.707106781186546,0.));
#2738=DIRECTION('',(1.,-1.28292706084425E-49,0.));
#2739=DIRECTION('center_axis',(8.77814316504787E-98,6.84227765783602E-49,
1.));
#2740=DIRECTION('ref_axis',(0.707106781186549,0.707106781186546,0.));
#2741=DIRECTION('center_axis',(0.,0.,-1.));
#2742=DIRECTION('ref_axis',(-0.707106781186541,-0.707106781186554,0.));
#2743=DIRECTION('center_axis',(0.707106781186546,-5.88784663232841E-16,
-0.707106781186549));
#2744=DIRECTION('ref_axis',(-0.707106781186549,5.39719282672549E-16,-0.707106781186546));
#2745=DIRECTION('',(0.,0.,-1.));
#2746=DIRECTION('center_axis',(0.,-2.22044604925028E-15,1.));
#2747=DIRECTION('ref_axis',(-1.,0.,0.));
#2748=DIRECTION('',(0.,0.,1.));
#2749=DIRECTION('center_axis',(6.28036983473511E-16,0.707106781186549,-0.707106781186546));
#2750=DIRECTION('ref_axis',(-4.90653893338679E-16,-0.707106781186546,-0.707106781186549));
#2751=DIRECTION('center_axis',(-1.,8.3266725606116E-16,0.));
#2752=DIRECTION('ref_axis',(0.,0.,1.));
#2753=DIRECTION('center_axis',(0.,1.,0.));
#2754=DIRECTION('ref_axis',(-1.,0.,0.));
#2755=DIRECTION('center_axis',(-1.,8.3266725606116E-16,0.));
#2756=DIRECTION('ref_axis',(5.88784663232841E-16,0.707106781186547,-0.707106781186548));
#2757=DIRECTION('center_axis',(-8.3266725606116E-16,-1.,-2.64815366277051E-33));
#2758=DIRECTION('ref_axis',(-0.70710678118655,0.,0.707106781186545));
#2759=DIRECTION('',(8.3266725606116E-16,1.,2.64815366277051E-33));
#2760=DIRECTION('',(-8.3266725606116E-16,-1.,-2.64815366277051E-33));
#2761=DIRECTION('center_axis',(-1.,8.3266725606116E-16,0.));
#2762=DIRECTION('ref_axis',(-8.3266725606116E-16,-1.,6.84227765783602E-49));
#2763=DIRECTION('',(-8.3266725606116E-16,-1.,6.84227765783602E-49));
#2764=DIRECTION('',(0.,0.,1.));
#2765=DIRECTION('',(8.3266725606116E-16,1.,-5.13170824337701E-49));
#2766=DIRECTION('center_axis',(-1.,8.3266725606116E-16,0.));
#2767=DIRECTION('ref_axis',(-5.88784663232842E-16,-0.707106781186548,0.707106781186547));
#2768=DIRECTION('',(5.6973405625589E-64,6.84227765783602E-49,1.));
#2769=DIRECTION('center_axis',(-0.707106781186546,5.88784663232841E-16,
0.707106781186549));
#2770=DIRECTION('ref_axis',(0.707106781186549,0.,0.707106781186546));
#2771=DIRECTION('',(0.577350269189628,0.577350269189625,0.577350269189625));
#2772=DIRECTION('',(8.3266725606116E-16,1.,-6.84227765783602E-49));
#2773=DIRECTION('',(0.707106781186546,0.,0.707106781186549));
#2774=DIRECTION('center_axis',(-8.67361737988413E-19,-1.92592994438726E-33,
1.));
#2775=DIRECTION('ref_axis',(-1.,-2.13717932240343E-15,-8.67361737988413E-19));
#2776=DIRECTION('center_axis',(-6.28036983473511E-16,-0.707106781186549,
0.707106781186546));
#2777=DIRECTION('ref_axis',(1.,0.,8.88178419700129E-16));
#2778=DIRECTION('',(-1.,8.88178419700125E-16,-6.07716335728627E-64));
#2779=DIRECTION('',(1.,-8.88178419700125E-16,6.07716335728627E-64));
#2780=DIRECTION('center_axis',(-8.88178419700125E-16,-1.,0.));
#2781=DIRECTION('ref_axis',(0.,0.,-1.));
#2782=DIRECTION('center_axis',(-2.96279313571634E-49,-1.71056941445901E-49,
-1.));
#2783=DIRECTION('ref_axis',(-0.258819045102515,-0.96592582628907,0.));
#2784=DIRECTION('center_axis',(0.,0.,-1.));
#2785=DIRECTION('ref_axis',(0.499999999999997,-0.86602540378444,0.));
#2786=DIRECTION('',(-2.96279313571634E-49,-1.71056941445901E-49,-1.));
#2787=DIRECTION('center_axis',(0.5,-0.866025403784438,0.));
#2788=DIRECTION('ref_axis',(0.,0.,-1.));
#2789=DIRECTION('center_axis',(0.866025403784438,0.500000000000002,0.));
#2790=DIRECTION('ref_axis',(0.500000000000002,-0.866025403784438,0.));
#2791=DIRECTION('center_axis',(-0.5,0.866025403784438,0.));
#2792=DIRECTION('ref_axis',(0.612372435695793,0.353553390593274,0.707106781186549));
#2793=DIRECTION('center_axis',(-0.866025403784438,-0.5,2.27893625898235E-64));
#2794=DIRECTION('ref_axis',(0.353553390593273,-0.612372435695792,-0.70710678118655));
#2795=DIRECTION('center_axis',(0.866025403784436,0.500000000000005,0.));
#2796=DIRECTION('ref_axis',(0.500000000000005,-0.866025403784436,0.));
#2797=DIRECTION('',(0.866025403784438,0.5,-2.27893625898235E-64));
#2798=DIRECTION('center_axis',(2.96279313571634E-49,-5.13170824337701E-49,
-1.));
#2799=DIRECTION('ref_axis',(-1.,0.,0.));
#2800=DIRECTION('center_axis',(-6.45238529273229E-9,1.,0.));
#2801=DIRECTION('ref_axis',(1.,6.45238529273229E-9,0.));
#2802=DIRECTION('center_axis',(2.96279313571634E-49,-5.13170824337701E-49,
-1.));
#2803=DIRECTION('ref_axis',(-0.866025405397536,0.499999997206033,-5.13170823381846E-49));
#2804=DIRECTION('center_axis',(-2.96279313571634E-49,5.13170824337701E-49,
1.));
#2805=DIRECTION('ref_axis',(-0.866025405397536,0.499999997206033,0.));
#2806=DIRECTION('center_axis',(2.96279313571634E-49,-5.13170824337701E-49,
-1.));
#2807=DIRECTION('ref_axis',(0.866025403784439,-0.5,0.));
#2808=DIRECTION('center_axis',(0.866025407010639,0.499999994412058,0.));
#2809=DIRECTION('ref_axis',(0.499999994412058,-0.866025407010639,0.));
#2810=DIRECTION('center_axis',(-2.96279313571634E-49,5.13170824337701E-49,
1.));
#2811=DIRECTION('ref_axis',(0.866025403784439,-0.5,5.13170824337701E-49));
#2812=DIRECTION('center_axis',(2.96279313571634E-49,-5.13170824337701E-49,
-1.));
#2813=DIRECTION('ref_axis',(0.866025403784439,-0.5,0.));
#2814=DIRECTION('center_axis',(2.96279313571634E-49,-5.13170824337701E-49,
-1.));
#2815=DIRECTION('ref_axis',(-1.,0.,0.));
#2816=DIRECTION('center_axis',(0.,1.,0.));
#2817=DIRECTION('ref_axis',(1.,0.,0.));
#2818=DIRECTION('center_axis',(2.96279313571634E-49,-5.13170824337701E-49,
-1.));
#2819=DIRECTION('ref_axis',(-0.866025402171344,0.500000002793962,-5.13170825293555E-49));
#2820=DIRECTION('center_axis',(-2.96279313571634E-49,5.13170824337701E-49,
1.));
#2821=DIRECTION('ref_axis',(-0.866025402171344,0.500000002793962,0.));
#2822=DIRECTION('center_axis',(-1.11022300808155E-15,-1.,5.13170824337701E-49));
#2823=DIRECTION('ref_axis',(0.707106781186548,0.,-0.707106781186548));
#2824=DIRECTION('center_axis',(0.,1.,0.));
#2825=DIRECTION('ref_axis',(1.,0.,0.));
#2826=DIRECTION('',(1.11022300808155E-15,1.,-5.13170824337701E-49));
#2827=DIRECTION('center_axis',(1.,-1.11022300808155E-15,0.));
#2828=DIRECTION('ref_axis',(0.,0.,-1.));
#2829=DIRECTION('center_axis',(0.,0.,1.));
#2830=DIRECTION('ref_axis',(1.,0.,0.));
#2831=DIRECTION('center_axis',(-1.,1.11022300808155E-15,0.));
#2832=DIRECTION('ref_axis',(-8.3266726846887E-16,-0.707106781186547,0.707106781186548));
#2833=DIRECTION('center_axis',(-7.59645408341187E-64,-6.84227765783602E-49,
-1.));
#2834=DIRECTION('ref_axis',(0.707106781186549,0.707106781186546,0.));
#2835=DIRECTION('',(7.59645408341187E-64,6.84227765783602E-49,1.));
#2836=DIRECTION('center_axis',(0.,0.,1.));
#2837=DIRECTION('ref_axis',(-0.866025402171343,0.500000002793964,0.));
#2838=DIRECTION('',(0.,0.,1.));
#2839=DIRECTION('center_axis',(-8.77814316504787E-98,-6.84227765783602E-49,
-1.));
#2840=DIRECTION('ref_axis',(-0.866025402171343,0.500000002793964,0.));
#2841=DIRECTION('center_axis',(0.,0.,1.));
#2842=DIRECTION('ref_axis',(0.866025403784438,-0.5,0.));
#2843=DIRECTION('',(0.,0.,-1.));
#2844=DIRECTION('center_axis',(8.77814316504787E-98,6.84227765783602E-49,
1.));
#2845=DIRECTION('ref_axis',(1.,-1.28292706084425E-49,0.));
#2846=DIRECTION('center_axis',(0.,0.,1.));
#2847=DIRECTION('ref_axis',(-0.866025405397536,0.499999997206034,0.));
#2848=DIRECTION('center_axis',(-8.77814316504787E-98,-6.84227765783602E-49,
-1.));
#2849=DIRECTION('ref_axis',(-0.866025405397536,0.499999997206034,0.));
#2850=DIRECTION('center_axis',(2.96279313571634E-49,-1.710569414459E-49,
-1.));
#2851=DIRECTION('ref_axis',(0.258819045102524,-0.965925826289067,0.));
#2852=DIRECTION('',(-2.96279313571634E-49,1.710569414459E-49,1.));
#2853=DIRECTION('center_axis',(0.,0.,-1.));
#2854=DIRECTION('ref_axis',(0.866025403784437,-0.500000000000004,0.));
#2855=DIRECTION('center_axis',(-0.5,-0.866025403784439,0.));
#2856=DIRECTION('ref_axis',(0.,0.,-1.));
#2857=DIRECTION('center_axis',(-0.86602540378444,0.499999999999997,0.));
#2858=DIRECTION('ref_axis',(0.,0.,-1.));
#2859=DIRECTION('center_axis',(0.5,0.866025403784439,0.));
#2860=DIRECTION('ref_axis',(-0.612372435695792,0.353553390593272,0.707106781186551));
#2861=DIRECTION('center_axis',(-0.866025403784439,0.5,-5.13170824337701E-49));
#2862=DIRECTION('ref_axis',(-0.353553390593273,-0.612372435695792,-0.70710678118655));
#2863=DIRECTION('center_axis',(-0.866025403784436,0.500000000000004,0.));
#2864=DIRECTION('ref_axis',(0.,0.,-1.));
#2865=DIRECTION('',(0.866025403784439,-0.5,5.13170824337701E-49));
#2866=DIRECTION('center_axis',(2.96279313571634E-49,-5.13170824337701E-49,
-1.));
#2867=DIRECTION('ref_axis',(0.866025405397536,0.499999997206033,0.));
#2868=DIRECTION('center_axis',(6.45238529273228E-9,1.,0.));
#2869=DIRECTION('ref_axis',(0.,0.,-1.));
#2870=DIRECTION('center_axis',(-2.96279313571634E-49,5.13170824337701E-49,
1.));
#2871=DIRECTION('ref_axis',(0.866025405397537,0.499999997206032,0.));
#2872=DIRECTION('center_axis',(2.96279313571634E-49,-5.13170824337701E-49,
-1.));
#2873=DIRECTION('ref_axis',(0.866025405397537,0.499999997206032,1.9117103150631E-57));
#2874=DIRECTION('center_axis',(2.96279313571634E-49,-5.13170824337701E-49,
-1.));
#2875=DIRECTION('ref_axis',(-1.,0.,0.));
#2876=DIRECTION('center_axis',(-0.866025407010639,0.499999994412058,0.));
#2877=DIRECTION('ref_axis',(0.,0.,-1.));
#2878=DIRECTION('center_axis',(2.96279313571634E-49,-5.13170824337701E-49,
-1.));
#2879=DIRECTION('ref_axis',(-0.866025403784439,-0.5,0.));
#2880=DIRECTION('center_axis',(-2.96279313571634E-49,5.13170824337701E-49,
1.));
#2881=DIRECTION('ref_axis',(-0.866025403784439,-0.5,-1.46085655115329E-64));
#2882=DIRECTION('center_axis',(2.96279313571634E-49,-5.13170824337701E-49,
-1.));
#2883=DIRECTION('ref_axis',(-1.,0.,0.));
#2884=DIRECTION('center_axis',(0.,1.,0.));
#2885=DIRECTION('ref_axis',(0.,0.,-1.));
#2886=DIRECTION('center_axis',(-2.96279313571634E-49,5.13170824337701E-49,
1.));
#2887=DIRECTION('ref_axis',(0.866025402171344,0.500000002793962,0.));
#2888=DIRECTION('center_axis',(2.96279313571634E-49,-5.13170824337701E-49,
-1.));
#2889=DIRECTION('ref_axis',(0.866025402171344,0.500000002793962,-1.91170640831523E-57));
#2890=DIRECTION('center_axis',(8.3266725606116E-16,1.,-5.13170824337701E-49));
#2891=DIRECTION('ref_axis',(-0.707106781186548,0.,-0.707106781186548));
#2892=DIRECTION('center_axis',(0.,1.,0.));
#2893=DIRECTION('ref_axis',(0.,0.,-1.));
#2894=DIRECTION('',(-8.3266725606116E-16,-1.,5.13170824337701E-49));
#2895=DIRECTION('center_axis',(-1.,8.3266725606116E-16,0.));
#2896=DIRECTION('ref_axis',(0.,0.,1.));
#2897=DIRECTION('center_axis',(0.,0.,1.));
#2898=DIRECTION('ref_axis',(0.,1.,0.));
#2899=DIRECTION('center_axis',(1.,-8.3266725606116E-16,0.));
#2900=DIRECTION('ref_axis',(-5.55111512312579E-16,-0.707106781186548,0.707106781186547));
#2901=DIRECTION('center_axis',(-5.6973405625589E-64,-6.84227765783602E-49,
-1.));
#2902=DIRECTION('ref_axis',(-0.707106781186549,0.707106781186546,0.));
#2903=DIRECTION('',(-5.6973405625589E-64,-6.84227765783602E-49,-1.));
#2904=DIRECTION('center_axis',(1.28292706084425E-49,1.,-6.84227765783602E-49));
#2905=DIRECTION('ref_axis',(1.,-1.28292706084425E-49,0.));
#2906=DIRECTION('',(-1.,1.28292706084425E-49,-2.96279313571634E-49));
#2907=DIRECTION('center_axis',(-1.,1.28292706084425E-49,-2.96279313571634E-49));
#2908=DIRECTION('ref_axis',(0.,-0.707106781186546,0.707106781186549));
#2909=DIRECTION('',(1.,-1.28292706084425E-49,2.96279313571634E-49));
#2910=DIRECTION('center_axis',(2.96279313571634E-49,-5.13170824337701E-49,
-1.));
#2911=DIRECTION('ref_axis',(-0.5,0.866025403784438,-5.92558627143268E-49));
#2912=DIRECTION('',(-0.499999999999999,-0.866025403784439,2.96279313571635E-49));
#2913=DIRECTION('',(-0.866025403784439,0.5,-5.13170824337702E-49));
#2914=DIRECTION('center_axis',(2.96279313571634E-49,-5.13170824337701E-49,
-1.));
#2915=DIRECTION('ref_axis',(3.2261953109014E-9,-1.,5.13170825293556E-49));
#2916=DIRECTION('center_axis',(-2.96279313571634E-49,5.13170824337701E-49,
1.));
#2917=DIRECTION('ref_axis',(-1.48029734410873E-15,1.,-5.13170824337702E-49));
#2918=DIRECTION('center_axis',(2.96279313571634E-49,-5.13170824337701E-49,
-1.));
#2919=DIRECTION('ref_axis',(-3.2261953109014E-9,-1.,5.13170823381846E-49));
#2920=DIRECTION('',(-0.866025403784438,-0.5,2.27893625898235E-64));
#2921=DIRECTION('',(-0.500000000000001,0.866025403784438,-5.92558627143268E-49));
#2922=DIRECTION('center_axis',(8.77814316504787E-98,6.84227765783602E-49,
1.));
#2923=DIRECTION('ref_axis',(-1.,1.28292706084425E-49,0.));
#2924=DIRECTION('center_axis',(0.499999999999999,0.866025403784439,-2.96279313571635E-49));
#2925=DIRECTION('ref_axis',(-0.612372435695795,0.353553390593277,0.707106781186545));
#2926=DIRECTION('',(0.499999999999999,0.866025403784439,-2.96279313571635E-49));
#2927=DIRECTION('center_axis',(-0.5,-0.866025403784439,0.));
#2928=DIRECTION('ref_axis',(-0.612372435695793,0.353553390593273,0.707106781186549));
#2929=DIRECTION('center_axis',(0.866025403784439,-0.499999999999999,3.421138828918E-49));
#2930=DIRECTION('ref_axis',(-0.499999999999999,-0.866025403784439,5.92558627143269E-49));
#2931=DIRECTION('',(2.96279313571634E-49,-1.710569414459E-49,-1.));
#2932=DIRECTION('center_axis',(2.96279313571634E-49,-1.710569414459E-49,
-1.));
#2933=DIRECTION('ref_axis',(0.965925826289071,0.258819045102511,0.));
#2934=DIRECTION('center_axis',(0.,0.,-1.));
#2935=DIRECTION('ref_axis',(0.500000000000001,0.866025403784438,0.));
#2936=DIRECTION('center_axis',(0.5,0.866025403784439,0.));
#2937=DIRECTION('ref_axis',(0.,0.,1.));
#2938=DIRECTION('center_axis',(-0.866025403784441,0.499999999999996,0.));
#2939=DIRECTION('ref_axis',(0.499999999999996,0.866025403784441,0.));
#2940=DIRECTION('center_axis',(0.866025403784439,-0.5,5.13170824337702E-49));
#2941=DIRECTION('ref_axis',(0.353553390593273,0.612372435695792,-0.70710678118655));
#2942=DIRECTION('center_axis',(-0.866025403784438,0.500000000000001,0.));
#2943=DIRECTION('ref_axis',(0.500000000000001,0.866025403784438,0.));
#2944=DIRECTION('center_axis',(2.96279313571634E-49,-5.13170824337701E-49,
-1.));
#2945=DIRECTION('ref_axis',(-1.,0.,0.));
#2946=DIRECTION('center_axis',(-0.866025400558241,-0.500000005587938,0.));
#2947=DIRECTION('ref_axis',(-0.500000005587938,0.866025400558241,0.));
#2948=DIRECTION('center_axis',(-2.96279313571634E-49,5.13170824337701E-49,
1.));
#2949=DIRECTION('ref_axis',(3.2261953109014E-9,-1.,0.));
#2950=DIRECTION('center_axis',(2.96279313571634E-49,-5.13170824337701E-49,
-1.));
#2951=DIRECTION('ref_axis',(-1.,0.,0.));
#2952=DIRECTION('center_axis',(-0.866025400558245,0.500000005587932,0.));
#2953=DIRECTION('ref_axis',(0.500000005587932,0.866025400558245,0.));
#2954=DIRECTION('center_axis',(2.96279313571634E-49,-5.13170824337701E-49,
-1.));
#2955=DIRECTION('ref_axis',(-1.48029734410873E-15,1.,0.));
#2956=DIRECTION('center_axis',(2.96279313571634E-49,-5.13170824337701E-49,
-1.));
#2957=DIRECTION('ref_axis',(-1.,0.,0.));
#2958=DIRECTION('center_axis',(-0.866025403784439,-0.5,0.));
#2959=DIRECTION('ref_axis',(-0.5,0.866025403784439,0.));
#2960=DIRECTION('center_axis',(-2.96279313571634E-49,5.13170824337701E-49,
1.));
#2961=DIRECTION('ref_axis',(-3.2261953109014E-9,-1.,0.));
#2962=DIRECTION('center_axis',(0.866025403784438,0.5,-2.27893625898235E-64));
#2963=DIRECTION('ref_axis',(-0.353553390593273,0.612372435695792,-0.70710678118655));
#2964=DIRECTION('center_axis',(-0.866025403784439,-0.5,-2.88444402957534E-15));
#2965=DIRECTION('ref_axis',(-0.5,0.866025403784439,0.));
#2966=DIRECTION('center_axis',(-0.5,0.866025403784438,0.));
#2967=DIRECTION('ref_axis',(0.,0.,1.));
#2968=DIRECTION('center_axis',(0.,0.,1.));
#2969=DIRECTION('ref_axis',(-0.500000000000003,0.866025403784437,0.));
#2970=DIRECTION('center_axis',(0.5,-0.866025403784438,0.));
#2971=DIRECTION('ref_axis',(0.612372435695794,0.353553390593274,0.707106781186548));
#2972=DIRECTION('center_axis',(-2.96279313571634E-49,-1.71056941445901E-49,
-1.));
#2973=DIRECTION('ref_axis',(-0.965925826289071,0.258819045102512,0.));
#2974=DIRECTION('',(2.96279313571634E-49,1.71056941445901E-49,1.));
#2975=DIRECTION('center_axis',(0.,0.,1.));
#2976=DIRECTION('ref_axis',(-3.22619450257885E-9,-1.,0.));
#2977=DIRECTION('',(0.,0.,1.));
#2978=DIRECTION('center_axis',(-8.77814316504787E-98,-6.84227765783602E-49,
-1.));
#2979=DIRECTION('ref_axis',(-3.22619450257885E-9,-1.,0.));
#2980=DIRECTION('center_axis',(0.,0.,1.));
#2981=DIRECTION('ref_axis',(-1.,1.28292706084425E-49,0.));
#2982=DIRECTION('',(0.,0.,-1.));
#2983=DIRECTION('center_axis',(8.77814316504787E-98,6.84227765783602E-49,
1.));
#2984=DIRECTION('ref_axis',(-1.,1.28292706084425E-49,0.));
#2985=DIRECTION('center_axis',(0.,0.,1.));
#2986=DIRECTION('ref_axis',(3.22619501536887E-9,-1.,0.));
#2987=DIRECTION('center_axis',(-8.77814316504787E-98,-6.84227765783602E-49,
-1.));
#2988=DIRECTION('ref_axis',(3.22619501536887E-9,-1.,0.));
#2989=DIRECTION('center_axis',(0.353553390593274,0.612372435695796,0.707106781186546));
#2990=DIRECTION('ref_axis',(0.894427190999915,0.,-0.447213595499959));
#2991=DIRECTION('',(0.866025403784439,-0.5,3.42113882891801E-49));
#2992=DIRECTION('',(-0.353553390593273,-0.612372435695792,0.70710678118655));
#2993=DIRECTION('center_axis',(0.,0.,1.));
#2994=DIRECTION('ref_axis',(-3.22619450257884E-9,-1.,3.73215144972874E-49));
#2995=DIRECTION('',(-0.353553394544543,-0.612372433414532,0.707106781186544));
#2996=DIRECTION('center_axis',(8.77814316504787E-98,6.84227765783602E-49,
1.));
#2997=DIRECTION('ref_axis',(-3.22619450257885E-9,-1.,6.84227765783602E-49));
#2998=DIRECTION('center_axis',(0.,0.,-1.));
#2999=DIRECTION('ref_axis',(-1.,1.28292706084425E-49,0.));
#3000=DIRECTION('',(0.353553394544541,-0.612372433414532,0.707106781186545));
#3001=DIRECTION('center_axis',(-8.77814316504787E-98,-6.84227765783602E-49,
-1.));
#3002=DIRECTION('ref_axis',(-1.,1.28292706084425E-49,0.));
#3003=DIRECTION('center_axis',(0.,0.,1.));
#3004=DIRECTION('ref_axis',(3.22619501536887E-9,-1.,3.73215144972874E-49));
#3005=DIRECTION('center_axis',(8.77814316504787E-98,6.84227765783602E-49,
1.));
#3006=DIRECTION('ref_axis',(3.22619501536887E-9,-1.,6.84227765783602E-49));
#3007=DIRECTION('center_axis',(0.,0.,1.));
#3008=DIRECTION('ref_axis',(0.866025405397536,0.499999997206034,-1.86607571443687E-49));
#3009=DIRECTION('center_axis',(-8.77814316504787E-98,-6.84227765783602E-49,
-1.));
#3010=DIRECTION('ref_axis',(0.866025405397536,0.499999997206034,0.));
#3011=DIRECTION('',(0.707106781186552,-4.56251283457964E-9,0.707106781186543));
#3012=DIRECTION('center_axis',(8.77814316504787E-98,6.84227765783602E-49,
1.));
#3013=DIRECTION('ref_axis',(0.866025405397536,0.499999997206034,-3.42113880980092E-49));
#3014=DIRECTION('center_axis',(0.,0.,-1.));
#3015=DIRECTION('ref_axis',(-1.,1.28292706084425E-49,0.));
#3016=DIRECTION('',(0.353553386642009,0.612372437977066,0.707106781186541));
#3017=DIRECTION('center_axis',(-8.77814316504787E-98,-6.84227765783602E-49,
-1.));
#3018=DIRECTION('ref_axis',(-1.,1.28292706084425E-49,0.));
#3019=DIRECTION('center_axis',(8.77814316504787E-98,6.84227765783602E-49,
1.));
#3020=DIRECTION('ref_axis',(-1.,1.28292706084425E-49,0.));
#3021=DIRECTION('center_axis',(0.,0.,1.));
#3022=DIRECTION('ref_axis',(0.866025402171343,0.500000002793964,-1.86607573529186E-49));
#3023=DIRECTION('center_axis',(-8.77814316504787E-98,-6.84227765783602E-49,
-1.));
#3024=DIRECTION('ref_axis',(0.866025402171343,0.500000002793964,0.));
#3025=DIRECTION('center_axis',(8.77814316504787E-98,6.84227765783602E-49,
1.));
#3026=DIRECTION('ref_axis',(0.866025402171343,0.500000002793964,-3.42113884803509E-49));
#3027=DIRECTION('center_axis',(0.,0.,1.));
#3028=DIRECTION('ref_axis',(-0.866025402171343,0.500000002793964,-1.86607573529186E-49));
#3029=DIRECTION('',(-0.353553386642006,0.612372437977067,0.707106781186541));
#3030=DIRECTION('center_axis',(8.77814316504787E-98,6.84227765783602E-49,
1.));
#3031=DIRECTION('ref_axis',(-0.866025402171343,0.500000002793964,-3.42113884803509E-49));
#3032=DIRECTION('center_axis',(0.,0.,-1.));
#3033=DIRECTION('ref_axis',(1.,-1.28292706084425E-49,0.));
#3034=DIRECTION('',(-0.707106781186549,-4.562537956059E-9,0.707106781186546));
#3035=DIRECTION('center_axis',(-8.77814316504787E-98,-6.84227765783602E-49,
-1.));
#3036=DIRECTION('ref_axis',(1.,-1.28292706084425E-49,0.));
#3037=DIRECTION('center_axis',(0.,0.,1.));
#3038=DIRECTION('ref_axis',(-0.866025405397536,0.499999997206034,-1.86607571443687E-49));
#3039=DIRECTION('center_axis',(8.77814316504787E-98,6.84227765783602E-49,
1.));
#3040=DIRECTION('ref_axis',(-0.866025405397536,0.499999997206034,-3.42113880980092E-49));
#3041=DIRECTION('center_axis',(0.,0.,1.));
#3042=DIRECTION('ref_axis',(0.866025402171343,0.500000002793964,0.));
#3043=DIRECTION('',(0.,0.,-1.));
#3044=DIRECTION('center_axis',(0.,0.,1.));
#3045=DIRECTION('ref_axis',(-1.,1.28292706084425E-49,0.));
#3046=DIRECTION('',(0.,0.,1.));
#3047=DIRECTION('center_axis',(0.,0.,1.));
#3048=DIRECTION('ref_axis',(0.866025405397536,0.499999997206034,0.));
#3049=DIRECTION('center_axis',(8.77814316504787E-98,6.84227765783602E-49,
1.));
#3050=DIRECTION('ref_axis',(-1.,1.28292706084425E-49,0.));
#3051=DIRECTION('center_axis',(-8.77814316504787E-98,-6.84227765783602E-49,
-1.));
#3052=DIRECTION('ref_axis',(-1.,1.28292706084425E-49,0.));
#3053=DIRECTION('center_axis',(0.500000000000001,-0.866025403784438,5.92558627143268E-49));
#3054=DIRECTION('ref_axis',(0.612372435695796,0.353553390593277,0.707106781186545));
#3055=DIRECTION('',(0.500000000000001,-0.866025403784438,5.92558627143268E-49));
#3056=DIRECTION('center_axis',(-0.866025403784438,-0.500000000000001,3.42113882891801E-49));
#3057=DIRECTION('ref_axis',(-0.500000000000001,0.866025403784438,-5.92558627143268E-49));
#3058=DIRECTION('center_axis',(0.,0.,1.));
#3059=DIRECTION('ref_axis',(-1.,1.28292706084425E-49,0.));
#3060=DIRECTION('',(0.,0.,-1.));
#3061=CARTESIAN_POINT('',(0.,0.,0.));
#3062=CARTESIAN_POINT('Origin',(-59.8275332431072,200.565313648296,8.671933774226));
#3063=CARTESIAN_POINT('',(-59.3275332431078,201.43133905208,3.671933774226));
#3064=CARTESIAN_POINT('',(-60.3275332431078,199.699288244511,3.671933774226));
#3065=CARTESIAN_POINT('Ctrl Pts',(-59.3275332431077,201.43133905208,3.671933774226));
#3066=CARTESIAN_POINT('Ctrl Pts',(-59.218479257909,201.368376704369,3.671933774226));
#3067=CARTESIAN_POINT('Ctrl Pts',(-59.1149728436009,201.279477851539,3.67717188775519));
#3068=CARTESIAN_POINT('Ctrl Pts',(-58.9527668607327,201.067863744927,3.69610030270737));
#3069=CARTESIAN_POINT('Ctrl Pts',(-58.8940341038686,200.945150736989,3.70953039784282));
#3070=CARTESIAN_POINT('Ctrl Pts',(-58.8291789126488,200.703107868222,3.73484292320667));
#3071=CARTESIAN_POINT('Ctrl Pts',(-58.8186887814293,200.56747267756,3.7483922662983));
#3072=CARTESIAN_POINT('Ctrl Pts',(-58.8533550103116,200.303114250629,3.76759500804154));
#3073=CARTESIAN_POINT('Ctrl Pts',(-58.8985419633416,200.174373744639,3.77295428865964));
#3074=CARTESIAN_POINT('Ctrl Pts',(-59.024473715305,199.956253551952,3.77295428865964));
#3075=CARTESIAN_POINT('Ctrl Pts',(-59.1133727874735,199.852750249713,3.76759500804153));
#3076=CARTESIAN_POINT('Ctrl Pts',(-59.3249807864594,199.690549201382,3.74839226629829));
#3077=CARTESIAN_POINT('Ctrl Pts',(-59.4476893728298,199.631816326176,3.73484292320667));
#3078=CARTESIAN_POINT('Ctrl Pts',(-59.6897322415966,199.566961134956,3.70953039784282));
#3079=CARTESIAN_POINT('Ctrl Pts',(-59.8253712022775,199.556468690466,3.69610030270736));
#3080=CARTESIAN_POINT('Ctrl Pts',(-60.0897373858368,199.59113613897,3.67717188775518));
#3081=CARTESIAN_POINT('Ctrl Pts',(-60.218479257909,199.6363258968,3.671933774226));
#3082=CARTESIAN_POINT('Ctrl Pts',(-60.3275332431078,199.699288244511,3.671933774226));
#3083=CARTESIAN_POINT('',(-61.8275332431078,197.101212033158,3.671933774226));
#3084=CARTESIAN_POINT('',(-59.8275332431072,200.565313648296,3.671933774226));
#3085=CARTESIAN_POINT('',(-57.4974062241856,194.601212033158,8.671933774226));
#3086=CARTESIAN_POINT('Origin',(-61.8275332431078,197.101212033158,8.671933774226));
#3087=CARTESIAN_POINT('',(-53.4974062241856,201.529415263433,8.671933774226));
#3088=CARTESIAN_POINT('',(-55.497406224185,198.065313648296,8.671933774226));
#3089=CARTESIAN_POINT('',(-57.8275332431078,204.029415263433,3.671933774226));
#3090=CARTESIAN_POINT('Origin',(-57.8275332431078,204.029415263433,8.671933774226));
#3091=CARTESIAN_POINT('',(-59.8275332431072,200.565313648296,3.671933774226));
#3092=CARTESIAN_POINT('Origin',(-29.5166439170809,148.065313313019,8.671933774226));
#3093=CARTESIAN_POINT('',(-30.5166439170806,148.065313313019,3.671933774226));
#3094=CARTESIAN_POINT('',(-28.5166439170806,148.065313313019,3.671933774226));
#3095=CARTESIAN_POINT('Ctrl Pts',(-30.5166439170806,148.065313313019,3.671933774226));
#3096=CARTESIAN_POINT('Ctrl Pts',(-30.5166439170806,148.191238008441,3.671933774226));
#3097=CARTESIAN_POINT('Ctrl Pts',(-30.4914084593165,148.325326619101,3.67717188775519));
#3098=CARTESIAN_POINT('Ctrl Pts',(-30.3892482586254,148.571608174217,3.69610030270736));
#3099=CARTESIAN_POINT('Ctrl Pts',(-30.3123420548086,148.683828737664,3.70953039784281));
#3100=CARTESIAN_POINT('Ctrl Pts',(-30.1351543772616,148.861016415211,3.73484292320667));
#3101=CARTESIAN_POINT('Ctrl Pts',(-30.0229359221107,148.937918730668,3.74839226629829));
#3102=CARTESIAN_POINT('Ctrl Pts',(-29.7766616942425,149.040076109268,3.76759500804153));
#3103=CARTESIAN_POINT('Ctrl Pts',(-29.642575669044,149.065313313019,3.77295428865964));
#3104=CARTESIAN_POINT('Ctrl Pts',(-29.3907121651172,149.065313313019,3.77295428865964));
#3105=CARTESIAN_POINT('Ctrl Pts',(-29.2566261399187,149.040076109268,3.76759500804153));
#3106=CARTESIAN_POINT('Ctrl Pts',(-29.0103519120506,148.937918730668,3.74839226629829));
#3107=CARTESIAN_POINT('Ctrl Pts',(-28.8981334568996,148.861016415211,3.73484292320667));
#3108=CARTESIAN_POINT('Ctrl Pts',(-28.7209457793526,148.683828737664,3.70953039784281));
#3109=CARTESIAN_POINT('Ctrl Pts',(-28.6440395755359,148.571608174217,3.69610030270737));
#3110=CARTESIAN_POINT('Ctrl Pts',(-28.5418793748448,148.325326619101,3.67717188775519));
#3111=CARTESIAN_POINT('Ctrl Pts',(-28.5166439170806,148.191238008441,3.671933774226));
#3112=CARTESIAN_POINT('Ctrl Pts',(-28.5166439170806,148.065313313019,3.671933774226));
#3113=CARTESIAN_POINT('',(-25.5166439170807,148.065313313019,3.671933774226));
#3114=CARTESIAN_POINT('',(-29.5166439170809,148.065313313019,3.671933774226));
#3115=CARTESIAN_POINT('',(-25.5166439170807,153.065313313019,8.671933774226));
#3116=CARTESIAN_POINT('Origin',(-25.5166439170807,148.065313313019,8.671933774226));
#3117=CARTESIAN_POINT('',(-33.5166439170807,153.065313313019,8.671933774226));
#3118=CARTESIAN_POINT('',(-29.5166439170809,153.065313313019,8.671933774226));
#3119=CARTESIAN_POINT('',(-33.5166439170807,148.065313313019,3.671933774226));
#3120=CARTESIAN_POINT('Origin',(-33.5166439170807,148.065313313019,8.671933774226));
#3121=CARTESIAN_POINT('',(-29.5166439170809,148.065313313019,3.671933774226));
#3122=CARTESIAN_POINT('Origin',(-29.5166439170806,148.065313313019,-38.828066225774));
#3123=CARTESIAN_POINT('Origin',(-29.5166439170806,148.065313313019,3.671933774226));
#3124=CARTESIAN_POINT('',(-30.5166439170806,148.065313313019,-1.32806622577402));
#3125=CARTESIAN_POINT('',(-30.5166439170806,148.065313313019,-38.828066225774));
#3126=CARTESIAN_POINT('Origin',(-29.5166439170806,148.065313313019,-1.32806622577402));
#3127=CARTESIAN_POINT('Origin',(-59.8275332431078,200.565313648295,-38.828066225774));
#3128=CARTESIAN_POINT('',(-60.8275332431078,200.565313648295,3.671933774226));
#3129=CARTESIAN_POINT('Origin',(-59.8275332431078,200.565313648295,3.671933774226));
#3130=CARTESIAN_POINT('Origin',(-59.8275332431078,200.565313648295,3.671933774226));
#3131=CARTESIAN_POINT('',(-60.8275332431078,200.565313648295,-1.32806622577403));
#3132=CARTESIAN_POINT('',(-60.8275332431078,200.565313648295,-38.828066225774));
#3133=CARTESIAN_POINT('Origin',(-59.8275332431078,200.565313648295,-1.32806622577402));
#3134=CARTESIAN_POINT('Origin',(0.79424540894573,200.565313648297,8.67193377422599));
#3135=CARTESIAN_POINT('',(1.29424540894644,199.699288244511,3.67193377422599));
#3136=CARTESIAN_POINT('',(-0.205754591053559,200.565313648295,3.74750487332795));
#3137=CARTESIAN_POINT('Ctrl Pts',(1.29424540894644,199.699288244511,3.671933774226));
#3138=CARTESIAN_POINT('Ctrl Pts',(1.18519142374769,199.6363258968,3.671933774226));
#3139=CARTESIAN_POINT('Ctrl Pts',(1.05644955167549,199.59113613897,3.67717188775518));
#3140=CARTESIAN_POINT('Ctrl Pts',(0.792083368116159,199.556468690466,3.69610030270736));
#3141=CARTESIAN_POINT('Ctrl Pts',(0.656444407435273,199.566961134956,3.70953039784281));
#3142=CARTESIAN_POINT('Ctrl Pts',(0.41440153866851,199.631816326176,3.73484292320667));
#3143=CARTESIAN_POINT('Ctrl Pts',(0.291692952298032,199.690549201382,3.74839226629829));
#3144=CARTESIAN_POINT('Ctrl Pts',(0.0800849533121233,199.852750249713,3.76759500804153));
#3145=CARTESIAN_POINT('Ctrl Pts',(-0.00881411885630374,199.956253551952,
3.77295428865964));
#3146=CARTESIAN_POINT('Ctrl Pts',(-0.134745870819702,200.174373744639,3.77295428865964));
#3147=CARTESIAN_POINT('Ctrl Pts',(-0.179932823849749,200.303114250629,3.76759500804153));
#3148=CARTESIAN_POINT('Ctrl Pts',(-0.202928358856615,200.478474064974,3.75485703987418));
#3149=CARTESIAN_POINT('Ctrl Pts',(-0.205754591053557,200.522024844585,3.75131132525033));
#3150=CARTESIAN_POINT('Ctrl Pts',(-0.205754591053559,200.565313648295,3.74750487332795));
#3151=CARTESIAN_POINT('',(0.294245408946443,201.43133905208,3.67193377422599));
#3152=CARTESIAN_POINT('Ctrl Pts',(-0.205754591053559,200.565313648295,3.74750487332795));
#3153=CARTESIAN_POINT('Ctrl Pts',(-0.205754591053562,200.65453527542,3.73965947671323));
#3154=CARTESIAN_POINT('Ctrl Pts',(-0.193515105291469,200.742644528605,3.73070823118354));
#3155=CARTESIAN_POINT('Ctrl Pts',(-0.139253730292736,200.945150736989,3.70953039784282));
#3156=CARTESIAN_POINT('Ctrl Pts',(-0.0805209734286114,201.067863744927,
3.69610030270736));
#3157=CARTESIAN_POINT('Ctrl Pts',(0.0816850094396425,201.279477851539,3.67717188775518));
#3158=CARTESIAN_POINT('Ctrl Pts',(0.185191423747675,201.368376704369,3.671933774226));
#3159=CARTESIAN_POINT('Ctrl Pts',(0.294245408946429,201.43133905208,3.671933774226));
#3160=CARTESIAN_POINT('',(-1.20575459105357,204.029415263433,3.67193377422599));
#3161=CARTESIAN_POINT('',(0.794245408945726,200.565313648297,3.67193377422599));
#3162=CARTESIAN_POINT('',(-5.53588160997577,201.529415263433,8.67193377422599));
#3163=CARTESIAN_POINT('Origin',(-1.20575459105356,204.029415263433,8.67193377422599));
#3164=CARTESIAN_POINT('',(-1.53588160997575,194.601212033158,8.67193377422599));
#3165=CARTESIAN_POINT('',(-3.53588160997646,198.065313648297,8.67193377422599));
#3166=CARTESIAN_POINT('',(2.79424540894645,197.101212033158,3.67193377422599));
#3167=CARTESIAN_POINT('Origin',(2.79424540894645,197.101212033158,8.67193377422599));
#3168=CARTESIAN_POINT('',(0.794245408945726,200.565313648297,3.67193377422599));
#3169=CARTESIAN_POINT('Origin',(0.794245408946469,200.565313648295,-26.328066225774));
#3170=CARTESIAN_POINT('Origin',(0.794245408946495,200.565313648295,3.671933774226));
#3171=CARTESIAN_POINT('',(-0.20575459105351,200.565313648295,-1.32806622577403));
#3172=CARTESIAN_POINT('',(-0.205754591053531,200.565313648295,-26.328066225774));
#3173=CARTESIAN_POINT('Origin',(0.79424540894649,200.565313648295,-1.32806622577403));
#3174=CARTESIAN_POINT('Ctrl Pts',(-64.7038499126715,197.620367021799,2.82278205504793));
#3175=CARTESIAN_POINT('Ctrl Pts',(-64.7031479385984,197.619778968926,2.8217447846126));
#3176=CARTESIAN_POINT('Ctrl Pts',(-64.7016702567627,197.618570330667,2.81956281983504));
#3177=CARTESIAN_POINT('Ctrl Pts',(-64.6933190323915,197.61141921499,2.80683626331518));
#3178=CARTESIAN_POINT('Ctrl Pts',(-64.6680152215376,197.591458796922,2.76794189296922));
#3179=CARTESIAN_POINT('Ctrl Pts',(-64.6402510747382,197.571758690455,2.72548654507227));
#3180=CARTESIAN_POINT('Ctrl Pts',(-64.6093283747639,197.552362460113,2.68208785486192));
#3181=CARTESIAN_POINT('Ctrl Pts',(-64.6027590249414,197.548788846982,2.6739877622084));
#3182=CARTESIAN_POINT('Ctrl Pts',(-64.6010840692713,197.547821810875,2.671933774226));
#3183=CARTESIAN_POINT('Ctrl Pts',(-65.1080838633192,197.853751602021,2.35601289460382));
#3184=CARTESIAN_POINT('Ctrl Pts',(-65.1073428267032,197.853140996378,2.35502072970794));
#3185=CARTESIAN_POINT('Ctrl Pts',(-65.1057253093778,197.851851624062,2.35300023304548));
#3186=CARTESIAN_POINT('Ctrl Pts',(-65.0966385426376,197.8442758428,2.34112300769515));
#3187=CARTESIAN_POINT('Ctrl Pts',(-65.0697129883301,197.823379110713,2.30410126538819));
#3188=CARTESIAN_POINT('Ctrl Pts',(-65.0394075486908,197.802211788141,2.26458034970154));
#3189=CARTESIAN_POINT('Ctrl Pts',(-65.0067060134304,197.781788546767,2.22323568155385));
#3190=CARTESIAN_POINT('Ctrl Pts',(-64.999643904634,197.77793043911,2.21570457795275));
#3191=CARTESIAN_POINT('Ctrl Pts',(-64.9979343322633,197.776943417041,2.21369056189314));
#3192=CARTESIAN_POINT('Ctrl Pts',(-65.5123178139669,198.087136182244,1.8892437341597));
#3193=CARTESIAN_POINT('Ctrl Pts',(-65.5115377148079,198.08650302383,1.88829667480328));
#3194=CARTESIAN_POINT('Ctrl Pts',(-65.5102278675198,198.084876494652,1.88625117755045));
#3195=CARTESIAN_POINT('Ctrl Pts',(-65.5011082916239,198.075984604593,1.87459391608415));
#3196=CARTESIAN_POINT('Ctrl Pts',(-65.4680091481608,198.055508889275,1.84082733599955));
#3197=CARTESIAN_POINT('Ctrl Pts',(-65.4374117927594,198.030532687589,1.80399839411292));
#3198=CARTESIAN_POINT('Ctrl Pts',(-65.4014567998378,198.012201050255,1.7654664131478));
#3199=CARTESIAN_POINT('Ctrl Pts',(-65.3965287843266,198.007072031238,1.7574213936971));
#3200=CARTESIAN_POINT('Ctrl Pts',(-65.3947845952553,198.006065023208,1.75544734956027));
#3201=CARTESIAN_POINT('Ctrl Pts',(-65.9165517646147,198.320520762466,1.42247457371559));
#3202=CARTESIAN_POINT('Ctrl Pts',(-65.9157326029126,198.319865051283,1.42157261989862));
#3203=CARTESIAN_POINT('Ctrl Pts',(-65.913996901244,198.318507445204,1.41968859076089));
#3204=CARTESIAN_POINT('Ctrl Pts',(-65.9039840978234,198.310397016415,1.40888066046412));
#3205=CARTESIAN_POINT('Ctrl Pts',(-65.8726177468843,198.286936389198,1.37698670841852));
#3206=CARTESIAN_POINT('Ctrl Pts',(-65.8374396967081,198.262955863621,1.3430921987422));
#3207=CARTESIAN_POINT('Ctrl Pts',(-65.8005234676084,198.240099267624,1.30661423983972));
#3208=CARTESIAN_POINT('Ctrl Pts',(-65.7934136640192,198.236213623365,1.29913820944145));
#3209=CARTESIAN_POINT('Ctrl Pts',(-65.7916348582474,198.235186629374,1.29720413722741));
#3210=CARTESIAN_POINT('',(-64.6010840692713,197.547821810875,2.671933774226));
#3211=CARTESIAN_POINT('',(-64.7038499126715,197.620367021799,2.82278205504793));
#3212=CARTESIAN_POINT('Ctrl Pts',(-64.6010840692713,197.547821810875,2.67193377422606));
#3213=CARTESIAN_POINT('Ctrl Pts',(-64.6015432993231,197.548086947469,2.67249692525415));
#3214=CARTESIAN_POINT('Ctrl Pts',(-64.6020049016153,197.548353934037,2.67306359853222));
#3215=CARTESIAN_POINT('Ctrl Pts',(-64.6025380105396,197.548663107664,2.6737303017848));
#3216=CARTESIAN_POINT('Ctrl Pts',(-64.6030934119055,197.548985209671,2.67442488384899));
#3217=CARTESIAN_POINT('Ctrl Pts',(-64.6037262944876,197.549353015087,2.67522785760796));
#3218=CARTESIAN_POINT('Ctrl Pts',(-64.6044819134387,197.549794084705,2.67620392995387));
#3219=CARTESIAN_POINT('Ctrl Pts',(-64.6052773009473,197.550258368012,2.67723137341623));
#3220=CARTESIAN_POINT('Ctrl Pts',(-64.6062085110203,197.550803728049,2.67845038609113));
#3221=CARTESIAN_POINT('Ctrl Pts',(-64.6072948581932,197.551444171124,2.67989129083556));
#3222=CARTESIAN_POINT('Ctrl Pts',(-64.6084582895465,197.552130058263,2.68143443818168));
#3223=CARTESIAN_POINT('Ctrl Pts',(-64.6097993913679,197.552924893487,2.68323176441983));
#3224=CARTESIAN_POINT('Ctrl Pts',(-64.6113077423598,197.553827204546,2.6852741621437));
#3225=CARTESIAN_POINT('Ctrl Pts',(-64.6129888877582,197.554832882993,2.68755053385933));
#3226=CARTESIAN_POINT('Ctrl Pts',(-64.6148773458341,197.555971957986,2.690130840859));
#3227=CARTESIAN_POINT('Ctrl Pts',(-64.6169229791449,197.557221511183,2.69295280913123));
#3228=CARTESIAN_POINT('Ctrl Pts',(-64.6197793747979,197.558966309873,2.6968932308398));
#3229=CARTESIAN_POINT('Ctrl Pts',(-64.6229407889761,197.560926548711,2.70130358286024));
#3230=CARTESIAN_POINT('Ctrl Pts',(-64.6262139416956,197.562997935149,2.70592806533241));
#3231=CARTESIAN_POINT('Ctrl Pts',(-64.6288398996339,197.564659749958,2.70963815694717));
#3232=CARTESIAN_POINT('Ctrl Pts',(-64.6315351580339,197.566391269944,2.71348224355931));
#3233=CARTESIAN_POINT('Ctrl Pts',(-64.6342071404584,197.568135951017,2.71733188692452));
#3234=CARTESIAN_POINT('Ctrl Pts',(-64.6364571366191,197.569605094556,2.72057355599836));
#3235=CARTESIAN_POINT('Ctrl Pts',(-64.6386902008668,197.57108307809,2.7238184137757));
#3236=CARTESIAN_POINT('Ctrl Pts',(-64.6408714694317,197.572546073189,2.72701529199708));
#3237=CARTESIAN_POINT('Ctrl Pts',(-64.6428696781604,197.573886288522,2.72994387679836));
#3238=CARTESIAN_POINT('Ctrl Pts',(-64.6448241962837,197.575213637622,2.73283179664955));
#3239=CARTESIAN_POINT('Ctrl Pts',(-64.6467310147532,197.57652387337,2.73567034901276));
#3240=CARTESIAN_POINT('Ctrl Pts',(-64.6486116638851,197.577816127331,2.73846994484386));
#3241=CARTESIAN_POINT('Ctrl Pts',(-64.6504455175879,197.5790913338,2.74122089035267));
#3242=CARTESIAN_POINT('Ctrl Pts',(-64.6522566869266,197.580364879171,2.74395381740264));
#3243=CARTESIAN_POINT('Ctrl Pts',(-64.6541064703335,197.581665576485,2.74674501036367));
#3244=CARTESIAN_POINT('Ctrl Pts',(-64.6559361817311,197.582966934845,2.74952242956836));
#3245=CARTESIAN_POINT('Ctrl Pts',(-64.6577917480853,197.584301447312,2.75234781132032));
#3246=CARTESIAN_POINT('Ctrl Pts',(-64.6596077292201,197.585607490321,2.7551129185602));
#3247=CARTESIAN_POINT('Ctrl Pts',(-64.6614484384758,197.586945413977,2.75792397423739));
#3248=CARTESIAN_POINT('Ctrl Pts',(-64.6633252944368,197.588324701488,2.76079428249442));
#3249=CARTESIAN_POINT('Ctrl Pts',(-64.6653488348284,197.589811786298,2.76388891778627));
#3250=CARTESIAN_POINT('Ctrl Pts',(-64.6674140593606,197.591346878508,2.76705201697604));
#3251=CARTESIAN_POINT('Ctrl Pts',(-64.6695030039562,197.592918206847,2.77025385777409));
#3252=CARTESIAN_POINT('Ctrl Pts',(-64.6719062751993,197.594725975335,2.77393748439163));
#3253=CARTESIAN_POINT('Ctrl Pts',(-64.6743404174204,197.59658160748,2.7776717256735));
#3254=CARTESIAN_POINT('Ctrl Pts',(-64.6767432211487,197.598437686979,2.78135980621196));
#3255=CARTESIAN_POINT('Ctrl Pts',(-64.6803448554289,197.601219819982,2.78688798029423));
#3256=CARTESIAN_POINT('Ctrl Pts',(-64.6838724275211,197.604001684355,2.79230731995567));
#3257=CARTESIAN_POINT('Ctrl Pts',(-64.6870660830161,197.606560794523,2.79721274461146));
#3258=CARTESIAN_POINT('Ctrl Pts',(-64.6891692523718,197.608246086532,2.80044319286377));
#3259=CARTESIAN_POINT('Ctrl Pts',(-64.6911264448082,197.60983303853,2.80344881051918));
#3260=CARTESIAN_POINT('Ctrl Pts',(-64.6928794689291,197.611265626764,2.8061376420284));
#3261=CARTESIAN_POINT('Ctrl Pts',(-64.6944376837615,197.612539014968,2.80852767025976));
#3262=CARTESIAN_POINT('Ctrl Pts',(-64.6958342376154,197.613689958633,2.81066681134424));
#3263=CARTESIAN_POINT('Ctrl Pts',(-64.6970506240584,197.614696968672,2.81252525880863));
#3264=CARTESIAN_POINT('Ctrl Pts',(-64.6981373074863,197.615596601456,2.8141855404344));
#3265=CARTESIAN_POINT('Ctrl Pts',(-64.6990801524946,197.616381255749,2.81562171430335));
#3266=CARTESIAN_POINT('Ctrl Pts',(-64.6998871076726,197.617054166768,2.81684582273452));
#3267=CARTESIAN_POINT('Ctrl Pts',(-64.7006612490882,197.617699714753,2.81802015441927));
#3268=CARTESIAN_POINT('Ctrl Pts',(-64.7013101353442,197.618242244236,2.81899902185883));
#3269=CARTESIAN_POINT('Ctrl Pts',(-64.7018633311632,197.618704874343,2.8198285799556));
#3270=CARTESIAN_POINT('Ctrl Pts',(-64.7023899027382,197.619145238959,2.82061821302685));
#3271=CARTESIAN_POINT('Ctrl Pts',(-64.7028296785489,197.619513142693,2.8212724296419));
#3272=CARTESIAN_POINT('Ctrl Pts',(-64.7032309710529,197.619848907178,2.82186679807731));
#3273=CARTESIAN_POINT('Ctrl Pts',(-64.7034443552537,197.620027447358,2.82218284891884));
#3274=CARTESIAN_POINT('Ctrl Pts',(-64.7036472597604,197.620197256802,2.82248260542252));
#3275=CARTESIAN_POINT('Ctrl Pts',(-64.7038499126715,197.620367021799,2.82278205504798));
#3276=CARTESIAN_POINT('',(-65.9165517646147,198.320520762466,1.42247457371559));
#3277=CARTESIAN_POINT('Ctrl Pts',(-65.9165517646147,198.320520762466,1.42247457371559));
#3278=CARTESIAN_POINT('Ctrl Pts',(-65.5123178139669,198.087136182244,1.8892437341597));
#3279=CARTESIAN_POINT('Ctrl Pts',(-65.1080838633192,197.853751602022,2.35601289460382));
#3280=CARTESIAN_POINT('Ctrl Pts',(-64.7038499126715,197.620367021799,2.82278205504793));
#3281=CARTESIAN_POINT('',(-65.7916348582474,198.235186629374,1.2972041372274));
#3282=CARTESIAN_POINT('Ctrl Pts',(-65.9165517646147,198.320520762466,1.42247457371559));
#3283=CARTESIAN_POINT('Ctrl Pts',(-65.9161063484757,198.32016422194,1.42198413967102));
#3284=CARTESIAN_POINT('Ctrl Pts',(-65.9156578896623,198.319805792514,1.42149076444585));
#3285=CARTESIAN_POINT('Ctrl Pts',(-65.9151295604549,198.319384458613,1.4209144480228));
#3286=CARTESIAN_POINT('Ctrl Pts',(-65.9145794381836,198.318945745101,1.42031435911012));
#3287=CARTESIAN_POINT('Ctrl Pts',(-65.9139428649282,198.318438934308,1.4196244973205));
#3288=CARTESIAN_POINT('Ctrl Pts',(-65.9131675624957,198.317823816787,1.41879157534949));
#3289=CARTESIAN_POINT('Ctrl Pts',(-65.9123521477599,198.317176874549,1.41791555997745));
#3290=CARTESIAN_POINT('Ctrl Pts',(-65.911383455983,198.316410268335,1.41688149335005));
#3291=CARTESIAN_POINT('Ctrl Pts',(-65.9102355551403,198.315506504475,1.41566490246335));
#3292=CARTESIAN_POINT('Ctrl Pts',(-65.9090080437683,198.314540061753,1.41436393717701));
#3293=CARTESIAN_POINT('Ctrl Pts',(-65.9075758243105,198.313417003999,1.41285452427622));
#3294=CARTESIAN_POINT('Ctrl Pts',(-65.9059430781364,198.312145869281,1.4111450643873));
#3295=CARTESIAN_POINT('Ctrl Pts',(-65.9041323744631,198.310736190091,1.40924928576027));
#3296=CARTESIAN_POINT('Ctrl Pts',(-65.9020753545474,198.309144802957,1.40710790665207));
#3297=CARTESIAN_POINT('Ctrl Pts',(-65.8998166291718,198.307414241832,1.40477279851783));
#3298=CARTESIAN_POINT('Ctrl Pts',(-65.896806687691,198.305108123624,1.40166107058878));
#3299=CARTESIAN_POINT('Ctrl Pts',(-65.8934390369244,198.302556024302,1.39820636406687));
#3300=CARTESIAN_POINT('Ctrl Pts',(-65.8898833518816,198.299901394352,1.39459243325405));
#3301=CARTESIAN_POINT('Ctrl Pts',(-65.8867575717881,198.297567726057,1.39141544967473));
#3302=CARTESIAN_POINT('Ctrl Pts',(-65.8834898132363,198.295157281946,1.38811881705795));
#3303=CARTESIAN_POINT('Ctrl Pts',(-65.8802009355201,198.292762917454,1.38482642892592));
#3304=CARTESIAN_POINT('Ctrl Pts',(-65.8774919586601,198.290790731632,1.3821145606129));
#3305=CARTESIAN_POINT('Ctrl Pts',(-65.8747694675921,198.288829788825,1.37940624220573));
#3306=CARTESIAN_POINT('Ctrl Pts',(-65.872083086045,198.28691487926,1.37674908286891));
#3307=CARTESIAN_POINT('Ctrl Pts',(-65.8696334710411,198.285168741894,1.3743261145508));
#3308=CARTESIAN_POINT('Ctrl Pts',(-65.8672143070462,198.283461031749,1.37194603547183));
#3309=CARTESIAN_POINT('Ctrl Pts',(-65.8648391148314,198.281799511754,1.36961879461182));
#3310=CARTESIAN_POINT('Ctrl Pts',(-65.8625654711007,198.280209028048,1.36739105213341));
#3311=CARTESIAN_POINT('Ctrl Pts',(-65.8603325247557,198.278661029925,1.36521207714178));
#3312=CARTESIAN_POINT('Ctrl Pts',(-65.8581230319304,198.277142164108,1.36306041881461));
#3313=CARTESIAN_POINT('Ctrl Pts',(-65.8555770848275,198.275392010415,1.36058111305648));
#3314=CARTESIAN_POINT('Ctrl Pts',(-65.8530593833744,198.273678336037,1.35813493814155));
#3315=CARTESIAN_POINT('Ctrl Pts',(-65.8505011147821,198.271954228066,1.35564682408383));
#3316=CARTESIAN_POINT('Ctrl Pts',(-65.8482105627915,198.270410543812,1.35341908512593));
#3317=CARTESIAN_POINT('Ctrl Pts',(-65.8458870384335,198.268858378798,1.35115735837639));
#3318=CARTESIAN_POINT('Ctrl Pts',(-65.8435158261866,198.267289136707,1.34884487940314));
#3319=CARTESIAN_POINT('Ctrl Pts',(-65.8409620223313,198.265599057505,1.34635433148828));
#3320=CARTESIAN_POINT('Ctrl Pts',(-65.8383531565315,198.263889496025,1.34380523966578));
#3321=CARTESIAN_POINT('Ctrl Pts',(-65.8357093420057,198.262175111371,1.34121677948238));
#3322=CARTESIAN_POINT('Ctrl Pts',(-65.8326809390323,198.260211339883,1.33825178309569));
#3323=CARTESIAN_POINT('Ctrl Pts',(-65.8296070796915,198.258241763563,1.33523563247217));
#3324=CARTESIAN_POINT('Ctrl Pts',(-65.8265623427329,198.256314059234,1.33224207235456));
#3325=CARTESIAN_POINT('Ctrl Pts',(-65.8219680682491,198.253405301291,1.32772501979761));
#3326=CARTESIAN_POINT('Ctrl Pts',(-65.8174432481685,198.250595305145,1.32326288351718));
#3327=CARTESIAN_POINT('Ctrl Pts',(-65.8133268537515,198.248078127006,1.31918841506311));
#3328=CARTESIAN_POINT('Ctrl Pts',(-65.8105889671039,198.246403907357,1.31647841411403));
#3329=CARTESIAN_POINT('Ctrl Pts',(-65.8080340339069,198.24485987852,1.31394199951963));
#3330=CARTESIAN_POINT('Ctrl Pts',(-65.8057451193743,198.24348792868,1.311659915747));
#3331=CARTESIAN_POINT('Ctrl Pts',(-65.8037363221427,198.242283878025,1.30965711332722));
#3332=CARTESIAN_POINT('Ctrl Pts',(-65.8019329766065,198.241212522998,1.30785070181898));
#3333=CARTESIAN_POINT('Ctrl Pts',(-65.8003626211005,198.240284589466,1.30626747160992));
#3334=CARTESIAN_POINT('Ctrl Pts',(-65.7989495139545,198.239449575038,1.30484277897596));
#3335=CARTESIAN_POINT('Ctrl Pts',(-65.7977252221095,198.23873072445,1.30359894304207));
#3336=CARTESIAN_POINT('Ctrl Pts',(-65.7966808208695,198.23811958409,1.30252766089843));
#3337=CARTESIAN_POINT('Ctrl Pts',(-65.795679500204,198.237533652699,1.30150056814145));
#3338=CARTESIAN_POINT('Ctrl Pts',(-65.7948438030248,198.237046869017,1.30063234923518));
#3339=CARTESIAN_POINT('Ctrl Pts',(-65.7941345226803,198.23663462931,1.2998856297263));
#3340=CARTESIAN_POINT('Ctrl Pts',(-65.7934596047053,198.236242361303,1.29917508639515));
#3341=CARTESIAN_POINT('Ctrl Pts',(-65.7928992638377,198.235917664568,1.29857467409018));
#3342=CARTESIAN_POINT('Ctrl Pts',(-65.792388179457,198.235621996653,1.29802181574301));
#3343=CARTESIAN_POINT('Ctrl Pts',(-65.7921289227019,198.235472013779,1.29774136839128));
#3344=CARTESIAN_POINT('Ctrl Pts',(-65.7918818167814,198.23532921095,1.29747265200639));
#3345=CARTESIAN_POINT('Ctrl Pts',(-65.7916348582474,198.235186629374,1.2972041372274));
#3346=CARTESIAN_POINT('',(-65.1963594637593,197.891504220125,1.9845689557267));
#3347=CARTESIAN_POINT('Ctrl Pts',(-60.927994838498,206.960954814949,1.42247457371552));
#3348=CARTESIAN_POINT('Ctrl Pts',(-60.9270160918526,206.960572746953,1.42157141729861));
#3349=CARTESIAN_POINT('Ctrl Pts',(-60.9249712904612,206.959750104652,1.41967795271766));
#3350=CARTESIAN_POINT('Ctrl Pts',(-60.9130458164261,206.955140873324,1.40884012039737));
#3351=CARTESIAN_POINT('Ctrl Pts',(-60.8777165509773,206.940060063061,1.37656730511802));
#3352=CARTESIAN_POINT('Ctrl Pts',(-60.8401411730247,206.921989997012,1.34221885303368));
#3353=CARTESIAN_POINT('Ctrl Pts',(-60.8057943001002,206.903638155544,1.31049754662784));
#3354=CARTESIAN_POINT('Ctrl Pts',(-60.7945371731043,206.897085739512,1.29990261845853));
#3355=CARTESIAN_POINT('Ctrl Pts',(-60.7925680112479,206.895979423355,1.29807580547786));
#3356=CARTESIAN_POINT('Ctrl Pts',(-60.7916348582474,206.895440667219,1.29720413722744));
#3357=CARTESIAN_POINT('Ctrl Pts',(-60.5237608878503,206.727570234727,1.88924373415965));
#3358=CARTESIAN_POINT('Ctrl Pts',(-60.5228212558311,206.727210749571,1.88829541206282));
#3359=CARTESIAN_POINT('Ctrl Pts',(-60.5209103629718,206.726465419397,1.88624732322776));
#3360=CARTESIAN_POINT('Ctrl Pts',(-60.5096742084261,206.722254166862,1.87461353332187));
#3361=CARTESIAN_POINT('Ctrl Pts',(-60.4758523926966,206.7080436831,1.84060006504014));
#3362=CARTESIAN_POINT('Ctrl Pts',(-60.4407064391785,206.691376245902,1.80344635525331));
#3363=CARTESIAN_POINT('Ctrl Pts',(-60.4079279382466,206.673929904427,1.7699140488632));
#3364=CARTESIAN_POINT('Ctrl Pts',(-60.3974558657411,206.667830739816,1.75841261785103));
#3365=CARTESIAN_POINT('Ctrl Pts',(-60.3956583262051,206.666823509851,1.7563876324846));
#3366=CARTESIAN_POINT('Ctrl Pts',(-60.3947845952553,206.666319061052,1.75544734956029));
#3367=CARTESIAN_POINT('Ctrl Pts',(-60.1195269372025,206.494185654505,2.35601289460378));
#3368=CARTESIAN_POINT('Ctrl Pts',(-60.1186264198095,206.493848752189,2.35501940682704));
#3369=CARTESIAN_POINT('Ctrl Pts',(-60.1164753315731,206.493478368636,2.35306324309163));
#3370=CARTESIAN_POINT('Ctrl Pts',(-60.1048404368086,206.490363017697,2.34080515812324));
#3371=CARTESIAN_POINT('Ctrl Pts',(-60.0746569425222,206.474615426788,2.30255697247957));
#3372=CARTESIAN_POINT('Ctrl Pts',(-60.0391655280212,206.461780940362,2.26435559681388));
#3373=CARTESIAN_POINT('Ctrl Pts',(-60.0112134478347,206.443130750642,2.22805267366582));
#3374=CARTESIAN_POINT('Ctrl Pts',(-60.0007421561706,206.438264697801,2.21669683681199));
#3375=CARTESIAN_POINT('Ctrl Pts',(-59.9987486411624,206.437667596348,2.21469945949134));
#3376=CARTESIAN_POINT('Ctrl Pts',(-59.9979343322632,206.437197454886,2.21369056189315));
#3377=CARTESIAN_POINT('Ctrl Pts',(-59.7152929865548,206.260801074283,2.82278205504791));
#3378=CARTESIAN_POINT('Ctrl Pts',(-59.714431583788,206.260486754807,2.82174340159125));
#3379=CARTESIAN_POINT('Ctrl Pts',(-59.7126368095774,206.259808465766,2.81956123049005));
#3380=CARTESIAN_POINT('Ctrl Pts',(-59.7022654586684,206.256096507843,2.80692885135931));
#3381=CARTESIAN_POINT('Ctrl Pts',(-59.6720142468211,206.243947513194,2.76879240485235));
#3382=CARTESIAN_POINT('Ctrl Pts',(-59.6406983383708,206.229491353546,2.72721613996361));
#3383=CARTESIAN_POINT('Ctrl Pts',(-59.6125867434094,206.21473945149,2.68829495473685));
#3384=CARTESIAN_POINT('Ctrl Pts',(-59.6034342640845,206.209402154357,2.67526978876862));
#3385=CARTESIAN_POINT('Ctrl Pts',(-59.6018389561196,206.208511682844,2.67301128649807));
#3386=CARTESIAN_POINT('Ctrl Pts',(-59.6010840692711,206.208075848719,2.671933774226));
#3387=CARTESIAN_POINT('',(-60.7916348582474,206.895440667219,1.29720413722743));
#3388=CARTESIAN_POINT('',(-60.927994838498,206.960954814949,1.42247457371552));
#3389=CARTESIAN_POINT('Ctrl Pts',(-60.7916348582474,206.895440667219,1.29720413722744));
#3390=CARTESIAN_POINT('Ctrl Pts',(-60.7921423426048,206.895733663449,1.29767818382185));
#3391=CARTESIAN_POINT('Ctrl Pts',(-60.7926531487911,206.896028055165,1.29815515068712));
#3392=CARTESIAN_POINT('Ctrl Pts',(-60.7932520167773,206.896372323114,1.29871480160483));
#3393=CARTESIAN_POINT('Ctrl Pts',(-60.7938757195547,206.896730867703,1.29929766099931));
#3394=CARTESIAN_POINT('Ctrl Pts',(-60.7945947782611,206.897143427419,1.29997005496926));
#3395=CARTESIAN_POINT('Ctrl Pts',(-60.7954663344325,206.897641498914,1.30078529498312));
#3396=CARTESIAN_POINT('Ctrl Pts',(-60.7963832864561,206.898165512948,1.30164299756715));
#3397=CARTESIAN_POINT('Ctrl Pts',(-60.7974688342595,206.89878406335,1.30265862249151));
#3398=CARTESIAN_POINT('Ctrl Pts',(-60.7987504256202,206.899510049118,1.30385691792522));
#3399=CARTESIAN_POINT('Ctrl Pts',(-60.8001217004327,206.90028683806,1.30513906791205));
#3400=CARTESIAN_POINT('Ctrl Pts',(-60.8017171576266,206.901186427243,1.30663008150753));
#3401=CARTESIAN_POINT('Ctrl Pts',(-60.8035302478446,206.90220039696,1.30832204964349));
#3402=CARTESIAN_POINT('Ctrl Pts',(-60.8055443176738,206.903326764415,1.31020157110395));
#3403=CARTESIAN_POINT('Ctrl Pts',(-60.8078265674541,206.904593908023,1.31232864561625));
#3404=CARTESIAN_POINT('Ctrl Pts',(-60.8103246873563,206.905965615323,1.31465188449577));
#3405=CARTESIAN_POINT('Ctrl Pts',(-60.8137073886866,206.907823042625,1.3177977796312));
#3406=CARTESIAN_POINT('Ctrl Pts',(-60.8174851887143,206.909871014144,1.32130234326345));
#3407=CARTESIAN_POINT('Ctrl Pts',(-60.8214555885018,206.911986197865,1.32497357868007));
#3408=CARTESIAN_POINT('Ctrl Pts',(-60.8248321011569,206.913784995211,1.32809567557401));
#3409=CARTESIAN_POINT('Ctrl Pts',(-60.8283442873721,206.91563056903,1.33133501946551));
#3410=CARTESIAN_POINT('Ctrl Pts',(-60.8318653265053,206.917453538331,1.33457491073088));
#3411=CARTESIAN_POINT('Ctrl Pts',(-60.8347911803876,206.918968358702,1.33726714108637));
#3412=CARTESIAN_POINT('Ctrl Pts',(-60.8377223298059,206.920467374509,1.33995909357448));
#3413=CARTESIAN_POINT('Ctrl Pts',(-60.8406072401983,206.921925256519,1.34260491573041));
#3414=CARTESIAN_POINT('Ctrl Pts',(-60.8432424591748,206.923256957618,1.34502173975802));
#3415=CARTESIAN_POINT('Ctrl Pts',(-60.8458386615262,206.924554254254,1.347399727721));
#3416=CARTESIAN_POINT('Ctrl Pts',(-60.8483838460482,206.925812798116,1.34972951363184));
#3417=CARTESIAN_POINT('Ctrl Pts',(-60.850825791145,206.927020292107,1.3519647972557));
#3418=CARTESIAN_POINT('Ctrl Pts',(-60.8532203400807,206.928192010277,1.35415535486253));
#3419=CARTESIAN_POINT('Ctrl Pts',(-60.8555894513005,206.929339928659,1.35632265113382));
#3420=CARTESIAN_POINT('Ctrl Pts',(-60.8582812331816,206.930644192417,1.35878513106514));
#3421=CARTESIAN_POINT('Ctrl Pts',(-60.8609434020256,206.931919477492,1.36122064482106));
#3422=CARTESIAN_POINT('Ctrl Pts',(-60.8636527828937,206.933202485725,1.36370029406474));
#3423=CARTESIAN_POINT('Ctrl Pts',(-60.8660938757906,206.934358448078,1.36593440379331));
#3424=CARTESIAN_POINT('Ctrl Pts',(-60.8685738016565,206.935520753226,1.36820473057643));
#3425=CARTESIAN_POINT('Ctrl Pts',(-60.8711103355748,206.936696435856,1.37052694218334));
#3426=CARTESIAN_POINT('Ctrl Pts',(-60.8738390143293,206.937961177554,1.37302506350916));
#3427=CARTESIAN_POINT('Ctrl Pts',(-60.8766329113474,206.939241121501,1.37558290750785));
#3428=CARTESIAN_POINT('Ctrl Pts',(-60.8794717081834,206.940525321402,1.37818069840993));
#3429=CARTESIAN_POINT('Ctrl Pts',(-60.8827036370786,206.941987364305,1.38113824555594));
#3430=CARTESIAN_POINT('Ctrl Pts',(-60.8859933046315,206.943454477402,1.38414706722771));
#3431=CARTESIAN_POINT('Ctrl Pts',(-60.889262809805,206.944891497223,1.38713475879634));
#3432=CARTESIAN_POINT('Ctrl Pts',(-60.8943127648098,206.947111064116,1.39174943508187));
#3433=CARTESIAN_POINT('Ctrl Pts',(-60.8993115991276,206.949255982473,1.39631045132035));
#3434=CARTESIAN_POINT('Ctrl Pts',(-60.9038729632169,206.951174837706,1.40046715527515));
#3435=CARTESIAN_POINT('Ctrl Pts',(-60.9068813265338,206.952440383184,1.40320863248515));
#3436=CARTESIAN_POINT('Ctrl Pts',(-60.9096967661573,206.95360721526,1.40577208068028));
#3437=CARTESIAN_POINT('Ctrl Pts',(-60.9122255386743,206.954644190901,1.40807405453753));
#3438=CARTESIAN_POINT('Ctrl Pts',(-60.9144689919347,206.95556416546,1.41011629863858));
#3439=CARTESIAN_POINT('Ctrl Pts',(-60.9164861080265,206.956381823672,1.41195215538858));
#3440=CARTESIAN_POINT('Ctrl Pts',(-60.9182434542105,206.957089160551,1.41355256967207));
#3441=CARTESIAN_POINT('Ctrl Pts',(-60.9198004947274,206.957715873824,1.41497056568555));
#3442=CARTESIAN_POINT('Ctrl Pts',(-60.9211535209629,206.958256007854,1.41620367091203));
#3443=CARTESIAN_POINT('Ctrl Pts',(-60.9223104051531,206.958715779062,1.41725960326037));
#3444=CARTESIAN_POINT('Ctrl Pts',(-60.9234195216129,206.959156566324,1.41827193617839));
#3445=CARTESIAN_POINT('Ctrl Pts',(-60.9243480681427,206.959523392546,1.41912116680644));
#3446=CARTESIAN_POINT('Ctrl Pts',(-60.9251364707712,206.959833949821,1.41984401895864));
#3447=CARTESIAN_POINT('Ctrl Pts',(-60.9258862349182,206.96012928713,1.42053144516419));
#3448=CARTESIAN_POINT('Ctrl Pts',(-60.9265091325115,206.960373679223,1.42110446301001));
#3449=CARTESIAN_POINT('Ctrl Pts',(-60.9270736476399,206.960594689603,1.42162480802416));
#3450=CARTESIAN_POINT('Ctrl Pts',(-60.9273928313133,206.960719651542,1.42191901738128));
#3451=CARTESIAN_POINT('Ctrl Pts',(-60.9276939795334,206.960837370274,1.42219695058835));
#3452=CARTESIAN_POINT('Ctrl Pts',(-60.927994838498,206.960954814949,1.42247457371552));
#3453=CARTESIAN_POINT('',(-59.7152929865548,206.260801074283,2.82278205504791));
#3454=CARTESIAN_POINT('Ctrl Pts',(-59.7152929865548,206.260801074283,2.82278205504791));
#3455=CARTESIAN_POINT('Ctrl Pts',(-60.1195269372025,206.494185654505,2.35601289460378));
#3456=CARTESIAN_POINT('Ctrl Pts',(-60.5237608878502,206.727570234727,1.88924373415965));
#3457=CARTESIAN_POINT('Ctrl Pts',(-60.927994838498,206.960954814949,1.42247457371552));
#3458=CARTESIAN_POINT('',(-59.6010840692711,206.208075848719,2.671933774226));
#3459=CARTESIAN_POINT('Ctrl Pts',(-59.7152929865548,206.260801074283,2.82278205504785));
#3460=CARTESIAN_POINT('Ctrl Pts',(-59.7148242772912,206.260630045752,2.82221689956472));
#3461=CARTESIAN_POINT('Ctrl Pts',(-59.7143529426727,206.260457626625,2.82164818553874));
#3462=CARTESIAN_POINT('Ctrl Pts',(-59.7138018323682,206.260255678748,2.82098034885186));
#3463=CARTESIAN_POINT('Ctrl Pts',(-59.7132278475525,206.260045348775,2.82028479278162));
#3464=CARTESIAN_POINT('Ctrl Pts',(-59.712567467828,206.259803047299,2.81948189396464));
#3465=CARTESIAN_POINT('Ctrl Pts',(-59.7117697041421,206.259509158308,2.81850759092935));
#3466=CARTESIAN_POINT('Ctrl Pts',(-59.7109303423436,206.259199944946,2.81748248441917));
#3467=CARTESIAN_POINT('Ctrl Pts',(-59.7099390807713,206.25883369208,2.81626786042305));
#3468=CARTESIAN_POINT('Ctrl Pts',(-59.7087733367967,206.258399756969,2.81483365349363));
#3469=CARTESIAN_POINT('Ctrl Pts',(-59.7075258976382,206.257935411743,2.81329893753193));
#3470=CARTESIAN_POINT('Ctrl Pts',(-59.7060789423247,206.257393624757,2.81151309467334));
#3471=CARTESIAN_POINT('Ctrl Pts',(-59.7044424222895,206.256773998997,2.80948496829537));
#3472=CARTESIAN_POINT('Ctrl Pts',(-59.7026239099543,206.256085466585,2.8072313002948));
#3473=CARTESIAN_POINT('Ctrl Pts',(-59.7005717972843,206.255300859156,2.80467894741624));
#3474=CARTESIAN_POINT('Ctrl Pts',(-59.6983391145506,206.254434089075,2.80188878716412));
#3475=CARTESIAN_POINT('Ctrl Pts',(-59.6953051696348,206.253256253711,2.79809729794656));
#3476=CARTESIAN_POINT('Ctrl Pts',(-59.6919390921204,206.251926488996,2.79386779442164));
#3477=CARTESIAN_POINT('Ctrl Pts',(-59.6884339260901,206.250508748724,2.78943243522199));
#3478=CARTESIAN_POINT('Ctrl Pts',(-59.685472158815,206.249310797841,2.78568468073122));
#3479=CARTESIAN_POINT('Ctrl Pts',(-59.6824141669523,206.248051373534,2.78179392304365));
#3480=CARTESIAN_POINT('Ctrl Pts',(-59.6793718568348,206.246774119776,2.7778994134045));
#3481=CARTESIAN_POINT('Ctrl Pts',(-59.676840221036,206.245711262535,2.7746586260947));
#3482=CARTESIAN_POINT('Ctrl Pts',(-59.6743199661349,206.244636485883,2.77141605467963));
#3483=CARTESIAN_POINT('Ctrl Pts',(-59.6718542537538,206.243569155326,2.76822697036106));
#3484=CARTESIAN_POINT('Ctrl Pts',(-59.6696012588411,206.242593903576,2.76531300894311));
#3485=CARTESIAN_POINT('Ctrl Pts',(-59.6673940662297,206.241625111765,2.7624441322984));
#3486=CARTESIAN_POINT('Ctrl Pts',(-59.6652411846443,206.240668029771,2.75963187577778));
#3487=CARTESIAN_POINT('Ctrl Pts',(-59.6631721685883,206.239748230919,2.75692917074559));
#3488=CARTESIAN_POINT('Ctrl Pts',(-59.6611536055474,206.238839484111,2.75427920772213));
#3489=CARTESIAN_POINT('Ctrl Pts',(-59.6591653645778,206.237933801855,2.75165624659961));
#3490=CARTESIAN_POINT('Ctrl Pts',(-59.6569264754468,206.23691394451,2.7487026211398));
#3491=CARTESIAN_POINT('Ctrl Pts',(-59.6547231104582,206.235896811594,2.74577948372852));
#3492=CARTESIAN_POINT('Ctrl Pts',(-59.6524919859628,206.234852793047,2.74280383993918));
#3493=CARTESIAN_POINT('Ctrl Pts',(-59.650467460848,206.233905449332,2.74010373710012));
#3494=CARTESIAN_POINT('Ctrl Pts',(-59.6484198002939,206.232935672826,2.73735994178784));
#3495=CARTESIAN_POINT('Ctrl Pts',(-59.646335041814,206.231935329543,2.73455396133497));
#3496=CARTESIAN_POINT('Ctrl Pts',(-59.6440923304351,206.230859194688,2.73153538419468));
#3497=CARTESIAN_POINT('Ctrl Pts',(-59.6418070376186,206.229747707216,2.72844521901375));
#3498=CARTESIAN_POINT('Ctrl Pts',(-59.6394968551243,206.228607575056,2.7253075591427));
#3499=CARTESIAN_POINT('Ctrl Pts',(-59.6368670180019,206.227309685437,2.72173574850561));
#3500=CARTESIAN_POINT('Ctrl Pts',(-59.6342054813107,206.225974700583,2.71810298908577));
#3501=CARTESIAN_POINT('Ctrl Pts',(-59.6315754656774,206.224633658069,2.71449676431862));
#3502=CARTESIAN_POINT('Ctrl Pts',(-59.6275113503347,206.222561369453,2.7089241307495));
#3503=CARTESIAN_POINT('Ctrl Pts',(-59.6235260498582,206.220474793005,2.70341879577108));
#3504=CARTESIAN_POINT('Ctrl Pts',(-59.619916923831,206.218544382954,2.69840448629749));
#3505=CARTESIAN_POINT('Ctrl Pts',(-59.6175383372288,206.217272150438,2.69509981662299));
#3506=CARTESIAN_POINT('Ctrl Pts',(-59.6153246834886,206.216069360346,2.69201101616015));
#3507=CARTESIAN_POINT('Ctrl Pts',(-59.6133439264641,206.214981176754,2.68923856467316));
#3508=CARTESIAN_POINT('Ctrl Pts',(-59.6115850034282,206.214014863791,2.68677661263851));
#3509=CARTESIAN_POINT('Ctrl Pts',(-59.6100101602924,206.213139357056,2.6845648315829));
#3510=CARTESIAN_POINT('Ctrl Pts',(-59.6086415001161,206.212372976125,2.68263819241495));
#3511=CARTESIAN_POINT('Ctrl Pts',(-59.6074297722803,206.21169446942,2.68093246417824));
#3512=CARTESIAN_POINT('Ctrl Pts',(-59.6063796774022,206.211101578153,2.67945030402614));
#3513=CARTESIAN_POINT('Ctrl Pts',(-59.6054829573189,206.210593005747,2.67818227837364));
#3514=CARTESIAN_POINT('Ctrl Pts',(-59.6046232380503,206.210105418254,2.67696657449133));
#3515=CARTESIAN_POINT('Ctrl Pts',(-59.6039047102057,206.20969547582,2.67594800741628));
#3516=CARTESIAN_POINT('Ctrl Pts',(-59.603295033773,206.209346626602,2.67508220549297));
#3517=CARTESIAN_POINT('Ctrl Pts',(-59.6027152361762,206.209014873679,2.67425883452535));
#3518=CARTESIAN_POINT('Ctrl Pts',(-59.6022339833595,206.208738421948,2.6735737577999));
#3519=CARTESIAN_POINT('Ctrl Pts',(-59.6017981786081,206.208487540756,2.67295250514148));
#3520=CARTESIAN_POINT('Ctrl Pts',(-59.6015505608492,206.208344993804,2.67259951864796));
#3521=CARTESIAN_POINT('Ctrl Pts',(-59.6013171405531,206.208210412487,2.67226645609352));
#3522=CARTESIAN_POINT('Ctrl Pts',(-59.6010840692711,206.208075848719,2.67193377422593));
#3523=CARTESIAN_POINT('',(-60.1963594637592,206.551758257969,1.98456895572672));
#3524=CARTESIAN_POINT('Ctrl Pts',(-59.7152929865548,206.260801074283,2.82278205504791));
#3525=CARTESIAN_POINT('Ctrl Pts',(-59.9208916347214,206.335822494961,3.07068669946101));
#3526=CARTESIAN_POINT('Ctrl Pts',(-60.4253889888544,206.350321366812,3.46169526177832));
#3527=CARTESIAN_POINT('Ctrl Pts',(-61.1112499562407,206.170587805661,3.67825415140598));
#3528=CARTESIAN_POINT('Ctrl Pts',(-61.2740190541293,206.050054566836,3.67068954669602));
#3529=CARTESIAN_POINT('Ctrl Pts',(-61.2905242537283,206.030661721947,3.67245849871287));
#3530=CARTESIAN_POINT('Ctrl Pts',(-61.2916348582474,206.029415263434,3.671933774226));
#3531=CARTESIAN_POINT('Ctrl Pts',(-61.2916348582474,206.029415263434,3.671933774226));
#3532=CARTESIAN_POINT('Ctrl Pts',(-60.1195269372025,206.494185654505,2.35601289460378));
#3533=CARTESIAN_POINT('Ctrl Pts',(-60.3344614205643,206.574597122146,2.59313744509083));
#3534=CARTESIAN_POINT('Ctrl Pts',(-60.8236161536271,206.580237927592,3.00186214021794));
#3535=CARTESIAN_POINT('Ctrl Pts',(-61.4264693507561,206.352579807939,3.31427014685153));
#3536=CARTESIAN_POINT('Ctrl Pts',(-61.5637599353601,206.21733654261,3.33612559514823));
#3537=CARTESIAN_POINT('Ctrl Pts',(-61.5794486035753,206.197472273106,3.33883739639365));
#3538=CARTESIAN_POINT('Ctrl Pts',(-61.5803099928422,206.196081930101,3.33860044089266));
#3539=CARTESIAN_POINT('Ctrl Pts',(-61.5803099928422,206.196081930101,3.33860044089266));
#3540=CARTESIAN_POINT('Ctrl Pts',(-60.5237608878502,206.727570234727,1.88924373415965));
#3541=CARTESIAN_POINT('Ctrl Pts',(-60.7480312064072,206.813371749331,2.11558819072064));
#3542=CARTESIAN_POINT('Ctrl Pts',(-61.2218433183999,206.810154488372,2.54202901865756));
#3543=CARTESIAN_POINT('Ctrl Pts',(-61.7416887452714,206.534571810216,2.95028614229709));
#3544=CARTESIAN_POINT('Ctrl Pts',(-61.853500816591,206.384618518384,3.00156164360045));
#3545=CARTESIAN_POINT('Ctrl Pts',(-61.8683729534223,206.364282824266,3.00521629407443));
#3546=CARTESIAN_POINT('Ctrl Pts',(-61.868985127437,206.362748596768,3.00526710755933));
#3547=CARTESIAN_POINT('Ctrl Pts',(-61.868985127437,206.362748596768,3.00526710755933));
#3548=CARTESIAN_POINT('Ctrl Pts',(-60.927994838498,206.960954814949,1.42247457371552));
#3549=CARTESIAN_POINT('Ctrl Pts',(-61.16160099225,207.052146376516,1.63803893635045));
#3550=CARTESIAN_POINT('Ctrl Pts',(-61.6200704831726,207.040071049152,2.08219589709719));
#3551=CARTESIAN_POINT('Ctrl Pts',(-62.0569081397867,206.716563812493,2.58630213774265));
#3552=CARTESIAN_POINT('Ctrl Pts',(-62.1432416978219,206.551900494158,2.66699769205266));
#3553=CARTESIAN_POINT('Ctrl Pts',(-62.1572973032693,206.531093375426,2.67159519175521));
#3554=CARTESIAN_POINT('Ctrl Pts',(-62.1576602620318,206.529415263434,2.671933774226));
#3555=CARTESIAN_POINT('Ctrl Pts',(-62.1576602620318,206.529415263434,2.671933774226));
#3556=CARTESIAN_POINT('',(-62.1576602620318,206.529415263434,2.671933774226));
#3557=CARTESIAN_POINT('Ctrl Pts',(-60.927994838498,206.960954814949,1.42247457371552));
#3558=CARTESIAN_POINT('Ctrl Pts',(-61.16160099225,207.052146376516,1.63803893635045));
#3559=CARTESIAN_POINT('Ctrl Pts',(-61.6200704831726,207.040071049152,2.08219589709719));
#3560=CARTESIAN_POINT('Ctrl Pts',(-62.0569081397867,206.716563812493,2.58630213774265));
#3561=CARTESIAN_POINT('Ctrl Pts',(-62.1432416978219,206.551900494158,2.66699769205266));
#3562=CARTESIAN_POINT('Ctrl Pts',(-62.1572973032693,206.531093375426,2.67159519175521));
#3563=CARTESIAN_POINT('Ctrl Pts',(-62.1576602620318,206.529415263434,2.671933774226));
#3564=CARTESIAN_POINT('Ctrl Pts',(-62.1576602620318,206.529415263434,2.671933774226));
#3565=CARTESIAN_POINT('',(-61.2916348582474,206.029415263434,3.671933774226));
#3566=CARTESIAN_POINT('',(-62.1576602620318,206.529415263434,2.671933774226));
#3567=CARTESIAN_POINT('Ctrl Pts',(-61.2916348582474,206.029415263434,3.671933774226));
#3568=CARTESIAN_POINT('Ctrl Pts',(-61.2916348582474,206.029415263434,3.671933774226));
#3569=CARTESIAN_POINT('Ctrl Pts',(-61.2905242537283,206.030661721947,3.67245849871287));
#3570=CARTESIAN_POINT('Ctrl Pts',(-61.2740190541293,206.050054566836,3.67068954669602));
#3571=CARTESIAN_POINT('Ctrl Pts',(-61.1112499562407,206.170587805661,3.67825415140598));
#3572=CARTESIAN_POINT('Ctrl Pts',(-60.4253889888544,206.350321366812,3.46169526177832));
#3573=CARTESIAN_POINT('Ctrl Pts',(-59.9208916347214,206.335822494961,3.07068669946101));
#3574=CARTESIAN_POINT('Ctrl Pts',(-59.7152929865548,206.260801074283,2.82278205504791));
#3575=CARTESIAN_POINT('Origin',(-64.9746475601384,200.650250138837,3.171933774226));
#3576=CARTESIAN_POINT('',(-66.1576602620318,199.601212033159,2.67193377422599));
#3577=CARTESIAN_POINT('',(-65.4076602620306,200.900250138837,2.671933774226));
#3578=CARTESIAN_POINT('',(-65.2916348582474,199.101212033159,3.671933774226));
#3579=CARTESIAN_POINT('',(-66.1576602620318,199.601212033159,2.67193377422599));
#3580=CARTESIAN_POINT('',(-64.5416348582462,200.400250138837,3.671933774226));
#3581=CARTESIAN_POINT('Ctrl Pts',(-65.2916348498359,199.101212047647,3.671933774226));
#3582=CARTESIAN_POINT('Ctrl Pts',(-65.2916352436826,199.101211370535,3.67193377422601));
#3583=CARTESIAN_POINT('Ctrl Pts',(-65.2917929389457,199.101135547992,3.67202288233016));
#3584=CARTESIAN_POINT('Ctrl Pts',(-65.2962192784265,199.089248989628,3.67176907727661));
#3585=CARTESIAN_POINT('Ctrl Pts',(-65.308065085868,199.023996297688,3.67136317276575));
#3586=CARTESIAN_POINT('Ctrl Pts',(-65.2955223918621,198.825518089267,3.6495087628431));
#3587=CARTESIAN_POINT('Ctrl Pts',(-65.2198335024899,198.485006566045,3.55888557692561));
#3588=CARTESIAN_POINT('Ctrl Pts',(-65.0855197585179,198.138846101105,3.38117498395845));
#3589=CARTESIAN_POINT('Ctrl Pts',(-64.8998202907064,197.825689428468,3.11347949721278));
#3590=CARTESIAN_POINT('Ctrl Pts',(-64.7878631449964,197.690746006733,2.94692402184552));
#3591=CARTESIAN_POINT('Ctrl Pts',(-64.7038499126715,197.620367021799,2.82278205504793));
#3592=CARTESIAN_POINT('Ctrl Pts',(-65.5803099844424,199.26787871432,3.33860044087916));
#3593=CARTESIAN_POINT('Ctrl Pts',(-65.5803103775601,199.267878036788,3.33860044172093));
#3594=CARTESIAN_POINT('Ctrl Pts',(-65.5804653163429,199.26780062279,3.33869273273447));
#3595=CARTESIAN_POINT('Ctrl Pts',(-65.5854274806633,199.256223423041,3.33782021045014));
#3596=CARTESIAN_POINT('Ctrl Pts',(-65.6036130765192,199.194631009649,3.33009374884382));
#3597=CARTESIAN_POINT('Ctrl Pts',(-65.6165450930539,199.010860632216,3.27882367694497));
#3598=CARTESIAN_POINT('Ctrl Pts',(-65.5827663705313,198.694545955106,3.13980679880267));
#3599=CARTESIAN_POINT('Ctrl Pts',(-65.4806943926124,198.367000282477,2.92486662121564));
#3600=CARTESIAN_POINT('Ctrl Pts',(-65.3093430333985,198.062127494201,2.64060336574764));
#3601=CARTESIAN_POINT('Ctrl Pts',(-65.1967721550629,197.926829733769,2.47475656777358));
#3602=CARTESIAN_POINT('Ctrl Pts',(-65.1080838633192,197.853751602022,2.35601289460382));
#3603=CARTESIAN_POINT('Ctrl Pts',(-65.8689851190489,199.434545380994,3.00526710753232));
#3604=CARTESIAN_POINT('Ctrl Pts',(-65.8689855114376,199.43454470304,3.00526710921586));
#3605=CARTESIAN_POINT('Ctrl Pts',(-65.86913769374,199.434465697587,3.00536258313878));
#3606=CARTESIAN_POINT('Ctrl Pts',(-65.8746356829,199.423197856454,3.00387134362366));
#3607=CARTESIAN_POINT('Ctrl Pts',(-65.8991610671705,199.36526572161,2.98882432492188));
#3608=CARTESIAN_POINT('Ctrl Pts',(-65.9375677942457,199.196203175165,2.90813859104684));
#3609=CARTESIAN_POINT('Ctrl Pts',(-65.9456992385727,198.904085344168,2.72072802067974));
#3610=CARTESIAN_POINT('Ctrl Pts',(-65.875869026707,198.595154463848,2.46855825847283));
#3611=CARTESIAN_POINT('Ctrl Pts',(-65.7188657760906,198.298565559933,2.1677272342825));
#3612=CARTESIAN_POINT('Ctrl Pts',(-65.6056811651294,198.162913460805,2.00258911370164));
#3613=CARTESIAN_POINT('Ctrl Pts',(-65.5123178139669,198.087136182244,1.8892437341597));
#3614=CARTESIAN_POINT('Ctrl Pts',(-66.1576602536554,199.601212047667,2.67193377418549));
#3615=CARTESIAN_POINT('Ctrl Pts',(-66.1576606453151,199.601211369293,2.67193377671079));
#3616=CARTESIAN_POINT('Ctrl Pts',(-66.1578100711371,199.601130772385,2.67203243354309));
#3617=CARTESIAN_POINT('Ctrl Pts',(-66.1638438851367,199.590172289867,2.66992247679719));
#3618=CARTESIAN_POINT('Ctrl Pts',(-66.1947090578218,199.535900433571,2.64755490099995));
#3619=CARTESIAN_POINT('Ctrl Pts',(-66.2585904954374,199.381545718115,2.53745350514872));
#3620=CARTESIAN_POINT('Ctrl Pts',(-66.3086321066141,199.113624733229,2.3016492425568));
#3621=CARTESIAN_POINT('Ctrl Pts',(-66.2710436608016,198.82330864522,2.01224989573002));
#3622=CARTESIAN_POINT('Ctrl Pts',(-66.1283885187827,198.535003625666,1.69485110281736));
#3623=CARTESIAN_POINT('Ctrl Pts',(-66.0145901751959,198.398997187841,1.53042165962971));
#3624=CARTESIAN_POINT('Ctrl Pts',(-65.9165517646147,198.320520762466,1.42247457371559));
#3625=CARTESIAN_POINT('Ctrl Pts',(-64.7038499126715,197.620367021799,2.82278205504793));
#3626=CARTESIAN_POINT('Ctrl Pts',(-64.7878631449964,197.690746006733,2.94692402184552));
#3627=CARTESIAN_POINT('Ctrl Pts',(-64.8998202907064,197.825689428468,3.11347949721278));
#3628=CARTESIAN_POINT('Ctrl Pts',(-65.0855197585179,198.138846101105,3.38117498395845));
#3629=CARTESIAN_POINT('Ctrl Pts',(-65.2198335024899,198.485006566045,3.55888557692561));
#3630=CARTESIAN_POINT('Ctrl Pts',(-65.2955223918621,198.825518089267,3.6495087628431));
#3631=CARTESIAN_POINT('Ctrl Pts',(-65.308065085868,199.023996297688,3.67136317276575));
#3632=CARTESIAN_POINT('Ctrl Pts',(-65.2962192784265,199.089248989628,3.67176907727661));
#3633=CARTESIAN_POINT('Ctrl Pts',(-65.2917983209088,199.101121095187,3.67202257372992));
#3634=CARTESIAN_POINT('Ctrl Pts',(-65.2916360228012,199.101210967068,3.67193420633293));
#3635=CARTESIAN_POINT('Ctrl Pts',(-65.2916348611998,199.101212034961,3.67193377737636));
#3636=CARTESIAN_POINT('Ctrl Pts',(-66.1576602647179,199.601212034807,2.67193377768379));
#3637=CARTESIAN_POINT('Ctrl Pts',(-66.1576613890146,199.601210945379,2.67193424971279));
#3638=CARTESIAN_POINT('Ctrl Pts',(-66.1578174076016,199.601117448057,2.67202986806413));
#3639=CARTESIAN_POINT('Ctrl Pts',(-66.1638438851367,199.590172289867,2.66992247679719));
#3640=CARTESIAN_POINT('Ctrl Pts',(-66.1947090578218,199.535900433571,2.64755490099995));
#3641=CARTESIAN_POINT('Ctrl Pts',(-66.2585904954374,199.381545718115,2.53745350514872));
#3642=CARTESIAN_POINT('Ctrl Pts',(-66.3086321066141,199.113624733229,2.3016492425568));
#3643=CARTESIAN_POINT('Ctrl Pts',(-66.2710436608016,198.82330864522,2.01224989573002));
#3644=CARTESIAN_POINT('Ctrl Pts',(-66.1283885187827,198.535003625666,1.69485110281736));
#3645=CARTESIAN_POINT('Ctrl Pts',(-66.0145901751959,198.398997187841,1.53042165962971));
#3646=CARTESIAN_POINT('Ctrl Pts',(-65.9165517646147,198.320520762466,1.42247457371559));
#3647=CARTESIAN_POINT('Origin',(-45.007025167419,186.235186629373,30.671933774226));
#3648=CARTESIAN_POINT('',(-65.7916348582474,198.235186629374,-1.32806622577402));
#3649=CARTESIAN_POINT('',(-65.7916348582474,198.235186629374,15.921933774226));
#3650=CARTESIAN_POINT('',(-55.3993300128323,192.235186629373,-1.32806622577402));
#3651=CARTESIAN_POINT('',(-57.9974062241856,193.735186629373,-1.32806622577402));
#3652=CARTESIAN_POINT('',(-55.3993300128323,192.235186629373,28.671933774226));
#3653=CARTESIAN_POINT('',(-55.3993300128323,192.235186629373,33.171933774226));
#3654=CARTESIAN_POINT('',(-51.9352283976945,190.235186629373,32.671933774226));
#3655=CARTESIAN_POINT('Origin',(-51.9352283976945,190.235186629373,28.671933774226));
#3656=CARTESIAN_POINT('',(-47.0166441405981,187.395440684507,32.671933774226));
#3657=CARTESIAN_POINT('',(-33.3892392296653,179.527654790824,32.671933774226));
#3658=CARTESIAN_POINT('',(-47.0166441405981,187.395440684507,34.671933774226));
#3659=CARTESIAN_POINT('',(-47.0166441405981,187.395440684507,30.671933774226));
#3660=CARTESIAN_POINT('',(-57.1313808204012,193.235186629373,34.671933774226));
#3661=CARTESIAN_POINT('',(-38.5118345422499,182.485186573494,34.671933774226));
#3662=CARTESIAN_POINT('',(-57.1313808204012,193.235186629373,8.671933774226));
#3663=CARTESIAN_POINT('',(-57.1313808204012,193.235186629373,30.671933774226));
#3664=CARTESIAN_POINT('',(-62.3275332431078,196.235186629373,2.671933774226));
#3665=CARTESIAN_POINT('Origin',(-62.3275332431078,196.235186629373,8.671933774226));
#3666=CARTESIAN_POINT('',(-51.5022156958032,189.985186629374,2.671933774226));
#3667=CARTESIAN_POINT('Origin',(-65.2916348582474,199.101212033159,15.921933774226));
#3668=CARTESIAN_POINT('',(-66.1576602620318,199.601212033159,-1.32806622577401));
#3669=CARTESIAN_POINT('',(-66.1576602620318,199.601212033159,15.921933774226));
#3670=CARTESIAN_POINT('Origin',(-65.2916348582474,199.101212033159,-1.32806622577402));
#3671=CARTESIAN_POINT('Origin',(-64.1576602620306,203.065313648299,1.17193377422599));
#3672=CARTESIAN_POINT('',(-62.1576602620318,206.529415263434,-1.32806622577401));
#3673=CARTESIAN_POINT('',(-62.1576602620318,206.529415263434,15.921933774226));
#3674=CARTESIAN_POINT('',(-61.6576602620306,207.395440667221,-1.32806622577401));
#3675=CARTESIAN_POINT('Origin',(-61.2916348582474,206.029415263434,15.921933774226));
#3676=CARTESIAN_POINT('',(-60.7916348582474,206.895440667219,-1.32806622577402));
#3677=CARTESIAN_POINT('',(-60.7916348582474,206.895440667219,15.921933774226));
#3678=CARTESIAN_POINT('Origin',(-61.2916348582474,206.029415263434,-1.32806622577402));
#3679=CARTESIAN_POINT('Origin',(-52.6313808204011,201.029415263433,30.671933774226));
#3680=CARTESIAN_POINT('',(-52.8901998655036,201.995341089722,34.9648269930394));
#3681=CARTESIAN_POINT('',(-52.1313808204011,201.895440667218,34.671933774226));
#3682=CARTESIAN_POINT('Origin',(-52.6313808204011,201.029415263433,35.671933774226));
#3683=CARTESIAN_POINT('',(-52.1313808204011,201.895440667218,8.671933774226));
#3684=CARTESIAN_POINT('',(-52.1313808204011,201.895440667218,30.671933774226));
#3685=CARTESIAN_POINT('Origin',(-52.6313808204011,201.029415263433,8.671933774226));
#3686=CARTESIAN_POINT('',(-53.4974062241856,201.529415263433,34.671933774226));
#3687=CARTESIAN_POINT('',(-53.4974062241856,201.529415263433,30.671933774226));
#3688=CARTESIAN_POINT('Origin',(-52.6313808204011,201.029415263433,35.6719337742259));
#3689=CARTESIAN_POINT('Origin',(-57.8275332431078,204.029415263433,8.671933774226));
#3690=CARTESIAN_POINT('',(-57.3275332431078,204.895440667218,2.671933774226));
#3691=CARTESIAN_POINT('Origin',(-57.8275332431078,204.029415263433,2.671933774226));
#3692=CARTESIAN_POINT('Origin',(-57.3275332431078,204.895440667218,8.671933774226));
#3693=CARTESIAN_POINT('Origin',(-46.6307495302489,197.564949172756,2.67193377422601));
#3694=CARTESIAN_POINT('',(-46.6307495302489,197.564949172756,3.671933774226));
#3695=CARTESIAN_POINT('',(-46.1307495302489,198.430974576541,2.67193377422601));
#3696=CARTESIAN_POINT('Origin',(-53.8143935222934,199.980377157756,35.171933774226));
#3697=CARTESIAN_POINT('',(-57.4974062241856,194.601212033158,34.671933774226));
#3698=CARTESIAN_POINT('',(-54.2474062241856,200.230377157756,34.671933774226));
#3699=CARTESIAN_POINT('',(-57.5973066466902,193.842392988055,34.9648269930394));
#3700=CARTESIAN_POINT('Origin',(-56.6313808204012,194.101212033158,35.6719337742259));
#3701=CARTESIAN_POINT('',(-56.6313808204011,194.101212033158,35.671933774226));
#3702=CARTESIAN_POINT('',(-56.6313808204011,194.101212033158,35.671933774226));
#3703=CARTESIAN_POINT('',(-52.6313808204011,201.029415263433,35.671933774226));
#3704=CARTESIAN_POINT('',(-53.3813808204011,199.730377157756,35.671933774226));
#3705=CARTESIAN_POINT('',(-52.9974062241856,202.395440667218,34.671933774226));
#3706=CARTESIAN_POINT('Origin',(-52.9974062241856,202.395440667218,30.671933774226));
#3707=CARTESIAN_POINT('',(-57.4974062241856,194.601212033158,30.671933774226));
#3708=CARTESIAN_POINT('Origin',(-57.9974062241862,193.735186629376,3.671933774226));
#3709=CARTESIAN_POINT('',(-51.0022156958032,190.851212033158,3.671933774226));
#3710=CARTESIAN_POINT('Origin',(-53.3323427147245,196.815313648295,-1.32806622577402));
#3711=CARTESIAN_POINT('',(-50.3993300128323,200.895440667218,-1.32806622577402));
#3712=CARTESIAN_POINT('',(-48.6672792052634,199.895440667218,-1.32806622577402));
#3713=CARTESIAN_POINT('',(-49.6672792052634,198.163389859649,-1.32806622577402));
#3714=CARTESIAN_POINT('Origin',(-51.3993300128323,199.163389859649,-1.32806622577402));
#3715=CARTESIAN_POINT('',(-52.6672792052634,192.967237436942,-1.32806622577402));
#3716=CARTESIAN_POINT('',(-53.6672792052634,191.235186629373,-1.32806622577402));
#3717=CARTESIAN_POINT('Origin',(-54.3993300128323,193.967237436942,-1.32806622577402));
#3718=CARTESIAN_POINT('Origin',(-56.6313808204012,194.101212033158,30.671933774226));
#3719=CARTESIAN_POINT('Origin',(-56.6313808204012,194.101212033158,8.671933774226));
#3720=CARTESIAN_POINT('Origin',(-56.6313808204012,194.101212033158,35.671933774226));
#3721=CARTESIAN_POINT('Origin',(-61.8275332431078,197.101212033158,8.671933774226));
#3722=CARTESIAN_POINT('Origin',(-61.8275332431078,197.101212033158,2.671933774226));
#3723=CARTESIAN_POINT('Origin',(-51.0022156958032,190.851212033158,2.671933774226));
#3724=CARTESIAN_POINT('Origin',(-38.2618345422499,182.918199275386,35.171933774226));
#3725=CARTESIAN_POINT('',(-46.5166441405981,188.261466088291,35.671933774226));
#3726=CARTESIAN_POINT('',(-47.0166441405981,187.395440684507,34.671933774226));
#3727=CARTESIAN_POINT('',(-38.0118345422498,183.351211977278,35.671933774226));
#3728=CARTESIAN_POINT('Origin',(-39.2640928363104,194.466508485862,30.671933774226));
#3729=CARTESIAN_POINT('',(-42.0166441405981,196.055694722351,34.671933774226));
#3730=CARTESIAN_POINT('',(-33.1403683766956,190.930974520661,34.671933774226));
#3731=CARTESIAN_POINT('',(-42.0166441405981,196.055694722351,32.671933774226));
#3732=CARTESIAN_POINT('',(-42.0166441405981,196.055694722351,30.671933774226));
#3733=CARTESIAN_POINT('',(-46.9352283976945,198.895440667218,32.671933774226));
#3734=CARTESIAN_POINT('',(-28.017773064111,187.97344273799,32.671933774226));
#3735=CARTESIAN_POINT('',(-50.3993300128323,200.895440667218,28.671933774226));
#3736=CARTESIAN_POINT('Origin',(-46.9352283976945,198.895440667218,28.671933774226));
#3737=CARTESIAN_POINT('',(-50.3993300128323,200.895440667218,33.171933774226));
#3738=CARTESIAN_POINT('Ctrl Pts',(0.682005152393044,206.260801074283,2.82278205504798));
#3739=CARTESIAN_POINT('Ctrl Pts',(0.68028688177876,206.260174090089,2.82071021620352));
#3740=CARTESIAN_POINT('Ctrl Pts',(0.676921006681967,206.258943334366,2.81660421617037));
#3741=CARTESIAN_POINT('Ctrl Pts',(0.660364003870158,206.252797083946,2.79573620962185));
#3742=CARTESIAN_POINT('Ctrl Pts',(0.635846099728242,206.242733883546,2.76359445841505));
#3743=CARTESIAN_POINT('Ctrl Pts',(0.608038422820495,206.23007914175,2.72556380966168));
#3744=CARTESIAN_POINT('Ctrl Pts',(0.575777026913035,206.212901261011,2.68203974053361));
#3745=CARTESIAN_POINT('Ctrl Pts',(0.569462141942283,206.209037660477,2.67398828612711));
#3746=CARTESIAN_POINT('Ctrl Pts',(0.567796235109337,206.208075848719,2.67193377422599));
#3747=CARTESIAN_POINT('Ctrl Pts',(1.08623910304078,206.494185654505,2.35601289460385));
#3748=CARTESIAN_POINT('Ctrl Pts',(1.084442809096,206.49351362352,2.35403114934113));
#3749=CARTESIAN_POINT('Ctrl Pts',(1.08077540293789,206.492108778758,2.35027332738681));
#3750=CARTESIAN_POINT('Ctrl Pts',(1.06322368471987,206.48538822913,2.33055391925339));
#3751=CARTESIAN_POINT('Ctrl Pts',(1.03729675073569,206.474511524971,2.30003917556406));
#3752=CARTESIAN_POINT('Ctrl Pts',(1.00720557042111,206.460538401869,2.26464528942395));
#3753=CARTESIAN_POINT('Ctrl Pts',(0.973164664256202,206.442333120404,2.22317602174821));
#3754=CARTESIAN_POINT('Ctrl Pts',(0.966350189156275,206.438181081375,2.21570144433283));
#3755=CARTESIAN_POINT('Ctrl Pts',(0.964646498101396,206.437197454886,2.21369056189312));
#3756=CARTESIAN_POINT('Ctrl Pts',(1.49047305368852,206.727570234727,1.88924373415973));
#3757=CARTESIAN_POINT('Ctrl Pts',(1.48859873641324,206.726853156952,1.88735208247873));
#3758=CARTESIAN_POINT('Ctrl Pts',(1.48456945806276,206.726441711283,1.88347359319863));
#3759=CARTESIAN_POINT('Ctrl Pts',(1.46531066662343,206.718219845661,1.86491308452753));
#3760=CARTESIAN_POINT('Ctrl Pts',(1.43716842159288,206.703510195616,1.83702134897576));
#3761=CARTESIAN_POINT('Ctrl Pts',(1.40393135987981,206.691099191685,1.80397506084243));
#3762=CARTESIAN_POINT('Ctrl Pts',(1.37010842594212,206.668978585002,1.76539213060328));
#3763=CARTESIAN_POINT('Ctrl Pts',(1.36323823637027,206.667324502272,1.75741460253856));
#3764=CARTESIAN_POINT('Ctrl Pts',(1.36149676109345,206.666319061052,1.75544734956026));
#3765=CARTESIAN_POINT('Ctrl Pts',(1.89470700433625,206.960954814949,1.4224745737156));
#3766=CARTESIAN_POINT('Ctrl Pts',(1.89275466373048,206.960192690383,1.42067301561634));
#3767=CARTESIAN_POINT('Ctrl Pts',(1.8888902274806,206.958674090244,1.41714270441507));
#3768=CARTESIAN_POINT('Ctrl Pts',(1.86934015748152,206.950799791677,1.39973079415907));
#3769=CARTESIAN_POINT('Ctrl Pts',(1.83973260197361,206.937798079691,1.37346606612476));
#3770=CARTESIAN_POINT('Ctrl Pts',(1.80532483874042,206.921332776279,1.3430565406047));
#3771=CARTESIAN_POINT('Ctrl Pts',(1.76700478077411,206.900656925369,1.30652841181789));
#3772=CARTESIAN_POINT('Ctrl Pts',(1.76012628358426,206.896467923169,1.29912776074429));
#3773=CARTESIAN_POINT('Ctrl Pts',(1.75834702408551,206.895440667218,1.29720413722739));
#3774=CARTESIAN_POINT('',(0.567796235109337,206.208075848719,2.67193377422599));
#3775=CARTESIAN_POINT('',(0.682005152393044,206.260801074283,2.82278205504798));
#3776=CARTESIAN_POINT('Ctrl Pts',(0.56779623510932,206.208075848719,2.67193377422598));
#3777=CARTESIAN_POINT('Ctrl Pts',(0.568252650043312,206.208339360004,2.67249665679251));
#3778=CARTESIAN_POINT('Ctrl Pts',(0.56871185145575,206.208604000249,2.67306306337435));
#3779=CARTESIAN_POINT('Ctrl Pts',(0.569243365832145,206.208909488144,2.67372956952));
#3780=CARTESIAN_POINT('Ctrl Pts',(0.569797088808168,206.209227740432,2.67442392471132));
#3781=CARTESIAN_POINT('Ctrl Pts',(0.570429154779349,206.209590255028,2.67522674040878));
#3782=CARTESIAN_POINT('Ctrl Pts',(0.571186102201143,206.210022467531,2.6762027699019));
#3783=CARTESIAN_POINT('Ctrl Pts',(0.571982849517871,206.210477405538,2.67723011850935));
#3784=CARTESIAN_POINT('Ctrl Pts',(0.572917781206624,206.211009464967,2.67844914546783));
#3785=CARTESIAN_POINT('Ctrl Pts',(0.574012745721248,206.21162840324,2.67989019826063));
#3786=CARTESIAN_POINT('Ctrl Pts',(0.575185305109751,206.212291202694,2.68143337154065));
#3787=CARTESIAN_POINT('Ctrl Pts',(0.576541158289994,206.213053456154,2.68323083359091));
#3788=CARTESIAN_POINT('Ctrl Pts',(0.578073906970069,206.213906922545,2.6852734824136));
#3789=CARTESIAN_POINT('Ctrl Pts',(0.579781711260683,206.214857863546,2.68754942266979));
#3790=CARTESIAN_POINT('Ctrl Pts',(0.581708801733278,206.215921709429,2.69012925133856));
#3791=CARTESIAN_POINT('Ctrl Pts',(0.58381042421995,206.217066594214,2.69295072756828));
#3792=CARTESIAN_POINT('Ctrl Pts',(0.586735892743685,206.218660279294,2.69687823593519));
#3793=CARTESIAN_POINT('Ctrl Pts',(0.589998869532558,206.220409749235,2.70127273682251));
#3794=CARTESIAN_POINT('Ctrl Pts',(0.593414506657378,206.222201033366,2.70588081937148));
#3795=CARTESIAN_POINT('Ctrl Pts',(0.596170474065355,206.223646362745,2.70959893252405));
#3796=CARTESIAN_POINT('Ctrl Pts',(0.599022920900055,206.225117549976,2.71345224804184));
#3797=CARTESIAN_POINT('Ctrl Pts',(0.601875762401058,206.22656224073,2.71731103745279));
#3798=CARTESIAN_POINT('Ctrl Pts',(0.604275098435131,206.227777274437,2.72055640964692));
#3799=CARTESIAN_POINT('Ctrl Pts',(0.606674069410633,206.228973441823,2.7238048973342));
#3800=CARTESIAN_POINT('Ctrl Pts',(0.609034233870478,206.230132289877,2.72700481061703));
#3801=CARTESIAN_POINT('Ctrl Pts',(0.611195722226196,206.23119358735,2.72993535864359));
#3802=CARTESIAN_POINT('Ctrl Pts',(0.613324299964763,206.23222353411,2.73282476377535));
#3803=CARTESIAN_POINT('Ctrl Pts',(0.615413965362949,206.233220643465,2.73566395383806));
#3804=CARTESIAN_POINT('Ctrl Pts',(0.617468549628854,206.23420101343,2.73845547980954));
#3805=CARTESIAN_POINT('Ctrl Pts',(0.619484992957232,206.235149505357,2.74119785897573));
#3806=CARTESIAN_POINT('Ctrl Pts',(0.621488042818754,206.236079016408,2.74392104624383));
#3807=CARTESIAN_POINT('Ctrl Pts',(0.623552120169089,206.237036847135,2.74672720163158));
#3808=CARTESIAN_POINT('Ctrl Pts',(0.625605730680939,206.23797638796,2.74951786388146));
#3809=CARTESIAN_POINT('Ctrl Pts',(0.627701096158981,206.238921699539,2.75235633447695));
#3810=CARTESIAN_POINT('Ctrl Pts',(0.629738641606586,206.239840925959,2.7551164796166));
#3811=CARTESIAN_POINT('Ctrl Pts',(0.631815794128483,206.240765528792,2.75792188343464));
#3812=CARTESIAN_POINT('Ctrl Pts',(0.633946725682584,206.241700768826,2.76078633107843));
#3813=CARTESIAN_POINT('Ctrl Pts',(0.636243579813542,206.242708830268,2.76387381570031));
#3814=CARTESIAN_POINT('Ctrl Pts',(0.638602683368711,206.243728999523,2.76702948669215));
#3815=CARTESIAN_POINT('Ctrl Pts',(0.641005191547773,206.244751735401,2.7702242117751));
#3816=CARTESIAN_POINT('Ctrl Pts',(0.643765687164511,206.245926864766,2.77389496913819));
#3817=CARTESIAN_POINT('Ctrl Pts',(0.646583139457891,206.247104979986,2.77761662745099));
#3818=CARTESIAN_POINT('Ctrl Pts',(0.649386157049445,206.248256182421,2.78129358971356));
#3819=CARTESIAN_POINT('Ctrl Pts',(0.653603871963377,206.249988402615,2.78682633364622));
#3820=CARTESIAN_POINT('Ctrl Pts',(0.657786058905444,206.251657175772,2.7922528599191));
#3821=CARTESIAN_POINT('Ctrl Pts',(0.661608621904442,206.253147956467,2.7971664708047));
#3822=CARTESIAN_POINT('Ctrl Pts',(0.664125445264904,206.25412950515,2.80040165376031));
#3823=CARTESIAN_POINT('Ctrl Pts',(0.666484246958054,206.255033741904,2.8034124795691));
#3824=CARTESIAN_POINT('Ctrl Pts',(0.668606884912597,206.25583807752,2.8061063671267));
#3825=CARTESIAN_POINT('Ctrl Pts',(0.670494129705436,206.256553215116,2.80850151192974));
#3826=CARTESIAN_POINT('Ctrl Pts',(0.672194084394295,206.257189317499,2.81064550815296));
#3827=CARTESIAN_POINT('Ctrl Pts',(0.673678550943229,206.257740998487,2.81250813398612));
#3828=CARTESIAN_POINT('Ctrl Pts',(0.675002878795598,206.258233166195,2.81416982671416));
#3829=CARTESIAN_POINT('Ctrl Pts',(0.676155595146712,206.258658159014,2.81560750319576));
#3830=CARTESIAN_POINT('Ctrl Pts',(0.677143325513129,206.259021197477,2.81683298028692));
#3831=CARTESIAN_POINT('Ctrl Pts',(0.678090828903856,206.259369450589,2.81800854776829));
#3832=CARTESIAN_POINT('Ctrl Pts',(0.67888626037782,206.259660615666,2.81898855285242));
#3833=CARTESIAN_POINT('Ctrl Pts',(0.679564287457119,206.259908701908,2.81981892227574));
#3834=CARTESIAN_POINT('Ctrl Pts',(0.680209609642277,206.260144821617,2.82060923851399));
#3835=CARTESIAN_POINT('Ctrl Pts',(0.680748475008621,206.260341870016,2.82126387328146));
#3836=CARTESIAN_POINT('Ctrl Pts',(0.681239825711513,206.260521494582,2.82185815538217));
#3837=CARTESIAN_POINT('Ctrl Pts',(0.681503790921226,206.260617993144,2.82217741777137));
#3838=CARTESIAN_POINT('Ctrl Pts',(0.681754558099217,206.260709634285,2.82247989601212));
#3839=CARTESIAN_POINT('Ctrl Pts',(0.682005152393039,206.260801074283,2.82278205504797));
#3840=CARTESIAN_POINT('',(1.89470700433625,206.960954814949,1.4224745737156));
#3841=CARTESIAN_POINT('Ctrl Pts',(1.89470700433625,206.960954814949,1.4224745737156));
#3842=CARTESIAN_POINT('Ctrl Pts',(1.49047305368852,206.727570234727,1.88924373415973));
#3843=CARTESIAN_POINT('Ctrl Pts',(1.08623910304078,206.494185654505,2.35601289460385));
#3844=CARTESIAN_POINT('Ctrl Pts',(0.682005152393044,206.260801074283,2.82278205504798));
#3845=CARTESIAN_POINT('',(1.75834702408551,206.895440667218,1.29720413722739));
#3846=CARTESIAN_POINT('Ctrl Pts',(1.89470700433625,206.960954814949,1.4224745737156));
#3847=CARTESIAN_POINT('Ctrl Pts',(1.89417624233445,206.960747624278,1.42198480334444));
#3848=CARTESIAN_POINT('Ctrl Pts',(1.89364232350061,206.960538744452,1.42149209061247));
#3849=CARTESIAN_POINT('Ctrl Pts',(1.89301404607303,206.960292169999,1.4209164014197));
#3850=CARTESIAN_POINT('Ctrl Pts',(1.89235984446942,206.960035421316,1.42031695796278));
#3851=CARTESIAN_POINT('Ctrl Pts',(1.89160349885299,206.959737876365,1.41962770110552));
#3852=CARTESIAN_POINT('Ctrl Pts',(1.8906840935267,206.959374385919,1.41879531800084));
#3853=CARTESIAN_POINT('Ctrl Pts',(1.88971710113309,206.958992081742,1.41791985197104));
#3854=CARTESIAN_POINT('Ctrl Pts',(1.88856994314984,206.9585369137,1.4168862553201));
#3855=CARTESIAN_POINT('Ctrl Pts',(1.88721454133167,206.95799519012,1.41567004074513));
#3856=CARTESIAN_POINT('Ctrl Pts',(1.8857650874399,206.957415876045,1.4143694323755));
#3857=CARTESIAN_POINT('Ctrl Pts',(1.8840777936876,206.956737654882,1.41286025469983));
#3858=CARTESIAN_POINT('Ctrl Pts',(1.88216217464875,206.955959897574,1.41115091152047));
#3859=CARTESIAN_POINT('Ctrl Pts',(1.88003756454494,206.955097288151,1.40925508165238));
#3860=CARTESIAN_POINT('Ctrl Pts',(1.87763259670635,206.954112300043,1.40711345864482));
#3861=CARTESIAN_POINT('Ctrl Pts',(1.87500644411594,206.953022322604,1.40477795843824));
#3862=CARTESIAN_POINT('Ctrl Pts',(1.87150359616891,206.951568475158,1.40166279211706));
#3863=CARTESIAN_POINT('Ctrl Pts',(1.86760848470162,206.949927670832,1.39820373891895));
#3864=CARTESIAN_POINT('Ctrl Pts',(1.863530769614,206.948175365531,1.39458523243816));
#3865=CARTESIAN_POINT('Ctrl Pts',(1.85995311976135,206.946637951889,1.39141047674788));
#3866=CARTESIAN_POINT('Ctrl Pts',(1.85623869763505,206.945016366398,1.38811637489321));
#3867=CARTESIAN_POINT('Ctrl Pts',(1.85252778251966,206.943368622843,1.38482650341451));
#3868=CARTESIAN_POINT('Ctrl Pts',(1.84946953810028,206.94201068218,1.38211525005048));
#3869=CARTESIAN_POINT('Ctrl Pts',(1.84641436965384,206.940635511722,1.37940753965001));
#3870=CARTESIAN_POINT('Ctrl Pts',(1.84341700325874,206.939268591073,1.37675092187472));
#3871=CARTESIAN_POINT('Ctrl Pts',(1.84068352911278,206.938022015994,1.37432819637267));
#3872=CARTESIAN_POINT('Ctrl Pts',(1.83799847021074,206.936782595071,1.37194831360628));
#3873=CARTESIAN_POINT('Ctrl Pts',(1.83537514894475,206.935558073834,1.36962119559437));
#3874=CARTESIAN_POINT('Ctrl Pts',(1.83286395644106,206.934385892374,1.36739354571311));
#3875=CARTESIAN_POINT('Ctrl Pts',(1.8304096778815,206.933227634236,1.36521459683766));
#3876=CARTESIAN_POINT('Ctrl Pts',(1.82799198324258,206.932074966102,1.36306288454376));
#3877=CARTESIAN_POINT('Ctrl Pts',(1.82520699468252,206.930747185697,1.3605842861192));
#3878=CARTESIAN_POINT('Ctrl Pts',(1.82246720558754,206.929425420875,1.35813870337283));
#3879=CARTESIAN_POINT('Ctrl Pts',(1.81969740295737,206.928073435312,1.35565108577295));
#3880=CARTESIAN_POINT('Ctrl Pts',(1.81721808743004,206.926863241213,1.35342436070805));
#3881=CARTESIAN_POINT('Ctrl Pts',(1.81471439145416,206.925628497627,1.3511635826152));
#3882=CARTESIAN_POINT('Ctrl Pts',(1.81217144249926,206.92436070892,1.34885198296374));
#3883=CARTESIAN_POINT('Ctrl Pts',(1.80943295882803,206.922995436265,1.34636263771452));
#3884=CARTESIAN_POINT('Ctrl Pts',(1.80664936181727,206.921591897015,1.34381467953092));
#3885=CARTESIAN_POINT('Ctrl Pts',(1.80384335914419,206.920160130697,1.34122723843966));
#3886=CARTESIAN_POINT('Ctrl Pts',(1.80063098799712,206.918521014365,1.33826508120936));
#3887=CARTESIAN_POINT('Ctrl Pts',(1.79738990400069,206.916844987256,1.33525167732674));
#3888=CARTESIAN_POINT('Ctrl Pts',(1.79419856046963,206.915172681536,1.33226054272567));
#3889=CARTESIAN_POINT('Ctrl Pts',(1.78937269383917,206.912643864349,1.32773742682855));
#3890=CARTESIAN_POINT('Ctrl Pts',(1.78466508236847,206.910124536765,1.32326868447496));
#3891=CARTESIAN_POINT('Ctrl Pts',(1.7804154159942,206.90781231374,1.31918851672403));
#3892=CARTESIAN_POINT('Ctrl Pts',(1.7775912840478,206.906275717139,1.31647702573221));
#3893=CARTESIAN_POINT('Ctrl Pts',(1.77497111360757,206.904832240039,1.31393924156396));
#3894=CARTESIAN_POINT('Ctrl Pts',(1.7726331532274,206.903533124855,1.3116561417105));
#3895=CARTESIAN_POINT('Ctrl Pts',(1.77057907548978,206.902391752401,1.3096502631586));
#3896=CARTESIAN_POINT('Ctrl Pts',(1.76874326095583,206.901362225479,1.30784148464288));
#3897=CARTESIAN_POINT('Ctrl Pts',(1.7671491027914,206.900463254142,1.306256827103));
#3898=CARTESIAN_POINT('Ctrl Pts',(1.76571670645279,206.899655502891,1.30483296734509));
#3899=CARTESIAN_POINT('Ctrl Pts',(1.76447950452511,206.898953269176,1.30359018013762));
#3900=CARTESIAN_POINT('Ctrl Pts',(1.76342586357515,206.898353146645,1.30252024988729));
#3901=CARTESIAN_POINT('Ctrl Pts',(1.76241568473176,206.897777778836,1.30149445366818));
#3902=CARTESIAN_POINT('Ctrl Pts',(1.76157449085634,206.897296433743,1.30062780964414));
#3903=CARTESIAN_POINT('Ctrl Pts',(1.7608615001653,206.896887541659,1.29988304610812));
#3904=CARTESIAN_POINT('Ctrl Pts',(1.76018308738544,206.896498479616,1.299174401371));
#3905=CARTESIAN_POINT('Ctrl Pts',(1.75962086561985,206.896175073282,1.29857622069236));
#3906=CARTESIAN_POINT('Ctrl Pts',(1.75910891285567,206.895880097282,1.29802605204169));
#3907=CARTESIAN_POINT('Ctrl Pts',(1.75884639229135,206.895728838667,1.29774393502866));
#3908=CARTESIAN_POINT('Ctrl Pts',(1.75859657032267,206.895584742806,1.29747393093128));
#3909=CARTESIAN_POINT('Ctrl Pts',(1.75834702408551,206.895440667218,1.29720413722739));
#3910=CARTESIAN_POINT('',(1.16307162959743,206.551758257969,1.98456895572669));
#3911=CARTESIAN_POINT('Ctrl Pts',(6.88326393045287,198.320520762465,1.42247457371562));
#3912=CARTESIAN_POINT('Ctrl Pts',(6.88244367653985,198.319864177005,1.4215714172987));
#3913=CARTESIAN_POINT('Ctrl Pts',(6.88070888349966,198.318504635023,1.41967797445636));
#3914=CARTESIAN_POINT('Ctrl Pts',(6.87075456477439,198.310481380292,1.40884018693373));
#3915=CARTESIAN_POINT('Ctrl Pts',(6.84002971794113,198.287425696211,1.37656747046262));
#3916=CARTESIAN_POINT('Ctrl Pts',(6.80559293066711,198.263919422696,1.34221902413867));
#3917=CARTESIAN_POINT('Ctrl Pts',(6.77252611455421,198.243350126446,1.31049757252783));
#3918=CARTESIAN_POINT('Ctrl Pts',(6.7612228870198,198.236877538209,1.29990262899929));
#3919=CARTESIAN_POINT('Ctrl Pts',(6.75928017708603,198.23572538551,1.29807580547779));
#3920=CARTESIAN_POINT('Ctrl Pts',(6.75834702408553,198.235186629374,1.29720413722736));
#3921=CARTESIAN_POINT('Ctrl Pts',(6.47902997980513,198.087136182243,1.88924373415971));
#3922=CARTESIAN_POINT('Ctrl Pts',(6.4782488405183,198.086502179622,1.88829541206288));
#3923=CARTESIAN_POINT('Ctrl Pts',(6.47664795601021,198.085219949768,1.88624734496643));
#3924=CARTESIAN_POINT('Ctrl Pts',(6.46738295677441,198.07759467383,1.87461359985819));
#3925=CARTESIAN_POINT('Ctrl Pts',(6.43816555966038,198.055409316249,1.84060023038472));
#3926=CARTESIAN_POINT('Ctrl Pts',(6.40615819682087,198.033305671587,1.80344652635831));
#3927=CARTESIAN_POINT('Ctrl Pts',(6.3746597527006,198.013641875328,1.76991407476321));
#3928=CARTESIAN_POINT('Ctrl Pts',(6.36414157965671,198.007622538512,1.75841262839181));
#3929=CARTESIAN_POINT('Ctrl Pts',(6.36237049204335,198.006569472007,1.75638763248455));
#3930=CARTESIAN_POINT('Ctrl Pts',(6.3614967610935,198.006065023208,1.75544734956024));
#3931=CARTESIAN_POINT('Ctrl Pts',(6.07479602915739,197.853751602021,2.3560128946038));
#3932=CARTESIAN_POINT('Ctrl Pts',(6.07405400449674,197.85314018224,2.35501940682705));
#3933=CARTESIAN_POINT('Ctrl Pts',(6.07265773893517,197.851462450941,2.35306324084493));
#3934=CARTESIAN_POINT('Ctrl Pts',(6.06414245453123,197.842943865953,2.3408050691241));
#3935=CARTESIAN_POINT('Ctrl Pts',(6.03541306196962,197.824677894593,2.30255688257071));
#3936=CARTESIAN_POINT('Ctrl Pts',(6.00655240639754,197.800358608331,2.26435542544822));
#3937=CARTESIAN_POINT('Ctrl Pts',(5.97642458750931,197.785476618177,2.22805247544623));
#3938=CARTESIAN_POINT('Ctrl Pts',(5.96697470359297,197.778841404503,2.21669680600415));
#3939=CARTESIAN_POINT('Ctrl Pts',(5.96546080700066,197.777413558503,2.21469945949131));
#3940=CARTESIAN_POINT('Ctrl Pts',(5.96464649810146,197.776943417041,2.21369056189312));
#3941=CARTESIAN_POINT('Ctrl Pts',(5.67056207850965,197.620367021799,2.82278205504789));
#3942=CARTESIAN_POINT('Ctrl Pts',(5.66985916847519,197.619778184858,2.82174340159123));
#3943=CARTESIAN_POINT('Ctrl Pts',(5.66837439955984,197.618562994372,2.81956125575732));
#3944=CARTESIAN_POINT('Ctrl Pts',(5.6599741917719,197.61143700601,2.80692893549869));
#3945=CARTESIAN_POINT('Ctrl Pts',(5.63432739180881,197.591313133655,2.76879259557276));
#3946=CARTESIAN_POINT('Ctrl Pts',(5.60615008289912,197.57142077166,2.72721632621157));
#3947=CARTESIAN_POINT('Ctrl Pts',(5.57931856247652,197.554451425054,2.68829497531019));
#3948=CARTESIAN_POINT('Ctrl Pts',(5.57011997826619,197.549193953207,2.67526979900225));
#3949=CARTESIAN_POINT('Ctrl Pts',(5.56855112195797,197.548257645,2.67301128649807));
#3950=CARTESIAN_POINT('Ctrl Pts',(5.56779623510943,197.547821810875,2.67193377422599));
#3951=CARTESIAN_POINT('',(6.75834702408553,198.235186629374,1.29720413722736));
#3952=CARTESIAN_POINT('',(6.88326393045287,198.320520762465,1.42247457371562));
#3953=CARTESIAN_POINT('Ctrl Pts',(6.75834702408553,198.235186629374,1.29720413722736));
#3954=CARTESIAN_POINT('Ctrl Pts',(6.75885450844296,198.235479625604,1.29767818382178));
#3955=CARTESIAN_POINT('Ctrl Pts',(6.75936486224082,198.23577480088,1.29815515068706));
#3956=CARTESIAN_POINT('Ctrl Pts',(6.75996244102323,198.236121301795,1.29871480160476));
#3957=CARTESIAN_POINT('Ctrl Pts',(6.76058480113424,198.236482171951,1.29929766099924));
#3958=CARTESIAN_POINT('Ctrl Pts',(6.76130161768254,198.236898615199,1.29997005496918));
#3959=CARTESIAN_POINT('Ctrl Pts',(6.76216873833575,198.237404369237,1.30078529498304));
#3960=CARTESIAN_POINT('Ctrl Pts',(6.76308102381279,198.237936465966,1.30164299756707));
#3961=CARTESIAN_POINT('Ctrl Pts',(6.76415947807669,198.23856730274,1.30265862249145));
#3962=CARTESIAN_POINT('Ctrl Pts',(6.76542899587436,198.239314200532,1.30385691792516));
#3963=CARTESIAN_POINT('Ctrl Pts',(6.76678735223771,198.240113364884,1.30513906791198));
#3964=CARTESIAN_POINT('Ctrl Pts',(6.76836414792058,198.241045276753,1.30663008150745));
#3965=CARTESIAN_POINT('Ctrl Pts',(6.77014881656285,198.242108474082,1.3083220496434));
#3966=CARTESIAN_POINT('Ctrl Pts',(6.77213131430715,198.243289525992,1.31020157110385));
#3967=CARTESIAN_POINT('Ctrl Pts',(6.77436981775209,198.244632440476,1.31232864561615));
#3968=CARTESIAN_POINT('Ctrl Pts',(6.77680681107211,198.246110022122,1.31465188449565));
#3969=CARTESIAN_POINT('Ctrl Pts',(6.78010674096658,198.248110813757,1.31779777963105));
#3970=CARTESIAN_POINT('Ctrl Pts',(6.78376923634189,198.250358498792,1.32130234326328));
#3971=CARTESIAN_POINT('Ctrl Pts',(6.78758623907118,198.252739374011,1.32497357867987));
#3972=CARTESIAN_POINT('Ctrl Pts',(6.79083229959658,198.254764121073,1.32809567557381));
#3973=CARTESIAN_POINT('Ctrl Pts',(6.79418670651608,198.256882976649,1.33133501946532));
#3974=CARTESIAN_POINT('Ctrl Pts',(6.79752596380789,198.259020801335,1.3345749107307));
#3975=CARTESIAN_POINT('Ctrl Pts',(6.80030076367291,198.260797254939,1.33726714108621));
#3976=CARTESIAN_POINT('Ctrl Pts',(6.8030645241517,198.262586196894,1.33995909357434));
#3977=CARTESIAN_POINT('Ctrl Pts',(6.8057695422042,198.264355661577,1.34260491573028));
#3978=CARTESIAN_POINT('Ctrl Pts',(6.80824043867385,198.265971977606,1.3450217397579));
#3979=CARTESIAN_POINT('Ctrl Pts',(6.81066203169284,198.267571706478,1.34739972772089));
#3980=CARTESIAN_POINT('Ctrl Pts',(6.81302455491048,198.269146629,1.34972951363173));
#3981=CARTESIAN_POINT('Ctrl Pts',(6.81529124792928,198.270657668493,1.35196479725561));
#3982=CARTESIAN_POINT('Ctrl Pts',(6.81750326009873,198.272145549617,1.35415535486244));
#3983=CARTESIAN_POINT('Ctrl Pts',(6.81968194218929,198.273623300926,1.35632265113375));
#3984=CARTESIAN_POINT('Ctrl Pts',(6.82215735867748,198.275302320538,1.35878513106509));
#3985=CARTESIAN_POINT('Ctrl Pts',(6.82459287237146,198.276970183849,1.36122064482104));
#3986=CARTESIAN_POINT('Ctrl Pts',(6.82705868052829,198.278675072392,1.36370029406475));
#3987=CARTESIAN_POINT('Ctrl Pts',(6.82928031974035,198.280211139678,1.36593440379333));
#3988=CARTESIAN_POINT('Ctrl Pts',(6.83152686845808,198.281777665903,1.36820473057646));
#3989=CARTESIAN_POINT('Ctrl Pts',(6.83381330644196,198.283386527399,1.37052694218339));
#3990=CARTESIAN_POINT('Ctrl Pts',(6.83627294425907,198.28511726167,1.37302506350921));
#3991=CARTESIAN_POINT('Ctrl Pts',(6.83877835674109,198.28689687549,1.3755829075079));
#3992=CARTESIAN_POINT('Ctrl Pts',(6.84130990489692,198.288713245716,1.37818069841));
#3993=CARTESIAN_POINT('Ctrl Pts',(6.84419203564007,198.29078115679,1.38113824555599));
#3994=CARTESIAN_POINT('Ctrl Pts',(6.84710742662865,198.292896535913,1.38414706722774));
#3995=CARTESIAN_POINT('Ctrl Pts',(6.84998667488654,198.29500950054,1.38713475879636));
#3996=CARTESIAN_POINT('Ctrl Pts',(6.85443385370359,198.298273106416,1.3917494350819));
#3997=CARTESIAN_POINT('Ctrl Pts',(6.85879082464848,198.301529764746,1.39631045132038));
#3998=CARTESIAN_POINT('Ctrl Pts',(6.86273328407156,198.304520594306,1.40046715527519));
#3999=CARTESIAN_POINT('Ctrl Pts',(6.86533346026341,198.306493140624,1.40320863248522));
#4000=CARTESIAN_POINT('Ctrl Pts',(6.86775168629491,198.308347966823,1.40577208068038));
#4001=CARTESIAN_POINT('Ctrl Pts',(6.86991411980148,198.310019460242,1.40807405453764));
#4002=CARTESIAN_POINT('Ctrl Pts',(6.87183256777115,198.311502360478,1.41011629863869));
#4003=CARTESIAN_POINT('Ctrl Pts',(6.8735492385997,198.31284040515,1.41195215538869));
#4004=CARTESIAN_POINT('Ctrl Pts',(6.87504048339786,198.31400864315,1.41355256967218));
#4005=CARTESIAN_POINT('Ctrl Pts',(6.87636175327199,198.315043723155,1.41497056568566));
#4006=CARTESIAN_POINT('Ctrl Pts',(6.87750603618111,198.315945411232,1.41620367091214));
#4007=CARTESIAN_POINT('Ctrl Pts',(6.87848265182242,198.316717416726,1.41725960326048));
#4008=CARTESIAN_POINT('Ctrl Pts',(6.87941894301901,198.317457546125,1.41827193617849));
#4009=CARTESIAN_POINT('Ctrl Pts',(6.88020089711025,198.318078277898,1.41912116680654));
#4010=CARTESIAN_POINT('Ctrl Pts',(6.8808640489141,198.318605775965,1.41984401895874));
#4011=CARTESIAN_POINT('Ctrl Pts',(6.88149470059971,198.319107422109,1.42053144516429));
#4012=CARTESIAN_POINT('Ctrl Pts',(6.88201779915815,198.319524671201,1.42110446301012));
#4013=CARTESIAN_POINT('Ctrl Pts',(6.88249145732574,198.319903050454,1.42162480802427));
#4014=CARTESIAN_POINT('Ctrl Pts',(6.88275926937581,198.320116990654,1.42191901738139));
#4015=CARTESIAN_POINT('Ctrl Pts',(6.88301179089858,198.320318933297,1.42219695058845));
#4016=CARTESIAN_POINT('Ctrl Pts',(6.88326393045286,198.320520762465,1.42247457371562));
#4017=CARTESIAN_POINT('',(5.67056207850965,197.620367021799,2.82278205504789));
#4018=CARTESIAN_POINT('Ctrl Pts',(5.67056207850965,197.620367021799,2.82278205504789));
#4019=CARTESIAN_POINT('Ctrl Pts',(6.07479602915739,197.853751602021,2.3560128946038));
#4020=CARTESIAN_POINT('Ctrl Pts',(6.47902997980513,198.087136182243,1.88924373415971));
#4021=CARTESIAN_POINT('Ctrl Pts',(6.88326393045287,198.320520762465,1.42247457371562));
#4022=CARTESIAN_POINT('',(5.56779623510943,197.547821810875,2.67193377422599));
#4023=CARTESIAN_POINT('Ctrl Pts',(5.67056207850963,197.620367021799,2.82278205504788));
#4024=CARTESIAN_POINT('Ctrl Pts',(5.6701796088249,197.620046621936,2.82221689956476));
#4025=CARTESIAN_POINT('Ctrl Pts',(5.66979462217191,197.619724643746,2.82164818553877));
#4026=CARTESIAN_POINT('Ctrl Pts',(5.6693441750277,197.61934834216,2.82098034885189));
#4027=CARTESIAN_POINT('Ctrl Pts',(5.66887503152055,197.618956421715,2.82028479278165));
#4028=CARTESIAN_POINT('Ctrl Pts',(5.66833500242457,197.618505666835,2.81948189396467));
#4029=CARTESIAN_POINT('Ctrl Pts',(5.66768160524972,197.617961727712,2.81850759092938));
#4030=CARTESIAN_POINT('Ctrl Pts',(5.66699413772327,197.617389425753,2.8174824844192));
#4031=CARTESIAN_POINT('Ctrl Pts',(5.66618132265095,197.616714094483,2.81626786042306));
#4032=CARTESIAN_POINT('Ctrl Pts',(5.66522265183427,197.615921498142,2.81483365349364));
#4033=CARTESIAN_POINT('Ctrl Pts',(5.66419679749333,197.615073356754,2.81329893753194));
#4034=CARTESIAN_POINT('Ctrl Pts',(5.66300411854294,197.614091150187,2.81151309467335));
#4035=CARTESIAN_POINT('Ctrl Pts',(5.66164924687662,197.612983695143,2.80948496829538));
#4036=CARTESIAN_POINT('Ctrl Pts',(5.66014370414887,197.61175308347,2.80723130029479));
#4037=CARTESIAN_POINT('Ctrl Pts',(5.65843815784845,197.61036820548,2.80467894741618));
#4038=CARTESIAN_POINT('Ctrl Pts',(5.65657117157213,197.608868030555,2.80188878716401));
#4039=CARTESIAN_POINT('Ctrl Pts',(5.6540341637674,197.606829474866,2.79809729794636));
#4040=CARTESIAN_POINT('Ctrl Pts',(5.65119951498589,197.604579248585,2.79386779442132));
#4041=CARTESIAN_POINT('Ctrl Pts',(5.64821913287929,197.602252555894,2.78943243522157));
#4042=CARTESIAN_POINT('Ctrl Pts',(5.64570079334442,197.600286565635,2.78568468073083));
#4043=CARTESIAN_POINT('Ctrl Pts',(5.64308110396925,197.598267979151,2.78179392304331));
#4044=CARTESIAN_POINT('Ctrl Pts',(5.6404538147087,197.596271888182,2.77789941340421));
#4045=CARTESIAN_POINT('Ctrl Pts',(5.63826753543769,197.594610855888,2.77465862609444));
#4046=CARTESIAN_POINT('Ctrl Pts',(5.63607662410365,197.592965639445,2.77141605467938));
#4047=CARTESIAN_POINT('Ctrl Pts',(5.63391943253662,197.591363935164,2.76822697036083));
#4048=CARTESIAN_POINT('Ctrl Pts',(5.63194834228954,197.58990041021,2.76531300894289));
#4049=CARTESIAN_POINT('Ctrl Pts',(5.6300057476646,197.588473321243,2.76244413229819));
#4050=CARTESIAN_POINT('Ctrl Pts',(5.62810044955167,197.587087412095,2.75963187577757));
#4051=CARTESIAN_POINT('Ctrl Pts',(5.6262693723509,197.585755491056,2.75692917074539));
#4052=CARTESIAN_POINT('Ctrl Pts',(5.62447309300903,197.584461737588,2.75427920772193));
#4053=CARTESIAN_POINT('Ctrl Pts',(5.6226946286835,197.583192711527,2.75165624659941));
#4054=CARTESIAN_POINT('Ctrl Pts',(5.62069196174876,197.581763705336,2.74870262113967));
#4055=CARTESIAN_POINT('Ctrl Pts',(5.61870941631034,197.58036410174,2.74577948372846));
#4056=CARTESIAN_POINT('Ctrl Pts',(5.61668970747884,197.578953900521,2.74280383993919));
#4057=CARTESIAN_POINT('Ctrl Pts',(5.61485702119774,197.577674282199,2.74010373710011));
#4058=CARTESIAN_POINT('Ctrl Pts',(5.61299333983112,197.576385844394,2.73735994178781));
#4059=CARTESIAN_POINT('Ctrl Pts',(5.61108463789542,197.575080562231,2.73455396133493));
#4060=CARTESIAN_POINT('Ctrl Pts',(5.60903132208389,197.573676384631,2.73153538419464));
#4061=CARTESIAN_POINT('Ctrl Pts',(5.60692609928806,197.572253006733,2.72844521901371));
#4062=CARTESIAN_POINT('Ctrl Pts',(5.60478362462705,197.570822396085,2.72530755914266));
#4063=CARTESIAN_POINT('Ctrl Pts',(5.60234470068422,197.569193835139,2.72173574850554));
#4064=CARTESIAN_POINT('Ctrl Pts',(5.59985780154192,197.567556369178,2.71810298908567));
#4065=CARTESIAN_POINT('Ctrl Pts',(5.59738141684026,197.565949230084,2.71449676431849));
#4066=CARTESIAN_POINT('Ctrl Pts',(5.59355470458315,197.563465747262,2.70892413074938));
#4067=CARTESIAN_POINT('Ctrl Pts',(5.58975502613436,197.561057664031,2.70341879577098));
#4068=CARTESIAN_POINT('Ctrl Pts',(5.58627867897663,197.558897274232,2.69840448629741));
#4069=CARTESIAN_POINT('Ctrl Pts',(5.58398759999743,197.557473474067,2.69509981662293));
#4070=CARTESIAN_POINT('Ctrl Pts',(5.58183912635263,197.556157788739,2.69201101616011));
#4071=CARTESIAN_POINT('Ctrl Pts',(5.57990635320529,197.554986494633,2.68923856467314));
#4072=CARTESIAN_POINT('Ctrl Pts',(5.57819004011382,197.553946379082,2.68677661263851));
#4073=CARTESIAN_POINT('Ctrl Pts',(5.57664440747201,197.553020278287,2.6845648315829));
#4074=CARTESIAN_POINT('Ctrl Pts',(5.57529637202869,197.552218174271,2.68263819241497));
#4075=CARTESIAN_POINT('Ctrl Pts',(5.57410290406748,197.551508040535,2.68093246417825));
#4076=CARTESIAN_POINT('Ctrl Pts',(5.5730643977297,197.550895077328,2.67945030402615));
#4077=CARTESIAN_POINT('Ctrl Pts',(5.57217560106462,197.550372781159,2.67818227837366));
#4078=CARTESIAN_POINT('Ctrl Pts',(5.571323478275,197.549872036178,2.67696657449136));
#4079=CARTESIAN_POINT('Ctrl Pts',(5.57060919379065,197.549454744029,2.67594800741632));
#4080=CARTESIAN_POINT('Ctrl Pts',(5.57000224328925,197.549101173359,2.67508220549301));
#4081=CARTESIAN_POINT('Ctrl Pts',(5.56942503803227,197.548764930372,2.67425883452539));
#4082=CARTESIAN_POINT('Ctrl Pts',(5.56894499740169,197.548486379073,2.67357375779994));
#4083=CARTESIAN_POINT('Ctrl Pts',(5.56850982553997,197.548234401683,2.67295250514152));
#4084=CARTESIAN_POINT('Ctrl Pts',(5.56826256737944,197.548091231889,2.67259951864801));
#4085=CARTESIAN_POINT('Ctrl Pts',(5.56802930639139,197.547956374642,2.67226645609358));
#4086=CARTESIAN_POINT('Ctrl Pts',(5.56779623510942,197.547821810875,2.67193377422599));
#4087=CARTESIAN_POINT('',(6.16307162959748,197.891504220124,1.98456895572668));
#4088=CARTESIAN_POINT('Ctrl Pts',(5.67056207850965,197.620367021799,2.82278205504789));
#4089=CARTESIAN_POINT('Ctrl Pts',(5.83833185872792,197.760909963756,3.07068669946099));
#4090=CARTESIAN_POINT('Ctrl Pts',(6.10331825940378,198.193989145176,3.46054859441697));
#4091=CARTESIAN_POINT('Ctrl Pts',(6.25888826791159,198.757350601357,3.64312711048139));
#4092=CARTESIAN_POINT('Ctrl Pts',(6.27461016737276,199.022656533581,3.67085466404202));
#4093=CARTESIAN_POINT('Ctrl Pts',(6.26446271817857,199.082192683602,3.67179584036354));
#4094=CARTESIAN_POINT('Ctrl Pts',(6.25896067830145,199.101139523714,3.67195310653593));
#4095=CARTESIAN_POINT('Ctrl Pts',(6.25834702408553,199.101212033158,3.67193377422599));
#4096=CARTESIAN_POINT('Ctrl Pts',(6.25834702408553,199.101212033158,3.67193377422599));
#4097=CARTESIAN_POINT('Ctrl Pts',(6.07479602915739,197.853751602021,2.3560128946038));
#4098=CARTESIAN_POINT('Ctrl Pts',(6.25190164457081,197.999684590941,2.59313744509085));
#4099=CARTESIAN_POINT('Ctrl Pts',(6.50067528458418,198.423403330628,3.00172022351238));
#4100=CARTESIAN_POINT('Ctrl Pts',(6.58874444656983,198.947793154899,3.26224200339699));
#4101=CARTESIAN_POINT('Ctrl Pts',(6.57024651357501,199.193342257643,3.32948321591783));
#4102=CARTESIAN_POINT('Ctrl Pts',(6.55431431782033,199.24953858268,3.33710404220712));
#4103=CARTESIAN_POINT('Ctrl Pts',(6.54749844593624,199.26772688153,3.3387783909053));
#4104=CARTESIAN_POINT('Ctrl Pts',(6.54702215868034,199.267878699825,3.33860044089266));
#4105=CARTESIAN_POINT('Ctrl Pts',(6.54702215868034,199.267878699825,3.33860044089266));
#4106=CARTESIAN_POINT('Ctrl Pts',(6.47902997980513,198.087136182243,1.88924373415971));
#4107=CARTESIAN_POINT('Ctrl Pts',(6.66547143041369,198.238459218127,2.1155881907207));
#4108=CARTESIAN_POINT('Ctrl Pts',(6.89803230976458,198.652817516081,2.54289185260778));
#4109=CARTESIAN_POINT('Ctrl Pts',(6.91860062522807,199.138235708441,2.8813568963126));
#4110=CARTESIAN_POINT('Ctrl Pts',(6.86588285977725,199.364027981705,2.98811176779363));
#4111=CARTESIAN_POINT('Ctrl Pts',(6.84416591746209,199.416884481759,3.00241224405069));
#4112=CARTESIAN_POINT('Ctrl Pts',(6.83603621357102,199.434314239345,3.00560367527467));
#4113=CARTESIAN_POINT('Ctrl Pts',(6.83569729327516,199.434545366492,3.00526710755932));
#4114=CARTESIAN_POINT('Ctrl Pts',(6.83569729327516,199.434545366492,3.00526710755933));
#4115=CARTESIAN_POINT('Ctrl Pts',(6.88326393045287,198.320520762465,1.42247457371562));
#4116=CARTESIAN_POINT('Ctrl Pts',(7.07904121625657,198.477233845312,1.63803893635055));
#4117=CARTESIAN_POINT('Ctrl Pts',(7.29538933494499,198.882231701533,2.08406348170319));
#4118=CARTESIAN_POINT('Ctrl Pts',(7.24845680388631,199.328678261983,2.50047178922821));
#4119=CARTESIAN_POINT('Ctrl Pts',(7.16151920597949,199.534713705767,2.64674031966943));
#4120=CARTESIAN_POINT('Ctrl Pts',(7.13401751710384,199.584230380837,2.66772044589427));
#4121=CARTESIAN_POINT('Ctrl Pts',(7.12457398120581,199.60090159716,2.67242895964404));
#4122=CARTESIAN_POINT('Ctrl Pts',(7.12437242786998,199.601212033158,2.67193377422599));
#4123=CARTESIAN_POINT('Ctrl Pts',(7.12437242786998,199.601212033158,2.67193377422599));
#4124=CARTESIAN_POINT('',(7.12437242786998,199.601212033158,2.67193377422599));
#4125=CARTESIAN_POINT('Ctrl Pts',(6.88326393045287,198.320520762465,1.42247457371562));
#4126=CARTESIAN_POINT('Ctrl Pts',(7.07904121625657,198.477233845312,1.63803893635055));
#4127=CARTESIAN_POINT('Ctrl Pts',(7.29538933494499,198.882231701533,2.08406348170319));
#4128=CARTESIAN_POINT('Ctrl Pts',(7.24845680388631,199.328678261983,2.50047178922821));
#4129=CARTESIAN_POINT('Ctrl Pts',(7.16151920597949,199.534713705767,2.64674031966943));
#4130=CARTESIAN_POINT('Ctrl Pts',(7.13401751710384,199.584230380837,2.66772044589427));
#4131=CARTESIAN_POINT('Ctrl Pts',(7.12457398120581,199.60090159716,2.67242895964404));
#4132=CARTESIAN_POINT('Ctrl Pts',(7.12437242786998,199.601212033158,2.67193377422599));
#4133=CARTESIAN_POINT('Ctrl Pts',(7.12437242786998,199.601212033158,2.67193377422599));
#4134=CARTESIAN_POINT('',(6.25834702408553,199.101212033158,3.67193377422599));
#4135=CARTESIAN_POINT('',(7.12437242786998,199.601212033158,2.67193377422599));
#4136=CARTESIAN_POINT('Ctrl Pts',(6.25834702408553,199.101212033158,3.67193377422599));
#4137=CARTESIAN_POINT('Ctrl Pts',(6.25834702408553,199.101212033158,3.67193377422599));
#4138=CARTESIAN_POINT('Ctrl Pts',(6.25896067830145,199.101139523714,3.67195310653593));
#4139=CARTESIAN_POINT('Ctrl Pts',(6.26446271817857,199.082192683602,3.67179584036354));
#4140=CARTESIAN_POINT('Ctrl Pts',(6.27461016737276,199.022656533581,3.67085466404202));
#4141=CARTESIAN_POINT('Ctrl Pts',(6.25888826791159,198.757350601357,3.64312711048139));
#4142=CARTESIAN_POINT('Ctrl Pts',(6.10331825940378,198.193989145176,3.46054859441697));
#4143=CARTESIAN_POINT('Ctrl Pts',(5.83833185872792,197.760909963756,3.07068669946099));
#4144=CARTESIAN_POINT('Ctrl Pts',(5.67056207850965,197.620367021799,2.82278205504789));
#4145=CARTESIAN_POINT('Origin',(3.44135972597632,204.98037715776,3.17193377422599));
#4146=CARTESIAN_POINT('',(3.12437242786995,206.529415263434,2.67193377422599));
#4147=CARTESIAN_POINT('',(3.87437242786853,205.23037715776,2.67193377422599));
#4148=CARTESIAN_POINT('',(2.25834702408552,206.029415263434,3.67193377422599));
#4149=CARTESIAN_POINT('',(3.12437242786995,206.529415263434,2.67193377422599));
#4150=CARTESIAN_POINT('',(3.00834702408411,204.73037715776,3.67193377422599));
#4151=CARTESIAN_POINT('Ctrl Pts',(2.25834703242689,206.029415248905,3.67193377422599));
#4152=CARTESIAN_POINT('Ctrl Pts',(2.25834664295345,206.029415928544,3.671933774226));
#4153=CARTESIAN_POINT('Ctrl Pts',(2.25836017573163,206.029589958405,3.67202332829283));
#4154=CARTESIAN_POINT('Ctrl Pts',(2.25027935215261,206.039366423065,3.67176962224085));
#4155=CARTESIAN_POINT('Ctrl Pts',(2.19969127146086,206.082252146333,3.67136539285372));
#4156=CARTESIAN_POINT('Ctrl Pts',(2.02153263674246,206.170628999241,3.64951185775227));
#4157=CARTESIAN_POINT('Ctrl Pts',(1.6887966245989,206.275335940486,3.5588900752406));
#4158=CARTESIAN_POINT('Ctrl Pts',(1.32185615971499,206.332097026909,3.38117898148543));
#4159=CARTESIAN_POINT('Ctrl Pts',(0.957804913613377,206.327854767949,3.1134829017596));
#4160=CARTESIAN_POINT('Ctrl Pts',(0.784961757539937,206.298369175314,2.94692402201379));
#4161=CARTESIAN_POINT('Ctrl Pts',(0.682005152393044,206.260801074283,2.82278205504798));
#4162=CARTESIAN_POINT('Ctrl Pts',(2.5470221670334,206.196081915579,3.33860044087915));
#4163=CARTESIAN_POINT('Ctrl Pts',(2.54702177683097,206.196082594796,3.33860044172093));
#4164=CARTESIAN_POINT('Ctrl Pts',(2.54703265940001,206.196255094559,3.33869305598567));
#4165=CARTESIAN_POINT('Ctrl Pts',(2.53948769196136,206.206340935905,3.33782059655992));
#4166=CARTESIAN_POINT('Ctrl Pts',(2.4952399195015,206.252887237838,3.33009520984393));
#4167=CARTESIAN_POINT('Ctrl Pts',(2.34255627132171,206.355972081082,3.27882569407115));
#4168=CARTESIAN_POINT('Ctrl Pts',(2.05173086177179,206.484876120016,3.13980971618079));
#4169=CARTESIAN_POINT('Ctrl Pts',(1.71703198206863,206.560251894322,2.9248692466592));
#4170=CARTESIAN_POINT('Ctrl Pts',(1.36732866298519,206.564293414889,2.64060560788086));
#4171=CARTESIAN_POINT('Ctrl Pts',(1.19387076761279,206.534452902354,2.47475656793453));
#4172=CARTESIAN_POINT('Ctrl Pts',(1.08623910304078,206.494185654505,2.35601289460385));
#4173=CARTESIAN_POINT('Ctrl Pts',(2.83569730163991,206.362748582252,3.00526710753231));
#4174=CARTESIAN_POINT('Ctrl Pts',(2.83569691070849,206.362749261049,3.00526710921585));
#4175=CARTESIAN_POINT('Ctrl Pts',(2.83570514306839,206.362920230713,3.00536278367852));
#4176=CARTESIAN_POINT('Ctrl Pts',(2.82869603177011,206.373315448746,3.00387157087898));
#4177=CARTESIAN_POINT('Ctrl Pts',(2.79078856754213,206.423522329343,2.98882502683415));
#4178=CARTESIAN_POINT('Ctrl Pts',(2.66357990590096,206.541315162922,2.90813953039002));
#4179=CARTESIAN_POINT('Ctrl Pts',(2.41466509894467,206.694416299546,2.72072935712099));
#4180=CARTESIAN_POINT('Ctrl Pts',(2.11220780442228,206.788406761736,2.46855951183297));
#4181=CARTESIAN_POINT('Ctrl Pts',(1.77685241235699,206.800732061828,2.16772831400213));
#4182=CARTESIAN_POINT('Ctrl Pts',(1.60277977768564,206.770536629394,2.00258911385527));
#4183=CARTESIAN_POINT('Ctrl Pts',(1.49047305368852,206.727570234727,1.88924373415973));
#4184=CARTESIAN_POINT('Ctrl Pts',(3.12437243624641,206.529415248925,2.67193377418548));
#4185=CARTESIAN_POINT('Ctrl Pts',(3.12437204458601,206.529415927301,2.67193377671078));
#4186=CARTESIAN_POINT('Ctrl Pts',(3.12437762673678,206.529585366866,2.67203251137136));
#4187=CARTESIAN_POINT('Ctrl Pts',(3.11790437157887,206.540289961586,2.66992254519804));
#4188=CARTESIAN_POINT('Ctrl Pts',(3.08633721558277,206.594157420847,2.64755484382436));
#4189=CARTESIAN_POINT('Ctrl Pts',(2.9846035404802,206.726658244763,2.5374533667089));
#4190=CARTESIAN_POINT('Ctrl Pts',(2.77759933611756,206.903956479076,2.30164899806118));
#4191=CARTESIAN_POINT('Ctrl Pts',(2.50738362677592,207.016561629149,2.01224977700674));
#4192=CARTESIAN_POINT('Ctrl Pts',(2.1863761617288,207.037170708767,1.69485102012339));
#4193=CARTESIAN_POINT('Ctrl Pts',(2.01168878775849,207.006620356433,1.530421659776));
#4194=CARTESIAN_POINT('Ctrl Pts',(1.89470700433625,206.960954814949,1.4224745737156));
#4195=CARTESIAN_POINT('Ctrl Pts',(0.682005152393044,206.260801074283,2.82278205504798));
#4196=CARTESIAN_POINT('Ctrl Pts',(0.784961757539937,206.298369175314,2.94692402201379));
#4197=CARTESIAN_POINT('Ctrl Pts',(0.957804913613377,206.327854767949,3.1134829017596));
#4198=CARTESIAN_POINT('Ctrl Pts',(1.32185615971499,206.332097026909,3.38117898148543));
#4199=CARTESIAN_POINT('Ctrl Pts',(1.6887966245989,206.275335940486,3.5588900752406));
#4200=CARTESIAN_POINT('Ctrl Pts',(2.02153263674246,206.170628999241,3.64951185775227));
#4201=CARTESIAN_POINT('Ctrl Pts',(2.19969127146086,206.082252146333,3.67136539285372));
#4202=CARTESIAN_POINT('Ctrl Pts',(2.25027935215261,206.039366423065,3.67176962224085));
#4203=CARTESIAN_POINT('Ctrl Pts',(2.25835034949948,206.029601846527,3.67202301978782));
#4204=CARTESIAN_POINT('Ctrl Pts',(2.25834668479924,206.029416802903,3.67193420853484));
#4205=CARTESIAN_POINT('Ctrl Pts',(2.25834702713416,206.029415265076,3.67193377739265));
#4206=CARTESIAN_POINT('Ctrl Pts',(3.12437243066358,206.529415264929,2.67193377768713));
#4207=CARTESIAN_POINT('Ctrl Pts',(3.12437205256118,206.529416782107,2.67193425013086));
#4208=CARTESIAN_POINT('Ctrl Pts',(3.12436975528389,206.529598383611,2.67202994566077));
#4209=CARTESIAN_POINT('Ctrl Pts',(3.11790437157887,206.540289961586,2.66992254519804));
#4210=CARTESIAN_POINT('Ctrl Pts',(3.08633721558277,206.594157420847,2.64755484382436));
#4211=CARTESIAN_POINT('Ctrl Pts',(2.9846035404802,206.726658244763,2.5374533667089));
#4212=CARTESIAN_POINT('Ctrl Pts',(2.77759933611756,206.903956479076,2.30164899806118));
#4213=CARTESIAN_POINT('Ctrl Pts',(2.50738362677592,207.016561629149,2.01224977700674));
#4214=CARTESIAN_POINT('Ctrl Pts',(2.1863761617288,207.037170708767,1.69485102012339));
#4215=CARTESIAN_POINT('Ctrl Pts',(2.01168878775849,207.006620356433,1.530421659776));
#4216=CARTESIAN_POINT('Ctrl Pts',(1.89470700433625,206.960954814949,1.4224745737156));
#4217=CARTESIAN_POINT('Origin',(-19.0262626667423,194.895440667218,30.671933774226));
#4218=CARTESIAN_POINT('',(1.75834702408551,206.895440667218,-1.32806622577402));
#4219=CARTESIAN_POINT('',(1.75834702408553,206.895440667218,15.921933774226));
#4220=CARTESIAN_POINT('',(-8.63395782132905,200.895440667218,-1.32806622577402));
#4221=CARTESIAN_POINT('',(-6.03588160997575,202.395440667218,-1.32806622577402));
#4222=CARTESIAN_POINT('',(-8.63395782132908,200.895440667218,28.671933774226));
#4223=CARTESIAN_POINT('',(-8.63395782132905,200.895440667218,33.171933774226));
#4224=CARTESIAN_POINT('',(-12.0980594364668,198.895440667218,32.671933774226));
#4225=CARTESIAN_POINT('Origin',(-12.0980594364668,198.895440667218,28.671933774226));
#4226=CARTESIAN_POINT('',(-17.0166436935633,196.055694722351,32.671933774226));
#4227=CARTESIAN_POINT('',(-19.0262626667423,194.895440667218,32.671933774226));
#4228=CARTESIAN_POINT('',(-17.0166436935633,196.055694722351,34.671933774226));
#4229=CARTESIAN_POINT('',(-17.0166436935633,196.055694722351,30.671933774226));
#4230=CARTESIAN_POINT('',(-6.9019070137602,201.895440667218,34.671933774226));
#4231=CARTESIAN_POINT('',(-25.5214532919115,191.145440611338,34.671933774226));
#4232=CARTESIAN_POINT('',(-6.90190701376019,201.895440667218,8.67193377422599));
#4233=CARTESIAN_POINT('',(-6.90190701376019,201.895440667218,30.671933774226));
#4234=CARTESIAN_POINT('',(-1.70575459105357,204.895440667218,2.671933774226));
#4235=CARTESIAN_POINT('Origin',(-1.70575459105357,204.895440667218,8.67193377422599));
#4236=CARTESIAN_POINT('',(-12.5310721383584,198.645440667218,2.671933774226));
#4237=CARTESIAN_POINT('Origin',(2.25834702408553,206.029415263434,15.921933774226));
#4238=CARTESIAN_POINT('',(3.12437242786996,206.529415263434,-1.32806622577401));
#4239=CARTESIAN_POINT('',(3.12437242786996,206.529415263434,15.921933774226));
#4240=CARTESIAN_POINT('Origin',(2.25834702408551,206.029415263434,-1.32806622577403));
#4241=CARTESIAN_POINT('Origin',(5.12437242786856,203.065313648299,1.17193377422599));
#4242=CARTESIAN_POINT('',(7.12437242786996,199.601212033158,-1.32806622577401));
#4243=CARTESIAN_POINT('',(7.12437242786997,199.601212033158,15.921933774226));
#4244=CARTESIAN_POINT('',(7.6243724278686,198.735186629376,-1.32806622577401));
#4245=CARTESIAN_POINT('Origin',(6.25834702408554,199.101212033158,15.921933774226));
#4246=CARTESIAN_POINT('',(6.75834702408552,198.235186629374,-1.32806622577402));
#4247=CARTESIAN_POINT('',(6.75834702408554,198.235186629374,15.921933774226));
#4248=CARTESIAN_POINT('Origin',(6.25834702408552,199.101212033158,-1.32806622577403));
#4249=CARTESIAN_POINT('Origin',(-6.4019070137602,201.029415263433,30.671933774226));
#4250=CARTESIAN_POINT('',(-6.14308796865766,201.995341089722,34.9648269930394));
#4251=CARTESIAN_POINT('',(-5.53588160997577,201.529415263433,34.671933774226));
#4252=CARTESIAN_POINT('Origin',(-6.4019070137602,201.029415263433,35.671933774226));
#4253=CARTESIAN_POINT('',(-5.53588160997577,201.529415263433,30.671933774226));
#4254=CARTESIAN_POINT('Origin',(-6.4019070137602,201.029415263433,8.67193377422599));
#4255=CARTESIAN_POINT('Origin',(-6.4019070137602,201.029415263433,35.6719337742259));
#4256=CARTESIAN_POINT('Origin',(-1.20575459105356,204.029415263433,8.67193377422599));
#4257=CARTESIAN_POINT('Origin',(-1.20575459105357,204.029415263433,2.671933774226));
#4258=CARTESIAN_POINT('Origin',(-12.0310721383584,197.779415263434,2.671933774226));
#4259=CARTESIAN_POINT('',(-12.0310721383584,197.779415263434,3.67193377422601));
#4260=CARTESIAN_POINT('Origin',(-6.03588160997585,202.395440667221,3.671933774226));
#4261=CARTESIAN_POINT('',(-8.40253830391268,190.63674594248,3.67193377422601));
#4262=CARTESIAN_POINT('Origin',(-1.03588160997575,193.735186629373,30.671933774226));
#4263=CARTESIAN_POINT('',(-1.53588160997575,194.601212033158,34.671933774226));
#4264=CARTESIAN_POINT('',(-2.28588160997574,195.900250138834,34.671933774226));
#4265=CARTESIAN_POINT('',(-1.53588160997574,194.601212033158,30.671933774226));
#4266=CARTESIAN_POINT('Origin',(-2.71889431186796,195.650250138834,35.171933774226));
#4267=CARTESIAN_POINT('',(-6.40190701376019,201.029415263433,35.671933774226));
#4268=CARTESIAN_POINT('',(-6.40190701376018,201.029415263433,35.671933774226));
#4269=CARTESIAN_POINT('',(-2.40190701376019,194.101212033158,35.671933774226));
#4270=CARTESIAN_POINT('',(-3.15190701376018,195.400250138834,35.671933774226));
#4271=CARTESIAN_POINT('',(-1.4359811874711,193.842392988055,34.9648269930394));
#4272=CARTESIAN_POINT('',(-1.03588160997575,193.735186629373,34.671933774226));
#4273=CARTESIAN_POINT('Origin',(-2.40190701376018,194.101212033158,35.671933774226));
#4274=CARTESIAN_POINT('Origin',(-25.2714532919115,190.712427909446,35.171933774226));
#4275=CARTESIAN_POINT('',(-16.5166436935633,195.189669318567,35.671933774226));
#4276=CARTESIAN_POINT('',(-17.0166436935633,196.055694722351,34.671933774226));
#4277=CARTESIAN_POINT('',(-25.0214532919115,190.279415207554,35.671933774226));
#4278=CARTESIAN_POINT('Origin',(-2.40190701376018,194.101212033158,30.671933774226));
#4279=CARTESIAN_POINT('',(-1.90190701376018,193.235186629373,34.671933774226));
#4280=CARTESIAN_POINT('Origin',(-2.40190701376018,194.101212033158,35.671933774226));
#4281=CARTESIAN_POINT('',(-1.90190701376018,193.235186629373,8.67193377422599));
#4282=CARTESIAN_POINT('',(-1.90190701376018,193.235186629373,30.671933774226));
#4283=CARTESIAN_POINT('Origin',(-2.40190701376018,194.101212033158,8.67193377422599));
#4284=CARTESIAN_POINT('Origin',(2.79424540894645,197.101212033158,8.67193377422599));
#4285=CARTESIAN_POINT('',(3.29424540894644,196.235186629373,2.67193377422599));
#4286=CARTESIAN_POINT('Origin',(2.79424540894645,197.101212033158,2.67193377422599));
#4287=CARTESIAN_POINT('Origin',(3.29424540894644,196.235186629373,8.67193377422599));
#4288=CARTESIAN_POINT('Origin',(-8.40253830391268,190.63674594248,2.67193377422601));
#4289=CARTESIAN_POINT('',(-7.90253830391269,189.770720538696,2.67193377422601));
#4290=CARTESIAN_POINT('Origin',(-5.70094511943684,196.815313648295,-1.32806622577402));
#4291=CARTESIAN_POINT('',(-3.63395782132906,192.235186629373,-1.32806622577402));
#4292=CARTESIAN_POINT('',(-5.36600862889794,191.235186629373,-1.32806622577402));
#4293=CARTESIAN_POINT('',(-6.36600862889793,192.967237436942,-1.32806622577402));
#4294=CARTESIAN_POINT('Origin',(-4.63395782132905,193.967237436942,-1.32806622577402));
#4295=CARTESIAN_POINT('',(-9.36600862889794,198.163389859649,-1.32806622577402));
#4296=CARTESIAN_POINT('',(-10.3660086288979,199.895440667218,-1.32806622577402));
#4297=CARTESIAN_POINT('Origin',(-7.63395782132905,199.163389859649,-1.32806622577402));
#4298=CARTESIAN_POINT('Origin',(-14.7691949978509,185.806254448018,30.671933774226));
#4299=CARTESIAN_POINT('',(-12.0166436935633,187.395440684507,34.671933774226));
#4300=CARTESIAN_POINT('',(-20.8929194574658,182.270720482816,34.671933774226));
#4301=CARTESIAN_POINT('',(-12.0166436935633,187.395440684507,32.671933774226));
#4302=CARTESIAN_POINT('',(-12.0166436935633,187.395440684507,30.671933774226));
#4303=CARTESIAN_POINT('',(-7.09805943646682,190.235186629373,32.671933774226));
#4304=CARTESIAN_POINT('',(-14.3977288322966,186.020720538696,32.671933774226));
#4305=CARTESIAN_POINT('',(-3.63395782132904,192.235186629373,28.671933774226));
#4306=CARTESIAN_POINT('Origin',(-7.09805943646681,190.235186629373,28.671933774226));
#4307=CARTESIAN_POINT('',(-3.63395782132904,192.235186629373,33.171933774226));
#4308=CARTESIAN_POINT('Origin',(-21.1429194574658,182.703733184708,35.171933774226));
#4309=CARTESIAN_POINT('',(-12.5166436935633,188.261466088291,35.671933774226));
#4310=CARTESIAN_POINT('',(-21.3929194574658,183.136745886601,35.671933774226));
#4311=CARTESIAN_POINT('',(-12.0166436935633,187.395440684507,34.671933774226));
#4312=CARTESIAN_POINT('Ctrl Pts',(-24.5280869909641,145.314772513533,2.82278205504796));
#4313=CARTESIAN_POINT('Ctrl Pts',(-24.5277707937798,145.316574334422,2.82070991398793));
#4314=CARTESIAN_POINT('Ctrl Pts',(-24.5271538465009,145.320104342157,2.81660422259521));
#4315=CARTESIAN_POINT('Ctrl Pts',(-24.5241978979995,145.33751631285,2.79573429863957));
#4316=CARTESIAN_POINT('Ctrl Pts',(-24.5206538720369,145.363780517015,2.7635888094812));
#4317=CARTESIAN_POINT('Ctrl Pts',(-24.5177095951433,145.394189194566,2.72555387140205));
#4318=CARTESIAN_POINT('Ctrl Pts',(-24.5164558083559,145.430714127357,2.68203884201962));
#4319=CARTESIAN_POINT('Ctrl Pts',(-24.5166439170807,145.438118134907,2.67398821621789));
#4320=CARTESIAN_POINT('Ctrl Pts',(-24.5166439170807,145.440042950021,2.67193377422599));
#4321=CARTESIAN_POINT('Ctrl Pts',(-24.5280869909641,144.848003353088,2.35601289460384));
#4322=CARTESIAN_POINT('Ctrl Pts',(-24.5277707937798,144.849895280701,2.35403086026734));
#4323=CARTESIAN_POINT('Ctrl Pts',(-24.5271538465009,144.853773570703,2.35027345114149));
#4324=CARTESIAN_POINT('Ctrl Pts',(-24.5241978979995,144.872334489382,2.3305524751712));
#4325=CARTESIAN_POINT('Ctrl Pts',(-24.5206538720369,144.900226164072,2.30003445653822));
#4326=CARTESIAN_POINT('Ctrl Pts',(-24.5177095951433,144.933272090575,2.26463676741039));
#4327=CARTESIAN_POINT('Ctrl Pts',(-24.5164558083559,144.971851735781,2.22317645044373));
#4328=CARTESIAN_POINT('Ctrl Pts',(-24.5166439170807,144.979831713615,2.21570179492548));
#4329=CARTESIAN_POINT('Ctrl Pts',(-24.5166439170807,144.981799737688,2.21369056189313));
#4330=CARTESIAN_POINT('Ctrl Pts',(-24.5280869909641,144.381234192644,1.88924373415972));
#4331=CARTESIAN_POINT('Ctrl Pts',(-24.5277707937798,144.383216226981,1.88735180654674));
#4332=CARTESIAN_POINT('Ctrl Pts',(-24.5261123222248,144.386910836342,1.88347351654494));
#4333=CARTESIAN_POINT('Ctrl Pts',(-24.5236037462863,144.407702132925,1.8649125978665));
#4334=CARTESIAN_POINT('Ctrl Pts',(-24.5222732161046,144.439432190982,1.8370209231761));
#4335=CARTESIAN_POINT('Ctrl Pts',(-24.5164052659631,144.474425463549,1.80397499667344));
#4336=CARTESIAN_POINT('Ctrl Pts',(-24.5186472199974,144.514768003314,1.76539535146731));
#4337=CARTESIAN_POINT('Ctrl Pts',(-24.5166439170807,144.521545292323,1.75741537363308));
#4338=CARTESIAN_POINT('Ctrl Pts',(-24.5166439170807,144.523556525355,1.75544734956026));
#4339=CARTESIAN_POINT('Ctrl Pts',(-24.5280869909641,143.9144650322,1.4224745737156));
#4340=CARTESIAN_POINT('Ctrl Pts',(-24.5277707937798,143.91653717326,1.42067275282615));
#4341=CARTESIAN_POINT('Ctrl Pts',(-24.5271538465009,143.920642864653,1.41714274509122));
#4342=CARTESIAN_POINT('Ctrl Pts',(-24.5241978979995,143.941512788609,1.39973077439814));
#4343=CARTESIAN_POINT('Ctrl Pts',(-24.5206538720369,143.973658277767,1.37346657023311));
#4344=CARTESIAN_POINT('Ctrl Pts',(-24.5177095951433,144.011693215846,1.34305789268177));
#4345=CARTESIAN_POINT('Ctrl Pts',(-24.5164558083559,144.055208245229,1.30653295989142));
#4346=CARTESIAN_POINT('Ctrl Pts',(-24.5166439170807,144.06325887103,1.29912895234068));
#4347=CARTESIAN_POINT('Ctrl Pts',(-24.5166439170807,144.065313313022,1.2972041372274));
#4348=CARTESIAN_POINT('',(-24.5166439170807,145.440042950021,2.671933774226));
#4349=CARTESIAN_POINT('',(-24.5280869909641,145.314772513533,2.82278205504796));
#4350=CARTESIAN_POINT('Ctrl Pts',(-24.5166439170807,145.440042950021,2.67193377422598));
#4351=CARTESIAN_POINT('Ctrl Pts',(-24.5166439170807,145.439515557305,2.67249668426035));
#4352=CARTESIAN_POINT('Ctrl Pts',(-24.5166443326608,145.438985186742,2.67306311810519));
#4353=CARTESIAN_POINT('Ctrl Pts',(-24.5166455296553,145.438371770615,2.67372964355145));
#4354=CARTESIAN_POINT('Ctrl Pts',(-24.516646776669,145.437732721495,2.6744240212847));
#4355=CARTESIAN_POINT('Ctrl Pts',(-24.5166488629454,145.437003696993,2.6752268516428));
#4356=CARTESIAN_POINT('Ctrl Pts',(-24.5166530297655,145.436131681301,2.67620288263499));
#4357=CARTESIAN_POINT('Ctrl Pts',(-24.5166574156988,145.435213810458,2.67723023844671));
#4358=CARTESIAN_POINT('Ctrl Pts',(-24.51666410471,145.434137715212,2.6784492601219));
#4359=CARTESIAN_POINT('Ctrl Pts',(-24.5166755706723,145.43287960348,2.6798902923845));
#4360=CARTESIAN_POINT('Ctrl Pts',(-24.5166878492915,145.431532322324,2.68143345867397));
#4361=CARTESIAN_POINT('Ctrl Pts',(-24.5167056450127,145.429976590815,2.68323090117266));
#4362=CARTESIAN_POINT('Ctrl Pts',(-24.5167328954128,145.428222081946,2.68527351736498));
#4363=CARTESIAN_POINT('Ctrl Pts',(-24.5167632591597,145.426267121169,2.68754950160921));
#4364=CARTESIAN_POINT('Ctrl Pts',(-24.5168054878921,145.424065814448,2.69012937949705));
#4365=CARTESIAN_POINT('Ctrl Pts',(-24.5168648014027,145.42167287451,2.69295090662342));
#4366=CARTESIAN_POINT('Ctrl Pts',(-24.5169473948623,145.418340730012,2.69687985441708));
#4367=CARTESIAN_POINT('Ctrl Pts',(-24.5170638540688,145.414638214045,2.70127612339122));
#4368=CARTESIAN_POINT('Ctrl Pts',(-24.5172204613417,145.410782670832,2.70588603657657));
#4369=CARTESIAN_POINT('Ctrl Pts',(-24.5173467415358,145.407673755542,2.70960323770703));
#4370=CARTESIAN_POINT('Ctrl Pts',(-24.5174988531387,145.404468540903,2.7134555054426));
#4371=CARTESIAN_POINT('Ctrl Pts',(-24.5176740964761,145.401276309497,2.71731325771006));
#4372=CARTESIAN_POINT('Ctrl Pts',(-24.5178215025752,145.39859116103,2.72055820967979));
#4373=CARTESIAN_POINT('Ctrl Pts',(-24.517985060972,145.39591581831,2.72380628630426));
#4374=CARTESIAN_POINT('Ctrl Pts',(-24.5181615357944,145.393292752943,2.72700585663574));
#4375=CARTESIAN_POINT('Ctrl Pts',(-24.5183231602317,145.390890418956,2.72993618260045));
#4376=CARTESIAN_POINT('Ctrl Pts',(-24.5184954807771,145.388532273,2.73282542040854));
#4377=CARTESIAN_POINT('Ctrl Pts',(-24.518676788589,145.386224217135,2.73566453955992));
#4378=CARTESIAN_POINT('Ctrl Pts',(-24.5188551140442,145.383954126792,2.73845695765775));
#4379=CARTESIAN_POINT('Ctrl Pts',(-24.5190419871267,145.381733015562,2.74120028601592));
#4380=CARTESIAN_POINT('Ctrl Pts',(-24.5192386195482,145.379532925834,2.74392455456759));
#4381=CARTESIAN_POINT('Ctrl Pts',(-24.5194410379467,145.377268097706,2.74672898566234));
#4382=CARTESIAN_POINT('Ctrl Pts',(-24.5196540625531,145.375021348152,2.74951811994302));
#4383=CARTESIAN_POINT('Ctrl Pts',(-24.5198829559307,145.372735562735,2.7523550794093));
#4384=CARTESIAN_POINT('Ctrl Pts',(-24.5201056966699,145.370511219075,2.75511578159821));
#4385=CARTESIAN_POINT('Ctrl Pts',(-24.5203435958266,145.368249846094,2.75792182006179));
#4386=CARTESIAN_POINT('Ctrl Pts',(-24.5205991804576,145.365936570035,2.76078692636672));
#4387=CARTESIAN_POINT('Ctrl Pts',(-24.520874674078,145.363443099303,2.7638752126464));
#4388=CARTESIAN_POINT('Ctrl Pts',(-24.5211708173584,145.360889649467,2.76703171704005));
#4389=CARTESIAN_POINT('Ctrl Pts',(-24.5214864449861,145.358297349812,2.77022724163045));
#4390=CARTESIAN_POINT('Ctrl Pts',(-24.5218491541265,145.355318362243,2.7738994359351));
#4391=CARTESIAN_POINT('Ctrl Pts',(-24.5222377696098,145.352288571872,2.77762250051553));
#4392=CARTESIAN_POINT('Ctrl Pts',(-24.5226424714904,145.349284843441,2.78130070782335));
#4393=CARTESIAN_POINT('Ctrl Pts',(-24.5232511701746,145.344767035071,2.78683297751463));
#4394=CARTESIAN_POINT('Ctrl Pts',(-24.5238970096135,145.340311914074,2.79225873931945));
#4395=CARTESIAN_POINT('Ctrl Pts',(-24.5245171513614,145.336257244954,2.79717147119992));
#4396=CARTESIAN_POINT('Ctrl Pts',(-24.5249254689912,145.333587544211,2.80040614302184));
#4397=CARTESIAN_POINT('Ctrl Pts',(-24.525321716664,145.33109335848,2.80341640435527));
#4398=CARTESIAN_POINT('Ctrl Pts',(-24.5256863956124,145.328853593251,2.80610974318276));
#4399=CARTESIAN_POINT('Ctrl Pts',(-24.5260106242515,145.326862263522,2.80850433597778));
#4400=CARTESIAN_POINT('Ctrl Pts',(-24.5263096529882,145.325072595051,2.81064780727407));
#4401=CARTESIAN_POINT('Ctrl Pts',(-24.5265740558731,145.323511663526,2.8125099810616));
#4402=CARTESIAN_POINT('Ctrl Pts',(-24.5268099720285,145.322118906543,2.81417152450901));
#4403=CARTESIAN_POINT('Ctrl Pts',(-24.5270182547968,145.320908339933,2.81560904065953));
#4404=CARTESIAN_POINT('Ctrl Pts',(-24.5271976997595,145.319871598805,2.81683437128734));
#4405=CARTESIAN_POINT('Ctrl Pts',(-24.5273698377807,145.318877073445,2.8180098068437));
#4406=CARTESIAN_POINT('Ctrl Pts',(-24.5275153802227,145.318042761477,2.81898968997382));
#4407=CARTESIAN_POINT('Ctrl Pts',(-24.5276395327083,145.317331620553,2.81981997267655));
#4408=CARTESIAN_POINT('Ctrl Pts',(-24.5277576981228,145.316654773355,2.82061021621702));
#4409=CARTESIAN_POINT('Ctrl Pts',(-24.5278564758124,145.316089619457,2.82126480681998));
#4410=CARTESIAN_POINT('Ctrl Pts',(-24.5279465939607,145.315574275442,2.82185909982287));
#4411=CARTESIAN_POINT('Ctrl Pts',(-24.5279949533938,145.315297730208,2.82217801086667));
#4412=CARTESIAN_POINT('Ctrl Pts',(-24.5280409283253,145.31503499729,2.82248019187514));
#4413=CARTESIAN_POINT('Ctrl Pts',(-24.5280869909641,145.314772513533,2.82278205504795));
#4414=CARTESIAN_POINT('',(-24.5280869909641,143.9144650322,1.4224745737156));
#4415=CARTESIAN_POINT('Ctrl Pts',(-24.5280869909641,143.9144650322,1.4224745737156));
#4416=CARTESIAN_POINT('Ctrl Pts',(-24.5280869909641,144.381234192644,1.88924373415972));
#4417=CARTESIAN_POINT('Ctrl Pts',(-24.5280869909641,144.848003353088,2.35601289460384));
#4418=CARTESIAN_POINT('Ctrl Pts',(-24.5280869909641,145.314772513533,2.82278205504796));
#4419=CARTESIAN_POINT('',(-24.5166439170807,144.065313313022,1.2972041372274));
#4420=CARTESIAN_POINT('Ctrl Pts',(-24.5280869909641,143.9144650322,1.4224745737156));
#4421=CARTESIAN_POINT('Ctrl Pts',(-24.5280010293322,143.915028366208,1.42198472917653));
#4422=CARTESIAN_POINT('Ctrl Pts',(-24.527914952254,143.915595278805,1.42149194241202));
#4423=CARTESIAN_POINT('Ctrl Pts',(-24.5278143395847,143.916262762305,1.420916183245));
#4424=CARTESIAN_POINT('Ctrl Pts',(-24.5277095755573,143.916957786701,1.4203166678009));
#4425=CARTESIAN_POINT('Ctrl Pts',(-24.5275890693056,143.917761675442,1.41962734361861));
#4426=CARTESIAN_POINT('Ctrl Pts',(-24.5274441422333,143.918739763424,1.41879490079449));
#4427=CARTESIAN_POINT('Ctrl Pts',(-24.5272917142955,143.919768473462,1.41791937394422));
#4428=CARTESIAN_POINT('Ctrl Pts',(-24.5271123040459,143.920989656532,1.41688572560499));
#4429=CARTESIAN_POINT('Ctrl Pts',(-24.5269037294435,143.922434479824,1.41566947012686));
#4430=CARTESIAN_POINT('Ctrl Pts',(-24.5266806826275,143.923979554015,1.41436882321789));
#4431=CARTESIAN_POINT('Ctrl Pts',(-24.5264243702173,143.925780075682,1.4128596210045));
#4432=CARTESIAN_POINT('Ctrl Pts',(-24.526140094436,143.927828123542,1.41115026693539));
#4433=CARTESIAN_POINT('Ctrl Pts',(-24.5258248080511,143.930099585441,1.40925444569291));
#4434=CARTESIAN_POINT('Ctrl Pts',(-24.5254753246821,143.932675054852,1.40711285347407));
#4435=CARTESIAN_POINT('Ctrl Pts',(-24.5251061715654,143.935494596273,1.40477740111987));
#4436=CARTESIAN_POINT('Ctrl Pts',(-24.5246138360088,143.939254988457,1.40166263333705));
#4437=CARTESIAN_POINT('Ctrl Pts',(-24.5240872838784,143.9434485222,1.39820408312145));
#4438=CARTESIAN_POINT('Ctrl Pts',(-24.5235659881897,143.947855971193,1.39458610596268));
#4439=CARTESIAN_POINT('Ctrl Pts',(-24.5231085178691,143.951723789683,1.3914110995186));
#4440=CARTESIAN_POINT('Ctrl Pts',(-24.522655555234,143.955752235345,1.38811671232941));
#4441=CARTESIAN_POINT('Ctrl Pts',(-24.5222270085078,143.959790746979,1.38482655704181));
#4442=CARTESIAN_POINT('Ctrl Pts',(-24.5218738556976,143.963118766178,1.38211523639734));
#4443=CARTESIAN_POINT('Ctrl Pts',(-24.5215371662218,143.966452751623,1.37940745945161));
#4444=CARTESIAN_POINT('Ctrl Pts',(-24.5212222394729,143.969732542213,1.37675078260471));
#4445=CARTESIAN_POINT('Ctrl Pts',(-24.5209350427129,143.972723540069,1.37432803196305));
#4446=CARTESIAN_POINT('Ctrl Pts',(-24.520665862631,143.975669023102,1.37194812927136));
#4447=CARTESIAN_POINT('Ctrl Pts',(-24.5204146536549,143.978553560291,1.36962099956687));
#4448=CARTESIAN_POINT('Ctrl Pts',(-24.5201741825683,143.981314798376,1.367393342668));
#4449=CARTESIAN_POINT('Ctrl Pts',(-24.5199501157338,143.984019758864,1.36521439416237));
#4450=CARTESIAN_POINT('Ctrl Pts',(-24.5197395056817,143.986690195982,1.36306269115858));
#4451=CARTESIAN_POINT('Ctrl Pts',(-24.519496890635,143.989766441485,1.36058400830661));
#4452=CARTESIAN_POINT('Ctrl Pts',(-24.5192716748155,143.992800472154,1.35813835422659));
#4453=CARTESIAN_POINT('Ctrl Pts',(-24.5190576336562,143.99587551983,1.35565067531132));
#4454=CARTESIAN_POINT('Ctrl Pts',(-24.518866035363,143.998628139412,1.35342383709095));
#4455=CARTESIAN_POINT('Ctrl Pts',(-24.5186835154664,144.001414080085,1.35116295275132));
#4456=CARTESIAN_POINT('Ctrl Pts',(-24.518509994218,144.004250459906,1.34885125413652));
#4457=CARTESIAN_POINT('Ctrl Pts',(-24.5183231282491,144.007304972642,1.34636177342364));
#4458=CARTESIAN_POINT('Ctrl Pts',(-24.5181468540787,144.010417599394,1.3438136869357));
#4459=CARTESIAN_POINT('Ctrl Pts',(-24.5179838286835,144.013563647877,1.34122612985204));
#4460=CARTESIAN_POINT('Ctrl Pts',(-24.5177971818861,144.017165539923,1.33826365126103));
#4461=CARTESIAN_POINT('Ctrl Pts',(-24.5176281547621,144.020810633487,1.33524993563012));
#4462=CARTESIAN_POINT('Ctrl Pts',(-24.5174807811214,144.024410651251,1.33225852485741));
#4463=CARTESIAN_POINT('Ctrl Pts',(-24.5172579807226,144.029853180795,1.3277360911989));
#4464=CARTESIAN_POINT('Ctrl Pts',(-24.5170860776725,144.035188282417,1.32326809104807));
#4465=CARTESIAN_POINT('Ctrl Pts',(-24.5169637620877,144.040023241585,1.31918856218862));
#4466=CARTESIAN_POINT('Ctrl Pts',(-24.5168824690071,144.043236640158,1.31647723583451));
#4467=CARTESIAN_POINT('Ctrl Pts',(-24.5168225054105,144.046226803931,1.31393960237957));
#4468=CARTESIAN_POINT('Ctrl Pts',(-24.5167786179443,144.048900403992,1.31165661322267));
#4469=CARTESIAN_POINT('Ctrl Pts',(-24.5167400641834,144.051249077685,1.30965107894294));
#4470=CARTESIAN_POINT('Ctrl Pts',(-24.5167137719998,144.053352882832,1.30784256439091));
#4471=CARTESIAN_POINT('Ctrl Pts',(-24.5166952376052,144.055182251127,1.30625806451347));
#4472=CARTESIAN_POINT('Ctrl Pts',(-24.5166785811278,144.056826266601,1.30483410722455));
#4473=CARTESIAN_POINT('Ctrl Pts',(-24.5166681383394,144.0582485028,1.30359119817883));
#4474=CARTESIAN_POINT('Ctrl Pts',(-24.5166610434279,144.059460757927,1.30252111196895));
#4475=CARTESIAN_POINT('Ctrl Pts',(-24.5166542411774,144.060623008249,1.30149516618028));
#4476=CARTESIAN_POINT('Ctrl Pts',(-24.5166505037773,144.061591941473,1.30062834125915));
#4477=CARTESIAN_POINT('Ctrl Pts',(-24.5166481210317,144.062413677821,1.2998833538744));
#4478=CARTESIAN_POINT('Ctrl Pts',(-24.5166458538285,144.063195567083,1.29917449191674));
#4479=CARTESIAN_POINT('Ctrl Pts',(-24.516644821918,144.063844053977,1.29857605649071));
#4480=CARTESIAN_POINT('Ctrl Pts',(-24.5166443029234,144.064434856863,1.29802558136221));
#4481=CARTESIAN_POINT('Ctrl Pts',(-24.5166440371157,144.064737441799,1.29774365064523));
#4482=CARTESIAN_POINT('Ctrl Pts',(-24.5166439170807,144.065025501262,1.29747378924346));
#4483=CARTESIAN_POINT('Ctrl Pts',(-24.5166439170807,144.065313313022,1.2972041372274));
#4484=CARTESIAN_POINT('',(-24.5166439170807,144.752678131521,1.9845689557267));
#4485=CARTESIAN_POINT('Ctrl Pts',(-34.5052008431973,143.9144650322,1.42247457371556));
#4486=CARTESIAN_POINT('Ctrl Pts',(-34.5053593359296,143.915503685657,1.42157141729865));
#4487=CARTESIAN_POINT('Ctrl Pts',(-34.5056693534149,143.917685817604,1.41967798639948));
#4488=CARTESIAN_POINT('Ctrl Pts',(-34.5076406239031,143.930318105352,1.40884022353832));
#4489=CARTESIAN_POINT('Ctrl Pts',(-34.5122450707584,143.96845438708,1.37656756109034));
#4490=CARTESIAN_POINT('Ctrl Pts',(-34.5153837546457,144.010030658588,1.34221911831397));
#4491=CARTESIAN_POINT('Ctrl Pts',(-34.5166637979621,144.048952101253,1.31049758629601));
#4492=CARTESIAN_POINT('Ctrl Pts',(-34.5166175029138,144.061977282762,1.29990263468073));
#4493=CARTESIAN_POINT('Ctrl Pts',(-34.5166439170807,144.06423580075,1.29807580547785));
#4494=CARTESIAN_POINT('Ctrl Pts',(-34.5166439170807,144.065313313022,1.29720413722742));
#4495=CARTESIAN_POINT('Ctrl Pts',(-34.5052008431973,144.381234192644,1.88924373415968));
#4496=CARTESIAN_POINT('Ctrl Pts',(-34.5053593359296,144.382227680421,1.88829541206285));
#4497=CARTESIAN_POINT('Ctrl Pts',(-34.5056693534149,144.384255188114,1.88624735690957));
#4498=CARTESIAN_POINT('Ctrl Pts',(-34.5076406239031,144.396091518277,1.87461363646281));
#4499=CARTESIAN_POINT('Ctrl Pts',(-34.5122450707584,144.432487147002,1.84060032101246));
#4500=CARTESIAN_POINT('Ctrl Pts',(-34.5153837546457,144.471258160807,1.80344662053361));
#4501=CARTESIAN_POINT('Ctrl Pts',(-34.5166637979621,144.508368603488,1.76991408853138));
#4502=CARTESIAN_POINT('Ctrl Pts',(-34.5166175029138,144.520487282155,1.75841263407323));
#4503=CARTESIAN_POINT('Ctrl Pts',(-34.5166439170807,144.522547627757,1.75638763248459));
#4504=CARTESIAN_POINT('Ctrl Pts',(-34.5166439170807,144.523556525355,1.75544734956028));
#4505=CARTESIAN_POINT('Ctrl Pts',(-34.5052008431973,144.848003353088,2.3560128946038));
#4506=CARTESIAN_POINT('Ctrl Pts',(-34.5053593359296,144.848951675185,2.35501940682705));
#4507=CARTESIAN_POINT('Ctrl Pts',(-34.5061141842069,144.850999730339,2.35306323986016));
#4508=CARTESIAN_POINT('Ctrl Pts',(-34.5092339609552,144.862633450785,2.34080501978587));
#4509=CARTESIAN_POINT('Ctrl Pts',(-34.5106881486047,144.896646766236,2.30255683422469));
#4510=CARTESIAN_POINT('Ctrl Pts',(-34.5173189839061,144.933800466715,2.26435533122486));
#4511=CARTESIAN_POINT('Ctrl Pts',(-34.5151431303402,144.967332998717,2.22805236482856));
#4512=CARTESIAN_POINT('Ctrl Pts',(-34.5161643417249,144.978834453175,2.21669678900567));
#4513=CARTESIAN_POINT('Ctrl Pts',(-34.5166439170807,144.980859454764,2.21469945949133));
#4514=CARTESIAN_POINT('Ctrl Pts',(-34.5166439170807,144.981799737688,2.21369056189314));
#4515=CARTESIAN_POINT('Ctrl Pts',(-34.5052008431973,145.314772513533,2.82278205504792));
#4516=CARTESIAN_POINT('Ctrl Pts',(-34.5053593359296,145.315675669949,2.82174340159125));
#4517=CARTESIAN_POINT('Ctrl Pts',(-34.5056693534149,145.317569100849,2.81956126964395));
#4518=CARTESIAN_POINT('Ctrl Pts',(-34.5076406239031,145.32840686371,2.8069289818958));
#4519=CARTESIAN_POINT('Ctrl Pts',(-34.5122450707584,145.360679526158,2.76879270016851));
#4520=CARTESIAN_POINT('Ctrl Pts',(-34.5153837546457,145.395027968934,2.7272164286605));
#4521=CARTESIAN_POINT('Ctrl Pts',(-34.5166637979621,145.426749500952,2.68829498599506));
#4522=CARTESIAN_POINT('Ctrl Pts',(-34.5166175029138,145.437344452567,2.67526980448583));
#4523=CARTESIAN_POINT('Ctrl Pts',(-34.5166439170807,145.43917128177,2.67301128649808));
#4524=CARTESIAN_POINT('Ctrl Pts',(-34.5166439170807,145.440042950021,2.67193377422601));
#4525=CARTESIAN_POINT('',(-34.5166439170807,144.065313313022,1.29720413722741));
#4526=CARTESIAN_POINT('',(-34.5052008431973,143.9144650322,1.42247457371556));
#4527=CARTESIAN_POINT('Ctrl Pts',(-34.5166439170807,144.065313313022,1.29720413722742));
#4528=CARTESIAN_POINT('Ctrl Pts',(-34.5166439170807,144.064727320561,1.29767818382183));
#4529=CARTESIAN_POINT('Ctrl Pts',(-34.5166434646922,144.06413775357,1.2981551506871));
#4530=CARTESIAN_POINT('Ctrl Pts',(-34.5166421754885,144.063446984706,1.2987148016048));
#4531=CARTESIAN_POINT('Ctrl Pts',(-34.516640832822,144.062727569962,1.29929766099929));
#4532=CARTESIAN_POINT('Ctrl Pts',(-34.516638590664,144.061898566997,1.29997005496924));
#4533=CARTESIAN_POINT('Ctrl Pts',(-34.5166341551457,144.060894741464,1.3007852949831));
#4534=CARTESIAN_POINT('Ctrl Pts',(-34.5166294885992,144.059838630701,1.30164299756713));
#4535=CARTESIAN_POINT('Ctrl Pts',(-34.5166223950597,144.058589243525,1.3026586224915));
#4536=CARTESIAN_POINT('Ctrl Pts',(-34.5166103214966,144.057116359965,1.30385691792521));
#4537=CARTESIAN_POINT('Ctrl Pts',(-34.5165974030475,144.055540406671,1.30513906791203));
#4538=CARTESIAN_POINT('Ctrl Pts',(-34.5165787415365,144.053708905619,1.3066300815075));
#4539=CARTESIAN_POINT('Ctrl Pts',(-34.5165503199608,144.051631738572,1.30832204964344));
#4540=CARTESIAN_POINT('Ctrl Pts',(-34.5165187478759,144.049324319208,1.31020157110388));
#4541=CARTESIAN_POINT('Ctrl Pts',(-34.5164750015405,144.046714261116,1.31232864561615));
#4542=CARTESIAN_POINT('Ctrl Pts',(-34.5164138749583,144.043864972169,1.31465188449563));
#4543=CARTESIAN_POINT('Ctrl Pts',(-34.5163311035226,144.040006753233,1.31779777963103));
#4544=CARTESIAN_POINT('Ctrl Pts',(-34.5162157988702,144.035711096679,1.32130234326324));
#4545=CARTESIAN_POINT('Ctrl Pts',(-34.5160624018121,144.03121503774,1.32497357867982));
#4546=CARTESIAN_POINT('Ctrl Pts',(-34.5159319496824,144.027391493331,1.32809567557376));
#4547=CARTESIAN_POINT('Ctrl Pts',(-34.5157741703866,144.023427063936,1.33133501946528));
#4548=CARTESIAN_POINT('Ctrl Pts',(-34.5155923885453,144.019466269949,1.33457491073066));
#4549=CARTESIAN_POINT('Ctrl Pts',(-34.5154413345279,144.016174995973,1.33726714108616));
#4550=CARTESIAN_POINT('Ctrl Pts',(-34.5152739455884,144.012887038211,1.33995909357429));
#4551=CARTESIAN_POINT('Ctrl Pts',(-34.5150940532485,144.009659691519,1.34260491573022));
#4552=CARTESIAN_POINT('Ctrl Pts',(-34.5149297307416,144.006711674391,1.34502173975784));
#4553=CARTESIAN_POINT('Ctrl Pts',(-34.5147551214092,144.003814648883,1.34739972772082));
#4554=CARTESIAN_POINT('Ctrl Pts',(-34.5145724601049,144.000981182499,1.34972951363167));
#4555=CARTESIAN_POINT('Ctrl Pts',(-34.5143972080268,143.998262649015,1.35196479725553));
#4556=CARTESIAN_POINT('Ctrl Pts',(-34.5142146712606,143.995603049721,1.35415535486236));
#4557=CARTESIAN_POINT('Ctrl Pts',(-34.5140242421313,143.992977380029,1.35632265113366));
#4558=CARTESIAN_POINT('Ctrl Pts',(-34.5138078767384,143.98999409666,1.35878513106503));
#4559=CARTESIAN_POINT('Ctrl Pts',(-34.5135812215883,143.987050948274,1.361220644821));
#4560=CARTESIAN_POINT('Ctrl Pts',(-34.5133376488771,143.984063051497,1.36370029406473));
#4561=CARTESIAN_POINT('Ctrl Pts',(-34.5131181951922,143.981371021859,1.36593440379331));
#4562=CARTESIAN_POINT('Ctrl Pts',(-34.5128848180441,143.978642190486,1.36820473057645));
#4563=CARTESIAN_POINT('Ctrl Pts',(-34.5126347221095,143.97585764636,1.37052694218337));
#4564=CARTESIAN_POINT('Ctrl Pts',(-34.5123656811722,143.972862170391,1.37302506350917));
#4565=CARTESIAN_POINT('Ctrl Pts',(-34.5120771966361,143.969802612624,1.37558290750785));
#4566=CARTESIAN_POINT('Ctrl Pts',(-34.5117699479559,143.966702042498,1.37818069840993));
#4567=CARTESIAN_POINT('Ctrl Pts',(-34.5114201498039,143.96317208852,1.38113824555592));
#4568=CARTESIAN_POINT('Ctrl Pts',(-34.5110458732396,143.9595895963,1.38414706722768));
#4569=CARTESIAN_POINT('Ctrl Pts',(-34.510655616324,143.956039611851,1.38713475879631));
#4570=CARTESIAN_POINT('Ctrl Pts',(-34.5100528401363,143.950556439083,1.39174943508184));
#4571=CARTESIAN_POINT('Ctrl Pts',(-34.5094109767633,143.945154862396,1.39631045132033));
#4572=CARTESIAN_POINT('Ctrl Pts',(-34.5087920720971,143.940245177602,1.40046715527514));
#4573=CARTESIAN_POINT('Ctrl Pts',(-34.508383884972,143.937007085807,1.40320863248518));
#4574=CARTESIAN_POINT('Ctrl Pts',(-34.5079866713799,143.933985427532,1.40577208068035));
#4575=CARTESIAN_POINT('Ctrl Pts',(-34.5076203323696,143.931276958472,1.40807405453763));
#4576=CARTESIAN_POINT('Ctrl Pts',(-34.5072953270788,143.928874083676,1.41011629863866));
#4577=CARTESIAN_POINT('Ctrl Pts',(-34.5069948818156,143.926718380792,1.41195215538866));
#4578=CARTESIAN_POINT('Ctrl Pts',(-34.5067287804297,143.924842805914,1.41355256967215));
#4579=CARTESIAN_POINT('Ctrl Pts',(-34.506493009787,143.923181012635,1.41497056568562));
#4580=CARTESIAN_POINT('Ctrl Pts',(-34.5062842664606,143.921739190528,1.4162036709121));
#4581=CARTESIAN_POINT('Ctrl Pts',(-34.5061039979117,143.920507413826,1.41725960326044));
#4582=CARTESIAN_POINT('Ctrl Pts',(-34.5059311726484,143.919326497165,1.41827193617845));
#4583=CARTESIAN_POINT('Ctrl Pts',(-34.5057845802099,143.918338939171,1.41912116680649));
#4584=CARTESIAN_POINT('Ctrl Pts',(-34.5056593293853,143.917500883829,1.41984401895868));
#4585=CARTESIAN_POINT('Ctrl Pts',(-34.5055402169239,143.916703900377,1.42053144516424));
#4586=CARTESIAN_POINT('Ctrl Pts',(-34.505440417889,143.91604225919,1.42110446301006));
#4587=CARTESIAN_POINT('Ctrl Pts',(-34.5053495609282,143.915442869558,1.42162480802421));
#4588=CARTESIAN_POINT('Ctrl Pts',(-34.5052981893049,143.915103967419,1.42191901738132));
#4589=CARTESIAN_POINT('Ctrl Pts',(-34.5052495626075,143.914784306044,1.42219695058839));
#4590=CARTESIAN_POINT('Ctrl Pts',(-34.5052008431973,143.9144650322,1.42247457371556));
#4591=CARTESIAN_POINT('',(-34.5052008431973,145.314772513533,2.82278205504792));
#4592=CARTESIAN_POINT('Ctrl Pts',(-34.5052008431973,145.314772513533,2.82278205504792));
#4593=CARTESIAN_POINT('Ctrl Pts',(-34.5052008431973,144.848003353088,2.3560128946038));
#4594=CARTESIAN_POINT('Ctrl Pts',(-34.5052008431973,144.381234192644,1.88924373415968));
#4595=CARTESIAN_POINT('Ctrl Pts',(-34.5052008431973,143.9144650322,1.42247457371556));
#4596=CARTESIAN_POINT('',(-34.5166439170807,145.440042950021,2.671933774226));
#4597=CARTESIAN_POINT('Ctrl Pts',(-34.5052008431973,145.314772513533,2.82278205504792));
#4598=CARTESIAN_POINT('Ctrl Pts',(-34.5052870827762,145.315263941927,2.8222168995648));
#4599=CARTESIAN_POINT('Ctrl Pts',(-34.5053734307416,145.315758339244,2.82164818553882));
#4600=CARTESIAN_POINT('Ctrl Pts',(-34.5054740939019,145.316336588707,2.82098034885194));
#4601=CARTESIAN_POINT('Ctrl Pts',(-34.5055789352105,145.316938839125,2.8202847927817));
#4602=CARTESIAN_POINT('Ctrl Pts',(-34.505699285839,145.31763189548,2.81948189396472));
#4603=CARTESIAN_POINT('Ctrl Pts',(-34.5058436523501,145.318469723594,2.81850759092944));
#4604=CARTESIAN_POINT('Ctrl Pts',(-34.5059955466221,145.319351238916,2.81748248441926));
#4605=CARTESIAN_POINT('Ctrl Pts',(-34.5061739931221,145.320392823052,2.81626786042313));
#4606=CARTESIAN_POINT('Ctrl Pts',(-34.50638106628,145.321619354504,2.81483365349371));
#4607=CARTESIAN_POINT('Ctrl Pts',(-34.5066026510976,145.322931841118,2.81329893753203));
#4608=CARTESIAN_POINT('Ctrl Pts',(-34.5068569274607,145.32445583467,2.81151309467344));
#4609=CARTESIAN_POINT('Ctrl Pts',(-34.5071385758296,145.326182915474,2.80948496829549));
#4610=CARTESIAN_POINT('Ctrl Pts',(-34.507451545437,145.32810205956,2.80723130029491));
#4611=CARTESIAN_POINT('Ctrl Pts',(-34.5077981118066,145.330271544978,2.80467894741633));
#4612=CARTESIAN_POINT('Ctrl Pts',(-34.508163808264,145.332638489984,2.80188878716418));
#4613=CARTESIAN_POINT('Ctrl Pts',(-34.5086607453751,145.335854881037,2.79809729794665));
#4614=CARTESIAN_POINT('Ctrl Pts',(-34.5091921741082,145.339434872033,2.79386779442177));
#4615=CARTESIAN_POINT('Ctrl Pts',(-34.5097169580319,145.343179304996,2.78943243522216));
#4616=CARTESIAN_POINT('Ctrl Pts',(-34.5101603857721,145.346343246138,2.78568468073139));
#4617=CARTESIAN_POINT('Ctrl Pts',(-34.5105986882596,145.349621256929,2.78179392304382));
#4618=CARTESIAN_POINT('Ctrl Pts',(-34.5110137091166,145.352894601656,2.77789941340466));
#4619=CARTESIAN_POINT('Ctrl Pts',(-34.5113590656443,145.355618491192,2.77465862609486));
#4620=CARTESIAN_POINT('Ctrl Pts',(-34.5116884092114,145.358338484286,2.77141605467978));
#4621=CARTESIAN_POINT('Ctrl Pts',(-34.5119969300254,145.361007519125,2.7682269703612));
#4622=CARTESIAN_POINT('Ctrl Pts',(-34.5122788346911,145.363446295829,2.76531300894326));
#4623=CARTESIAN_POINT('Ctrl Pts',(-34.5125434326775,145.365842176607,2.76244413229855));
#4624=CARTESIAN_POINT('Ctrl Pts',(-34.51279101615,145.368185167748,2.75963187577793));
#4625=CARTESIAN_POINT('Ctrl Pts',(-34.5130289550052,145.37043688764,2.75692917074575));
#4626=CARTESIAN_POINT('Ctrl Pts',(-34.5132512387042,145.372639387916,2.75427920772229));
#4627=CARTESIAN_POINT('Ctrl Pts',(-34.5134610153483,145.374814096232,2.75165624659978));
#4628=CARTESIAN_POINT('Ctrl Pts',(-34.5136972375444,145.377262959769,2.74870262113995));
#4629=CARTESIAN_POINT('Ctrl Pts',(-34.5139180570946,145.379679696281,2.74577948372865));
#4630=CARTESIAN_POINT('Ctrl Pts',(-34.5141294727585,145.382133916046,2.7428038399393));
#4631=CARTESIAN_POINT('Ctrl Pts',(-34.5143213115922,145.384360878084,2.74010373710023));
#4632=CARTESIAN_POINT('Ctrl Pts',(-34.5145052907796,145.386619092395,2.73735994178795));
#4633=CARTESIAN_POINT('Ctrl Pts',(-34.5146813473239,145.388924717841,2.73455396133508));
#4634=CARTESIAN_POINT('Ctrl Pts',(-34.5148707428912,145.391405030296,2.7315353841948));
#4635=CARTESIAN_POINT('Ctrl Pts',(-34.5150508129119,145.393939895666,2.72844521901387));
#4636=CARTESIAN_POINT('Ctrl Pts',(-34.5152185207452,145.396510638473,2.72530755914283));
#4637=CARTESIAN_POINT('Ctrl Pts',(-34.5154094339248,145.399437089039,2.72173574850582));
#4638=CARTESIAN_POINT('Ctrl Pts',(-34.5155840714737,145.402409539853,2.71810298908606));
#4639=CARTESIAN_POINT('Ctrl Pts',(-34.5157377024053,145.405357721461,2.71449676431899));
#4640=CARTESIAN_POINT('Ctrl Pts',(-34.5159751054909,145.4099134929,2.70892413074984));
#4641=CARTESIAN_POINT('Ctrl Pts',(-34.5161607275186,145.414408152578,2.70341879577138));
#4642=CARTESIAN_POINT('Ctrl Pts',(-34.5162935063881,145.418498952429,2.69840448629776));
#4643=CARTESIAN_POINT('Ctrl Pts',(-34.5163810140111,145.421194985109,2.69509981662323));
#4644=CARTESIAN_POINT('Ctrl Pts',(-34.5164461941065,145.423713460529,2.69201101616036));
#4645=CARTESIAN_POINT('Ctrl Pts',(-34.5164941779836,145.425972938227,2.68923856467334));
#4646=CARTESIAN_POINT('Ctrl Pts',(-34.516536787928,145.427979366741,2.68677661263868));
#4647=CARTESIAN_POINT('Ctrl Pts',(-34.516565998422,145.429780974271,2.68456483158305));
#4648=CARTESIAN_POINT('Ctrl Pts',(-34.516586623155,145.431349459219,2.68263819241509));
#4649=CARTESIAN_POINT('Ctrl Pts',(-34.5166048830296,145.432738099659,2.68093246417837));
#4650=CARTESIAN_POINT('Ctrl Pts',(-34.5166164715699,145.433943954134,2.67945030402626));
#4651=CARTESIAN_POINT('Ctrl Pts',(-34.5166243949881,145.434974822709,2.67818227837375));
#4652=CARTESIAN_POINT('Ctrl Pts',(-34.5166319914671,145.435963155182,2.67696657449144));
#4653=CARTESIAN_POINT('Ctrl Pts',(-34.5166362348273,145.436790389766,2.67594800741639));
#4654=CARTESIAN_POINT('Ctrl Pts',(-34.5166389607587,145.437492809654,2.67508220549308));
#4655=CARTESIAN_POINT('Ctrl Pts',(-34.5166415530984,145.438160805563,2.67425883452545));
#4656=CARTESIAN_POINT('Ctrl Pts',(-34.5166427652846,145.438715808594,2.67357375779999));
#4657=CARTESIAN_POINT('Ctrl Pts',(-34.5166433981742,145.439218667176,2.67295250514157));
#4658=CARTESIAN_POINT('Ctrl Pts',(-34.5166437577726,145.439504383921,2.67259951864805));
#4659=CARTESIAN_POINT('Ctrl Pts',(-34.5166439170807,145.439773822486,2.67226645609361));
#4660=CARTESIAN_POINT('Ctrl Pts',(-34.5166439170807,145.440042950021,2.67193377422601));
#4661=CARTESIAN_POINT('',(-34.5166439170807,144.752678131521,1.98456895572671));
#4662=CARTESIAN_POINT('Ctrl Pts',(-34.5052008431973,145.314772513533,2.82278205504792));
#4663=CARTESIAN_POINT('Ctrl Pts',(-34.4862864092231,145.206990332215,2.94673437725447));
#4664=CARTESIAN_POINT('Ctrl Pts',(-34.4255419844213,145.042815476568,3.1130818286504));
#4665=CARTESIAN_POINT('Ctrl Pts',(-34.2475897463897,144.725863869997,3.38053373518333));
#4666=CARTESIAN_POINT('Ctrl Pts',(-34.0154345454589,144.436761372341,3.55830912833665));
#4667=CARTESIAN_POINT('Ctrl Pts',(-33.7585984613857,144.200814866485,3.64917972037564));
#4668=CARTESIAN_POINT('Ctrl Pts',(-33.592725567977,144.090217415134,3.67131579221666));
#4669=CARTESIAN_POINT('Ctrl Pts',(-33.5297204043058,144.067433651375,3.67176295741517));
#4670=CARTESIAN_POINT('Ctrl Pts',(-33.5168592520375,144.065217467585,3.67202262449307));
#4671=CARTESIAN_POINT('Ctrl Pts',(-33.5166439170807,144.065313313022,3.671933774226));
#4672=CARTESIAN_POINT('Ctrl Pts',(-33.5166439170807,144.065313313022,3.671933774226));
#4673=CARTESIAN_POINT('Ctrl Pts',(-34.5052008431973,144.848003353088,2.3560128946038));
#4674=CARTESIAN_POINT('Ctrl Pts',(-34.4862864092231,144.734831124808,2.47457516984732));
#4675=CARTESIAN_POINT('Ctrl Pts',(-34.4255419844213,144.569932070578,2.64019842266018));
#4676=CARTESIAN_POINT('Ctrl Pts',(-34.2475897463898,144.26948036402,2.92415022920575));
#4677=CARTESIAN_POINT('Ctrl Pts',(-34.0154345454589,144.017486901198,3.13903465719332));
#4678=CARTESIAN_POINT('Ctrl Pts',(-33.7585984613857,143.829899033281,3.27826388717148));
#4679=CARTESIAN_POINT('Ctrl Pts',(-33.592725567977,143.748788708433,3.32988708551585));
#4680=CARTESIAN_POINT('Ctrl Pts',(-33.5297204043058,143.733450477527,3.33777978356791));
#4681=CARTESIAN_POINT('Ctrl Pts',(-33.5168592520375,143.731886465975,3.33869162288298));
#4682=CARTESIAN_POINT('Ctrl Pts',(-33.5166439170807,143.731979979689,3.33860044089267));
#4683=CARTESIAN_POINT('Ctrl Pts',(-33.5166439170807,143.731979979689,3.33860044089267));
#4684=CARTESIAN_POINT('Ctrl Pts',(-34.5052008431973,144.381234192644,1.88924373415968));
#4685=CARTESIAN_POINT('Ctrl Pts',(-34.4862864092231,144.262671917401,2.00241596244017));
#4686=CARTESIAN_POINT('Ctrl Pts',(-34.4255419844213,144.097048664588,2.16731501666996));
#4687=CARTESIAN_POINT('Ctrl Pts',(-34.2475897463898,143.813096858042,2.46776672322816));
#4688=CARTESIAN_POINT('Ctrl Pts',(-34.0154345454589,143.598212430055,2.71976018605));
#4689=CARTESIAN_POINT('Ctrl Pts',(-33.7585984613857,143.458983200077,2.90734805396732));
#4690=CARTESIAN_POINT('Ctrl Pts',(-33.592725567977,143.407360001732,2.98845837881504));
#4691=CARTESIAN_POINT('Ctrl Pts',(-33.5297204043058,143.39946730368,3.00379660972065));
#4692=CARTESIAN_POINT('Ctrl Pts',(-33.5168592520375,143.398555464365,3.00536062127289));
#4693=CARTESIAN_POINT('Ctrl Pts',(-33.5166439170807,143.398646646355,3.00526710755933));
#4694=CARTESIAN_POINT('Ctrl Pts',(-33.5166439170807,143.398646646355,3.00526710755933));
#4695=CARTESIAN_POINT('Ctrl Pts',(-34.5052008431973,143.9144650322,1.42247457371556));
#4696=CARTESIAN_POINT('Ctrl Pts',(-34.4862864092231,143.790512709994,1.53025675503302));
#4697=CARTESIAN_POINT('Ctrl Pts',(-34.4255419844213,143.624165258598,1.69443161067974));
#4698=CARTESIAN_POINT('Ctrl Pts',(-34.2475897463898,143.356713352065,2.01138321725058));
#4699=CARTESIAN_POINT('Ctrl Pts',(-34.0154345454589,143.178937958911,2.30048571490667));
#4700=CARTESIAN_POINT('Ctrl Pts',(-33.7585984613857,143.088067366872,2.53643222076316));
#4701=CARTESIAN_POINT('Ctrl Pts',(-33.592725567977,143.065931295032,2.64702967211423));
#4702=CARTESIAN_POINT('Ctrl Pts',(-33.5297204043058,143.065484129833,2.66981343587339));
#4703=CARTESIAN_POINT('Ctrl Pts',(-33.5168592520375,143.065224462755,2.6720296196628));
#4704=CARTESIAN_POINT('Ctrl Pts',(-33.5166439170807,143.065313313022,2.671933774226));
#4705=CARTESIAN_POINT('Ctrl Pts',(-33.5166439170807,143.065313313022,2.671933774226));
#4706=CARTESIAN_POINT('',(-33.5166439170807,143.065313313022,2.671933774226));
#4707=CARTESIAN_POINT('Ctrl Pts',(-34.5052008431973,143.9144650322,1.42247457371556));
#4708=CARTESIAN_POINT('Ctrl Pts',(-34.4862864092231,143.790512709994,1.53025675503302));
#4709=CARTESIAN_POINT('Ctrl Pts',(-34.4255419844213,143.624165258598,1.69443161067974));
#4710=CARTESIAN_POINT('Ctrl Pts',(-34.2475897463898,143.356713352065,2.01138321725058));
#4711=CARTESIAN_POINT('Ctrl Pts',(-34.0154345454589,143.178937958911,2.30048571490667));
#4712=CARTESIAN_POINT('Ctrl Pts',(-33.7585984613857,143.088067366872,2.53643222076316));
#4713=CARTESIAN_POINT('Ctrl Pts',(-33.592725567977,143.065931295032,2.64702967211423));
#4714=CARTESIAN_POINT('Ctrl Pts',(-33.5297204043058,143.065484129833,2.66981343587339));
#4715=CARTESIAN_POINT('Ctrl Pts',(-33.5168592520375,143.065224462755,2.6720296196628));
#4716=CARTESIAN_POINT('Ctrl Pts',(-33.5166439170807,143.065313313022,2.671933774226));
#4717=CARTESIAN_POINT('Ctrl Pts',(-33.5166439170807,143.065313313022,2.671933774226));
#4718=CARTESIAN_POINT('',(-33.5166439170807,144.065313313022,3.671933774226));
#4719=CARTESIAN_POINT('',(-33.5166439170807,143.065313313022,2.671933774226));
#4720=CARTESIAN_POINT('Ctrl Pts',(-33.5166439170807,144.065313313022,3.671933774226));
#4721=CARTESIAN_POINT('Ctrl Pts',(-33.5166439170807,144.065313313022,3.671933774226));
#4722=CARTESIAN_POINT('Ctrl Pts',(-33.5168592520375,144.065217467585,3.67202262449307));
#4723=CARTESIAN_POINT('Ctrl Pts',(-33.5297204043058,144.067433651375,3.67176295741517));
#4724=CARTESIAN_POINT('Ctrl Pts',(-33.592725567977,144.090217415134,3.67131579221666));
#4725=CARTESIAN_POINT('Ctrl Pts',(-33.7585984613857,144.200814866485,3.64917972037564));
#4726=CARTESIAN_POINT('Ctrl Pts',(-34.0154345454589,144.436761372341,3.55830912833665));
#4727=CARTESIAN_POINT('Ctrl Pts',(-34.2475897463897,144.725863869997,3.38053373518333));
#4728=CARTESIAN_POINT('Ctrl Pts',(-34.4255419844213,145.042815476568,3.1130818286504));
#4729=CARTESIAN_POINT('Ctrl Pts',(-34.4862864092231,145.206990332215,2.94673437725447));
#4730=CARTESIAN_POINT('Ctrl Pts',(-34.5052008431973,145.314772513533,2.82278205504792));
#4731=CARTESIAN_POINT('Origin',(-27.0166439170811,143.565313313022,3.171933774226));
#4732=CARTESIAN_POINT('',(-25.5166439170807,143.065313313022,2.671933774226));
#4733=CARTESIAN_POINT('',(-27.0166439170811,143.065313313022,2.671933774226));
#4734=CARTESIAN_POINT('',(-25.5166439170807,144.065313313022,3.671933774226));
#4735=CARTESIAN_POINT('',(-25.5166439170807,143.065313313022,2.671933774226));
#4736=CARTESIAN_POINT('',(-27.0166439170811,144.065313313022,3.671933774226));
#4737=CARTESIAN_POINT('Ctrl Pts',(-25.5166439338336,144.065313313063,3.671933774226));
#4738=CARTESIAN_POINT('Ctrl Pts',(-25.5166427588537,144.065313309275,3.67193377422602));
#4739=CARTESIAN_POINT('Ctrl Pts',(-25.5163936561649,144.064814800663,3.67195191277598));
#4740=CARTESIAN_POINT('Ctrl Pts',(-25.4976066004288,144.06937737367,3.67180304392326));
#4741=CARTESIAN_POINT('Ctrl Pts',(-25.4414948862931,144.089992574187,3.67090349453673));
#4742=CARTESIAN_POINT('Ctrl Pts',(-25.2199392593557,144.235588556185,3.64352471799764));
#4743=CARTESIAN_POINT('Ctrl Pts',(-24.8091900184775,144.652153545677,3.46135137733451));
#4744=CARTESIAN_POINT('Ctrl Pts',(-24.5659737363485,145.098878341594,3.07106598877017));
#4745=CARTESIAN_POINT('Ctrl Pts',(-24.5280869909641,145.314772513533,2.82278205504796));
#4746=CARTESIAN_POINT('Ctrl Pts',(-25.5166439338336,143.731979979716,3.33860044087916));
#4747=CARTESIAN_POINT('Ctrl Pts',(-25.5166427588537,143.73197997719,3.33860044214183));
#4748=CARTESIAN_POINT('Ctrl Pts',(-25.5163936561649,143.731641591933,3.33877870404559));
#4749=CARTESIAN_POINT('Ctrl Pts',(-25.4976066004288,143.734732930221,3.33715860047494));
#4750=CARTESIAN_POINT('Ctrl Pts',(-25.4414948862931,143.748776247028,3.32968716737826));
#4751=CARTESIAN_POINT('Ctrl Pts',(-25.2199392593557,143.854966493874,3.26290265568609));
#4752=CARTESIAN_POINT('Ctrl Pts',(-24.8091900184775,144.193400933756,3.00259876541348));
#4753=CARTESIAN_POINT('Ctrl Pts',(-24.5659737363485,144.621312593889,2.59350024106488));
#4754=CARTESIAN_POINT('Ctrl Pts',(-24.5280869909641,144.848003353088,2.35601289460384));
#4755=CARTESIAN_POINT('Ctrl Pts',(-25.5166439338336,143.398646646369,3.00526710753233));
#4756=CARTESIAN_POINT('Ctrl Pts',(-25.5166427588537,143.398646645106,3.00526711005763));
#4757=CARTESIAN_POINT('Ctrl Pts',(-25.5163936561649,143.398468383202,3.00560549531519));
#4758=CARTESIAN_POINT('Ctrl Pts',(-25.4976066004288,143.400088486773,3.00251415702662));
#4759=CARTESIAN_POINT('Ctrl Pts',(-25.4414948862931,143.40755991987,2.98847084021978));
#4760=CARTESIAN_POINT('Ctrl Pts',(-25.2199392593557,143.474344431562,2.88228059337455));
#4761=CARTESIAN_POINT('Ctrl Pts',(-24.8091900184774,143.734648321835,2.54384615349245));
#4762=CARTESIAN_POINT('Ctrl Pts',(-24.5659737363484,144.143746846183,2.11593449335959));
#4763=CARTESIAN_POINT('Ctrl Pts',(-24.5280869909641,144.381234192644,1.88924373415972));
#4764=CARTESIAN_POINT('Ctrl Pts',(-25.5166439338336,143.065313313022,2.67193377418549));
#4765=CARTESIAN_POINT('Ctrl Pts',(-25.5166427588537,143.065313313022,2.67193377797344));
#4766=CARTESIAN_POINT('Ctrl Pts',(-25.5163936561649,143.065295174472,2.6724322865848));
#4767=CARTESIAN_POINT('Ctrl Pts',(-25.4976066004288,143.065444043325,2.6678697135783));
#4768=CARTESIAN_POINT('Ctrl Pts',(-25.4414948862931,143.066343592711,2.6472545130613));
#4769=CARTESIAN_POINT('Ctrl Pts',(-25.2199392593557,143.09372236925,2.50165853106301));
#4770=CARTESIAN_POINT('Ctrl Pts',(-24.8091900184774,143.275895709914,2.08509354157143));
#4771=CARTESIAN_POINT('Ctrl Pts',(-24.5659737363484,143.666181098478,1.63836874565429));
#4772=CARTESIAN_POINT('Ctrl Pts',(-24.5280869909641,143.9144650322,1.4224745737156));
#4773=CARTESIAN_POINT('Ctrl Pts',(-24.5280869909641,145.314772513533,2.82278205504796));
#4774=CARTESIAN_POINT('Ctrl Pts',(-24.5659737363485,145.098878341594,3.07106598877017));
#4775=CARTESIAN_POINT('Ctrl Pts',(-24.8091900184775,144.652153545677,3.46135137733451));
#4776=CARTESIAN_POINT('Ctrl Pts',(-25.2199392593557,144.235588556185,3.64352471799764));
#4777=CARTESIAN_POINT('Ctrl Pts',(-25.4414948862931,144.089992574187,3.67090349453673));
#4778=CARTESIAN_POINT('Ctrl Pts',(-25.4976066004288,144.06937737367,3.67180304392326));
#4779=CARTESIAN_POINT('Ctrl Pts',(-25.516373404648,144.064819718891,3.67195175230272));
#4780=CARTESIAN_POINT('Ctrl Pts',(-25.5166416422697,144.065311172724,3.67193385200559));
#4781=CARTESIAN_POINT('Ctrl Pts',(-25.5166439189812,144.065313303808,3.67193377456166));
#4782=CARTESIAN_POINT('Ctrl Pts',(-25.5166439189812,143.065313312686,2.67193378344014));
#4783=CARTESIAN_POINT('Ctrl Pts',(-25.5166416422697,143.065313235243,2.6719359145238));
#4784=CARTESIAN_POINT('Ctrl Pts',(-25.5163734046472,143.065295334945,2.67242736835656));
#4785=CARTESIAN_POINT('Ctrl Pts',(-25.4976066004288,143.065444043325,2.6678697135783));
#4786=CARTESIAN_POINT('Ctrl Pts',(-25.4414948862931,143.066343592711,2.6472545130613));
#4787=CARTESIAN_POINT('Ctrl Pts',(-25.2199392593557,143.09372236925,2.50165853106301));
#4788=CARTESIAN_POINT('Ctrl Pts',(-24.8091900184774,143.275895709914,2.08509354157143));
#4789=CARTESIAN_POINT('Ctrl Pts',(-24.5659737363484,143.666181098478,1.63836874565429));
#4790=CARTESIAN_POINT('Ctrl Pts',(-24.5280869909641,143.9144650322,1.4224745737156));
#4791=CARTESIAN_POINT('Origin',(-24.5166439170807,168.065313313019,30.671933774226));
#4792=CARTESIAN_POINT('',(-24.5166439170807,144.065313313022,-1.32806622577402));
#4793=CARTESIAN_POINT('',(-24.5166439170807,144.065313313022,15.921933774226));
#4794=CARTESIAN_POINT('',(-24.5166439170807,156.065313313019,-1.32806622577402));
#4795=CARTESIAN_POINT('',(-24.5166439170807,153.065313313019,-1.32806622577402));
#4796=CARTESIAN_POINT('',(-24.5166439170807,156.065313313019,28.671933774226));
#4797=CARTESIAN_POINT('',(-24.5166439170807,156.065313313019,33.171933774226));
#4798=CARTESIAN_POINT('',(-24.5166439170807,160.065313313019,32.671933774226));
#4799=CARTESIAN_POINT('Origin',(-24.5166439170807,160.065313313019,28.671933774226));
#4800=CARTESIAN_POINT('',(-24.5166439170807,165.744805202752,32.671933774226));
#4801=CARTESIAN_POINT('',(-24.5166439170807,177.150249971196,32.671933774226));
#4802=CARTESIAN_POINT('',(-24.5166439170807,165.744805202752,34.671933774226));
#4803=CARTESIAN_POINT('',(-24.5166439170807,165.744805202752,30.671933774226));
#4804=CARTESIAN_POINT('',(-24.5166439170807,154.065313313019,34.671933774226));
#4805=CARTESIAN_POINT('',(-24.5166439170807,175.565313424778,34.671933774226));
#4806=CARTESIAN_POINT('',(-24.5166439170807,154.065313313019,8.671933774226));
#4807=CARTESIAN_POINT('',(-24.5166439170807,154.065313313019,30.671933774226));
#4808=CARTESIAN_POINT('',(-24.5166439170807,148.065313313019,2.671933774226));
#4809=CARTESIAN_POINT('Origin',(-24.5166439170807,148.065313313019,8.671933774226));
#4810=CARTESIAN_POINT('',(-24.5166439170807,160.565313313021,2.671933774226));
#4811=CARTESIAN_POINT('Origin',(-25.5166439170807,144.065313313022,15.921933774226));
#4812=CARTESIAN_POINT('',(-25.5166439170807,143.065313313022,-1.328066225774));
#4813=CARTESIAN_POINT('',(-25.5166439170807,143.065313313022,15.921933774226));
#4814=CARTESIAN_POINT('Origin',(-25.5166439170807,144.065313313022,-1.32806622577402));
#4815=CARTESIAN_POINT('Origin',(-29.5166439170812,143.065313313022,1.171933774226));
#4816=CARTESIAN_POINT('',(-33.5166439170807,143.065313313022,-1.328066225774));
#4817=CARTESIAN_POINT('',(-33.5166439170807,143.065313313022,15.921933774226));
#4818=CARTESIAN_POINT('',(-34.5166439170812,143.065313313022,-1.328066225774));
#4819=CARTESIAN_POINT('Origin',(-33.5166439170807,144.065313313022,15.921933774226));
#4820=CARTESIAN_POINT('',(-34.5166439170807,144.065313313022,-1.32806622577402));
#4821=CARTESIAN_POINT('',(-34.5166439170807,144.065313313022,15.921933774226));
#4822=CARTESIAN_POINT('Origin',(-33.5166439170807,144.065313313022,-1.32806622577402));
#4823=CARTESIAN_POINT('Origin',(-25.5166439170807,154.065313313019,30.671933774226));
#4824=CARTESIAN_POINT('',(-24.8095371358941,153.358206531833,34.9648269930394));
#4825=CARTESIAN_POINT('',(-25.5166439170807,153.065313313019,34.671933774226));
#4826=CARTESIAN_POINT('Origin',(-25.5166439170807,154.065313313019,35.671933774226));
#4827=CARTESIAN_POINT('',(-25.5166439170807,153.065313313019,30.671933774226));
#4828=CARTESIAN_POINT('Origin',(-25.5166439170807,154.065313313019,8.671933774226));
#4829=CARTESIAN_POINT('Origin',(-25.5166439170807,154.065313313019,35.671933774226));
#4830=CARTESIAN_POINT('Origin',(-25.5166439170807,148.065313313019,8.671933774226));
#4831=CARTESIAN_POINT('Origin',(-25.5166439170807,148.065313313019,2.671933774226));
#4832=CARTESIAN_POINT('Origin',(-25.5166439170807,160.565313313021,2.671933774226));
#4833=CARTESIAN_POINT('',(-25.5166439170807,160.565313313021,3.671933774226));
#4834=CARTESIAN_POINT('Origin',(-25.0166439170807,175.565313424778,35.171933774226));
#4835=CARTESIAN_POINT('',(-25.5166439170807,165.744805202752,35.671933774226));
#4836=CARTESIAN_POINT('',(-24.5166439170807,165.744805202752,34.671933774226));
#4837=CARTESIAN_POINT('',(-25.5166439170807,154.065313313019,35.671933774226));
#4838=CARTESIAN_POINT('',(-25.5166439170807,175.565313424778,35.671933774226));
#4839=CARTESIAN_POINT('',(-25.5166439170807,154.065313313019,35.671933774226));
#4840=CARTESIAN_POINT('Origin',(-29.5166439170807,155.565313313019,-1.32806622577402));
#4841=CARTESIAN_POINT('',(-34.5166439170807,156.065313313019,-1.32806622577402));
#4842=CARTESIAN_POINT('',(-34.5166439170807,158.065313313019,-1.32806622577402));
#4843=CARTESIAN_POINT('',(-32.5166439170807,158.065313313019,-1.32806622577402));
#4844=CARTESIAN_POINT('Origin',(-32.5166439170807,156.065313313019,-1.32806622577402));
#4845=CARTESIAN_POINT('',(-26.5166439170807,158.065313313019,-1.32806622577402));
#4846=CARTESIAN_POINT('',(-24.5166439170807,158.065313313019,-1.32806622577402));
#4847=CARTESIAN_POINT('Origin',(-26.5166439170807,156.065313313019,-1.32806622577402));
#4848=CARTESIAN_POINT('Origin',(-33.5166439170807,154.065313313019,30.671933774226));
#4849=CARTESIAN_POINT('',(-34.2237506982672,153.358206531833,34.9648269930394));
#4850=CARTESIAN_POINT('',(-34.5166439170807,154.065313313019,34.671933774226));
#4851=CARTESIAN_POINT('Origin',(-33.5166439170807,154.065313313019,35.671933774226));
#4852=CARTESIAN_POINT('',(-34.5166439170807,154.065313313019,8.671933774226));
#4853=CARTESIAN_POINT('',(-34.5166439170807,154.065313313019,30.671933774226));
#4854=CARTESIAN_POINT('Origin',(-33.5166439170807,154.065313313019,8.671933774226));
#4855=CARTESIAN_POINT('',(-33.5166439170807,153.065313313019,34.671933774226));
#4856=CARTESIAN_POINT('',(-33.5166439170807,153.065313313019,30.671933774226));
#4857=CARTESIAN_POINT('Origin',(-33.5166439170807,154.065313313019,35.671933774226));
#4858=CARTESIAN_POINT('Origin',(-33.5166439170807,148.065313313019,8.671933774226));
#4859=CARTESIAN_POINT('',(-34.5166439170807,148.065313313019,2.671933774226));
#4860=CARTESIAN_POINT('Origin',(-33.5166439170807,148.065313313019,2.671933774226));
#4861=CARTESIAN_POINT('Origin',(-34.5166439170807,148.065313313019,8.671933774226));
#4862=CARTESIAN_POINT('Origin',(-33.5166439170807,160.994245494376,2.671933774226));
#4863=CARTESIAN_POINT('',(-33.5166439170807,160.994245494376,3.671933774226));
#4864=CARTESIAN_POINT('',(-34.5166439170807,160.994245494376,2.671933774226));
#4865=CARTESIAN_POINT('Origin',(-34.5166439170807,168.92317767573,30.671933774226));
#4866=CARTESIAN_POINT('',(-34.5166439170807,165.744805202752,34.671933774226));
#4867=CARTESIAN_POINT('',(-34.5166439170807,175.994245606133,34.671933774226));
#4868=CARTESIAN_POINT('',(-34.5166439170807,165.744805202752,32.671933774226));
#4869=CARTESIAN_POINT('',(-34.5166439170807,165.744805202752,30.671933774226));
#4870=CARTESIAN_POINT('',(-34.5166439170807,160.065313313019,32.671933774226));
#4871=CARTESIAN_POINT('',(-34.5166439170807,177.579182152551,32.671933774226));
#4872=CARTESIAN_POINT('',(-34.5166439170807,156.065313313019,28.671933774226));
#4873=CARTESIAN_POINT('Origin',(-34.5166439170807,160.065313313019,28.671933774226));
#4874=CARTESIAN_POINT('',(-34.5166439170807,156.065313313019,33.171933774226));
#4875=CARTESIAN_POINT('Origin',(-34.0166439170807,175.994245606133,35.171933774226));
#4876=CARTESIAN_POINT('',(-33.5166439170807,154.065313313019,35.671933774226));
#4877=CARTESIAN_POINT('',(-34.5166439170807,153.065313313019,34.671933774226));
#4878=CARTESIAN_POINT('',(-33.5166439170807,165.744805202752,35.671933774226));
#4879=CARTESIAN_POINT('',(-33.5166439170807,175.994245606133,35.671933774226));
#4880=CARTESIAN_POINT('',(-34.5166439170807,165.744805202752,34.671933774226));
#4881=CARTESIAN_POINT('Origin',(-24.5166439170811,153.065313313022,3.671933774226));
#4882=CARTESIAN_POINT('Origin',(-32.0166439170807,153.565313313019,35.171933774226));
#4883=CARTESIAN_POINT('',(-32.0166439170807,154.065313313019,35.671933774226));
#4884=CARTESIAN_POINT('',(-32.0166439170807,153.065313313019,34.671933774226));
#4885=CARTESIAN_POINT('Origin',(-34.5166439170807,153.065313313019,30.671933774226));
#4886=CARTESIAN_POINT('Origin',(-4.63395782132905,193.967237436942,33.171933774226));
#4887=CARTESIAN_POINT('',(-6.36600862889793,192.967237436942,28.671933774226));
#4888=CARTESIAN_POINT('Origin',(-4.63395782132905,193.967237436942,28.671933774226));
#4889=CARTESIAN_POINT('',(-6.36600862889794,192.967237436942,33.171933774226));
#4890=CARTESIAN_POINT('Origin',(-8.09805943646681,191.967237436942,28.671933774226));
#4891=CARTESIAN_POINT('',(-8.09805943646681,191.967237436942,30.671933774226));
#4892=CARTESIAN_POINT('Origin',(-8.09805943646681,191.967237436942,32.671933774226));
#4893=CARTESIAN_POINT('Origin',(-8.09805943646681,191.967237436942,28.671933774226));
#4894=CARTESIAN_POINT('Origin',(-15.3977288322966,187.752771346264,32.671933774226));
#4895=CARTESIAN_POINT('',(-13.0166436935633,189.127491492076,30.671933774226));
#4896=CARTESIAN_POINT('Origin',(-13.0166436935633,189.127491492076,32.671933774226));
#4897=CARTESIAN_POINT('',(-15.3977288322966,187.752771346264,30.671933774226));
#4898=CARTESIAN_POINT('Origin',(-9.51664369356325,183.065313665584,32.671933774226));
#4899=CARTESIAN_POINT('',(-14.5166436935633,183.065313633323,32.671933774226));
#4900=CARTESIAN_POINT('',(-16.5166436935633,183.065313620418,30.671933774226));
#4901=CARTESIAN_POINT('Origin',(-16.5166436935633,183.065313620418,32.671933774226));
#4902=CARTESIAN_POINT('Origin',(-9.51664369356325,183.065313665584,30.671933774226));
#4903=CARTESIAN_POINT('Origin',(-9.51664369356325,183.065313665584,32.671933774226));
#4904=CARTESIAN_POINT('Origin',(-29.5166439170807,183.065313536537,32.671933774226));
#4905=CARTESIAN_POINT('',(-22.016643889141,170.074932237805,32.671933774226));
#4906=CARTESIAN_POINT('',(-23.0166438779651,171.806983051827,30.671933774226));
#4907=CARTESIAN_POINT('Origin',(-23.0166438779651,171.806983051827,32.671933774226));
#4908=CARTESIAN_POINT('Origin',(-29.5166439170807,183.065313536537,30.671933774226));
#4909=CARTESIAN_POINT('Origin',(-29.5166439170807,183.065313536537,32.671933774226));
#4910=CARTESIAN_POINT('Origin',(-19.5166439170807,165.744805202752,32.671933774226));
#4911=CARTESIAN_POINT('',(-26.5166439170807,165.744805202752,30.671933774226));
#4912=CARTESIAN_POINT('Origin',(-26.5166439170807,165.744805202752,32.671933774226));
#4913=CARTESIAN_POINT('Origin',(-19.5166439170807,165.744805202752,30.671933774226));
#4914=CARTESIAN_POINT('Origin',(-19.5166439170807,165.744805202752,32.671933774226));
#4915=CARTESIAN_POINT('Origin',(-26.5166439170807,177.150249971196,32.671933774226));
#4916=CARTESIAN_POINT('',(-26.5166439170807,160.065313313019,30.671933774226));
#4917=CARTESIAN_POINT('Origin',(-26.5166439170807,160.065313313019,32.671933774226));
#4918=CARTESIAN_POINT('',(-26.5166439170807,177.150249971196,30.671933774226));
#4919=CARTESIAN_POINT('Origin',(-26.5166439170807,160.065313313019,28.671933774226));
#4920=CARTESIAN_POINT('',(-26.5166439170807,158.065313313019,28.671933774226));
#4921=CARTESIAN_POINT('Origin',(-26.5166439170807,156.065313313019,28.671933774226));
#4922=CARTESIAN_POINT('Origin',(-26.5166439170807,160.065313313019,28.671933774226));
#4923=CARTESIAN_POINT('Origin',(-26.5166439170807,156.065313313019,33.171933774226));
#4924=CARTESIAN_POINT('',(-26.5166439170807,158.065313313019,33.171933774226));
#4925=CARTESIAN_POINT('Origin',(-19.5166439170807,165.744805202752,30.671933774226));
#4926=CARTESIAN_POINT('',(-22.016643889141,170.074932237805,34.671933774226));
#4927=CARTESIAN_POINT('',(-22.016643889141,170.074932237805,30.671933774226));
#4928=CARTESIAN_POINT('Origin',(-19.5166439170807,165.744805202752,34.671933774226));
#4929=CARTESIAN_POINT('Origin',(-29.5166439170807,183.065313536537,30.671933774226));
#4930=CARTESIAN_POINT('',(-14.5166436935633,183.065313633323,34.671933774226));
#4931=CARTESIAN_POINT('',(-14.5166436935633,183.065313633323,30.671933774226));
#4932=CARTESIAN_POINT('Origin',(-29.5166439170807,183.065313536537,34.671933774226));
#4933=CARTESIAN_POINT('Origin',(-9.51664369356325,183.065313665584,30.671933774226));
#4934=CARTESIAN_POINT('Origin',(-9.51664369356325,183.065313665584,34.671933774226));
#4935=CARTESIAN_POINT('Origin',(-54.3993300128323,193.967237436942,33.171933774226));
#4936=CARTESIAN_POINT('',(-52.6672792052634,192.967237436942,28.671933774226));
#4937=CARTESIAN_POINT('',(-52.6672792052634,192.967237436942,33.171933774226));
#4938=CARTESIAN_POINT('Origin',(-54.3993300128323,193.967237436942,28.671933774226));
#4939=CARTESIAN_POINT('Origin',(-50.9352283976945,191.967237436942,28.671933774226));
#4940=CARTESIAN_POINT('',(-50.9352283976945,191.967237436942,30.671933774226));
#4941=CARTESIAN_POINT('Origin',(-50.9352283976945,191.967237436942,32.671933774226));
#4942=CARTESIAN_POINT('Origin',(-50.9352283976945,191.967237436942,28.671933774226));
#4943=CARTESIAN_POINT('Origin',(-32.3892392296653,181.259705598392,32.671933774226));
#4944=CARTESIAN_POINT('',(-46.0166441405981,189.127491492076,30.671933774226));
#4945=CARTESIAN_POINT('Origin',(-46.0166441405981,189.127491492076,32.671933774226));
#4946=CARTESIAN_POINT('',(-32.3892392296653,181.259705598392,30.671933774226));
#4947=CARTESIAN_POINT('Origin',(-49.5166441405981,183.065313665584,32.671933774226));
#4948=CARTESIAN_POINT('',(-42.5166441405981,183.065313620418,30.671933774226));
#4949=CARTESIAN_POINT('',(-44.5166441405981,183.065313633323,32.671933774226));
#4950=CARTESIAN_POINT('Origin',(-42.5166441405981,183.065313620418,32.671933774226));
#4951=CARTESIAN_POINT('Origin',(-49.5166441405981,183.065313665584,32.671933774226));
#4952=CARTESIAN_POINT('Origin',(-49.5166441405981,183.065313665584,30.671933774226));
#4953=CARTESIAN_POINT('Origin',(-29.5166439170807,183.065313536537,32.671933774226));
#4954=CARTESIAN_POINT('',(-36.0166439561962,171.806983051827,30.671933774226));
#4955=CARTESIAN_POINT('',(-37.0166439450203,170.074932237805,32.671933774226));
#4956=CARTESIAN_POINT('Origin',(-36.0166439561962,171.806983051827,32.671933774226));
#4957=CARTESIAN_POINT('Origin',(-29.5166439170807,183.065313536537,32.671933774226));
#4958=CARTESIAN_POINT('Origin',(-29.5166439170807,183.065313536537,30.671933774226));
#4959=CARTESIAN_POINT('Origin',(-39.5166439170807,165.744805202752,32.671933774226));
#4960=CARTESIAN_POINT('',(-32.5166439170807,165.744805202752,30.671933774226));
#4961=CARTESIAN_POINT('Origin',(-32.5166439170807,165.744805202752,32.671933774226));
#4962=CARTESIAN_POINT('Origin',(-39.5166439170807,165.744805202752,32.671933774226));
#4963=CARTESIAN_POINT('Origin',(-39.5166439170807,165.744805202752,30.671933774226));
#4964=CARTESIAN_POINT('Origin',(-32.5166439170807,177.579182152551,32.671933774226));
#4965=CARTESIAN_POINT('',(-32.5166439170807,160.065313313019,30.671933774226));
#4966=CARTESIAN_POINT('Origin',(-32.5166439170807,160.065313313019,32.671933774226));
#4967=CARTESIAN_POINT('',(-32.5166439170807,177.579182152551,30.671933774226));
#4968=CARTESIAN_POINT('Origin',(-32.5166439170807,160.065313313019,28.671933774226));
#4969=CARTESIAN_POINT('',(-32.5166439170807,158.065313313019,28.671933774226));
#4970=CARTESIAN_POINT('Origin',(-32.5166439170807,156.065313313019,28.671933774226));
#4971=CARTESIAN_POINT('Origin',(-32.5166439170807,160.065313313019,28.671933774226));
#4972=CARTESIAN_POINT('Origin',(-32.5166439170807,156.065313313019,33.171933774226));
#4973=CARTESIAN_POINT('',(-32.5166439170807,158.065313313019,33.171933774226));
#4974=CARTESIAN_POINT('Origin',(-34.5166439170807,158.065313313019,35.671933774226));
#4975=CARTESIAN_POINT('',(-24.2714532919115,158.065313313019,28.671933774226));
#4976=CARTESIAN_POINT('Origin',(-24.2714532919115,160.065313313019,28.671933774226));
#4977=CARTESIAN_POINT('',(-24.2714532919115,160.065313313019,30.671933774226));
#4978=CARTESIAN_POINT('Origin',(-14.0262626667423,186.235186629373,30.671933774226));
#4979=CARTESIAN_POINT('',(-47.9352283976945,197.163389859649,30.671933774226));
#4980=CARTESIAN_POINT('',(-45.5626330851099,201.272845486845,30.671933774226));
#4981=CARTESIAN_POINT('',(-43.0166441405981,194.323643914782,30.671933774226));
#4982=CARTESIAN_POINT('',(-29.017773064111,186.241391930422,30.671933774226));
#4983=CARTESIAN_POINT('',(-36.0166441014826,194.323643937366,30.671933774226));
#4984=CARTESIAN_POINT('Origin',(-39.5166441405981,200.385821741273,30.671933774226));
#4985=CARTESIAN_POINT('',(-23.0166437326788,194.323643937366,30.671933774226));
#4986=CARTESIAN_POINT('Origin',(-29.5166439170807,183.065313536537,30.671933774226));
#4987=CARTESIAN_POINT('',(-16.0166436935633,194.323643914782,30.671933774226));
#4988=CARTESIAN_POINT('Origin',(-19.5166436935633,200.385821741273,30.671933774226));
#4989=CARTESIAN_POINT('',(-11.0980594364668,197.163389859649,30.671933774226));
#4990=CARTESIAN_POINT('',(-18.0262626667423,193.163389859649,30.671933774226));
#4991=CARTESIAN_POINT('',(-7.09805943646682,190.235186629373,30.671933774226));
#4992=CARTESIAN_POINT('',(-19.5166437680691,183.065313536537,30.671933774226));
#4993=CARTESIAN_POINT('Origin',(-29.5166439170807,183.065313536537,30.671933774226));
#4994=CARTESIAN_POINT('Origin',(-45.5626330851099,201.272845486845,28.671933774226));
#4995=CARTESIAN_POINT('',(-49.6672792052634,198.163389859649,28.671933774226));
#4996=CARTESIAN_POINT('',(-47.2946838926788,202.272845486845,28.671933774226));
#4997=CARTESIAN_POINT('Origin',(-47.9352283976945,197.163389859649,28.671933774226));
#4998=CARTESIAN_POINT('Origin',(-48.6672792052634,199.895440667218,35.671933774226));
#4999=CARTESIAN_POINT('',(-49.6672792052634,198.163389859649,33.171933774226));
#5000=CARTESIAN_POINT('Origin',(-51.3993300128323,199.163389859649,33.171933774226));
#5001=CARTESIAN_POINT('Origin',(-51.3993300128323,199.163389859649,28.671933774226));
#5002=CARTESIAN_POINT('Origin',(-47.9352283976945,197.163389859649,28.671933774226));
#5003=CARTESIAN_POINT('Origin',(-47.9352283976945,197.163389859649,32.671933774226));
#5004=CARTESIAN_POINT('Origin',(-29.017773064111,186.241391930422,32.671933774226));
#5005=CARTESIAN_POINT('Origin',(-43.0166441405981,194.323643914782,32.671933774226));
#5006=CARTESIAN_POINT('Origin',(-39.5166441405981,200.385821741273,32.671933774226));
#5007=CARTESIAN_POINT('',(-37.0166441126584,196.055694738482,32.671933774226));
#5008=CARTESIAN_POINT('Origin',(-36.0166441014826,194.323643937366,32.671933774226));
#5009=CARTESIAN_POINT('Origin',(-39.5166441405981,200.385821741273,32.671933774226));
#5010=CARTESIAN_POINT('Origin',(-29.5166439170807,183.065313536537,32.671933774226));
#5011=CARTESIAN_POINT('',(-22.0166437215029,196.055694738482,32.671933774226));
#5012=CARTESIAN_POINT('Origin',(-23.0166437326788,194.323643937366,32.671933774226));
#5013=CARTESIAN_POINT('Origin',(-29.5166439170807,183.065313536537,32.671933774226));
#5014=CARTESIAN_POINT('Origin',(-19.5166436935633,200.385821741273,32.671933774226));
#5015=CARTESIAN_POINT('Origin',(-16.0166436935633,194.323643914782,32.671933774226));
#5016=CARTESIAN_POINT('Origin',(-19.5166436935633,200.385821741273,32.671933774226));
#5017=CARTESIAN_POINT('Origin',(-18.0262626667423,193.163389859649,32.671933774226));
#5018=CARTESIAN_POINT('Origin',(-11.0980594364668,197.163389859649,32.671933774226));
#5019=CARTESIAN_POINT('Origin',(-11.0980594364668,197.163389859649,28.671933774226));
#5020=CARTESIAN_POINT('',(-9.36600862889794,198.163389859649,28.671933774226));
#5021=CARTESIAN_POINT('Origin',(-7.63395782132908,199.163389859649,28.671933774226));
#5022=CARTESIAN_POINT('Origin',(-11.0980594364668,197.163389859649,28.671933774226));
#5023=CARTESIAN_POINT('Origin',(-7.63395782132905,199.163389859649,33.171933774226));
#5024=CARTESIAN_POINT('',(-9.36600862889794,198.163389859649,33.171933774226));
#5025=CARTESIAN_POINT('Origin',(-19.5166436935633,200.385821741273,30.671933774226));
#5026=CARTESIAN_POINT('',(-22.0166437215029,196.055694738482,34.671933774226));
#5027=CARTESIAN_POINT('',(-22.0166437215029,196.055694738482,30.671933774226));
#5028=CARTESIAN_POINT('Origin',(-19.5166436935633,200.385821741273,34.671933774226));
#5029=CARTESIAN_POINT('Origin',(-29.5166439170807,183.065313536537,30.671933774226));
#5030=CARTESIAN_POINT('',(-37.0166441126584,196.055694738482,34.671933774226));
#5031=CARTESIAN_POINT('',(-37.0166441126584,196.055694738482,30.671933774226));
#5032=CARTESIAN_POINT('Origin',(-29.5166439170807,183.065313536537,34.671933774226));
#5033=CARTESIAN_POINT('Origin',(-39.5166441405981,200.385821741273,30.671933774226));
#5034=CARTESIAN_POINT('Origin',(-39.5166441405981,200.385821741273,34.671933774226));
#5035=CARTESIAN_POINT('Origin',(-33.3903683766956,190.497961818768,35.171933774226));
#5036=CARTESIAN_POINT('',(-42.5166441405981,195.189669318567,35.671933774226));
#5037=CARTESIAN_POINT('',(-33.6403683766956,190.064949116876,35.671933774226));
#5038=CARTESIAN_POINT('',(-42.0166441405981,196.055694722351,34.671933774226));
#5039=CARTESIAN_POINT('Origin',(-19.5166436935633,200.385821741273,35.171933774226));
#5040=CARTESIAN_POINT('',(-22.5166437270909,195.189669337924,35.671933774226));
#5041=CARTESIAN_POINT('',(-22.0166437215029,196.055694738482,34.671933774226));
#5042=CARTESIAN_POINT('Origin',(-19.5166436935633,200.385821741273,35.671933774226));
#5043=CARTESIAN_POINT('Origin',(-29.5166439170807,183.065313536537,35.171933774226));
#5044=CARTESIAN_POINT('',(-36.5166441070705,195.189669337924,35.671933774226));
#5045=CARTESIAN_POINT('',(-37.0166441126584,196.055694738482,34.671933774226));
#5046=CARTESIAN_POINT('Origin',(-29.5166439170807,183.065313536537,35.671933774226));
#5047=CARTESIAN_POINT('Origin',(-39.5166441405981,200.385821741273,35.171933774226));
#5048=CARTESIAN_POINT('Origin',(-39.5166441405981,200.385821741273,35.671933774226));
#5049=CARTESIAN_POINT('Origin',(-49.5166441405981,183.065313665584,35.171933774226));
#5050=CARTESIAN_POINT('',(-44.5166441405981,183.065313633323,34.671933774226));
#5051=CARTESIAN_POINT('Origin',(-49.5166441405981,183.065313665584,34.671933774226));
#5052=CARTESIAN_POINT('',(-43.5166441405981,183.06531362687,35.671933774226));
#5053=CARTESIAN_POINT('',(-44.5166441405981,183.065313633323,34.671933774226));
#5054=CARTESIAN_POINT('Origin',(-49.5166441405981,183.065313665584,35.671933774226));
#5055=CARTESIAN_POINT('Origin',(-29.5166439170807,183.065313536537,35.171933774226));
#5056=CARTESIAN_POINT('',(-37.0166439450203,170.074932237805,34.671933774226));
#5057=CARTESIAN_POINT('',(-36.5166439506083,170.940957644816,35.671933774226));
#5058=CARTESIAN_POINT('',(-37.0166439450203,170.074932237805,34.671933774226));
#5059=CARTESIAN_POINT('Origin',(-29.5166439170807,183.065313536537,35.671933774226));
#5060=CARTESIAN_POINT('Origin',(-29.5166439170807,183.065313536537,34.671933774226));
#5061=CARTESIAN_POINT('Origin',(-39.5166439170807,165.744805202752,35.171933774226));
#5062=CARTESIAN_POINT('Origin',(-39.5166439170807,165.744805202752,34.671933774226));
#5063=CARTESIAN_POINT('Origin',(-39.5166439170807,165.744805202752,35.671933774226));
#5064=CARTESIAN_POINT('Origin',(-19.5166439170807,165.744805202752,35.171933774226));
#5065=CARTESIAN_POINT('',(-22.5166438835531,170.940957644816,35.671933774226));
#5066=CARTESIAN_POINT('',(-22.016643889141,170.074932237805,34.671933774226));
#5067=CARTESIAN_POINT('Origin',(-19.5166439170807,165.744805202752,35.671933774226));
#5068=CARTESIAN_POINT('Origin',(-29.5166439170807,183.065313536537,35.171933774226));
#5069=CARTESIAN_POINT('',(-15.5166436935633,183.06531362687,35.671933774226));
#5070=CARTESIAN_POINT('',(-14.5166436935633,183.065313633323,34.671933774226));
#5071=CARTESIAN_POINT('Origin',(-29.5166439170807,183.065313536537,35.671933774226));
#5072=CARTESIAN_POINT('Origin',(-9.51664369356325,183.065313665584,35.171933774226));
#5073=CARTESIAN_POINT('Origin',(-9.51664369356325,183.065313665584,35.671933774226));
#5074=CARTESIAN_POINT('Origin',(-39.5166439170807,165.744805202752,30.671933774226));
#5075=CARTESIAN_POINT('',(-37.0166439450203,170.074932237805,30.671933774226));
#5076=CARTESIAN_POINT('Origin',(-29.5166439170807,183.065313536537,30.671933774226));
#5077=CARTESIAN_POINT('',(-44.5166441405981,183.065313633323,30.671933774226));
#5078=CARTESIAN_POINT('Origin',(-49.5166441405981,183.065313665584,30.671933774226));
#5079=CARTESIAN_POINT('Origin',(-29.5166439170807,183.065313536537,35.671933774226));
#5080=CARTESIAN_POINT('',(-19.5166437680691,183.065313536537,35.671933774226));
#5081=CARTESIAN_POINT('Origin',(-29.5166439170807,183.065313536537,35.671933774226));
#5082=CARTESIAN_POINT('Origin',(-7.09805943646682,190.235186629373,28.671933774226));
#5083=CARTESIAN_POINT('',(-5.36600862889793,191.235186629373,28.671933774226));
#5084=CARTESIAN_POINT('Origin',(-5.36600862889794,191.235186629373,35.671933774226));
#5085=CARTESIAN_POINT('Origin',(-29.5166439170807,183.065313536537,30.671933774226));
#5086=CARTESIAN_POINT('',(-19.5166437680691,183.065313536537,30.671933774226));
#5087=UNCERTAINTY_MEASURE_WITH_UNIT(LENGTH_MEASURE(0.01),#5091,
'DISTANCE_ACCURACY_VALUE',
'Maximum model space distance between geometric entities at asserted c
onnectivities');
#5088=UNCERTAINTY_MEASURE_WITH_UNIT(LENGTH_MEASURE(0.01),#5091,
'DISTANCE_ACCURACY_VALUE',
'Maximum model space distance between geometric entities at asserted c
onnectivities');
#5089=(
GEOMETRIC_REPRESENTATION_CONTEXT(3)
GLOBAL_UNCERTAINTY_ASSIGNED_CONTEXT((#5087))
GLOBAL_UNIT_ASSIGNED_CONTEXT((#5091,#5093,#5094))
REPRESENTATION_CONTEXT('','3D')
);
#5090=(
GEOMETRIC_REPRESENTATION_CONTEXT(3)
GLOBAL_UNCERTAINTY_ASSIGNED_CONTEXT((#5088))
GLOBAL_UNIT_ASSIGNED_CONTEXT((#5091,#5093,#5094))
REPRESENTATION_CONTEXT('','3D')
);
#5091=(
LENGTH_UNIT()
NAMED_UNIT(*)
SI_UNIT(.MILLI.,.METRE.)
);
#5092=(
LENGTH_UNIT()
NAMED_UNIT(*)
SI_UNIT($,.METRE.)
);
#5093=(
NAMED_UNIT(*)
PLANE_ANGLE_UNIT()
SI_UNIT($,.RADIAN.)
);
#5094=(
NAMED_UNIT(*)
SI_UNIT($,.STERADIAN.)
SOLID_ANGLE_UNIT()
);
#5095=SHAPE_DEFINITION_REPRESENTATION(#5096,#5097);
#5096=PRODUCT_DEFINITION_SHAPE('',$,#5099);
#5097=SHAPE_REPRESENTATION('',(#2172),#5089);
#5098=PRODUCT_DEFINITION_CONTEXT('part definition',#5103,'design');
#5099=PRODUCT_DEFINITION('2026-06-20-16-32-55-149','FusionComponent',#5100,
#5098);
#5100=PRODUCT_DEFINITION_FORMATION('',$,#5105);
#5101=PRODUCT_RELATED_PRODUCT_CATEGORY('FusionComponent',
'FusionComponent',(#5105));
#5102=APPLICATION_PROTOCOL_DEFINITION('international standard',
'automotive_design',2009,#5103);
#5103=APPLICATION_CONTEXT(
'Core Data for Automotive Mechanical Design Process');
#5104=PRODUCT_CONTEXT('part definition',#5103,'mechanical');
#5105=PRODUCT('2026-06-20-16-32-55-149','FusionComponent',$,(#5104));
#5106=PRESENTATION_STYLE_ASSIGNMENT((#5107));
#5107=SURFACE_STYLE_USAGE(.BOTH.,#5108);
#5108=SURFACE_SIDE_STYLE('',(#5109));
#5109=SURFACE_STYLE_FILL_AREA(#5110);
#5110=FILL_AREA_STYLE('Steel - Satin',(#5111));
#5111=FILL_AREA_STYLE_COLOUR('Steel - Satin',#5112);
#5112=COLOUR_RGB('Steel - Satin',0.627450980392157,0.627450980392157,0.627450980392157);
ENDSEC;
END-ISO-10303-21;
