ISO-10303-21;
HEADER;
/* Generated by software containing ST-Developer
 * from STEP Tools, Inc. (www.steptools.com) 
 */

FILE_DESCRIPTION(
/* description */ (''),
/* implementation_level */ '2;1');

FILE_NAME(
/* name */ 'Claw Base A x1.step',
/* time_stamp */ '2026-06-20T16:42:37-05:00',
/* author */ (''),
/* organization */ (''),
/* preprocessor_version */ 'ST-DEVELOPER v20.1',
/* originating_system */ 'Autodesk Translation Framework v15.8.0.0',
/* authorisation */ '');

FILE_SCHEMA (('AUTOMOTIVE_DESIGN { 1 0 10303 214 3 1 1 }'));
ENDSEC;

DATA;
#10=MECHANICAL_DESIGN_GEOMETRIC_PRESENTATION_REPRESENTATION('',(#13),#3362);
#11=SHAPE_REPRESENTATION_RELATIONSHIP('SRR','None',#3369,#12);
#12=ADVANCED_BREP_SHAPE_REPRESENTATION('',(#14),#3361);
#13=STYLED_ITEM('',(#3378),#14);
#14=MANIFOLD_SOLID_BREP('Body1',#1948);
#15=B_SPLINE_CURVE_WITH_KNOTS('',3,(#3102,#3103,#3104,#3105,#3106,#3107,
#3108,#3109),.UNSPECIFIED.,.F.,.F.,(4,2,2,4),(1.8691210074205,1.97835135048162,
2.06893505939231,2.15951876830299),.UNSPECIFIED.);
#16=B_SPLINE_CURVE_WITH_KNOTS('',3,(#3115,#3116,#3117,#3118,#3119,#3120,
#3121,#3122),.UNSPECIFIED.,.F.,.F.,(4,2,2,4),(0.,0.090583708910683,0.181167417821366,
0.290397760882485),.UNSPECIFIED.);
#17=FACE_BOUND('',#233,.T.);
#18=FACE_BOUND('',#234,.T.);
#19=FACE_BOUND('',#235,.T.);
#20=FACE_BOUND('',#236,.T.);
#21=FACE_BOUND('',#237,.T.);
#22=FACE_BOUND('',#238,.T.);
#23=FACE_BOUND('',#239,.T.);
#24=FACE_BOUND('',#240,.T.);
#25=FACE_BOUND('',#241,.T.);
#26=FACE_BOUND('',#242,.T.);
#27=FACE_BOUND('',#243,.T.);
#28=FACE_BOUND('',#309,.T.);
#29=FACE_BOUND('',#310,.T.);
#30=FACE_BOUND('',#311,.T.);
#31=FACE_BOUND('',#312,.T.);
#32=FACE_BOUND('',#313,.T.);
#33=FACE_BOUND('',#314,.T.);
#34=FACE_BOUND('',#315,.T.);
#35=FACE_BOUND('',#316,.T.);
#36=FACE_BOUND('',#317,.T.);
#37=TOROIDAL_SURFACE('',#2013,4.,1.5);
#38=TOROIDAL_SURFACE('',#2019,4.,1.5);
#39=TOROIDAL_SURFACE('',#2025,4.,1.5);
#40=TOROIDAL_SURFACE('',#2056,4.,1.5);
#41=TOROIDAL_SURFACE('',#2062,4.,1.5);
#42=TOROIDAL_SURFACE('',#2065,4.,1.5);
#43=TOROIDAL_SURFACE('',#2071,4.,1.5);
#44=TOROIDAL_SURFACE('',#2075,4.,1.5);
#45=TOROIDAL_SURFACE('',#2078,4.,1.5);
#46=TOROIDAL_SURFACE('',#2090,4.,1.5);
#47=TOROIDAL_SURFACE('',#2095,4.,1.5);
#48=TOROIDAL_SURFACE('',#2100,4.,1.5);
#49=PLANE('',#1965);
#50=PLANE('',#1969);
#51=PLANE('',#1973);
#52=PLANE('',#1977);
#53=PLANE('',#1981);
#54=PLANE('',#1985);
#55=PLANE('',#1989);
#56=PLANE('',#1993);
#57=PLANE('',#1997);
#58=PLANE('',#2001);
#59=PLANE('',#2005);
#60=PLANE('',#2009);
#61=PLANE('',#2028);
#62=PLANE('',#2031);
#63=PLANE('',#2032);
#64=PLANE('',#2084);
#65=PLANE('',#2102);
#66=PLANE('',#2105);
#67=PLANE('',#2108);
#68=PLANE('',#2111);
#69=PLANE('',#2112);
#70=PLANE('',#2116);
#71=PLANE('',#2132);
#72=PLANE('',#2135);
#73=PLANE('',#2138);
#74=PLANE('',#2141);
#75=PLANE('',#2144);
#76=PLANE('',#2147);
#77=PLANE('',#2148);
#78=PLANE('',#2149);
#79=PLANE('',#2150);
#80=PLANE('',#2151);
#81=PLANE('',#2154);
#82=PLANE('',#2155);
#83=PLANE('',#2158);
#84=PLANE('',#2159);
#85=PLANE('',#2160);
#86=PLANE('',#2163);
#87=PLANE('',#2164);
#88=PLANE('',#2167);
#89=PLANE('',#2168);
#90=PLANE('',#2171);
#91=PLANE('',#2172);
#92=PLANE('',#2174);
#93=PLANE('',#2176);
#94=FACE_OUTER_BOUND('',#199,.T.);
#95=FACE_OUTER_BOUND('',#200,.T.);
#96=FACE_OUTER_BOUND('',#201,.T.);
#97=FACE_OUTER_BOUND('',#202,.T.);
#98=FACE_OUTER_BOUND('',#203,.T.);
#99=FACE_OUTER_BOUND('',#204,.T.);
#100=FACE_OUTER_BOUND('',#205,.T.);
#101=FACE_OUTER_BOUND('',#206,.T.);
#102=FACE_OUTER_BOUND('',#207,.T.);
#103=FACE_OUTER_BOUND('',#208,.T.);
#104=FACE_OUTER_BOUND('',#209,.T.);
#105=FACE_OUTER_BOUND('',#210,.T.);
#106=FACE_OUTER_BOUND('',#211,.T.);
#107=FACE_OUTER_BOUND('',#212,.T.);
#108=FACE_OUTER_BOUND('',#213,.T.);
#109=FACE_OUTER_BOUND('',#214,.T.);
#110=FACE_OUTER_BOUND('',#215,.T.);
#111=FACE_OUTER_BOUND('',#216,.T.);
#112=FACE_OUTER_BOUND('',#217,.T.);
#113=FACE_OUTER_BOUND('',#218,.T.);
#114=FACE_OUTER_BOUND('',#219,.T.);
#115=FACE_OUTER_BOUND('',#220,.T.);
#116=FACE_OUTER_BOUND('',#221,.T.);
#117=FACE_OUTER_BOUND('',#222,.T.);
#118=FACE_OUTER_BOUND('',#223,.T.);
#119=FACE_OUTER_BOUND('',#224,.T.);
#120=FACE_OUTER_BOUND('',#225,.T.);
#121=FACE_OUTER_BOUND('',#226,.T.);
#122=FACE_OUTER_BOUND('',#227,.T.);
#123=FACE_OUTER_BOUND('',#228,.T.);
#124=FACE_OUTER_BOUND('',#229,.T.);
#125=FACE_OUTER_BOUND('',#230,.T.);
#126=FACE_OUTER_BOUND('',#231,.T.);
#127=FACE_OUTER_BOUND('',#232,.T.);
#128=FACE_OUTER_BOUND('',#244,.T.);
#129=FACE_OUTER_BOUND('',#245,.T.);
#130=FACE_OUTER_BOUND('',#246,.T.);
#131=FACE_OUTER_BOUND('',#247,.T.);
#132=FACE_OUTER_BOUND('',#248,.T.);
#133=FACE_OUTER_BOUND('',#249,.T.);
#134=FACE_OUTER_BOUND('',#250,.T.);
#135=FACE_OUTER_BOUND('',#251,.T.);
#136=FACE_OUTER_BOUND('',#252,.T.);
#137=FACE_OUTER_BOUND('',#253,.T.);
#138=FACE_OUTER_BOUND('',#254,.T.);
#139=FACE_OUTER_BOUND('',#255,.T.);
#140=FACE_OUTER_BOUND('',#256,.T.);
#141=FACE_OUTER_BOUND('',#257,.T.);
#142=FACE_OUTER_BOUND('',#258,.T.);
#143=FACE_OUTER_BOUND('',#259,.T.);
#144=FACE_OUTER_BOUND('',#260,.T.);
#145=FACE_OUTER_BOUND('',#261,.T.);
#146=FACE_OUTER_BOUND('',#262,.T.);
#147=FACE_OUTER_BOUND('',#263,.T.);
#148=FACE_OUTER_BOUND('',#264,.T.);
#149=FACE_OUTER_BOUND('',#265,.T.);
#150=FACE_OUTER_BOUND('',#266,.T.);
#151=FACE_OUTER_BOUND('',#267,.T.);
#152=FACE_OUTER_BOUND('',#268,.T.);
#153=FACE_OUTER_BOUND('',#269,.T.);
#154=FACE_OUTER_BOUND('',#270,.T.);
#155=FACE_OUTER_BOUND('',#271,.T.);
#156=FACE_OUTER_BOUND('',#272,.T.);
#157=FACE_OUTER_BOUND('',#273,.T.);
#158=FACE_OUTER_BOUND('',#274,.T.);
#159=FACE_OUTER_BOUND('',#275,.T.);
#160=FACE_OUTER_BOUND('',#276,.T.);
#161=FACE_OUTER_BOUND('',#277,.T.);
#162=FACE_OUTER_BOUND('',#278,.T.);
#163=FACE_OUTER_BOUND('',#279,.T.);
#164=FACE_OUTER_BOUND('',#280,.T.);
#165=FACE_OUTER_BOUND('',#281,.T.);
#166=FACE_OUTER_BOUND('',#282,.T.);
#167=FACE_OUTER_BOUND('',#283,.T.);
#168=FACE_OUTER_BOUND('',#284,.T.);
#169=FACE_OUTER_BOUND('',#285,.T.);
#170=FACE_OUTER_BOUND('',#286,.T.);
#171=FACE_OUTER_BOUND('',#287,.T.);
#172=FACE_OUTER_BOUND('',#288,.T.);
#173=FACE_OUTER_BOUND('',#289,.T.);
#174=FACE_OUTER_BOUND('',#290,.T.);
#175=FACE_OUTER_BOUND('',#291,.T.);
#176=FACE_OUTER_BOUND('',#292,.T.);
#177=FACE_OUTER_BOUND('',#293,.T.);
#178=FACE_OUTER_BOUND('',#294,.T.);
#179=FACE_OUTER_BOUND('',#295,.T.);
#180=FACE_OUTER_BOUND('',#296,.T.);
#181=FACE_OUTER_BOUND('',#297,.T.);
#182=FACE_OUTER_BOUND('',#298,.T.);
#183=FACE_OUTER_BOUND('',#299,.T.);
#184=FACE_OUTER_BOUND('',#300,.T.);
#185=FACE_OUTER_BOUND('',#301,.T.);
#186=FACE_OUTER_BOUND('',#302,.T.);
#187=FACE_OUTER_BOUND('',#303,.T.);
#188=FACE_OUTER_BOUND('',#304,.T.);
#189=FACE_OUTER_BOUND('',#305,.T.);
#190=FACE_OUTER_BOUND('',#306,.T.);
#191=FACE_OUTER_BOUND('',#307,.T.);
#192=FACE_OUTER_BOUND('',#308,.T.);
#193=FACE_OUTER_BOUND('',#318,.T.);
#194=FACE_OUTER_BOUND('',#319,.T.);
#195=FACE_OUTER_BOUND('',#320,.T.);
#196=FACE_OUTER_BOUND('',#321,.T.);
#197=FACE_OUTER_BOUND('',#322,.T.);
#198=FACE_OUTER_BOUND('',#323,.T.);
#199=EDGE_LOOP('',(#1233,#1234,#1235,#1236));
#200=EDGE_LOOP('',(#1237,#1238,#1239,#1240));
#201=EDGE_LOOP('',(#1241,#1242,#1243,#1244));
#202=EDGE_LOOP('',(#1245,#1246,#1247,#1248));
#203=EDGE_LOOP('',(#1249,#1250,#1251,#1252));
#204=EDGE_LOOP('',(#1253,#1254,#1255,#1256));
#205=EDGE_LOOP('',(#1257,#1258,#1259,#1260));
#206=EDGE_LOOP('',(#1261,#1262,#1263,#1264));
#207=EDGE_LOOP('',(#1265,#1266,#1267,#1268));
#208=EDGE_LOOP('',(#1269,#1270,#1271,#1272));
#209=EDGE_LOOP('',(#1273,#1274,#1275,#1276));
#210=EDGE_LOOP('',(#1277,#1278,#1279,#1280));
#211=EDGE_LOOP('',(#1281,#1282,#1283,#1284));
#212=EDGE_LOOP('',(#1285,#1286,#1287,#1288));
#213=EDGE_LOOP('',(#1289,#1290,#1291,#1292));
#214=EDGE_LOOP('',(#1293,#1294,#1295,#1296));
#215=EDGE_LOOP('',(#1297,#1298,#1299,#1300));
#216=EDGE_LOOP('',(#1301,#1302,#1303,#1304));
#217=EDGE_LOOP('',(#1305,#1306,#1307,#1308));
#218=EDGE_LOOP('',(#1309,#1310,#1311,#1312));
#219=EDGE_LOOP('',(#1313,#1314,#1315,#1316));
#220=EDGE_LOOP('',(#1317,#1318,#1319,#1320));
#221=EDGE_LOOP('',(#1321,#1322,#1323,#1324));
#222=EDGE_LOOP('',(#1325,#1326,#1327,#1328));
#223=EDGE_LOOP('',(#1329,#1330,#1331,#1332));
#224=EDGE_LOOP('',(#1333,#1334,#1335,#1336));
#225=EDGE_LOOP('',(#1337,#1338,#1339,#1340));
#226=EDGE_LOOP('',(#1341,#1342,#1343,#1344));
#227=EDGE_LOOP('',(#1345,#1346,#1347,#1348));
#228=EDGE_LOOP('',(#1349,#1350,#1351,#1352));
#229=EDGE_LOOP('',(#1353,#1354,#1355,#1356));
#230=EDGE_LOOP('',(#1357,#1358,#1359,#1360));
#231=EDGE_LOOP('',(#1361,#1362,#1363,#1364));
#232=EDGE_LOOP('',(#1365,#1366,#1367,#1368,#1369,#1370,#1371,#1372,#1373,
#1374,#1375,#1376,#1377,#1378,#1379,#1380,#1381,#1382,#1383,#1384,#1385,
#1386,#1387,#1388,#1389,#1390,#1391,#1392,#1393,#1394,#1395,#1396,#1397,
#1398,#1399,#1400));
#233=EDGE_LOOP('',(#1401,#1402,#1403,#1404,#1405,#1406));
#234=EDGE_LOOP('',(#1407,#1408,#1409,#1410,#1411,#1412,#1413,#1414));
#235=EDGE_LOOP('',(#1415,#1416,#1417,#1418,#1419,#1420,#1421,#1422));
#236=EDGE_LOOP('',(#1423,#1424,#1425,#1426,#1427,#1428,#1429,#1430));
#237=EDGE_LOOP('',(#1431));
#238=EDGE_LOOP('',(#1432));
#239=EDGE_LOOP('',(#1433));
#240=EDGE_LOOP('',(#1434));
#241=EDGE_LOOP('',(#1435));
#242=EDGE_LOOP('',(#1436));
#243=EDGE_LOOP('',(#1437,#1438,#1439,#1440,#1441,#1442));
#244=EDGE_LOOP('',(#1443,#1444,#1445,#1446));
#245=EDGE_LOOP('',(#1447,#1448,#1449,#1450));
#246=EDGE_LOOP('',(#1451,#1452,#1453,#1454));
#247=EDGE_LOOP('',(#1455,#1456,#1457,#1458));
#248=EDGE_LOOP('',(#1459,#1460,#1461,#1462));
#249=EDGE_LOOP('',(#1463,#1464,#1465,#1466));
#250=EDGE_LOOP('',(#1467,#1468,#1469,#1470));
#251=EDGE_LOOP('',(#1471,#1472,#1473,#1474));
#252=EDGE_LOOP('',(#1475,#1476,#1477,#1478));
#253=EDGE_LOOP('',(#1479,#1480,#1481,#1482));
#254=EDGE_LOOP('',(#1483,#1484,#1485,#1486,#1487));
#255=EDGE_LOOP('',(#1488,#1489,#1490,#1491));
#256=EDGE_LOOP('',(#1492,#1493,#1494,#1495,#1496));
#257=EDGE_LOOP('',(#1497,#1498,#1499,#1500));
#258=EDGE_LOOP('',(#1501,#1502,#1503,#1504));
#259=EDGE_LOOP('',(#1505,#1506,#1507,#1508));
#260=EDGE_LOOP('',(#1509,#1510,#1511,#1512));
#261=EDGE_LOOP('',(#1513,#1514,#1515,#1516));
#262=EDGE_LOOP('',(#1517,#1518,#1519,#1520));
#263=EDGE_LOOP('',(#1521,#1522,#1523,#1524));
#264=EDGE_LOOP('',(#1525,#1526,#1527,#1528));
#265=EDGE_LOOP('',(#1529,#1530,#1531,#1532));
#266=EDGE_LOOP('',(#1533,#1534,#1535,#1536));
#267=EDGE_LOOP('',(#1537,#1538,#1539,#1540,#1541,#1542));
#268=EDGE_LOOP('',(#1543,#1544,#1545,#1546));
#269=EDGE_LOOP('',(#1547,#1548,#1549,#1550));
#270=EDGE_LOOP('',(#1551,#1552,#1553,#1554,#1555,#1556));
#271=EDGE_LOOP('',(#1557,#1558,#1559,#1560));
#272=EDGE_LOOP('',(#1561,#1562,#1563,#1564));
#273=EDGE_LOOP('',(#1565,#1566,#1567,#1568));
#274=EDGE_LOOP('',(#1569,#1570,#1571,#1572));
#275=EDGE_LOOP('',(#1573,#1574,#1575,#1576));
#276=EDGE_LOOP('',(#1577,#1578,#1579,#1580));
#277=EDGE_LOOP('',(#1581,#1582,#1583,#1584));
#278=EDGE_LOOP('',(#1585,#1586,#1587,#1588));
#279=EDGE_LOOP('',(#1589,#1590,#1591,#1592));
#280=EDGE_LOOP('',(#1593,#1594,#1595,#1596));
#281=EDGE_LOOP('',(#1597,#1598,#1599,#1600,#1601,#1602,#1603,#1604));
#282=EDGE_LOOP('',(#1605,#1606,#1607,#1608));
#283=EDGE_LOOP('',(#1609,#1610,#1611,#1612));
#284=EDGE_LOOP('',(#1613,#1614,#1615,#1616));
#285=EDGE_LOOP('',(#1617,#1618,#1619,#1620));
#286=EDGE_LOOP('',(#1621,#1622,#1623,#1624));
#287=EDGE_LOOP('',(#1625,#1626,#1627,#1628));
#288=EDGE_LOOP('',(#1629,#1630,#1631,#1632));
#289=EDGE_LOOP('',(#1633,#1634,#1635,#1636));
#290=EDGE_LOOP('',(#1637,#1638,#1639,#1640));
#291=EDGE_LOOP('',(#1641,#1642,#1643,#1644));
#292=EDGE_LOOP('',(#1645,#1646,#1647,#1648));
#293=EDGE_LOOP('',(#1649,#1650,#1651,#1652));
#294=EDGE_LOOP('',(#1653,#1654,#1655,#1656));
#295=EDGE_LOOP('',(#1657,#1658,#1659,#1660));
#296=EDGE_LOOP('',(#1661,#1662,#1663,#1664));
#297=EDGE_LOOP('',(#1665,#1666,#1667,#1668));
#298=EDGE_LOOP('',(#1669,#1670,#1671,#1672));
#299=EDGE_LOOP('',(#1673,#1674,#1675,#1676));
#300=EDGE_LOOP('',(#1677,#1678,#1679,#1680));
#301=EDGE_LOOP('',(#1681,#1682,#1683,#1684));
#302=EDGE_LOOP('',(#1685,#1686,#1687,#1688));
#303=EDGE_LOOP('',(#1689,#1690,#1691,#1692));
#304=EDGE_LOOP('',(#1693,#1694,#1695,#1696));
#305=EDGE_LOOP('',(#1697,#1698,#1699,#1700));
#306=EDGE_LOOP('',(#1701,#1702,#1703,#1704));
#307=EDGE_LOOP('',(#1705,#1706,#1707,#1708));
#308=EDGE_LOOP('',(#1709,#1710,#1711,#1712,#1713,#1714,#1715,#1716,#1717,
#1718,#1719,#1720,#1721,#1722,#1723,#1724,#1725,#1726,#1727,#1728,#1729,
#1730,#1731,#1732,#1733,#1734,#1735,#1736));
#309=EDGE_LOOP('',(#1737));
#310=EDGE_LOOP('',(#1738));
#311=EDGE_LOOP('',(#1739));
#312=EDGE_LOOP('',(#1740));
#313=EDGE_LOOP('',(#1741));
#314=EDGE_LOOP('',(#1742));
#315=EDGE_LOOP('',(#1743,#1744,#1745,#1746,#1747,#1748,#1749,#1750));
#316=EDGE_LOOP('',(#1751,#1752,#1753,#1754,#1755,#1756,#1757,#1758));
#317=EDGE_LOOP('',(#1759,#1760,#1761,#1762,#1763,#1764,#1765,#1766));
#318=EDGE_LOOP('',(#1767,#1768,#1769,#1770));
#319=EDGE_LOOP('',(#1771,#1772,#1773,#1774));
#320=EDGE_LOOP('',(#1775,#1776,#1777,#1778,#1779,#1780,#1781,#1782));
#321=EDGE_LOOP('',(#1783,#1784,#1785,#1786));
#322=EDGE_LOOP('',(#1787,#1788,#1789,#1790));
#323=EDGE_LOOP('',(#1791,#1792,#1793,#1794));
#324=LINE('',#2784,#493);
#325=LINE('',#2787,#494);
#326=LINE('',#2790,#495);
#327=LINE('',#2792,#496);
#328=LINE('',#2793,#497);
#329=LINE('',#2799,#498);
#330=LINE('',#2802,#499);
#331=LINE('',#2805,#500);
#332=LINE('',#2807,#501);
#333=LINE('',#2808,#502);
#334=LINE('',#2814,#503);
#335=LINE('',#2817,#504);
#336=LINE('',#2820,#505);
#337=LINE('',#2822,#506);
#338=LINE('',#2823,#507);
#339=LINE('',#2829,#508);
#340=LINE('',#2832,#509);
#341=LINE('',#2835,#510);
#342=LINE('',#2837,#511);
#343=LINE('',#2838,#512);
#344=LINE('',#2844,#513);
#345=LINE('',#2847,#514);
#346=LINE('',#2850,#515);
#347=LINE('',#2852,#516);
#348=LINE('',#2853,#517);
#349=LINE('',#2859,#518);
#350=LINE('',#2862,#519);
#351=LINE('',#2865,#520);
#352=LINE('',#2867,#521);
#353=LINE('',#2868,#522);
#354=LINE('',#2873,#523);
#355=LINE('',#2876,#524);
#356=LINE('',#2877,#525);
#357=LINE('',#2882,#526);
#358=LINE('',#2885,#527);
#359=LINE('',#2886,#528);
#360=LINE('',#2891,#529);
#361=LINE('',#2894,#530);
#362=LINE('',#2895,#531);
#363=LINE('',#2900,#532);
#364=LINE('',#2903,#533);
#365=LINE('',#2904,#534);
#366=LINE('',#2909,#535);
#367=LINE('',#2912,#536);
#368=LINE('',#2913,#537);
#369=LINE('',#2918,#538);
#370=LINE('',#2921,#539);
#371=LINE('',#2922,#540);
#372=LINE('',#2928,#541);
#373=LINE('',#2931,#542);
#374=LINE('',#2942,#543);
#375=LINE('',#2943,#544);
#376=LINE('',#2954,#545);
#377=LINE('',#2955,#546);
#378=LINE('',#2961,#547);
#379=LINE('',#2963,#548);
#380=LINE('',#2964,#549);
#381=LINE('',#2967,#550);
#382=LINE('',#2971,#551);
#383=LINE('',#2972,#552);
#384=LINE('',#2978,#553);
#385=LINE('',#2982,#554);
#386=LINE('',#2984,#555);
#387=LINE('',#2986,#556);
#388=LINE('',#2990,#557);
#389=LINE('',#2994,#558);
#390=LINE('',#2996,#559);
#391=LINE('',#3000,#560);
#392=LINE('',#3004,#561);
#393=LINE('',#3006,#562);
#394=LINE('',#3008,#563);
#395=LINE('',#3012,#564);
#396=LINE('',#3016,#565);
#397=LINE('',#3018,#566);
#398=LINE('',#3022,#567);
#399=LINE('',#3026,#568);
#400=LINE('',#3028,#569);
#401=LINE('',#3030,#570);
#402=LINE('',#3034,#571);
#403=LINE('',#3038,#572);
#404=LINE('',#3042,#573);
#405=LINE('',#3045,#574);
#406=LINE('',#3048,#575);
#407=LINE('',#3052,#576);
#408=LINE('',#3056,#577);
#409=LINE('',#3079,#578);
#410=LINE('',#3093,#579);
#411=LINE('',#3099,#580);
#412=LINE('',#3127,#581);
#413=LINE('',#3128,#582);
#414=LINE('',#3131,#583);
#415=LINE('',#3134,#584);
#416=LINE('',#3137,#585);
#417=LINE('',#3138,#586);
#418=LINE('',#3141,#587);
#419=LINE('',#3147,#588);
#420=LINE('',#3156,#589);
#421=LINE('',#3164,#590);
#422=LINE('',#3169,#591);
#423=LINE('',#3171,#592);
#424=LINE('',#3172,#593);
#425=LINE('',#3175,#594);
#426=LINE('',#3179,#595);
#427=LINE('',#3180,#596);
#428=LINE('',#3183,#597);
#429=LINE('',#3187,#598);
#430=LINE('',#3190,#599);
#431=LINE('',#3196,#600);
#432=LINE('',#3199,#601);
#433=LINE('',#3201,#602);
#434=LINE('',#3205,#603);
#435=LINE('',#3209,#604);
#436=LINE('',#3213,#605);
#437=LINE('',#3217,#606);
#438=LINE('',#3221,#607);
#439=LINE('',#3225,#608);
#440=LINE('',#3231,#609);
#441=LINE('',#3232,#610);
#442=LINE('',#3235,#611);
#443=LINE('',#3236,#612);
#444=LINE('',#3241,#613);
#445=LINE('',#3242,#614);
#446=LINE('',#3245,#615);
#447=LINE('',#3246,#616);
#448=LINE('',#3250,#617);
#449=LINE('',#3253,#618);
#450=LINE('',#3254,#619);
#451=LINE('',#3259,#620);
#452=LINE('',#3260,#621);
#453=LINE('',#3263,#622);
#454=LINE('',#3264,#623);
#455=LINE('',#3269,#624);
#456=LINE('',#3270,#625);
#457=LINE('',#3273,#626);
#458=LINE('',#3274,#627);
#459=LINE('',#3279,#628);
#460=LINE('',#3280,#629);
#461=LINE('',#3283,#630);
#462=LINE('',#3284,#631);
#463=LINE('',#3287,#632);
#464=LINE('',#3288,#633);
#465=LINE('',#3291,#634);
#466=LINE('',#3292,#635);
#467=LINE('',#3294,#636);
#468=LINE('',#3297,#637);
#469=LINE('',#3298,#638);
#470=LINE('',#3302,#639);
#471=LINE('',#3305,#640);
#472=LINE('',#3306,#641);
#473=LINE('',#3309,#642);
#474=LINE('',#3310,#643);
#475=LINE('',#3315,#644);
#476=LINE('',#3316,#645);
#477=LINE('',#3318,#646);
#478=LINE('',#3321,#647);
#479=LINE('',#3322,#648);
#480=LINE('',#3326,#649);
#481=LINE('',#3329,#650);
#482=LINE('',#3330,#651);
#483=LINE('',#3333,#652);
#484=LINE('',#3334,#653);
#485=LINE('',#3338,#654);
#486=LINE('',#3342,#655);
#487=LINE('',#3345,#656);
#488=LINE('',#3347,#657);
#489=LINE('',#3350,#658);
#490=LINE('',#3353,#659);
#491=LINE('',#3355,#660);
#492=LINE('',#3357,#661);
#493=VECTOR('',#2183,10.);
#494=VECTOR('',#2186,10.);
#495=VECTOR('',#2189,10.);
#496=VECTOR('',#2190,10.);
#497=VECTOR('',#2191,10.);
#498=VECTOR('',#2196,10.);
#499=VECTOR('',#2199,10.);
#500=VECTOR('',#2202,10.);
#501=VECTOR('',#2203,10.);
#502=VECTOR('',#2204,10.);
#503=VECTOR('',#2209,10.);
#504=VECTOR('',#2212,10.);
#505=VECTOR('',#2215,10.);
#506=VECTOR('',#2216,10.);
#507=VECTOR('',#2217,10.);
#508=VECTOR('',#2222,10.);
#509=VECTOR('',#2225,10.);
#510=VECTOR('',#2228,10.);
#511=VECTOR('',#2229,10.);
#512=VECTOR('',#2230,10.);
#513=VECTOR('',#2235,10.);
#514=VECTOR('',#2238,10.);
#515=VECTOR('',#2241,10.);
#516=VECTOR('',#2242,10.);
#517=VECTOR('',#2243,10.);
#518=VECTOR('',#2248,10.);
#519=VECTOR('',#2251,10.);
#520=VECTOR('',#2254,10.);
#521=VECTOR('',#2255,10.);
#522=VECTOR('',#2256,10.);
#523=VECTOR('',#2261,10.);
#524=VECTOR('',#2266,10.);
#525=VECTOR('',#2267,10.);
#526=VECTOR('',#2272,10.);
#527=VECTOR('',#2277,10.);
#528=VECTOR('',#2278,10.);
#529=VECTOR('',#2283,10.);
#530=VECTOR('',#2288,10.);
#531=VECTOR('',#2289,10.);
#532=VECTOR('',#2294,10.);
#533=VECTOR('',#2299,10.);
#534=VECTOR('',#2300,10.);
#535=VECTOR('',#2305,10.);
#536=VECTOR('',#2310,10.);
#537=VECTOR('',#2311,10.);
#538=VECTOR('',#2316,10.);
#539=VECTOR('',#2321,10.);
#540=VECTOR('',#2322,10.);
#541=VECTOR('',#2327,10.);
#542=VECTOR('',#2330,10.);
#543=VECTOR('',#2343,10.);
#544=VECTOR('',#2344,10.);
#545=VECTOR('',#2357,10.);
#546=VECTOR('',#2358,10.);
#547=VECTOR('',#2367,10.);
#548=VECTOR('',#2368,10.);
#549=VECTOR('',#2369,10.);
#550=VECTOR('',#2372,10.);
#551=VECTOR('',#2377,10.);
#552=VECTOR('',#2378,10.);
#553=VECTOR('',#2383,10.);
#554=VECTOR('',#2386,10.);
#555=VECTOR('',#2387,10.);
#556=VECTOR('',#2388,10.);
#557=VECTOR('',#2391,10.);
#558=VECTOR('',#2394,10.);
#559=VECTOR('',#2395,10.);
#560=VECTOR('',#2398,10.);
#561=VECTOR('',#2401,10.);
#562=VECTOR('',#2402,10.);
#563=VECTOR('',#2403,10.);
#564=VECTOR('',#2406,10.);
#565=VECTOR('',#2409,10.);
#566=VECTOR('',#2410,10.);
#567=VECTOR('',#2413,10.);
#568=VECTOR('',#2416,10.);
#569=VECTOR('',#2417,10.);
#570=VECTOR('',#2418,10.);
#571=VECTOR('',#2421,10.);
#572=VECTOR('',#2424,10.);
#573=VECTOR('',#2427,10.);
#574=VECTOR('',#2430,10.);
#575=VECTOR('',#2431,10.);
#576=VECTOR('',#2434,10.);
#577=VECTOR('',#2437,10.);
#578=VECTOR('',#2464,10.);
#579=VECTOR('',#2483,10.);
#580=VECTOR('',#2492,10.);
#581=VECTOR('',#2507,10.);
#582=VECTOR('',#2508,10.);
#583=VECTOR('',#2511,10.);
#584=VECTOR('',#2514,10.);
#585=VECTOR('',#2517,10.);
#586=VECTOR('',#2518,10.);
#587=VECTOR('',#2521,10.);
#588=VECTOR('',#2528,10.);
#589=VECTOR('',#2541,10.);
#590=VECTOR('',#2552,10.);
#591=VECTOR('',#2559,10.);
#592=VECTOR('',#2560,10.);
#593=VECTOR('',#2561,10.);
#594=VECTOR('',#2564,10.);
#595=VECTOR('',#2569,10.);
#596=VECTOR('',#2570,10.);
#597=VECTOR('',#2573,10.);
#598=VECTOR('',#2578,10.);
#599=VECTOR('',#2583,10.);
#600=VECTOR('',#2590,10.);
#601=VECTOR('',#2595,10.);
#602=VECTOR('',#2598,10.);
#603=VECTOR('',#2603,0.499999999999998);
#604=VECTOR('',#2608,0.499999999999998);
#605=VECTOR('',#2613,0.5);
#606=VECTOR('',#2618,0.5);
#607=VECTOR('',#2623,0.5);
#608=VECTOR('',#2628,0.500000000000003);
#609=VECTOR('',#2635,10.);
#610=VECTOR('',#2636,10.);
#611=VECTOR('',#2639,10.);
#612=VECTOR('',#2640,10.);
#613=VECTOR('',#2645,10.);
#614=VECTOR('',#2646,10.);
#615=VECTOR('',#2649,10.);
#616=VECTOR('',#2650,10.);
#617=VECTOR('',#2655,10.);
#618=VECTOR('',#2658,10.);
#619=VECTOR('',#2659,10.);
#620=VECTOR('',#2664,10.);
#621=VECTOR('',#2665,10.);
#622=VECTOR('',#2668,10.);
#623=VECTOR('',#2669,10.);
#624=VECTOR('',#2674,10.);
#625=VECTOR('',#2675,10.);
#626=VECTOR('',#2678,10.);
#627=VECTOR('',#2679,10.);
#628=VECTOR('',#2684,10.);
#629=VECTOR('',#2685,10.);
#630=VECTOR('',#2688,10.);
#631=VECTOR('',#2689,10.);
#632=VECTOR('',#2692,10.);
#633=VECTOR('',#2693,10.);
#634=VECTOR('',#2696,10.);
#635=VECTOR('',#2697,10.);
#636=VECTOR('',#2700,10.);
#637=VECTOR('',#2703,10.);
#638=VECTOR('',#2704,10.);
#639=VECTOR('',#2709,10.);
#640=VECTOR('',#2712,10.);
#641=VECTOR('',#2713,10.);
#642=VECTOR('',#2716,10.);
#643=VECTOR('',#2717,10.);
#644=VECTOR('',#2724,10.);
#645=VECTOR('',#2725,10.);
#646=VECTOR('',#2728,10.);
#647=VECTOR('',#2731,10.);
#648=VECTOR('',#2732,10.);
#649=VECTOR('',#2737,10.);
#650=VECTOR('',#2740,10.);
#651=VECTOR('',#2741,10.);
#652=VECTOR('',#2744,10.);
#653=VECTOR('',#2745,10.);
#654=VECTOR('',#2752,10.);
#655=VECTOR('',#2757,10.);
#656=VECTOR('',#2760,10.);
#657=VECTOR('',#2763,10.);
#658=VECTOR('',#2766,10.);
#659=VECTOR('',#2769,10.);
#660=VECTOR('',#2772,10.);
#661=VECTOR('',#2775,10.);
#662=CIRCLE('',#1963,2.5);
#663=CIRCLE('',#1964,2.5);
#664=CIRCLE('',#1967,2.5);
#665=CIRCLE('',#1968,2.5);
#666=CIRCLE('',#1971,2.5);
#667=CIRCLE('',#1972,2.5);
#668=CIRCLE('',#1975,2.5);
#669=CIRCLE('',#1976,2.5);
#670=CIRCLE('',#1979,2.5);
#671=CIRCLE('',#1980,2.5);
#672=CIRCLE('',#1983,2.5);
#673=CIRCLE('',#1984,2.5);
#674=CIRCLE('',#1987,2.5);
#675=CIRCLE('',#1988,2.5);
#676=CIRCLE('',#1991,2.5);
#677=CIRCLE('',#1992,2.5);
#678=CIRCLE('',#1995,2.5);
#679=CIRCLE('',#1996,2.5);
#680=CIRCLE('',#1999,2.5);
#681=CIRCLE('',#2000,2.5);
#682=CIRCLE('',#2003,2.5);
#683=CIRCLE('',#2004,2.5);
#684=CIRCLE('',#2007,2.5);
#685=CIRCLE('',#2008,2.5);
#686=CIRCLE('',#2011,1.5);
#687=CIRCLE('',#2012,1.5);
#688=CIRCLE('',#2014,1.5);
#689=CIRCLE('',#2015,4.);
#690=CIRCLE('',#2016,2.5);
#691=CIRCLE('',#2018,1.5);
#692=CIRCLE('',#2020,1.5);
#693=CIRCLE('',#2021,4.);
#694=CIRCLE('',#2022,2.5);
#695=CIRCLE('',#2024,1.5);
#696=CIRCLE('',#2026,4.);
#697=CIRCLE('',#2027,2.5);
#698=CIRCLE('',#2030,2.5);
#699=CIRCLE('',#2033,4.);
#700=CIRCLE('',#2034,1.5);
#701=CIRCLE('',#2035,1.5);
#702=CIRCLE('',#2036,3.00000000000001);
#703=CIRCLE('',#2037,2.24999999999999);
#704=CIRCLE('',#2038,1.5);
#705=CIRCLE('',#2039,1.5);
#706=CIRCLE('',#2040,2.25);
#707=CIRCLE('',#2041,3.00000000000001);
#708=CIRCLE('',#2042,1.5);
#709=CIRCLE('',#2043,1.5);
#710=CIRCLE('',#2044,4.);
#711=CIRCLE('',#2045,4.);
#712=CIRCLE('',#2046,4.);
#713=CIRCLE('',#2047,4.);
#714=CIRCLE('',#2048,4.);
#715=CIRCLE('',#2049,4.);
#716=CIRCLE('',#2050,0.500000000000003);
#717=CIRCLE('',#2051,0.5);
#718=CIRCLE('',#2052,0.5);
#719=CIRCLE('',#2053,0.5);
#720=CIRCLE('',#2054,0.499999999999998);
#721=CIRCLE('',#2055,0.499999999999998);
#722=CIRCLE('',#2057,1.5);
#723=CIRCLE('',#2058,1.49999999999999);
#724=CIRCLE('',#2059,2.5);
#725=CIRCLE('',#2061,1.5);
#726=CIRCLE('',#2063,1.49999999999999);
#727=CIRCLE('',#2064,2.5);
#728=CIRCLE('',#2066,1.5);
#729=CIRCLE('',#2067,1.49999999999999);
#730=CIRCLE('',#2068,2.5);
#731=CIRCLE('',#2070,1.5);
#732=CIRCLE('',#2072,1.49999999999999);
#733=CIRCLE('',#2073,2.5);
#734=CIRCLE('',#2076,1.49999999999999);
#735=CIRCLE('',#2077,2.5);
#736=CIRCLE('',#2079,2.5);
#737=CIRCLE('',#2080,1.5);
#738=CIRCLE('',#2083,2.5);
#739=CIRCLE('',#2086,2.5);
#740=CIRCLE('',#2088,1.5);
#741=CIRCLE('',#2089,1.5);
#742=CIRCLE('',#2091,1.5);
#743=CIRCLE('',#2092,2.5);
#744=CIRCLE('',#2094,1.5);
#745=CIRCLE('',#2096,1.5);
#746=CIRCLE('',#2097,2.5);
#747=CIRCLE('',#2099,1.50000000000001);
#748=CIRCLE('',#2101,2.5);
#749=CIRCLE('',#2104,2.5);
#750=CIRCLE('',#2107,2.5);
#751=CIRCLE('',#2109,2.5);
#752=CIRCLE('',#2113,2.5);
#753=CIRCLE('',#2114,2.5);
#754=CIRCLE('',#2119,0.499999999999998);
#755=CIRCLE('',#2121,0.499999999999998);
#756=CIRCLE('',#2123,0.5);
#757=CIRCLE('',#2125,0.5);
#758=CIRCLE('',#2127,0.5);
#759=CIRCLE('',#2129,0.500000000000003);
#760=CIRCLE('',#2131,1.5);
#761=CIRCLE('',#2134,1.5);
#762=CIRCLE('',#2137,1.5);
#763=CIRCLE('',#2140,1.5);
#764=CIRCLE('',#2143,1.5);
#765=CIRCLE('',#2146,1.5);
#766=CIRCLE('',#2153,3.00000000000001);
#767=CIRCLE('',#2157,2.25);
#768=CIRCLE('',#2162,2.24999999999999);
#769=CIRCLE('',#2166,3.00000000000001);
#770=CIRCLE('',#2170,2.5);
#771=CIRCLE('',#2173,2.5);
#772=VERTEX_POINT('',#2780);
#773=VERTEX_POINT('',#2781);
#774=VERTEX_POINT('',#2783);
#775=VERTEX_POINT('',#2785);
#776=VERTEX_POINT('',#2789);
#777=VERTEX_POINT('',#2791);
#778=VERTEX_POINT('',#2795);
#779=VERTEX_POINT('',#2796);
#780=VERTEX_POINT('',#2798);
#781=VERTEX_POINT('',#2800);
#782=VERTEX_POINT('',#2804);
#783=VERTEX_POINT('',#2806);
#784=VERTEX_POINT('',#2810);
#785=VERTEX_POINT('',#2811);
#786=VERTEX_POINT('',#2813);
#787=VERTEX_POINT('',#2815);
#788=VERTEX_POINT('',#2819);
#789=VERTEX_POINT('',#2821);
#790=VERTEX_POINT('',#2825);
#791=VERTEX_POINT('',#2826);
#792=VERTEX_POINT('',#2828);
#793=VERTEX_POINT('',#2830);
#794=VERTEX_POINT('',#2834);
#795=VERTEX_POINT('',#2836);
#796=VERTEX_POINT('',#2840);
#797=VERTEX_POINT('',#2841);
#798=VERTEX_POINT('',#2843);
#799=VERTEX_POINT('',#2845);
#800=VERTEX_POINT('',#2849);
#801=VERTEX_POINT('',#2851);
#802=VERTEX_POINT('',#2855);
#803=VERTEX_POINT('',#2856);
#804=VERTEX_POINT('',#2858);
#805=VERTEX_POINT('',#2860);
#806=VERTEX_POINT('',#2864);
#807=VERTEX_POINT('',#2866);
#808=VERTEX_POINT('',#2870);
#809=VERTEX_POINT('',#2872);
#810=VERTEX_POINT('',#2879);
#811=VERTEX_POINT('',#2881);
#812=VERTEX_POINT('',#2888);
#813=VERTEX_POINT('',#2890);
#814=VERTEX_POINT('',#2897);
#815=VERTEX_POINT('',#2899);
#816=VERTEX_POINT('',#2906);
#817=VERTEX_POINT('',#2908);
#818=VERTEX_POINT('',#2915);
#819=VERTEX_POINT('',#2917);
#820=VERTEX_POINT('',#2924);
#821=VERTEX_POINT('',#2925);
#822=VERTEX_POINT('',#2927);
#823=VERTEX_POINT('',#2929);
#824=VERTEX_POINT('',#2933);
#825=VERTEX_POINT('',#2934);
#826=VERTEX_POINT('',#2939);
#827=VERTEX_POINT('',#2940);
#828=VERTEX_POINT('',#2945);
#829=VERTEX_POINT('',#2946);
#830=VERTEX_POINT('',#2951);
#831=VERTEX_POINT('',#2952);
#832=VERTEX_POINT('',#2960);
#833=VERTEX_POINT('',#2962);
#834=VERTEX_POINT('',#2966);
#835=VERTEX_POINT('',#2970);
#836=VERTEX_POINT('',#2974);
#837=VERTEX_POINT('',#2975);
#838=VERTEX_POINT('',#2977);
#839=VERTEX_POINT('',#2979);
#840=VERTEX_POINT('',#2981);
#841=VERTEX_POINT('',#2983);
#842=VERTEX_POINT('',#2985);
#843=VERTEX_POINT('',#2987);
#844=VERTEX_POINT('',#2989);
#845=VERTEX_POINT('',#2991);
#846=VERTEX_POINT('',#2993);
#847=VERTEX_POINT('',#2995);
#848=VERTEX_POINT('',#2997);
#849=VERTEX_POINT('',#2999);
#850=VERTEX_POINT('',#3001);
#851=VERTEX_POINT('',#3003);
#852=VERTEX_POINT('',#3005);
#853=VERTEX_POINT('',#3007);
#854=VERTEX_POINT('',#3009);
#855=VERTEX_POINT('',#3011);
#856=VERTEX_POINT('',#3013);
#857=VERTEX_POINT('',#3015);
#858=VERTEX_POINT('',#3017);
#859=VERTEX_POINT('',#3019);
#860=VERTEX_POINT('',#3021);
#861=VERTEX_POINT('',#3023);
#862=VERTEX_POINT('',#3025);
#863=VERTEX_POINT('',#3027);
#864=VERTEX_POINT('',#3029);
#865=VERTEX_POINT('',#3031);
#866=VERTEX_POINT('',#3033);
#867=VERTEX_POINT('',#3035);
#868=VERTEX_POINT('',#3037);
#869=VERTEX_POINT('',#3039);
#870=VERTEX_POINT('',#3041);
#871=VERTEX_POINT('',#3043);
#872=VERTEX_POINT('',#3046);
#873=VERTEX_POINT('',#3047);
#874=VERTEX_POINT('',#3049);
#875=VERTEX_POINT('',#3051);
#876=VERTEX_POINT('',#3053);
#877=VERTEX_POINT('',#3055);
#878=VERTEX_POINT('',#3058);
#879=VERTEX_POINT('',#3060);
#880=VERTEX_POINT('',#3062);
#881=VERTEX_POINT('',#3064);
#882=VERTEX_POINT('',#3066);
#883=VERTEX_POINT('',#3068);
#884=VERTEX_POINT('',#3071);
#885=VERTEX_POINT('',#3073);
#886=VERTEX_POINT('',#3077);
#887=VERTEX_POINT('',#3081);
#888=VERTEX_POINT('',#3085);
#889=VERTEX_POINT('',#3087);
#890=VERTEX_POINT('',#3091);
#891=VERTEX_POINT('',#3095);
#892=VERTEX_POINT('',#3101);
#893=VERTEX_POINT('',#3110);
#894=VERTEX_POINT('',#3114);
#895=VERTEX_POINT('',#3123);
#896=VERTEX_POINT('',#3130);
#897=VERTEX_POINT('',#3132);
#898=VERTEX_POINT('',#3136);
#899=VERTEX_POINT('',#3140);
#900=VERTEX_POINT('',#3144);
#901=VERTEX_POINT('',#3146);
#902=VERTEX_POINT('',#3150);
#903=VERTEX_POINT('',#3154);
#904=VERTEX_POINT('',#3158);
#905=VERTEX_POINT('',#3162);
#906=VERTEX_POINT('',#3168);
#907=VERTEX_POINT('',#3170);
#908=VERTEX_POINT('',#3174);
#909=VERTEX_POINT('',#3178);
#910=VERTEX_POINT('',#3182);
#911=VERTEX_POINT('',#3186);
#912=VERTEX_POINT('',#3193);
#913=VERTEX_POINT('',#3195);
#914=VERTEX_POINT('',#3204);
#915=VERTEX_POINT('',#3208);
#916=VERTEX_POINT('',#3212);
#917=VERTEX_POINT('',#3216);
#918=VERTEX_POINT('',#3220);
#919=VERTEX_POINT('',#3224);
#920=VERTEX_POINT('',#3228);
#921=VERTEX_POINT('',#3229);
#922=VERTEX_POINT('',#3234);
#923=VERTEX_POINT('',#3238);
#924=VERTEX_POINT('',#3239);
#925=VERTEX_POINT('',#3244);
#926=VERTEX_POINT('',#3248);
#927=VERTEX_POINT('',#3252);
#928=VERTEX_POINT('',#3256);
#929=VERTEX_POINT('',#3257);
#930=VERTEX_POINT('',#3262);
#931=VERTEX_POINT('',#3266);
#932=VERTEX_POINT('',#3267);
#933=VERTEX_POINT('',#3272);
#934=VERTEX_POINT('',#3276);
#935=VERTEX_POINT('',#3277);
#936=VERTEX_POINT('',#3282);
#937=VERTEX_POINT('',#3286);
#938=VERTEX_POINT('',#3290);
#939=VERTEX_POINT('',#3296);
#940=VERTEX_POINT('',#3300);
#941=VERTEX_POINT('',#3304);
#942=VERTEX_POINT('',#3308);
#943=VERTEX_POINT('',#3314);
#944=VERTEX_POINT('',#3320);
#945=VERTEX_POINT('',#3324);
#946=VERTEX_POINT('',#3328);
#947=VERTEX_POINT('',#3332);
#948=VERTEX_POINT('',#3341);
#949=VERTEX_POINT('',#3343);
#950=VERTEX_POINT('',#3349);
#951=VERTEX_POINT('',#3351);
#952=EDGE_CURVE('',#772,#773,#662,.T.);
#953=EDGE_CURVE('',#773,#774,#324,.T.);
#954=EDGE_CURVE('',#774,#775,#663,.T.);
#955=EDGE_CURVE('',#775,#772,#325,.T.);
#956=EDGE_CURVE('',#776,#773,#326,.T.);
#957=EDGE_CURVE('',#777,#776,#327,.T.);
#958=EDGE_CURVE('',#774,#777,#328,.T.);
#959=EDGE_CURVE('',#778,#779,#664,.T.);
#960=EDGE_CURVE('',#779,#780,#329,.T.);
#961=EDGE_CURVE('',#780,#781,#665,.T.);
#962=EDGE_CURVE('',#781,#778,#330,.T.);
#963=EDGE_CURVE('',#782,#779,#331,.T.);
#964=EDGE_CURVE('',#783,#782,#332,.T.);
#965=EDGE_CURVE('',#780,#783,#333,.T.);
#966=EDGE_CURVE('',#784,#785,#666,.T.);
#967=EDGE_CURVE('',#785,#786,#334,.T.);
#968=EDGE_CURVE('',#786,#787,#667,.T.);
#969=EDGE_CURVE('',#787,#784,#335,.T.);
#970=EDGE_CURVE('',#788,#785,#336,.T.);
#971=EDGE_CURVE('',#789,#788,#337,.T.);
#972=EDGE_CURVE('',#786,#789,#338,.T.);
#973=EDGE_CURVE('',#790,#791,#668,.T.);
#974=EDGE_CURVE('',#791,#792,#339,.T.);
#975=EDGE_CURVE('',#792,#793,#669,.T.);
#976=EDGE_CURVE('',#793,#790,#340,.T.);
#977=EDGE_CURVE('',#794,#791,#341,.T.);
#978=EDGE_CURVE('',#795,#794,#342,.T.);
#979=EDGE_CURVE('',#792,#795,#343,.T.);
#980=EDGE_CURVE('',#796,#797,#670,.T.);
#981=EDGE_CURVE('',#797,#798,#344,.T.);
#982=EDGE_CURVE('',#798,#799,#671,.T.);
#983=EDGE_CURVE('',#799,#796,#345,.T.);
#984=EDGE_CURVE('',#800,#797,#346,.T.);
#985=EDGE_CURVE('',#801,#800,#347,.T.);
#986=EDGE_CURVE('',#798,#801,#348,.T.);
#987=EDGE_CURVE('',#802,#803,#672,.T.);
#988=EDGE_CURVE('',#803,#804,#349,.T.);
#989=EDGE_CURVE('',#804,#805,#673,.T.);
#990=EDGE_CURVE('',#805,#802,#350,.T.);
#991=EDGE_CURVE('',#806,#803,#351,.T.);
#992=EDGE_CURVE('',#807,#806,#352,.T.);
#993=EDGE_CURVE('',#804,#807,#353,.T.);
#994=EDGE_CURVE('',#782,#808,#674,.T.);
#995=EDGE_CURVE('',#808,#809,#354,.T.);
#996=EDGE_CURVE('',#809,#783,#675,.T.);
#997=EDGE_CURVE('',#809,#793,#355,.T.);
#998=EDGE_CURVE('',#790,#808,#356,.T.);
#999=EDGE_CURVE('',#788,#810,#676,.T.);
#1000=EDGE_CURVE('',#810,#811,#357,.T.);
#1001=EDGE_CURVE('',#811,#789,#677,.T.);
#1002=EDGE_CURVE('',#811,#799,#358,.T.);
#1003=EDGE_CURVE('',#796,#810,#359,.T.);
#1004=EDGE_CURVE('',#776,#812,#678,.T.);
#1005=EDGE_CURVE('',#812,#813,#360,.T.);
#1006=EDGE_CURVE('',#813,#777,#679,.T.);
#1007=EDGE_CURVE('',#813,#805,#361,.T.);
#1008=EDGE_CURVE('',#802,#812,#362,.T.);
#1009=EDGE_CURVE('',#806,#814,#680,.T.);
#1010=EDGE_CURVE('',#814,#815,#363,.T.);
#1011=EDGE_CURVE('',#815,#807,#681,.T.);
#1012=EDGE_CURVE('',#815,#775,#364,.T.);
#1013=EDGE_CURVE('',#772,#814,#365,.T.);
#1014=EDGE_CURVE('',#794,#816,#682,.T.);
#1015=EDGE_CURVE('',#816,#817,#366,.T.);
#1016=EDGE_CURVE('',#817,#795,#683,.T.);
#1017=EDGE_CURVE('',#817,#781,#367,.T.);
#1018=EDGE_CURVE('',#778,#816,#368,.T.);
#1019=EDGE_CURVE('',#800,#818,#684,.T.);
#1020=EDGE_CURVE('',#818,#819,#369,.T.);
#1021=EDGE_CURVE('',#819,#801,#685,.T.);
#1022=EDGE_CURVE('',#819,#787,#370,.T.);
#1023=EDGE_CURVE('',#784,#818,#371,.T.);
#1024=EDGE_CURVE('',#820,#821,#686,.T.);
#1025=EDGE_CURVE('',#821,#822,#372,.T.);
#1026=EDGE_CURVE('',#822,#823,#687,.T.);
#1027=EDGE_CURVE('',#823,#820,#373,.T.);
#1028=EDGE_CURVE('',#824,#825,#688,.T.);
#1029=EDGE_CURVE('',#825,#823,#689,.T.);
#1030=EDGE_CURVE('',#822,#824,#690,.T.);
#1031=EDGE_CURVE('',#826,#827,#691,.T.);
#1032=EDGE_CURVE('',#827,#825,#374,.T.);
#1033=EDGE_CURVE('',#824,#826,#375,.T.);
#1034=EDGE_CURVE('',#828,#829,#692,.T.);
#1035=EDGE_CURVE('',#829,#827,#693,.T.);
#1036=EDGE_CURVE('',#826,#828,#694,.T.);
#1037=EDGE_CURVE('',#830,#831,#695,.T.);
#1038=EDGE_CURVE('',#831,#829,#376,.T.);
#1039=EDGE_CURVE('',#828,#830,#377,.T.);
#1040=EDGE_CURVE('',#820,#831,#696,.T.);
#1041=EDGE_CURVE('',#830,#821,#697,.T.);
#1042=EDGE_CURVE('',#832,#824,#378,.T.);
#1043=EDGE_CURVE('',#832,#833,#379,.T.);
#1044=EDGE_CURVE('',#826,#833,#380,.T.);
#1045=EDGE_CURVE('',#822,#834,#381,.T.);
#1046=EDGE_CURVE('',#834,#832,#698,.T.);
#1047=EDGE_CURVE('',#835,#821,#382,.T.);
#1048=EDGE_CURVE('',#835,#834,#383,.T.);
#1049=EDGE_CURVE('',#836,#837,#699,.T.);
#1050=EDGE_CURVE('',#836,#838,#384,.T.);
#1051=EDGE_CURVE('',#839,#838,#700,.T.);
#1052=EDGE_CURVE('',#839,#840,#385,.T.);
#1053=EDGE_CURVE('',#840,#841,#386,.T.);
#1054=EDGE_CURVE('',#841,#842,#387,.T.);
#1055=EDGE_CURVE('',#843,#842,#701,.T.);
#1056=EDGE_CURVE('',#843,#844,#388,.T.);
#1057=EDGE_CURVE('',#844,#845,#702,.T.);
#1058=EDGE_CURVE('',#845,#846,#389,.T.);
#1059=EDGE_CURVE('',#846,#847,#390,.T.);
#1060=EDGE_CURVE('',#847,#848,#703,.T.);
#1061=EDGE_CURVE('',#848,#849,#391,.T.);
#1062=EDGE_CURVE('',#850,#849,#704,.T.);
#1063=EDGE_CURVE('',#850,#851,#392,.T.);
#1064=EDGE_CURVE('',#851,#852,#393,.T.);
#1065=EDGE_CURVE('',#852,#853,#394,.T.);
#1066=EDGE_CURVE('',#854,#853,#705,.T.);
#1067=EDGE_CURVE('',#854,#855,#395,.T.);
#1068=EDGE_CURVE('',#855,#856,#706,.T.);
#1069=EDGE_CURVE('',#856,#857,#396,.T.);
#1070=EDGE_CURVE('',#857,#858,#397,.T.);
#1071=EDGE_CURVE('',#858,#859,#707,.T.);
#1072=EDGE_CURVE('',#859,#860,#398,.T.);
#1073=EDGE_CURVE('',#861,#860,#708,.T.);
#1074=EDGE_CURVE('',#861,#862,#399,.T.);
#1075=EDGE_CURVE('',#862,#863,#400,.T.);
#1076=EDGE_CURVE('',#863,#864,#401,.T.);
#1077=EDGE_CURVE('',#865,#864,#709,.T.);
#1078=EDGE_CURVE('',#865,#866,#402,.T.);
#1079=EDGE_CURVE('',#867,#866,#710,.T.);
#1080=EDGE_CURVE('',#868,#867,#403,.T.);
#1081=EDGE_CURVE('',#869,#868,#711,.T.);
#1082=EDGE_CURVE('',#870,#869,#404,.T.);
#1083=EDGE_CURVE('',#871,#870,#712,.T.);
#1084=EDGE_CURVE('',#837,#871,#405,.T.);
#1085=EDGE_CURVE('',#872,#873,#406,.T.);
#1086=EDGE_CURVE('',#874,#872,#713,.T.);
#1087=EDGE_CURVE('',#875,#874,#407,.T.);
#1088=EDGE_CURVE('',#876,#875,#714,.T.);
#1089=EDGE_CURVE('',#877,#876,#408,.T.);
#1090=EDGE_CURVE('',#873,#877,#715,.T.);
#1091=EDGE_CURVE('',#878,#878,#716,.T.);
#1092=EDGE_CURVE('',#879,#879,#717,.T.);
#1093=EDGE_CURVE('',#880,#880,#718,.T.);
#1094=EDGE_CURVE('',#881,#881,#719,.T.);
#1095=EDGE_CURVE('',#882,#882,#720,.T.);
#1096=EDGE_CURVE('',#883,#883,#721,.T.);
#1097=EDGE_CURVE('',#884,#869,#722,.T.);
#1098=EDGE_CURVE('',#868,#885,#723,.T.);
#1099=EDGE_CURVE('',#885,#884,#724,.T.);
#1100=EDGE_CURVE('',#867,#886,#725,.T.);
#1101=EDGE_CURVE('',#886,#885,#409,.T.);
#1102=EDGE_CURVE('',#866,#887,#726,.T.);
#1103=EDGE_CURVE('',#887,#886,#727,.T.);
#1104=EDGE_CURVE('',#888,#836,#728,.T.);
#1105=EDGE_CURVE('',#837,#889,#729,.T.);
#1106=EDGE_CURVE('',#889,#888,#730,.T.);
#1107=EDGE_CURVE('',#871,#890,#731,.T.);
#1108=EDGE_CURVE('',#890,#889,#410,.T.);
#1109=EDGE_CURVE('',#870,#891,#732,.T.);
#1110=EDGE_CURVE('',#891,#890,#733,.T.);
#1111=EDGE_CURVE('',#884,#891,#411,.T.);
#1112=EDGE_CURVE('',#866,#892,#15,.T.);
#1113=EDGE_CURVE('',#892,#893,#734,.T.);
#1114=EDGE_CURVE('',#893,#887,#735,.T.);
#1115=EDGE_CURVE('',#894,#836,#16,.T.);
#1116=EDGE_CURVE('',#888,#895,#736,.T.);
#1117=EDGE_CURVE('',#895,#894,#737,.T.);
#1118=EDGE_CURVE('',#892,#894,#412,.T.);
#1119=EDGE_CURVE('',#895,#893,#413,.T.);
#1120=EDGE_CURVE('',#893,#896,#414,.T.);
#1121=EDGE_CURVE('',#896,#897,#738,.T.);
#1122=EDGE_CURVE('',#897,#886,#415,.T.);
#1123=EDGE_CURVE('',#898,#895,#416,.T.);
#1124=EDGE_CURVE('',#898,#896,#417,.T.);
#1125=EDGE_CURVE('',#889,#899,#418,.T.);
#1126=EDGE_CURVE('',#899,#898,#739,.T.);
#1127=EDGE_CURVE('',#873,#900,#740,.T.);
#1128=EDGE_CURVE('',#900,#901,#419,.T.);
#1129=EDGE_CURVE('',#901,#872,#741,.T.);
#1130=EDGE_CURVE('',#902,#874,#742,.T.);
#1131=EDGE_CURVE('',#901,#902,#743,.T.);
#1132=EDGE_CURVE('',#903,#875,#744,.T.);
#1133=EDGE_CURVE('',#902,#903,#420,.T.);
#1134=EDGE_CURVE('',#904,#876,#745,.T.);
#1135=EDGE_CURVE('',#903,#904,#746,.T.);
#1136=EDGE_CURVE('',#905,#877,#747,.T.);
#1137=EDGE_CURVE('',#904,#905,#421,.T.);
#1138=EDGE_CURVE('',#905,#900,#748,.T.);
#1139=EDGE_CURVE('',#906,#902,#422,.T.);
#1140=EDGE_CURVE('',#906,#907,#423,.T.);
#1141=EDGE_CURVE('',#903,#907,#424,.T.);
#1142=EDGE_CURVE('',#901,#908,#425,.T.);
#1143=EDGE_CURVE('',#908,#906,#749,.T.);
#1144=EDGE_CURVE('',#909,#900,#426,.T.);
#1145=EDGE_CURVE('',#909,#908,#427,.T.);
#1146=EDGE_CURVE('',#830,#910,#428,.T.);
#1147=EDGE_CURVE('',#910,#835,#750,.T.);
#1148=EDGE_CURVE('',#911,#910,#429,.T.);
#1149=EDGE_CURVE('',#833,#911,#751,.T.);
#1150=EDGE_CURVE('',#911,#828,#430,.T.);
#1151=EDGE_CURVE('',#912,#909,#752,.T.);
#1152=EDGE_CURVE('',#913,#912,#431,.T.);
#1153=EDGE_CURVE('',#907,#913,#753,.T.);
#1154=EDGE_CURVE('',#913,#904,#432,.T.);
#1155=EDGE_CURVE('',#905,#912,#433,.T.);
#1156=EDGE_CURVE('',#883,#914,#434,.T.);
#1157=EDGE_CURVE('',#914,#914,#754,.T.);
#1158=EDGE_CURVE('',#882,#915,#435,.T.);
#1159=EDGE_CURVE('',#915,#915,#755,.T.);
#1160=EDGE_CURVE('',#881,#916,#436,.T.);
#1161=EDGE_CURVE('',#916,#916,#756,.T.);
#1162=EDGE_CURVE('',#880,#917,#437,.T.);
#1163=EDGE_CURVE('',#917,#917,#757,.T.);
#1164=EDGE_CURVE('',#879,#918,#438,.T.);
#1165=EDGE_CURVE('',#918,#918,#758,.T.);
#1166=EDGE_CURVE('',#878,#919,#439,.T.);
#1167=EDGE_CURVE('',#919,#919,#759,.T.);
#1168=EDGE_CURVE('',#920,#921,#760,.T.);
#1169=EDGE_CURVE('',#921,#865,#440,.T.);
#1170=EDGE_CURVE('',#864,#920,#441,.T.);
#1171=EDGE_CURVE('',#921,#922,#442,.T.);
#1172=EDGE_CURVE('',#838,#922,#443,.T.);
#1173=EDGE_CURVE('',#923,#924,#761,.T.);
#1174=EDGE_CURVE('',#924,#843,#444,.T.);
#1175=EDGE_CURVE('',#842,#923,#445,.T.);
#1176=EDGE_CURVE('',#924,#925,#446,.T.);
#1177=EDGE_CURVE('',#925,#844,#447,.T.);
#1178=EDGE_CURVE('',#922,#926,#762,.T.);
#1179=EDGE_CURVE('',#926,#839,#448,.T.);
#1180=EDGE_CURVE('',#927,#926,#449,.T.);
#1181=EDGE_CURVE('',#927,#840,#450,.T.);
#1182=EDGE_CURVE('',#928,#929,#763,.T.);
#1183=EDGE_CURVE('',#929,#861,#451,.T.);
#1184=EDGE_CURVE('',#860,#928,#452,.T.);
#1185=EDGE_CURVE('',#930,#929,#453,.T.);
#1186=EDGE_CURVE('',#930,#862,#454,.T.);
#1187=EDGE_CURVE('',#931,#932,#764,.T.);
#1188=EDGE_CURVE('',#932,#854,#455,.T.);
#1189=EDGE_CURVE('',#853,#931,#456,.T.);
#1190=EDGE_CURVE('',#933,#932,#457,.T.);
#1191=EDGE_CURVE('',#933,#855,#458,.T.);
#1192=EDGE_CURVE('',#934,#935,#765,.T.);
#1193=EDGE_CURVE('',#935,#850,#459,.T.);
#1194=EDGE_CURVE('',#849,#934,#460,.T.);
#1195=EDGE_CURVE('',#935,#936,#461,.T.);
#1196=EDGE_CURVE('',#936,#851,#462,.T.);
#1197=EDGE_CURVE('',#937,#927,#463,.T.);
#1198=EDGE_CURVE('',#937,#841,#464,.T.);
#1199=EDGE_CURVE('',#938,#863,#465,.T.);
#1200=EDGE_CURVE('',#938,#920,#466,.T.);
#1201=EDGE_CURVE('',#938,#930,#467,.T.);
#1202=EDGE_CURVE('',#939,#859,#468,.T.);
#1203=EDGE_CURVE('',#928,#939,#469,.T.);
#1204=EDGE_CURVE('',#940,#939,#766,.T.);
#1205=EDGE_CURVE('',#940,#858,#470,.T.);
#1206=EDGE_CURVE('',#940,#941,#471,.T.);
#1207=EDGE_CURVE('',#941,#857,#472,.T.);
#1208=EDGE_CURVE('',#942,#941,#473,.T.);
#1209=EDGE_CURVE('',#942,#856,#474,.T.);
#1210=EDGE_CURVE('',#933,#942,#767,.T.);
#1211=EDGE_CURVE('',#943,#852,#475,.T.);
#1212=EDGE_CURVE('',#943,#931,#476,.T.);
#1213=EDGE_CURVE('',#936,#943,#477,.T.);
#1214=EDGE_CURVE('',#944,#848,#478,.T.);
#1215=EDGE_CURVE('',#944,#934,#479,.T.);
#1216=EDGE_CURVE('',#945,#944,#768,.T.);
#1217=EDGE_CURVE('',#945,#847,#480,.T.);
#1218=EDGE_CURVE('',#946,#945,#481,.T.);
#1219=EDGE_CURVE('',#946,#846,#482,.T.);
#1220=EDGE_CURVE('',#946,#947,#483,.T.);
#1221=EDGE_CURVE('',#947,#845,#484,.T.);
#1222=EDGE_CURVE('',#925,#947,#769,.T.);
#1223=EDGE_CURVE('',#937,#923,#485,.T.);
#1224=EDGE_CURVE('',#891,#948,#486,.T.);
#1225=EDGE_CURVE('',#948,#949,#770,.T.);
#1226=EDGE_CURVE('',#949,#890,#487,.T.);
#1227=EDGE_CURVE('',#949,#899,#488,.T.);
#1228=EDGE_CURVE('',#950,#948,#489,.T.);
#1229=EDGE_CURVE('',#951,#950,#771,.T.);
#1230=EDGE_CURVE('',#897,#951,#490,.T.);
#1231=EDGE_CURVE('',#885,#951,#491,.T.);
#1232=EDGE_CURVE('',#950,#884,#492,.T.);
#1233=ORIENTED_EDGE('',*,*,#952,.T.);
#1234=ORIENTED_EDGE('',*,*,#953,.T.);
#1235=ORIENTED_EDGE('',*,*,#954,.T.);
#1236=ORIENTED_EDGE('',*,*,#955,.T.);
#1237=ORIENTED_EDGE('',*,*,#953,.F.);
#1238=ORIENTED_EDGE('',*,*,#956,.F.);
#1239=ORIENTED_EDGE('',*,*,#957,.F.);
#1240=ORIENTED_EDGE('',*,*,#958,.F.);
#1241=ORIENTED_EDGE('',*,*,#959,.T.);
#1242=ORIENTED_EDGE('',*,*,#960,.T.);
#1243=ORIENTED_EDGE('',*,*,#961,.T.);
#1244=ORIENTED_EDGE('',*,*,#962,.T.);
#1245=ORIENTED_EDGE('',*,*,#960,.F.);
#1246=ORIENTED_EDGE('',*,*,#963,.F.);
#1247=ORIENTED_EDGE('',*,*,#964,.F.);
#1248=ORIENTED_EDGE('',*,*,#965,.F.);
#1249=ORIENTED_EDGE('',*,*,#966,.T.);
#1250=ORIENTED_EDGE('',*,*,#967,.T.);
#1251=ORIENTED_EDGE('',*,*,#968,.T.);
#1252=ORIENTED_EDGE('',*,*,#969,.T.);
#1253=ORIENTED_EDGE('',*,*,#967,.F.);
#1254=ORIENTED_EDGE('',*,*,#970,.F.);
#1255=ORIENTED_EDGE('',*,*,#971,.F.);
#1256=ORIENTED_EDGE('',*,*,#972,.F.);
#1257=ORIENTED_EDGE('',*,*,#973,.T.);
#1258=ORIENTED_EDGE('',*,*,#974,.T.);
#1259=ORIENTED_EDGE('',*,*,#975,.T.);
#1260=ORIENTED_EDGE('',*,*,#976,.T.);
#1261=ORIENTED_EDGE('',*,*,#974,.F.);
#1262=ORIENTED_EDGE('',*,*,#977,.F.);
#1263=ORIENTED_EDGE('',*,*,#978,.F.);
#1264=ORIENTED_EDGE('',*,*,#979,.F.);
#1265=ORIENTED_EDGE('',*,*,#980,.T.);
#1266=ORIENTED_EDGE('',*,*,#981,.T.);
#1267=ORIENTED_EDGE('',*,*,#982,.T.);
#1268=ORIENTED_EDGE('',*,*,#983,.T.);
#1269=ORIENTED_EDGE('',*,*,#981,.F.);
#1270=ORIENTED_EDGE('',*,*,#984,.F.);
#1271=ORIENTED_EDGE('',*,*,#985,.F.);
#1272=ORIENTED_EDGE('',*,*,#986,.F.);
#1273=ORIENTED_EDGE('',*,*,#987,.T.);
#1274=ORIENTED_EDGE('',*,*,#988,.T.);
#1275=ORIENTED_EDGE('',*,*,#989,.T.);
#1276=ORIENTED_EDGE('',*,*,#990,.T.);
#1277=ORIENTED_EDGE('',*,*,#988,.F.);
#1278=ORIENTED_EDGE('',*,*,#991,.F.);
#1279=ORIENTED_EDGE('',*,*,#992,.F.);
#1280=ORIENTED_EDGE('',*,*,#993,.F.);
#1281=ORIENTED_EDGE('',*,*,#994,.T.);
#1282=ORIENTED_EDGE('',*,*,#995,.T.);
#1283=ORIENTED_EDGE('',*,*,#996,.T.);
#1284=ORIENTED_EDGE('',*,*,#964,.T.);
#1285=ORIENTED_EDGE('',*,*,#976,.F.);
#1286=ORIENTED_EDGE('',*,*,#997,.F.);
#1287=ORIENTED_EDGE('',*,*,#995,.F.);
#1288=ORIENTED_EDGE('',*,*,#998,.F.);
#1289=ORIENTED_EDGE('',*,*,#999,.T.);
#1290=ORIENTED_EDGE('',*,*,#1000,.T.);
#1291=ORIENTED_EDGE('',*,*,#1001,.T.);
#1292=ORIENTED_EDGE('',*,*,#971,.T.);
#1293=ORIENTED_EDGE('',*,*,#983,.F.);
#1294=ORIENTED_EDGE('',*,*,#1002,.F.);
#1295=ORIENTED_EDGE('',*,*,#1000,.F.);
#1296=ORIENTED_EDGE('',*,*,#1003,.F.);
#1297=ORIENTED_EDGE('',*,*,#1004,.T.);
#1298=ORIENTED_EDGE('',*,*,#1005,.T.);
#1299=ORIENTED_EDGE('',*,*,#1006,.T.);
#1300=ORIENTED_EDGE('',*,*,#957,.T.);
#1301=ORIENTED_EDGE('',*,*,#990,.F.);
#1302=ORIENTED_EDGE('',*,*,#1007,.F.);
#1303=ORIENTED_EDGE('',*,*,#1005,.F.);
#1304=ORIENTED_EDGE('',*,*,#1008,.F.);
#1305=ORIENTED_EDGE('',*,*,#1009,.T.);
#1306=ORIENTED_EDGE('',*,*,#1010,.T.);
#1307=ORIENTED_EDGE('',*,*,#1011,.T.);
#1308=ORIENTED_EDGE('',*,*,#992,.T.);
#1309=ORIENTED_EDGE('',*,*,#955,.F.);
#1310=ORIENTED_EDGE('',*,*,#1012,.F.);
#1311=ORIENTED_EDGE('',*,*,#1010,.F.);
#1312=ORIENTED_EDGE('',*,*,#1013,.F.);
#1313=ORIENTED_EDGE('',*,*,#1014,.T.);
#1314=ORIENTED_EDGE('',*,*,#1015,.T.);
#1315=ORIENTED_EDGE('',*,*,#1016,.T.);
#1316=ORIENTED_EDGE('',*,*,#978,.T.);
#1317=ORIENTED_EDGE('',*,*,#962,.F.);
#1318=ORIENTED_EDGE('',*,*,#1017,.F.);
#1319=ORIENTED_EDGE('',*,*,#1015,.F.);
#1320=ORIENTED_EDGE('',*,*,#1018,.F.);
#1321=ORIENTED_EDGE('',*,*,#1019,.T.);
#1322=ORIENTED_EDGE('',*,*,#1020,.T.);
#1323=ORIENTED_EDGE('',*,*,#1021,.T.);
#1324=ORIENTED_EDGE('',*,*,#985,.T.);
#1325=ORIENTED_EDGE('',*,*,#969,.F.);
#1326=ORIENTED_EDGE('',*,*,#1022,.F.);
#1327=ORIENTED_EDGE('',*,*,#1020,.F.);
#1328=ORIENTED_EDGE('',*,*,#1023,.F.);
#1329=ORIENTED_EDGE('',*,*,#1024,.T.);
#1330=ORIENTED_EDGE('',*,*,#1025,.T.);
#1331=ORIENTED_EDGE('',*,*,#1026,.T.);
#1332=ORIENTED_EDGE('',*,*,#1027,.T.);
#1333=ORIENTED_EDGE('',*,*,#1028,.T.);
#1334=ORIENTED_EDGE('',*,*,#1029,.T.);
#1335=ORIENTED_EDGE('',*,*,#1026,.F.);
#1336=ORIENTED_EDGE('',*,*,#1030,.T.);
#1337=ORIENTED_EDGE('',*,*,#1031,.T.);
#1338=ORIENTED_EDGE('',*,*,#1032,.T.);
#1339=ORIENTED_EDGE('',*,*,#1028,.F.);
#1340=ORIENTED_EDGE('',*,*,#1033,.T.);
#1341=ORIENTED_EDGE('',*,*,#1034,.T.);
#1342=ORIENTED_EDGE('',*,*,#1035,.T.);
#1343=ORIENTED_EDGE('',*,*,#1031,.F.);
#1344=ORIENTED_EDGE('',*,*,#1036,.T.);
#1345=ORIENTED_EDGE('',*,*,#1037,.T.);
#1346=ORIENTED_EDGE('',*,*,#1038,.T.);
#1347=ORIENTED_EDGE('',*,*,#1034,.F.);
#1348=ORIENTED_EDGE('',*,*,#1039,.T.);
#1349=ORIENTED_EDGE('',*,*,#1024,.F.);
#1350=ORIENTED_EDGE('',*,*,#1040,.T.);
#1351=ORIENTED_EDGE('',*,*,#1037,.F.);
#1352=ORIENTED_EDGE('',*,*,#1041,.T.);
#1353=ORIENTED_EDGE('',*,*,#1033,.F.);
#1354=ORIENTED_EDGE('',*,*,#1042,.F.);
#1355=ORIENTED_EDGE('',*,*,#1043,.T.);
#1356=ORIENTED_EDGE('',*,*,#1044,.F.);
#1357=ORIENTED_EDGE('',*,*,#1030,.F.);
#1358=ORIENTED_EDGE('',*,*,#1045,.T.);
#1359=ORIENTED_EDGE('',*,*,#1046,.T.);
#1360=ORIENTED_EDGE('',*,*,#1042,.T.);
#1361=ORIENTED_EDGE('',*,*,#1025,.F.);
#1362=ORIENTED_EDGE('',*,*,#1047,.F.);
#1363=ORIENTED_EDGE('',*,*,#1048,.T.);
#1364=ORIENTED_EDGE('',*,*,#1045,.F.);
#1365=ORIENTED_EDGE('',*,*,#1049,.F.);
#1366=ORIENTED_EDGE('',*,*,#1050,.T.);
#1367=ORIENTED_EDGE('',*,*,#1051,.F.);
#1368=ORIENTED_EDGE('',*,*,#1052,.T.);
#1369=ORIENTED_EDGE('',*,*,#1053,.T.);
#1370=ORIENTED_EDGE('',*,*,#1054,.T.);
#1371=ORIENTED_EDGE('',*,*,#1055,.F.);
#1372=ORIENTED_EDGE('',*,*,#1056,.T.);
#1373=ORIENTED_EDGE('',*,*,#1057,.T.);
#1374=ORIENTED_EDGE('',*,*,#1058,.T.);
#1375=ORIENTED_EDGE('',*,*,#1059,.T.);
#1376=ORIENTED_EDGE('',*,*,#1060,.T.);
#1377=ORIENTED_EDGE('',*,*,#1061,.T.);
#1378=ORIENTED_EDGE('',*,*,#1062,.F.);
#1379=ORIENTED_EDGE('',*,*,#1063,.T.);
#1380=ORIENTED_EDGE('',*,*,#1064,.T.);
#1381=ORIENTED_EDGE('',*,*,#1065,.T.);
#1382=ORIENTED_EDGE('',*,*,#1066,.F.);
#1383=ORIENTED_EDGE('',*,*,#1067,.T.);
#1384=ORIENTED_EDGE('',*,*,#1068,.T.);
#1385=ORIENTED_EDGE('',*,*,#1069,.T.);
#1386=ORIENTED_EDGE('',*,*,#1070,.T.);
#1387=ORIENTED_EDGE('',*,*,#1071,.T.);
#1388=ORIENTED_EDGE('',*,*,#1072,.T.);
#1389=ORIENTED_EDGE('',*,*,#1073,.F.);
#1390=ORIENTED_EDGE('',*,*,#1074,.T.);
#1391=ORIENTED_EDGE('',*,*,#1075,.T.);
#1392=ORIENTED_EDGE('',*,*,#1076,.T.);
#1393=ORIENTED_EDGE('',*,*,#1077,.F.);
#1394=ORIENTED_EDGE('',*,*,#1078,.T.);
#1395=ORIENTED_EDGE('',*,*,#1079,.F.);
#1396=ORIENTED_EDGE('',*,*,#1080,.F.);
#1397=ORIENTED_EDGE('',*,*,#1081,.F.);
#1398=ORIENTED_EDGE('',*,*,#1082,.F.);
#1399=ORIENTED_EDGE('',*,*,#1083,.F.);
#1400=ORIENTED_EDGE('',*,*,#1084,.F.);
#1401=ORIENTED_EDGE('',*,*,#1085,.F.);
#1402=ORIENTED_EDGE('',*,*,#1086,.F.);
#1403=ORIENTED_EDGE('',*,*,#1087,.F.);
#1404=ORIENTED_EDGE('',*,*,#1088,.F.);
#1405=ORIENTED_EDGE('',*,*,#1089,.F.);
#1406=ORIENTED_EDGE('',*,*,#1090,.F.);
#1407=ORIENTED_EDGE('',*,*,#1018,.T.);
#1408=ORIENTED_EDGE('',*,*,#1014,.F.);
#1409=ORIENTED_EDGE('',*,*,#977,.T.);
#1410=ORIENTED_EDGE('',*,*,#973,.F.);
#1411=ORIENTED_EDGE('',*,*,#998,.T.);
#1412=ORIENTED_EDGE('',*,*,#994,.F.);
#1413=ORIENTED_EDGE('',*,*,#963,.T.);
#1414=ORIENTED_EDGE('',*,*,#959,.F.);
#1415=ORIENTED_EDGE('',*,*,#1003,.T.);
#1416=ORIENTED_EDGE('',*,*,#999,.F.);
#1417=ORIENTED_EDGE('',*,*,#970,.T.);
#1418=ORIENTED_EDGE('',*,*,#966,.F.);
#1419=ORIENTED_EDGE('',*,*,#1023,.T.);
#1420=ORIENTED_EDGE('',*,*,#1019,.F.);
#1421=ORIENTED_EDGE('',*,*,#984,.T.);
#1422=ORIENTED_EDGE('',*,*,#980,.F.);
#1423=ORIENTED_EDGE('',*,*,#1013,.T.);
#1424=ORIENTED_EDGE('',*,*,#1009,.F.);
#1425=ORIENTED_EDGE('',*,*,#991,.T.);
#1426=ORIENTED_EDGE('',*,*,#987,.F.);
#1427=ORIENTED_EDGE('',*,*,#1008,.T.);
#1428=ORIENTED_EDGE('',*,*,#1004,.F.);
#1429=ORIENTED_EDGE('',*,*,#956,.T.);
#1430=ORIENTED_EDGE('',*,*,#952,.F.);
#1431=ORIENTED_EDGE('',*,*,#1091,.T.);
#1432=ORIENTED_EDGE('',*,*,#1092,.T.);
#1433=ORIENTED_EDGE('',*,*,#1093,.T.);
#1434=ORIENTED_EDGE('',*,*,#1094,.T.);
#1435=ORIENTED_EDGE('',*,*,#1095,.T.);
#1436=ORIENTED_EDGE('',*,*,#1096,.T.);
#1437=ORIENTED_EDGE('',*,*,#1027,.F.);
#1438=ORIENTED_EDGE('',*,*,#1029,.F.);
#1439=ORIENTED_EDGE('',*,*,#1032,.F.);
#1440=ORIENTED_EDGE('',*,*,#1035,.F.);
#1441=ORIENTED_EDGE('',*,*,#1038,.F.);
#1442=ORIENTED_EDGE('',*,*,#1040,.F.);
#1443=ORIENTED_EDGE('',*,*,#1097,.T.);
#1444=ORIENTED_EDGE('',*,*,#1081,.T.);
#1445=ORIENTED_EDGE('',*,*,#1098,.T.);
#1446=ORIENTED_EDGE('',*,*,#1099,.T.);
#1447=ORIENTED_EDGE('',*,*,#1100,.T.);
#1448=ORIENTED_EDGE('',*,*,#1101,.T.);
#1449=ORIENTED_EDGE('',*,*,#1098,.F.);
#1450=ORIENTED_EDGE('',*,*,#1080,.T.);
#1451=ORIENTED_EDGE('',*,*,#1102,.T.);
#1452=ORIENTED_EDGE('',*,*,#1103,.T.);
#1453=ORIENTED_EDGE('',*,*,#1100,.F.);
#1454=ORIENTED_EDGE('',*,*,#1079,.T.);
#1455=ORIENTED_EDGE('',*,*,#1104,.T.);
#1456=ORIENTED_EDGE('',*,*,#1049,.T.);
#1457=ORIENTED_EDGE('',*,*,#1105,.T.);
#1458=ORIENTED_EDGE('',*,*,#1106,.T.);
#1459=ORIENTED_EDGE('',*,*,#1107,.T.);
#1460=ORIENTED_EDGE('',*,*,#1108,.T.);
#1461=ORIENTED_EDGE('',*,*,#1105,.F.);
#1462=ORIENTED_EDGE('',*,*,#1084,.T.);
#1463=ORIENTED_EDGE('',*,*,#1109,.T.);
#1464=ORIENTED_EDGE('',*,*,#1110,.T.);
#1465=ORIENTED_EDGE('',*,*,#1107,.F.);
#1466=ORIENTED_EDGE('',*,*,#1083,.T.);
#1467=ORIENTED_EDGE('',*,*,#1109,.F.);
#1468=ORIENTED_EDGE('',*,*,#1082,.T.);
#1469=ORIENTED_EDGE('',*,*,#1097,.F.);
#1470=ORIENTED_EDGE('',*,*,#1111,.T.);
#1471=ORIENTED_EDGE('',*,*,#1112,.T.);
#1472=ORIENTED_EDGE('',*,*,#1113,.T.);
#1473=ORIENTED_EDGE('',*,*,#1114,.T.);
#1474=ORIENTED_EDGE('',*,*,#1102,.F.);
#1475=ORIENTED_EDGE('',*,*,#1115,.T.);
#1476=ORIENTED_EDGE('',*,*,#1104,.F.);
#1477=ORIENTED_EDGE('',*,*,#1116,.T.);
#1478=ORIENTED_EDGE('',*,*,#1117,.T.);
#1479=ORIENTED_EDGE('',*,*,#1118,.T.);
#1480=ORIENTED_EDGE('',*,*,#1117,.F.);
#1481=ORIENTED_EDGE('',*,*,#1119,.T.);
#1482=ORIENTED_EDGE('',*,*,#1113,.F.);
#1483=ORIENTED_EDGE('',*,*,#1103,.F.);
#1484=ORIENTED_EDGE('',*,*,#1114,.F.);
#1485=ORIENTED_EDGE('',*,*,#1120,.T.);
#1486=ORIENTED_EDGE('',*,*,#1121,.T.);
#1487=ORIENTED_EDGE('',*,*,#1122,.T.);
#1488=ORIENTED_EDGE('',*,*,#1119,.F.);
#1489=ORIENTED_EDGE('',*,*,#1123,.F.);
#1490=ORIENTED_EDGE('',*,*,#1124,.T.);
#1491=ORIENTED_EDGE('',*,*,#1120,.F.);
#1492=ORIENTED_EDGE('',*,*,#1116,.F.);
#1493=ORIENTED_EDGE('',*,*,#1106,.F.);
#1494=ORIENTED_EDGE('',*,*,#1125,.T.);
#1495=ORIENTED_EDGE('',*,*,#1126,.T.);
#1496=ORIENTED_EDGE('',*,*,#1123,.T.);
#1497=ORIENTED_EDGE('',*,*,#1127,.T.);
#1498=ORIENTED_EDGE('',*,*,#1128,.T.);
#1499=ORIENTED_EDGE('',*,*,#1129,.T.);
#1500=ORIENTED_EDGE('',*,*,#1085,.T.);
#1501=ORIENTED_EDGE('',*,*,#1130,.T.);
#1502=ORIENTED_EDGE('',*,*,#1086,.T.);
#1503=ORIENTED_EDGE('',*,*,#1129,.F.);
#1504=ORIENTED_EDGE('',*,*,#1131,.T.);
#1505=ORIENTED_EDGE('',*,*,#1132,.T.);
#1506=ORIENTED_EDGE('',*,*,#1087,.T.);
#1507=ORIENTED_EDGE('',*,*,#1130,.F.);
#1508=ORIENTED_EDGE('',*,*,#1133,.T.);
#1509=ORIENTED_EDGE('',*,*,#1134,.T.);
#1510=ORIENTED_EDGE('',*,*,#1088,.T.);
#1511=ORIENTED_EDGE('',*,*,#1132,.F.);
#1512=ORIENTED_EDGE('',*,*,#1135,.T.);
#1513=ORIENTED_EDGE('',*,*,#1136,.T.);
#1514=ORIENTED_EDGE('',*,*,#1089,.T.);
#1515=ORIENTED_EDGE('',*,*,#1134,.F.);
#1516=ORIENTED_EDGE('',*,*,#1137,.T.);
#1517=ORIENTED_EDGE('',*,*,#1127,.F.);
#1518=ORIENTED_EDGE('',*,*,#1090,.T.);
#1519=ORIENTED_EDGE('',*,*,#1136,.F.);
#1520=ORIENTED_EDGE('',*,*,#1138,.T.);
#1521=ORIENTED_EDGE('',*,*,#1133,.F.);
#1522=ORIENTED_EDGE('',*,*,#1139,.F.);
#1523=ORIENTED_EDGE('',*,*,#1140,.T.);
#1524=ORIENTED_EDGE('',*,*,#1141,.F.);
#1525=ORIENTED_EDGE('',*,*,#1131,.F.);
#1526=ORIENTED_EDGE('',*,*,#1142,.T.);
#1527=ORIENTED_EDGE('',*,*,#1143,.T.);
#1528=ORIENTED_EDGE('',*,*,#1139,.T.);
#1529=ORIENTED_EDGE('',*,*,#1128,.F.);
#1530=ORIENTED_EDGE('',*,*,#1144,.F.);
#1531=ORIENTED_EDGE('',*,*,#1145,.T.);
#1532=ORIENTED_EDGE('',*,*,#1142,.F.);
#1533=ORIENTED_EDGE('',*,*,#1041,.F.);
#1534=ORIENTED_EDGE('',*,*,#1146,.T.);
#1535=ORIENTED_EDGE('',*,*,#1147,.T.);
#1536=ORIENTED_EDGE('',*,*,#1047,.T.);
#1537=ORIENTED_EDGE('',*,*,#1147,.F.);
#1538=ORIENTED_EDGE('',*,*,#1148,.F.);
#1539=ORIENTED_EDGE('',*,*,#1149,.F.);
#1540=ORIENTED_EDGE('',*,*,#1043,.F.);
#1541=ORIENTED_EDGE('',*,*,#1046,.F.);
#1542=ORIENTED_EDGE('',*,*,#1048,.F.);
#1543=ORIENTED_EDGE('',*,*,#1036,.F.);
#1544=ORIENTED_EDGE('',*,*,#1044,.T.);
#1545=ORIENTED_EDGE('',*,*,#1149,.T.);
#1546=ORIENTED_EDGE('',*,*,#1150,.T.);
#1547=ORIENTED_EDGE('',*,*,#1039,.F.);
#1548=ORIENTED_EDGE('',*,*,#1150,.F.);
#1549=ORIENTED_EDGE('',*,*,#1148,.T.);
#1550=ORIENTED_EDGE('',*,*,#1146,.F.);
#1551=ORIENTED_EDGE('',*,*,#1143,.F.);
#1552=ORIENTED_EDGE('',*,*,#1145,.F.);
#1553=ORIENTED_EDGE('',*,*,#1151,.F.);
#1554=ORIENTED_EDGE('',*,*,#1152,.F.);
#1555=ORIENTED_EDGE('',*,*,#1153,.F.);
#1556=ORIENTED_EDGE('',*,*,#1140,.F.);
#1557=ORIENTED_EDGE('',*,*,#1135,.F.);
#1558=ORIENTED_EDGE('',*,*,#1141,.T.);
#1559=ORIENTED_EDGE('',*,*,#1153,.T.);
#1560=ORIENTED_EDGE('',*,*,#1154,.T.);
#1561=ORIENTED_EDGE('',*,*,#1137,.F.);
#1562=ORIENTED_EDGE('',*,*,#1154,.F.);
#1563=ORIENTED_EDGE('',*,*,#1152,.T.);
#1564=ORIENTED_EDGE('',*,*,#1155,.F.);
#1565=ORIENTED_EDGE('',*,*,#1138,.F.);
#1566=ORIENTED_EDGE('',*,*,#1155,.T.);
#1567=ORIENTED_EDGE('',*,*,#1151,.T.);
#1568=ORIENTED_EDGE('',*,*,#1144,.T.);
#1569=ORIENTED_EDGE('',*,*,#1096,.F.);
#1570=ORIENTED_EDGE('',*,*,#1156,.T.);
#1571=ORIENTED_EDGE('',*,*,#1157,.F.);
#1572=ORIENTED_EDGE('',*,*,#1156,.F.);
#1573=ORIENTED_EDGE('',*,*,#1095,.F.);
#1574=ORIENTED_EDGE('',*,*,#1158,.T.);
#1575=ORIENTED_EDGE('',*,*,#1159,.F.);
#1576=ORIENTED_EDGE('',*,*,#1158,.F.);
#1577=ORIENTED_EDGE('',*,*,#1094,.F.);
#1578=ORIENTED_EDGE('',*,*,#1160,.T.);
#1579=ORIENTED_EDGE('',*,*,#1161,.F.);
#1580=ORIENTED_EDGE('',*,*,#1160,.F.);
#1581=ORIENTED_EDGE('',*,*,#1093,.F.);
#1582=ORIENTED_EDGE('',*,*,#1162,.T.);
#1583=ORIENTED_EDGE('',*,*,#1163,.F.);
#1584=ORIENTED_EDGE('',*,*,#1162,.F.);
#1585=ORIENTED_EDGE('',*,*,#1092,.F.);
#1586=ORIENTED_EDGE('',*,*,#1164,.T.);
#1587=ORIENTED_EDGE('',*,*,#1165,.F.);
#1588=ORIENTED_EDGE('',*,*,#1164,.F.);
#1589=ORIENTED_EDGE('',*,*,#1091,.F.);
#1590=ORIENTED_EDGE('',*,*,#1166,.T.);
#1591=ORIENTED_EDGE('',*,*,#1167,.F.);
#1592=ORIENTED_EDGE('',*,*,#1166,.F.);
#1593=ORIENTED_EDGE('',*,*,#1168,.T.);
#1594=ORIENTED_EDGE('',*,*,#1169,.T.);
#1595=ORIENTED_EDGE('',*,*,#1077,.T.);
#1596=ORIENTED_EDGE('',*,*,#1170,.T.);
#1597=ORIENTED_EDGE('',*,*,#1169,.F.);
#1598=ORIENTED_EDGE('',*,*,#1171,.T.);
#1599=ORIENTED_EDGE('',*,*,#1172,.F.);
#1600=ORIENTED_EDGE('',*,*,#1050,.F.);
#1601=ORIENTED_EDGE('',*,*,#1115,.F.);
#1602=ORIENTED_EDGE('',*,*,#1118,.F.);
#1603=ORIENTED_EDGE('',*,*,#1112,.F.);
#1604=ORIENTED_EDGE('',*,*,#1078,.F.);
#1605=ORIENTED_EDGE('',*,*,#1173,.T.);
#1606=ORIENTED_EDGE('',*,*,#1174,.T.);
#1607=ORIENTED_EDGE('',*,*,#1055,.T.);
#1608=ORIENTED_EDGE('',*,*,#1175,.T.);
#1609=ORIENTED_EDGE('',*,*,#1174,.F.);
#1610=ORIENTED_EDGE('',*,*,#1176,.T.);
#1611=ORIENTED_EDGE('',*,*,#1177,.T.);
#1612=ORIENTED_EDGE('',*,*,#1056,.F.);
#1613=ORIENTED_EDGE('',*,*,#1178,.T.);
#1614=ORIENTED_EDGE('',*,*,#1179,.T.);
#1615=ORIENTED_EDGE('',*,*,#1051,.T.);
#1616=ORIENTED_EDGE('',*,*,#1172,.T.);
#1617=ORIENTED_EDGE('',*,*,#1179,.F.);
#1618=ORIENTED_EDGE('',*,*,#1180,.F.);
#1619=ORIENTED_EDGE('',*,*,#1181,.T.);
#1620=ORIENTED_EDGE('',*,*,#1052,.F.);
#1621=ORIENTED_EDGE('',*,*,#1182,.T.);
#1622=ORIENTED_EDGE('',*,*,#1183,.T.);
#1623=ORIENTED_EDGE('',*,*,#1073,.T.);
#1624=ORIENTED_EDGE('',*,*,#1184,.T.);
#1625=ORIENTED_EDGE('',*,*,#1183,.F.);
#1626=ORIENTED_EDGE('',*,*,#1185,.F.);
#1627=ORIENTED_EDGE('',*,*,#1186,.T.);
#1628=ORIENTED_EDGE('',*,*,#1074,.F.);
#1629=ORIENTED_EDGE('',*,*,#1187,.T.);
#1630=ORIENTED_EDGE('',*,*,#1188,.T.);
#1631=ORIENTED_EDGE('',*,*,#1066,.T.);
#1632=ORIENTED_EDGE('',*,*,#1189,.T.);
#1633=ORIENTED_EDGE('',*,*,#1188,.F.);
#1634=ORIENTED_EDGE('',*,*,#1190,.F.);
#1635=ORIENTED_EDGE('',*,*,#1191,.T.);
#1636=ORIENTED_EDGE('',*,*,#1067,.F.);
#1637=ORIENTED_EDGE('',*,*,#1192,.T.);
#1638=ORIENTED_EDGE('',*,*,#1193,.T.);
#1639=ORIENTED_EDGE('',*,*,#1062,.T.);
#1640=ORIENTED_EDGE('',*,*,#1194,.T.);
#1641=ORIENTED_EDGE('',*,*,#1193,.F.);
#1642=ORIENTED_EDGE('',*,*,#1195,.T.);
#1643=ORIENTED_EDGE('',*,*,#1196,.T.);
#1644=ORIENTED_EDGE('',*,*,#1063,.F.);
#1645=ORIENTED_EDGE('',*,*,#1197,.F.);
#1646=ORIENTED_EDGE('',*,*,#1198,.T.);
#1647=ORIENTED_EDGE('',*,*,#1053,.F.);
#1648=ORIENTED_EDGE('',*,*,#1181,.F.);
#1649=ORIENTED_EDGE('',*,*,#1170,.F.);
#1650=ORIENTED_EDGE('',*,*,#1076,.F.);
#1651=ORIENTED_EDGE('',*,*,#1199,.F.);
#1652=ORIENTED_EDGE('',*,*,#1200,.T.);
#1653=ORIENTED_EDGE('',*,*,#1201,.F.);
#1654=ORIENTED_EDGE('',*,*,#1199,.T.);
#1655=ORIENTED_EDGE('',*,*,#1075,.F.);
#1656=ORIENTED_EDGE('',*,*,#1186,.F.);
#1657=ORIENTED_EDGE('',*,*,#1184,.F.);
#1658=ORIENTED_EDGE('',*,*,#1072,.F.);
#1659=ORIENTED_EDGE('',*,*,#1202,.F.);
#1660=ORIENTED_EDGE('',*,*,#1203,.F.);
#1661=ORIENTED_EDGE('',*,*,#1204,.T.);
#1662=ORIENTED_EDGE('',*,*,#1202,.T.);
#1663=ORIENTED_EDGE('',*,*,#1071,.F.);
#1664=ORIENTED_EDGE('',*,*,#1205,.F.);
#1665=ORIENTED_EDGE('',*,*,#1206,.F.);
#1666=ORIENTED_EDGE('',*,*,#1205,.T.);
#1667=ORIENTED_EDGE('',*,*,#1070,.F.);
#1668=ORIENTED_EDGE('',*,*,#1207,.F.);
#1669=ORIENTED_EDGE('',*,*,#1208,.T.);
#1670=ORIENTED_EDGE('',*,*,#1207,.T.);
#1671=ORIENTED_EDGE('',*,*,#1069,.F.);
#1672=ORIENTED_EDGE('',*,*,#1209,.F.);
#1673=ORIENTED_EDGE('',*,*,#1210,.T.);
#1674=ORIENTED_EDGE('',*,*,#1209,.T.);
#1675=ORIENTED_EDGE('',*,*,#1068,.F.);
#1676=ORIENTED_EDGE('',*,*,#1191,.F.);
#1677=ORIENTED_EDGE('',*,*,#1189,.F.);
#1678=ORIENTED_EDGE('',*,*,#1065,.F.);
#1679=ORIENTED_EDGE('',*,*,#1211,.F.);
#1680=ORIENTED_EDGE('',*,*,#1212,.T.);
#1681=ORIENTED_EDGE('',*,*,#1213,.T.);
#1682=ORIENTED_EDGE('',*,*,#1211,.T.);
#1683=ORIENTED_EDGE('',*,*,#1064,.F.);
#1684=ORIENTED_EDGE('',*,*,#1196,.F.);
#1685=ORIENTED_EDGE('',*,*,#1194,.F.);
#1686=ORIENTED_EDGE('',*,*,#1061,.F.);
#1687=ORIENTED_EDGE('',*,*,#1214,.F.);
#1688=ORIENTED_EDGE('',*,*,#1215,.T.);
#1689=ORIENTED_EDGE('',*,*,#1216,.T.);
#1690=ORIENTED_EDGE('',*,*,#1214,.T.);
#1691=ORIENTED_EDGE('',*,*,#1060,.F.);
#1692=ORIENTED_EDGE('',*,*,#1217,.F.);
#1693=ORIENTED_EDGE('',*,*,#1218,.T.);
#1694=ORIENTED_EDGE('',*,*,#1217,.T.);
#1695=ORIENTED_EDGE('',*,*,#1059,.F.);
#1696=ORIENTED_EDGE('',*,*,#1219,.F.);
#1697=ORIENTED_EDGE('',*,*,#1220,.F.);
#1698=ORIENTED_EDGE('',*,*,#1219,.T.);
#1699=ORIENTED_EDGE('',*,*,#1058,.F.);
#1700=ORIENTED_EDGE('',*,*,#1221,.F.);
#1701=ORIENTED_EDGE('',*,*,#1222,.T.);
#1702=ORIENTED_EDGE('',*,*,#1221,.T.);
#1703=ORIENTED_EDGE('',*,*,#1057,.F.);
#1704=ORIENTED_EDGE('',*,*,#1177,.F.);
#1705=ORIENTED_EDGE('',*,*,#1175,.F.);
#1706=ORIENTED_EDGE('',*,*,#1054,.F.);
#1707=ORIENTED_EDGE('',*,*,#1198,.F.);
#1708=ORIENTED_EDGE('',*,*,#1223,.T.);
#1709=ORIENTED_EDGE('',*,*,#1223,.F.);
#1710=ORIENTED_EDGE('',*,*,#1197,.T.);
#1711=ORIENTED_EDGE('',*,*,#1180,.T.);
#1712=ORIENTED_EDGE('',*,*,#1178,.F.);
#1713=ORIENTED_EDGE('',*,*,#1171,.F.);
#1714=ORIENTED_EDGE('',*,*,#1168,.F.);
#1715=ORIENTED_EDGE('',*,*,#1200,.F.);
#1716=ORIENTED_EDGE('',*,*,#1201,.T.);
#1717=ORIENTED_EDGE('',*,*,#1185,.T.);
#1718=ORIENTED_EDGE('',*,*,#1182,.F.);
#1719=ORIENTED_EDGE('',*,*,#1203,.T.);
#1720=ORIENTED_EDGE('',*,*,#1204,.F.);
#1721=ORIENTED_EDGE('',*,*,#1206,.T.);
#1722=ORIENTED_EDGE('',*,*,#1208,.F.);
#1723=ORIENTED_EDGE('',*,*,#1210,.F.);
#1724=ORIENTED_EDGE('',*,*,#1190,.T.);
#1725=ORIENTED_EDGE('',*,*,#1187,.F.);
#1726=ORIENTED_EDGE('',*,*,#1212,.F.);
#1727=ORIENTED_EDGE('',*,*,#1213,.F.);
#1728=ORIENTED_EDGE('',*,*,#1195,.F.);
#1729=ORIENTED_EDGE('',*,*,#1192,.F.);
#1730=ORIENTED_EDGE('',*,*,#1215,.F.);
#1731=ORIENTED_EDGE('',*,*,#1216,.F.);
#1732=ORIENTED_EDGE('',*,*,#1218,.F.);
#1733=ORIENTED_EDGE('',*,*,#1220,.T.);
#1734=ORIENTED_EDGE('',*,*,#1222,.F.);
#1735=ORIENTED_EDGE('',*,*,#1176,.F.);
#1736=ORIENTED_EDGE('',*,*,#1173,.F.);
#1737=ORIENTED_EDGE('',*,*,#1157,.T.);
#1738=ORIENTED_EDGE('',*,*,#1159,.T.);
#1739=ORIENTED_EDGE('',*,*,#1161,.T.);
#1740=ORIENTED_EDGE('',*,*,#1163,.T.);
#1741=ORIENTED_EDGE('',*,*,#1165,.T.);
#1742=ORIENTED_EDGE('',*,*,#1167,.T.);
#1743=ORIENTED_EDGE('',*,*,#1012,.T.);
#1744=ORIENTED_EDGE('',*,*,#954,.F.);
#1745=ORIENTED_EDGE('',*,*,#958,.T.);
#1746=ORIENTED_EDGE('',*,*,#1006,.F.);
#1747=ORIENTED_EDGE('',*,*,#1007,.T.);
#1748=ORIENTED_EDGE('',*,*,#989,.F.);
#1749=ORIENTED_EDGE('',*,*,#993,.T.);
#1750=ORIENTED_EDGE('',*,*,#1011,.F.);
#1751=ORIENTED_EDGE('',*,*,#1002,.T.);
#1752=ORIENTED_EDGE('',*,*,#982,.F.);
#1753=ORIENTED_EDGE('',*,*,#986,.T.);
#1754=ORIENTED_EDGE('',*,*,#1021,.F.);
#1755=ORIENTED_EDGE('',*,*,#1022,.T.);
#1756=ORIENTED_EDGE('',*,*,#968,.F.);
#1757=ORIENTED_EDGE('',*,*,#972,.T.);
#1758=ORIENTED_EDGE('',*,*,#1001,.F.);
#1759=ORIENTED_EDGE('',*,*,#1017,.T.);
#1760=ORIENTED_EDGE('',*,*,#961,.F.);
#1761=ORIENTED_EDGE('',*,*,#965,.T.);
#1762=ORIENTED_EDGE('',*,*,#996,.F.);
#1763=ORIENTED_EDGE('',*,*,#997,.T.);
#1764=ORIENTED_EDGE('',*,*,#975,.F.);
#1765=ORIENTED_EDGE('',*,*,#979,.T.);
#1766=ORIENTED_EDGE('',*,*,#1016,.F.);
#1767=ORIENTED_EDGE('',*,*,#1110,.F.);
#1768=ORIENTED_EDGE('',*,*,#1224,.T.);
#1769=ORIENTED_EDGE('',*,*,#1225,.T.);
#1770=ORIENTED_EDGE('',*,*,#1226,.T.);
#1771=ORIENTED_EDGE('',*,*,#1108,.F.);
#1772=ORIENTED_EDGE('',*,*,#1226,.F.);
#1773=ORIENTED_EDGE('',*,*,#1227,.T.);
#1774=ORIENTED_EDGE('',*,*,#1125,.F.);
#1775=ORIENTED_EDGE('',*,*,#1225,.F.);
#1776=ORIENTED_EDGE('',*,*,#1228,.F.);
#1777=ORIENTED_EDGE('',*,*,#1229,.F.);
#1778=ORIENTED_EDGE('',*,*,#1230,.F.);
#1779=ORIENTED_EDGE('',*,*,#1121,.F.);
#1780=ORIENTED_EDGE('',*,*,#1124,.F.);
#1781=ORIENTED_EDGE('',*,*,#1126,.F.);
#1782=ORIENTED_EDGE('',*,*,#1227,.F.);
#1783=ORIENTED_EDGE('',*,*,#1101,.F.);
#1784=ORIENTED_EDGE('',*,*,#1122,.F.);
#1785=ORIENTED_EDGE('',*,*,#1230,.T.);
#1786=ORIENTED_EDGE('',*,*,#1231,.F.);
#1787=ORIENTED_EDGE('',*,*,#1099,.F.);
#1788=ORIENTED_EDGE('',*,*,#1231,.T.);
#1789=ORIENTED_EDGE('',*,*,#1229,.T.);
#1790=ORIENTED_EDGE('',*,*,#1232,.T.);
#1791=ORIENTED_EDGE('',*,*,#1111,.F.);
#1792=ORIENTED_EDGE('',*,*,#1232,.F.);
#1793=ORIENTED_EDGE('',*,*,#1228,.T.);
#1794=ORIENTED_EDGE('',*,*,#1224,.F.);
#1795=CYLINDRICAL_SURFACE('',#1962,2.5);
#1796=CYLINDRICAL_SURFACE('',#1966,2.5);
#1797=CYLINDRICAL_SURFACE('',#1970,2.5);
#1798=CYLINDRICAL_SURFACE('',#1974,2.5);
#1799=CYLINDRICAL_SURFACE('',#1978,2.5);
#1800=CYLINDRICAL_SURFACE('',#1982,2.5);
#1801=CYLINDRICAL_SURFACE('',#1986,2.5);
#1802=CYLINDRICAL_SURFACE('',#1990,2.5);
#1803=CYLINDRICAL_SURFACE('',#1994,2.5);
#1804=CYLINDRICAL_SURFACE('',#1998,2.5);
#1805=CYLINDRICAL_SURFACE('',#2002,2.5);
#1806=CYLINDRICAL_SURFACE('',#2006,2.5);
#1807=CYLINDRICAL_SURFACE('',#2010,1.5);
#1808=CYLINDRICAL_SURFACE('',#2017,1.5);
#1809=CYLINDRICAL_SURFACE('',#2023,1.5);
#1810=CYLINDRICAL_SURFACE('',#2029,2.5);
#1811=CYLINDRICAL_SURFACE('',#2060,1.5);
#1812=CYLINDRICAL_SURFACE('',#2069,1.5);
#1813=CYLINDRICAL_SURFACE('',#2074,1.5);
#1814=CYLINDRICAL_SURFACE('',#2081,1.5);
#1815=CYLINDRICAL_SURFACE('',#2082,2.5);
#1816=CYLINDRICAL_SURFACE('',#2085,2.5);
#1817=CYLINDRICAL_SURFACE('',#2087,1.5);
#1818=CYLINDRICAL_SURFACE('',#2093,1.5);
#1819=CYLINDRICAL_SURFACE('',#2098,1.5);
#1820=CYLINDRICAL_SURFACE('',#2103,2.5);
#1821=CYLINDRICAL_SURFACE('',#2106,2.5);
#1822=CYLINDRICAL_SURFACE('',#2110,2.5);
#1823=CYLINDRICAL_SURFACE('',#2115,2.5);
#1824=CYLINDRICAL_SURFACE('',#2117,2.5);
#1825=CYLINDRICAL_SURFACE('',#2118,0.499999999999998);
#1826=CYLINDRICAL_SURFACE('',#2120,0.499999999999998);
#1827=CYLINDRICAL_SURFACE('',#2122,0.5);
#1828=CYLINDRICAL_SURFACE('',#2124,0.5);
#1829=CYLINDRICAL_SURFACE('',#2126,0.5);
#1830=CYLINDRICAL_SURFACE('',#2128,0.500000000000003);
#1831=CYLINDRICAL_SURFACE('',#2130,1.5);
#1832=CYLINDRICAL_SURFACE('',#2133,1.5);
#1833=CYLINDRICAL_SURFACE('',#2136,1.5);
#1834=CYLINDRICAL_SURFACE('',#2139,1.5);
#1835=CYLINDRICAL_SURFACE('',#2142,1.5);
#1836=CYLINDRICAL_SURFACE('',#2145,1.5);
#1837=CYLINDRICAL_SURFACE('',#2152,3.00000000000001);
#1838=CYLINDRICAL_SURFACE('',#2156,2.25);
#1839=CYLINDRICAL_SURFACE('',#2161,2.24999999999999);
#1840=CYLINDRICAL_SURFACE('',#2165,3.00000000000001);
#1841=CYLINDRICAL_SURFACE('',#2169,2.5);
#1842=CYLINDRICAL_SURFACE('',#2175,2.5);
#1843=ADVANCED_FACE('',(#94),#1795,.F.);
#1844=ADVANCED_FACE('',(#95),#49,.F.);
#1845=ADVANCED_FACE('',(#96),#1796,.F.);
#1846=ADVANCED_FACE('',(#97),#50,.F.);
#1847=ADVANCED_FACE('',(#98),#1797,.F.);
#1848=ADVANCED_FACE('',(#99),#51,.F.);
#1849=ADVANCED_FACE('',(#100),#1798,.F.);
#1850=ADVANCED_FACE('',(#101),#52,.F.);
#1851=ADVANCED_FACE('',(#102),#1799,.F.);
#1852=ADVANCED_FACE('',(#103),#53,.F.);
#1853=ADVANCED_FACE('',(#104),#1800,.F.);
#1854=ADVANCED_FACE('',(#105),#54,.F.);
#1855=ADVANCED_FACE('',(#106),#1801,.F.);
#1856=ADVANCED_FACE('',(#107),#55,.F.);
#1857=ADVANCED_FACE('',(#108),#1802,.F.);
#1858=ADVANCED_FACE('',(#109),#56,.F.);
#1859=ADVANCED_FACE('',(#110),#1803,.F.);
#1860=ADVANCED_FACE('',(#111),#57,.F.);
#1861=ADVANCED_FACE('',(#112),#1804,.F.);
#1862=ADVANCED_FACE('',(#113),#58,.F.);
#1863=ADVANCED_FACE('',(#114),#1805,.F.);
#1864=ADVANCED_FACE('',(#115),#59,.F.);
#1865=ADVANCED_FACE('',(#116),#1806,.F.);
#1866=ADVANCED_FACE('',(#117),#60,.F.);
#1867=ADVANCED_FACE('',(#118),#1807,.F.);
#1868=ADVANCED_FACE('',(#119),#37,.F.);
#1869=ADVANCED_FACE('',(#120),#1808,.F.);
#1870=ADVANCED_FACE('',(#121),#38,.F.);
#1871=ADVANCED_FACE('',(#122),#1809,.F.);
#1872=ADVANCED_FACE('',(#123),#39,.F.);
#1873=ADVANCED_FACE('',(#124),#61,.T.);
#1874=ADVANCED_FACE('',(#125),#1810,.T.);
#1875=ADVANCED_FACE('',(#126),#62,.T.);
#1876=ADVANCED_FACE('',(#127,#17,#18,#19,#20,#21,#22,#23,#24,#25,#26,#27),
#63,.T.);
#1877=ADVANCED_FACE('',(#128),#40,.F.);
#1878=ADVANCED_FACE('',(#129),#1811,.F.);
#1879=ADVANCED_FACE('',(#130),#41,.F.);
#1880=ADVANCED_FACE('',(#131),#42,.F.);
#1881=ADVANCED_FACE('',(#132),#1812,.F.);
#1882=ADVANCED_FACE('',(#133),#43,.F.);
#1883=ADVANCED_FACE('',(#134),#1813,.F.);
#1884=ADVANCED_FACE('',(#135),#44,.F.);
#1885=ADVANCED_FACE('',(#136),#45,.F.);
#1886=ADVANCED_FACE('',(#137),#1814,.F.);
#1887=ADVANCED_FACE('',(#138),#1815,.T.);
#1888=ADVANCED_FACE('',(#139),#64,.T.);
#1889=ADVANCED_FACE('',(#140),#1816,.T.);
#1890=ADVANCED_FACE('',(#141),#1817,.F.);
#1891=ADVANCED_FACE('',(#142),#46,.F.);
#1892=ADVANCED_FACE('',(#143),#1818,.F.);
#1893=ADVANCED_FACE('',(#144),#47,.F.);
#1894=ADVANCED_FACE('',(#145),#1819,.F.);
#1895=ADVANCED_FACE('',(#146),#48,.F.);
#1896=ADVANCED_FACE('',(#147),#65,.T.);
#1897=ADVANCED_FACE('',(#148),#1820,.T.);
#1898=ADVANCED_FACE('',(#149),#66,.T.);
#1899=ADVANCED_FACE('',(#150),#1821,.T.);
#1900=ADVANCED_FACE('',(#151),#67,.F.);
#1901=ADVANCED_FACE('',(#152),#1822,.T.);
#1902=ADVANCED_FACE('',(#153),#68,.T.);
#1903=ADVANCED_FACE('',(#154),#69,.F.);
#1904=ADVANCED_FACE('',(#155),#1823,.T.);
#1905=ADVANCED_FACE('',(#156),#70,.T.);
#1906=ADVANCED_FACE('',(#157),#1824,.T.);
#1907=ADVANCED_FACE('',(#158),#1825,.F.);
#1908=ADVANCED_FACE('',(#159),#1826,.F.);
#1909=ADVANCED_FACE('',(#160),#1827,.F.);
#1910=ADVANCED_FACE('',(#161),#1828,.F.);
#1911=ADVANCED_FACE('',(#162),#1829,.F.);
#1912=ADVANCED_FACE('',(#163),#1830,.F.);
#1913=ADVANCED_FACE('',(#164),#1831,.F.);
#1914=ADVANCED_FACE('',(#165),#71,.T.);
#1915=ADVANCED_FACE('',(#166),#1832,.F.);
#1916=ADVANCED_FACE('',(#167),#72,.T.);
#1917=ADVANCED_FACE('',(#168),#1833,.F.);
#1918=ADVANCED_FACE('',(#169),#73,.T.);
#1919=ADVANCED_FACE('',(#170),#1834,.F.);
#1920=ADVANCED_FACE('',(#171),#74,.T.);
#1921=ADVANCED_FACE('',(#172),#1835,.F.);
#1922=ADVANCED_FACE('',(#173),#75,.T.);
#1923=ADVANCED_FACE('',(#174),#1836,.F.);
#1924=ADVANCED_FACE('',(#175),#76,.T.);
#1925=ADVANCED_FACE('',(#176),#77,.T.);
#1926=ADVANCED_FACE('',(#177),#78,.T.);
#1927=ADVANCED_FACE('',(#178),#79,.T.);
#1928=ADVANCED_FACE('',(#179),#80,.T.);
#1929=ADVANCED_FACE('',(#180),#1837,.T.);
#1930=ADVANCED_FACE('',(#181),#81,.T.);
#1931=ADVANCED_FACE('',(#182),#82,.T.);
#1932=ADVANCED_FACE('',(#183),#1838,.T.);
#1933=ADVANCED_FACE('',(#184),#83,.T.);
#1934=ADVANCED_FACE('',(#185),#84,.T.);
#1935=ADVANCED_FACE('',(#186),#85,.T.);
#1936=ADVANCED_FACE('',(#187),#1839,.T.);
#1937=ADVANCED_FACE('',(#188),#86,.T.);
#1938=ADVANCED_FACE('',(#189),#87,.T.);
#1939=ADVANCED_FACE('',(#190),#1840,.T.);
#1940=ADVANCED_FACE('',(#191),#88,.T.);
#1941=ADVANCED_FACE('',(#192,#28,#29,#30,#31,#32,#33,#34,#35,#36),#89,.F.);
#1942=ADVANCED_FACE('',(#193),#1841,.T.);
#1943=ADVANCED_FACE('',(#194),#90,.T.);
#1944=ADVANCED_FACE('',(#195),#91,.F.);
#1945=ADVANCED_FACE('',(#196),#92,.T.);
#1946=ADVANCED_FACE('',(#197),#1842,.T.);
#1947=ADVANCED_FACE('',(#198),#93,.T.);
#1948=CLOSED_SHELL('',(#1843,#1844,#1845,#1846,#1847,#1848,#1849,#1850,
#1851,#1852,#1853,#1854,#1855,#1856,#1857,#1858,#1859,#1860,#1861,#1862,
#1863,#1864,#1865,#1866,#1867,#1868,#1869,#1870,#1871,#1872,#1873,#1874,
#1875,#1876,#1877,#1878,#1879,#1880,#1881,#1882,#1883,#1884,#1885,#1886,
#1887,#1888,#1889,#1890,#1891,#1892,#1893,#1894,#1895,#1896,#1897,#1898,
#1899,#1900,#1901,#1902,#1903,#1904,#1905,#1906,#1907,#1908,#1909,#1910,
#1911,#1912,#1913,#1914,#1915,#1916,#1917,#1918,#1919,#1920,#1921,#1922,
#1923,#1924,#1925,#1926,#1927,#1928,#1929,#1930,#1931,#1932,#1933,#1934,
#1935,#1936,#1937,#1938,#1939,#1940,#1941,#1942,#1943,#1944,#1945,#1946,
#1947));
#1949=DERIVED_UNIT_ELEMENT(#1951,1.);
#1950=DERIVED_UNIT_ELEMENT(#3364,-3.);
#1951=(
MASS_UNIT()
NAMED_UNIT(*)
SI_UNIT(.KILO.,.GRAM.)
);
#1952=DERIVED_UNIT((#1949,#1950));
#1953=MEASURE_REPRESENTATION_ITEM('density measure',
POSITIVE_RATIO_MEASURE(7850.),#1952);
#1954=PROPERTY_DEFINITION_REPRESENTATION(#1959,#1956);
#1955=PROPERTY_DEFINITION_REPRESENTATION(#1960,#1957);
#1956=REPRESENTATION('material name',(#1958),#3361);
#1957=REPRESENTATION('density',(#1953),#3361);
#1958=DESCRIPTIVE_REPRESENTATION_ITEM('Steel','Steel');
#1959=PROPERTY_DEFINITION('material property','material name',#3371);
#1960=PROPERTY_DEFINITION('material property','density of part',#3371);
#1961=AXIS2_PLACEMENT_3D('',#2778,#2177,#2178);
#1962=AXIS2_PLACEMENT_3D('',#2779,#2179,#2180);
#1963=AXIS2_PLACEMENT_3D('',#2782,#2181,#2182);
#1964=AXIS2_PLACEMENT_3D('',#2786,#2184,#2185);
#1965=AXIS2_PLACEMENT_3D('',#2788,#2187,#2188);
#1966=AXIS2_PLACEMENT_3D('',#2794,#2192,#2193);
#1967=AXIS2_PLACEMENT_3D('',#2797,#2194,#2195);
#1968=AXIS2_PLACEMENT_3D('',#2801,#2197,#2198);
#1969=AXIS2_PLACEMENT_3D('',#2803,#2200,#2201);
#1970=AXIS2_PLACEMENT_3D('',#2809,#2205,#2206);
#1971=AXIS2_PLACEMENT_3D('',#2812,#2207,#2208);
#1972=AXIS2_PLACEMENT_3D('',#2816,#2210,#2211);
#1973=AXIS2_PLACEMENT_3D('',#2818,#2213,#2214);
#1974=AXIS2_PLACEMENT_3D('',#2824,#2218,#2219);
#1975=AXIS2_PLACEMENT_3D('',#2827,#2220,#2221);
#1976=AXIS2_PLACEMENT_3D('',#2831,#2223,#2224);
#1977=AXIS2_PLACEMENT_3D('',#2833,#2226,#2227);
#1978=AXIS2_PLACEMENT_3D('',#2839,#2231,#2232);
#1979=AXIS2_PLACEMENT_3D('',#2842,#2233,#2234);
#1980=AXIS2_PLACEMENT_3D('',#2846,#2236,#2237);
#1981=AXIS2_PLACEMENT_3D('',#2848,#2239,#2240);
#1982=AXIS2_PLACEMENT_3D('',#2854,#2244,#2245);
#1983=AXIS2_PLACEMENT_3D('',#2857,#2246,#2247);
#1984=AXIS2_PLACEMENT_3D('',#2861,#2249,#2250);
#1985=AXIS2_PLACEMENT_3D('',#2863,#2252,#2253);
#1986=AXIS2_PLACEMENT_3D('',#2869,#2257,#2258);
#1987=AXIS2_PLACEMENT_3D('',#2871,#2259,#2260);
#1988=AXIS2_PLACEMENT_3D('',#2874,#2262,#2263);
#1989=AXIS2_PLACEMENT_3D('',#2875,#2264,#2265);
#1990=AXIS2_PLACEMENT_3D('',#2878,#2268,#2269);
#1991=AXIS2_PLACEMENT_3D('',#2880,#2270,#2271);
#1992=AXIS2_PLACEMENT_3D('',#2883,#2273,#2274);
#1993=AXIS2_PLACEMENT_3D('',#2884,#2275,#2276);
#1994=AXIS2_PLACEMENT_3D('',#2887,#2279,#2280);
#1995=AXIS2_PLACEMENT_3D('',#2889,#2281,#2282);
#1996=AXIS2_PLACEMENT_3D('',#2892,#2284,#2285);
#1997=AXIS2_PLACEMENT_3D('',#2893,#2286,#2287);
#1998=AXIS2_PLACEMENT_3D('',#2896,#2290,#2291);
#1999=AXIS2_PLACEMENT_3D('',#2898,#2292,#2293);
#2000=AXIS2_PLACEMENT_3D('',#2901,#2295,#2296);
#2001=AXIS2_PLACEMENT_3D('',#2902,#2297,#2298);
#2002=AXIS2_PLACEMENT_3D('',#2905,#2301,#2302);
#2003=AXIS2_PLACEMENT_3D('',#2907,#2303,#2304);
#2004=AXIS2_PLACEMENT_3D('',#2910,#2306,#2307);
#2005=AXIS2_PLACEMENT_3D('',#2911,#2308,#2309);
#2006=AXIS2_PLACEMENT_3D('',#2914,#2312,#2313);
#2007=AXIS2_PLACEMENT_3D('',#2916,#2314,#2315);
#2008=AXIS2_PLACEMENT_3D('',#2919,#2317,#2318);
#2009=AXIS2_PLACEMENT_3D('',#2920,#2319,#2320);
#2010=AXIS2_PLACEMENT_3D('',#2923,#2323,#2324);
#2011=AXIS2_PLACEMENT_3D('',#2926,#2325,#2326);
#2012=AXIS2_PLACEMENT_3D('',#2930,#2328,#2329);
#2013=AXIS2_PLACEMENT_3D('',#2932,#2331,#2332);
#2014=AXIS2_PLACEMENT_3D('',#2935,#2333,#2334);
#2015=AXIS2_PLACEMENT_3D('',#2936,#2335,#2336);
#2016=AXIS2_PLACEMENT_3D('',#2937,#2337,#2338);
#2017=AXIS2_PLACEMENT_3D('',#2938,#2339,#2340);
#2018=AXIS2_PLACEMENT_3D('',#2941,#2341,#2342);
#2019=AXIS2_PLACEMENT_3D('',#2944,#2345,#2346);
#2020=AXIS2_PLACEMENT_3D('',#2947,#2347,#2348);
#2021=AXIS2_PLACEMENT_3D('',#2948,#2349,#2350);
#2022=AXIS2_PLACEMENT_3D('',#2949,#2351,#2352);
#2023=AXIS2_PLACEMENT_3D('',#2950,#2353,#2354);
#2024=AXIS2_PLACEMENT_3D('',#2953,#2355,#2356);
#2025=AXIS2_PLACEMENT_3D('',#2956,#2359,#2360);
#2026=AXIS2_PLACEMENT_3D('',#2957,#2361,#2362);
#2027=AXIS2_PLACEMENT_3D('',#2958,#2363,#2364);
#2028=AXIS2_PLACEMENT_3D('',#2959,#2365,#2366);
#2029=AXIS2_PLACEMENT_3D('',#2965,#2370,#2371);
#2030=AXIS2_PLACEMENT_3D('',#2968,#2373,#2374);
#2031=AXIS2_PLACEMENT_3D('',#2969,#2375,#2376);
#2032=AXIS2_PLACEMENT_3D('',#2973,#2379,#2380);
#2033=AXIS2_PLACEMENT_3D('',#2976,#2381,#2382);
#2034=AXIS2_PLACEMENT_3D('',#2980,#2384,#2385);
#2035=AXIS2_PLACEMENT_3D('',#2988,#2389,#2390);
#2036=AXIS2_PLACEMENT_3D('',#2992,#2392,#2393);
#2037=AXIS2_PLACEMENT_3D('',#2998,#2396,#2397);
#2038=AXIS2_PLACEMENT_3D('',#3002,#2399,#2400);
#2039=AXIS2_PLACEMENT_3D('',#3010,#2404,#2405);
#2040=AXIS2_PLACEMENT_3D('',#3014,#2407,#2408);
#2041=AXIS2_PLACEMENT_3D('',#3020,#2411,#2412);
#2042=AXIS2_PLACEMENT_3D('',#3024,#2414,#2415);
#2043=AXIS2_PLACEMENT_3D('',#3032,#2419,#2420);
#2044=AXIS2_PLACEMENT_3D('',#3036,#2422,#2423);
#2045=AXIS2_PLACEMENT_3D('',#3040,#2425,#2426);
#2046=AXIS2_PLACEMENT_3D('',#3044,#2428,#2429);
#2047=AXIS2_PLACEMENT_3D('',#3050,#2432,#2433);
#2048=AXIS2_PLACEMENT_3D('',#3054,#2435,#2436);
#2049=AXIS2_PLACEMENT_3D('',#3057,#2438,#2439);
#2050=AXIS2_PLACEMENT_3D('',#3059,#2440,#2441);
#2051=AXIS2_PLACEMENT_3D('',#3061,#2442,#2443);
#2052=AXIS2_PLACEMENT_3D('',#3063,#2444,#2445);
#2053=AXIS2_PLACEMENT_3D('',#3065,#2446,#2447);
#2054=AXIS2_PLACEMENT_3D('',#3067,#2448,#2449);
#2055=AXIS2_PLACEMENT_3D('',#3069,#2450,#2451);
#2056=AXIS2_PLACEMENT_3D('',#3070,#2452,#2453);
#2057=AXIS2_PLACEMENT_3D('',#3072,#2454,#2455);
#2058=AXIS2_PLACEMENT_3D('',#3074,#2456,#2457);
#2059=AXIS2_PLACEMENT_3D('',#3075,#2458,#2459);
#2060=AXIS2_PLACEMENT_3D('',#3076,#2460,#2461);
#2061=AXIS2_PLACEMENT_3D('',#3078,#2462,#2463);
#2062=AXIS2_PLACEMENT_3D('',#3080,#2465,#2466);
#2063=AXIS2_PLACEMENT_3D('',#3082,#2467,#2468);
#2064=AXIS2_PLACEMENT_3D('',#3083,#2469,#2470);
#2065=AXIS2_PLACEMENT_3D('',#3084,#2471,#2472);
#2066=AXIS2_PLACEMENT_3D('',#3086,#2473,#2474);
#2067=AXIS2_PLACEMENT_3D('',#3088,#2475,#2476);
#2068=AXIS2_PLACEMENT_3D('',#3089,#2477,#2478);
#2069=AXIS2_PLACEMENT_3D('',#3090,#2479,#2480);
#2070=AXIS2_PLACEMENT_3D('',#3092,#2481,#2482);
#2071=AXIS2_PLACEMENT_3D('',#3094,#2484,#2485);
#2072=AXIS2_PLACEMENT_3D('',#3096,#2486,#2487);
#2073=AXIS2_PLACEMENT_3D('',#3097,#2488,#2489);
#2074=AXIS2_PLACEMENT_3D('',#3098,#2490,#2491);
#2075=AXIS2_PLACEMENT_3D('',#3100,#2493,#2494);
#2076=AXIS2_PLACEMENT_3D('',#3111,#2495,#2496);
#2077=AXIS2_PLACEMENT_3D('',#3112,#2497,#2498);
#2078=AXIS2_PLACEMENT_3D('',#3113,#2499,#2500);
#2079=AXIS2_PLACEMENT_3D('',#3124,#2501,#2502);
#2080=AXIS2_PLACEMENT_3D('',#3125,#2503,#2504);
#2081=AXIS2_PLACEMENT_3D('',#3126,#2505,#2506);
#2082=AXIS2_PLACEMENT_3D('',#3129,#2509,#2510);
#2083=AXIS2_PLACEMENT_3D('',#3133,#2512,#2513);
#2084=AXIS2_PLACEMENT_3D('',#3135,#2515,#2516);
#2085=AXIS2_PLACEMENT_3D('',#3139,#2519,#2520);
#2086=AXIS2_PLACEMENT_3D('',#3142,#2522,#2523);
#2087=AXIS2_PLACEMENT_3D('',#3143,#2524,#2525);
#2088=AXIS2_PLACEMENT_3D('',#3145,#2526,#2527);
#2089=AXIS2_PLACEMENT_3D('',#3148,#2529,#2530);
#2090=AXIS2_PLACEMENT_3D('',#3149,#2531,#2532);
#2091=AXIS2_PLACEMENT_3D('',#3151,#2533,#2534);
#2092=AXIS2_PLACEMENT_3D('',#3152,#2535,#2536);
#2093=AXIS2_PLACEMENT_3D('',#3153,#2537,#2538);
#2094=AXIS2_PLACEMENT_3D('',#3155,#2539,#2540);
#2095=AXIS2_PLACEMENT_3D('',#3157,#2542,#2543);
#2096=AXIS2_PLACEMENT_3D('',#3159,#2544,#2545);
#2097=AXIS2_PLACEMENT_3D('',#3160,#2546,#2547);
#2098=AXIS2_PLACEMENT_3D('',#3161,#2548,#2549);
#2099=AXIS2_PLACEMENT_3D('',#3163,#2550,#2551);
#2100=AXIS2_PLACEMENT_3D('',#3165,#2553,#2554);
#2101=AXIS2_PLACEMENT_3D('',#3166,#2555,#2556);
#2102=AXIS2_PLACEMENT_3D('',#3167,#2557,#2558);
#2103=AXIS2_PLACEMENT_3D('',#3173,#2562,#2563);
#2104=AXIS2_PLACEMENT_3D('',#3176,#2565,#2566);
#2105=AXIS2_PLACEMENT_3D('',#3177,#2567,#2568);
#2106=AXIS2_PLACEMENT_3D('',#3181,#2571,#2572);
#2107=AXIS2_PLACEMENT_3D('',#3184,#2574,#2575);
#2108=AXIS2_PLACEMENT_3D('',#3185,#2576,#2577);
#2109=AXIS2_PLACEMENT_3D('',#3188,#2579,#2580);
#2110=AXIS2_PLACEMENT_3D('',#3189,#2581,#2582);
#2111=AXIS2_PLACEMENT_3D('',#3191,#2584,#2585);
#2112=AXIS2_PLACEMENT_3D('',#3192,#2586,#2587);
#2113=AXIS2_PLACEMENT_3D('',#3194,#2588,#2589);
#2114=AXIS2_PLACEMENT_3D('',#3197,#2591,#2592);
#2115=AXIS2_PLACEMENT_3D('',#3198,#2593,#2594);
#2116=AXIS2_PLACEMENT_3D('',#3200,#2596,#2597);
#2117=AXIS2_PLACEMENT_3D('',#3202,#2599,#2600);
#2118=AXIS2_PLACEMENT_3D('',#3203,#2601,#2602);
#2119=AXIS2_PLACEMENT_3D('',#3206,#2604,#2605);
#2120=AXIS2_PLACEMENT_3D('',#3207,#2606,#2607);
#2121=AXIS2_PLACEMENT_3D('',#3210,#2609,#2610);
#2122=AXIS2_PLACEMENT_3D('',#3211,#2611,#2612);
#2123=AXIS2_PLACEMENT_3D('',#3214,#2614,#2615);
#2124=AXIS2_PLACEMENT_3D('',#3215,#2616,#2617);
#2125=AXIS2_PLACEMENT_3D('',#3218,#2619,#2620);
#2126=AXIS2_PLACEMENT_3D('',#3219,#2621,#2622);
#2127=AXIS2_PLACEMENT_3D('',#3222,#2624,#2625);
#2128=AXIS2_PLACEMENT_3D('',#3223,#2626,#2627);
#2129=AXIS2_PLACEMENT_3D('',#3226,#2629,#2630);
#2130=AXIS2_PLACEMENT_3D('',#3227,#2631,#2632);
#2131=AXIS2_PLACEMENT_3D('',#3230,#2633,#2634);
#2132=AXIS2_PLACEMENT_3D('',#3233,#2637,#2638);
#2133=AXIS2_PLACEMENT_3D('',#3237,#2641,#2642);
#2134=AXIS2_PLACEMENT_3D('',#3240,#2643,#2644);
#2135=AXIS2_PLACEMENT_3D('',#3243,#2647,#2648);
#2136=AXIS2_PLACEMENT_3D('',#3247,#2651,#2652);
#2137=AXIS2_PLACEMENT_3D('',#3249,#2653,#2654);
#2138=AXIS2_PLACEMENT_3D('',#3251,#2656,#2657);
#2139=AXIS2_PLACEMENT_3D('',#3255,#2660,#2661);
#2140=AXIS2_PLACEMENT_3D('',#3258,#2662,#2663);
#2141=AXIS2_PLACEMENT_3D('',#3261,#2666,#2667);
#2142=AXIS2_PLACEMENT_3D('',#3265,#2670,#2671);
#2143=AXIS2_PLACEMENT_3D('',#3268,#2672,#2673);
#2144=AXIS2_PLACEMENT_3D('',#3271,#2676,#2677);
#2145=AXIS2_PLACEMENT_3D('',#3275,#2680,#2681);
#2146=AXIS2_PLACEMENT_3D('',#3278,#2682,#2683);
#2147=AXIS2_PLACEMENT_3D('',#3281,#2686,#2687);
#2148=AXIS2_PLACEMENT_3D('',#3285,#2690,#2691);
#2149=AXIS2_PLACEMENT_3D('',#3289,#2694,#2695);
#2150=AXIS2_PLACEMENT_3D('',#3293,#2698,#2699);
#2151=AXIS2_PLACEMENT_3D('',#3295,#2701,#2702);
#2152=AXIS2_PLACEMENT_3D('',#3299,#2705,#2706);
#2153=AXIS2_PLACEMENT_3D('',#3301,#2707,#2708);
#2154=AXIS2_PLACEMENT_3D('',#3303,#2710,#2711);
#2155=AXIS2_PLACEMENT_3D('',#3307,#2714,#2715);
#2156=AXIS2_PLACEMENT_3D('',#3311,#2718,#2719);
#2157=AXIS2_PLACEMENT_3D('',#3312,#2720,#2721);
#2158=AXIS2_PLACEMENT_3D('',#3313,#2722,#2723);
#2159=AXIS2_PLACEMENT_3D('',#3317,#2726,#2727);
#2160=AXIS2_PLACEMENT_3D('',#3319,#2729,#2730);
#2161=AXIS2_PLACEMENT_3D('',#3323,#2733,#2734);
#2162=AXIS2_PLACEMENT_3D('',#3325,#2735,#2736);
#2163=AXIS2_PLACEMENT_3D('',#3327,#2738,#2739);
#2164=AXIS2_PLACEMENT_3D('',#3331,#2742,#2743);
#2165=AXIS2_PLACEMENT_3D('',#3335,#2746,#2747);
#2166=AXIS2_PLACEMENT_3D('',#3336,#2748,#2749);
#2167=AXIS2_PLACEMENT_3D('',#3337,#2750,#2751);
#2168=AXIS2_PLACEMENT_3D('',#3339,#2753,#2754);
#2169=AXIS2_PLACEMENT_3D('',#3340,#2755,#2756);
#2170=AXIS2_PLACEMENT_3D('',#3344,#2758,#2759);
#2171=AXIS2_PLACEMENT_3D('',#3346,#2761,#2762);
#2172=AXIS2_PLACEMENT_3D('',#3348,#2764,#2765);
#2173=AXIS2_PLACEMENT_3D('',#3352,#2767,#2768);
#2174=AXIS2_PLACEMENT_3D('',#3354,#2770,#2771);
#2175=AXIS2_PLACEMENT_3D('',#3356,#2773,#2774);
#2176=AXIS2_PLACEMENT_3D('',#3358,#2776,#2777);
#2177=DIRECTION('axis',(0.,0.,1.));
#2178=DIRECTION('refdir',(1.,0.,0.));
#2179=DIRECTION('center_axis',(0.,0.,1.));
#2180=DIRECTION('ref_axis',(0.707106781186549,-0.707106781186546,0.));
#2181=DIRECTION('center_axis',(0.,0.,-1.));
#2182=DIRECTION('ref_axis',(0.707106781186549,-0.707106781186546,0.));
#2183=DIRECTION('',(0.,0.,1.));
#2184=DIRECTION('center_axis',(0.,0.,1.));
#2185=DIRECTION('ref_axis',(0.707106781186549,-0.707106781186546,0.));
#2186=DIRECTION('',(0.,0.,-1.));
#2187=DIRECTION('center_axis',(-5.76461955093839E-16,-1.,0.));
#2188=DIRECTION('ref_axis',(1.,-5.76461955093839E-16,0.));
#2189=DIRECTION('',(1.,-5.76461955093839E-16,0.));
#2190=DIRECTION('',(0.,0.,-1.));
#2191=DIRECTION('',(-1.,5.76461955093839E-16,0.));
#2192=DIRECTION('center_axis',(0.,0.,1.));
#2193=DIRECTION('ref_axis',(0.707106781186547,-0.707106781186547,0.));
#2194=DIRECTION('center_axis',(0.,0.,-1.));
#2195=DIRECTION('ref_axis',(0.707106781186547,-0.707106781186547,0.));
#2196=DIRECTION('',(0.,0.,1.));
#2197=DIRECTION('center_axis',(0.,0.,1.));
#2198=DIRECTION('ref_axis',(0.707106781186547,-0.707106781186547,0.));
#2199=DIRECTION('',(0.,0.,-1.));
#2200=DIRECTION('center_axis',(-1.49453099468774E-16,-1.,0.));
#2201=DIRECTION('ref_axis',(1.,-1.49453099468774E-16,0.));
#2202=DIRECTION('',(1.,-1.49453099468774E-16,0.));
#2203=DIRECTION('',(0.,0.,-1.));
#2204=DIRECTION('',(-1.,1.49453099468774E-16,0.));
#2205=DIRECTION('center_axis',(0.,0.,1.));
#2206=DIRECTION('ref_axis',(0.707106781186547,-0.707106781186548,0.));
#2207=DIRECTION('center_axis',(0.,0.,-1.));
#2208=DIRECTION('ref_axis',(0.707106781186547,-0.707106781186548,0.));
#2209=DIRECTION('',(0.,0.,1.));
#2210=DIRECTION('center_axis',(0.,0.,1.));
#2211=DIRECTION('ref_axis',(0.707106781186547,-0.707106781186548,0.));
#2212=DIRECTION('',(0.,0.,-1.));
#2213=DIRECTION('center_axis',(-5.76461955093838E-16,-1.,0.));
#2214=DIRECTION('ref_axis',(1.,-5.76461955093838E-16,0.));
#2215=DIRECTION('',(1.,-5.76461955093838E-16,0.));
#2216=DIRECTION('',(0.,0.,-1.));
#2217=DIRECTION('',(-1.,5.76461955093838E-16,0.));
#2218=DIRECTION('center_axis',(0.,0.,1.));
#2219=DIRECTION('ref_axis',(-0.707106781186548,0.707106781186547,0.));
#2220=DIRECTION('center_axis',(0.,0.,-1.));
#2221=DIRECTION('ref_axis',(-0.707106781186548,0.707106781186547,0.));
#2222=DIRECTION('',(0.,0.,1.));
#2223=DIRECTION('center_axis',(0.,0.,1.));
#2224=DIRECTION('ref_axis',(-0.707106781186548,0.707106781186547,0.));
#2225=DIRECTION('',(0.,0.,-1.));
#2226=DIRECTION('center_axis',(4.27008855625085E-17,1.,0.));
#2227=DIRECTION('ref_axis',(-1.,4.27008855625085E-17,0.));
#2228=DIRECTION('',(-1.,4.27008855625085E-17,0.));
#2229=DIRECTION('',(0.,0.,-1.));
#2230=DIRECTION('',(1.,-4.27008855625085E-17,0.));
#2231=DIRECTION('center_axis',(0.,0.,1.));
#2232=DIRECTION('ref_axis',(-0.707106781186547,0.707106781186548,0.));
#2233=DIRECTION('center_axis',(0.,0.,-1.));
#2234=DIRECTION('ref_axis',(-0.707106781186547,0.707106781186548,0.));
#2235=DIRECTION('',(0.,0.,1.));
#2236=DIRECTION('center_axis',(0.,0.,1.));
#2237=DIRECTION('ref_axis',(-0.707106781186547,0.707106781186548,0.));
#2238=DIRECTION('',(0.,0.,-1.));
#2239=DIRECTION('center_axis',(5.76461955093838E-16,1.,0.));
#2240=DIRECTION('ref_axis',(-1.,5.76461955093838E-16,0.));
#2241=DIRECTION('',(-1.,5.76461955093838E-16,0.));
#2242=DIRECTION('',(0.,0.,-1.));
#2243=DIRECTION('',(1.,-5.76461955093838E-16,0.));
#2244=DIRECTION('center_axis',(0.,0.,1.));
#2245=DIRECTION('ref_axis',(-0.707106781186549,0.707106781186546,0.));
#2246=DIRECTION('center_axis',(0.,0.,-1.));
#2247=DIRECTION('ref_axis',(-0.707106781186549,0.707106781186546,0.));
#2248=DIRECTION('',(0.,0.,1.));
#2249=DIRECTION('center_axis',(0.,0.,1.));
#2250=DIRECTION('ref_axis',(-0.707106781186549,0.707106781186546,0.));
#2251=DIRECTION('',(0.,0.,-1.));
#2252=DIRECTION('center_axis',(5.23085848140706E-16,1.,0.));
#2253=DIRECTION('ref_axis',(-1.,5.23085848140706E-16,0.));
#2254=DIRECTION('',(-1.,5.23085848140706E-16,0.));
#2255=DIRECTION('',(0.,0.,-1.));
#2256=DIRECTION('',(1.,-5.23085848140706E-16,0.));
#2257=DIRECTION('center_axis',(0.,0.,1.));
#2258=DIRECTION('ref_axis',(-0.707106781186547,-0.707106781186547,0.));
#2259=DIRECTION('center_axis',(0.,0.,-1.));
#2260=DIRECTION('ref_axis',(-0.707106781186547,-0.707106781186547,0.));
#2261=DIRECTION('',(0.,0.,1.));
#2262=DIRECTION('center_axis',(0.,0.,1.));
#2263=DIRECTION('ref_axis',(-0.707106781186547,-0.707106781186547,0.));
#2264=DIRECTION('center_axis',(-1.,-5.97812406822955E-16,0.));
#2265=DIRECTION('ref_axis',(5.97812406822955E-16,-1.,0.));
#2266=DIRECTION('',(-5.97812406822955E-16,1.,0.));
#2267=DIRECTION('',(5.97812406822955E-16,-1.,0.));
#2268=DIRECTION('center_axis',(0.,0.,1.));
#2269=DIRECTION('ref_axis',(-0.707106781186548,-0.707106781186547,0.));
#2270=DIRECTION('center_axis',(0.,0.,-1.));
#2271=DIRECTION('ref_axis',(-0.707106781186548,-0.707106781186547,0.));
#2272=DIRECTION('',(0.,0.,1.));
#2273=DIRECTION('center_axis',(0.,0.,1.));
#2274=DIRECTION('ref_axis',(-0.707106781186548,-0.707106781186547,0.));
#2275=DIRECTION('center_axis',(-1.,8.27329758437101E-17,0.));
#2276=DIRECTION('ref_axis',(-8.27329758437101E-17,-1.,0.));
#2277=DIRECTION('',(8.27329758437101E-17,1.,0.));
#2278=DIRECTION('',(-8.27329758437101E-17,-1.,0.));
#2279=DIRECTION('center_axis',(0.,0.,1.));
#2280=DIRECTION('ref_axis',(-0.707106781186547,-0.707106781186547,0.));
#2281=DIRECTION('center_axis',(0.,0.,-1.));
#2282=DIRECTION('ref_axis',(-0.707106781186547,-0.707106781186547,0.));
#2283=DIRECTION('',(0.,0.,1.));
#2284=DIRECTION('center_axis',(0.,0.,1.));
#2285=DIRECTION('ref_axis',(-0.707106781186547,-0.707106781186547,0.));
#2286=DIRECTION('center_axis',(-1.,-2.77555756156289E-16,0.));
#2287=DIRECTION('ref_axis',(2.77555756156289E-16,-1.,0.));
#2288=DIRECTION('',(-2.77555756156289E-16,1.,0.));
#2289=DIRECTION('',(2.77555756156289E-16,-1.,0.));
#2290=DIRECTION('center_axis',(0.,0.,1.));
#2291=DIRECTION('ref_axis',(0.707106781186547,0.707106781186547,0.));
#2292=DIRECTION('center_axis',(0.,0.,-1.));
#2293=DIRECTION('ref_axis',(0.707106781186547,0.707106781186547,0.));
#2294=DIRECTION('',(0.,0.,1.));
#2295=DIRECTION('center_axis',(0.,0.,1.));
#2296=DIRECTION('ref_axis',(0.707106781186547,0.707106781186547,0.));
#2297=DIRECTION('center_axis',(1.,2.77555756156289E-16,0.));
#2298=DIRECTION('ref_axis',(-2.77555756156289E-16,1.,0.));
#2299=DIRECTION('',(2.77555756156289E-16,-1.,0.));
#2300=DIRECTION('',(-2.77555756156289E-16,1.,0.));
#2301=DIRECTION('center_axis',(0.,0.,1.));
#2302=DIRECTION('ref_axis',(0.707106781186547,0.707106781186548,0.));
#2303=DIRECTION('center_axis',(0.,0.,-1.));
#2304=DIRECTION('ref_axis',(0.707106781186547,0.707106781186548,0.));
#2305=DIRECTION('',(0.,0.,1.));
#2306=DIRECTION('center_axis',(0.,0.,1.));
#2307=DIRECTION('ref_axis',(0.707106781186547,0.707106781186548,0.));
#2308=DIRECTION('center_axis',(1.,5.97812406822955E-16,0.));
#2309=DIRECTION('ref_axis',(-5.97812406822955E-16,1.,0.));
#2310=DIRECTION('',(5.97812406822955E-16,-1.,0.));
#2311=DIRECTION('',(-5.97812406822955E-16,1.,0.));
#2312=DIRECTION('center_axis',(0.,0.,1.));
#2313=DIRECTION('ref_axis',(0.707106781186548,0.707106781186547,0.));
#2314=DIRECTION('center_axis',(0.,0.,-1.));
#2315=DIRECTION('ref_axis',(0.707106781186548,0.707106781186547,0.));
#2316=DIRECTION('',(0.,0.,1.));
#2317=DIRECTION('center_axis',(0.,0.,1.));
#2318=DIRECTION('ref_axis',(0.707106781186548,0.707106781186547,0.));
#2319=DIRECTION('center_axis',(1.,-8.27329758437101E-17,0.));
#2320=DIRECTION('ref_axis',(8.27329758437101E-17,1.,0.));
#2321=DIRECTION('',(-8.27329758437101E-17,-1.,0.));
#2322=DIRECTION('',(8.27329758437101E-17,1.,0.));
#2323=DIRECTION('center_axis',(1.,3.05311331771918E-16,0.));
#2324=DIRECTION('ref_axis',(0.,0.707106781186546,0.707106781186549));
#2325=DIRECTION('center_axis',(-1.,0.,0.));
#2326=DIRECTION('ref_axis',(0.,0.,1.));
#2327=DIRECTION('',(1.,3.05311331771918E-16,0.));
#2328=DIRECTION('center_axis',(1.,0.,0.));
#2329=DIRECTION('ref_axis',(0.,1.,5.92118946466751E-15));
#2330=DIRECTION('',(-1.,-3.05311331771918E-16,0.));
#2331=DIRECTION('center_axis',(0.,0.,1.));
#2332=DIRECTION('ref_axis',(1.,0.,0.));
#2333=DIRECTION('center_axis',(1.8503717077086E-16,1.,0.));
#2334=DIRECTION('ref_axis',(-1.,1.8503717077086E-16,0.));
#2335=DIRECTION('center_axis',(0.,0.,-1.));
#2336=DIRECTION('ref_axis',(0.707106781186548,-0.707106781186547,0.));
#2337=DIRECTION('center_axis',(0.,0.,1.));
#2338=DIRECTION('ref_axis',(0.707106781186548,-0.707106781186547,0.));
#2339=DIRECTION('center_axis',(0.,1.,0.));
#2340=DIRECTION('ref_axis',(-0.707106781186548,0.,0.707106781186548));
#2341=DIRECTION('center_axis',(0.,1.,0.));
#2342=DIRECTION('ref_axis',(-1.,0.,5.9211894646675E-15));
#2343=DIRECTION('',(0.,-1.,0.));
#2344=DIRECTION('',(0.,1.,0.));
#2345=DIRECTION('center_axis',(0.,0.,1.));
#2346=DIRECTION('ref_axis',(1.,0.,0.));
#2347=DIRECTION('center_axis',(-0.52488870299646,-0.851170869723991,0.));
#2348=DIRECTION('ref_axis',(0.85117086972399,-0.52488870299646,0.));
#2349=DIRECTION('center_axis',(0.,0.,-1.));
#2350=DIRECTION('ref_axis',(0.272790331826487,0.962073508034597,0.));
#2351=DIRECTION('center_axis',(0.,0.,1.));
#2352=DIRECTION('ref_axis',(0.272790331826487,0.962073508034597,0.));
#2353=DIRECTION('center_axis',(-0.524888702996461,-0.85117086972399,0.));
#2354=DIRECTION('ref_axis',(0.601868693930283,-0.371152361257009,0.707106781186549));
#2355=DIRECTION('center_axis',(-0.52488870299646,-0.85117086972399,0.));
#2356=DIRECTION('ref_axis',(0.85117086972399,-0.52488870299646,5.92118946466752E-15));
#2357=DIRECTION('',(0.524888702996461,0.85117086972399,0.));
#2358=DIRECTION('',(-0.524888702996461,-0.85117086972399,0.));
#2359=DIRECTION('center_axis',(0.,0.,1.));
#2360=DIRECTION('ref_axis',(-0.873180595007831,-0.487396808054556,0.));
#2361=DIRECTION('center_axis',(0.,0.,-1.));
#2362=DIRECTION('ref_axis',(-0.873180595007832,-0.487396808054555,0.));
#2363=DIRECTION('center_axis',(0.,0.,1.));
#2364=DIRECTION('ref_axis',(-0.873180595007832,-0.487396808054555,0.));
#2365=DIRECTION('center_axis',(1.,0.,0.));
#2366=DIRECTION('ref_axis',(0.,1.,0.));
#2367=DIRECTION('',(0.,0.,1.));
#2368=DIRECTION('',(0.,1.,0.));
#2369=DIRECTION('',(0.,0.,-1.));
#2370=DIRECTION('center_axis',(0.,0.,1.));
#2371=DIRECTION('ref_axis',(0.707106781186547,-0.707106781186547,0.));
#2372=DIRECTION('',(0.,0.,-1.));
#2373=DIRECTION('center_axis',(0.,0.,1.));
#2374=DIRECTION('ref_axis',(0.707106781186547,-0.707106781186547,0.));
#2375=DIRECTION('center_axis',(3.05311331771918E-16,-1.,0.));
#2376=DIRECTION('ref_axis',(1.,3.05311331771918E-16,0.));
#2377=DIRECTION('',(0.,0.,1.));
#2378=DIRECTION('',(1.,3.05311331771918E-16,0.));
#2379=DIRECTION('center_axis',(0.,0.,-1.));
#2380=DIRECTION('ref_axis',(1.,2.77555756156289E-16,0.));
#2381=DIRECTION('center_axis',(0.,0.,-1.));
#2382=DIRECTION('ref_axis',(-0.707106781186547,-0.707106781186548,0.));
#2383=DIRECTION('',(-1.,-3.97826910378492E-16,0.));
#2384=DIRECTION('center_axis',(0.,0.,-1.));
#2385=DIRECTION('ref_axis',(-0.707106781186549,0.707106781186546,0.));
#2386=DIRECTION('',(2.77555756156289E-16,-1.,0.));
#2387=DIRECTION('',(-1.,-4.12128243989641E-16,0.));
#2388=DIRECTION('',(-2.77555756156289E-16,1.,0.));
#2389=DIRECTION('center_axis',(0.,0.,-1.));
#2390=DIRECTION('ref_axis',(0.707106781186547,0.707106781186548,0.));
#2391=DIRECTION('',(-1.,-6.91352911809768E-16,0.));
#2392=DIRECTION('center_axis',(0.,0.,-1.));
#2393=DIRECTION('ref_axis',(2.77555756156289E-16,-1.,0.));
#2394=DIRECTION('',(0.500000000000001,0.866025403784438,0.));
#2395=DIRECTION('',(2.77555756156289E-16,-1.,0.));
#2396=DIRECTION('center_axis',(0.,0.,-1.));
#2397=DIRECTION('ref_axis',(-1.,-4.22501539926797E-15,0.));
#2398=DIRECTION('',(1.,2.77555756156289E-16,0.));
#2399=DIRECTION('center_axis',(0.,0.,-1.));
#2400=DIRECTION('ref_axis',(0.707106781186542,-0.707106781186553,0.));
#2401=DIRECTION('',(4.03645371095858E-15,1.,0.));
#2402=DIRECTION('',(1.,-4.8361987815111E-15,0.));
#2403=DIRECTION('',(-4.16333634234431E-15,-1.,0.));
#2404=DIRECTION('center_axis',(0.,0.,-1.));
#2405=DIRECTION('ref_axis',(-0.707106781186551,-0.707106781186543,0.));
#2406=DIRECTION('',(1.,-1.59235068670341E-15,0.));
#2407=DIRECTION('center_axis',(0.,0.,-1.));
#2408=DIRECTION('ref_axis',(1.69617406539955E-15,1.,0.));
#2409=DIRECTION('',(-2.77555756156289E-16,1.,0.));
#2410=DIRECTION('',(0.5,-0.866025403784439,0.));
#2411=DIRECTION('center_axis',(0.,0.,-1.));
#2412=DIRECTION('ref_axis',(0.866025403784441,0.499999999999996,0.));
#2413=DIRECTION('',(-1.,-8.72522481889792E-16,0.));
#2414=DIRECTION('center_axis',(0.,0.,-1.));
#2415=DIRECTION('ref_axis',(-0.70710678118655,0.707106781186545,0.));
#2416=DIRECTION('',(2.77555756156289E-16,-1.,0.));
#2417=DIRECTION('',(-1.,-2.77555756156289E-16,0.));
#2418=DIRECTION('',(-2.77555756156289E-16,1.,0.));
#2419=DIRECTION('center_axis',(0.,0.,-1.));
#2420=DIRECTION('ref_axis',(0.707106781186546,0.707106781186549,0.));
#2421=DIRECTION('',(-1.,-3.97826910378492E-16,0.));
#2422=DIRECTION('center_axis',(0.,0.,-1.));
#2423=DIRECTION('ref_axis',(0.707106781186547,-0.707106781186548,0.));
#2424=DIRECTION('',(2.7755575098641E-16,-1.,0.));
#2425=DIRECTION('center_axis',(0.,0.,-1.));
#2426=DIRECTION('ref_axis',(0.707106781186548,0.707106781186547,0.));
#2427=DIRECTION('',(1.,2.22044604925031E-16,0.));
#2428=DIRECTION('center_axis',(0.,0.,-1.));
#2429=DIRECTION('ref_axis',(-0.707106781186548,0.707106781186548,0.));
#2430=DIRECTION('',(-2.7755575098641E-16,1.,0.));
#2431=DIRECTION('',(0.,1.,0.));
#2432=DIRECTION('center_axis',(0.,0.,-1.));
#2433=DIRECTION('ref_axis',(-0.707106781186548,-0.707106781186547,0.));
#2434=DIRECTION('',(-1.,0.,0.));
#2435=DIRECTION('center_axis',(0.,0.,-1.));
#2436=DIRECTION('ref_axis',(0.857492925712545,-0.514495755427526,0.));
#2437=DIRECTION('',(0.470588235294118,-0.882352941176471,0.));
#2438=DIRECTION('center_axis',(0.,0.,-1.));
#2439=DIRECTION('ref_axis',(-0.242535625036332,0.970142500145332,0.));
#2440=DIRECTION('center_axis',(0.,0.,1.));
#2441=DIRECTION('ref_axis',(1.,2.77555756156289E-16,0.));
#2442=DIRECTION('center_axis',(0.,0.,1.));
#2443=DIRECTION('ref_axis',(1.,2.77555756156289E-16,0.));
#2444=DIRECTION('center_axis',(0.,0.,1.));
#2445=DIRECTION('ref_axis',(1.,2.77555756156289E-16,0.));
#2446=DIRECTION('center_axis',(0.,0.,1.));
#2447=DIRECTION('ref_axis',(1.,2.77555756156289E-16,0.));
#2448=DIRECTION('center_axis',(0.,0.,1.));
#2449=DIRECTION('ref_axis',(1.,2.77555756156289E-16,0.));
#2450=DIRECTION('center_axis',(0.,0.,1.));
#2451=DIRECTION('ref_axis',(1.,2.77555756156289E-16,0.));
#2452=DIRECTION('center_axis',(0.,0.,-1.));
#2453=DIRECTION('ref_axis',(-1.,0.,0.));
#2454=DIRECTION('center_axis',(-1.,0.,0.));
#2455=DIRECTION('ref_axis',(0.,-1.,0.));
#2456=DIRECTION('center_axis',(0.,-1.,0.));
#2457=DIRECTION('ref_axis',(0.,0.,1.));
#2458=DIRECTION('center_axis',(0.,0.,1.));
#2459=DIRECTION('ref_axis',(0.707106781186548,0.707106781186547,0.));
#2460=DIRECTION('center_axis',(-2.7755575098641E-16,1.,0.));
#2461=DIRECTION('ref_axis',(-0.707106781186546,0.,0.707106781186549));
#2462=DIRECTION('center_axis',(0.,-1.,0.));
#2463=DIRECTION('ref_axis',(0.,0.,1.));
#2464=DIRECTION('',(-2.7755575098641E-16,1.,0.));
#2465=DIRECTION('center_axis',(0.,0.,-1.));
#2466=DIRECTION('ref_axis',(-1.,0.,0.));
#2467=DIRECTION('center_axis',(-0.676249891966569,-0.736672304091313,-1.17993720900017E-15));
#2468=DIRECTION('ref_axis',(1.48029736616688E-15,-2.96059473233376E-15,
1.));
#2469=DIRECTION('center_axis',(0.,0.,1.));
#2470=DIRECTION('ref_axis',(0.707106781186547,-0.707106781186548,0.));
#2471=DIRECTION('center_axis',(0.,0.,-1.));
#2472=DIRECTION('ref_axis',(-1.,0.,0.));
#2473=DIRECTION('center_axis',(0.676249891966571,-0.736672304091312,0.));
#2474=DIRECTION('ref_axis',(0.736672304091311,0.676249891966571,0.));
#2475=DIRECTION('center_axis',(0.,1.,0.));
#2476=DIRECTION('ref_axis',(0.,0.,1.));
#2477=DIRECTION('center_axis',(0.,0.,1.));
#2478=DIRECTION('ref_axis',(-0.707106781186547,-0.707106781186548,0.));
#2479=DIRECTION('center_axis',(2.7755575098641E-16,-1.,0.));
#2480=DIRECTION('ref_axis',(0.707106781186547,0.,0.707106781186548));
#2481=DIRECTION('center_axis',(0.,1.,0.));
#2482=DIRECTION('ref_axis',(0.,0.,1.));
#2483=DIRECTION('',(2.7755575098641E-16,-1.,0.));
#2484=DIRECTION('center_axis',(0.,0.,-1.));
#2485=DIRECTION('ref_axis',(-1.,0.,0.));
#2486=DIRECTION('center_axis',(1.,3.70074341541718E-16,0.));
#2487=DIRECTION('ref_axis',(0.,0.,1.));
#2488=DIRECTION('center_axis',(0.,0.,1.));
#2489=DIRECTION('ref_axis',(-0.707106781186548,0.707106781186548,0.));
#2490=DIRECTION('center_axis',(-1.,-2.22044604925031E-16,0.));
#2491=DIRECTION('ref_axis',(0.,-0.707106781186547,0.707106781186548));
#2492=DIRECTION('',(-1.,-2.22044604925031E-16,0.));
#2493=DIRECTION('center_axis',(0.,0.,-1.));
#2494=DIRECTION('ref_axis',(-1.,0.,0.));
#2495=DIRECTION('center_axis',(-1.,0.,0.));
#2496=DIRECTION('ref_axis',(0.,0.,1.));
#2497=DIRECTION('center_axis',(0.,0.,1.));
#2498=DIRECTION('ref_axis',(0.,-1.,0.));
#2499=DIRECTION('center_axis',(0.,0.,-1.));
#2500=DIRECTION('ref_axis',(-1.,0.,0.));
#2501=DIRECTION('center_axis',(0.,0.,1.));
#2502=DIRECTION('ref_axis',(0.,-1.,0.));
#2503=DIRECTION('center_axis',(1.,0.,0.));
#2504=DIRECTION('ref_axis',(0.,1.,0.));
#2505=DIRECTION('center_axis',(1.,0.,0.));
#2506=DIRECTION('ref_axis',(0.,0.707106781186548,0.707106781186548));
#2507=DIRECTION('',(-1.,0.,0.));
#2508=DIRECTION('',(1.,0.,0.));
#2509=DIRECTION('center_axis',(0.,0.,1.));
#2510=DIRECTION('ref_axis',(0.707106781186547,-0.707106781186547,0.));
#2511=DIRECTION('',(0.,0.,-1.));
#2512=DIRECTION('center_axis',(0.,0.,1.));
#2513=DIRECTION('ref_axis',(0.707106781186547,-0.707106781186547,0.));
#2514=DIRECTION('',(0.,0.,1.));
#2515=DIRECTION('center_axis',(0.,-1.,0.));
#2516=DIRECTION('ref_axis',(1.,0.,0.));
#2517=DIRECTION('',(0.,0.,1.));
#2518=DIRECTION('',(1.,0.,0.));
#2519=DIRECTION('center_axis',(0.,0.,1.));
#2520=DIRECTION('ref_axis',(-0.707106781186548,-0.707106781186547,0.));
#2521=DIRECTION('',(0.,0.,-1.));
#2522=DIRECTION('center_axis',(0.,0.,1.));
#2523=DIRECTION('ref_axis',(-0.707106781186548,-0.707106781186547,0.));
#2524=DIRECTION('center_axis',(0.,-1.,0.));
#2525=DIRECTION('ref_axis',(0.707106781186548,0.,0.707106781186548));
#2526=DIRECTION('center_axis',(1.48029736616688E-15,1.,0.));
#2527=DIRECTION('ref_axis',(0.,0.,1.));
#2528=DIRECTION('',(0.,-1.,0.));
#2529=DIRECTION('center_axis',(0.,-1.,0.));
#2530=DIRECTION('ref_axis',(1.,0.,5.9211894646675E-15));
#2531=DIRECTION('center_axis',(0.,0.,1.));
#2532=DIRECTION('ref_axis',(1.,0.,0.));
#2533=DIRECTION('center_axis',(1.,0.,0.));
#2534=DIRECTION('ref_axis',(0.,1.,0.));
#2535=DIRECTION('center_axis',(0.,0.,1.));
#2536=DIRECTION('ref_axis',(-0.707106781186548,-0.707106781186547,0.));
#2537=DIRECTION('center_axis',(1.,0.,0.));
#2538=DIRECTION('ref_axis',(0.,0.707106781186547,0.707106781186548));
#2539=DIRECTION('center_axis',(1.,0.,0.));
#2540=DIRECTION('ref_axis',(0.,1.,5.9211894646675E-15));
#2541=DIRECTION('',(1.,0.,0.));
#2542=DIRECTION('center_axis',(0.,0.,1.));
#2543=DIRECTION('ref_axis',(1.,0.,0.));
#2544=DIRECTION('center_axis',(-0.470588235294119,0.88235294117647,0.));
#2545=DIRECTION('ref_axis',(-0.88235294117647,-0.470588235294119,0.));
#2546=DIRECTION('center_axis',(0.,0.,1.));
#2547=DIRECTION('ref_axis',(0.857492925712545,-0.514495755427526,0.));
#2548=DIRECTION('center_axis',(-0.470588235294118,0.882352941176471,0.));
#2549=DIRECTION('ref_axis',(-0.623917748105777,-0.332756132323082,0.707106781186547));
#2550=DIRECTION('center_axis',(-0.470588235294119,0.88235294117647,0.));
#2551=DIRECTION('ref_axis',(-0.88235294117647,-0.470588235294119,5.92118946466746E-15));
#2552=DIRECTION('',(-0.470588235294118,0.882352941176471,0.));
#2553=DIRECTION('center_axis',(0.,0.,1.));
#2554=DIRECTION('ref_axis',(1.,0.,0.));
#2555=DIRECTION('center_axis',(0.,0.,1.));
#2556=DIRECTION('ref_axis',(-0.242535625036332,0.970142500145332,0.));
#2557=DIRECTION('center_axis',(0.,-1.,0.));
#2558=DIRECTION('ref_axis',(1.,0.,0.));
#2559=DIRECTION('',(0.,0.,1.));
#2560=DIRECTION('',(1.,0.,0.));
#2561=DIRECTION('',(0.,0.,-1.));
#2562=DIRECTION('center_axis',(0.,0.,1.));
#2563=DIRECTION('ref_axis',(-0.707106781186547,-0.707106781186548,0.));
#2564=DIRECTION('',(0.,0.,-1.));
#2565=DIRECTION('center_axis',(0.,0.,1.));
#2566=DIRECTION('ref_axis',(-0.707106781186547,-0.707106781186548,0.));
#2567=DIRECTION('center_axis',(-1.,0.,0.));
#2568=DIRECTION('ref_axis',(0.,-1.,0.));
#2569=DIRECTION('',(0.,0.,1.));
#2570=DIRECTION('',(0.,-1.,0.));
#2571=DIRECTION('center_axis',(0.,0.,1.));
#2572=DIRECTION('ref_axis',(-0.873180595007831,-0.487396808054556,0.));
#2573=DIRECTION('',(0.,0.,-1.));
#2574=DIRECTION('center_axis',(0.,0.,1.));
#2575=DIRECTION('ref_axis',(-0.873180595007831,-0.487396808054556,0.));
#2576=DIRECTION('center_axis',(0.,0.,1.));
#2577=DIRECTION('ref_axis',(1.,0.,0.));
#2578=DIRECTION('',(-0.524888702996461,-0.85117086972399,0.));
#2579=DIRECTION('center_axis',(0.,0.,1.));
#2580=DIRECTION('ref_axis',(0.272790331826487,0.962073508034597,0.));
#2581=DIRECTION('center_axis',(0.,0.,1.));
#2582=DIRECTION('ref_axis',(0.272790331826487,0.962073508034597,0.));
#2583=DIRECTION('',(0.,0.,1.));
#2584=DIRECTION('center_axis',(-0.85117086972399,0.524888702996461,0.));
#2585=DIRECTION('ref_axis',(-0.524888702996461,-0.85117086972399,0.));
#2586=DIRECTION('center_axis',(0.,0.,1.));
#2587=DIRECTION('ref_axis',(1.,0.,0.));
#2588=DIRECTION('center_axis',(0.,0.,1.));
#2589=DIRECTION('ref_axis',(-0.242535625036338,0.970142500145331,0.));
#2590=DIRECTION('',(-0.470588235294118,0.882352941176471,0.));
#2591=DIRECTION('center_axis',(0.,0.,1.));
#2592=DIRECTION('ref_axis',(0.857492925712545,-0.514495755427526,0.));
#2593=DIRECTION('center_axis',(0.,0.,1.));
#2594=DIRECTION('ref_axis',(0.857492925712545,-0.514495755427526,0.));
#2595=DIRECTION('',(0.,0.,1.));
#2596=DIRECTION('center_axis',(0.882352941176471,0.470588235294118,0.));
#2597=DIRECTION('ref_axis',(-0.470588235294118,0.882352941176471,0.));
#2598=DIRECTION('',(0.,0.,-1.));
#2599=DIRECTION('center_axis',(0.,0.,1.));
#2600=DIRECTION('ref_axis',(-0.242535625036338,0.970142500145331,0.));
#2601=DIRECTION('center_axis',(0.,0.,1.));
#2602=DIRECTION('ref_axis',(1.,2.77555756156289E-16,0.));
#2603=DIRECTION('',(0.,0.,1.));
#2604=DIRECTION('center_axis',(0.,0.,-1.));
#2605=DIRECTION('ref_axis',(1.,2.77555756156289E-16,0.));
#2606=DIRECTION('center_axis',(0.,0.,1.));
#2607=DIRECTION('ref_axis',(1.,2.77555756156289E-16,0.));
#2608=DIRECTION('',(0.,0.,1.));
#2609=DIRECTION('center_axis',(0.,0.,-1.));
#2610=DIRECTION('ref_axis',(1.,2.77555756156289E-16,0.));
#2611=DIRECTION('center_axis',(0.,0.,1.));
#2612=DIRECTION('ref_axis',(1.,2.77555756156289E-16,0.));
#2613=DIRECTION('',(0.,0.,1.));
#2614=DIRECTION('center_axis',(0.,0.,-1.));
#2615=DIRECTION('ref_axis',(1.,2.77555756156289E-16,0.));
#2616=DIRECTION('center_axis',(0.,0.,1.));
#2617=DIRECTION('ref_axis',(1.,2.77555756156289E-16,0.));
#2618=DIRECTION('',(0.,0.,1.));
#2619=DIRECTION('center_axis',(0.,0.,-1.));
#2620=DIRECTION('ref_axis',(1.,2.77555756156289E-16,0.));
#2621=DIRECTION('center_axis',(0.,0.,1.));
#2622=DIRECTION('ref_axis',(1.,2.77555756156289E-16,0.));
#2623=DIRECTION('',(0.,0.,1.));
#2624=DIRECTION('center_axis',(0.,0.,-1.));
#2625=DIRECTION('ref_axis',(1.,2.77555756156289E-16,0.));
#2626=DIRECTION('center_axis',(0.,0.,1.));
#2627=DIRECTION('ref_axis',(1.,2.77555756156289E-16,0.));
#2628=DIRECTION('',(0.,0.,1.));
#2629=DIRECTION('center_axis',(0.,0.,-1.));
#2630=DIRECTION('ref_axis',(1.,2.77555756156289E-16,0.));
#2631=DIRECTION('center_axis',(0.,0.,-1.));
#2632=DIRECTION('ref_axis',(0.707106781186546,0.707106781186549,0.));
#2633=DIRECTION('center_axis',(0.,0.,1.));
#2634=DIRECTION('ref_axis',(0.707106781186546,0.707106781186549,0.));
#2635=DIRECTION('',(0.,0.,-1.));
#2636=DIRECTION('',(0.,0.,1.));
#2637=DIRECTION('center_axis',(3.97826910378492E-16,-1.,0.));
#2638=DIRECTION('ref_axis',(-1.,-3.97826910378492E-16,0.));
#2639=DIRECTION('',(-1.,-3.97826910378492E-16,0.));
#2640=DIRECTION('',(0.,0.,1.));
#2641=DIRECTION('center_axis',(0.,0.,-1.));
#2642=DIRECTION('ref_axis',(0.707106781186547,0.707106781186548,0.));
#2643=DIRECTION('center_axis',(0.,0.,1.));
#2644=DIRECTION('ref_axis',(0.707106781186547,0.707106781186548,0.));
#2645=DIRECTION('',(0.,0.,-1.));
#2646=DIRECTION('',(0.,0.,1.));
#2647=DIRECTION('center_axis',(6.91352911809768E-16,-1.,0.));
#2648=DIRECTION('ref_axis',(-1.,-6.91352911809768E-16,0.));
#2649=DIRECTION('',(-1.,-6.91352911809768E-16,0.));
#2650=DIRECTION('',(0.,0.,-1.));
#2651=DIRECTION('center_axis',(0.,0.,-1.));
#2652=DIRECTION('ref_axis',(-0.707106781186549,0.707106781186546,0.));
#2653=DIRECTION('center_axis',(0.,0.,1.));
#2654=DIRECTION('ref_axis',(-0.707106781186549,0.707106781186546,0.));
#2655=DIRECTION('',(0.,0.,-1.));
#2656=DIRECTION('center_axis',(1.,2.77555756156289E-16,0.));
#2657=DIRECTION('ref_axis',(2.77555756156289E-16,-1.,0.));
#2658=DIRECTION('',(-2.77555756156289E-16,1.,0.));
#2659=DIRECTION('',(0.,0.,-1.));
#2660=DIRECTION('center_axis',(0.,0.,-1.));
#2661=DIRECTION('ref_axis',(-0.70710678118655,0.707106781186545,0.));
#2662=DIRECTION('center_axis',(0.,0.,1.));
#2663=DIRECTION('ref_axis',(-0.70710678118655,0.707106781186545,0.));
#2664=DIRECTION('',(0.,0.,-1.));
#2665=DIRECTION('',(0.,0.,1.));
#2666=DIRECTION('center_axis',(1.,2.77555756156289E-16,0.));
#2667=DIRECTION('ref_axis',(2.77555756156289E-16,-1.,0.));
#2668=DIRECTION('',(-2.77555756156289E-16,1.,0.));
#2669=DIRECTION('',(0.,0.,-1.));
#2670=DIRECTION('center_axis',(0.,0.,-1.));
#2671=DIRECTION('ref_axis',(-0.707106781186551,-0.707106781186543,0.));
#2672=DIRECTION('center_axis',(0.,0.,1.));
#2673=DIRECTION('ref_axis',(-0.707106781186551,-0.707106781186543,0.));
#2674=DIRECTION('',(0.,0.,-1.));
#2675=DIRECTION('',(0.,0.,1.));
#2676=DIRECTION('center_axis',(1.59235068670341E-15,1.,0.));
#2677=DIRECTION('ref_axis',(1.,-1.59235068670341E-15,0.));
#2678=DIRECTION('',(-1.,1.59235068670341E-15,0.));
#2679=DIRECTION('',(0.,0.,-1.));
#2680=DIRECTION('center_axis',(0.,0.,-1.));
#2681=DIRECTION('ref_axis',(0.707106781186542,-0.707106781186553,0.));
#2682=DIRECTION('center_axis',(0.,0.,1.));
#2683=DIRECTION('ref_axis',(0.707106781186542,-0.707106781186553,0.));
#2684=DIRECTION('',(0.,0.,-1.));
#2685=DIRECTION('',(0.,0.,1.));
#2686=DIRECTION('center_axis',(-1.,4.03645371095858E-15,0.));
#2687=DIRECTION('ref_axis',(4.03645371095858E-15,1.,0.));
#2688=DIRECTION('',(4.03645371095858E-15,1.,0.));
#2689=DIRECTION('',(0.,0.,-1.));
#2690=DIRECTION('center_axis',(4.12128243989642E-16,-1.,0.));
#2691=DIRECTION('ref_axis',(-1.,-4.12128243989641E-16,0.));
#2692=DIRECTION('',(1.,4.12128243989641E-16,0.));
#2693=DIRECTION('',(0.,0.,-1.));
#2694=DIRECTION('center_axis',(-1.,-2.77555756156289E-16,0.));
#2695=DIRECTION('ref_axis',(-2.77555756156289E-16,1.,0.));
#2696=DIRECTION('',(0.,0.,-1.));
#2697=DIRECTION('',(-2.77555756156289E-16,1.,0.));
#2698=DIRECTION('center_axis',(2.77555756156289E-16,-1.,0.));
#2699=DIRECTION('ref_axis',(-1.,-2.77555756156289E-16,0.));
#2700=DIRECTION('',(1.,2.77555756156289E-16,0.));
#2701=DIRECTION('center_axis',(8.72522481889792E-16,-1.,0.));
#2702=DIRECTION('ref_axis',(-1.,-8.72522481889792E-16,0.));
#2703=DIRECTION('',(0.,0.,-1.));
#2704=DIRECTION('',(1.,8.72522481889792E-16,0.));
#2705=DIRECTION('center_axis',(0.,0.,-1.));
#2706=DIRECTION('ref_axis',(0.866025403784441,0.499999999999996,0.));
#2707=DIRECTION('center_axis',(0.,0.,-1.));
#2708=DIRECTION('ref_axis',(0.866025403784441,0.499999999999996,0.));
#2709=DIRECTION('',(0.,0.,-1.));
#2710=DIRECTION('center_axis',(0.866025403784439,0.5,0.));
#2711=DIRECTION('ref_axis',(0.5,-0.866025403784439,0.));
#2712=DIRECTION('',(-0.5,0.866025403784439,0.));
#2713=DIRECTION('',(0.,0.,-1.));
#2714=DIRECTION('center_axis',(-1.,-2.77555756156289E-16,0.));
#2715=DIRECTION('ref_axis',(-2.77555756156289E-16,1.,0.));
#2716=DIRECTION('',(-2.77555756156289E-16,1.,0.));
#2717=DIRECTION('',(0.,0.,-1.));
#2718=DIRECTION('center_axis',(0.,0.,-1.));
#2719=DIRECTION('ref_axis',(1.69617406539955E-15,1.,0.));
#2720=DIRECTION('center_axis',(0.,0.,-1.));
#2721=DIRECTION('ref_axis',(1.69617406539955E-15,1.,0.));
#2722=DIRECTION('center_axis',(1.,-4.16333634234431E-15,0.));
#2723=DIRECTION('ref_axis',(-4.16333634234431E-15,-1.,0.));
#2724=DIRECTION('',(0.,0.,-1.));
#2725=DIRECTION('',(-4.16333634234431E-15,-1.,0.));
#2726=DIRECTION('center_axis',(4.8361987815111E-15,1.,0.));
#2727=DIRECTION('ref_axis',(1.,-4.8361987815111E-15,0.));
#2728=DIRECTION('',(1.,-4.8361987815111E-15,0.));
#2729=DIRECTION('center_axis',(-2.77555756156289E-16,1.,0.));
#2730=DIRECTION('ref_axis',(1.,2.77555756156289E-16,0.));
#2731=DIRECTION('',(0.,0.,-1.));
#2732=DIRECTION('',(1.,2.77555756156289E-16,0.));
#2733=DIRECTION('center_axis',(0.,0.,-1.));
#2734=DIRECTION('ref_axis',(-1.,-4.22501539926797E-15,0.));
#2735=DIRECTION('center_axis',(0.,0.,-1.));
#2736=DIRECTION('ref_axis',(-1.,-4.22501539926797E-15,0.));
#2737=DIRECTION('',(0.,0.,-1.));
#2738=DIRECTION('center_axis',(1.,2.77555756156289E-16,0.));
#2739=DIRECTION('ref_axis',(2.77555756156289E-16,-1.,0.));
#2740=DIRECTION('',(2.77555756156289E-16,-1.,0.));
#2741=DIRECTION('',(0.,0.,-1.));
#2742=DIRECTION('center_axis',(-0.866025403784438,0.500000000000001,0.));
#2743=DIRECTION('ref_axis',(0.500000000000001,0.866025403784438,0.));
#2744=DIRECTION('',(-0.500000000000001,-0.866025403784438,0.));
#2745=DIRECTION('',(0.,0.,-1.));
#2746=DIRECTION('center_axis',(0.,0.,-1.));
#2747=DIRECTION('ref_axis',(2.77555756156289E-16,-1.,0.));
#2748=DIRECTION('center_axis',(0.,0.,-1.));
#2749=DIRECTION('ref_axis',(2.77555756156289E-16,-1.,0.));
#2750=DIRECTION('center_axis',(-1.,-2.77555756156289E-16,0.));
#2751=DIRECTION('ref_axis',(-2.77555756156289E-16,1.,0.));
#2752=DIRECTION('',(-2.77555756156289E-16,1.,0.));
#2753=DIRECTION('center_axis',(0.,0.,-1.));
#2754=DIRECTION('ref_axis',(1.,2.77555756156289E-16,0.));
#2755=DIRECTION('center_axis',(0.,0.,1.));
#2756=DIRECTION('ref_axis',(-0.707106781186548,0.707106781186547,0.));
#2757=DIRECTION('',(0.,0.,-1.));
#2758=DIRECTION('center_axis',(0.,0.,1.));
#2759=DIRECTION('ref_axis',(-0.707106781186548,0.707106781186547,0.));
#2760=DIRECTION('',(0.,0.,1.));
#2761=DIRECTION('center_axis',(-1.,-2.7755575098641E-16,0.));
#2762=DIRECTION('ref_axis',(2.7755575098641E-16,-1.,0.));
#2763=DIRECTION('',(2.7755575098641E-16,-1.,0.));
#2764=DIRECTION('center_axis',(0.,0.,1.));
#2765=DIRECTION('ref_axis',(1.,0.,0.));
#2766=DIRECTION('',(-1.,-2.22044604925031E-16,0.));
#2767=DIRECTION('center_axis',(0.,0.,1.));
#2768=DIRECTION('ref_axis',(0.707106781186548,0.707106781186547,0.));
#2769=DIRECTION('',(-2.7755575098641E-16,1.,0.));
#2770=DIRECTION('center_axis',(1.,2.7755575098641E-16,0.));
#2771=DIRECTION('ref_axis',(-2.7755575098641E-16,1.,0.));
#2772=DIRECTION('',(0.,0.,-1.));
#2773=DIRECTION('center_axis',(0.,0.,1.));
#2774=DIRECTION('ref_axis',(0.707106781186548,0.707106781186547,0.));
#2775=DIRECTION('',(0.,0.,1.));
#2776=DIRECTION('center_axis',(-2.22044604925031E-16,1.,0.));
#2777=DIRECTION('ref_axis',(-1.,-2.22044604925031E-16,0.));
#2778=CARTESIAN_POINT('',(0.,0.,0.));
#2779=CARTESIAN_POINT('Origin',(-32.862144905269,-13.3050000000001,52.4999998509884));
#2780=CARTESIAN_POINT('',(-30.362144905269,-13.3050000000001,52.4999998509884));
#2781=CARTESIAN_POINT('',(-32.862144905269,-15.8050000000001,52.4999998509884));
#2782=CARTESIAN_POINT('Origin',(-32.862144905269,-13.3050000000001,52.4999998509884));
#2783=CARTESIAN_POINT('',(-32.862144905269,-15.8050000000001,57.4999998509884));
#2784=CARTESIAN_POINT('',(-32.862144905269,-15.8050000000001,52.4999998509884));
#2785=CARTESIAN_POINT('',(-30.362144905269,-13.3050000000001,57.4999998509884));
#2786=CARTESIAN_POINT('Origin',(-32.862144905269,-13.3050000000001,57.4999998509884));
#2787=CARTESIAN_POINT('',(-30.362144905269,-13.3050000000001,52.4999998509884));
#2788=CARTESIAN_POINT('Origin',(-35.562144905269,-15.8050000000001,52.4999998509884));
#2789=CARTESIAN_POINT('',(-33.062144905269,-15.8050000000001,52.4999998509884));
#2790=CARTESIAN_POINT('',(-34.2621449019356,-15.8050000000001,52.4999998509884));
#2791=CARTESIAN_POINT('',(-33.062144905269,-15.8050000000001,57.4999998509884));
#2792=CARTESIAN_POINT('',(-33.062144905269,-15.8050000000001,52.4999998509884));
#2793=CARTESIAN_POINT('',(-34.2621449019356,-15.8050000000001,57.4999998509884));
#2794=CARTESIAN_POINT('Origin',(33.0618550947311,-13.3050000000001,52.4999998509884));
#2795=CARTESIAN_POINT('',(35.5618550947311,-13.3050000000001,52.4999998509884));
#2796=CARTESIAN_POINT('',(33.0618550947311,-15.8050000000001,52.4999998509884));
#2797=CARTESIAN_POINT('Origin',(33.0618550947311,-13.3050000000001,52.4999998509884));
#2798=CARTESIAN_POINT('',(33.0618550947311,-15.8050000000001,57.4999998509884));
#2799=CARTESIAN_POINT('',(33.0618550947311,-15.8050000000001,52.4999998509884));
#2800=CARTESIAN_POINT('',(35.5618550947311,-13.3050000000001,57.4999998509884));
#2801=CARTESIAN_POINT('Origin',(33.0618550947311,-13.3050000000001,57.4999998509884));
#2802=CARTESIAN_POINT('',(35.5618550947311,-13.3050000000001,52.4999998509884));
#2803=CARTESIAN_POINT('Origin',(30.3618550947311,-15.8050000000001,52.4999998509884));
#2804=CARTESIAN_POINT('',(32.8618550947311,-15.8050000000001,52.4999998509884));
#2805=CARTESIAN_POINT('',(-1.30014490193559,-15.8050000000001,52.4999998509884));
#2806=CARTESIAN_POINT('',(32.8618550947311,-15.8050000000001,57.4999998509884));
#2807=CARTESIAN_POINT('',(32.8618550947311,-15.8050000000001,52.4999998509884));
#2808=CARTESIAN_POINT('',(-1.30014490193559,-15.8050000000001,57.4999998509884));
#2809=CARTESIAN_POINT('Origin',(0.0998551680643152,23.1424989202823,52.4999998509884));
#2810=CARTESIAN_POINT('',(2.59985516806432,23.1424989202823,52.4999998509884));
#2811=CARTESIAN_POINT('',(0.0998551680643134,20.6424989202823,52.4999998509884));
#2812=CARTESIAN_POINT('Origin',(0.0998551680643152,23.1424989202823,52.4999998509884));
#2813=CARTESIAN_POINT('',(0.0998551680643134,20.6424989202823,57.4999998509884));
#2814=CARTESIAN_POINT('',(0.0998551680643137,20.6424989202823,52.4999998509884));
#2815=CARTESIAN_POINT('',(2.59985516806432,23.1424989202823,57.4999998509884));
#2816=CARTESIAN_POINT('Origin',(0.0998551680643152,23.1424989202823,57.4999998509884));
#2817=CARTESIAN_POINT('',(2.59985516806432,23.1424989202823,52.4999998509884));
#2818=CARTESIAN_POINT('Origin',(-2.60014483193564,20.6424989202823,52.4999998509884));
#2819=CARTESIAN_POINT('',(-0.100144831935645,20.6424989202823,52.4999998509884));
#2820=CARTESIAN_POINT('',(-17.781144865269,20.6424989202824,52.4999998509884));
#2821=CARTESIAN_POINT('',(-0.100144831935645,20.6424989202823,57.4999998509884));
#2822=CARTESIAN_POINT('',(-0.100144831935645,20.6424989202823,52.4999998509884));
#2823=CARTESIAN_POINT('',(-17.781144865269,20.6424989202824,57.4999998509884));
#2824=CARTESIAN_POINT('Origin',(32.8618550947311,-4.43833372076375,52.4999998509884));
#2825=CARTESIAN_POINT('',(30.3618550947311,-4.43833372076375,52.4999998509884));
#2826=CARTESIAN_POINT('',(32.8618550947311,-1.93833372076376,52.4999998509884));
#2827=CARTESIAN_POINT('Origin',(32.8618550947311,-4.43833372076375,52.4999998509884));
#2828=CARTESIAN_POINT('',(32.8618550947311,-1.93833372076376,57.4999998509884));
#2829=CARTESIAN_POINT('',(32.8618550947311,-1.93833372076375,52.4999998509884));
#2830=CARTESIAN_POINT('',(30.3618550947311,-4.43833372076375,57.4999998509884));
#2831=CARTESIAN_POINT('Origin',(32.8618550947311,-4.43833372076375,57.4999998509884));
#2832=CARTESIAN_POINT('',(30.3618550947311,-4.43833372076376,52.4999998509884));
#2833=CARTESIAN_POINT('Origin',(35.5618550947311,-1.93833372076375,52.4999998509884));
#2834=CARTESIAN_POINT('',(33.0618550947311,-1.93833372076376,52.4999998509884));
#2835=CARTESIAN_POINT('',(1.29985509806438,-1.93833372076375,52.4999998509884));
#2836=CARTESIAN_POINT('',(33.0618550947311,-1.93833372076376,57.4999998509884));
#2837=CARTESIAN_POINT('',(33.0618550947311,-1.93833372076375,52.4999998509884));
#2838=CARTESIAN_POINT('',(1.29985509806438,-1.93833372076375,57.4999998509884));
#2839=CARTESIAN_POINT('Origin',(-0.100144831935642,32.0091651995187,52.4999998509884));
#2840=CARTESIAN_POINT('',(-2.60014483193564,32.0091651995187,52.4999998509884));
#2841=CARTESIAN_POINT('',(-0.10014483193564,34.5091651995187,52.4999998509884));
#2842=CARTESIAN_POINT('Origin',(-0.100144831935642,32.0091651995187,52.4999998509884));
#2843=CARTESIAN_POINT('',(-0.10014483193564,34.5091651995187,57.4999998509884));
#2844=CARTESIAN_POINT('',(-0.100144831935641,34.5091651995187,52.4999998509884));
#2845=CARTESIAN_POINT('',(-2.60014483193564,32.0091651995187,57.4999998509884));
#2846=CARTESIAN_POINT('Origin',(-0.100144831935642,32.0091651995187,57.4999998509884));
#2847=CARTESIAN_POINT('',(-2.60014483193564,32.0091651995187,52.4999998509884));
#2848=CARTESIAN_POINT('Origin',(2.59985516806432,34.5091651995187,52.4999998509884));
#2849=CARTESIAN_POINT('',(0.0998551680643178,34.5091651995187,52.4999998509884));
#2850=CARTESIAN_POINT('',(-15.181144865269,34.5091651995187,52.4999998509884));
#2851=CARTESIAN_POINT('',(0.0998551680643178,34.5091651995187,57.4999998509884));
#2852=CARTESIAN_POINT('',(0.0998551680643173,34.5091651995187,52.4999998509884));
#2853=CARTESIAN_POINT('',(-15.181144865269,34.5091651995187,57.4999998509884));
#2854=CARTESIAN_POINT('Origin',(-33.062144905269,-4.43833372076375,52.4999998509884));
#2855=CARTESIAN_POINT('',(-35.562144905269,-4.43833372076375,52.4999998509884));
#2856=CARTESIAN_POINT('',(-33.062144905269,-1.93833372076375,52.4999998509884));
#2857=CARTESIAN_POINT('Origin',(-33.062144905269,-4.43833372076375,52.4999998509884));
#2858=CARTESIAN_POINT('',(-33.062144905269,-1.93833372076375,57.4999998509884));
#2859=CARTESIAN_POINT('',(-33.062144905269,-1.93833372076375,52.4999998509884));
#2860=CARTESIAN_POINT('',(-35.562144905269,-4.43833372076375,57.4999998509884));
#2861=CARTESIAN_POINT('Origin',(-33.062144905269,-4.43833372076375,57.4999998509884));
#2862=CARTESIAN_POINT('',(-35.562144905269,-4.43833372076375,52.4999998509884));
#2863=CARTESIAN_POINT('Origin',(-30.362144905269,-1.93833372076375,52.4999998509884));
#2864=CARTESIAN_POINT('',(-32.862144905269,-1.93833372076375,52.4999998509884));
#2865=CARTESIAN_POINT('',(-31.6621449019357,-1.93833372076375,52.4999998509884));
#2866=CARTESIAN_POINT('',(-32.862144905269,-1.93833372076375,57.4999998509884));
#2867=CARTESIAN_POINT('',(-32.862144905269,-1.93833372076375,52.4999998509884));
#2868=CARTESIAN_POINT('',(-31.6621449019357,-1.93833372076375,57.4999998509884));
#2869=CARTESIAN_POINT('Origin',(32.8618550947311,-13.3050000000001,52.4999998509884));
#2870=CARTESIAN_POINT('',(30.3618550947311,-13.3050000000001,52.4999998509884));
#2871=CARTESIAN_POINT('Origin',(32.8618550947311,-13.3050000000001,52.4999998509884));
#2872=CARTESIAN_POINT('',(30.3618550947311,-13.3050000000001,57.4999998509884));
#2873=CARTESIAN_POINT('',(30.3618550947311,-13.3050000000001,52.4999998509884));
#2874=CARTESIAN_POINT('Origin',(32.8618550947311,-13.3050000000001,57.4999998509884));
#2875=CARTESIAN_POINT('Origin',(30.3618550947311,-1.93833372076375,52.4999998509884));
#2876=CARTESIAN_POINT('',(30.3618550947311,-16.1966668603818,57.4999998509884));
#2877=CARTESIAN_POINT('',(30.3618550947311,-16.1966668603818,52.4999998509884));
#2878=CARTESIAN_POINT('Origin',(-0.100144831935643,23.1424989202823,52.4999998509884));
#2879=CARTESIAN_POINT('',(-2.60014483193564,23.1424989202823,52.4999998509884));
#2880=CARTESIAN_POINT('Origin',(-0.100144831935643,23.1424989202823,52.4999998509884));
#2881=CARTESIAN_POINT('',(-2.60014483193564,23.1424989202823,57.4999998509884));
#2882=CARTESIAN_POINT('',(-2.60014483193564,23.1424989202823,52.4999998509884));
#2883=CARTESIAN_POINT('Origin',(-0.100144831935643,23.1424989202823,57.4999998509884));
#2884=CARTESIAN_POINT('Origin',(-2.60014483193564,34.5091651995187,52.4999998509884));
#2885=CARTESIAN_POINT('',(-2.60014483193565,2.02708259975936,57.4999998509884));
#2886=CARTESIAN_POINT('',(-2.60014483193565,2.02708259975936,52.4999998509884));
#2887=CARTESIAN_POINT('Origin',(-33.062144905269,-13.3050000000001,52.4999998509884));
#2888=CARTESIAN_POINT('',(-35.562144905269,-13.3050000000001,52.4999998509884));
#2889=CARTESIAN_POINT('Origin',(-33.062144905269,-13.3050000000001,52.4999998509884));
#2890=CARTESIAN_POINT('',(-35.562144905269,-13.3050000000001,57.4999998509884));
#2891=CARTESIAN_POINT('',(-35.562144905269,-13.3050000000001,52.4999998509884));
#2892=CARTESIAN_POINT('Origin',(-33.062144905269,-13.3050000000001,57.4999998509884));
#2893=CARTESIAN_POINT('Origin',(-35.562144905269,-1.93833372076375,52.4999998509884));
#2894=CARTESIAN_POINT('',(-35.562144905269,-16.1966668603819,57.4999998509884));
#2895=CARTESIAN_POINT('',(-35.562144905269,-16.1966668603819,52.4999998509884));
#2896=CARTESIAN_POINT('Origin',(-32.862144905269,-4.43833372076375,52.4999998509884));
#2897=CARTESIAN_POINT('',(-30.362144905269,-4.43833372076375,52.4999998509884));
#2898=CARTESIAN_POINT('Origin',(-32.862144905269,-4.43833372076375,52.4999998509884));
#2899=CARTESIAN_POINT('',(-30.362144905269,-4.43833372076375,57.4999998509884));
#2900=CARTESIAN_POINT('',(-30.362144905269,-4.43833372076375,52.4999998509884));
#2901=CARTESIAN_POINT('Origin',(-32.862144905269,-4.43833372076375,57.4999998509884));
#2902=CARTESIAN_POINT('Origin',(-30.362144905269,-15.8050000000001,52.4999998509884));
#2903=CARTESIAN_POINT('',(-30.362144905269,-23.13,57.4999998509884));
#2904=CARTESIAN_POINT('',(-30.362144905269,-23.13,52.4999998509884));
#2905=CARTESIAN_POINT('Origin',(33.0618550947311,-4.43833372076375,52.4999998509884));
#2906=CARTESIAN_POINT('',(35.5618550947311,-4.43833372076375,52.4999998509884));
#2907=CARTESIAN_POINT('Origin',(33.0618550947311,-4.43833372076375,52.4999998509884));
#2908=CARTESIAN_POINT('',(35.5618550947311,-4.43833372076375,57.4999998509884));
#2909=CARTESIAN_POINT('',(35.5618550947311,-4.43833372076375,52.4999998509884));
#2910=CARTESIAN_POINT('Origin',(33.0618550947311,-4.43833372076375,57.4999998509884));
#2911=CARTESIAN_POINT('Origin',(35.5618550947311,-15.8050000000001,52.4999998509884));
#2912=CARTESIAN_POINT('',(35.5618550947311,-23.13,57.4999998509884));
#2913=CARTESIAN_POINT('',(35.5618550947311,-23.13,52.4999998509884));
#2914=CARTESIAN_POINT('Origin',(0.0998551680643159,32.0091651995187,52.4999998509884));
#2915=CARTESIAN_POINT('',(2.59985516806432,32.0091651995187,52.4999998509884));
#2916=CARTESIAN_POINT('Origin',(0.0998551680643159,32.0091651995187,52.4999998509884));
#2917=CARTESIAN_POINT('',(2.59985516806432,32.0091651995187,57.4999998509884));
#2918=CARTESIAN_POINT('',(2.59985516806432,32.0091651995187,52.4999998509884));
#2919=CARTESIAN_POINT('Origin',(0.0998551680643159,32.0091651995187,57.4999998509884));
#2920=CARTESIAN_POINT('Origin',(2.59985516806432,20.6424989202823,52.4999998509884));
#2921=CARTESIAN_POINT('',(2.59985516806431,-4.90625053985881,57.4999998509884));
#2922=CARTESIAN_POINT('',(2.59985516806431,-4.90625053985881,52.4999998509884));
#2923=CARTESIAN_POINT('Origin',(-37.0996315756636,-1.81211658158479,50.9999998509884));
#2924=CARTESIAN_POINT('',(-36.7583209946287,-1.81211658158479,52.4999998509884));
#2925=CARTESIAN_POINT('',(-36.7583209946287,-0.31211658158479,50.9999998509884));
#2926=CARTESIAN_POINT('Origin',(-36.7583209946287,-1.81211658158479,50.9999998509884));
#2927=CARTESIAN_POINT('',(-25.2371182527249,-0.312116581584787,50.9999998509884));
#2928=CARTESIAN_POINT('',(-37.0996315756636,-0.31211658158479,50.9999998509884));
#2929=CARTESIAN_POINT('',(-25.2371182527249,-1.81211658158478,52.4999998509884));
#2930=CARTESIAN_POINT('Origin',(-25.2371182527249,-1.81211658158478,50.9999998509884));
#2931=CARTESIAN_POINT('',(-37.0996315756636,-1.81211658158479,52.4999998509884));
#2932=CARTESIAN_POINT('Origin',(-25.2371182527249,2.18788341841521,50.9999998509884));
#2933=CARTESIAN_POINT('',(-22.7371182527249,2.18788341841521,50.9999998509884));
#2934=CARTESIAN_POINT('',(-21.2371182527249,2.18788341841521,52.4999998509884));
#2935=CARTESIAN_POINT('Origin',(-21.2371182527249,2.18788341841521,50.9999998509884));
#2936=CARTESIAN_POINT('Origin',(-25.2371182527249,2.18788341841521,52.4999998509884));
#2937=CARTESIAN_POINT('Origin',(-25.2371182527249,2.18788341841521,50.9999998509884));
#2938=CARTESIAN_POINT('Origin',(-21.2371182527249,-15.3835582907924,50.9999998509884));
#2939=CARTESIAN_POINT('',(-22.7371182527249,20.8709148917727,50.9999998509884));
#2940=CARTESIAN_POINT('',(-21.2371182527249,20.8709148917727,52.4999998509884));
#2941=CARTESIAN_POINT('Origin',(-21.2371182527249,20.8709148917727,50.9999998509884));
#2942=CARTESIAN_POINT('',(-21.2371182527249,-15.3835582907924,52.4999998509884));
#2943=CARTESIAN_POINT('',(-22.7371182527249,-15.3835582907924,50.9999998509884));
#2944=CARTESIAN_POINT('Origin',(-25.2371182527249,20.8709148917727,50.9999998509884));
#2945=CARTESIAN_POINT('',(-27.3650454270348,22.1831366492639,50.9999998509884));
#2946=CARTESIAN_POINT('',(-28.6418017316208,22.9704697037586,52.4999998509884));
#2947=CARTESIAN_POINT('Origin',(-28.6418017316208,22.9704697037586,50.9999998509884));
#2948=CARTESIAN_POINT('Origin',(-25.2371182527249,20.8709148917727,52.4999998509884));
#2949=CARTESIAN_POINT('Origin',(-25.2371182527249,20.8709148917727,50.9999998509884));
#2950=CARTESIAN_POINT('Origin',(-38.857430873178,6.40458460934152,50.9999998509884));
#2951=CARTESIAN_POINT('',(-38.8862481689386,3.50010517590637,50.9999998509884));
#2952=CARTESIAN_POINT('',(-40.1630044735246,4.28743823040105,52.4999998509884));
#2953=CARTESIAN_POINT('Origin',(-40.1630044735246,4.28743823040105,50.9999998509884));
#2954=CARTESIAN_POINT('',(-38.857430873178,6.40458460934152,52.4999998509884));
#2955=CARTESIAN_POINT('',(-37.580674568592,5.61725155484683,50.9999998509884));
#2956=CARTESIAN_POINT('Origin',(-36.7583209946287,2.18788341841521,50.9999998509884));
#2957=CARTESIAN_POINT('Origin',(-36.7583209946287,2.18788341841521,52.4999998509884));
#2958=CARTESIAN_POINT('Origin',(-36.7583209946287,2.18788341841521,50.9999998509884));
#2959=CARTESIAN_POINT('Origin',(-22.7371182527249,-0.312116581584786,-30.2));
#2960=CARTESIAN_POINT('',(-22.7371182527249,2.18788341841521,42.7));
#2961=CARTESIAN_POINT('',(-22.7371182527249,2.18788341841521,-30.2));
#2962=CARTESIAN_POINT('',(-22.7371182527249,20.8709148917727,42.7));
#2963=CARTESIAN_POINT('',(-22.7371182527249,7.18788341841521,42.7));
#2964=CARTESIAN_POINT('',(-22.7371182527249,20.8709148917727,-30.2));
#2965=CARTESIAN_POINT('Origin',(-25.2371182527249,2.18788341841521,-30.2));
#2966=CARTESIAN_POINT('',(-25.2371182527249,-0.312116581584787,42.7));
#2967=CARTESIAN_POINT('',(-25.2371182527249,-0.312116581584787,-30.2));
#2968=CARTESIAN_POINT('Origin',(-25.2371182527249,2.18788341841521,42.7));
#2969=CARTESIAN_POINT('Origin',(-41.2371182527249,-0.312116581584792,-30.2));
#2970=CARTESIAN_POINT('',(-36.7583209946287,-0.31211658158479,42.7));
#2971=CARTESIAN_POINT('',(-36.7583209946287,-0.31211658158479,-30.2));
#2972=CARTESIAN_POINT('',(-36.6121182527249,-0.31211658158479,42.7));
#2973=CARTESIAN_POINT('Origin',(-32.9621448986023,-30.455,52.4999998509884));
#2974=CARTESIAN_POINT('',(-5.44668921636525,-25.205,52.4999998509884));
#2975=CARTESIAN_POINT('',(-6.5,-22.5000004321337,52.4999998509884));
#2976=CARTESIAN_POINT('Origin',(-2.5,-22.5000004321337,52.4999998509884));
#2977=CARTESIAN_POINT('',(-14.9621448986023,-25.205,52.4999998509884));
#2978=CARTESIAN_POINT('',(18.4618551013977,-25.2049999999999,52.4999998509884));
#2979=CARTESIAN_POINT('',(-16.4621448986023,-26.705,52.4999998509884));
#2980=CARTESIAN_POINT('Origin',(-14.9621448986023,-26.705,52.4999998509884));
#2981=CARTESIAN_POINT('',(-16.4621448986023,-34.205,52.4999998509884));
#2982=CARTESIAN_POINT('',(-16.4621448986023,-34.205,52.4999998509884));
#2983=CARTESIAN_POINT('',(-49.4621448986023,-34.205,52.4999998509884));
#2984=CARTESIAN_POINT('',(-49.4621448986023,-34.205,52.4999998509884));
#2985=CARTESIAN_POINT('',(-49.4621448986023,-26.705,52.4999998509884));
#2986=CARTESIAN_POINT('',(-49.4621448986023,-34.205,52.4999998509884));
#2987=CARTESIAN_POINT('',(-50.9621448986023,-25.205,52.4999998509884));
#2988=CARTESIAN_POINT('Origin',(-50.9621448986023,-26.705,52.4999998509884));
#2989=CARTESIAN_POINT('',(-56.9262465137401,-25.205,52.4999998509884));
#2990=CARTESIAN_POINT('',(-47.4621448986023,-25.205,52.4999998509884));
#2991=CARTESIAN_POINT('',(-59.5243227250934,-20.705,52.4999998509884));
#2992=CARTESIAN_POINT('Origin',(-56.9262465137401,-22.205,52.4999998509884));
#2993=CARTESIAN_POINT('',(-23.5001448986023,41.6907062963787,52.4999998509884));
#2994=CARTESIAN_POINT('',(-58.0809022565508,-18.2049224117994,52.4999998509884));
#2995=CARTESIAN_POINT('',(-23.5001448986023,41.6591651995186,52.4999998509884));
#2996=CARTESIAN_POINT('',(-23.5001448986023,41.6907062963787,52.4999998509884));
#2997=CARTESIAN_POINT('',(-21.2501448986023,43.9091651995186,52.4999998509884));
#2998=CARTESIAN_POINT('Origin',(-21.2501448986023,41.6591651995186,52.4999998509884));
#2999=CARTESIAN_POINT('',(-17.9998114986022,43.9091651995186,52.4999998509884));
#3000=CARTESIAN_POINT('',(-21.2501448986023,43.9091651995186,52.4999998509884));
#3001=CARTESIAN_POINT('',(-16.4998114986022,45.4091651995186,52.4999998509884));
#3002=CARTESIAN_POINT('Origin',(-17.9998114986022,45.4091651995186,52.4999998509884));
#3003=CARTESIAN_POINT('',(-16.4998114986021,52.9091651995189,52.4999998509884));
#3004=CARTESIAN_POINT('',(-16.4998114986022,44.1591651995188,52.4999998509884));
#3005=CARTESIAN_POINT('',(16.5001885013979,52.9091651995187,52.4999998509884));
#3006=CARTESIAN_POINT('',(-16.4998114986021,52.9091651995189,52.4999998509884));
#3007=CARTESIAN_POINT('',(16.5001885013979,45.4091651995186,52.4999998509884));
#3008=CARTESIAN_POINT('',(16.5001885013979,45.4091651995187,52.4999998509884));
#3009=CARTESIAN_POINT('',(18.0001885013979,43.9091651995186,52.4999998509884));
#3010=CARTESIAN_POINT('Origin',(18.0001885013979,45.4091651995186,52.4999998509884));
#3011=CARTESIAN_POINT('',(21.2498551013977,43.9091651995186,52.4999998509884));
#3012=CARTESIAN_POINT('',(21.2498551013977,43.9091651995186,52.4999998509884));
#3013=CARTESIAN_POINT('',(23.4998551013977,41.6591651995186,52.4999998509884));
#3014=CARTESIAN_POINT('Origin',(21.2498551013977,41.6591651995186,52.4999998509884));
#3015=CARTESIAN_POINT('',(23.4998551013977,41.6907062963788,52.4999998509884));
#3016=CARTESIAN_POINT('',(23.4998551013977,41.6591651995186,52.4999998509884));
#3017=CARTESIAN_POINT('',(59.5240329278887,-20.7049999999999,52.4999998509884));
#3018=CARTESIAN_POINT('',(60.1580075241042,-21.8030762113531,52.4999998509884));
#3019=CARTESIAN_POINT('',(56.9259567165354,-25.2049999999999,52.4999998509884));
#3020=CARTESIAN_POINT('Origin',(56.9259567165354,-22.2049999999999,52.4999998509884));
#3021=CARTESIAN_POINT('',(50.9618551013977,-25.2049999999999,52.4999998509884));
#3022=CARTESIAN_POINT('',(49.4618551013977,-25.2049999999999,52.4999998509884));
#3023=CARTESIAN_POINT('',(49.4618551013977,-26.7049999999999,52.4999998509884));
#3024=CARTESIAN_POINT('Origin',(50.9618551013977,-26.7049999999999,52.4999998509884));
#3025=CARTESIAN_POINT('',(49.4618551013977,-34.205,52.4999998509884));
#3026=CARTESIAN_POINT('',(49.4618551013977,-34.205,52.4999998509884));
#3027=CARTESIAN_POINT('',(16.4618551013977,-34.205,52.4999998509884));
#3028=CARTESIAN_POINT('',(16.4618551013977,-34.205,52.4999998509884));
#3029=CARTESIAN_POINT('',(16.4618551013977,-26.7049999999999,52.4999998509884));
#3030=CARTESIAN_POINT('',(16.4618551013977,-34.205,52.4999998509884));
#3031=CARTESIAN_POINT('',(14.9618551013977,-25.2049999999999,52.4999998509884));
#3032=CARTESIAN_POINT('Origin',(14.9618551013977,-26.7049999999999,52.4999998509884));
#3033=CARTESIAN_POINT('',(5.44668921636525,-25.205,52.4999998509884));
#3034=CARTESIAN_POINT('',(18.4618551013977,-25.2049999999999,52.4999998509884));
#3035=CARTESIAN_POINT('',(6.5,-22.5000004321337,52.4999998509884));
#3036=CARTESIAN_POINT('Origin',(2.5,-22.5000004321337,52.4999998509884));
#3037=CARTESIAN_POINT('',(6.49999999999999,-11.5000001341104,52.4999998509884));
#3038=CARTESIAN_POINT('',(6.5,-27.7275002160668,52.4999998509884));
#3039=CARTESIAN_POINT('',(2.49999999999999,-7.50000013411045,52.4999998509884));
#3040=CARTESIAN_POINT('Origin',(2.49999999999999,-11.5000001341104,52.4999998509884));
#3041=CARTESIAN_POINT('',(-2.50000000000001,-7.50000013411045,52.4999998509884));
#3042=CARTESIAN_POINT('',(-13.9810724493012,-7.50000013411045,52.4999998509884));
#3043=CARTESIAN_POINT('',(-6.50000000000001,-11.5000001341104,52.4999998509884));
#3044=CARTESIAN_POINT('Origin',(-2.5,-11.5000001341104,52.4999998509884));
#3045=CARTESIAN_POINT('',(-6.5,-19.7275000670552,52.4999998509884));
#3046=CARTESIAN_POINT('',(23.1743365104871,2.18788384746944,52.4999998509884));
#3047=CARTESIAN_POINT('',(23.1743365104871,19.6878838474694,52.4999998509884));
#3048=CARTESIAN_POINT('',(23.1743365104871,-0.38355807626526,52.4999998509884));
#3049=CARTESIAN_POINT('',(27.1743365104871,-1.81211615253056,52.4999998509884));
#3050=CARTESIAN_POINT('Origin',(27.1743365104871,2.18788384746944,52.4999998509884));
#3051=CARTESIAN_POINT('',(36.5076698438205,-1.81211615253056,52.4999998509884));
#3052=CARTESIAN_POINT('',(-4.14390419405758,-1.81211615253056,52.4999998509884));
#3053=CARTESIAN_POINT('',(40.0370816085264,4.07023678864591,52.4999998509884));
#3054=CARTESIAN_POINT('Origin',(36.5076698438205,2.18788384746944,52.4999998509884));
#3055=CARTESIAN_POINT('',(30.703748275193,21.5702367886459,52.4999998509884));
#3056=CARTESIAN_POINT('',(40.1023836584363,3.94779544506481,52.4999998509884));
#3057=CARTESIAN_POINT('Origin',(27.1743365104871,19.6878838474694,52.4999998509884));
#3058=CARTESIAN_POINT('',(-14.4998114986022,49.4091651995189,52.4999998509884));
#3059=CARTESIAN_POINT('Origin',(-13.9998114986022,49.4091651995189,52.4999998509884));
#3060=CARTESIAN_POINT('',(-19.4621448986023,-30.705,52.4999998509884));
#3061=CARTESIAN_POINT('Origin',(-18.9621448986023,-30.705,52.4999998509884));
#3062=CARTESIAN_POINT('',(18.4618551013977,-30.705,52.4999998509884));
#3063=CARTESIAN_POINT('Origin',(18.9618551013977,-30.705,52.4999998509884));
#3064=CARTESIAN_POINT('',(13.5001885013979,49.4091651995187,52.4999998509884));
#3065=CARTESIAN_POINT('Origin',(14.0001885013979,49.4091651995187,52.4999998509884));
#3066=CARTESIAN_POINT('',(-47.4621448986023,-30.705,52.4999998509884));
#3067=CARTESIAN_POINT('Origin',(-46.9621448986023,-30.705,52.4999998509884));
#3068=CARTESIAN_POINT('',(46.4618551013977,-30.705,52.4999998509884));
#3069=CARTESIAN_POINT('Origin',(46.9618551013977,-30.705,52.4999998509884));
#3070=CARTESIAN_POINT('Origin',(2.49999999999999,-11.5000001341104,50.9999998509884));
#3071=CARTESIAN_POINT('',(2.49999999999999,-9.00000013411045,50.9999998509884));
#3072=CARTESIAN_POINT('Origin',(2.49999999999999,-7.50000013411045,50.9999998509884));
#3073=CARTESIAN_POINT('',(5.,-11.5000001341104,50.9999998509884));
#3074=CARTESIAN_POINT('Origin',(6.49999999999999,-11.5000001341104,50.9999998509884));
#3075=CARTESIAN_POINT('Origin',(2.49999999999999,-11.5000001341104,50.9999998509884));
#3076=CARTESIAN_POINT('Origin',(6.5,-27.7275002160668,50.9999998509884));
#3077=CARTESIAN_POINT('',(5.,-22.5000004321337,50.9999998509884));
#3078=CARTESIAN_POINT('Origin',(6.5,-22.5000004321337,50.9999998509884));
#3079=CARTESIAN_POINT('',(5.,-27.7275002160668,50.9999998509884));
#3080=CARTESIAN_POINT('Origin',(2.5,-22.5000004321337,50.9999998509884));
#3081=CARTESIAN_POINT('',(4.34168076022828,-24.1906251620501,50.9999998509884));
#3082=CARTESIAN_POINT('Origin',(5.44668921636525,-25.205,50.9999998509884));
#3083=CARTESIAN_POINT('Origin',(2.5,-22.5000004321337,50.9999998509884));
#3084=CARTESIAN_POINT('Origin',(-2.5,-22.5000004321337,50.9999998509884));
#3085=CARTESIAN_POINT('',(-4.34168076022828,-24.1906251620501,50.9999998509884));
#3086=CARTESIAN_POINT('Origin',(-5.44668921636525,-25.205,50.9999998509884));
#3087=CARTESIAN_POINT('',(-5.,-22.5000004321337,50.9999998509884));
#3088=CARTESIAN_POINT('Origin',(-6.5,-22.5000004321337,50.9999998509884));
#3089=CARTESIAN_POINT('Origin',(-2.5,-22.5000004321337,50.9999998509884));
#3090=CARTESIAN_POINT('Origin',(-6.5,-19.7275000670552,50.9999998509884));
#3091=CARTESIAN_POINT('',(-5.,-11.5000001341104,50.9999998509884));
#3092=CARTESIAN_POINT('Origin',(-6.50000000000001,-11.5000001341104,50.9999998509884));
#3093=CARTESIAN_POINT('',(-5.,-19.7275000670552,50.9999998509884));
#3094=CARTESIAN_POINT('Origin',(-2.5,-11.5000001341104,50.9999998509884));
#3095=CARTESIAN_POINT('',(-2.50000000000001,-9.00000013411045,50.9999998509884));
#3096=CARTESIAN_POINT('Origin',(-2.50000000000001,-7.50000013411045,50.9999998509884));
#3097=CARTESIAN_POINT('Origin',(-2.5,-11.5000001341104,50.9999998509884));
#3098=CARTESIAN_POINT('Origin',(-13.9810724493012,-7.50000013411045,50.9999998509884));
#3099=CARTESIAN_POINT('',(-13.9810724493012,-9.00000013411045,50.9999998509884));
#3100=CARTESIAN_POINT('Origin',(2.5,-22.5000004321337,50.9999998509884));
#3101=CARTESIAN_POINT('',(2.5,-25.205,51.7569502329643));
#3102=CARTESIAN_POINT('Ctrl Pts',(5.44668921636525,-25.205,52.4999998509884));
#3103=CARTESIAN_POINT('Ctrl Pts',(5.08258807282818,-25.205,52.4999998509884));
#3104=CARTESIAN_POINT('Ctrl Pts',(4.65469430737649,-25.205,52.4116414274422));
#3105=CARTESIAN_POINT('Ctrl Pts',(4.02011868822647,-25.205,52.209324407572));
#3106=CARTESIAN_POINT('Ctrl Pts',(3.7153949401659,-25.205,52.0831484004643));
#3107=CARTESIAN_POINT('Ctrl Pts',(3.10758757105361,-25.205,51.8535462226902));
#3108=CARTESIAN_POINT('Ctrl Pts',(2.80194569636894,-25.205,51.7569502329643));
#3109=CARTESIAN_POINT('Ctrl Pts',(2.5,-25.205,51.7569502329643));
#3110=CARTESIAN_POINT('',(2.5,-25.0000004321337,50.9999998509884));
#3111=CARTESIAN_POINT('Origin',(2.5,-26.5000004321337,50.9999998509884));
#3112=CARTESIAN_POINT('Origin',(2.5,-22.5000004321337,50.9999998509884));
#3113=CARTESIAN_POINT('Origin',(-2.5,-22.5000004321337,50.9999998509884));
#3114=CARTESIAN_POINT('',(-2.5,-25.205,51.7569502329643));
#3115=CARTESIAN_POINT('Ctrl Pts',(-2.5,-25.205,51.7569502329643));
#3116=CARTESIAN_POINT('Ctrl Pts',(-2.80194569636894,-25.205,51.7569502329643));
#3117=CARTESIAN_POINT('Ctrl Pts',(-3.10758757105361,-25.205,51.8535462226902));
#3118=CARTESIAN_POINT('Ctrl Pts',(-3.7153949401659,-25.205,52.0831484004643));
#3119=CARTESIAN_POINT('Ctrl Pts',(-4.02011868822648,-25.205,52.209324407572));
#3120=CARTESIAN_POINT('Ctrl Pts',(-4.65469430737649,-25.205,52.4116414274422));
#3121=CARTESIAN_POINT('Ctrl Pts',(-5.08258807282819,-25.205,52.4999998509884));
#3122=CARTESIAN_POINT('Ctrl Pts',(-5.44668921636525,-25.205,52.4999998509884));
#3123=CARTESIAN_POINT('',(-2.5,-25.0000004321337,50.9999998509884));
#3124=CARTESIAN_POINT('Origin',(-2.5,-22.5000004321337,50.9999998509884));
#3125=CARTESIAN_POINT('Origin',(-2.5,-26.5000004321337,50.9999998509884));
#3126=CARTESIAN_POINT('Origin',(-18.9810724493012,-26.5000004321337,50.9999998509884));
#3127=CARTESIAN_POINT('',(-18.9810724493012,-25.205,51.7569502329643));
#3128=CARTESIAN_POINT('',(-18.9810724493012,-25.0000004321337,50.9999998509884));
#3129=CARTESIAN_POINT('Origin',(2.5,-22.5000004321337,-30.2));
#3130=CARTESIAN_POINT('',(2.5,-25.0000004321337,42.7));
#3131=CARTESIAN_POINT('',(2.5,-25.0000004321337,-30.2));
#3132=CARTESIAN_POINT('',(5.,-22.5000004321337,42.7));
#3133=CARTESIAN_POINT('Origin',(2.5,-22.5000004321337,42.7));
#3134=CARTESIAN_POINT('',(5.,-22.5000004321337,-30.2));
#3135=CARTESIAN_POINT('Origin',(-5.,-25.0000004321337,-30.2));
#3136=CARTESIAN_POINT('',(-2.5,-25.0000004321337,42.7));
#3137=CARTESIAN_POINT('',(-2.5,-25.0000004321337,-30.2));
#3138=CARTESIAN_POINT('',(-2.5,-25.0000004321337,42.7));
#3139=CARTESIAN_POINT('Origin',(-2.5,-22.5000004321337,-30.2));
#3140=CARTESIAN_POINT('',(-5.,-22.5000004321337,42.7));
#3141=CARTESIAN_POINT('',(-5.,-22.5000004321337,-30.2));
#3142=CARTESIAN_POINT('Origin',(-2.5,-22.5000004321337,42.7));
#3143=CARTESIAN_POINT('Origin',(23.1743365104871,-0.38355807626526,50.9999998509884));
#3144=CARTESIAN_POINT('',(24.6743365104871,19.6878838474694,50.9999998509884));
#3145=CARTESIAN_POINT('Origin',(23.1743365104871,19.6878838474694,50.9999998509884));
#3146=CARTESIAN_POINT('',(24.6743365104871,2.18788384746944,50.9999998509884));
#3147=CARTESIAN_POINT('',(24.6743365104871,-0.38355807626526,50.9999998509884));
#3148=CARTESIAN_POINT('Origin',(23.1743365104871,2.18788384746944,50.9999998509884));
#3149=CARTESIAN_POINT('Origin',(27.1743365104871,2.18788384746944,50.9999998509884));
#3150=CARTESIAN_POINT('',(27.1743365104871,-0.31211615253056,50.9999998509884));
#3151=CARTESIAN_POINT('Origin',(27.1743365104871,-1.81211615253056,50.9999998509884));
#3152=CARTESIAN_POINT('Origin',(27.1743365104871,2.18788384746944,50.9999998509884));
#3153=CARTESIAN_POINT('Origin',(-4.14390419405758,-1.81211615253056,50.9999998509884));
#3154=CARTESIAN_POINT('',(36.5076698438205,-0.31211615253056,50.9999998509884));
#3155=CARTESIAN_POINT('Origin',(36.5076698438205,-1.81211615253056,50.9999998509884));
#3156=CARTESIAN_POINT('',(-4.14390419405758,-0.31211615253056,50.9999998509884));
#3157=CARTESIAN_POINT('Origin',(36.5076698438205,2.18788384746944,50.9999998509884));
#3158=CARTESIAN_POINT('',(38.7135521967617,3.36435443570474,50.9999998509884));
#3159=CARTESIAN_POINT('Origin',(40.0370816085264,4.07023678864591,50.9999998509884));
#3160=CARTESIAN_POINT('Origin',(36.5076698438205,2.18788384746944,50.9999998509884));
#3161=CARTESIAN_POINT('Origin',(40.1023836584363,3.94779544506481,50.9999998509884));
#3162=CARTESIAN_POINT('',(29.3802188634283,20.8643544357047,50.9999998509884));
#3163=CARTESIAN_POINT('Origin',(30.703748275193,21.5702367886459,50.9999998509884));
#3164=CARTESIAN_POINT('',(38.7788542466716,3.24191309212363,50.9999998509884));
#3165=CARTESIAN_POINT('Origin',(27.1743365104871,19.6878838474694,50.9999998509884));
#3166=CARTESIAN_POINT('Origin',(27.1743365104871,19.6878838474694,50.9999998509884));
#3167=CARTESIAN_POINT('Origin',(24.6743365104871,-0.312116152530561,-30.2));
#3168=CARTESIAN_POINT('',(27.1743365104871,-0.31211615253056,42.7));
#3169=CARTESIAN_POINT('',(27.1743365104871,-0.31211615253056,-30.2));
#3170=CARTESIAN_POINT('',(36.5076698438205,-0.31211615253056,42.7));
#3171=CARTESIAN_POINT('',(28.6743365104871,-0.31211615253056,42.7));
#3172=CARTESIAN_POINT('',(36.5076698438205,-0.31211615253056,-30.2));
#3173=CARTESIAN_POINT('Origin',(27.1743365104871,2.18788384746944,-30.2));
#3174=CARTESIAN_POINT('',(24.6743365104871,2.18788384746944,42.7));
#3175=CARTESIAN_POINT('',(24.6743365104871,2.18788384746944,-30.2));
#3176=CARTESIAN_POINT('Origin',(27.1743365104871,2.18788384746944,42.7));
#3177=CARTESIAN_POINT('Origin',(24.6743365104871,29.6878838474694,-30.2));
#3178=CARTESIAN_POINT('',(24.6743365104871,19.6878838474694,42.7));
#3179=CARTESIAN_POINT('',(24.6743365104871,19.6878838474694,-30.2));
#3180=CARTESIAN_POINT('',(24.6743365104871,22.1878838474694,42.7));
#3181=CARTESIAN_POINT('Origin',(-36.7583209946287,2.18788341841521,-30.2));
#3182=CARTESIAN_POINT('',(-38.8862481689386,3.50010517590637,42.7));
#3183=CARTESIAN_POINT('',(-38.8862481689386,3.50010517590637,-30.2));
#3184=CARTESIAN_POINT('Origin',(-36.7583209946287,2.18788341841521,42.7));
#3185=CARTESIAN_POINT('Origin',(-31.9871182527249,14.6878834184152,42.7));
#3186=CARTESIAN_POINT('',(-27.3650454270348,22.1831366492639,42.7));
#3187=CARTESIAN_POINT('',(-27.3621182527249,22.1878834184152,42.7));
#3188=CARTESIAN_POINT('Origin',(-25.2371182527249,20.8709148917727,42.7));
#3189=CARTESIAN_POINT('Origin',(-25.2371182527249,20.8709148917727,-30.2));
#3190=CARTESIAN_POINT('',(-27.3650454270348,22.1831366492639,-30.2));
#3191=CARTESIAN_POINT('Origin',(-22.7371182527249,29.6878834184152,-30.2));
#3192=CARTESIAN_POINT('Origin',(32.6743365104872,14.6878838474694,42.7));
#3193=CARTESIAN_POINT('',(29.3802188634283,20.8643544357047,42.7));
#3194=CARTESIAN_POINT('Origin',(27.1743365104871,19.6878838474694,42.7));
#3195=CARTESIAN_POINT('',(38.7135521967617,3.36435443570474,42.7));
#3196=CARTESIAN_POINT('',(36.6743365104872,7.18788384746944,42.7));
#3197=CARTESIAN_POINT('Origin',(36.5076698438205,2.18788384746944,42.7));
#3198=CARTESIAN_POINT('Origin',(36.5076698438205,2.18788384746944,-30.2));
#3199=CARTESIAN_POINT('',(38.7135521967617,3.36435443570474,-30.2));
#3200=CARTESIAN_POINT('Origin',(40.6743365104872,-0.312116152530559,-30.2));
#3201=CARTESIAN_POINT('',(29.3802188634283,20.8643544357047,-30.2));
#3202=CARTESIAN_POINT('Origin',(27.1743365104871,19.6878838474694,-30.2));
#3203=CARTESIAN_POINT('Origin',(46.9618551013977,-30.705,52.4999998509884));
#3204=CARTESIAN_POINT('',(46.4618551013977,-30.705,57.4999998509884));
#3205=CARTESIAN_POINT('',(46.4618551013977,-30.705,52.4999998509884));
#3206=CARTESIAN_POINT('Origin',(46.9618551013977,-30.705,57.4999998509884));
#3207=CARTESIAN_POINT('Origin',(-46.9621448986023,-30.705,52.4999998509884));
#3208=CARTESIAN_POINT('',(-47.4621448986023,-30.705,57.4999998509884));
#3209=CARTESIAN_POINT('',(-47.4621448986023,-30.705,52.4999998509884));
#3210=CARTESIAN_POINT('Origin',(-46.9621448986023,-30.705,57.4999998509884));
#3211=CARTESIAN_POINT('Origin',(14.0001885013979,49.4091651995187,52.4999998509884));
#3212=CARTESIAN_POINT('',(13.5001885013979,49.4091651995187,57.4999998509884));
#3213=CARTESIAN_POINT('',(13.5001885013979,49.4091651995187,52.4999998509884));
#3214=CARTESIAN_POINT('Origin',(14.0001885013979,49.4091651995187,57.4999998509884));
#3215=CARTESIAN_POINT('Origin',(18.9618551013977,-30.705,52.4999998509884));
#3216=CARTESIAN_POINT('',(18.4618551013977,-30.705,57.4999998509884));
#3217=CARTESIAN_POINT('',(18.4618551013977,-30.705,52.4999998509884));
#3218=CARTESIAN_POINT('Origin',(18.9618551013977,-30.705,57.4999998509884));
#3219=CARTESIAN_POINT('Origin',(-18.9621448986023,-30.705,52.4999998509884));
#3220=CARTESIAN_POINT('',(-19.4621448986023,-30.705,57.4999998509884));
#3221=CARTESIAN_POINT('',(-19.4621448986023,-30.705,52.4999998509884));
#3222=CARTESIAN_POINT('Origin',(-18.9621448986023,-30.705,57.4999998509884));
#3223=CARTESIAN_POINT('Origin',(-13.9998114986022,49.4091651995189,52.4999998509884));
#3224=CARTESIAN_POINT('',(-14.4998114986022,49.4091651995189,57.4999998509884));
#3225=CARTESIAN_POINT('',(-14.4998114986022,49.4091651995189,52.4999998509884));
#3226=CARTESIAN_POINT('Origin',(-13.9998114986022,49.4091651995189,57.4999998509884));
#3227=CARTESIAN_POINT('Origin',(14.9618551013977,-26.7049999999999,57.4999998509884));
#3228=CARTESIAN_POINT('',(16.4618551013977,-26.7049999999999,57.4999998509884));
#3229=CARTESIAN_POINT('',(14.9618551013977,-25.2049999999999,57.4999998509884));
#3230=CARTESIAN_POINT('Origin',(14.9618551013977,-26.7049999999999,57.4999998509884));
#3231=CARTESIAN_POINT('',(14.9618551013977,-25.2049999999999,57.4999998509884));
#3232=CARTESIAN_POINT('',(16.4618551013977,-26.7049999999999,57.4999998509884));
#3233=CARTESIAN_POINT('Origin',(16.4618551013977,-25.2049999999999,57.4999998509884));
#3234=CARTESIAN_POINT('',(-14.9621448986023,-25.205,57.4999998509884));
#3235=CARTESIAN_POINT('',(18.4618551013977,-25.2049999999999,57.4999998509884));
#3236=CARTESIAN_POINT('',(-14.9621448986023,-25.205,57.4999998509884));
#3237=CARTESIAN_POINT('Origin',(-50.9621448986023,-26.705,57.4999998509884));
#3238=CARTESIAN_POINT('',(-49.4621448986023,-26.705,57.4999998509884));
#3239=CARTESIAN_POINT('',(-50.9621448986023,-25.205,57.4999998509884));
#3240=CARTESIAN_POINT('Origin',(-50.9621448986023,-26.705,57.4999998509884));
#3241=CARTESIAN_POINT('',(-50.9621448986023,-25.205,57.4999998509884));
#3242=CARTESIAN_POINT('',(-49.4621448986023,-26.705,57.4999998509884));
#3243=CARTESIAN_POINT('Origin',(-49.4621448986023,-25.205,57.4999998509884));
#3244=CARTESIAN_POINT('',(-56.9262465137401,-25.205,57.4999998509884));
#3245=CARTESIAN_POINT('',(-47.4621448986023,-25.205,57.4999998509884));
#3246=CARTESIAN_POINT('',(-56.9262465137401,-25.205,57.4999998509884));
#3247=CARTESIAN_POINT('Origin',(-14.9621448986023,-26.705,57.4999998509884));
#3248=CARTESIAN_POINT('',(-16.4621448986023,-26.705,57.4999998509884));
#3249=CARTESIAN_POINT('Origin',(-14.9621448986023,-26.705,57.4999998509884));
#3250=CARTESIAN_POINT('',(-16.4621448986023,-26.705,57.4999998509884));
#3251=CARTESIAN_POINT('Origin',(-16.4621448986023,-25.205,57.4999998509884));
#3252=CARTESIAN_POINT('',(-16.4621448986023,-34.205,57.4999998509884));
#3253=CARTESIAN_POINT('',(-16.4621448986023,-34.205,57.4999998509884));
#3254=CARTESIAN_POINT('',(-16.4621448986023,-34.205,57.4999998509884));
#3255=CARTESIAN_POINT('Origin',(50.9618551013977,-26.7049999999999,57.4999998509884));
#3256=CARTESIAN_POINT('',(50.9618551013977,-25.2049999999999,57.4999998509884));
#3257=CARTESIAN_POINT('',(49.4618551013977,-26.7049999999999,57.4999998509884));
#3258=CARTESIAN_POINT('Origin',(50.9618551013977,-26.7049999999999,57.4999998509884));
#3259=CARTESIAN_POINT('',(49.4618551013977,-26.7049999999999,57.4999998509884));
#3260=CARTESIAN_POINT('',(50.9618551013977,-25.2049999999999,57.4999998509884));
#3261=CARTESIAN_POINT('Origin',(49.4618551013977,-25.2049999999999,57.4999998509884));
#3262=CARTESIAN_POINT('',(49.4618551013977,-34.205,57.4999998509884));
#3263=CARTESIAN_POINT('',(49.4618551013977,-34.205,57.4999998509884));
#3264=CARTESIAN_POINT('',(49.4618551013977,-34.205,57.4999998509884));
#3265=CARTESIAN_POINT('Origin',(18.0001885013979,45.4091651995186,57.4999998509884));
#3266=CARTESIAN_POINT('',(16.5001885013979,45.4091651995186,57.4999998509884));
#3267=CARTESIAN_POINT('',(18.0001885013979,43.9091651995186,57.4999998509884));
#3268=CARTESIAN_POINT('Origin',(18.0001885013979,45.4091651995186,57.4999998509884));
#3269=CARTESIAN_POINT('',(18.0001885013979,43.9091651995186,57.4999998509884));
#3270=CARTESIAN_POINT('',(16.5001885013979,45.4091651995186,57.4999998509884));
#3271=CARTESIAN_POINT('Origin',(16.5001885013978,43.9091651995186,57.4999998509884));
#3272=CARTESIAN_POINT('',(21.2498551013977,43.9091651995186,57.4999998509884));
#3273=CARTESIAN_POINT('',(21.2498551013977,43.9091651995186,57.4999998509884));
#3274=CARTESIAN_POINT('',(21.2498551013977,43.9091651995186,57.4999998509884));
#3275=CARTESIAN_POINT('Origin',(-17.9998114986022,45.4091651995186,57.4999998509884));
#3276=CARTESIAN_POINT('',(-17.9998114986022,43.9091651995186,57.4999998509884));
#3277=CARTESIAN_POINT('',(-16.4998114986022,45.4091651995186,57.4999998509884));
#3278=CARTESIAN_POINT('Origin',(-17.9998114986022,45.4091651995186,57.4999998509884));
#3279=CARTESIAN_POINT('',(-16.4998114986022,45.4091651995186,57.4999998509884));
#3280=CARTESIAN_POINT('',(-17.9998114986022,43.9091651995186,57.4999998509884));
#3281=CARTESIAN_POINT('Origin',(-16.4998114986022,43.9091651995186,57.4999998509884));
#3282=CARTESIAN_POINT('',(-16.4998114986021,52.9091651995189,57.4999998509884));
#3283=CARTESIAN_POINT('',(-16.4998114986022,44.1591651995188,57.4999998509884));
#3284=CARTESIAN_POINT('',(-16.4998114986021,52.9091651995189,57.4999998509884));
#3285=CARTESIAN_POINT('Origin',(-16.4621448986023,-34.205,57.4999998509884));
#3286=CARTESIAN_POINT('',(-49.4621448986023,-34.205,57.4999998509884));
#3287=CARTESIAN_POINT('',(-49.4621448986023,-34.205,57.4999998509884));
#3288=CARTESIAN_POINT('',(-49.4621448986023,-34.205,57.4999998509884));
#3289=CARTESIAN_POINT('Origin',(16.4618551013977,-34.205,57.4999998509884));
#3290=CARTESIAN_POINT('',(16.4618551013977,-34.205,57.4999998509884));
#3291=CARTESIAN_POINT('',(16.4618551013977,-34.205,57.4999998509884));
#3292=CARTESIAN_POINT('',(16.4618551013977,-34.205,57.4999998509884));
#3293=CARTESIAN_POINT('Origin',(49.4618551013977,-34.205,57.4999998509884));
#3294=CARTESIAN_POINT('',(16.4618551013977,-34.205,57.4999998509884));
#3295=CARTESIAN_POINT('Origin',(56.9259567165354,-25.2049999999999,57.4999998509884));
#3296=CARTESIAN_POINT('',(56.9259567165354,-25.2049999999999,57.4999998509884));
#3297=CARTESIAN_POINT('',(56.9259567165354,-25.2049999999999,57.4999998509884));
#3298=CARTESIAN_POINT('',(49.4618551013977,-25.2049999999999,57.4999998509884));
#3299=CARTESIAN_POINT('Origin',(56.9259567165354,-22.2049999999999,57.4999998509884));
#3300=CARTESIAN_POINT('',(59.5240329278887,-20.7049999999999,57.4999998509884));
#3301=CARTESIAN_POINT('Origin',(56.9259567165354,-22.2049999999999,57.4999998509884));
#3302=CARTESIAN_POINT('',(59.5240329278887,-20.7049999999999,57.4999998509884));
#3303=CARTESIAN_POINT('Origin',(23.4998551013977,41.6907062963788,57.4999998509884));
#3304=CARTESIAN_POINT('',(23.4998551013977,41.6907062963788,57.4999998509884));
#3305=CARTESIAN_POINT('',(60.1580075241042,-21.8030762113531,57.4999998509884));
#3306=CARTESIAN_POINT('',(23.4998551013977,41.6907062963788,57.4999998509884));
#3307=CARTESIAN_POINT('Origin',(23.4998551013977,41.6591651995186,57.4999998509884));
#3308=CARTESIAN_POINT('',(23.4998551013977,41.6591651995186,57.4999998509884));
#3309=CARTESIAN_POINT('',(23.4998551013977,41.6591651995186,57.4999998509884));
#3310=CARTESIAN_POINT('',(23.4998551013977,41.6591651995186,57.4999998509884));
#3311=CARTESIAN_POINT('Origin',(21.2498551013977,41.6591651995186,57.4999998509884));
#3312=CARTESIAN_POINT('Origin',(21.2498551013977,41.6591651995186,57.4999998509884));
#3313=CARTESIAN_POINT('Origin',(16.5001885013979,52.9091651995187,57.4999998509884));
#3314=CARTESIAN_POINT('',(16.5001885013979,52.9091651995187,57.4999998509884));
#3315=CARTESIAN_POINT('',(16.5001885013979,52.9091651995187,57.4999998509884));
#3316=CARTESIAN_POINT('',(16.5001885013979,45.4091651995187,57.4999998509884));
#3317=CARTESIAN_POINT('Origin',(-16.4998114986021,52.9091651995189,57.4999998509884));
#3318=CARTESIAN_POINT('',(-16.4998114986021,52.9091651995189,57.4999998509884));
#3319=CARTESIAN_POINT('Origin',(-21.2501448986023,43.9091651995186,57.4999998509884));
#3320=CARTESIAN_POINT('',(-21.2501448986023,43.9091651995186,57.4999998509884));
#3321=CARTESIAN_POINT('',(-21.2501448986023,43.9091651995186,57.4999998509884));
#3322=CARTESIAN_POINT('',(-21.2501448986023,43.9091651995186,57.4999998509884));
#3323=CARTESIAN_POINT('Origin',(-21.2501448986023,41.6591651995186,57.4999998509884));
#3324=CARTESIAN_POINT('',(-23.5001448986023,41.6591651995186,57.4999998509884));
#3325=CARTESIAN_POINT('Origin',(-21.2501448986023,41.6591651995186,57.4999998509884));
#3326=CARTESIAN_POINT('',(-23.5001448986023,41.6591651995186,57.4999998509884));
#3327=CARTESIAN_POINT('Origin',(-23.5001448986023,41.6907062963787,57.4999998509884));
#3328=CARTESIAN_POINT('',(-23.5001448986023,41.6907062963787,57.4999998509884));
#3329=CARTESIAN_POINT('',(-23.5001448986023,41.6907062963787,57.4999998509884));
#3330=CARTESIAN_POINT('',(-23.5001448986023,41.6907062963787,57.4999998509884));
#3331=CARTESIAN_POINT('Origin',(-59.5243227250934,-20.705,57.4999998509884));
#3332=CARTESIAN_POINT('',(-59.5243227250934,-20.705,57.4999998509884));
#3333=CARTESIAN_POINT('',(-58.0809022565508,-18.2049224117994,57.4999998509884));
#3334=CARTESIAN_POINT('',(-59.5243227250934,-20.705,57.4999998509884));
#3335=CARTESIAN_POINT('Origin',(-56.9262465137401,-22.205,57.4999998509884));
#3336=CARTESIAN_POINT('Origin',(-56.9262465137401,-22.205,57.4999998509884));
#3337=CARTESIAN_POINT('Origin',(-49.4621448986023,-34.205,57.4999998509884));
#3338=CARTESIAN_POINT('',(-49.4621448986023,-34.205,57.4999998509884));
#3339=CARTESIAN_POINT('Origin',(-32.9621448986023,-30.455,57.4999998509884));
#3340=CARTESIAN_POINT('Origin',(-2.5,-11.5000001341104,-30.2));
#3341=CARTESIAN_POINT('',(-2.50000000000001,-9.00000013411045,42.7));
#3342=CARTESIAN_POINT('',(-2.50000000000001,-9.00000013411045,-30.2));
#3343=CARTESIAN_POINT('',(-5.,-11.5000001341104,42.7));
#3344=CARTESIAN_POINT('Origin',(-2.5,-11.5000001341104,42.7));
#3345=CARTESIAN_POINT('',(-5.,-11.5000001341104,-30.2));
#3346=CARTESIAN_POINT('Origin',(-5.00000000000001,-9.00000013411045,-30.2));
#3347=CARTESIAN_POINT('',(-5.,-13.0000002086163,42.7));
#3348=CARTESIAN_POINT('Origin',(-3.33066907387547E-15,-17.0000002831221,
42.7));
#3349=CARTESIAN_POINT('',(2.49999999999999,-9.00000013411045,42.7));
#3350=CARTESIAN_POINT('',(2.49999999999999,-9.00000013411045,42.7));
#3351=CARTESIAN_POINT('',(4.99999999999999,-11.5000001341104,42.7));
#3352=CARTESIAN_POINT('Origin',(2.49999999999999,-11.5000001341104,42.7));
#3353=CARTESIAN_POINT('',(5.,-21.0000003576279,42.7));
#3354=CARTESIAN_POINT('Origin',(5.,-25.0000004321337,-30.2));
#3355=CARTESIAN_POINT('',(5.,-11.5000001341104,-30.2));
#3356=CARTESIAN_POINT('Origin',(2.49999999999999,-11.5000001341104,-30.2));
#3357=CARTESIAN_POINT('',(2.49999999999999,-9.00000013411045,-30.2));
#3358=CARTESIAN_POINT('Origin',(4.99999999999999,-9.00000013411045,-30.2));
#3359=UNCERTAINTY_MEASURE_WITH_UNIT(LENGTH_MEASURE(0.01),#3363,
'DISTANCE_ACCURACY_VALUE',
'Maximum model space distance between geometric entities at asserted c
onnectivities');
#3360=UNCERTAINTY_MEASURE_WITH_UNIT(LENGTH_MEASURE(0.01),#3363,
'DISTANCE_ACCURACY_VALUE',
'Maximum model space distance between geometric entities at asserted c
onnectivities');
#3361=(
GEOMETRIC_REPRESENTATION_CONTEXT(3)
GLOBAL_UNCERTAINTY_ASSIGNED_CONTEXT((#3359))
GLOBAL_UNIT_ASSIGNED_CONTEXT((#3363,#3365,#3366))
REPRESENTATION_CONTEXT('','3D')
);
#3362=(
GEOMETRIC_REPRESENTATION_CONTEXT(3)
GLOBAL_UNCERTAINTY_ASSIGNED_CONTEXT((#3360))
GLOBAL_UNIT_ASSIGNED_CONTEXT((#3363,#3365,#3366))
REPRESENTATION_CONTEXT('','3D')
);
#3363=(
LENGTH_UNIT()
NAMED_UNIT(*)
SI_UNIT(.MILLI.,.METRE.)
);
#3364=(
LENGTH_UNIT()
NAMED_UNIT(*)
SI_UNIT($,.METRE.)
);
#3365=(
NAMED_UNIT(*)
PLANE_ANGLE_UNIT()
SI_UNIT($,.RADIAN.)
);
#3366=(
NAMED_UNIT(*)
SI_UNIT($,.STERADIAN.)
SOLID_ANGLE_UNIT()
);
#3367=SHAPE_DEFINITION_REPRESENTATION(#3368,#3369);
#3368=PRODUCT_DEFINITION_SHAPE('',$,#3371);
#3369=SHAPE_REPRESENTATION('',(#1961),#3361);
#3370=PRODUCT_DEFINITION_CONTEXT('part definition',#3375,'design');
#3371=PRODUCT_DEFINITION('2026-06-20-16-42-36-949','FusionComponent',#3372,
#3370);
#3372=PRODUCT_DEFINITION_FORMATION('',$,#3377);
#3373=PRODUCT_RELATED_PRODUCT_CATEGORY('FusionComponent',
'FusionComponent',(#3377));
#3374=APPLICATION_PROTOCOL_DEFINITION('international standard',
'automotive_design',2009,#3375);
#3375=APPLICATION_CONTEXT(
'Core Data for Automotive Mechanical Design Process');
#3376=PRODUCT_CONTEXT('part definition',#3375,'mechanical');
#3377=PRODUCT('2026-06-20-16-42-36-949','FusionComponent',$,(#3376));
#3378=PRESENTATION_STYLE_ASSIGNMENT((#3379));
#3379=SURFACE_STYLE_USAGE(.BOTH.,#3380);
#3380=SURFACE_SIDE_STYLE('',(#3381));
#3381=SURFACE_STYLE_FILL_AREA(#3382);
#3382=FILL_AREA_STYLE('Steel - Satin',(#3383));
#3383=FILL_AREA_STYLE_COLOUR('Steel - Satin',#3384);
#3384=COLOUR_RGB('Steel - Satin',0.627450980392157,0.627450980392157,0.627450980392157);
ENDSEC;
END-ISO-10303-21;
