ISO-10303-21;
HEADER;
/* Generated by software containing ST-Developer
 * from STEP Tools, Inc. (www.steptools.com) 
 */

FILE_DESCRIPTION(
/* description */ (''),
/* implementation_level */ '2;1');

FILE_NAME(
/* name */ 'Claw Finger B.step',
/* time_stamp */ '2026-06-20T22:12:12-05:00',
/* author */ (''),
/* organization */ (''),
/* preprocessor_version */ 'ST-DEVELOPER v20.1',
/* originating_system */ 'Autodesk Translation Framework v15.8.0.0',
/* authorisation */ '');

FILE_SCHEMA (('AUTOMOTIVE_DESIGN { 1 0 10303 214 3 1 1 }'));
ENDSEC;

DATA;
#10=MECHANICAL_DESIGN_GEOMETRIC_PRESENTATION_REPRESENTATION('',(#13),#5700);
#11=SHAPE_REPRESENTATION_RELATIONSHIP('SRR','None',#5707,#12);
#12=ADVANCED_BREP_SHAPE_REPRESENTATION('',(#14),#5699);
#13=STYLED_ITEM('',(#5716),#14);
#14=MANIFOLD_SOLID_BREP('Body1',#3372);
#15=FACE_BOUND('',#337,.T.);
#16=FACE_BOUND('',#338,.T.);
#17=FACE_BOUND('',#454,.T.);
#18=FACE_BOUND('',#455,.T.);
#19=FACE_BOUND('',#458,.T.);
#20=FACE_BOUND('',#459,.T.);
#21=FACE_BOUND('',#460,.T.);
#22=FACE_BOUND('',#461,.T.);
#23=FACE_BOUND('',#462,.T.);
#24=FACE_BOUND('',#463,.T.);
#25=FACE_BOUND('',#464,.T.);
#26=FACE_BOUND('',#466,.T.);
#27=FACE_BOUND('',#467,.T.);
#28=FACE_BOUND('',#469,.T.);
#29=FACE_BOUND('',#470,.T.);
#30=FACE_BOUND('',#471,.T.);
#31=FACE_BOUND('',#472,.T.);
#32=FACE_BOUND('',#473,.T.);
#33=FACE_BOUND('',#474,.T.);
#34=FACE_BOUND('',#475,.T.);
#35=FACE_BOUND('',#478,.T.);
#36=FACE_BOUND('',#479,.T.);
#37=PLANE('',#3389);
#38=PLANE('',#3393);
#39=PLANE('',#3400);
#40=PLANE('',#3401);
#41=PLANE('',#3402);
#42=PLANE('',#3403);
#43=PLANE('',#3404);
#44=PLANE('',#3408);
#45=PLANE('',#3412);
#46=PLANE('',#3416);
#47=PLANE('',#3420);
#48=PLANE('',#3424);
#49=PLANE('',#3428);
#50=PLANE('',#3432);
#51=PLANE('',#3436);
#52=PLANE('',#3440);
#53=PLANE('',#3444);
#54=PLANE('',#3448);
#55=PLANE('',#3455);
#56=PLANE('',#3459);
#57=PLANE('',#3463);
#58=PLANE('',#3467);
#59=PLANE('',#3471);
#60=PLANE('',#3475);
#61=PLANE('',#3479);
#62=PLANE('',#3483);
#63=PLANE('',#3487);
#64=PLANE('',#3491);
#65=PLANE('',#3495);
#66=PLANE('',#3499);
#67=PLANE('',#3503);
#68=PLANE('',#3507);
#69=PLANE('',#3511);
#70=PLANE('',#3515);
#71=PLANE('',#3519);
#72=PLANE('',#3523);
#73=PLANE('',#3527);
#74=PLANE('',#3531);
#75=PLANE('',#3535);
#76=PLANE('',#3539);
#77=PLANE('',#3543);
#78=PLANE('',#3547);
#79=PLANE('',#3551);
#80=PLANE('',#3555);
#81=PLANE('',#3559);
#82=PLANE('',#3563);
#83=PLANE('',#3567);
#84=PLANE('',#3571);
#85=PLANE('',#3575);
#86=PLANE('',#3579);
#87=PLANE('',#3583);
#88=PLANE('',#3587);
#89=PLANE('',#3591);
#90=PLANE('',#3595);
#91=PLANE('',#3599);
#92=PLANE('',#3603);
#93=PLANE('',#3607);
#94=PLANE('',#3611);
#95=PLANE('',#3615);
#96=PLANE('',#3619);
#97=PLANE('',#3623);
#98=PLANE('',#3627);
#99=PLANE('',#3631);
#100=PLANE('',#3635);
#101=PLANE('',#3639);
#102=PLANE('',#3643);
#103=PLANE('',#3647);
#104=PLANE('',#3651);
#105=PLANE('',#3655);
#106=PLANE('',#3659);
#107=PLANE('',#3663);
#108=PLANE('',#3667);
#109=PLANE('',#3671);
#110=PLANE('',#3675);
#111=PLANE('',#3679);
#112=PLANE('',#3683);
#113=PLANE('',#3687);
#114=PLANE('',#3691);
#115=PLANE('',#3695);
#116=PLANE('',#3699);
#117=PLANE('',#3700);
#118=PLANE('',#3704);
#119=PLANE('',#3708);
#120=PLANE('',#3709);
#121=PLANE('',#3710);
#122=PLANE('',#3711);
#123=PLANE('',#3712);
#124=FACE_OUTER_BOUND('',#291,.T.);
#125=FACE_OUTER_BOUND('',#292,.T.);
#126=FACE_OUTER_BOUND('',#293,.T.);
#127=FACE_OUTER_BOUND('',#294,.T.);
#128=FACE_OUTER_BOUND('',#295,.T.);
#129=FACE_OUTER_BOUND('',#296,.T.);
#130=FACE_OUTER_BOUND('',#297,.T.);
#131=FACE_OUTER_BOUND('',#298,.T.);
#132=FACE_OUTER_BOUND('',#299,.T.);
#133=FACE_OUTER_BOUND('',#300,.T.);
#134=FACE_OUTER_BOUND('',#301,.T.);
#135=FACE_OUTER_BOUND('',#302,.T.);
#136=FACE_OUTER_BOUND('',#303,.T.);
#137=FACE_OUTER_BOUND('',#304,.T.);
#138=FACE_OUTER_BOUND('',#305,.T.);
#139=FACE_OUTER_BOUND('',#306,.T.);
#140=FACE_OUTER_BOUND('',#307,.T.);
#141=FACE_OUTER_BOUND('',#308,.T.);
#142=FACE_OUTER_BOUND('',#309,.T.);
#143=FACE_OUTER_BOUND('',#310,.T.);
#144=FACE_OUTER_BOUND('',#311,.T.);
#145=FACE_OUTER_BOUND('',#312,.T.);
#146=FACE_OUTER_BOUND('',#313,.T.);
#147=FACE_OUTER_BOUND('',#314,.T.);
#148=FACE_OUTER_BOUND('',#315,.T.);
#149=FACE_OUTER_BOUND('',#316,.T.);
#150=FACE_OUTER_BOUND('',#317,.T.);
#151=FACE_OUTER_BOUND('',#318,.T.);
#152=FACE_OUTER_BOUND('',#319,.T.);
#153=FACE_OUTER_BOUND('',#320,.T.);
#154=FACE_OUTER_BOUND('',#321,.T.);
#155=FACE_OUTER_BOUND('',#322,.T.);
#156=FACE_OUTER_BOUND('',#323,.T.);
#157=FACE_OUTER_BOUND('',#324,.T.);
#158=FACE_OUTER_BOUND('',#325,.T.);
#159=FACE_OUTER_BOUND('',#326,.T.);
#160=FACE_OUTER_BOUND('',#327,.T.);
#161=FACE_OUTER_BOUND('',#328,.T.);
#162=FACE_OUTER_BOUND('',#329,.T.);
#163=FACE_OUTER_BOUND('',#330,.T.);
#164=FACE_OUTER_BOUND('',#331,.T.);
#165=FACE_OUTER_BOUND('',#332,.T.);
#166=FACE_OUTER_BOUND('',#333,.T.);
#167=FACE_OUTER_BOUND('',#334,.T.);
#168=FACE_OUTER_BOUND('',#335,.T.);
#169=FACE_OUTER_BOUND('',#336,.T.);
#170=FACE_OUTER_BOUND('',#339,.T.);
#171=FACE_OUTER_BOUND('',#340,.T.);
#172=FACE_OUTER_BOUND('',#341,.T.);
#173=FACE_OUTER_BOUND('',#342,.T.);
#174=FACE_OUTER_BOUND('',#343,.T.);
#175=FACE_OUTER_BOUND('',#344,.T.);
#176=FACE_OUTER_BOUND('',#345,.T.);
#177=FACE_OUTER_BOUND('',#346,.T.);
#178=FACE_OUTER_BOUND('',#347,.T.);
#179=FACE_OUTER_BOUND('',#348,.T.);
#180=FACE_OUTER_BOUND('',#349,.T.);
#181=FACE_OUTER_BOUND('',#350,.T.);
#182=FACE_OUTER_BOUND('',#351,.T.);
#183=FACE_OUTER_BOUND('',#352,.T.);
#184=FACE_OUTER_BOUND('',#353,.T.);
#185=FACE_OUTER_BOUND('',#354,.T.);
#186=FACE_OUTER_BOUND('',#355,.T.);
#187=FACE_OUTER_BOUND('',#356,.T.);
#188=FACE_OUTER_BOUND('',#357,.T.);
#189=FACE_OUTER_BOUND('',#358,.T.);
#190=FACE_OUTER_BOUND('',#359,.T.);
#191=FACE_OUTER_BOUND('',#360,.T.);
#192=FACE_OUTER_BOUND('',#361,.T.);
#193=FACE_OUTER_BOUND('',#362,.T.);
#194=FACE_OUTER_BOUND('',#363,.T.);
#195=FACE_OUTER_BOUND('',#364,.T.);
#196=FACE_OUTER_BOUND('',#365,.T.);
#197=FACE_OUTER_BOUND('',#366,.T.);
#198=FACE_OUTER_BOUND('',#367,.T.);
#199=FACE_OUTER_BOUND('',#368,.T.);
#200=FACE_OUTER_BOUND('',#369,.T.);
#201=FACE_OUTER_BOUND('',#370,.T.);
#202=FACE_OUTER_BOUND('',#371,.T.);
#203=FACE_OUTER_BOUND('',#372,.T.);
#204=FACE_OUTER_BOUND('',#373,.T.);
#205=FACE_OUTER_BOUND('',#374,.T.);
#206=FACE_OUTER_BOUND('',#375,.T.);
#207=FACE_OUTER_BOUND('',#376,.T.);
#208=FACE_OUTER_BOUND('',#377,.T.);
#209=FACE_OUTER_BOUND('',#378,.T.);
#210=FACE_OUTER_BOUND('',#379,.T.);
#211=FACE_OUTER_BOUND('',#380,.T.);
#212=FACE_OUTER_BOUND('',#381,.T.);
#213=FACE_OUTER_BOUND('',#382,.T.);
#214=FACE_OUTER_BOUND('',#383,.T.);
#215=FACE_OUTER_BOUND('',#384,.T.);
#216=FACE_OUTER_BOUND('',#385,.T.);
#217=FACE_OUTER_BOUND('',#386,.T.);
#218=FACE_OUTER_BOUND('',#387,.T.);
#219=FACE_OUTER_BOUND('',#388,.T.);
#220=FACE_OUTER_BOUND('',#389,.T.);
#221=FACE_OUTER_BOUND('',#390,.T.);
#222=FACE_OUTER_BOUND('',#391,.T.);
#223=FACE_OUTER_BOUND('',#392,.T.);
#224=FACE_OUTER_BOUND('',#393,.T.);
#225=FACE_OUTER_BOUND('',#394,.T.);
#226=FACE_OUTER_BOUND('',#395,.T.);
#227=FACE_OUTER_BOUND('',#396,.T.);
#228=FACE_OUTER_BOUND('',#397,.T.);
#229=FACE_OUTER_BOUND('',#398,.T.);
#230=FACE_OUTER_BOUND('',#399,.T.);
#231=FACE_OUTER_BOUND('',#400,.T.);
#232=FACE_OUTER_BOUND('',#401,.T.);
#233=FACE_OUTER_BOUND('',#402,.T.);
#234=FACE_OUTER_BOUND('',#403,.T.);
#235=FACE_OUTER_BOUND('',#404,.T.);
#236=FACE_OUTER_BOUND('',#405,.T.);
#237=FACE_OUTER_BOUND('',#406,.T.);
#238=FACE_OUTER_BOUND('',#407,.T.);
#239=FACE_OUTER_BOUND('',#408,.T.);
#240=FACE_OUTER_BOUND('',#409,.T.);
#241=FACE_OUTER_BOUND('',#410,.T.);
#242=FACE_OUTER_BOUND('',#411,.T.);
#243=FACE_OUTER_BOUND('',#412,.T.);
#244=FACE_OUTER_BOUND('',#413,.T.);
#245=FACE_OUTER_BOUND('',#414,.T.);
#246=FACE_OUTER_BOUND('',#415,.T.);
#247=FACE_OUTER_BOUND('',#416,.T.);
#248=FACE_OUTER_BOUND('',#417,.T.);
#249=FACE_OUTER_BOUND('',#418,.T.);
#250=FACE_OUTER_BOUND('',#419,.T.);
#251=FACE_OUTER_BOUND('',#420,.T.);
#252=FACE_OUTER_BOUND('',#421,.T.);
#253=FACE_OUTER_BOUND('',#422,.T.);
#254=FACE_OUTER_BOUND('',#423,.T.);
#255=FACE_OUTER_BOUND('',#424,.T.);
#256=FACE_OUTER_BOUND('',#425,.T.);
#257=FACE_OUTER_BOUND('',#426,.T.);
#258=FACE_OUTER_BOUND('',#427,.T.);
#259=FACE_OUTER_BOUND('',#428,.T.);
#260=FACE_OUTER_BOUND('',#429,.T.);
#261=FACE_OUTER_BOUND('',#430,.T.);
#262=FACE_OUTER_BOUND('',#431,.T.);
#263=FACE_OUTER_BOUND('',#432,.T.);
#264=FACE_OUTER_BOUND('',#433,.T.);
#265=FACE_OUTER_BOUND('',#434,.T.);
#266=FACE_OUTER_BOUND('',#435,.T.);
#267=FACE_OUTER_BOUND('',#436,.T.);
#268=FACE_OUTER_BOUND('',#437,.T.);
#269=FACE_OUTER_BOUND('',#438,.T.);
#270=FACE_OUTER_BOUND('',#439,.T.);
#271=FACE_OUTER_BOUND('',#440,.T.);
#272=FACE_OUTER_BOUND('',#441,.T.);
#273=FACE_OUTER_BOUND('',#442,.T.);
#274=FACE_OUTER_BOUND('',#443,.T.);
#275=FACE_OUTER_BOUND('',#444,.T.);
#276=FACE_OUTER_BOUND('',#445,.T.);
#277=FACE_OUTER_BOUND('',#446,.T.);
#278=FACE_OUTER_BOUND('',#447,.T.);
#279=FACE_OUTER_BOUND('',#448,.T.);
#280=FACE_OUTER_BOUND('',#449,.T.);
#281=FACE_OUTER_BOUND('',#450,.T.);
#282=FACE_OUTER_BOUND('',#451,.T.);
#283=FACE_OUTER_BOUND('',#452,.T.);
#284=FACE_OUTER_BOUND('',#453,.T.);
#285=FACE_OUTER_BOUND('',#456,.T.);
#286=FACE_OUTER_BOUND('',#457,.T.);
#287=FACE_OUTER_BOUND('',#465,.T.);
#288=FACE_OUTER_BOUND('',#468,.T.);
#289=FACE_OUTER_BOUND('',#476,.T.);
#290=FACE_OUTER_BOUND('',#477,.T.);
#291=EDGE_LOOP('',(#2135,#2136,#2137,#2138));
#292=EDGE_LOOP('',(#2139,#2140,#2141,#2142));
#293=EDGE_LOOP('',(#2143,#2144,#2145,#2146));
#294=EDGE_LOOP('',(#2147,#2148,#2149,#2150));
#295=EDGE_LOOP('',(#2151,#2152,#2153,#2154));
#296=EDGE_LOOP('',(#2155,#2156,#2157,#2158));
#297=EDGE_LOOP('',(#2159,#2160,#2161,#2162));
#298=EDGE_LOOP('',(#2163,#2164,#2165,#2166));
#299=EDGE_LOOP('',(#2167,#2168,#2169,#2170));
#300=EDGE_LOOP('',(#2171,#2172,#2173,#2174));
#301=EDGE_LOOP('',(#2175,#2176,#2177,#2178));
#302=EDGE_LOOP('',(#2179,#2180,#2181,#2182));
#303=EDGE_LOOP('',(#2183,#2184,#2185,#2186));
#304=EDGE_LOOP('',(#2187,#2188,#2189,#2190));
#305=EDGE_LOOP('',(#2191,#2192,#2193,#2194));
#306=EDGE_LOOP('',(#2195,#2196,#2197,#2198));
#307=EDGE_LOOP('',(#2199,#2200,#2201,#2202));
#308=EDGE_LOOP('',(#2203,#2204,#2205,#2206));
#309=EDGE_LOOP('',(#2207,#2208,#2209,#2210));
#310=EDGE_LOOP('',(#2211,#2212,#2213,#2214));
#311=EDGE_LOOP('',(#2215,#2216,#2217,#2218));
#312=EDGE_LOOP('',(#2219,#2220,#2221,#2222));
#313=EDGE_LOOP('',(#2223,#2224,#2225,#2226));
#314=EDGE_LOOP('',(#2227,#2228,#2229,#2230));
#315=EDGE_LOOP('',(#2231,#2232,#2233,#2234));
#316=EDGE_LOOP('',(#2235,#2236,#2237,#2238));
#317=EDGE_LOOP('',(#2239,#2240,#2241,#2242));
#318=EDGE_LOOP('',(#2243,#2244,#2245,#2246));
#319=EDGE_LOOP('',(#2247,#2248,#2249,#2250));
#320=EDGE_LOOP('',(#2251,#2252,#2253,#2254));
#321=EDGE_LOOP('',(#2255,#2256,#2257,#2258));
#322=EDGE_LOOP('',(#2259,#2260,#2261,#2262));
#323=EDGE_LOOP('',(#2263,#2264,#2265,#2266));
#324=EDGE_LOOP('',(#2267,#2268,#2269,#2270));
#325=EDGE_LOOP('',(#2271,#2272,#2273,#2274));
#326=EDGE_LOOP('',(#2275,#2276,#2277,#2278));
#327=EDGE_LOOP('',(#2279,#2280,#2281,#2282));
#328=EDGE_LOOP('',(#2283,#2284,#2285,#2286));
#329=EDGE_LOOP('',(#2287,#2288,#2289,#2290));
#330=EDGE_LOOP('',(#2291,#2292,#2293,#2294));
#331=EDGE_LOOP('',(#2295,#2296,#2297,#2298));
#332=EDGE_LOOP('',(#2299,#2300,#2301,#2302));
#333=EDGE_LOOP('',(#2303,#2304,#2305,#2306));
#334=EDGE_LOOP('',(#2307,#2308,#2309,#2310));
#335=EDGE_LOOP('',(#2311,#2312,#2313,#2314));
#336=EDGE_LOOP('',(#2315,#2316,#2317,#2318));
#337=EDGE_LOOP('',(#2319,#2320));
#338=EDGE_LOOP('',(#2321,#2322));
#339=EDGE_LOOP('',(#2323,#2324,#2325,#2326));
#340=EDGE_LOOP('',(#2327,#2328,#2329,#2330));
#341=EDGE_LOOP('',(#2331,#2332,#2333,#2334));
#342=EDGE_LOOP('',(#2335,#2336,#2337,#2338));
#343=EDGE_LOOP('',(#2339,#2340,#2341,#2342));
#344=EDGE_LOOP('',(#2343,#2344,#2345,#2346));
#345=EDGE_LOOP('',(#2347,#2348,#2349,#2350));
#346=EDGE_LOOP('',(#2351,#2352,#2353,#2354));
#347=EDGE_LOOP('',(#2355,#2356,#2357,#2358));
#348=EDGE_LOOP('',(#2359,#2360,#2361,#2362));
#349=EDGE_LOOP('',(#2363,#2364,#2365,#2366));
#350=EDGE_LOOP('',(#2367,#2368,#2369,#2370));
#351=EDGE_LOOP('',(#2371,#2372,#2373,#2374));
#352=EDGE_LOOP('',(#2375,#2376,#2377,#2378));
#353=EDGE_LOOP('',(#2379,#2380,#2381,#2382));
#354=EDGE_LOOP('',(#2383,#2384,#2385,#2386));
#355=EDGE_LOOP('',(#2387,#2388,#2389,#2390));
#356=EDGE_LOOP('',(#2391,#2392,#2393,#2394));
#357=EDGE_LOOP('',(#2395,#2396,#2397,#2398));
#358=EDGE_LOOP('',(#2399,#2400,#2401,#2402));
#359=EDGE_LOOP('',(#2403,#2404,#2405,#2406));
#360=EDGE_LOOP('',(#2407,#2408,#2409,#2410));
#361=EDGE_LOOP('',(#2411,#2412,#2413,#2414));
#362=EDGE_LOOP('',(#2415,#2416,#2417,#2418));
#363=EDGE_LOOP('',(#2419,#2420,#2421,#2422));
#364=EDGE_LOOP('',(#2423,#2424,#2425,#2426));
#365=EDGE_LOOP('',(#2427,#2428,#2429,#2430));
#366=EDGE_LOOP('',(#2431,#2432,#2433,#2434));
#367=EDGE_LOOP('',(#2435,#2436,#2437,#2438));
#368=EDGE_LOOP('',(#2439,#2440,#2441,#2442));
#369=EDGE_LOOP('',(#2443,#2444,#2445,#2446));
#370=EDGE_LOOP('',(#2447,#2448,#2449,#2450));
#371=EDGE_LOOP('',(#2451,#2452,#2453,#2454));
#372=EDGE_LOOP('',(#2455,#2456,#2457,#2458));
#373=EDGE_LOOP('',(#2459,#2460,#2461,#2462));
#374=EDGE_LOOP('',(#2463,#2464,#2465,#2466));
#375=EDGE_LOOP('',(#2467,#2468,#2469,#2470));
#376=EDGE_LOOP('',(#2471,#2472,#2473,#2474));
#377=EDGE_LOOP('',(#2475,#2476,#2477,#2478));
#378=EDGE_LOOP('',(#2479,#2480,#2481,#2482));
#379=EDGE_LOOP('',(#2483,#2484,#2485,#2486));
#380=EDGE_LOOP('',(#2487,#2488,#2489,#2490));
#381=EDGE_LOOP('',(#2491,#2492,#2493,#2494));
#382=EDGE_LOOP('',(#2495,#2496,#2497,#2498));
#383=EDGE_LOOP('',(#2499,#2500,#2501,#2502));
#384=EDGE_LOOP('',(#2503,#2504,#2505,#2506));
#385=EDGE_LOOP('',(#2507,#2508,#2509,#2510));
#386=EDGE_LOOP('',(#2511,#2512,#2513,#2514));
#387=EDGE_LOOP('',(#2515,#2516,#2517,#2518));
#388=EDGE_LOOP('',(#2519,#2520,#2521,#2522));
#389=EDGE_LOOP('',(#2523,#2524,#2525,#2526));
#390=EDGE_LOOP('',(#2527,#2528,#2529,#2530));
#391=EDGE_LOOP('',(#2531,#2532,#2533,#2534));
#392=EDGE_LOOP('',(#2535,#2536,#2537,#2538));
#393=EDGE_LOOP('',(#2539,#2540,#2541,#2542));
#394=EDGE_LOOP('',(#2543,#2544,#2545,#2546));
#395=EDGE_LOOP('',(#2547,#2548,#2549,#2550));
#396=EDGE_LOOP('',(#2551,#2552,#2553,#2554));
#397=EDGE_LOOP('',(#2555,#2556,#2557,#2558));
#398=EDGE_LOOP('',(#2559,#2560,#2561,#2562));
#399=EDGE_LOOP('',(#2563,#2564,#2565,#2566));
#400=EDGE_LOOP('',(#2567,#2568,#2569,#2570));
#401=EDGE_LOOP('',(#2571,#2572,#2573,#2574));
#402=EDGE_LOOP('',(#2575,#2576,#2577,#2578));
#403=EDGE_LOOP('',(#2579,#2580,#2581,#2582));
#404=EDGE_LOOP('',(#2583,#2584,#2585,#2586));
#405=EDGE_LOOP('',(#2587,#2588,#2589,#2590));
#406=EDGE_LOOP('',(#2591,#2592,#2593,#2594));
#407=EDGE_LOOP('',(#2595,#2596,#2597,#2598));
#408=EDGE_LOOP('',(#2599,#2600,#2601,#2602));
#409=EDGE_LOOP('',(#2603,#2604,#2605,#2606));
#410=EDGE_LOOP('',(#2607,#2608,#2609,#2610));
#411=EDGE_LOOP('',(#2611,#2612,#2613,#2614));
#412=EDGE_LOOP('',(#2615,#2616,#2617,#2618));
#413=EDGE_LOOP('',(#2619,#2620,#2621,#2622));
#414=EDGE_LOOP('',(#2623,#2624,#2625,#2626));
#415=EDGE_LOOP('',(#2627,#2628,#2629,#2630));
#416=EDGE_LOOP('',(#2631,#2632,#2633,#2634));
#417=EDGE_LOOP('',(#2635,#2636,#2637,#2638));
#418=EDGE_LOOP('',(#2639,#2640,#2641,#2642));
#419=EDGE_LOOP('',(#2643,#2644,#2645,#2646));
#420=EDGE_LOOP('',(#2647,#2648,#2649,#2650));
#421=EDGE_LOOP('',(#2651,#2652,#2653,#2654));
#422=EDGE_LOOP('',(#2655,#2656,#2657,#2658));
#423=EDGE_LOOP('',(#2659,#2660,#2661,#2662));
#424=EDGE_LOOP('',(#2663,#2664,#2665,#2666));
#425=EDGE_LOOP('',(#2667,#2668,#2669,#2670));
#426=EDGE_LOOP('',(#2671,#2672,#2673,#2674));
#427=EDGE_LOOP('',(#2675,#2676,#2677,#2678));
#428=EDGE_LOOP('',(#2679,#2680,#2681,#2682));
#429=EDGE_LOOP('',(#2683,#2684,#2685,#2686));
#430=EDGE_LOOP('',(#2687,#2688,#2689,#2690));
#431=EDGE_LOOP('',(#2691,#2692,#2693,#2694));
#432=EDGE_LOOP('',(#2695,#2696,#2697,#2698));
#433=EDGE_LOOP('',(#2699,#2700,#2701,#2702));
#434=EDGE_LOOP('',(#2703,#2704,#2705,#2706));
#435=EDGE_LOOP('',(#2707,#2708,#2709,#2710));
#436=EDGE_LOOP('',(#2711,#2712,#2713,#2714));
#437=EDGE_LOOP('',(#2715,#2716,#2717,#2718));
#438=EDGE_LOOP('',(#2719,#2720,#2721,#2722));
#439=EDGE_LOOP('',(#2723,#2724,#2725,#2726));
#440=EDGE_LOOP('',(#2727,#2728,#2729,#2730));
#441=EDGE_LOOP('',(#2731,#2732,#2733,#2734));
#442=EDGE_LOOP('',(#2735,#2736,#2737,#2738));
#443=EDGE_LOOP('',(#2739,#2740,#2741,#2742));
#444=EDGE_LOOP('',(#2743,#2744,#2745,#2746));
#445=EDGE_LOOP('',(#2747,#2748,#2749,#2750));
#446=EDGE_LOOP('',(#2751,#2752,#2753,#2754));
#447=EDGE_LOOP('',(#2755,#2756,#2757,#2758));
#448=EDGE_LOOP('',(#2759,#2760,#2761,#2762));
#449=EDGE_LOOP('',(#2763,#2764,#2765,#2766));
#450=EDGE_LOOP('',(#2767,#2768,#2769,#2770));
#451=EDGE_LOOP('',(#2771,#2772,#2773,#2774));
#452=EDGE_LOOP('',(#2775,#2776,#2777,#2778));
#453=EDGE_LOOP('',(#2779,#2780,#2781,#2782));
#454=EDGE_LOOP('',(#2783));
#455=EDGE_LOOP('',(#2784));
#456=EDGE_LOOP('',(#2785,#2786,#2787,#2788));
#457=EDGE_LOOP('',(#2789,#2790,#2791,#2792,#2793,#2794,#2795));
#458=EDGE_LOOP('',(#2796,#2797,#2798,#2799,#2800,#2801,#2802,#2803,#2804,
#2805,#2806,#2807,#2808,#2809,#2810,#2811,#2812,#2813,#2814,#2815,#2816,
#2817,#2818,#2819));
#459=EDGE_LOOP('',(#2820,#2821,#2822,#2823,#2824,#2825,#2826,#2827,#2828,
#2829,#2830,#2831,#2832,#2833,#2834,#2835));
#460=EDGE_LOOP('',(#2836,#2837,#2838,#2839,#2840,#2841,#2842,#2843,#2844,
#2845,#2846,#2847,#2848,#2849,#2850,#2851,#2852,#2853,#2854,#2855,#2856,
#2857,#2858,#2859));
#461=EDGE_LOOP('',(#2860,#2861,#2862,#2863,#2864,#2865,#2866,#2867,#2868,
#2869,#2870,#2871,#2872,#2873,#2874,#2875,#2876,#2877,#2878,#2879,#2880,
#2881,#2882,#2883));
#462=EDGE_LOOP('',(#2884,#2885,#2886,#2887,#2888,#2889,#2890,#2891,#2892,
#2893,#2894,#2895,#2896,#2897,#2898,#2899,#2900,#2901,#2902,#2903,#2904,
#2905,#2906,#2907));
#463=EDGE_LOOP('',(#2908,#2909,#2910,#2911,#2912,#2913,#2914,#2915,#2916,
#2917,#2918,#2919,#2920,#2921,#2922,#2923));
#464=EDGE_LOOP('',(#2924,#2925,#2926,#2927,#2928,#2929,#2930,#2931,#2932,
#2933,#2934,#2935,#2936,#2937,#2938,#2939,#2940,#2941,#2942,#2943,#2944,
#2945,#2946,#2947));
#465=EDGE_LOOP('',(#2948,#2949,#2950,#2951));
#466=EDGE_LOOP('',(#2952));
#467=EDGE_LOOP('',(#2953));
#468=EDGE_LOOP('',(#2954,#2955,#2956,#2957,#2958,#2959,#2960));
#469=EDGE_LOOP('',(#2961,#2962,#2963,#2964,#2965,#2966,#2967,#2968,#2969,
#2970,#2971,#2972,#2973,#2974,#2975,#2976,#2977,#2978,#2979,#2980,#2981,
#2982,#2983,#2984));
#470=EDGE_LOOP('',(#2985,#2986,#2987,#2988,#2989,#2990,#2991,#2992,#2993,
#2994,#2995,#2996,#2997,#2998,#2999,#3000));
#471=EDGE_LOOP('',(#3001,#3002,#3003,#3004,#3005,#3006,#3007,#3008,#3009,
#3010,#3011,#3012,#3013,#3014,#3015,#3016,#3017,#3018,#3019,#3020,#3021,
#3022,#3023,#3024));
#472=EDGE_LOOP('',(#3025,#3026,#3027,#3028,#3029,#3030,#3031,#3032,#3033,
#3034,#3035,#3036,#3037,#3038,#3039,#3040,#3041,#3042,#3043,#3044,#3045,
#3046,#3047,#3048));
#473=EDGE_LOOP('',(#3049,#3050,#3051,#3052,#3053,#3054,#3055,#3056,#3057,
#3058,#3059,#3060,#3061,#3062,#3063,#3064,#3065,#3066,#3067,#3068,#3069,
#3070,#3071,#3072));
#474=EDGE_LOOP('',(#3073,#3074,#3075,#3076,#3077,#3078,#3079,#3080,#3081,
#3082,#3083,#3084,#3085,#3086,#3087,#3088));
#475=EDGE_LOOP('',(#3089,#3090,#3091,#3092,#3093,#3094,#3095,#3096,#3097,
#3098,#3099,#3100,#3101,#3102,#3103,#3104,#3105,#3106,#3107,#3108,#3109,
#3110,#3111,#3112));
#476=EDGE_LOOP('',(#3113,#3114,#3115,#3116));
#477=EDGE_LOOP('',(#3117,#3118,#3119,#3120));
#478=EDGE_LOOP('',(#3121,#3122));
#479=EDGE_LOOP('',(#3123,#3124));
#480=CIRCLE('',#3388,2.5);
#481=CIRCLE('',#3392,2.5);
#482=CIRCLE('',#3395,2.5);
#483=CIRCLE('',#3396,2.5);
#484=CIRCLE('',#3398,2.5);
#485=CIRCLE('',#3399,2.5);
#486=CIRCLE('',#3406,0.0999999999999979);
#487=CIRCLE('',#3407,0.0999999999999979);
#488=CIRCLE('',#3410,0.0999999999999712);
#489=CIRCLE('',#3411,0.0999999999999712);
#490=CIRCLE('',#3414,0.499999999999998);
#491=CIRCLE('',#3415,0.499999999999998);
#492=CIRCLE('',#3418,0.500000000000007);
#493=CIRCLE('',#3419,0.500000000000007);
#494=CIRCLE('',#3422,0.500000000000016);
#495=CIRCLE('',#3423,0.500000000000016);
#496=CIRCLE('',#3426,0.500000000000007);
#497=CIRCLE('',#3427,0.500000000000007);
#498=CIRCLE('',#3430,0.0999999999999623);
#499=CIRCLE('',#3431,0.0999999999999623);
#500=CIRCLE('',#3434,0.0999999999999623);
#501=CIRCLE('',#3435,0.0999999999999623);
#502=CIRCLE('',#3438,0.499999999999998);
#503=CIRCLE('',#3439,0.499999999999998);
#504=CIRCLE('',#3442,0.500000000000044);
#505=CIRCLE('',#3443,0.500000000000044);
#506=CIRCLE('',#3446,0.49999999999999);
#507=CIRCLE('',#3447,0.49999999999999);
#508=CIRCLE('',#3450,0.500000000000025);
#509=CIRCLE('',#3451,0.500000000000025);
#510=CIRCLE('',#3453,0.499999999999989);
#511=CIRCLE('',#3454,0.499999999999989);
#512=CIRCLE('',#3457,0.0999999999999623);
#513=CIRCLE('',#3458,0.0999999999999623);
#514=CIRCLE('',#3461,0.0999999999999712);
#515=CIRCLE('',#3462,0.0999999999999712);
#516=CIRCLE('',#3465,0.499999999999989);
#517=CIRCLE('',#3466,0.499999999999989);
#518=CIRCLE('',#3469,0.499999999999989);
#519=CIRCLE('',#3470,0.499999999999989);
#520=CIRCLE('',#3473,0.0999999999999979);
#521=CIRCLE('',#3474,0.0999999999999979);
#522=CIRCLE('',#3477,0.0999999999999689);
#523=CIRCLE('',#3478,0.0999999999999689);
#524=CIRCLE('',#3481,0.499999999999989);
#525=CIRCLE('',#3482,0.499999999999989);
#526=CIRCLE('',#3485,0.500000000000007);
#527=CIRCLE('',#3486,0.500000000000007);
#528=CIRCLE('',#3489,0.0999999999999801);
#529=CIRCLE('',#3490,0.0999999999999801);
#530=CIRCLE('',#3493,0.0999999999999801);
#531=CIRCLE('',#3494,0.0999999999999801);
#532=CIRCLE('',#3497,0.500000000000007);
#533=CIRCLE('',#3498,0.500000000000007);
#534=CIRCLE('',#3501,0.500000000000007);
#535=CIRCLE('',#3502,0.500000000000007);
#536=CIRCLE('',#3505,0.499999999999989);
#537=CIRCLE('',#3506,0.499999999999989);
#538=CIRCLE('',#3509,0.500000000000007);
#539=CIRCLE('',#3510,0.500000000000007);
#540=CIRCLE('',#3513,0.0999999999999801);
#541=CIRCLE('',#3514,0.0999999999999801);
#542=CIRCLE('',#3517,0.0999999999999979);
#543=CIRCLE('',#3518,0.0999999999999979);
#544=CIRCLE('',#3521,0.500000000000016);
#545=CIRCLE('',#3522,0.500000000000016);
#546=CIRCLE('',#3525,0.499999999999979);
#547=CIRCLE('',#3526,0.499999999999979);
#548=CIRCLE('',#3529,0.499999999999972);
#549=CIRCLE('',#3530,0.499999999999972);
#550=CIRCLE('',#3533,0.500000000000025);
#551=CIRCLE('',#3534,0.500000000000025);
#552=CIRCLE('',#3537,0.0999999999999979);
#553=CIRCLE('',#3538,0.0999999999999979);
#554=CIRCLE('',#3541,0.0999999999999801);
#555=CIRCLE('',#3542,0.0999999999999801);
#556=CIRCLE('',#3545,0.500000000000007);
#557=CIRCLE('',#3546,0.500000000000007);
#558=CIRCLE('',#3549,0.500000000000007);
#559=CIRCLE('',#3550,0.500000000000007);
#560=CIRCLE('',#3553,0.500000000000007);
#561=CIRCLE('',#3554,0.500000000000007);
#562=CIRCLE('',#3557,0.500000000000007);
#563=CIRCLE('',#3558,0.500000000000007);
#564=CIRCLE('',#3561,0.0999999999999801);
#565=CIRCLE('',#3562,0.0999999999999801);
#566=CIRCLE('',#3565,0.0999999999999801);
#567=CIRCLE('',#3566,0.0999999999999801);
#568=CIRCLE('',#3569,0.500000000000012);
#569=CIRCLE('',#3570,0.500000000000012);
#570=CIRCLE('',#3573,0.499999999999978);
#571=CIRCLE('',#3574,0.499999999999978);
#572=CIRCLE('',#3577,0.499999999999985);
#573=CIRCLE('',#3578,0.499999999999985);
#574=CIRCLE('',#3581,0.499999999999972);
#575=CIRCLE('',#3582,0.499999999999972);
#576=CIRCLE('',#3585,0.0999999999999979);
#577=CIRCLE('',#3586,0.0999999999999979);
#578=CIRCLE('',#3589,0.0999999999999979);
#579=CIRCLE('',#3590,0.0999999999999979);
#580=CIRCLE('',#3593,0.499999999999972);
#581=CIRCLE('',#3594,0.499999999999972);
#582=CIRCLE('',#3597,0.499999999999989);
#583=CIRCLE('',#3598,0.499999999999989);
#584=CIRCLE('',#3601,0.500000000000007);
#585=CIRCLE('',#3602,0.500000000000007);
#586=CIRCLE('',#3605,0.500000000000007);
#587=CIRCLE('',#3606,0.500000000000007);
#588=CIRCLE('',#3609,0.0999999999999801);
#589=CIRCLE('',#3610,0.0999999999999801);
#590=CIRCLE('',#3613,0.0999999999999801);
#591=CIRCLE('',#3614,0.0999999999999801);
#592=CIRCLE('',#3617,0.500000000000007);
#593=CIRCLE('',#3618,0.500000000000007);
#594=CIRCLE('',#3621,0.499999999999948);
#595=CIRCLE('',#3622,0.499999999999948);
#596=CIRCLE('',#3625,0.500000000000016);
#597=CIRCLE('',#3626,0.500000000000016);
#598=CIRCLE('',#3629,0.500000000000025);
#599=CIRCLE('',#3630,0.500000000000025);
#600=CIRCLE('',#3633,0.499999999999994);
#601=CIRCLE('',#3634,0.499999999999994);
#602=CIRCLE('',#3637,0.500000000000007);
#603=CIRCLE('',#3638,0.500000000000007);
#604=CIRCLE('',#3641,0.499999999999861);
#605=CIRCLE('',#3642,0.499999999999861);
#606=CIRCLE('',#3645,0.0999999999999801);
#607=CIRCLE('',#3646,0.0999999999999801);
#608=CIRCLE('',#3649,0.0999999999999979);
#609=CIRCLE('',#3650,0.0999999999999979);
#610=CIRCLE('',#3653,0.499999999999989);
#611=CIRCLE('',#3654,0.499999999999989);
#612=CIRCLE('',#3657,0.0999999999999979);
#613=CIRCLE('',#3658,0.0999999999999979);
#614=CIRCLE('',#3661,0.0999999999999979);
#615=CIRCLE('',#3662,0.0999999999999979);
#616=CIRCLE('',#3665,0.499999999999981);
#617=CIRCLE('',#3666,0.499999999999981);
#618=CIRCLE('',#3669,0.499999999999974);
#619=CIRCLE('',#3670,0.499999999999974);
#620=CIRCLE('',#3673,0.500000000000025);
#621=CIRCLE('',#3674,0.500000000000025);
#622=CIRCLE('',#3677,0.500000000000007);
#623=CIRCLE('',#3678,0.500000000000007);
#624=CIRCLE('',#3681,0.0999999999999623);
#625=CIRCLE('',#3682,0.0999999999999623);
#626=CIRCLE('',#3685,0.0999999999999623);
#627=CIRCLE('',#3686,0.0999999999999623);
#628=CIRCLE('',#3689,0.500000000000007);
#629=CIRCLE('',#3690,0.500000000000007);
#630=CIRCLE('',#3693,0.400000000000009);
#631=CIRCLE('',#3694,0.400000000000009);
#632=CIRCLE('',#3697,0.500000000000016);
#633=CIRCLE('',#3698,0.500000000000016);
#634=CIRCLE('',#3702,0.1);
#635=CIRCLE('',#3703,0.1);
#636=CIRCLE('',#3706,0.1);
#637=CIRCLE('',#3707,0.1);
#638=LINE('',#4710,#973);
#639=LINE('',#4713,#974);
#640=LINE('',#4715,#975);
#641=LINE('',#4716,#976);
#642=LINE('',#4722,#977);
#643=LINE('',#4725,#978);
#644=LINE('',#4727,#979);
#645=LINE('',#4728,#980);
#646=LINE('',#4733,#981);
#647=LINE('',#4739,#982);
#648=LINE('',#4744,#983);
#649=LINE('',#4746,#984);
#650=LINE('',#4748,#985);
#651=LINE('',#4749,#986);
#652=LINE('',#4753,#987);
#653=LINE('',#4755,#988);
#654=LINE('',#4757,#989);
#655=LINE('',#4758,#990);
#656=LINE('',#4761,#991);
#657=LINE('',#4763,#992);
#658=LINE('',#4764,#993);
#659=LINE('',#4767,#994);
#660=LINE('',#4769,#995);
#661=LINE('',#4770,#996);
#662=LINE('',#4774,#997);
#663=LINE('',#4776,#998);
#664=LINE('',#4778,#999);
#665=LINE('',#4779,#1000);
#666=LINE('',#4784,#1001);
#667=LINE('',#4788,#1002);
#668=LINE('',#4790,#1003);
#669=LINE('',#4791,#1004);
#670=LINE('',#4796,#1005);
#671=LINE('',#4800,#1006);
#672=LINE('',#4802,#1007);
#673=LINE('',#4803,#1008);
#674=LINE('',#4808,#1009);
#675=LINE('',#4812,#1010);
#676=LINE('',#4814,#1011);
#677=LINE('',#4815,#1012);
#678=LINE('',#4820,#1013);
#679=LINE('',#4824,#1014);
#680=LINE('',#4826,#1015);
#681=LINE('',#4827,#1016);
#682=LINE('',#4832,#1017);
#683=LINE('',#4836,#1018);
#684=LINE('',#4838,#1019);
#685=LINE('',#4839,#1020);
#686=LINE('',#4844,#1021);
#687=LINE('',#4848,#1022);
#688=LINE('',#4850,#1023);
#689=LINE('',#4851,#1024);
#690=LINE('',#4856,#1025);
#691=LINE('',#4860,#1026);
#692=LINE('',#4862,#1027);
#693=LINE('',#4863,#1028);
#694=LINE('',#4868,#1029);
#695=LINE('',#4872,#1030);
#696=LINE('',#4874,#1031);
#697=LINE('',#4875,#1032);
#698=LINE('',#4880,#1033);
#699=LINE('',#4884,#1034);
#700=LINE('',#4886,#1035);
#701=LINE('',#4887,#1036);
#702=LINE('',#4892,#1037);
#703=LINE('',#4896,#1038);
#704=LINE('',#4898,#1039);
#705=LINE('',#4899,#1040);
#706=LINE('',#4904,#1041);
#707=LINE('',#4908,#1042);
#708=LINE('',#4910,#1043);
#709=LINE('',#4911,#1044);
#710=LINE('',#4920,#1045);
#711=LINE('',#4923,#1046);
#712=LINE('',#4926,#1047);
#713=LINE('',#4928,#1048);
#714=LINE('',#4929,#1049);
#715=LINE('',#4934,#1050);
#716=LINE('',#4938,#1051);
#717=LINE('',#4940,#1052);
#718=LINE('',#4941,#1053);
#719=LINE('',#4946,#1054);
#720=LINE('',#4950,#1055);
#721=LINE('',#4952,#1056);
#722=LINE('',#4953,#1057);
#723=LINE('',#4958,#1058);
#724=LINE('',#4962,#1059);
#725=LINE('',#4964,#1060);
#726=LINE('',#4965,#1061);
#727=LINE('',#4970,#1062);
#728=LINE('',#4974,#1063);
#729=LINE('',#4976,#1064);
#730=LINE('',#4977,#1065);
#731=LINE('',#4982,#1066);
#732=LINE('',#4986,#1067);
#733=LINE('',#4988,#1068);
#734=LINE('',#4989,#1069);
#735=LINE('',#4994,#1070);
#736=LINE('',#4998,#1071);
#737=LINE('',#5000,#1072);
#738=LINE('',#5001,#1073);
#739=LINE('',#5006,#1074);
#740=LINE('',#5009,#1075);
#741=LINE('',#5010,#1076);
#742=LINE('',#5016,#1077);
#743=LINE('',#5019,#1078);
#744=LINE('',#5022,#1079);
#745=LINE('',#5024,#1080);
#746=LINE('',#5025,#1081);
#747=LINE('',#5030,#1082);
#748=LINE('',#5034,#1083);
#749=LINE('',#5036,#1084);
#750=LINE('',#5037,#1085);
#751=LINE('',#5042,#1086);
#752=LINE('',#5046,#1087);
#753=LINE('',#5048,#1088);
#754=LINE('',#5049,#1089);
#755=LINE('',#5054,#1090);
#756=LINE('',#5058,#1091);
#757=LINE('',#5060,#1092);
#758=LINE('',#5061,#1093);
#759=LINE('',#5066,#1094);
#760=LINE('',#5070,#1095);
#761=LINE('',#5072,#1096);
#762=LINE('',#5073,#1097);
#763=LINE('',#5078,#1098);
#764=LINE('',#5082,#1099);
#765=LINE('',#5084,#1100);
#766=LINE('',#5085,#1101);
#767=LINE('',#5090,#1102);
#768=LINE('',#5094,#1103);
#769=LINE('',#5096,#1104);
#770=LINE('',#5097,#1105);
#771=LINE('',#5102,#1106);
#772=LINE('',#5106,#1107);
#773=LINE('',#5108,#1108);
#774=LINE('',#5109,#1109);
#775=LINE('',#5114,#1110);
#776=LINE('',#5118,#1111);
#777=LINE('',#5120,#1112);
#778=LINE('',#5121,#1113);
#779=LINE('',#5126,#1114);
#780=LINE('',#5130,#1115);
#781=LINE('',#5132,#1116);
#782=LINE('',#5133,#1117);
#783=LINE('',#5138,#1118);
#784=LINE('',#5142,#1119);
#785=LINE('',#5144,#1120);
#786=LINE('',#5145,#1121);
#787=LINE('',#5150,#1122);
#788=LINE('',#5153,#1123);
#789=LINE('',#5154,#1124);
#790=LINE('',#5160,#1125);
#791=LINE('',#5163,#1126);
#792=LINE('',#5166,#1127);
#793=LINE('',#5168,#1128);
#794=LINE('',#5169,#1129);
#795=LINE('',#5174,#1130);
#796=LINE('',#5178,#1131);
#797=LINE('',#5180,#1132);
#798=LINE('',#5181,#1133);
#799=LINE('',#5186,#1134);
#800=LINE('',#5190,#1135);
#801=LINE('',#5192,#1136);
#802=LINE('',#5193,#1137);
#803=LINE('',#5198,#1138);
#804=LINE('',#5202,#1139);
#805=LINE('',#5204,#1140);
#806=LINE('',#5205,#1141);
#807=LINE('',#5210,#1142);
#808=LINE('',#5214,#1143);
#809=LINE('',#5216,#1144);
#810=LINE('',#5217,#1145);
#811=LINE('',#5222,#1146);
#812=LINE('',#5226,#1147);
#813=LINE('',#5228,#1148);
#814=LINE('',#5229,#1149);
#815=LINE('',#5234,#1150);
#816=LINE('',#5238,#1151);
#817=LINE('',#5240,#1152);
#818=LINE('',#5241,#1153);
#819=LINE('',#5246,#1154);
#820=LINE('',#5250,#1155);
#821=LINE('',#5252,#1156);
#822=LINE('',#5253,#1157);
#823=LINE('',#5258,#1158);
#824=LINE('',#5262,#1159);
#825=LINE('',#5264,#1160);
#826=LINE('',#5265,#1161);
#827=LINE('',#5270,#1162);
#828=LINE('',#5274,#1163);
#829=LINE('',#5276,#1164);
#830=LINE('',#5277,#1165);
#831=LINE('',#5282,#1166);
#832=LINE('',#5286,#1167);
#833=LINE('',#5288,#1168);
#834=LINE('',#5289,#1169);
#835=LINE('',#5294,#1170);
#836=LINE('',#5297,#1171);
#837=LINE('',#5298,#1172);
#838=LINE('',#5304,#1173);
#839=LINE('',#5307,#1174);
#840=LINE('',#5310,#1175);
#841=LINE('',#5312,#1176);
#842=LINE('',#5313,#1177);
#843=LINE('',#5318,#1178);
#844=LINE('',#5322,#1179);
#845=LINE('',#5324,#1180);
#846=LINE('',#5325,#1181);
#847=LINE('',#5330,#1182);
#848=LINE('',#5334,#1183);
#849=LINE('',#5336,#1184);
#850=LINE('',#5337,#1185);
#851=LINE('',#5342,#1186);
#852=LINE('',#5346,#1187);
#853=LINE('',#5348,#1188);
#854=LINE('',#5349,#1189);
#855=LINE('',#5354,#1190);
#856=LINE('',#5358,#1191);
#857=LINE('',#5360,#1192);
#858=LINE('',#5361,#1193);
#859=LINE('',#5366,#1194);
#860=LINE('',#5370,#1195);
#861=LINE('',#5372,#1196);
#862=LINE('',#5373,#1197);
#863=LINE('',#5378,#1198);
#864=LINE('',#5382,#1199);
#865=LINE('',#5384,#1200);
#866=LINE('',#5385,#1201);
#867=LINE('',#5390,#1202);
#868=LINE('',#5394,#1203);
#869=LINE('',#5396,#1204);
#870=LINE('',#5397,#1205);
#871=LINE('',#5402,#1206);
#872=LINE('',#5406,#1207);
#873=LINE('',#5408,#1208);
#874=LINE('',#5409,#1209);
#875=LINE('',#5414,#1210);
#876=LINE('',#5418,#1211);
#877=LINE('',#5420,#1212);
#878=LINE('',#5421,#1213);
#879=LINE('',#5426,#1214);
#880=LINE('',#5430,#1215);
#881=LINE('',#5432,#1216);
#882=LINE('',#5433,#1217);
#883=LINE('',#5438,#1218);
#884=LINE('',#5441,#1219);
#885=LINE('',#5442,#1220);
#886=LINE('',#5448,#1221);
#887=LINE('',#5451,#1222);
#888=LINE('',#5454,#1223);
#889=LINE('',#5456,#1224);
#890=LINE('',#5457,#1225);
#891=LINE('',#5462,#1226);
#892=LINE('',#5467,#1227);
#893=LINE('',#5468,#1228);
#894=LINE('',#5469,#1229);
#895=LINE('',#5475,#1230);
#896=LINE('',#5478,#1231);
#897=LINE('',#5481,#1232);
#898=LINE('',#5483,#1233);
#899=LINE('',#5484,#1234);
#900=LINE('',#5489,#1235);
#901=LINE('',#5493,#1236);
#902=LINE('',#5495,#1237);
#903=LINE('',#5496,#1238);
#904=LINE('',#5501,#1239);
#905=LINE('',#5505,#1240);
#906=LINE('',#5507,#1241);
#907=LINE('',#5508,#1242);
#908=LINE('',#5513,#1243);
#909=LINE('',#5516,#1244);
#910=LINE('',#5517,#1245);
#911=LINE('',#5523,#1246);
#912=LINE('',#5526,#1247);
#913=LINE('',#5529,#1248);
#914=LINE('',#5531,#1249);
#915=LINE('',#5532,#1250);
#916=LINE('',#5537,#1251);
#917=LINE('',#5541,#1252);
#918=LINE('',#5543,#1253);
#919=LINE('',#5544,#1254);
#920=LINE('',#5549,#1255);
#921=LINE('',#5553,#1256);
#922=LINE('',#5555,#1257);
#923=LINE('',#5556,#1258);
#924=LINE('',#5561,#1259);
#925=LINE('',#5565,#1260);
#926=LINE('',#5567,#1261);
#927=LINE('',#5568,#1262);
#928=LINE('',#5573,#1263);
#929=LINE('',#5577,#1264);
#930=LINE('',#5579,#1265);
#931=LINE('',#5580,#1266);
#932=LINE('',#5585,#1267);
#933=LINE('',#5589,#1268);
#934=LINE('',#5591,#1269);
#935=LINE('',#5592,#1270);
#936=LINE('',#5597,#1271);
#937=LINE('',#5601,#1272);
#938=LINE('',#5603,#1273);
#939=LINE('',#5604,#1274);
#940=LINE('',#5609,#1275);
#941=LINE('',#5613,#1276);
#942=LINE('',#5615,#1277);
#943=LINE('',#5616,#1278);
#944=LINE('',#5621,#1279);
#945=LINE('',#5625,#1280);
#946=LINE('',#5627,#1281);
#947=LINE('',#5628,#1282);
#948=LINE('',#5633,#1283);
#949=LINE('',#5637,#1284);
#950=LINE('',#5639,#1285);
#951=LINE('',#5640,#1286);
#952=LINE('',#5645,#1287);
#953=LINE('',#5649,#1288);
#954=LINE('',#5651,#1289);
#955=LINE('',#5652,#1290);
#956=LINE('',#5657,#1291);
#957=LINE('',#5660,#1292);
#958=LINE('',#5661,#1293);
#959=LINE('',#5665,#1294);
#960=LINE('',#5666,#1295);
#961=LINE('',#5667,#1296);
#962=LINE('',#5673,#1297);
#963=LINE('',#5677,#1298);
#964=LINE('',#5678,#1299);
#965=LINE('',#5679,#1300);
#966=LINE('',#5685,#1301);
#967=LINE('',#5686,#1302);
#968=LINE('',#5687,#1303);
#969=LINE('',#5689,#1304);
#970=LINE('',#5692,#1305);
#971=LINE('',#5693,#1306);
#972=LINE('',#5695,#1307);
#973=VECTOR('',#3719,10.);
#974=VECTOR('',#3722,10.);
#975=VECTOR('',#3725,10.);
#976=VECTOR('',#3726,10.);
#977=VECTOR('',#3731,10.);
#978=VECTOR('',#3734,10.);
#979=VECTOR('',#3737,10.);
#980=VECTOR('',#3738,10.);
#981=VECTOR('',#3743,2.5);
#982=VECTOR('',#3750,2.5);
#983=VECTOR('',#3755,10.);
#984=VECTOR('',#3756,10.);
#985=VECTOR('',#3757,10.);
#986=VECTOR('',#3758,10.);
#987=VECTOR('',#3761,10.);
#988=VECTOR('',#3762,10.);
#989=VECTOR('',#3763,10.);
#990=VECTOR('',#3764,10.);
#991=VECTOR('',#3767,10.);
#992=VECTOR('',#3768,10.);
#993=VECTOR('',#3769,10.);
#994=VECTOR('',#3772,10.);
#995=VECTOR('',#3773,10.);
#996=VECTOR('',#3774,10.);
#997=VECTOR('',#3777,10.);
#998=VECTOR('',#3778,10.);
#999=VECTOR('',#3779,10.);
#1000=VECTOR('',#3780,10.);
#1001=VECTOR('',#3785,10.);
#1002=VECTOR('',#3790,10.);
#1003=VECTOR('',#3791,10.);
#1004=VECTOR('',#3792,10.);
#1005=VECTOR('',#3797,10.);
#1006=VECTOR('',#3802,10.);
#1007=VECTOR('',#3803,10.);
#1008=VECTOR('',#3804,10.);
#1009=VECTOR('',#3809,10.);
#1010=VECTOR('',#3814,10.);
#1011=VECTOR('',#3815,10.);
#1012=VECTOR('',#3816,10.);
#1013=VECTOR('',#3821,10.);
#1014=VECTOR('',#3826,10.);
#1015=VECTOR('',#3827,10.);
#1016=VECTOR('',#3828,10.);
#1017=VECTOR('',#3833,10.);
#1018=VECTOR('',#3838,10.);
#1019=VECTOR('',#3839,10.);
#1020=VECTOR('',#3840,10.);
#1021=VECTOR('',#3845,10.);
#1022=VECTOR('',#3850,10.);
#1023=VECTOR('',#3851,10.);
#1024=VECTOR('',#3852,10.);
#1025=VECTOR('',#3857,10.);
#1026=VECTOR('',#3862,10.);
#1027=VECTOR('',#3863,10.);
#1028=VECTOR('',#3864,10.);
#1029=VECTOR('',#3869,10.);
#1030=VECTOR('',#3874,10.);
#1031=VECTOR('',#3875,10.);
#1032=VECTOR('',#3876,10.);
#1033=VECTOR('',#3881,10.);
#1034=VECTOR('',#3886,10.);
#1035=VECTOR('',#3887,10.);
#1036=VECTOR('',#3888,10.);
#1037=VECTOR('',#3893,10.);
#1038=VECTOR('',#3898,10.);
#1039=VECTOR('',#3899,10.);
#1040=VECTOR('',#3900,10.);
#1041=VECTOR('',#3905,10.);
#1042=VECTOR('',#3910,10.);
#1043=VECTOR('',#3911,10.);
#1044=VECTOR('',#3912,10.);
#1045=VECTOR('',#3923,10.);
#1046=VECTOR('',#3926,10.);
#1047=VECTOR('',#3929,10.);
#1048=VECTOR('',#3930,10.);
#1049=VECTOR('',#3931,10.);
#1050=VECTOR('',#3936,10.);
#1051=VECTOR('',#3941,10.);
#1052=VECTOR('',#3942,10.);
#1053=VECTOR('',#3943,10.);
#1054=VECTOR('',#3948,10.);
#1055=VECTOR('',#3953,10.);
#1056=VECTOR('',#3954,10.);
#1057=VECTOR('',#3955,10.);
#1058=VECTOR('',#3960,10.);
#1059=VECTOR('',#3965,10.);
#1060=VECTOR('',#3966,10.);
#1061=VECTOR('',#3967,10.);
#1062=VECTOR('',#3972,10.);
#1063=VECTOR('',#3977,10.);
#1064=VECTOR('',#3978,10.);
#1065=VECTOR('',#3979,10.);
#1066=VECTOR('',#3984,10.);
#1067=VECTOR('',#3989,10.);
#1068=VECTOR('',#3990,10.);
#1069=VECTOR('',#3991,10.);
#1070=VECTOR('',#3996,10.);
#1071=VECTOR('',#4001,10.);
#1072=VECTOR('',#4002,10.);
#1073=VECTOR('',#4003,10.);
#1074=VECTOR('',#4008,10.);
#1075=VECTOR('',#4013,10.);
#1076=VECTOR('',#4014,10.);
#1077=VECTOR('',#4019,10.);
#1078=VECTOR('',#4022,10.);
#1079=VECTOR('',#4025,10.);
#1080=VECTOR('',#4026,10.);
#1081=VECTOR('',#4027,10.);
#1082=VECTOR('',#4032,10.);
#1083=VECTOR('',#4037,10.);
#1084=VECTOR('',#4038,10.);
#1085=VECTOR('',#4039,10.);
#1086=VECTOR('',#4044,10.);
#1087=VECTOR('',#4049,10.);
#1088=VECTOR('',#4050,10.);
#1089=VECTOR('',#4051,10.);
#1090=VECTOR('',#4056,10.);
#1091=VECTOR('',#4061,10.);
#1092=VECTOR('',#4062,10.);
#1093=VECTOR('',#4063,10.);
#1094=VECTOR('',#4068,10.);
#1095=VECTOR('',#4073,10.);
#1096=VECTOR('',#4074,10.);
#1097=VECTOR('',#4075,10.);
#1098=VECTOR('',#4080,10.);
#1099=VECTOR('',#4085,10.);
#1100=VECTOR('',#4086,10.);
#1101=VECTOR('',#4087,10.);
#1102=VECTOR('',#4092,10.);
#1103=VECTOR('',#4097,10.);
#1104=VECTOR('',#4098,10.);
#1105=VECTOR('',#4099,10.);
#1106=VECTOR('',#4104,10.);
#1107=VECTOR('',#4109,10.);
#1108=VECTOR('',#4110,10.);
#1109=VECTOR('',#4111,10.);
#1110=VECTOR('',#4116,10.);
#1111=VECTOR('',#4121,10.);
#1112=VECTOR('',#4122,10.);
#1113=VECTOR('',#4123,10.);
#1114=VECTOR('',#4128,10.);
#1115=VECTOR('',#4133,10.);
#1116=VECTOR('',#4134,10.);
#1117=VECTOR('',#4135,10.);
#1118=VECTOR('',#4140,10.);
#1119=VECTOR('',#4145,10.);
#1120=VECTOR('',#4146,10.);
#1121=VECTOR('',#4147,10.);
#1122=VECTOR('',#4152,10.);
#1123=VECTOR('',#4157,10.);
#1124=VECTOR('',#4158,10.);
#1125=VECTOR('',#4163,10.);
#1126=VECTOR('',#4166,10.);
#1127=VECTOR('',#4169,10.);
#1128=VECTOR('',#4170,10.);
#1129=VECTOR('',#4171,10.);
#1130=VECTOR('',#4176,10.);
#1131=VECTOR('',#4181,10.);
#1132=VECTOR('',#4182,10.);
#1133=VECTOR('',#4183,10.);
#1134=VECTOR('',#4188,10.);
#1135=VECTOR('',#4193,10.);
#1136=VECTOR('',#4194,10.);
#1137=VECTOR('',#4195,10.);
#1138=VECTOR('',#4200,10.);
#1139=VECTOR('',#4205,10.);
#1140=VECTOR('',#4206,10.);
#1141=VECTOR('',#4207,10.);
#1142=VECTOR('',#4212,10.);
#1143=VECTOR('',#4217,10.);
#1144=VECTOR('',#4218,10.);
#1145=VECTOR('',#4219,10.);
#1146=VECTOR('',#4224,10.);
#1147=VECTOR('',#4229,10.);
#1148=VECTOR('',#4230,10.);
#1149=VECTOR('',#4231,10.);
#1150=VECTOR('',#4236,10.);
#1151=VECTOR('',#4241,10.);
#1152=VECTOR('',#4242,10.);
#1153=VECTOR('',#4243,10.);
#1154=VECTOR('',#4248,10.);
#1155=VECTOR('',#4253,10.);
#1156=VECTOR('',#4254,10.);
#1157=VECTOR('',#4255,10.);
#1158=VECTOR('',#4260,10.);
#1159=VECTOR('',#4265,10.);
#1160=VECTOR('',#4266,10.);
#1161=VECTOR('',#4267,10.);
#1162=VECTOR('',#4272,10.);
#1163=VECTOR('',#4277,10.);
#1164=VECTOR('',#4278,10.);
#1165=VECTOR('',#4279,10.);
#1166=VECTOR('',#4284,10.);
#1167=VECTOR('',#4289,10.);
#1168=VECTOR('',#4290,10.);
#1169=VECTOR('',#4291,10.);
#1170=VECTOR('',#4296,10.);
#1171=VECTOR('',#4301,10.);
#1172=VECTOR('',#4302,10.);
#1173=VECTOR('',#4307,10.);
#1174=VECTOR('',#4310,10.);
#1175=VECTOR('',#4313,10.);
#1176=VECTOR('',#4314,10.);
#1177=VECTOR('',#4315,10.);
#1178=VECTOR('',#4320,10.);
#1179=VECTOR('',#4325,10.);
#1180=VECTOR('',#4326,10.);
#1181=VECTOR('',#4327,10.);
#1182=VECTOR('',#4332,10.);
#1183=VECTOR('',#4337,10.);
#1184=VECTOR('',#4338,10.);
#1185=VECTOR('',#4339,10.);
#1186=VECTOR('',#4344,10.);
#1187=VECTOR('',#4349,10.);
#1188=VECTOR('',#4350,10.);
#1189=VECTOR('',#4351,10.);
#1190=VECTOR('',#4356,10.);
#1191=VECTOR('',#4361,10.);
#1192=VECTOR('',#4362,10.);
#1193=VECTOR('',#4363,10.);
#1194=VECTOR('',#4368,10.);
#1195=VECTOR('',#4373,10.);
#1196=VECTOR('',#4374,10.);
#1197=VECTOR('',#4375,10.);
#1198=VECTOR('',#4380,10.);
#1199=VECTOR('',#4385,10.);
#1200=VECTOR('',#4386,10.);
#1201=VECTOR('',#4387,10.);
#1202=VECTOR('',#4392,10.);
#1203=VECTOR('',#4397,10.);
#1204=VECTOR('',#4398,10.);
#1205=VECTOR('',#4399,10.);
#1206=VECTOR('',#4404,10.);
#1207=VECTOR('',#4409,10.);
#1208=VECTOR('',#4410,10.);
#1209=VECTOR('',#4411,10.);
#1210=VECTOR('',#4416,10.);
#1211=VECTOR('',#4421,10.);
#1212=VECTOR('',#4422,10.);
#1213=VECTOR('',#4423,10.);
#1214=VECTOR('',#4428,10.);
#1215=VECTOR('',#4433,10.);
#1216=VECTOR('',#4434,10.);
#1217=VECTOR('',#4435,10.);
#1218=VECTOR('',#4440,10.);
#1219=VECTOR('',#4445,10.);
#1220=VECTOR('',#4446,10.);
#1221=VECTOR('',#4451,10.);
#1222=VECTOR('',#4454,10.);
#1223=VECTOR('',#4457,10.);
#1224=VECTOR('',#4458,10.);
#1225=VECTOR('',#4459,10.);
#1226=VECTOR('',#4464,10.);
#1227=VECTOR('',#4469,10.);
#1228=VECTOR('',#4470,10.);
#1229=VECTOR('',#4471,10.);
#1230=VECTOR('',#4476,10.);
#1231=VECTOR('',#4479,10.);
#1232=VECTOR('',#4482,10.);
#1233=VECTOR('',#4483,10.);
#1234=VECTOR('',#4484,10.);
#1235=VECTOR('',#4489,10.);
#1236=VECTOR('',#4494,10.);
#1237=VECTOR('',#4495,10.);
#1238=VECTOR('',#4496,10.);
#1239=VECTOR('',#4501,10.);
#1240=VECTOR('',#4506,10.);
#1241=VECTOR('',#4507,10.);
#1242=VECTOR('',#4508,10.);
#1243=VECTOR('',#4513,10.);
#1244=VECTOR('',#4518,10.);
#1245=VECTOR('',#4519,10.);
#1246=VECTOR('',#4524,10.);
#1247=VECTOR('',#4527,10.);
#1248=VECTOR('',#4530,10.);
#1249=VECTOR('',#4531,10.);
#1250=VECTOR('',#4532,10.);
#1251=VECTOR('',#4537,10.);
#1252=VECTOR('',#4542,10.);
#1253=VECTOR('',#4543,10.);
#1254=VECTOR('',#4544,10.);
#1255=VECTOR('',#4549,10.);
#1256=VECTOR('',#4554,10.);
#1257=VECTOR('',#4555,10.);
#1258=VECTOR('',#4556,10.);
#1259=VECTOR('',#4561,10.);
#1260=VECTOR('',#4566,10.);
#1261=VECTOR('',#4567,10.);
#1262=VECTOR('',#4568,10.);
#1263=VECTOR('',#4573,10.);
#1264=VECTOR('',#4578,10.);
#1265=VECTOR('',#4579,10.);
#1266=VECTOR('',#4580,10.);
#1267=VECTOR('',#4585,10.);
#1268=VECTOR('',#4590,10.);
#1269=VECTOR('',#4591,10.);
#1270=VECTOR('',#4592,10.);
#1271=VECTOR('',#4597,10.);
#1272=VECTOR('',#4602,10.);
#1273=VECTOR('',#4603,10.);
#1274=VECTOR('',#4604,10.);
#1275=VECTOR('',#4609,10.);
#1276=VECTOR('',#4614,10.);
#1277=VECTOR('',#4615,10.);
#1278=VECTOR('',#4616,10.);
#1279=VECTOR('',#4621,10.);
#1280=VECTOR('',#4626,10.);
#1281=VECTOR('',#4627,10.);
#1282=VECTOR('',#4628,10.);
#1283=VECTOR('',#4633,10.);
#1284=VECTOR('',#4638,10.);
#1285=VECTOR('',#4639,10.);
#1286=VECTOR('',#4640,10.);
#1287=VECTOR('',#4645,10.);
#1288=VECTOR('',#4650,10.);
#1289=VECTOR('',#4651,10.);
#1290=VECTOR('',#4652,10.);
#1291=VECTOR('',#4657,10.);
#1292=VECTOR('',#4662,10.);
#1293=VECTOR('',#4663,10.);
#1294=VECTOR('',#4666,10.);
#1295=VECTOR('',#4667,10.);
#1296=VECTOR('',#4668,10.);
#1297=VECTOR('',#4675,10.);
#1298=VECTOR('',#4678,10.);
#1299=VECTOR('',#4679,10.);
#1300=VECTOR('',#4680,10.);
#1301=VECTOR('',#4689,10.);
#1302=VECTOR('',#4690,10.);
#1303=VECTOR('',#4691,10.);
#1304=VECTOR('',#4694,10.);
#1305=VECTOR('',#4697,10.);
#1306=VECTOR('',#4698,10.);
#1307=VECTOR('',#4701,10.);
#1308=ELLIPSE('',#3387,2.50954959385837,2.5);
#1309=ELLIPSE('',#3391,2.50954959385836,2.5);
#1310=VERTEX_POINT('',#4706);
#1311=VERTEX_POINT('',#4707);
#1312=VERTEX_POINT('',#4709);
#1313=VERTEX_POINT('',#4711);
#1314=VERTEX_POINT('',#4718);
#1315=VERTEX_POINT('',#4719);
#1316=VERTEX_POINT('',#4721);
#1317=VERTEX_POINT('',#4723);
#1318=VERTEX_POINT('',#4730);
#1319=VERTEX_POINT('',#4732);
#1320=VERTEX_POINT('',#4736);
#1321=VERTEX_POINT('',#4738);
#1322=VERTEX_POINT('',#4742);
#1323=VERTEX_POINT('',#4743);
#1324=VERTEX_POINT('',#4745);
#1325=VERTEX_POINT('',#4747);
#1326=VERTEX_POINT('',#4751);
#1327=VERTEX_POINT('',#4752);
#1328=VERTEX_POINT('',#4754);
#1329=VERTEX_POINT('',#4756);
#1330=VERTEX_POINT('',#4760);
#1331=VERTEX_POINT('',#4762);
#1332=VERTEX_POINT('',#4766);
#1333=VERTEX_POINT('',#4768);
#1334=VERTEX_POINT('',#4772);
#1335=VERTEX_POINT('',#4773);
#1336=VERTEX_POINT('',#4775);
#1337=VERTEX_POINT('',#4777);
#1338=VERTEX_POINT('',#4781);
#1339=VERTEX_POINT('',#4783);
#1340=VERTEX_POINT('',#4787);
#1341=VERTEX_POINT('',#4789);
#1342=VERTEX_POINT('',#4793);
#1343=VERTEX_POINT('',#4795);
#1344=VERTEX_POINT('',#4799);
#1345=VERTEX_POINT('',#4801);
#1346=VERTEX_POINT('',#4805);
#1347=VERTEX_POINT('',#4807);
#1348=VERTEX_POINT('',#4811);
#1349=VERTEX_POINT('',#4813);
#1350=VERTEX_POINT('',#4817);
#1351=VERTEX_POINT('',#4819);
#1352=VERTEX_POINT('',#4823);
#1353=VERTEX_POINT('',#4825);
#1354=VERTEX_POINT('',#4829);
#1355=VERTEX_POINT('',#4831);
#1356=VERTEX_POINT('',#4835);
#1357=VERTEX_POINT('',#4837);
#1358=VERTEX_POINT('',#4841);
#1359=VERTEX_POINT('',#4843);
#1360=VERTEX_POINT('',#4847);
#1361=VERTEX_POINT('',#4849);
#1362=VERTEX_POINT('',#4853);
#1363=VERTEX_POINT('',#4855);
#1364=VERTEX_POINT('',#4859);
#1365=VERTEX_POINT('',#4861);
#1366=VERTEX_POINT('',#4865);
#1367=VERTEX_POINT('',#4867);
#1368=VERTEX_POINT('',#4871);
#1369=VERTEX_POINT('',#4873);
#1370=VERTEX_POINT('',#4877);
#1371=VERTEX_POINT('',#4879);
#1372=VERTEX_POINT('',#4883);
#1373=VERTEX_POINT('',#4885);
#1374=VERTEX_POINT('',#4889);
#1375=VERTEX_POINT('',#4891);
#1376=VERTEX_POINT('',#4895);
#1377=VERTEX_POINT('',#4897);
#1378=VERTEX_POINT('',#4901);
#1379=VERTEX_POINT('',#4903);
#1380=VERTEX_POINT('',#4907);
#1381=VERTEX_POINT('',#4909);
#1382=VERTEX_POINT('',#4916);
#1383=VERTEX_POINT('',#4917);
#1384=VERTEX_POINT('',#4919);
#1385=VERTEX_POINT('',#4921);
#1386=VERTEX_POINT('',#4925);
#1387=VERTEX_POINT('',#4927);
#1388=VERTEX_POINT('',#4931);
#1389=VERTEX_POINT('',#4933);
#1390=VERTEX_POINT('',#4937);
#1391=VERTEX_POINT('',#4939);
#1392=VERTEX_POINT('',#4943);
#1393=VERTEX_POINT('',#4945);
#1394=VERTEX_POINT('',#4949);
#1395=VERTEX_POINT('',#4951);
#1396=VERTEX_POINT('',#4955);
#1397=VERTEX_POINT('',#4957);
#1398=VERTEX_POINT('',#4961);
#1399=VERTEX_POINT('',#4963);
#1400=VERTEX_POINT('',#4967);
#1401=VERTEX_POINT('',#4969);
#1402=VERTEX_POINT('',#4973);
#1403=VERTEX_POINT('',#4975);
#1404=VERTEX_POINT('',#4979);
#1405=VERTEX_POINT('',#4981);
#1406=VERTEX_POINT('',#4985);
#1407=VERTEX_POINT('',#4987);
#1408=VERTEX_POINT('',#4991);
#1409=VERTEX_POINT('',#4993);
#1410=VERTEX_POINT('',#4997);
#1411=VERTEX_POINT('',#4999);
#1412=VERTEX_POINT('',#5003);
#1413=VERTEX_POINT('',#5005);
#1414=VERTEX_POINT('',#5012);
#1415=VERTEX_POINT('',#5013);
#1416=VERTEX_POINT('',#5015);
#1417=VERTEX_POINT('',#5017);
#1418=VERTEX_POINT('',#5021);
#1419=VERTEX_POINT('',#5023);
#1420=VERTEX_POINT('',#5027);
#1421=VERTEX_POINT('',#5029);
#1422=VERTEX_POINT('',#5033);
#1423=VERTEX_POINT('',#5035);
#1424=VERTEX_POINT('',#5039);
#1425=VERTEX_POINT('',#5041);
#1426=VERTEX_POINT('',#5045);
#1427=VERTEX_POINT('',#5047);
#1428=VERTEX_POINT('',#5051);
#1429=VERTEX_POINT('',#5053);
#1430=VERTEX_POINT('',#5057);
#1431=VERTEX_POINT('',#5059);
#1432=VERTEX_POINT('',#5063);
#1433=VERTEX_POINT('',#5065);
#1434=VERTEX_POINT('',#5069);
#1435=VERTEX_POINT('',#5071);
#1436=VERTEX_POINT('',#5075);
#1437=VERTEX_POINT('',#5077);
#1438=VERTEX_POINT('',#5081);
#1439=VERTEX_POINT('',#5083);
#1440=VERTEX_POINT('',#5087);
#1441=VERTEX_POINT('',#5089);
#1442=VERTEX_POINT('',#5093);
#1443=VERTEX_POINT('',#5095);
#1444=VERTEX_POINT('',#5099);
#1445=VERTEX_POINT('',#5101);
#1446=VERTEX_POINT('',#5105);
#1447=VERTEX_POINT('',#5107);
#1448=VERTEX_POINT('',#5111);
#1449=VERTEX_POINT('',#5113);
#1450=VERTEX_POINT('',#5117);
#1451=VERTEX_POINT('',#5119);
#1452=VERTEX_POINT('',#5123);
#1453=VERTEX_POINT('',#5125);
#1454=VERTEX_POINT('',#5129);
#1455=VERTEX_POINT('',#5131);
#1456=VERTEX_POINT('',#5135);
#1457=VERTEX_POINT('',#5137);
#1458=VERTEX_POINT('',#5141);
#1459=VERTEX_POINT('',#5143);
#1460=VERTEX_POINT('',#5147);
#1461=VERTEX_POINT('',#5149);
#1462=VERTEX_POINT('',#5156);
#1463=VERTEX_POINT('',#5157);
#1464=VERTEX_POINT('',#5159);
#1465=VERTEX_POINT('',#5161);
#1466=VERTEX_POINT('',#5165);
#1467=VERTEX_POINT('',#5167);
#1468=VERTEX_POINT('',#5171);
#1469=VERTEX_POINT('',#5173);
#1470=VERTEX_POINT('',#5177);
#1471=VERTEX_POINT('',#5179);
#1472=VERTEX_POINT('',#5183);
#1473=VERTEX_POINT('',#5185);
#1474=VERTEX_POINT('',#5189);
#1475=VERTEX_POINT('',#5191);
#1476=VERTEX_POINT('',#5195);
#1477=VERTEX_POINT('',#5197);
#1478=VERTEX_POINT('',#5201);
#1479=VERTEX_POINT('',#5203);
#1480=VERTEX_POINT('',#5207);
#1481=VERTEX_POINT('',#5209);
#1482=VERTEX_POINT('',#5213);
#1483=VERTEX_POINT('',#5215);
#1484=VERTEX_POINT('',#5219);
#1485=VERTEX_POINT('',#5221);
#1486=VERTEX_POINT('',#5225);
#1487=VERTEX_POINT('',#5227);
#1488=VERTEX_POINT('',#5231);
#1489=VERTEX_POINT('',#5233);
#1490=VERTEX_POINT('',#5237);
#1491=VERTEX_POINT('',#5239);
#1492=VERTEX_POINT('',#5243);
#1493=VERTEX_POINT('',#5245);
#1494=VERTEX_POINT('',#5249);
#1495=VERTEX_POINT('',#5251);
#1496=VERTEX_POINT('',#5255);
#1497=VERTEX_POINT('',#5257);
#1498=VERTEX_POINT('',#5261);
#1499=VERTEX_POINT('',#5263);
#1500=VERTEX_POINT('',#5267);
#1501=VERTEX_POINT('',#5269);
#1502=VERTEX_POINT('',#5273);
#1503=VERTEX_POINT('',#5275);
#1504=VERTEX_POINT('',#5279);
#1505=VERTEX_POINT('',#5281);
#1506=VERTEX_POINT('',#5285);
#1507=VERTEX_POINT('',#5287);
#1508=VERTEX_POINT('',#5291);
#1509=VERTEX_POINT('',#5293);
#1510=VERTEX_POINT('',#5300);
#1511=VERTEX_POINT('',#5301);
#1512=VERTEX_POINT('',#5303);
#1513=VERTEX_POINT('',#5305);
#1514=VERTEX_POINT('',#5309);
#1515=VERTEX_POINT('',#5311);
#1516=VERTEX_POINT('',#5315);
#1517=VERTEX_POINT('',#5317);
#1518=VERTEX_POINT('',#5321);
#1519=VERTEX_POINT('',#5323);
#1520=VERTEX_POINT('',#5327);
#1521=VERTEX_POINT('',#5329);
#1522=VERTEX_POINT('',#5333);
#1523=VERTEX_POINT('',#5335);
#1524=VERTEX_POINT('',#5339);
#1525=VERTEX_POINT('',#5341);
#1526=VERTEX_POINT('',#5345);
#1527=VERTEX_POINT('',#5347);
#1528=VERTEX_POINT('',#5351);
#1529=VERTEX_POINT('',#5353);
#1530=VERTEX_POINT('',#5357);
#1531=VERTEX_POINT('',#5359);
#1532=VERTEX_POINT('',#5363);
#1533=VERTEX_POINT('',#5365);
#1534=VERTEX_POINT('',#5369);
#1535=VERTEX_POINT('',#5371);
#1536=VERTEX_POINT('',#5375);
#1537=VERTEX_POINT('',#5377);
#1538=VERTEX_POINT('',#5381);
#1539=VERTEX_POINT('',#5383);
#1540=VERTEX_POINT('',#5387);
#1541=VERTEX_POINT('',#5389);
#1542=VERTEX_POINT('',#5393);
#1543=VERTEX_POINT('',#5395);
#1544=VERTEX_POINT('',#5399);
#1545=VERTEX_POINT('',#5401);
#1546=VERTEX_POINT('',#5405);
#1547=VERTEX_POINT('',#5407);
#1548=VERTEX_POINT('',#5411);
#1549=VERTEX_POINT('',#5413);
#1550=VERTEX_POINT('',#5417);
#1551=VERTEX_POINT('',#5419);
#1552=VERTEX_POINT('',#5423);
#1553=VERTEX_POINT('',#5425);
#1554=VERTEX_POINT('',#5429);
#1555=VERTEX_POINT('',#5431);
#1556=VERTEX_POINT('',#5435);
#1557=VERTEX_POINT('',#5437);
#1558=VERTEX_POINT('',#5444);
#1559=VERTEX_POINT('',#5445);
#1560=VERTEX_POINT('',#5447);
#1561=VERTEX_POINT('',#5449);
#1562=VERTEX_POINT('',#5453);
#1563=VERTEX_POINT('',#5455);
#1564=VERTEX_POINT('',#5459);
#1565=VERTEX_POINT('',#5461);
#1566=VERTEX_POINT('',#5465);
#1567=VERTEX_POINT('',#5466);
#1568=VERTEX_POINT('',#5471);
#1569=VERTEX_POINT('',#5472);
#1570=VERTEX_POINT('',#5474);
#1571=VERTEX_POINT('',#5476);
#1572=VERTEX_POINT('',#5480);
#1573=VERTEX_POINT('',#5482);
#1574=VERTEX_POINT('',#5486);
#1575=VERTEX_POINT('',#5488);
#1576=VERTEX_POINT('',#5492);
#1577=VERTEX_POINT('',#5494);
#1578=VERTEX_POINT('',#5498);
#1579=VERTEX_POINT('',#5500);
#1580=VERTEX_POINT('',#5504);
#1581=VERTEX_POINT('',#5506);
#1582=VERTEX_POINT('',#5510);
#1583=VERTEX_POINT('',#5512);
#1584=VERTEX_POINT('',#5519);
#1585=VERTEX_POINT('',#5520);
#1586=VERTEX_POINT('',#5522);
#1587=VERTEX_POINT('',#5524);
#1588=VERTEX_POINT('',#5528);
#1589=VERTEX_POINT('',#5530);
#1590=VERTEX_POINT('',#5534);
#1591=VERTEX_POINT('',#5536);
#1592=VERTEX_POINT('',#5540);
#1593=VERTEX_POINT('',#5542);
#1594=VERTEX_POINT('',#5546);
#1595=VERTEX_POINT('',#5548);
#1596=VERTEX_POINT('',#5552);
#1597=VERTEX_POINT('',#5554);
#1598=VERTEX_POINT('',#5558);
#1599=VERTEX_POINT('',#5560);
#1600=VERTEX_POINT('',#5564);
#1601=VERTEX_POINT('',#5566);
#1602=VERTEX_POINT('',#5570);
#1603=VERTEX_POINT('',#5572);
#1604=VERTEX_POINT('',#5576);
#1605=VERTEX_POINT('',#5578);
#1606=VERTEX_POINT('',#5582);
#1607=VERTEX_POINT('',#5584);
#1608=VERTEX_POINT('',#5588);
#1609=VERTEX_POINT('',#5590);
#1610=VERTEX_POINT('',#5594);
#1611=VERTEX_POINT('',#5596);
#1612=VERTEX_POINT('',#5600);
#1613=VERTEX_POINT('',#5602);
#1614=VERTEX_POINT('',#5606);
#1615=VERTEX_POINT('',#5608);
#1616=VERTEX_POINT('',#5612);
#1617=VERTEX_POINT('',#5614);
#1618=VERTEX_POINT('',#5618);
#1619=VERTEX_POINT('',#5620);
#1620=VERTEX_POINT('',#5624);
#1621=VERTEX_POINT('',#5626);
#1622=VERTEX_POINT('',#5630);
#1623=VERTEX_POINT('',#5632);
#1624=VERTEX_POINT('',#5636);
#1625=VERTEX_POINT('',#5638);
#1626=VERTEX_POINT('',#5642);
#1627=VERTEX_POINT('',#5644);
#1628=VERTEX_POINT('',#5648);
#1629=VERTEX_POINT('',#5650);
#1630=VERTEX_POINT('',#5654);
#1631=VERTEX_POINT('',#5656);
#1632=VERTEX_POINT('',#5663);
#1633=VERTEX_POINT('',#5664);
#1634=VERTEX_POINT('',#5669);
#1635=VERTEX_POINT('',#5671);
#1636=VERTEX_POINT('',#5675);
#1637=VERTEX_POINT('',#5676);
#1638=VERTEX_POINT('',#5684);
#1639=VERTEX_POINT('',#5691);
#1640=EDGE_CURVE('',#1310,#1311,#1308,.T.);
#1641=EDGE_CURVE('',#1312,#1310,#638,.T.);
#1642=EDGE_CURVE('',#1313,#1312,#480,.T.);
#1643=EDGE_CURVE('',#1313,#1311,#639,.T.);
#1644=EDGE_CURVE('',#1311,#1310,#640,.T.);
#1645=EDGE_CURVE('',#1312,#1313,#641,.T.);
#1646=EDGE_CURVE('',#1314,#1315,#1309,.T.);
#1647=EDGE_CURVE('',#1316,#1314,#642,.T.);
#1648=EDGE_CURVE('',#1317,#1316,#481,.T.);
#1649=EDGE_CURVE('',#1317,#1315,#643,.T.);
#1650=EDGE_CURVE('',#1315,#1314,#644,.T.);
#1651=EDGE_CURVE('',#1316,#1317,#645,.T.);
#1652=EDGE_CURVE('',#1318,#1318,#482,.T.);
#1653=EDGE_CURVE('',#1318,#1319,#646,.T.);
#1654=EDGE_CURVE('',#1319,#1319,#483,.T.);
#1655=EDGE_CURVE('',#1320,#1320,#484,.T.);
#1656=EDGE_CURVE('',#1320,#1321,#647,.T.);
#1657=EDGE_CURVE('',#1321,#1321,#485,.T.);
#1658=EDGE_CURVE('',#1322,#1323,#648,.T.);
#1659=EDGE_CURVE('',#1323,#1324,#649,.T.);
#1660=EDGE_CURVE('',#1325,#1324,#650,.T.);
#1661=EDGE_CURVE('',#1322,#1325,#651,.T.);
#1662=EDGE_CURVE('',#1326,#1327,#652,.T.);
#1663=EDGE_CURVE('',#1326,#1328,#653,.T.);
#1664=EDGE_CURVE('',#1329,#1328,#654,.T.);
#1665=EDGE_CURVE('',#1327,#1329,#655,.T.);
#1666=EDGE_CURVE('',#1326,#1330,#656,.T.);
#1667=EDGE_CURVE('',#1330,#1331,#657,.T.);
#1668=EDGE_CURVE('',#1328,#1331,#658,.T.);
#1669=EDGE_CURVE('',#1330,#1332,#659,.T.);
#1670=EDGE_CURVE('',#1332,#1333,#660,.T.);
#1671=EDGE_CURVE('',#1331,#1333,#661,.T.);
#1672=EDGE_CURVE('',#1334,#1335,#662,.T.);
#1673=EDGE_CURVE('',#1335,#1336,#663,.T.);
#1674=EDGE_CURVE('',#1337,#1336,#664,.T.);
#1675=EDGE_CURVE('',#1334,#1337,#665,.T.);
#1676=EDGE_CURVE('',#1335,#1338,#486,.T.);
#1677=EDGE_CURVE('',#1338,#1339,#666,.T.);
#1678=EDGE_CURVE('',#1336,#1339,#487,.T.);
#1679=EDGE_CURVE('',#1338,#1340,#667,.T.);
#1680=EDGE_CURVE('',#1340,#1341,#668,.T.);
#1681=EDGE_CURVE('',#1339,#1341,#669,.T.);
#1682=EDGE_CURVE('',#1340,#1342,#488,.T.);
#1683=EDGE_CURVE('',#1342,#1343,#670,.T.);
#1684=EDGE_CURVE('',#1341,#1343,#489,.T.);
#1685=EDGE_CURVE('',#1342,#1344,#671,.T.);
#1686=EDGE_CURVE('',#1344,#1345,#672,.T.);
#1687=EDGE_CURVE('',#1343,#1345,#673,.T.);
#1688=EDGE_CURVE('',#1344,#1346,#490,.T.);
#1689=EDGE_CURVE('',#1346,#1347,#674,.T.);
#1690=EDGE_CURVE('',#1345,#1347,#491,.T.);
#1691=EDGE_CURVE('',#1346,#1348,#675,.T.);
#1692=EDGE_CURVE('',#1348,#1349,#676,.T.);
#1693=EDGE_CURVE('',#1347,#1349,#677,.T.);
#1694=EDGE_CURVE('',#1348,#1350,#492,.T.);
#1695=EDGE_CURVE('',#1350,#1351,#678,.T.);
#1696=EDGE_CURVE('',#1349,#1351,#493,.T.);
#1697=EDGE_CURVE('',#1350,#1352,#679,.T.);
#1698=EDGE_CURVE('',#1352,#1353,#680,.T.);
#1699=EDGE_CURVE('',#1351,#1353,#681,.T.);
#1700=EDGE_CURVE('',#1352,#1354,#494,.T.);
#1701=EDGE_CURVE('',#1354,#1355,#682,.T.);
#1702=EDGE_CURVE('',#1353,#1355,#495,.T.);
#1703=EDGE_CURVE('',#1354,#1356,#683,.T.);
#1704=EDGE_CURVE('',#1356,#1357,#684,.T.);
#1705=EDGE_CURVE('',#1355,#1357,#685,.T.);
#1706=EDGE_CURVE('',#1356,#1358,#496,.T.);
#1707=EDGE_CURVE('',#1358,#1359,#686,.T.);
#1708=EDGE_CURVE('',#1357,#1359,#497,.T.);
#1709=EDGE_CURVE('',#1358,#1360,#687,.T.);
#1710=EDGE_CURVE('',#1360,#1361,#688,.T.);
#1711=EDGE_CURVE('',#1359,#1361,#689,.T.);
#1712=EDGE_CURVE('',#1360,#1362,#498,.T.);
#1713=EDGE_CURVE('',#1362,#1363,#690,.T.);
#1714=EDGE_CURVE('',#1361,#1363,#499,.T.);
#1715=EDGE_CURVE('',#1362,#1364,#691,.T.);
#1716=EDGE_CURVE('',#1364,#1365,#692,.T.);
#1717=EDGE_CURVE('',#1363,#1365,#693,.T.);
#1718=EDGE_CURVE('',#1364,#1366,#500,.T.);
#1719=EDGE_CURVE('',#1366,#1367,#694,.T.);
#1720=EDGE_CURVE('',#1365,#1367,#501,.T.);
#1721=EDGE_CURVE('',#1366,#1368,#695,.T.);
#1722=EDGE_CURVE('',#1368,#1369,#696,.T.);
#1723=EDGE_CURVE('',#1367,#1369,#697,.T.);
#1724=EDGE_CURVE('',#1368,#1370,#502,.T.);
#1725=EDGE_CURVE('',#1370,#1371,#698,.T.);
#1726=EDGE_CURVE('',#1369,#1371,#503,.T.);
#1727=EDGE_CURVE('',#1370,#1372,#699,.T.);
#1728=EDGE_CURVE('',#1372,#1373,#700,.T.);
#1729=EDGE_CURVE('',#1371,#1373,#701,.T.);
#1730=EDGE_CURVE('',#1372,#1374,#504,.T.);
#1731=EDGE_CURVE('',#1374,#1375,#702,.T.);
#1732=EDGE_CURVE('',#1373,#1375,#505,.T.);
#1733=EDGE_CURVE('',#1374,#1376,#703,.T.);
#1734=EDGE_CURVE('',#1376,#1377,#704,.T.);
#1735=EDGE_CURVE('',#1375,#1377,#705,.T.);
#1736=EDGE_CURVE('',#1376,#1378,#506,.T.);
#1737=EDGE_CURVE('',#1378,#1379,#706,.T.);
#1738=EDGE_CURVE('',#1377,#1379,#507,.T.);
#1739=EDGE_CURVE('',#1378,#1380,#707,.T.);
#1740=EDGE_CURVE('',#1380,#1381,#708,.T.);
#1741=EDGE_CURVE('',#1379,#1381,#709,.T.);
#1742=EDGE_CURVE('',#1380,#1334,#508,.T.);
#1743=EDGE_CURVE('',#1381,#1337,#509,.T.);
#1744=EDGE_CURVE('',#1382,#1383,#510,.T.);
#1745=EDGE_CURVE('',#1383,#1384,#710,.T.);
#1746=EDGE_CURVE('',#1385,#1384,#511,.T.);
#1747=EDGE_CURVE('',#1382,#1385,#711,.T.);
#1748=EDGE_CURVE('',#1383,#1386,#712,.T.);
#1749=EDGE_CURVE('',#1386,#1387,#713,.T.);
#1750=EDGE_CURVE('',#1384,#1387,#714,.T.);
#1751=EDGE_CURVE('',#1386,#1388,#512,.T.);
#1752=EDGE_CURVE('',#1388,#1389,#715,.T.);
#1753=EDGE_CURVE('',#1387,#1389,#513,.T.);
#1754=EDGE_CURVE('',#1388,#1390,#716,.T.);
#1755=EDGE_CURVE('',#1390,#1391,#717,.T.);
#1756=EDGE_CURVE('',#1389,#1391,#718,.T.);
#1757=EDGE_CURVE('',#1390,#1392,#514,.T.);
#1758=EDGE_CURVE('',#1392,#1393,#719,.T.);
#1759=EDGE_CURVE('',#1391,#1393,#515,.T.);
#1760=EDGE_CURVE('',#1392,#1394,#720,.T.);
#1761=EDGE_CURVE('',#1394,#1395,#721,.T.);
#1762=EDGE_CURVE('',#1393,#1395,#722,.T.);
#1763=EDGE_CURVE('',#1394,#1396,#516,.T.);
#1764=EDGE_CURVE('',#1396,#1397,#723,.T.);
#1765=EDGE_CURVE('',#1395,#1397,#517,.T.);
#1766=EDGE_CURVE('',#1396,#1398,#724,.T.);
#1767=EDGE_CURVE('',#1398,#1399,#725,.T.);
#1768=EDGE_CURVE('',#1397,#1399,#726,.T.);
#1769=EDGE_CURVE('',#1398,#1400,#518,.T.);
#1770=EDGE_CURVE('',#1400,#1401,#727,.T.);
#1771=EDGE_CURVE('',#1399,#1401,#519,.T.);
#1772=EDGE_CURVE('',#1400,#1402,#728,.T.);
#1773=EDGE_CURVE('',#1402,#1403,#729,.T.);
#1774=EDGE_CURVE('',#1401,#1403,#730,.T.);
#1775=EDGE_CURVE('',#1402,#1404,#520,.T.);
#1776=EDGE_CURVE('',#1404,#1405,#731,.T.);
#1777=EDGE_CURVE('',#1403,#1405,#521,.T.);
#1778=EDGE_CURVE('',#1404,#1406,#732,.T.);
#1779=EDGE_CURVE('',#1406,#1407,#733,.T.);
#1780=EDGE_CURVE('',#1405,#1407,#734,.T.);
#1781=EDGE_CURVE('',#1406,#1408,#522,.T.);
#1782=EDGE_CURVE('',#1408,#1409,#735,.T.);
#1783=EDGE_CURVE('',#1407,#1409,#523,.T.);
#1784=EDGE_CURVE('',#1408,#1410,#736,.T.);
#1785=EDGE_CURVE('',#1410,#1411,#737,.T.);
#1786=EDGE_CURVE('',#1409,#1411,#738,.T.);
#1787=EDGE_CURVE('',#1410,#1412,#524,.T.);
#1788=EDGE_CURVE('',#1412,#1413,#739,.T.);
#1789=EDGE_CURVE('',#1411,#1413,#525,.T.);
#1790=EDGE_CURVE('',#1412,#1382,#740,.T.);
#1791=EDGE_CURVE('',#1413,#1385,#741,.T.);
#1792=EDGE_CURVE('',#1414,#1415,#526,.T.);
#1793=EDGE_CURVE('',#1415,#1416,#742,.T.);
#1794=EDGE_CURVE('',#1417,#1416,#527,.T.);
#1795=EDGE_CURVE('',#1414,#1417,#743,.T.);
#1796=EDGE_CURVE('',#1415,#1418,#744,.T.);
#1797=EDGE_CURVE('',#1418,#1419,#745,.T.);
#1798=EDGE_CURVE('',#1416,#1419,#746,.T.);
#1799=EDGE_CURVE('',#1418,#1420,#528,.T.);
#1800=EDGE_CURVE('',#1420,#1421,#747,.T.);
#1801=EDGE_CURVE('',#1419,#1421,#529,.T.);
#1802=EDGE_CURVE('',#1420,#1422,#748,.T.);
#1803=EDGE_CURVE('',#1422,#1423,#749,.T.);
#1804=EDGE_CURVE('',#1421,#1423,#750,.T.);
#1805=EDGE_CURVE('',#1422,#1424,#530,.T.);
#1806=EDGE_CURVE('',#1424,#1425,#751,.T.);
#1807=EDGE_CURVE('',#1423,#1425,#531,.T.);
#1808=EDGE_CURVE('',#1424,#1426,#752,.T.);
#1809=EDGE_CURVE('',#1426,#1427,#753,.T.);
#1810=EDGE_CURVE('',#1425,#1427,#754,.T.);
#1811=EDGE_CURVE('',#1426,#1428,#532,.T.);
#1812=EDGE_CURVE('',#1428,#1429,#755,.T.);
#1813=EDGE_CURVE('',#1427,#1429,#533,.T.);
#1814=EDGE_CURVE('',#1428,#1430,#756,.T.);
#1815=EDGE_CURVE('',#1430,#1431,#757,.T.);
#1816=EDGE_CURVE('',#1429,#1431,#758,.T.);
#1817=EDGE_CURVE('',#1430,#1432,#534,.T.);
#1818=EDGE_CURVE('',#1432,#1433,#759,.T.);
#1819=EDGE_CURVE('',#1431,#1433,#535,.T.);
#1820=EDGE_CURVE('',#1432,#1434,#760,.T.);
#1821=EDGE_CURVE('',#1434,#1435,#761,.T.);
#1822=EDGE_CURVE('',#1433,#1435,#762,.T.);
#1823=EDGE_CURVE('',#1434,#1436,#536,.T.);
#1824=EDGE_CURVE('',#1436,#1437,#763,.T.);
#1825=EDGE_CURVE('',#1435,#1437,#537,.T.);
#1826=EDGE_CURVE('',#1436,#1438,#764,.T.);
#1827=EDGE_CURVE('',#1438,#1439,#765,.T.);
#1828=EDGE_CURVE('',#1437,#1439,#766,.T.);
#1829=EDGE_CURVE('',#1438,#1440,#538,.T.);
#1830=EDGE_CURVE('',#1440,#1441,#767,.T.);
#1831=EDGE_CURVE('',#1439,#1441,#539,.T.);
#1832=EDGE_CURVE('',#1440,#1442,#768,.T.);
#1833=EDGE_CURVE('',#1442,#1443,#769,.T.);
#1834=EDGE_CURVE('',#1441,#1443,#770,.T.);
#1835=EDGE_CURVE('',#1442,#1444,#540,.T.);
#1836=EDGE_CURVE('',#1444,#1445,#771,.T.);
#1837=EDGE_CURVE('',#1443,#1445,#541,.T.);
#1838=EDGE_CURVE('',#1444,#1446,#772,.T.);
#1839=EDGE_CURVE('',#1446,#1447,#773,.T.);
#1840=EDGE_CURVE('',#1445,#1447,#774,.T.);
#1841=EDGE_CURVE('',#1446,#1448,#542,.T.);
#1842=EDGE_CURVE('',#1448,#1449,#775,.T.);
#1843=EDGE_CURVE('',#1447,#1449,#543,.T.);
#1844=EDGE_CURVE('',#1448,#1450,#776,.T.);
#1845=EDGE_CURVE('',#1450,#1451,#777,.T.);
#1846=EDGE_CURVE('',#1449,#1451,#778,.T.);
#1847=EDGE_CURVE('',#1450,#1452,#544,.T.);
#1848=EDGE_CURVE('',#1452,#1453,#779,.T.);
#1849=EDGE_CURVE('',#1451,#1453,#545,.T.);
#1850=EDGE_CURVE('',#1452,#1454,#780,.T.);
#1851=EDGE_CURVE('',#1454,#1455,#781,.T.);
#1852=EDGE_CURVE('',#1453,#1455,#782,.T.);
#1853=EDGE_CURVE('',#1454,#1456,#546,.T.);
#1854=EDGE_CURVE('',#1456,#1457,#783,.T.);
#1855=EDGE_CURVE('',#1455,#1457,#547,.T.);
#1856=EDGE_CURVE('',#1456,#1458,#784,.T.);
#1857=EDGE_CURVE('',#1458,#1459,#785,.T.);
#1858=EDGE_CURVE('',#1457,#1459,#786,.T.);
#1859=EDGE_CURVE('',#1458,#1460,#548,.T.);
#1860=EDGE_CURVE('',#1460,#1461,#787,.T.);
#1861=EDGE_CURVE('',#1459,#1461,#549,.T.);
#1862=EDGE_CURVE('',#1460,#1414,#788,.T.);
#1863=EDGE_CURVE('',#1461,#1417,#789,.T.);
#1864=EDGE_CURVE('',#1462,#1463,#550,.T.);
#1865=EDGE_CURVE('',#1463,#1464,#790,.T.);
#1866=EDGE_CURVE('',#1465,#1464,#551,.T.);
#1867=EDGE_CURVE('',#1462,#1465,#791,.T.);
#1868=EDGE_CURVE('',#1463,#1466,#792,.T.);
#1869=EDGE_CURVE('',#1466,#1467,#793,.T.);
#1870=EDGE_CURVE('',#1464,#1467,#794,.T.);
#1871=EDGE_CURVE('',#1466,#1468,#552,.T.);
#1872=EDGE_CURVE('',#1468,#1469,#795,.T.);
#1873=EDGE_CURVE('',#1467,#1469,#553,.T.);
#1874=EDGE_CURVE('',#1468,#1470,#796,.T.);
#1875=EDGE_CURVE('',#1470,#1471,#797,.T.);
#1876=EDGE_CURVE('',#1469,#1471,#798,.T.);
#1877=EDGE_CURVE('',#1470,#1472,#554,.T.);
#1878=EDGE_CURVE('',#1472,#1473,#799,.T.);
#1879=EDGE_CURVE('',#1471,#1473,#555,.T.);
#1880=EDGE_CURVE('',#1472,#1474,#800,.T.);
#1881=EDGE_CURVE('',#1474,#1475,#801,.T.);
#1882=EDGE_CURVE('',#1473,#1475,#802,.T.);
#1883=EDGE_CURVE('',#1474,#1476,#556,.T.);
#1884=EDGE_CURVE('',#1476,#1477,#803,.T.);
#1885=EDGE_CURVE('',#1475,#1477,#557,.T.);
#1886=EDGE_CURVE('',#1476,#1478,#804,.T.);
#1887=EDGE_CURVE('',#1478,#1479,#805,.T.);
#1888=EDGE_CURVE('',#1477,#1479,#806,.T.);
#1889=EDGE_CURVE('',#1478,#1480,#558,.T.);
#1890=EDGE_CURVE('',#1480,#1481,#807,.T.);
#1891=EDGE_CURVE('',#1479,#1481,#559,.T.);
#1892=EDGE_CURVE('',#1480,#1482,#808,.T.);
#1893=EDGE_CURVE('',#1482,#1483,#809,.T.);
#1894=EDGE_CURVE('',#1481,#1483,#810,.T.);
#1895=EDGE_CURVE('',#1482,#1484,#560,.T.);
#1896=EDGE_CURVE('',#1484,#1485,#811,.T.);
#1897=EDGE_CURVE('',#1483,#1485,#561,.T.);
#1898=EDGE_CURVE('',#1484,#1486,#812,.T.);
#1899=EDGE_CURVE('',#1486,#1487,#813,.T.);
#1900=EDGE_CURVE('',#1485,#1487,#814,.T.);
#1901=EDGE_CURVE('',#1486,#1488,#562,.T.);
#1902=EDGE_CURVE('',#1488,#1489,#815,.T.);
#1903=EDGE_CURVE('',#1487,#1489,#563,.T.);
#1904=EDGE_CURVE('',#1488,#1490,#816,.T.);
#1905=EDGE_CURVE('',#1490,#1491,#817,.T.);
#1906=EDGE_CURVE('',#1489,#1491,#818,.T.);
#1907=EDGE_CURVE('',#1490,#1492,#564,.T.);
#1908=EDGE_CURVE('',#1492,#1493,#819,.T.);
#1909=EDGE_CURVE('',#1491,#1493,#565,.T.);
#1910=EDGE_CURVE('',#1492,#1494,#820,.T.);
#1911=EDGE_CURVE('',#1494,#1495,#821,.T.);
#1912=EDGE_CURVE('',#1493,#1495,#822,.T.);
#1913=EDGE_CURVE('',#1494,#1496,#566,.T.);
#1914=EDGE_CURVE('',#1496,#1497,#823,.T.);
#1915=EDGE_CURVE('',#1495,#1497,#567,.T.);
#1916=EDGE_CURVE('',#1496,#1498,#824,.T.);
#1917=EDGE_CURVE('',#1498,#1499,#825,.T.);
#1918=EDGE_CURVE('',#1497,#1499,#826,.T.);
#1919=EDGE_CURVE('',#1498,#1500,#568,.T.);
#1920=EDGE_CURVE('',#1500,#1501,#827,.T.);
#1921=EDGE_CURVE('',#1499,#1501,#569,.T.);
#1922=EDGE_CURVE('',#1500,#1502,#828,.T.);
#1923=EDGE_CURVE('',#1502,#1503,#829,.T.);
#1924=EDGE_CURVE('',#1501,#1503,#830,.T.);
#1925=EDGE_CURVE('',#1502,#1504,#570,.T.);
#1926=EDGE_CURVE('',#1504,#1505,#831,.T.);
#1927=EDGE_CURVE('',#1503,#1505,#571,.T.);
#1928=EDGE_CURVE('',#1504,#1506,#832,.T.);
#1929=EDGE_CURVE('',#1506,#1507,#833,.T.);
#1930=EDGE_CURVE('',#1505,#1507,#834,.T.);
#1931=EDGE_CURVE('',#1506,#1508,#572,.T.);
#1932=EDGE_CURVE('',#1508,#1509,#835,.T.);
#1933=EDGE_CURVE('',#1507,#1509,#573,.T.);
#1934=EDGE_CURVE('',#1508,#1462,#836,.T.);
#1935=EDGE_CURVE('',#1509,#1465,#837,.T.);
#1936=EDGE_CURVE('',#1510,#1511,#574,.T.);
#1937=EDGE_CURVE('',#1511,#1512,#838,.T.);
#1938=EDGE_CURVE('',#1513,#1512,#575,.T.);
#1939=EDGE_CURVE('',#1510,#1513,#839,.T.);
#1940=EDGE_CURVE('',#1511,#1514,#840,.T.);
#1941=EDGE_CURVE('',#1514,#1515,#841,.T.);
#1942=EDGE_CURVE('',#1512,#1515,#842,.T.);
#1943=EDGE_CURVE('',#1514,#1516,#576,.T.);
#1944=EDGE_CURVE('',#1516,#1517,#843,.T.);
#1945=EDGE_CURVE('',#1515,#1517,#577,.T.);
#1946=EDGE_CURVE('',#1516,#1518,#844,.T.);
#1947=EDGE_CURVE('',#1518,#1519,#845,.T.);
#1948=EDGE_CURVE('',#1517,#1519,#846,.T.);
#1949=EDGE_CURVE('',#1518,#1520,#578,.T.);
#1950=EDGE_CURVE('',#1520,#1521,#847,.T.);
#1951=EDGE_CURVE('',#1519,#1521,#579,.T.);
#1952=EDGE_CURVE('',#1520,#1522,#848,.T.);
#1953=EDGE_CURVE('',#1522,#1523,#849,.T.);
#1954=EDGE_CURVE('',#1521,#1523,#850,.T.);
#1955=EDGE_CURVE('',#1522,#1524,#580,.T.);
#1956=EDGE_CURVE('',#1524,#1525,#851,.T.);
#1957=EDGE_CURVE('',#1523,#1525,#581,.T.);
#1958=EDGE_CURVE('',#1524,#1526,#852,.T.);
#1959=EDGE_CURVE('',#1526,#1527,#853,.T.);
#1960=EDGE_CURVE('',#1525,#1527,#854,.T.);
#1961=EDGE_CURVE('',#1526,#1528,#582,.T.);
#1962=EDGE_CURVE('',#1528,#1529,#855,.T.);
#1963=EDGE_CURVE('',#1527,#1529,#583,.T.);
#1964=EDGE_CURVE('',#1528,#1530,#856,.T.);
#1965=EDGE_CURVE('',#1530,#1531,#857,.T.);
#1966=EDGE_CURVE('',#1529,#1531,#858,.T.);
#1967=EDGE_CURVE('',#1530,#1532,#584,.T.);
#1968=EDGE_CURVE('',#1532,#1533,#859,.T.);
#1969=EDGE_CURVE('',#1531,#1533,#585,.T.);
#1970=EDGE_CURVE('',#1532,#1534,#860,.T.);
#1971=EDGE_CURVE('',#1534,#1535,#861,.T.);
#1972=EDGE_CURVE('',#1533,#1535,#862,.T.);
#1973=EDGE_CURVE('',#1534,#1536,#586,.T.);
#1974=EDGE_CURVE('',#1536,#1537,#863,.T.);
#1975=EDGE_CURVE('',#1535,#1537,#587,.T.);
#1976=EDGE_CURVE('',#1536,#1538,#864,.T.);
#1977=EDGE_CURVE('',#1538,#1539,#865,.T.);
#1978=EDGE_CURVE('',#1537,#1539,#866,.T.);
#1979=EDGE_CURVE('',#1538,#1540,#588,.T.);
#1980=EDGE_CURVE('',#1540,#1541,#867,.T.);
#1981=EDGE_CURVE('',#1539,#1541,#589,.T.);
#1982=EDGE_CURVE('',#1540,#1542,#868,.T.);
#1983=EDGE_CURVE('',#1542,#1543,#869,.T.);
#1984=EDGE_CURVE('',#1541,#1543,#870,.T.);
#1985=EDGE_CURVE('',#1542,#1544,#590,.T.);
#1986=EDGE_CURVE('',#1544,#1545,#871,.T.);
#1987=EDGE_CURVE('',#1543,#1545,#591,.T.);
#1988=EDGE_CURVE('',#1544,#1546,#872,.T.);
#1989=EDGE_CURVE('',#1546,#1547,#873,.T.);
#1990=EDGE_CURVE('',#1545,#1547,#874,.T.);
#1991=EDGE_CURVE('',#1546,#1548,#592,.T.);
#1992=EDGE_CURVE('',#1548,#1549,#875,.T.);
#1993=EDGE_CURVE('',#1547,#1549,#593,.T.);
#1994=EDGE_CURVE('',#1548,#1550,#876,.T.);
#1995=EDGE_CURVE('',#1550,#1551,#877,.T.);
#1996=EDGE_CURVE('',#1549,#1551,#878,.T.);
#1997=EDGE_CURVE('',#1550,#1552,#594,.T.);
#1998=EDGE_CURVE('',#1552,#1553,#879,.T.);
#1999=EDGE_CURVE('',#1551,#1553,#595,.T.);
#2000=EDGE_CURVE('',#1552,#1554,#880,.T.);
#2001=EDGE_CURVE('',#1554,#1555,#881,.T.);
#2002=EDGE_CURVE('',#1553,#1555,#882,.T.);
#2003=EDGE_CURVE('',#1554,#1556,#596,.T.);
#2004=EDGE_CURVE('',#1556,#1557,#883,.T.);
#2005=EDGE_CURVE('',#1555,#1557,#597,.T.);
#2006=EDGE_CURVE('',#1556,#1510,#884,.T.);
#2007=EDGE_CURVE('',#1557,#1513,#885,.T.);
#2008=EDGE_CURVE('',#1558,#1559,#598,.T.);
#2009=EDGE_CURVE('',#1559,#1560,#886,.T.);
#2010=EDGE_CURVE('',#1561,#1560,#599,.T.);
#2011=EDGE_CURVE('',#1558,#1561,#887,.T.);
#2012=EDGE_CURVE('',#1559,#1562,#888,.T.);
#2013=EDGE_CURVE('',#1562,#1563,#889,.T.);
#2014=EDGE_CURVE('',#1560,#1563,#890,.T.);
#2015=EDGE_CURVE('',#1562,#1564,#600,.T.);
#2016=EDGE_CURVE('',#1564,#1565,#891,.T.);
#2017=EDGE_CURVE('',#1563,#1565,#601,.T.);
#2018=EDGE_CURVE('',#1566,#1567,#892,.T.);
#2019=EDGE_CURVE('',#1565,#1566,#893,.T.);
#2020=EDGE_CURVE('',#1564,#1567,#894,.T.);
#2021=EDGE_CURVE('',#1568,#1569,#602,.T.);
#2022=EDGE_CURVE('',#1569,#1570,#895,.T.);
#2023=EDGE_CURVE('',#1571,#1570,#603,.T.);
#2024=EDGE_CURVE('',#1568,#1571,#896,.T.);
#2025=EDGE_CURVE('',#1569,#1572,#897,.T.);
#2026=EDGE_CURVE('',#1572,#1573,#898,.T.);
#2027=EDGE_CURVE('',#1570,#1573,#899,.T.);
#2028=EDGE_CURVE('',#1572,#1574,#604,.T.);
#2029=EDGE_CURVE('',#1574,#1575,#900,.T.);
#2030=EDGE_CURVE('',#1573,#1575,#605,.T.);
#2031=EDGE_CURVE('',#1574,#1576,#901,.T.);
#2032=EDGE_CURVE('',#1576,#1577,#902,.T.);
#2033=EDGE_CURVE('',#1575,#1577,#903,.T.);
#2034=EDGE_CURVE('',#1576,#1578,#606,.T.);
#2035=EDGE_CURVE('',#1578,#1579,#904,.T.);
#2036=EDGE_CURVE('',#1577,#1579,#607,.T.);
#2037=EDGE_CURVE('',#1578,#1580,#905,.T.);
#2038=EDGE_CURVE('',#1580,#1581,#906,.T.);
#2039=EDGE_CURVE('',#1579,#1581,#907,.T.);
#2040=EDGE_CURVE('',#1580,#1582,#608,.T.);
#2041=EDGE_CURVE('',#1582,#1583,#908,.T.);
#2042=EDGE_CURVE('',#1581,#1583,#609,.T.);
#2043=EDGE_CURVE('',#1582,#1558,#909,.T.);
#2044=EDGE_CURVE('',#1583,#1561,#910,.T.);
#2045=EDGE_CURVE('',#1584,#1585,#610,.T.);
#2046=EDGE_CURVE('',#1585,#1586,#911,.T.);
#2047=EDGE_CURVE('',#1587,#1586,#611,.T.);
#2048=EDGE_CURVE('',#1584,#1587,#912,.T.);
#2049=EDGE_CURVE('',#1585,#1588,#913,.T.);
#2050=EDGE_CURVE('',#1588,#1589,#914,.T.);
#2051=EDGE_CURVE('',#1586,#1589,#915,.T.);
#2052=EDGE_CURVE('',#1588,#1590,#612,.T.);
#2053=EDGE_CURVE('',#1590,#1591,#916,.T.);
#2054=EDGE_CURVE('',#1589,#1591,#613,.T.);
#2055=EDGE_CURVE('',#1590,#1592,#917,.T.);
#2056=EDGE_CURVE('',#1592,#1593,#918,.T.);
#2057=EDGE_CURVE('',#1591,#1593,#919,.T.);
#2058=EDGE_CURVE('',#1592,#1594,#614,.T.);
#2059=EDGE_CURVE('',#1594,#1595,#920,.T.);
#2060=EDGE_CURVE('',#1593,#1595,#615,.T.);
#2061=EDGE_CURVE('',#1594,#1596,#921,.T.);
#2062=EDGE_CURVE('',#1596,#1597,#922,.T.);
#2063=EDGE_CURVE('',#1595,#1597,#923,.T.);
#2064=EDGE_CURVE('',#1596,#1598,#616,.T.);
#2065=EDGE_CURVE('',#1598,#1599,#924,.T.);
#2066=EDGE_CURVE('',#1597,#1599,#617,.T.);
#2067=EDGE_CURVE('',#1598,#1600,#925,.T.);
#2068=EDGE_CURVE('',#1600,#1601,#926,.T.);
#2069=EDGE_CURVE('',#1599,#1601,#927,.T.);
#2070=EDGE_CURVE('',#1600,#1602,#618,.T.);
#2071=EDGE_CURVE('',#1602,#1603,#928,.T.);
#2072=EDGE_CURVE('',#1601,#1603,#619,.T.);
#2073=EDGE_CURVE('',#1602,#1604,#929,.T.);
#2074=EDGE_CURVE('',#1604,#1605,#930,.T.);
#2075=EDGE_CURVE('',#1603,#1605,#931,.T.);
#2076=EDGE_CURVE('',#1604,#1606,#620,.T.);
#2077=EDGE_CURVE('',#1606,#1607,#932,.T.);
#2078=EDGE_CURVE('',#1605,#1607,#621,.T.);
#2079=EDGE_CURVE('',#1606,#1608,#933,.T.);
#2080=EDGE_CURVE('',#1608,#1609,#934,.T.);
#2081=EDGE_CURVE('',#1607,#1609,#935,.T.);
#2082=EDGE_CURVE('',#1608,#1610,#622,.T.);
#2083=EDGE_CURVE('',#1610,#1611,#936,.T.);
#2084=EDGE_CURVE('',#1609,#1611,#623,.T.);
#2085=EDGE_CURVE('',#1610,#1612,#937,.T.);
#2086=EDGE_CURVE('',#1612,#1613,#938,.T.);
#2087=EDGE_CURVE('',#1611,#1613,#939,.T.);
#2088=EDGE_CURVE('',#1612,#1614,#624,.T.);
#2089=EDGE_CURVE('',#1614,#1615,#940,.T.);
#2090=EDGE_CURVE('',#1613,#1615,#625,.T.);
#2091=EDGE_CURVE('',#1614,#1616,#941,.T.);
#2092=EDGE_CURVE('',#1616,#1617,#942,.T.);
#2093=EDGE_CURVE('',#1615,#1617,#943,.T.);
#2094=EDGE_CURVE('',#1616,#1618,#626,.T.);
#2095=EDGE_CURVE('',#1618,#1619,#944,.T.);
#2096=EDGE_CURVE('',#1617,#1619,#627,.T.);
#2097=EDGE_CURVE('',#1618,#1620,#945,.T.);
#2098=EDGE_CURVE('',#1620,#1621,#946,.T.);
#2099=EDGE_CURVE('',#1619,#1621,#947,.T.);
#2100=EDGE_CURVE('',#1620,#1622,#628,.T.);
#2101=EDGE_CURVE('',#1622,#1623,#948,.T.);
#2102=EDGE_CURVE('',#1621,#1623,#629,.T.);
#2103=EDGE_CURVE('',#1622,#1624,#949,.T.);
#2104=EDGE_CURVE('',#1624,#1625,#950,.T.);
#2105=EDGE_CURVE('',#1623,#1625,#951,.T.);
#2106=EDGE_CURVE('',#1624,#1626,#630,.T.);
#2107=EDGE_CURVE('',#1626,#1627,#952,.T.);
#2108=EDGE_CURVE('',#1625,#1627,#631,.T.);
#2109=EDGE_CURVE('',#1626,#1628,#953,.T.);
#2110=EDGE_CURVE('',#1628,#1629,#954,.T.);
#2111=EDGE_CURVE('',#1627,#1629,#955,.T.);
#2112=EDGE_CURVE('',#1628,#1630,#632,.T.);
#2113=EDGE_CURVE('',#1630,#1631,#956,.T.);
#2114=EDGE_CURVE('',#1629,#1631,#633,.T.);
#2115=EDGE_CURVE('',#1630,#1584,#957,.T.);
#2116=EDGE_CURVE('',#1631,#1587,#958,.T.);
#2117=EDGE_CURVE('',#1632,#1633,#959,.T.);
#2118=EDGE_CURVE('',#1632,#1568,#960,.T.);
#2119=EDGE_CURVE('',#1633,#1571,#961,.T.);
#2120=EDGE_CURVE('',#1634,#1632,#634,.T.);
#2121=EDGE_CURVE('',#1635,#1633,#635,.T.);
#2122=EDGE_CURVE('',#1635,#1634,#962,.T.);
#2123=EDGE_CURVE('',#1636,#1637,#963,.T.);
#2124=EDGE_CURVE('',#1636,#1634,#964,.T.);
#2125=EDGE_CURVE('',#1637,#1635,#965,.T.);
#2126=EDGE_CURVE('',#1567,#1636,#636,.T.);
#2127=EDGE_CURVE('',#1566,#1637,#637,.T.);
#2128=EDGE_CURVE('',#1638,#1327,#966,.T.);
#2129=EDGE_CURVE('',#1638,#1323,#967,.T.);
#2130=EDGE_CURVE('',#1322,#1332,#968,.T.);
#2131=EDGE_CURVE('',#1333,#1325,#969,.T.);
#2132=EDGE_CURVE('',#1329,#1639,#970,.T.);
#2133=EDGE_CURVE('',#1324,#1639,#971,.T.);
#2134=EDGE_CURVE('',#1639,#1638,#972,.T.);
#2135=ORIENTED_EDGE('',*,*,#1640,.F.);
#2136=ORIENTED_EDGE('',*,*,#1641,.F.);
#2137=ORIENTED_EDGE('',*,*,#1642,.F.);
#2138=ORIENTED_EDGE('',*,*,#1643,.T.);
#2139=ORIENTED_EDGE('',*,*,#1644,.F.);
#2140=ORIENTED_EDGE('',*,*,#1643,.F.);
#2141=ORIENTED_EDGE('',*,*,#1645,.F.);
#2142=ORIENTED_EDGE('',*,*,#1641,.T.);
#2143=ORIENTED_EDGE('',*,*,#1646,.F.);
#2144=ORIENTED_EDGE('',*,*,#1647,.F.);
#2145=ORIENTED_EDGE('',*,*,#1648,.F.);
#2146=ORIENTED_EDGE('',*,*,#1649,.T.);
#2147=ORIENTED_EDGE('',*,*,#1650,.F.);
#2148=ORIENTED_EDGE('',*,*,#1649,.F.);
#2149=ORIENTED_EDGE('',*,*,#1651,.F.);
#2150=ORIENTED_EDGE('',*,*,#1647,.T.);
#2151=ORIENTED_EDGE('',*,*,#1652,.F.);
#2152=ORIENTED_EDGE('',*,*,#1653,.T.);
#2153=ORIENTED_EDGE('',*,*,#1654,.F.);
#2154=ORIENTED_EDGE('',*,*,#1653,.F.);
#2155=ORIENTED_EDGE('',*,*,#1655,.F.);
#2156=ORIENTED_EDGE('',*,*,#1656,.T.);
#2157=ORIENTED_EDGE('',*,*,#1657,.F.);
#2158=ORIENTED_EDGE('',*,*,#1656,.F.);
#2159=ORIENTED_EDGE('',*,*,#1658,.T.);
#2160=ORIENTED_EDGE('',*,*,#1659,.T.);
#2161=ORIENTED_EDGE('',*,*,#1660,.F.);
#2162=ORIENTED_EDGE('',*,*,#1661,.F.);
#2163=ORIENTED_EDGE('',*,*,#1662,.F.);
#2164=ORIENTED_EDGE('',*,*,#1663,.T.);
#2165=ORIENTED_EDGE('',*,*,#1664,.F.);
#2166=ORIENTED_EDGE('',*,*,#1665,.F.);
#2167=ORIENTED_EDGE('',*,*,#1666,.T.);
#2168=ORIENTED_EDGE('',*,*,#1667,.T.);
#2169=ORIENTED_EDGE('',*,*,#1668,.F.);
#2170=ORIENTED_EDGE('',*,*,#1663,.F.);
#2171=ORIENTED_EDGE('',*,*,#1669,.T.);
#2172=ORIENTED_EDGE('',*,*,#1670,.T.);
#2173=ORIENTED_EDGE('',*,*,#1671,.F.);
#2174=ORIENTED_EDGE('',*,*,#1667,.F.);
#2175=ORIENTED_EDGE('',*,*,#1672,.T.);
#2176=ORIENTED_EDGE('',*,*,#1673,.T.);
#2177=ORIENTED_EDGE('',*,*,#1674,.F.);
#2178=ORIENTED_EDGE('',*,*,#1675,.F.);
#2179=ORIENTED_EDGE('',*,*,#1676,.T.);
#2180=ORIENTED_EDGE('',*,*,#1677,.T.);
#2181=ORIENTED_EDGE('',*,*,#1678,.F.);
#2182=ORIENTED_EDGE('',*,*,#1673,.F.);
#2183=ORIENTED_EDGE('',*,*,#1679,.T.);
#2184=ORIENTED_EDGE('',*,*,#1680,.T.);
#2185=ORIENTED_EDGE('',*,*,#1681,.F.);
#2186=ORIENTED_EDGE('',*,*,#1677,.F.);
#2187=ORIENTED_EDGE('',*,*,#1682,.T.);
#2188=ORIENTED_EDGE('',*,*,#1683,.T.);
#2189=ORIENTED_EDGE('',*,*,#1684,.F.);
#2190=ORIENTED_EDGE('',*,*,#1680,.F.);
#2191=ORIENTED_EDGE('',*,*,#1685,.T.);
#2192=ORIENTED_EDGE('',*,*,#1686,.T.);
#2193=ORIENTED_EDGE('',*,*,#1687,.F.);
#2194=ORIENTED_EDGE('',*,*,#1683,.F.);
#2195=ORIENTED_EDGE('',*,*,#1688,.T.);
#2196=ORIENTED_EDGE('',*,*,#1689,.T.);
#2197=ORIENTED_EDGE('',*,*,#1690,.F.);
#2198=ORIENTED_EDGE('',*,*,#1686,.F.);
#2199=ORIENTED_EDGE('',*,*,#1691,.T.);
#2200=ORIENTED_EDGE('',*,*,#1692,.T.);
#2201=ORIENTED_EDGE('',*,*,#1693,.F.);
#2202=ORIENTED_EDGE('',*,*,#1689,.F.);
#2203=ORIENTED_EDGE('',*,*,#1694,.T.);
#2204=ORIENTED_EDGE('',*,*,#1695,.T.);
#2205=ORIENTED_EDGE('',*,*,#1696,.F.);
#2206=ORIENTED_EDGE('',*,*,#1692,.F.);
#2207=ORIENTED_EDGE('',*,*,#1697,.T.);
#2208=ORIENTED_EDGE('',*,*,#1698,.T.);
#2209=ORIENTED_EDGE('',*,*,#1699,.F.);
#2210=ORIENTED_EDGE('',*,*,#1695,.F.);
#2211=ORIENTED_EDGE('',*,*,#1700,.T.);
#2212=ORIENTED_EDGE('',*,*,#1701,.T.);
#2213=ORIENTED_EDGE('',*,*,#1702,.F.);
#2214=ORIENTED_EDGE('',*,*,#1698,.F.);
#2215=ORIENTED_EDGE('',*,*,#1703,.T.);
#2216=ORIENTED_EDGE('',*,*,#1704,.T.);
#2217=ORIENTED_EDGE('',*,*,#1705,.F.);
#2218=ORIENTED_EDGE('',*,*,#1701,.F.);
#2219=ORIENTED_EDGE('',*,*,#1706,.T.);
#2220=ORIENTED_EDGE('',*,*,#1707,.T.);
#2221=ORIENTED_EDGE('',*,*,#1708,.F.);
#2222=ORIENTED_EDGE('',*,*,#1704,.F.);
#2223=ORIENTED_EDGE('',*,*,#1709,.T.);
#2224=ORIENTED_EDGE('',*,*,#1710,.T.);
#2225=ORIENTED_EDGE('',*,*,#1711,.F.);
#2226=ORIENTED_EDGE('',*,*,#1707,.F.);
#2227=ORIENTED_EDGE('',*,*,#1712,.T.);
#2228=ORIENTED_EDGE('',*,*,#1713,.T.);
#2229=ORIENTED_EDGE('',*,*,#1714,.F.);
#2230=ORIENTED_EDGE('',*,*,#1710,.F.);
#2231=ORIENTED_EDGE('',*,*,#1715,.T.);
#2232=ORIENTED_EDGE('',*,*,#1716,.T.);
#2233=ORIENTED_EDGE('',*,*,#1717,.F.);
#2234=ORIENTED_EDGE('',*,*,#1713,.F.);
#2235=ORIENTED_EDGE('',*,*,#1718,.T.);
#2236=ORIENTED_EDGE('',*,*,#1719,.T.);
#2237=ORIENTED_EDGE('',*,*,#1720,.F.);
#2238=ORIENTED_EDGE('',*,*,#1716,.F.);
#2239=ORIENTED_EDGE('',*,*,#1721,.T.);
#2240=ORIENTED_EDGE('',*,*,#1722,.T.);
#2241=ORIENTED_EDGE('',*,*,#1723,.F.);
#2242=ORIENTED_EDGE('',*,*,#1719,.F.);
#2243=ORIENTED_EDGE('',*,*,#1724,.T.);
#2244=ORIENTED_EDGE('',*,*,#1725,.T.);
#2245=ORIENTED_EDGE('',*,*,#1726,.F.);
#2246=ORIENTED_EDGE('',*,*,#1722,.F.);
#2247=ORIENTED_EDGE('',*,*,#1727,.T.);
#2248=ORIENTED_EDGE('',*,*,#1728,.T.);
#2249=ORIENTED_EDGE('',*,*,#1729,.F.);
#2250=ORIENTED_EDGE('',*,*,#1725,.F.);
#2251=ORIENTED_EDGE('',*,*,#1730,.T.);
#2252=ORIENTED_EDGE('',*,*,#1731,.T.);
#2253=ORIENTED_EDGE('',*,*,#1732,.F.);
#2254=ORIENTED_EDGE('',*,*,#1728,.F.);
#2255=ORIENTED_EDGE('',*,*,#1733,.T.);
#2256=ORIENTED_EDGE('',*,*,#1734,.T.);
#2257=ORIENTED_EDGE('',*,*,#1735,.F.);
#2258=ORIENTED_EDGE('',*,*,#1731,.F.);
#2259=ORIENTED_EDGE('',*,*,#1736,.T.);
#2260=ORIENTED_EDGE('',*,*,#1737,.T.);
#2261=ORIENTED_EDGE('',*,*,#1738,.F.);
#2262=ORIENTED_EDGE('',*,*,#1734,.F.);
#2263=ORIENTED_EDGE('',*,*,#1739,.T.);
#2264=ORIENTED_EDGE('',*,*,#1740,.T.);
#2265=ORIENTED_EDGE('',*,*,#1741,.F.);
#2266=ORIENTED_EDGE('',*,*,#1737,.F.);
#2267=ORIENTED_EDGE('',*,*,#1742,.T.);
#2268=ORIENTED_EDGE('',*,*,#1675,.T.);
#2269=ORIENTED_EDGE('',*,*,#1743,.F.);
#2270=ORIENTED_EDGE('',*,*,#1740,.F.);
#2271=ORIENTED_EDGE('',*,*,#1744,.T.);
#2272=ORIENTED_EDGE('',*,*,#1745,.T.);
#2273=ORIENTED_EDGE('',*,*,#1746,.F.);
#2274=ORIENTED_EDGE('',*,*,#1747,.F.);
#2275=ORIENTED_EDGE('',*,*,#1748,.T.);
#2276=ORIENTED_EDGE('',*,*,#1749,.T.);
#2277=ORIENTED_EDGE('',*,*,#1750,.F.);
#2278=ORIENTED_EDGE('',*,*,#1745,.F.);
#2279=ORIENTED_EDGE('',*,*,#1751,.T.);
#2280=ORIENTED_EDGE('',*,*,#1752,.T.);
#2281=ORIENTED_EDGE('',*,*,#1753,.F.);
#2282=ORIENTED_EDGE('',*,*,#1749,.F.);
#2283=ORIENTED_EDGE('',*,*,#1754,.T.);
#2284=ORIENTED_EDGE('',*,*,#1755,.T.);
#2285=ORIENTED_EDGE('',*,*,#1756,.F.);
#2286=ORIENTED_EDGE('',*,*,#1752,.F.);
#2287=ORIENTED_EDGE('',*,*,#1757,.T.);
#2288=ORIENTED_EDGE('',*,*,#1758,.T.);
#2289=ORIENTED_EDGE('',*,*,#1759,.F.);
#2290=ORIENTED_EDGE('',*,*,#1755,.F.);
#2291=ORIENTED_EDGE('',*,*,#1760,.T.);
#2292=ORIENTED_EDGE('',*,*,#1761,.T.);
#2293=ORIENTED_EDGE('',*,*,#1762,.F.);
#2294=ORIENTED_EDGE('',*,*,#1758,.F.);
#2295=ORIENTED_EDGE('',*,*,#1763,.T.);
#2296=ORIENTED_EDGE('',*,*,#1764,.T.);
#2297=ORIENTED_EDGE('',*,*,#1765,.F.);
#2298=ORIENTED_EDGE('',*,*,#1761,.F.);
#2299=ORIENTED_EDGE('',*,*,#1766,.T.);
#2300=ORIENTED_EDGE('',*,*,#1767,.T.);
#2301=ORIENTED_EDGE('',*,*,#1768,.F.);
#2302=ORIENTED_EDGE('',*,*,#1764,.F.);
#2303=ORIENTED_EDGE('',*,*,#1769,.T.);
#2304=ORIENTED_EDGE('',*,*,#1770,.T.);
#2305=ORIENTED_EDGE('',*,*,#1771,.F.);
#2306=ORIENTED_EDGE('',*,*,#1767,.F.);
#2307=ORIENTED_EDGE('',*,*,#1772,.T.);
#2308=ORIENTED_EDGE('',*,*,#1773,.T.);
#2309=ORIENTED_EDGE('',*,*,#1774,.F.);
#2310=ORIENTED_EDGE('',*,*,#1770,.F.);
#2311=ORIENTED_EDGE('',*,*,#1775,.T.);
#2312=ORIENTED_EDGE('',*,*,#1776,.T.);
#2313=ORIENTED_EDGE('',*,*,#1777,.F.);
#2314=ORIENTED_EDGE('',*,*,#1773,.F.);
#2315=ORIENTED_EDGE('',*,*,#1778,.T.);
#2316=ORIENTED_EDGE('',*,*,#1779,.T.);
#2317=ORIENTED_EDGE('',*,*,#1780,.F.);
#2318=ORIENTED_EDGE('',*,*,#1776,.F.);
#2319=ORIENTED_EDGE('',*,*,#1644,.T.);
#2320=ORIENTED_EDGE('',*,*,#1640,.T.);
#2321=ORIENTED_EDGE('',*,*,#1650,.T.);
#2322=ORIENTED_EDGE('',*,*,#1646,.T.);
#2323=ORIENTED_EDGE('',*,*,#1781,.T.);
#2324=ORIENTED_EDGE('',*,*,#1782,.T.);
#2325=ORIENTED_EDGE('',*,*,#1783,.F.);
#2326=ORIENTED_EDGE('',*,*,#1779,.F.);
#2327=ORIENTED_EDGE('',*,*,#1784,.T.);
#2328=ORIENTED_EDGE('',*,*,#1785,.T.);
#2329=ORIENTED_EDGE('',*,*,#1786,.F.);
#2330=ORIENTED_EDGE('',*,*,#1782,.F.);
#2331=ORIENTED_EDGE('',*,*,#1787,.T.);
#2332=ORIENTED_EDGE('',*,*,#1788,.T.);
#2333=ORIENTED_EDGE('',*,*,#1789,.F.);
#2334=ORIENTED_EDGE('',*,*,#1785,.F.);
#2335=ORIENTED_EDGE('',*,*,#1790,.T.);
#2336=ORIENTED_EDGE('',*,*,#1747,.T.);
#2337=ORIENTED_EDGE('',*,*,#1791,.F.);
#2338=ORIENTED_EDGE('',*,*,#1788,.F.);
#2339=ORIENTED_EDGE('',*,*,#1792,.T.);
#2340=ORIENTED_EDGE('',*,*,#1793,.T.);
#2341=ORIENTED_EDGE('',*,*,#1794,.F.);
#2342=ORIENTED_EDGE('',*,*,#1795,.F.);
#2343=ORIENTED_EDGE('',*,*,#1796,.T.);
#2344=ORIENTED_EDGE('',*,*,#1797,.T.);
#2345=ORIENTED_EDGE('',*,*,#1798,.F.);
#2346=ORIENTED_EDGE('',*,*,#1793,.F.);
#2347=ORIENTED_EDGE('',*,*,#1799,.T.);
#2348=ORIENTED_EDGE('',*,*,#1800,.T.);
#2349=ORIENTED_EDGE('',*,*,#1801,.F.);
#2350=ORIENTED_EDGE('',*,*,#1797,.F.);
#2351=ORIENTED_EDGE('',*,*,#1802,.T.);
#2352=ORIENTED_EDGE('',*,*,#1803,.T.);
#2353=ORIENTED_EDGE('',*,*,#1804,.F.);
#2354=ORIENTED_EDGE('',*,*,#1800,.F.);
#2355=ORIENTED_EDGE('',*,*,#1805,.T.);
#2356=ORIENTED_EDGE('',*,*,#1806,.T.);
#2357=ORIENTED_EDGE('',*,*,#1807,.F.);
#2358=ORIENTED_EDGE('',*,*,#1803,.F.);
#2359=ORIENTED_EDGE('',*,*,#1808,.T.);
#2360=ORIENTED_EDGE('',*,*,#1809,.T.);
#2361=ORIENTED_EDGE('',*,*,#1810,.F.);
#2362=ORIENTED_EDGE('',*,*,#1806,.F.);
#2363=ORIENTED_EDGE('',*,*,#1811,.T.);
#2364=ORIENTED_EDGE('',*,*,#1812,.T.);
#2365=ORIENTED_EDGE('',*,*,#1813,.F.);
#2366=ORIENTED_EDGE('',*,*,#1809,.F.);
#2367=ORIENTED_EDGE('',*,*,#1814,.T.);
#2368=ORIENTED_EDGE('',*,*,#1815,.T.);
#2369=ORIENTED_EDGE('',*,*,#1816,.F.);
#2370=ORIENTED_EDGE('',*,*,#1812,.F.);
#2371=ORIENTED_EDGE('',*,*,#1817,.T.);
#2372=ORIENTED_EDGE('',*,*,#1818,.T.);
#2373=ORIENTED_EDGE('',*,*,#1819,.F.);
#2374=ORIENTED_EDGE('',*,*,#1815,.F.);
#2375=ORIENTED_EDGE('',*,*,#1820,.T.);
#2376=ORIENTED_EDGE('',*,*,#1821,.T.);
#2377=ORIENTED_EDGE('',*,*,#1822,.F.);
#2378=ORIENTED_EDGE('',*,*,#1818,.F.);
#2379=ORIENTED_EDGE('',*,*,#1823,.T.);
#2380=ORIENTED_EDGE('',*,*,#1824,.T.);
#2381=ORIENTED_EDGE('',*,*,#1825,.F.);
#2382=ORIENTED_EDGE('',*,*,#1821,.F.);
#2383=ORIENTED_EDGE('',*,*,#1826,.T.);
#2384=ORIENTED_EDGE('',*,*,#1827,.T.);
#2385=ORIENTED_EDGE('',*,*,#1828,.F.);
#2386=ORIENTED_EDGE('',*,*,#1824,.F.);
#2387=ORIENTED_EDGE('',*,*,#1829,.T.);
#2388=ORIENTED_EDGE('',*,*,#1830,.T.);
#2389=ORIENTED_EDGE('',*,*,#1831,.F.);
#2390=ORIENTED_EDGE('',*,*,#1827,.F.);
#2391=ORIENTED_EDGE('',*,*,#1832,.T.);
#2392=ORIENTED_EDGE('',*,*,#1833,.T.);
#2393=ORIENTED_EDGE('',*,*,#1834,.F.);
#2394=ORIENTED_EDGE('',*,*,#1830,.F.);
#2395=ORIENTED_EDGE('',*,*,#1835,.T.);
#2396=ORIENTED_EDGE('',*,*,#1836,.T.);
#2397=ORIENTED_EDGE('',*,*,#1837,.F.);
#2398=ORIENTED_EDGE('',*,*,#1833,.F.);
#2399=ORIENTED_EDGE('',*,*,#1838,.T.);
#2400=ORIENTED_EDGE('',*,*,#1839,.T.);
#2401=ORIENTED_EDGE('',*,*,#1840,.F.);
#2402=ORIENTED_EDGE('',*,*,#1836,.F.);
#2403=ORIENTED_EDGE('',*,*,#1841,.T.);
#2404=ORIENTED_EDGE('',*,*,#1842,.T.);
#2405=ORIENTED_EDGE('',*,*,#1843,.F.);
#2406=ORIENTED_EDGE('',*,*,#1839,.F.);
#2407=ORIENTED_EDGE('',*,*,#1844,.T.);
#2408=ORIENTED_EDGE('',*,*,#1845,.T.);
#2409=ORIENTED_EDGE('',*,*,#1846,.F.);
#2410=ORIENTED_EDGE('',*,*,#1842,.F.);
#2411=ORIENTED_EDGE('',*,*,#1847,.T.);
#2412=ORIENTED_EDGE('',*,*,#1848,.T.);
#2413=ORIENTED_EDGE('',*,*,#1849,.F.);
#2414=ORIENTED_EDGE('',*,*,#1845,.F.);
#2415=ORIENTED_EDGE('',*,*,#1850,.T.);
#2416=ORIENTED_EDGE('',*,*,#1851,.T.);
#2417=ORIENTED_EDGE('',*,*,#1852,.F.);
#2418=ORIENTED_EDGE('',*,*,#1848,.F.);
#2419=ORIENTED_EDGE('',*,*,#1853,.T.);
#2420=ORIENTED_EDGE('',*,*,#1854,.T.);
#2421=ORIENTED_EDGE('',*,*,#1855,.F.);
#2422=ORIENTED_EDGE('',*,*,#1851,.F.);
#2423=ORIENTED_EDGE('',*,*,#1856,.T.);
#2424=ORIENTED_EDGE('',*,*,#1857,.T.);
#2425=ORIENTED_EDGE('',*,*,#1858,.F.);
#2426=ORIENTED_EDGE('',*,*,#1854,.F.);
#2427=ORIENTED_EDGE('',*,*,#1859,.T.);
#2428=ORIENTED_EDGE('',*,*,#1860,.T.);
#2429=ORIENTED_EDGE('',*,*,#1861,.F.);
#2430=ORIENTED_EDGE('',*,*,#1857,.F.);
#2431=ORIENTED_EDGE('',*,*,#1862,.T.);
#2432=ORIENTED_EDGE('',*,*,#1795,.T.);
#2433=ORIENTED_EDGE('',*,*,#1863,.F.);
#2434=ORIENTED_EDGE('',*,*,#1860,.F.);
#2435=ORIENTED_EDGE('',*,*,#1864,.T.);
#2436=ORIENTED_EDGE('',*,*,#1865,.T.);
#2437=ORIENTED_EDGE('',*,*,#1866,.F.);
#2438=ORIENTED_EDGE('',*,*,#1867,.F.);
#2439=ORIENTED_EDGE('',*,*,#1868,.T.);
#2440=ORIENTED_EDGE('',*,*,#1869,.T.);
#2441=ORIENTED_EDGE('',*,*,#1870,.F.);
#2442=ORIENTED_EDGE('',*,*,#1865,.F.);
#2443=ORIENTED_EDGE('',*,*,#1871,.T.);
#2444=ORIENTED_EDGE('',*,*,#1872,.T.);
#2445=ORIENTED_EDGE('',*,*,#1873,.F.);
#2446=ORIENTED_EDGE('',*,*,#1869,.F.);
#2447=ORIENTED_EDGE('',*,*,#1874,.T.);
#2448=ORIENTED_EDGE('',*,*,#1875,.T.);
#2449=ORIENTED_EDGE('',*,*,#1876,.F.);
#2450=ORIENTED_EDGE('',*,*,#1872,.F.);
#2451=ORIENTED_EDGE('',*,*,#1877,.T.);
#2452=ORIENTED_EDGE('',*,*,#1878,.T.);
#2453=ORIENTED_EDGE('',*,*,#1879,.F.);
#2454=ORIENTED_EDGE('',*,*,#1875,.F.);
#2455=ORIENTED_EDGE('',*,*,#1880,.T.);
#2456=ORIENTED_EDGE('',*,*,#1881,.T.);
#2457=ORIENTED_EDGE('',*,*,#1882,.F.);
#2458=ORIENTED_EDGE('',*,*,#1878,.F.);
#2459=ORIENTED_EDGE('',*,*,#1883,.T.);
#2460=ORIENTED_EDGE('',*,*,#1884,.T.);
#2461=ORIENTED_EDGE('',*,*,#1885,.F.);
#2462=ORIENTED_EDGE('',*,*,#1881,.F.);
#2463=ORIENTED_EDGE('',*,*,#1886,.T.);
#2464=ORIENTED_EDGE('',*,*,#1887,.T.);
#2465=ORIENTED_EDGE('',*,*,#1888,.F.);
#2466=ORIENTED_EDGE('',*,*,#1884,.F.);
#2467=ORIENTED_EDGE('',*,*,#1889,.T.);
#2468=ORIENTED_EDGE('',*,*,#1890,.T.);
#2469=ORIENTED_EDGE('',*,*,#1891,.F.);
#2470=ORIENTED_EDGE('',*,*,#1887,.F.);
#2471=ORIENTED_EDGE('',*,*,#1892,.T.);
#2472=ORIENTED_EDGE('',*,*,#1893,.T.);
#2473=ORIENTED_EDGE('',*,*,#1894,.F.);
#2474=ORIENTED_EDGE('',*,*,#1890,.F.);
#2475=ORIENTED_EDGE('',*,*,#1895,.T.);
#2476=ORIENTED_EDGE('',*,*,#1896,.T.);
#2477=ORIENTED_EDGE('',*,*,#1897,.F.);
#2478=ORIENTED_EDGE('',*,*,#1893,.F.);
#2479=ORIENTED_EDGE('',*,*,#1898,.T.);
#2480=ORIENTED_EDGE('',*,*,#1899,.T.);
#2481=ORIENTED_EDGE('',*,*,#1900,.F.);
#2482=ORIENTED_EDGE('',*,*,#1896,.F.);
#2483=ORIENTED_EDGE('',*,*,#1901,.T.);
#2484=ORIENTED_EDGE('',*,*,#1902,.T.);
#2485=ORIENTED_EDGE('',*,*,#1903,.F.);
#2486=ORIENTED_EDGE('',*,*,#1899,.F.);
#2487=ORIENTED_EDGE('',*,*,#1904,.T.);
#2488=ORIENTED_EDGE('',*,*,#1905,.T.);
#2489=ORIENTED_EDGE('',*,*,#1906,.F.);
#2490=ORIENTED_EDGE('',*,*,#1902,.F.);
#2491=ORIENTED_EDGE('',*,*,#1907,.T.);
#2492=ORIENTED_EDGE('',*,*,#1908,.T.);
#2493=ORIENTED_EDGE('',*,*,#1909,.F.);
#2494=ORIENTED_EDGE('',*,*,#1905,.F.);
#2495=ORIENTED_EDGE('',*,*,#1910,.T.);
#2496=ORIENTED_EDGE('',*,*,#1911,.T.);
#2497=ORIENTED_EDGE('',*,*,#1912,.F.);
#2498=ORIENTED_EDGE('',*,*,#1908,.F.);
#2499=ORIENTED_EDGE('',*,*,#1913,.T.);
#2500=ORIENTED_EDGE('',*,*,#1914,.T.);
#2501=ORIENTED_EDGE('',*,*,#1915,.F.);
#2502=ORIENTED_EDGE('',*,*,#1911,.F.);
#2503=ORIENTED_EDGE('',*,*,#1916,.T.);
#2504=ORIENTED_EDGE('',*,*,#1917,.T.);
#2505=ORIENTED_EDGE('',*,*,#1918,.F.);
#2506=ORIENTED_EDGE('',*,*,#1914,.F.);
#2507=ORIENTED_EDGE('',*,*,#1919,.T.);
#2508=ORIENTED_EDGE('',*,*,#1920,.T.);
#2509=ORIENTED_EDGE('',*,*,#1921,.F.);
#2510=ORIENTED_EDGE('',*,*,#1917,.F.);
#2511=ORIENTED_EDGE('',*,*,#1922,.T.);
#2512=ORIENTED_EDGE('',*,*,#1923,.T.);
#2513=ORIENTED_EDGE('',*,*,#1924,.F.);
#2514=ORIENTED_EDGE('',*,*,#1920,.F.);
#2515=ORIENTED_EDGE('',*,*,#1925,.T.);
#2516=ORIENTED_EDGE('',*,*,#1926,.T.);
#2517=ORIENTED_EDGE('',*,*,#1927,.F.);
#2518=ORIENTED_EDGE('',*,*,#1923,.F.);
#2519=ORIENTED_EDGE('',*,*,#1928,.T.);
#2520=ORIENTED_EDGE('',*,*,#1929,.T.);
#2521=ORIENTED_EDGE('',*,*,#1930,.F.);
#2522=ORIENTED_EDGE('',*,*,#1926,.F.);
#2523=ORIENTED_EDGE('',*,*,#1931,.T.);
#2524=ORIENTED_EDGE('',*,*,#1932,.T.);
#2525=ORIENTED_EDGE('',*,*,#1933,.F.);
#2526=ORIENTED_EDGE('',*,*,#1929,.F.);
#2527=ORIENTED_EDGE('',*,*,#1934,.T.);
#2528=ORIENTED_EDGE('',*,*,#1867,.T.);
#2529=ORIENTED_EDGE('',*,*,#1935,.F.);
#2530=ORIENTED_EDGE('',*,*,#1932,.F.);
#2531=ORIENTED_EDGE('',*,*,#1936,.T.);
#2532=ORIENTED_EDGE('',*,*,#1937,.T.);
#2533=ORIENTED_EDGE('',*,*,#1938,.F.);
#2534=ORIENTED_EDGE('',*,*,#1939,.F.);
#2535=ORIENTED_EDGE('',*,*,#1940,.T.);
#2536=ORIENTED_EDGE('',*,*,#1941,.T.);
#2537=ORIENTED_EDGE('',*,*,#1942,.F.);
#2538=ORIENTED_EDGE('',*,*,#1937,.F.);
#2539=ORIENTED_EDGE('',*,*,#1943,.T.);
#2540=ORIENTED_EDGE('',*,*,#1944,.T.);
#2541=ORIENTED_EDGE('',*,*,#1945,.F.);
#2542=ORIENTED_EDGE('',*,*,#1941,.F.);
#2543=ORIENTED_EDGE('',*,*,#1946,.T.);
#2544=ORIENTED_EDGE('',*,*,#1947,.T.);
#2545=ORIENTED_EDGE('',*,*,#1948,.F.);
#2546=ORIENTED_EDGE('',*,*,#1944,.F.);
#2547=ORIENTED_EDGE('',*,*,#1949,.T.);
#2548=ORIENTED_EDGE('',*,*,#1950,.T.);
#2549=ORIENTED_EDGE('',*,*,#1951,.F.);
#2550=ORIENTED_EDGE('',*,*,#1947,.F.);
#2551=ORIENTED_EDGE('',*,*,#1952,.T.);
#2552=ORIENTED_EDGE('',*,*,#1953,.T.);
#2553=ORIENTED_EDGE('',*,*,#1954,.F.);
#2554=ORIENTED_EDGE('',*,*,#1950,.F.);
#2555=ORIENTED_EDGE('',*,*,#1955,.T.);
#2556=ORIENTED_EDGE('',*,*,#1956,.T.);
#2557=ORIENTED_EDGE('',*,*,#1957,.F.);
#2558=ORIENTED_EDGE('',*,*,#1953,.F.);
#2559=ORIENTED_EDGE('',*,*,#1958,.T.);
#2560=ORIENTED_EDGE('',*,*,#1959,.T.);
#2561=ORIENTED_EDGE('',*,*,#1960,.F.);
#2562=ORIENTED_EDGE('',*,*,#1956,.F.);
#2563=ORIENTED_EDGE('',*,*,#1961,.T.);
#2564=ORIENTED_EDGE('',*,*,#1962,.T.);
#2565=ORIENTED_EDGE('',*,*,#1963,.F.);
#2566=ORIENTED_EDGE('',*,*,#1959,.F.);
#2567=ORIENTED_EDGE('',*,*,#1964,.T.);
#2568=ORIENTED_EDGE('',*,*,#1965,.T.);
#2569=ORIENTED_EDGE('',*,*,#1966,.F.);
#2570=ORIENTED_EDGE('',*,*,#1962,.F.);
#2571=ORIENTED_EDGE('',*,*,#1967,.T.);
#2572=ORIENTED_EDGE('',*,*,#1968,.T.);
#2573=ORIENTED_EDGE('',*,*,#1969,.F.);
#2574=ORIENTED_EDGE('',*,*,#1965,.F.);
#2575=ORIENTED_EDGE('',*,*,#1970,.T.);
#2576=ORIENTED_EDGE('',*,*,#1971,.T.);
#2577=ORIENTED_EDGE('',*,*,#1972,.F.);
#2578=ORIENTED_EDGE('',*,*,#1968,.F.);
#2579=ORIENTED_EDGE('',*,*,#1973,.T.);
#2580=ORIENTED_EDGE('',*,*,#1974,.T.);
#2581=ORIENTED_EDGE('',*,*,#1975,.F.);
#2582=ORIENTED_EDGE('',*,*,#1971,.F.);
#2583=ORIENTED_EDGE('',*,*,#1976,.T.);
#2584=ORIENTED_EDGE('',*,*,#1977,.T.);
#2585=ORIENTED_EDGE('',*,*,#1978,.F.);
#2586=ORIENTED_EDGE('',*,*,#1974,.F.);
#2587=ORIENTED_EDGE('',*,*,#1979,.T.);
#2588=ORIENTED_EDGE('',*,*,#1980,.T.);
#2589=ORIENTED_EDGE('',*,*,#1981,.F.);
#2590=ORIENTED_EDGE('',*,*,#1977,.F.);
#2591=ORIENTED_EDGE('',*,*,#1982,.T.);
#2592=ORIENTED_EDGE('',*,*,#1983,.T.);
#2593=ORIENTED_EDGE('',*,*,#1984,.F.);
#2594=ORIENTED_EDGE('',*,*,#1980,.F.);
#2595=ORIENTED_EDGE('',*,*,#1985,.T.);
#2596=ORIENTED_EDGE('',*,*,#1986,.T.);
#2597=ORIENTED_EDGE('',*,*,#1987,.F.);
#2598=ORIENTED_EDGE('',*,*,#1983,.F.);
#2599=ORIENTED_EDGE('',*,*,#1988,.T.);
#2600=ORIENTED_EDGE('',*,*,#1989,.T.);
#2601=ORIENTED_EDGE('',*,*,#1990,.F.);
#2602=ORIENTED_EDGE('',*,*,#1986,.F.);
#2603=ORIENTED_EDGE('',*,*,#1991,.T.);
#2604=ORIENTED_EDGE('',*,*,#1992,.T.);
#2605=ORIENTED_EDGE('',*,*,#1993,.F.);
#2606=ORIENTED_EDGE('',*,*,#1989,.F.);
#2607=ORIENTED_EDGE('',*,*,#1994,.T.);
#2608=ORIENTED_EDGE('',*,*,#1995,.T.);
#2609=ORIENTED_EDGE('',*,*,#1996,.F.);
#2610=ORIENTED_EDGE('',*,*,#1992,.F.);
#2611=ORIENTED_EDGE('',*,*,#1997,.T.);
#2612=ORIENTED_EDGE('',*,*,#1998,.T.);
#2613=ORIENTED_EDGE('',*,*,#1999,.F.);
#2614=ORIENTED_EDGE('',*,*,#1995,.F.);
#2615=ORIENTED_EDGE('',*,*,#2000,.T.);
#2616=ORIENTED_EDGE('',*,*,#2001,.T.);
#2617=ORIENTED_EDGE('',*,*,#2002,.F.);
#2618=ORIENTED_EDGE('',*,*,#1998,.F.);
#2619=ORIENTED_EDGE('',*,*,#2003,.T.);
#2620=ORIENTED_EDGE('',*,*,#2004,.T.);
#2621=ORIENTED_EDGE('',*,*,#2005,.F.);
#2622=ORIENTED_EDGE('',*,*,#2001,.F.);
#2623=ORIENTED_EDGE('',*,*,#2006,.T.);
#2624=ORIENTED_EDGE('',*,*,#1939,.T.);
#2625=ORIENTED_EDGE('',*,*,#2007,.F.);
#2626=ORIENTED_EDGE('',*,*,#2004,.F.);
#2627=ORIENTED_EDGE('',*,*,#2008,.T.);
#2628=ORIENTED_EDGE('',*,*,#2009,.T.);
#2629=ORIENTED_EDGE('',*,*,#2010,.F.);
#2630=ORIENTED_EDGE('',*,*,#2011,.F.);
#2631=ORIENTED_EDGE('',*,*,#2012,.T.);
#2632=ORIENTED_EDGE('',*,*,#2013,.T.);
#2633=ORIENTED_EDGE('',*,*,#2014,.F.);
#2634=ORIENTED_EDGE('',*,*,#2009,.F.);
#2635=ORIENTED_EDGE('',*,*,#2015,.T.);
#2636=ORIENTED_EDGE('',*,*,#2016,.T.);
#2637=ORIENTED_EDGE('',*,*,#2017,.F.);
#2638=ORIENTED_EDGE('',*,*,#2013,.F.);
#2639=ORIENTED_EDGE('',*,*,#2018,.F.);
#2640=ORIENTED_EDGE('',*,*,#2019,.F.);
#2641=ORIENTED_EDGE('',*,*,#2016,.F.);
#2642=ORIENTED_EDGE('',*,*,#2020,.T.);
#2643=ORIENTED_EDGE('',*,*,#2021,.T.);
#2644=ORIENTED_EDGE('',*,*,#2022,.T.);
#2645=ORIENTED_EDGE('',*,*,#2023,.F.);
#2646=ORIENTED_EDGE('',*,*,#2024,.F.);
#2647=ORIENTED_EDGE('',*,*,#2025,.T.);
#2648=ORIENTED_EDGE('',*,*,#2026,.T.);
#2649=ORIENTED_EDGE('',*,*,#2027,.F.);
#2650=ORIENTED_EDGE('',*,*,#2022,.F.);
#2651=ORIENTED_EDGE('',*,*,#2028,.T.);
#2652=ORIENTED_EDGE('',*,*,#2029,.T.);
#2653=ORIENTED_EDGE('',*,*,#2030,.F.);
#2654=ORIENTED_EDGE('',*,*,#2026,.F.);
#2655=ORIENTED_EDGE('',*,*,#2031,.T.);
#2656=ORIENTED_EDGE('',*,*,#2032,.T.);
#2657=ORIENTED_EDGE('',*,*,#2033,.F.);
#2658=ORIENTED_EDGE('',*,*,#2029,.F.);
#2659=ORIENTED_EDGE('',*,*,#2034,.T.);
#2660=ORIENTED_EDGE('',*,*,#2035,.T.);
#2661=ORIENTED_EDGE('',*,*,#2036,.F.);
#2662=ORIENTED_EDGE('',*,*,#2032,.F.);
#2663=ORIENTED_EDGE('',*,*,#2037,.T.);
#2664=ORIENTED_EDGE('',*,*,#2038,.T.);
#2665=ORIENTED_EDGE('',*,*,#2039,.F.);
#2666=ORIENTED_EDGE('',*,*,#2035,.F.);
#2667=ORIENTED_EDGE('',*,*,#2040,.T.);
#2668=ORIENTED_EDGE('',*,*,#2041,.T.);
#2669=ORIENTED_EDGE('',*,*,#2042,.F.);
#2670=ORIENTED_EDGE('',*,*,#2038,.F.);
#2671=ORIENTED_EDGE('',*,*,#2043,.T.);
#2672=ORIENTED_EDGE('',*,*,#2011,.T.);
#2673=ORIENTED_EDGE('',*,*,#2044,.F.);
#2674=ORIENTED_EDGE('',*,*,#2041,.F.);
#2675=ORIENTED_EDGE('',*,*,#2045,.T.);
#2676=ORIENTED_EDGE('',*,*,#2046,.T.);
#2677=ORIENTED_EDGE('',*,*,#2047,.F.);
#2678=ORIENTED_EDGE('',*,*,#2048,.F.);
#2679=ORIENTED_EDGE('',*,*,#2049,.T.);
#2680=ORIENTED_EDGE('',*,*,#2050,.T.);
#2681=ORIENTED_EDGE('',*,*,#2051,.F.);
#2682=ORIENTED_EDGE('',*,*,#2046,.F.);
#2683=ORIENTED_EDGE('',*,*,#2052,.T.);
#2684=ORIENTED_EDGE('',*,*,#2053,.T.);
#2685=ORIENTED_EDGE('',*,*,#2054,.F.);
#2686=ORIENTED_EDGE('',*,*,#2050,.F.);
#2687=ORIENTED_EDGE('',*,*,#2055,.T.);
#2688=ORIENTED_EDGE('',*,*,#2056,.T.);
#2689=ORIENTED_EDGE('',*,*,#2057,.F.);
#2690=ORIENTED_EDGE('',*,*,#2053,.F.);
#2691=ORIENTED_EDGE('',*,*,#2058,.T.);
#2692=ORIENTED_EDGE('',*,*,#2059,.T.);
#2693=ORIENTED_EDGE('',*,*,#2060,.F.);
#2694=ORIENTED_EDGE('',*,*,#2056,.F.);
#2695=ORIENTED_EDGE('',*,*,#2061,.T.);
#2696=ORIENTED_EDGE('',*,*,#2062,.T.);
#2697=ORIENTED_EDGE('',*,*,#2063,.F.);
#2698=ORIENTED_EDGE('',*,*,#2059,.F.);
#2699=ORIENTED_EDGE('',*,*,#2064,.T.);
#2700=ORIENTED_EDGE('',*,*,#2065,.T.);
#2701=ORIENTED_EDGE('',*,*,#2066,.F.);
#2702=ORIENTED_EDGE('',*,*,#2062,.F.);
#2703=ORIENTED_EDGE('',*,*,#2067,.T.);
#2704=ORIENTED_EDGE('',*,*,#2068,.T.);
#2705=ORIENTED_EDGE('',*,*,#2069,.F.);
#2706=ORIENTED_EDGE('',*,*,#2065,.F.);
#2707=ORIENTED_EDGE('',*,*,#2070,.T.);
#2708=ORIENTED_EDGE('',*,*,#2071,.T.);
#2709=ORIENTED_EDGE('',*,*,#2072,.F.);
#2710=ORIENTED_EDGE('',*,*,#2068,.F.);
#2711=ORIENTED_EDGE('',*,*,#2073,.T.);
#2712=ORIENTED_EDGE('',*,*,#2074,.T.);
#2713=ORIENTED_EDGE('',*,*,#2075,.F.);
#2714=ORIENTED_EDGE('',*,*,#2071,.F.);
#2715=ORIENTED_EDGE('',*,*,#2076,.T.);
#2716=ORIENTED_EDGE('',*,*,#2077,.T.);
#2717=ORIENTED_EDGE('',*,*,#2078,.F.);
#2718=ORIENTED_EDGE('',*,*,#2074,.F.);
#2719=ORIENTED_EDGE('',*,*,#2079,.T.);
#2720=ORIENTED_EDGE('',*,*,#2080,.T.);
#2721=ORIENTED_EDGE('',*,*,#2081,.F.);
#2722=ORIENTED_EDGE('',*,*,#2077,.F.);
#2723=ORIENTED_EDGE('',*,*,#2082,.T.);
#2724=ORIENTED_EDGE('',*,*,#2083,.T.);
#2725=ORIENTED_EDGE('',*,*,#2084,.F.);
#2726=ORIENTED_EDGE('',*,*,#2080,.F.);
#2727=ORIENTED_EDGE('',*,*,#2085,.T.);
#2728=ORIENTED_EDGE('',*,*,#2086,.T.);
#2729=ORIENTED_EDGE('',*,*,#2087,.F.);
#2730=ORIENTED_EDGE('',*,*,#2083,.F.);
#2731=ORIENTED_EDGE('',*,*,#2088,.T.);
#2732=ORIENTED_EDGE('',*,*,#2089,.T.);
#2733=ORIENTED_EDGE('',*,*,#2090,.F.);
#2734=ORIENTED_EDGE('',*,*,#2086,.F.);
#2735=ORIENTED_EDGE('',*,*,#2091,.T.);
#2736=ORIENTED_EDGE('',*,*,#2092,.T.);
#2737=ORIENTED_EDGE('',*,*,#2093,.F.);
#2738=ORIENTED_EDGE('',*,*,#2089,.F.);
#2739=ORIENTED_EDGE('',*,*,#2094,.T.);
#2740=ORIENTED_EDGE('',*,*,#2095,.T.);
#2741=ORIENTED_EDGE('',*,*,#2096,.F.);
#2742=ORIENTED_EDGE('',*,*,#2092,.F.);
#2743=ORIENTED_EDGE('',*,*,#2097,.T.);
#2744=ORIENTED_EDGE('',*,*,#2098,.T.);
#2745=ORIENTED_EDGE('',*,*,#2099,.F.);
#2746=ORIENTED_EDGE('',*,*,#2095,.F.);
#2747=ORIENTED_EDGE('',*,*,#2100,.T.);
#2748=ORIENTED_EDGE('',*,*,#2101,.T.);
#2749=ORIENTED_EDGE('',*,*,#2102,.F.);
#2750=ORIENTED_EDGE('',*,*,#2098,.F.);
#2751=ORIENTED_EDGE('',*,*,#2103,.T.);
#2752=ORIENTED_EDGE('',*,*,#2104,.T.);
#2753=ORIENTED_EDGE('',*,*,#2105,.F.);
#2754=ORIENTED_EDGE('',*,*,#2101,.F.);
#2755=ORIENTED_EDGE('',*,*,#2106,.T.);
#2756=ORIENTED_EDGE('',*,*,#2107,.T.);
#2757=ORIENTED_EDGE('',*,*,#2108,.F.);
#2758=ORIENTED_EDGE('',*,*,#2104,.F.);
#2759=ORIENTED_EDGE('',*,*,#2109,.T.);
#2760=ORIENTED_EDGE('',*,*,#2110,.T.);
#2761=ORIENTED_EDGE('',*,*,#2111,.F.);
#2762=ORIENTED_EDGE('',*,*,#2107,.F.);
#2763=ORIENTED_EDGE('',*,*,#2112,.T.);
#2764=ORIENTED_EDGE('',*,*,#2113,.T.);
#2765=ORIENTED_EDGE('',*,*,#2114,.F.);
#2766=ORIENTED_EDGE('',*,*,#2110,.F.);
#2767=ORIENTED_EDGE('',*,*,#2115,.T.);
#2768=ORIENTED_EDGE('',*,*,#2048,.T.);
#2769=ORIENTED_EDGE('',*,*,#2116,.F.);
#2770=ORIENTED_EDGE('',*,*,#2113,.F.);
#2771=ORIENTED_EDGE('',*,*,#2117,.F.);
#2772=ORIENTED_EDGE('',*,*,#2118,.T.);
#2773=ORIENTED_EDGE('',*,*,#2024,.T.);
#2774=ORIENTED_EDGE('',*,*,#2119,.F.);
#2775=ORIENTED_EDGE('',*,*,#2120,.T.);
#2776=ORIENTED_EDGE('',*,*,#2117,.T.);
#2777=ORIENTED_EDGE('',*,*,#2121,.F.);
#2778=ORIENTED_EDGE('',*,*,#2122,.T.);
#2779=ORIENTED_EDGE('',*,*,#2123,.F.);
#2780=ORIENTED_EDGE('',*,*,#2124,.T.);
#2781=ORIENTED_EDGE('',*,*,#2122,.F.);
#2782=ORIENTED_EDGE('',*,*,#2125,.F.);
#2783=ORIENTED_EDGE('',*,*,#1654,.T.);
#2784=ORIENTED_EDGE('',*,*,#1657,.T.);
#2785=ORIENTED_EDGE('',*,*,#2126,.T.);
#2786=ORIENTED_EDGE('',*,*,#2123,.T.);
#2787=ORIENTED_EDGE('',*,*,#2127,.F.);
#2788=ORIENTED_EDGE('',*,*,#2018,.T.);
#2789=ORIENTED_EDGE('',*,*,#2128,.F.);
#2790=ORIENTED_EDGE('',*,*,#2129,.T.);
#2791=ORIENTED_EDGE('',*,*,#1658,.F.);
#2792=ORIENTED_EDGE('',*,*,#2130,.T.);
#2793=ORIENTED_EDGE('',*,*,#1669,.F.);
#2794=ORIENTED_EDGE('',*,*,#1666,.F.);
#2795=ORIENTED_EDGE('',*,*,#1662,.T.);
#2796=ORIENTED_EDGE('',*,*,#2045,.F.);
#2797=ORIENTED_EDGE('',*,*,#2115,.F.);
#2798=ORIENTED_EDGE('',*,*,#2112,.F.);
#2799=ORIENTED_EDGE('',*,*,#2109,.F.);
#2800=ORIENTED_EDGE('',*,*,#2106,.F.);
#2801=ORIENTED_EDGE('',*,*,#2103,.F.);
#2802=ORIENTED_EDGE('',*,*,#2100,.F.);
#2803=ORIENTED_EDGE('',*,*,#2097,.F.);
#2804=ORIENTED_EDGE('',*,*,#2094,.F.);
#2805=ORIENTED_EDGE('',*,*,#2091,.F.);
#2806=ORIENTED_EDGE('',*,*,#2088,.F.);
#2807=ORIENTED_EDGE('',*,*,#2085,.F.);
#2808=ORIENTED_EDGE('',*,*,#2082,.F.);
#2809=ORIENTED_EDGE('',*,*,#2079,.F.);
#2810=ORIENTED_EDGE('',*,*,#2076,.F.);
#2811=ORIENTED_EDGE('',*,*,#2073,.F.);
#2812=ORIENTED_EDGE('',*,*,#2070,.F.);
#2813=ORIENTED_EDGE('',*,*,#2067,.F.);
#2814=ORIENTED_EDGE('',*,*,#2064,.F.);
#2815=ORIENTED_EDGE('',*,*,#2061,.F.);
#2816=ORIENTED_EDGE('',*,*,#2058,.F.);
#2817=ORIENTED_EDGE('',*,*,#2055,.F.);
#2818=ORIENTED_EDGE('',*,*,#2052,.F.);
#2819=ORIENTED_EDGE('',*,*,#2049,.F.);
#2820=ORIENTED_EDGE('',*,*,#2008,.F.);
#2821=ORIENTED_EDGE('',*,*,#2043,.F.);
#2822=ORIENTED_EDGE('',*,*,#2040,.F.);
#2823=ORIENTED_EDGE('',*,*,#2037,.F.);
#2824=ORIENTED_EDGE('',*,*,#2034,.F.);
#2825=ORIENTED_EDGE('',*,*,#2031,.F.);
#2826=ORIENTED_EDGE('',*,*,#2028,.F.);
#2827=ORIENTED_EDGE('',*,*,#2025,.F.);
#2828=ORIENTED_EDGE('',*,*,#2021,.F.);
#2829=ORIENTED_EDGE('',*,*,#2118,.F.);
#2830=ORIENTED_EDGE('',*,*,#2120,.F.);
#2831=ORIENTED_EDGE('',*,*,#2124,.F.);
#2832=ORIENTED_EDGE('',*,*,#2126,.F.);
#2833=ORIENTED_EDGE('',*,*,#2020,.F.);
#2834=ORIENTED_EDGE('',*,*,#2015,.F.);
#2835=ORIENTED_EDGE('',*,*,#2012,.F.);
#2836=ORIENTED_EDGE('',*,*,#1936,.F.);
#2837=ORIENTED_EDGE('',*,*,#2006,.F.);
#2838=ORIENTED_EDGE('',*,*,#2003,.F.);
#2839=ORIENTED_EDGE('',*,*,#2000,.F.);
#2840=ORIENTED_EDGE('',*,*,#1997,.F.);
#2841=ORIENTED_EDGE('',*,*,#1994,.F.);
#2842=ORIENTED_EDGE('',*,*,#1991,.F.);
#2843=ORIENTED_EDGE('',*,*,#1988,.F.);
#2844=ORIENTED_EDGE('',*,*,#1985,.F.);
#2845=ORIENTED_EDGE('',*,*,#1982,.F.);
#2846=ORIENTED_EDGE('',*,*,#1979,.F.);
#2847=ORIENTED_EDGE('',*,*,#1976,.F.);
#2848=ORIENTED_EDGE('',*,*,#1973,.F.);
#2849=ORIENTED_EDGE('',*,*,#1970,.F.);
#2850=ORIENTED_EDGE('',*,*,#1967,.F.);
#2851=ORIENTED_EDGE('',*,*,#1964,.F.);
#2852=ORIENTED_EDGE('',*,*,#1961,.F.);
#2853=ORIENTED_EDGE('',*,*,#1958,.F.);
#2854=ORIENTED_EDGE('',*,*,#1955,.F.);
#2855=ORIENTED_EDGE('',*,*,#1952,.F.);
#2856=ORIENTED_EDGE('',*,*,#1949,.F.);
#2857=ORIENTED_EDGE('',*,*,#1946,.F.);
#2858=ORIENTED_EDGE('',*,*,#1943,.F.);
#2859=ORIENTED_EDGE('',*,*,#1940,.F.);
#2860=ORIENTED_EDGE('',*,*,#1864,.F.);
#2861=ORIENTED_EDGE('',*,*,#1934,.F.);
#2862=ORIENTED_EDGE('',*,*,#1931,.F.);
#2863=ORIENTED_EDGE('',*,*,#1928,.F.);
#2864=ORIENTED_EDGE('',*,*,#1925,.F.);
#2865=ORIENTED_EDGE('',*,*,#1922,.F.);
#2866=ORIENTED_EDGE('',*,*,#1919,.F.);
#2867=ORIENTED_EDGE('',*,*,#1916,.F.);
#2868=ORIENTED_EDGE('',*,*,#1913,.F.);
#2869=ORIENTED_EDGE('',*,*,#1910,.F.);
#2870=ORIENTED_EDGE('',*,*,#1907,.F.);
#2871=ORIENTED_EDGE('',*,*,#1904,.F.);
#2872=ORIENTED_EDGE('',*,*,#1901,.F.);
#2873=ORIENTED_EDGE('',*,*,#1898,.F.);
#2874=ORIENTED_EDGE('',*,*,#1895,.F.);
#2875=ORIENTED_EDGE('',*,*,#1892,.F.);
#2876=ORIENTED_EDGE('',*,*,#1889,.F.);
#2877=ORIENTED_EDGE('',*,*,#1886,.F.);
#2878=ORIENTED_EDGE('',*,*,#1883,.F.);
#2879=ORIENTED_EDGE('',*,*,#1880,.F.);
#2880=ORIENTED_EDGE('',*,*,#1877,.F.);
#2881=ORIENTED_EDGE('',*,*,#1874,.F.);
#2882=ORIENTED_EDGE('',*,*,#1871,.F.);
#2883=ORIENTED_EDGE('',*,*,#1868,.F.);
#2884=ORIENTED_EDGE('',*,*,#1792,.F.);
#2885=ORIENTED_EDGE('',*,*,#1862,.F.);
#2886=ORIENTED_EDGE('',*,*,#1859,.F.);
#2887=ORIENTED_EDGE('',*,*,#1856,.F.);
#2888=ORIENTED_EDGE('',*,*,#1853,.F.);
#2889=ORIENTED_EDGE('',*,*,#1850,.F.);
#2890=ORIENTED_EDGE('',*,*,#1847,.F.);
#2891=ORIENTED_EDGE('',*,*,#1844,.F.);
#2892=ORIENTED_EDGE('',*,*,#1841,.F.);
#2893=ORIENTED_EDGE('',*,*,#1838,.F.);
#2894=ORIENTED_EDGE('',*,*,#1835,.F.);
#2895=ORIENTED_EDGE('',*,*,#1832,.F.);
#2896=ORIENTED_EDGE('',*,*,#1829,.F.);
#2897=ORIENTED_EDGE('',*,*,#1826,.F.);
#2898=ORIENTED_EDGE('',*,*,#1823,.F.);
#2899=ORIENTED_EDGE('',*,*,#1820,.F.);
#2900=ORIENTED_EDGE('',*,*,#1817,.F.);
#2901=ORIENTED_EDGE('',*,*,#1814,.F.);
#2902=ORIENTED_EDGE('',*,*,#1811,.F.);
#2903=ORIENTED_EDGE('',*,*,#1808,.F.);
#2904=ORIENTED_EDGE('',*,*,#1805,.F.);
#2905=ORIENTED_EDGE('',*,*,#1802,.F.);
#2906=ORIENTED_EDGE('',*,*,#1799,.F.);
#2907=ORIENTED_EDGE('',*,*,#1796,.F.);
#2908=ORIENTED_EDGE('',*,*,#1744,.F.);
#2909=ORIENTED_EDGE('',*,*,#1790,.F.);
#2910=ORIENTED_EDGE('',*,*,#1787,.F.);
#2911=ORIENTED_EDGE('',*,*,#1784,.F.);
#2912=ORIENTED_EDGE('',*,*,#1781,.F.);
#2913=ORIENTED_EDGE('',*,*,#1778,.F.);
#2914=ORIENTED_EDGE('',*,*,#1775,.F.);
#2915=ORIENTED_EDGE('',*,*,#1772,.F.);
#2916=ORIENTED_EDGE('',*,*,#1769,.F.);
#2917=ORIENTED_EDGE('',*,*,#1766,.F.);
#2918=ORIENTED_EDGE('',*,*,#1763,.F.);
#2919=ORIENTED_EDGE('',*,*,#1760,.F.);
#2920=ORIENTED_EDGE('',*,*,#1757,.F.);
#2921=ORIENTED_EDGE('',*,*,#1754,.F.);
#2922=ORIENTED_EDGE('',*,*,#1751,.F.);
#2923=ORIENTED_EDGE('',*,*,#1748,.F.);
#2924=ORIENTED_EDGE('',*,*,#1672,.F.);
#2925=ORIENTED_EDGE('',*,*,#1742,.F.);
#2926=ORIENTED_EDGE('',*,*,#1739,.F.);
#2927=ORIENTED_EDGE('',*,*,#1736,.F.);
#2928=ORIENTED_EDGE('',*,*,#1733,.F.);
#2929=ORIENTED_EDGE('',*,*,#1730,.F.);
#2930=ORIENTED_EDGE('',*,*,#1727,.F.);
#2931=ORIENTED_EDGE('',*,*,#1724,.F.);
#2932=ORIENTED_EDGE('',*,*,#1721,.F.);
#2933=ORIENTED_EDGE('',*,*,#1718,.F.);
#2934=ORIENTED_EDGE('',*,*,#1715,.F.);
#2935=ORIENTED_EDGE('',*,*,#1712,.F.);
#2936=ORIENTED_EDGE('',*,*,#1709,.F.);
#2937=ORIENTED_EDGE('',*,*,#1706,.F.);
#2938=ORIENTED_EDGE('',*,*,#1703,.F.);
#2939=ORIENTED_EDGE('',*,*,#1700,.F.);
#2940=ORIENTED_EDGE('',*,*,#1697,.F.);
#2941=ORIENTED_EDGE('',*,*,#1694,.F.);
#2942=ORIENTED_EDGE('',*,*,#1691,.F.);
#2943=ORIENTED_EDGE('',*,*,#1688,.F.);
#2944=ORIENTED_EDGE('',*,*,#1685,.F.);
#2945=ORIENTED_EDGE('',*,*,#1682,.F.);
#2946=ORIENTED_EDGE('',*,*,#1679,.F.);
#2947=ORIENTED_EDGE('',*,*,#1676,.F.);
#2948=ORIENTED_EDGE('',*,*,#1670,.F.);
#2949=ORIENTED_EDGE('',*,*,#2130,.F.);
#2950=ORIENTED_EDGE('',*,*,#1661,.T.);
#2951=ORIENTED_EDGE('',*,*,#2131,.F.);
#2952=ORIENTED_EDGE('',*,*,#1652,.T.);
#2953=ORIENTED_EDGE('',*,*,#1655,.T.);
#2954=ORIENTED_EDGE('',*,*,#2132,.F.);
#2955=ORIENTED_EDGE('',*,*,#1664,.T.);
#2956=ORIENTED_EDGE('',*,*,#1668,.T.);
#2957=ORIENTED_EDGE('',*,*,#1671,.T.);
#2958=ORIENTED_EDGE('',*,*,#2131,.T.);
#2959=ORIENTED_EDGE('',*,*,#1660,.T.);
#2960=ORIENTED_EDGE('',*,*,#2133,.T.);
#2961=ORIENTED_EDGE('',*,*,#2047,.T.);
#2962=ORIENTED_EDGE('',*,*,#2051,.T.);
#2963=ORIENTED_EDGE('',*,*,#2054,.T.);
#2964=ORIENTED_EDGE('',*,*,#2057,.T.);
#2965=ORIENTED_EDGE('',*,*,#2060,.T.);
#2966=ORIENTED_EDGE('',*,*,#2063,.T.);
#2967=ORIENTED_EDGE('',*,*,#2066,.T.);
#2968=ORIENTED_EDGE('',*,*,#2069,.T.);
#2969=ORIENTED_EDGE('',*,*,#2072,.T.);
#2970=ORIENTED_EDGE('',*,*,#2075,.T.);
#2971=ORIENTED_EDGE('',*,*,#2078,.T.);
#2972=ORIENTED_EDGE('',*,*,#2081,.T.);
#2973=ORIENTED_EDGE('',*,*,#2084,.T.);
#2974=ORIENTED_EDGE('',*,*,#2087,.T.);
#2975=ORIENTED_EDGE('',*,*,#2090,.T.);
#2976=ORIENTED_EDGE('',*,*,#2093,.T.);
#2977=ORIENTED_EDGE('',*,*,#2096,.T.);
#2978=ORIENTED_EDGE('',*,*,#2099,.T.);
#2979=ORIENTED_EDGE('',*,*,#2102,.T.);
#2980=ORIENTED_EDGE('',*,*,#2105,.T.);
#2981=ORIENTED_EDGE('',*,*,#2108,.T.);
#2982=ORIENTED_EDGE('',*,*,#2111,.T.);
#2983=ORIENTED_EDGE('',*,*,#2114,.T.);
#2984=ORIENTED_EDGE('',*,*,#2116,.T.);
#2985=ORIENTED_EDGE('',*,*,#2010,.T.);
#2986=ORIENTED_EDGE('',*,*,#2014,.T.);
#2987=ORIENTED_EDGE('',*,*,#2017,.T.);
#2988=ORIENTED_EDGE('',*,*,#2019,.T.);
#2989=ORIENTED_EDGE('',*,*,#2127,.T.);
#2990=ORIENTED_EDGE('',*,*,#2125,.T.);
#2991=ORIENTED_EDGE('',*,*,#2121,.T.);
#2992=ORIENTED_EDGE('',*,*,#2119,.T.);
#2993=ORIENTED_EDGE('',*,*,#2023,.T.);
#2994=ORIENTED_EDGE('',*,*,#2027,.T.);
#2995=ORIENTED_EDGE('',*,*,#2030,.T.);
#2996=ORIENTED_EDGE('',*,*,#2033,.T.);
#2997=ORIENTED_EDGE('',*,*,#2036,.T.);
#2998=ORIENTED_EDGE('',*,*,#2039,.T.);
#2999=ORIENTED_EDGE('',*,*,#2042,.T.);
#3000=ORIENTED_EDGE('',*,*,#2044,.T.);
#3001=ORIENTED_EDGE('',*,*,#1938,.T.);
#3002=ORIENTED_EDGE('',*,*,#1942,.T.);
#3003=ORIENTED_EDGE('',*,*,#1945,.T.);
#3004=ORIENTED_EDGE('',*,*,#1948,.T.);
#3005=ORIENTED_EDGE('',*,*,#1951,.T.);
#3006=ORIENTED_EDGE('',*,*,#1954,.T.);
#3007=ORIENTED_EDGE('',*,*,#1957,.T.);
#3008=ORIENTED_EDGE('',*,*,#1960,.T.);
#3009=ORIENTED_EDGE('',*,*,#1963,.T.);
#3010=ORIENTED_EDGE('',*,*,#1966,.T.);
#3011=ORIENTED_EDGE('',*,*,#1969,.T.);
#3012=ORIENTED_EDGE('',*,*,#1972,.T.);
#3013=ORIENTED_EDGE('',*,*,#1975,.T.);
#3014=ORIENTED_EDGE('',*,*,#1978,.T.);
#3015=ORIENTED_EDGE('',*,*,#1981,.T.);
#3016=ORIENTED_EDGE('',*,*,#1984,.T.);
#3017=ORIENTED_EDGE('',*,*,#1987,.T.);
#3018=ORIENTED_EDGE('',*,*,#1990,.T.);
#3019=ORIENTED_EDGE('',*,*,#1993,.T.);
#3020=ORIENTED_EDGE('',*,*,#1996,.T.);
#3021=ORIENTED_EDGE('',*,*,#1999,.T.);
#3022=ORIENTED_EDGE('',*,*,#2002,.T.);
#3023=ORIENTED_EDGE('',*,*,#2005,.T.);
#3024=ORIENTED_EDGE('',*,*,#2007,.T.);
#3025=ORIENTED_EDGE('',*,*,#1866,.T.);
#3026=ORIENTED_EDGE('',*,*,#1870,.T.);
#3027=ORIENTED_EDGE('',*,*,#1873,.T.);
#3028=ORIENTED_EDGE('',*,*,#1876,.T.);
#3029=ORIENTED_EDGE('',*,*,#1879,.T.);
#3030=ORIENTED_EDGE('',*,*,#1882,.T.);
#3031=ORIENTED_EDGE('',*,*,#1885,.T.);
#3032=ORIENTED_EDGE('',*,*,#1888,.T.);
#3033=ORIENTED_EDGE('',*,*,#1891,.T.);
#3034=ORIENTED_EDGE('',*,*,#1894,.T.);
#3035=ORIENTED_EDGE('',*,*,#1897,.T.);
#3036=ORIENTED_EDGE('',*,*,#1900,.T.);
#3037=ORIENTED_EDGE('',*,*,#1903,.T.);
#3038=ORIENTED_EDGE('',*,*,#1906,.T.);
#3039=ORIENTED_EDGE('',*,*,#1909,.T.);
#3040=ORIENTED_EDGE('',*,*,#1912,.T.);
#3041=ORIENTED_EDGE('',*,*,#1915,.T.);
#3042=ORIENTED_EDGE('',*,*,#1918,.T.);
#3043=ORIENTED_EDGE('',*,*,#1921,.T.);
#3044=ORIENTED_EDGE('',*,*,#1924,.T.);
#3045=ORIENTED_EDGE('',*,*,#1927,.T.);
#3046=ORIENTED_EDGE('',*,*,#1930,.T.);
#3047=ORIENTED_EDGE('',*,*,#1933,.T.);
#3048=ORIENTED_EDGE('',*,*,#1935,.T.);
#3049=ORIENTED_EDGE('',*,*,#1794,.T.);
#3050=ORIENTED_EDGE('',*,*,#1798,.T.);
#3051=ORIENTED_EDGE('',*,*,#1801,.T.);
#3052=ORIENTED_EDGE('',*,*,#1804,.T.);
#3053=ORIENTED_EDGE('',*,*,#1807,.T.);
#3054=ORIENTED_EDGE('',*,*,#1810,.T.);
#3055=ORIENTED_EDGE('',*,*,#1813,.T.);
#3056=ORIENTED_EDGE('',*,*,#1816,.T.);
#3057=ORIENTED_EDGE('',*,*,#1819,.T.);
#3058=ORIENTED_EDGE('',*,*,#1822,.T.);
#3059=ORIENTED_EDGE('',*,*,#1825,.T.);
#3060=ORIENTED_EDGE('',*,*,#1828,.T.);
#3061=ORIENTED_EDGE('',*,*,#1831,.T.);
#3062=ORIENTED_EDGE('',*,*,#1834,.T.);
#3063=ORIENTED_EDGE('',*,*,#1837,.T.);
#3064=ORIENTED_EDGE('',*,*,#1840,.T.);
#3065=ORIENTED_EDGE('',*,*,#1843,.T.);
#3066=ORIENTED_EDGE('',*,*,#1846,.T.);
#3067=ORIENTED_EDGE('',*,*,#1849,.T.);
#3068=ORIENTED_EDGE('',*,*,#1852,.T.);
#3069=ORIENTED_EDGE('',*,*,#1855,.T.);
#3070=ORIENTED_EDGE('',*,*,#1858,.T.);
#3071=ORIENTED_EDGE('',*,*,#1861,.T.);
#3072=ORIENTED_EDGE('',*,*,#1863,.T.);
#3073=ORIENTED_EDGE('',*,*,#1746,.T.);
#3074=ORIENTED_EDGE('',*,*,#1750,.T.);
#3075=ORIENTED_EDGE('',*,*,#1753,.T.);
#3076=ORIENTED_EDGE('',*,*,#1756,.T.);
#3077=ORIENTED_EDGE('',*,*,#1759,.T.);
#3078=ORIENTED_EDGE('',*,*,#1762,.T.);
#3079=ORIENTED_EDGE('',*,*,#1765,.T.);
#3080=ORIENTED_EDGE('',*,*,#1768,.T.);
#3081=ORIENTED_EDGE('',*,*,#1771,.T.);
#3082=ORIENTED_EDGE('',*,*,#1774,.T.);
#3083=ORIENTED_EDGE('',*,*,#1777,.T.);
#3084=ORIENTED_EDGE('',*,*,#1780,.T.);
#3085=ORIENTED_EDGE('',*,*,#1783,.T.);
#3086=ORIENTED_EDGE('',*,*,#1786,.T.);
#3087=ORIENTED_EDGE('',*,*,#1789,.T.);
#3088=ORIENTED_EDGE('',*,*,#1791,.T.);
#3089=ORIENTED_EDGE('',*,*,#1674,.T.);
#3090=ORIENTED_EDGE('',*,*,#1678,.T.);
#3091=ORIENTED_EDGE('',*,*,#1681,.T.);
#3092=ORIENTED_EDGE('',*,*,#1684,.T.);
#3093=ORIENTED_EDGE('',*,*,#1687,.T.);
#3094=ORIENTED_EDGE('',*,*,#1690,.T.);
#3095=ORIENTED_EDGE('',*,*,#1693,.T.);
#3096=ORIENTED_EDGE('',*,*,#1696,.T.);
#3097=ORIENTED_EDGE('',*,*,#1699,.T.);
#3098=ORIENTED_EDGE('',*,*,#1702,.T.);
#3099=ORIENTED_EDGE('',*,*,#1705,.T.);
#3100=ORIENTED_EDGE('',*,*,#1708,.T.);
#3101=ORIENTED_EDGE('',*,*,#1711,.T.);
#3102=ORIENTED_EDGE('',*,*,#1714,.T.);
#3103=ORIENTED_EDGE('',*,*,#1717,.T.);
#3104=ORIENTED_EDGE('',*,*,#1720,.T.);
#3105=ORIENTED_EDGE('',*,*,#1723,.T.);
#3106=ORIENTED_EDGE('',*,*,#1726,.T.);
#3107=ORIENTED_EDGE('',*,*,#1729,.T.);
#3108=ORIENTED_EDGE('',*,*,#1732,.T.);
#3109=ORIENTED_EDGE('',*,*,#1735,.T.);
#3110=ORIENTED_EDGE('',*,*,#1738,.T.);
#3111=ORIENTED_EDGE('',*,*,#1741,.T.);
#3112=ORIENTED_EDGE('',*,*,#1743,.T.);
#3113=ORIENTED_EDGE('',*,*,#2134,.F.);
#3114=ORIENTED_EDGE('',*,*,#2133,.F.);
#3115=ORIENTED_EDGE('',*,*,#1659,.F.);
#3116=ORIENTED_EDGE('',*,*,#2129,.F.);
#3117=ORIENTED_EDGE('',*,*,#2132,.T.);
#3118=ORIENTED_EDGE('',*,*,#2134,.T.);
#3119=ORIENTED_EDGE('',*,*,#2128,.T.);
#3120=ORIENTED_EDGE('',*,*,#1665,.T.);
#3121=ORIENTED_EDGE('',*,*,#1645,.T.);
#3122=ORIENTED_EDGE('',*,*,#1642,.T.);
#3123=ORIENTED_EDGE('',*,*,#1651,.T.);
#3124=ORIENTED_EDGE('',*,*,#1648,.T.);
#3125=CYLINDRICAL_SURFACE('',#3386,2.5);
#3126=CYLINDRICAL_SURFACE('',#3390,2.5);
#3127=CYLINDRICAL_SURFACE('',#3394,2.5);
#3128=CYLINDRICAL_SURFACE('',#3397,2.5);
#3129=CYLINDRICAL_SURFACE('',#3405,0.0999999999999979);
#3130=CYLINDRICAL_SURFACE('',#3409,0.0999999999999712);
#3131=CYLINDRICAL_SURFACE('',#3413,0.499999999999998);
#3132=CYLINDRICAL_SURFACE('',#3417,0.500000000000007);
#3133=CYLINDRICAL_SURFACE('',#3421,0.500000000000016);
#3134=CYLINDRICAL_SURFACE('',#3425,0.500000000000007);
#3135=CYLINDRICAL_SURFACE('',#3429,0.0999999999999623);
#3136=CYLINDRICAL_SURFACE('',#3433,0.0999999999999623);
#3137=CYLINDRICAL_SURFACE('',#3437,0.499999999999998);
#3138=CYLINDRICAL_SURFACE('',#3441,0.500000000000044);
#3139=CYLINDRICAL_SURFACE('',#3445,0.49999999999999);
#3140=CYLINDRICAL_SURFACE('',#3449,0.500000000000025);
#3141=CYLINDRICAL_SURFACE('',#3452,0.499999999999989);
#3142=CYLINDRICAL_SURFACE('',#3456,0.0999999999999623);
#3143=CYLINDRICAL_SURFACE('',#3460,0.0999999999999712);
#3144=CYLINDRICAL_SURFACE('',#3464,0.499999999999989);
#3145=CYLINDRICAL_SURFACE('',#3468,0.499999999999989);
#3146=CYLINDRICAL_SURFACE('',#3472,0.0999999999999979);
#3147=CYLINDRICAL_SURFACE('',#3476,0.0999999999999689);
#3148=CYLINDRICAL_SURFACE('',#3480,0.499999999999989);
#3149=CYLINDRICAL_SURFACE('',#3484,0.500000000000007);
#3150=CYLINDRICAL_SURFACE('',#3488,0.0999999999999801);
#3151=CYLINDRICAL_SURFACE('',#3492,0.0999999999999801);
#3152=CYLINDRICAL_SURFACE('',#3496,0.500000000000007);
#3153=CYLINDRICAL_SURFACE('',#3500,0.500000000000007);
#3154=CYLINDRICAL_SURFACE('',#3504,0.499999999999989);
#3155=CYLINDRICAL_SURFACE('',#3508,0.500000000000007);
#3156=CYLINDRICAL_SURFACE('',#3512,0.0999999999999801);
#3157=CYLINDRICAL_SURFACE('',#3516,0.0999999999999979);
#3158=CYLINDRICAL_SURFACE('',#3520,0.500000000000016);
#3159=CYLINDRICAL_SURFACE('',#3524,0.499999999999979);
#3160=CYLINDRICAL_SURFACE('',#3528,0.499999999999972);
#3161=CYLINDRICAL_SURFACE('',#3532,0.500000000000025);
#3162=CYLINDRICAL_SURFACE('',#3536,0.0999999999999979);
#3163=CYLINDRICAL_SURFACE('',#3540,0.0999999999999801);
#3164=CYLINDRICAL_SURFACE('',#3544,0.500000000000007);
#3165=CYLINDRICAL_SURFACE('',#3548,0.500000000000007);
#3166=CYLINDRICAL_SURFACE('',#3552,0.500000000000007);
#3167=CYLINDRICAL_SURFACE('',#3556,0.500000000000007);
#3168=CYLINDRICAL_SURFACE('',#3560,0.0999999999999801);
#3169=CYLINDRICAL_SURFACE('',#3564,0.0999999999999801);
#3170=CYLINDRICAL_SURFACE('',#3568,0.500000000000012);
#3171=CYLINDRICAL_SURFACE('',#3572,0.499999999999978);
#3172=CYLINDRICAL_SURFACE('',#3576,0.499999999999985);
#3173=CYLINDRICAL_SURFACE('',#3580,0.499999999999972);
#3174=CYLINDRICAL_SURFACE('',#3584,0.0999999999999979);
#3175=CYLINDRICAL_SURFACE('',#3588,0.0999999999999979);
#3176=CYLINDRICAL_SURFACE('',#3592,0.499999999999972);
#3177=CYLINDRICAL_SURFACE('',#3596,0.499999999999989);
#3178=CYLINDRICAL_SURFACE('',#3600,0.500000000000007);
#3179=CYLINDRICAL_SURFACE('',#3604,0.500000000000007);
#3180=CYLINDRICAL_SURFACE('',#3608,0.0999999999999801);
#3181=CYLINDRICAL_SURFACE('',#3612,0.0999999999999801);
#3182=CYLINDRICAL_SURFACE('',#3616,0.500000000000007);
#3183=CYLINDRICAL_SURFACE('',#3620,0.499999999999948);
#3184=CYLINDRICAL_SURFACE('',#3624,0.500000000000016);
#3185=CYLINDRICAL_SURFACE('',#3628,0.500000000000025);
#3186=CYLINDRICAL_SURFACE('',#3632,0.499999999999994);
#3187=CYLINDRICAL_SURFACE('',#3636,0.500000000000007);
#3188=CYLINDRICAL_SURFACE('',#3640,0.499999999999861);
#3189=CYLINDRICAL_SURFACE('',#3644,0.0999999999999801);
#3190=CYLINDRICAL_SURFACE('',#3648,0.0999999999999979);
#3191=CYLINDRICAL_SURFACE('',#3652,0.499999999999989);
#3192=CYLINDRICAL_SURFACE('',#3656,0.0999999999999979);
#3193=CYLINDRICAL_SURFACE('',#3660,0.0999999999999979);
#3194=CYLINDRICAL_SURFACE('',#3664,0.499999999999981);
#3195=CYLINDRICAL_SURFACE('',#3668,0.499999999999974);
#3196=CYLINDRICAL_SURFACE('',#3672,0.500000000000025);
#3197=CYLINDRICAL_SURFACE('',#3676,0.500000000000007);
#3198=CYLINDRICAL_SURFACE('',#3680,0.0999999999999623);
#3199=CYLINDRICAL_SURFACE('',#3684,0.0999999999999623);
#3200=CYLINDRICAL_SURFACE('',#3688,0.500000000000007);
#3201=CYLINDRICAL_SURFACE('',#3692,0.400000000000009);
#3202=CYLINDRICAL_SURFACE('',#3696,0.500000000000016);
#3203=CYLINDRICAL_SURFACE('',#3701,0.1);
#3204=CYLINDRICAL_SURFACE('',#3705,0.1);
#3205=ADVANCED_FACE('',(#124),#3125,.F.);
#3206=ADVANCED_FACE('',(#125),#37,.F.);
#3207=ADVANCED_FACE('',(#126),#3126,.F.);
#3208=ADVANCED_FACE('',(#127),#38,.F.);
#3209=ADVANCED_FACE('',(#128),#3127,.F.);
#3210=ADVANCED_FACE('',(#129),#3128,.F.);
#3211=ADVANCED_FACE('',(#130),#39,.T.);
#3212=ADVANCED_FACE('',(#131),#40,.T.);
#3213=ADVANCED_FACE('',(#132),#41,.T.);
#3214=ADVANCED_FACE('',(#133),#42,.T.);
#3215=ADVANCED_FACE('',(#134),#43,.T.);
#3216=ADVANCED_FACE('',(#135),#3129,.T.);
#3217=ADVANCED_FACE('',(#136),#44,.T.);
#3218=ADVANCED_FACE('',(#137),#3130,.T.);
#3219=ADVANCED_FACE('',(#138),#45,.T.);
#3220=ADVANCED_FACE('',(#139),#3131,.F.);
#3221=ADVANCED_FACE('',(#140),#46,.T.);
#3222=ADVANCED_FACE('',(#141),#3132,.F.);
#3223=ADVANCED_FACE('',(#142),#47,.T.);
#3224=ADVANCED_FACE('',(#143),#3133,.F.);
#3225=ADVANCED_FACE('',(#144),#48,.T.);
#3226=ADVANCED_FACE('',(#145),#3134,.F.);
#3227=ADVANCED_FACE('',(#146),#49,.T.);
#3228=ADVANCED_FACE('',(#147),#3135,.T.);
#3229=ADVANCED_FACE('',(#148),#50,.T.);
#3230=ADVANCED_FACE('',(#149),#3136,.T.);
#3231=ADVANCED_FACE('',(#150),#51,.T.);
#3232=ADVANCED_FACE('',(#151),#3137,.F.);
#3233=ADVANCED_FACE('',(#152),#52,.T.);
#3234=ADVANCED_FACE('',(#153),#3138,.F.);
#3235=ADVANCED_FACE('',(#154),#53,.T.);
#3236=ADVANCED_FACE('',(#155),#3139,.F.);
#3237=ADVANCED_FACE('',(#156),#54,.T.);
#3238=ADVANCED_FACE('',(#157),#3140,.F.);
#3239=ADVANCED_FACE('',(#158),#3141,.F.);
#3240=ADVANCED_FACE('',(#159),#55,.T.);
#3241=ADVANCED_FACE('',(#160),#3142,.T.);
#3242=ADVANCED_FACE('',(#161),#56,.T.);
#3243=ADVANCED_FACE('',(#162),#3143,.T.);
#3244=ADVANCED_FACE('',(#163),#57,.T.);
#3245=ADVANCED_FACE('',(#164),#3144,.F.);
#3246=ADVANCED_FACE('',(#165),#58,.T.);
#3247=ADVANCED_FACE('',(#166),#3145,.F.);
#3248=ADVANCED_FACE('',(#167),#59,.T.);
#3249=ADVANCED_FACE('',(#168),#3146,.F.);
#3250=ADVANCED_FACE('',(#169,#15,#16),#60,.T.);
#3251=ADVANCED_FACE('',(#170),#3147,.F.);
#3252=ADVANCED_FACE('',(#171),#61,.T.);
#3253=ADVANCED_FACE('',(#172),#3148,.F.);
#3254=ADVANCED_FACE('',(#173),#62,.T.);
#3255=ADVANCED_FACE('',(#174),#3149,.F.);
#3256=ADVANCED_FACE('',(#175),#63,.T.);
#3257=ADVANCED_FACE('',(#176),#3150,.T.);
#3258=ADVANCED_FACE('',(#177),#64,.T.);
#3259=ADVANCED_FACE('',(#178),#3151,.T.);
#3260=ADVANCED_FACE('',(#179),#65,.T.);
#3261=ADVANCED_FACE('',(#180),#3152,.F.);
#3262=ADVANCED_FACE('',(#181),#66,.T.);
#3263=ADVANCED_FACE('',(#182),#3153,.F.);
#3264=ADVANCED_FACE('',(#183),#67,.T.);
#3265=ADVANCED_FACE('',(#184),#3154,.F.);
#3266=ADVANCED_FACE('',(#185),#68,.T.);
#3267=ADVANCED_FACE('',(#186),#3155,.F.);
#3268=ADVANCED_FACE('',(#187),#69,.T.);
#3269=ADVANCED_FACE('',(#188),#3156,.T.);
#3270=ADVANCED_FACE('',(#189),#70,.T.);
#3271=ADVANCED_FACE('',(#190),#3157,.T.);
#3272=ADVANCED_FACE('',(#191),#71,.T.);
#3273=ADVANCED_FACE('',(#192),#3158,.F.);
#3274=ADVANCED_FACE('',(#193),#72,.T.);
#3275=ADVANCED_FACE('',(#194),#3159,.F.);
#3276=ADVANCED_FACE('',(#195),#73,.T.);
#3277=ADVANCED_FACE('',(#196),#3160,.F.);
#3278=ADVANCED_FACE('',(#197),#74,.T.);
#3279=ADVANCED_FACE('',(#198),#3161,.F.);
#3280=ADVANCED_FACE('',(#199),#75,.T.);
#3281=ADVANCED_FACE('',(#200),#3162,.T.);
#3282=ADVANCED_FACE('',(#201),#76,.T.);
#3283=ADVANCED_FACE('',(#202),#3163,.T.);
#3284=ADVANCED_FACE('',(#203),#77,.T.);
#3285=ADVANCED_FACE('',(#204),#3164,.F.);
#3286=ADVANCED_FACE('',(#205),#78,.T.);
#3287=ADVANCED_FACE('',(#206),#3165,.F.);
#3288=ADVANCED_FACE('',(#207),#79,.T.);
#3289=ADVANCED_FACE('',(#208),#3166,.F.);
#3290=ADVANCED_FACE('',(#209),#80,.T.);
#3291=ADVANCED_FACE('',(#210),#3167,.F.);
#3292=ADVANCED_FACE('',(#211),#81,.T.);
#3293=ADVANCED_FACE('',(#212),#3168,.T.);
#3294=ADVANCED_FACE('',(#213),#82,.T.);
#3295=ADVANCED_FACE('',(#214),#3169,.T.);
#3296=ADVANCED_FACE('',(#215),#83,.T.);
#3297=ADVANCED_FACE('',(#216),#3170,.F.);
#3298=ADVANCED_FACE('',(#217),#84,.T.);
#3299=ADVANCED_FACE('',(#218),#3171,.F.);
#3300=ADVANCED_FACE('',(#219),#85,.T.);
#3301=ADVANCED_FACE('',(#220),#3172,.F.);
#3302=ADVANCED_FACE('',(#221),#86,.T.);
#3303=ADVANCED_FACE('',(#222),#3173,.F.);
#3304=ADVANCED_FACE('',(#223),#87,.T.);
#3305=ADVANCED_FACE('',(#224),#3174,.T.);
#3306=ADVANCED_FACE('',(#225),#88,.T.);
#3307=ADVANCED_FACE('',(#226),#3175,.T.);
#3308=ADVANCED_FACE('',(#227),#89,.T.);
#3309=ADVANCED_FACE('',(#228),#3176,.F.);
#3310=ADVANCED_FACE('',(#229),#90,.T.);
#3311=ADVANCED_FACE('',(#230),#3177,.F.);
#3312=ADVANCED_FACE('',(#231),#91,.T.);
#3313=ADVANCED_FACE('',(#232),#3178,.F.);
#3314=ADVANCED_FACE('',(#233),#92,.T.);
#3315=ADVANCED_FACE('',(#234),#3179,.F.);
#3316=ADVANCED_FACE('',(#235),#93,.T.);
#3317=ADVANCED_FACE('',(#236),#3180,.T.);
#3318=ADVANCED_FACE('',(#237),#94,.T.);
#3319=ADVANCED_FACE('',(#238),#3181,.T.);
#3320=ADVANCED_FACE('',(#239),#95,.T.);
#3321=ADVANCED_FACE('',(#240),#3182,.F.);
#3322=ADVANCED_FACE('',(#241),#96,.T.);
#3323=ADVANCED_FACE('',(#242),#3183,.F.);
#3324=ADVANCED_FACE('',(#243),#97,.T.);
#3325=ADVANCED_FACE('',(#244),#3184,.F.);
#3326=ADVANCED_FACE('',(#245),#98,.T.);
#3327=ADVANCED_FACE('',(#246),#3185,.F.);
#3328=ADVANCED_FACE('',(#247),#99,.T.);
#3329=ADVANCED_FACE('',(#248),#3186,.F.);
#3330=ADVANCED_FACE('',(#249),#100,.T.);
#3331=ADVANCED_FACE('',(#250),#3187,.F.);
#3332=ADVANCED_FACE('',(#251),#101,.T.);
#3333=ADVANCED_FACE('',(#252),#3188,.F.);
#3334=ADVANCED_FACE('',(#253),#102,.T.);
#3335=ADVANCED_FACE('',(#254),#3189,.T.);
#3336=ADVANCED_FACE('',(#255),#103,.T.);
#3337=ADVANCED_FACE('',(#256),#3190,.T.);
#3338=ADVANCED_FACE('',(#257),#104,.T.);
#3339=ADVANCED_FACE('',(#258),#3191,.F.);
#3340=ADVANCED_FACE('',(#259),#105,.T.);
#3341=ADVANCED_FACE('',(#260),#3192,.T.);
#3342=ADVANCED_FACE('',(#261),#106,.T.);
#3343=ADVANCED_FACE('',(#262),#3193,.T.);
#3344=ADVANCED_FACE('',(#263),#107,.T.);
#3345=ADVANCED_FACE('',(#264),#3194,.F.);
#3346=ADVANCED_FACE('',(#265),#108,.T.);
#3347=ADVANCED_FACE('',(#266),#3195,.F.);
#3348=ADVANCED_FACE('',(#267),#109,.T.);
#3349=ADVANCED_FACE('',(#268),#3196,.F.);
#3350=ADVANCED_FACE('',(#269),#110,.T.);
#3351=ADVANCED_FACE('',(#270),#3197,.F.);
#3352=ADVANCED_FACE('',(#271),#111,.T.);
#3353=ADVANCED_FACE('',(#272),#3198,.T.);
#3354=ADVANCED_FACE('',(#273),#112,.T.);
#3355=ADVANCED_FACE('',(#274),#3199,.T.);
#3356=ADVANCED_FACE('',(#275),#113,.T.);
#3357=ADVANCED_FACE('',(#276),#3200,.F.);
#3358=ADVANCED_FACE('',(#277),#114,.T.);
#3359=ADVANCED_FACE('',(#278),#3201,.F.);
#3360=ADVANCED_FACE('',(#279),#115,.T.);
#3361=ADVANCED_FACE('',(#280),#3202,.F.);
#3362=ADVANCED_FACE('',(#281),#116,.T.);
#3363=ADVANCED_FACE('',(#282),#117,.T.);
#3364=ADVANCED_FACE('',(#283),#3203,.F.);
#3365=ADVANCED_FACE('',(#284,#17,#18),#118,.T.);
#3366=ADVANCED_FACE('',(#285),#3204,.F.);
#3367=ADVANCED_FACE('',(#286,#19,#20,#21,#22,#23,#24,#25),#119,.F.);
#3368=ADVANCED_FACE('',(#287,#26,#27),#120,.F.);
#3369=ADVANCED_FACE('',(#288,#28,#29,#30,#31,#32,#33,#34),#121,.T.);
#3370=ADVANCED_FACE('',(#289),#122,.T.);
#3371=ADVANCED_FACE('',(#290,#35,#36),#123,.T.);
#3372=CLOSED_SHELL('',(#3205,#3206,#3207,#3208,#3209,#3210,#3211,#3212,
#3213,#3214,#3215,#3216,#3217,#3218,#3219,#3220,#3221,#3222,#3223,#3224,
#3225,#3226,#3227,#3228,#3229,#3230,#3231,#3232,#3233,#3234,#3235,#3236,
#3237,#3238,#3239,#3240,#3241,#3242,#3243,#3244,#3245,#3246,#3247,#3248,
#3249,#3250,#3251,#3252,#3253,#3254,#3255,#3256,#3257,#3258,#3259,#3260,
#3261,#3262,#3263,#3264,#3265,#3266,#3267,#3268,#3269,#3270,#3271,#3272,
#3273,#3274,#3275,#3276,#3277,#3278,#3279,#3280,#3281,#3282,#3283,#3284,
#3285,#3286,#3287,#3288,#3289,#3290,#3291,#3292,#3293,#3294,#3295,#3296,
#3297,#3298,#3299,#3300,#3301,#3302,#3303,#3304,#3305,#3306,#3307,#3308,
#3309,#3310,#3311,#3312,#3313,#3314,#3315,#3316,#3317,#3318,#3319,#3320,
#3321,#3322,#3323,#3324,#3325,#3326,#3327,#3328,#3329,#3330,#3331,#3332,
#3333,#3334,#3335,#3336,#3337,#3338,#3339,#3340,#3341,#3342,#3343,#3344,
#3345,#3346,#3347,#3348,#3349,#3350,#3351,#3352,#3353,#3354,#3355,#3356,
#3357,#3358,#3359,#3360,#3361,#3362,#3363,#3364,#3365,#3366,#3367,#3368,
#3369,#3370,#3371));
#3373=DERIVED_UNIT_ELEMENT(#3375,1.);
#3374=DERIVED_UNIT_ELEMENT(#5702,-3.);
#3375=(
MASS_UNIT()
NAMED_UNIT(*)
SI_UNIT(.KILO.,.GRAM.)
);
#3376=DERIVED_UNIT((#3373,#3374));
#3377=MEASURE_REPRESENTATION_ITEM('density measure',
POSITIVE_RATIO_MEASURE(7850.),#3376);
#3378=PROPERTY_DEFINITION_REPRESENTATION(#3383,#3380);
#3379=PROPERTY_DEFINITION_REPRESENTATION(#3384,#3381);
#3380=REPRESENTATION('material name',(#3382),#5699);
#3381=REPRESENTATION('density',(#3377),#5699);
#3382=DESCRIPTIVE_REPRESENTATION_ITEM('Steel','Steel');
#3383=PROPERTY_DEFINITION('material property','material name',#5709);
#3384=PROPERTY_DEFINITION('material property','density of part',#5709);
#3385=AXIS2_PLACEMENT_3D('',#4704,#3713,#3714);
#3386=AXIS2_PLACEMENT_3D('',#4705,#3715,#3716);
#3387=AXIS2_PLACEMENT_3D('',#4708,#3717,#3718);
#3388=AXIS2_PLACEMENT_3D('',#4712,#3720,#3721);
#3389=AXIS2_PLACEMENT_3D('',#4714,#3723,#3724);
#3390=AXIS2_PLACEMENT_3D('',#4717,#3727,#3728);
#3391=AXIS2_PLACEMENT_3D('',#4720,#3729,#3730);
#3392=AXIS2_PLACEMENT_3D('',#4724,#3732,#3733);
#3393=AXIS2_PLACEMENT_3D('',#4726,#3735,#3736);
#3394=AXIS2_PLACEMENT_3D('',#4729,#3739,#3740);
#3395=AXIS2_PLACEMENT_3D('',#4731,#3741,#3742);
#3396=AXIS2_PLACEMENT_3D('',#4734,#3744,#3745);
#3397=AXIS2_PLACEMENT_3D('',#4735,#3746,#3747);
#3398=AXIS2_PLACEMENT_3D('',#4737,#3748,#3749);
#3399=AXIS2_PLACEMENT_3D('',#4740,#3751,#3752);
#3400=AXIS2_PLACEMENT_3D('',#4741,#3753,#3754);
#3401=AXIS2_PLACEMENT_3D('',#4750,#3759,#3760);
#3402=AXIS2_PLACEMENT_3D('',#4759,#3765,#3766);
#3403=AXIS2_PLACEMENT_3D('',#4765,#3770,#3771);
#3404=AXIS2_PLACEMENT_3D('',#4771,#3775,#3776);
#3405=AXIS2_PLACEMENT_3D('',#4780,#3781,#3782);
#3406=AXIS2_PLACEMENT_3D('',#4782,#3783,#3784);
#3407=AXIS2_PLACEMENT_3D('',#4785,#3786,#3787);
#3408=AXIS2_PLACEMENT_3D('',#4786,#3788,#3789);
#3409=AXIS2_PLACEMENT_3D('',#4792,#3793,#3794);
#3410=AXIS2_PLACEMENT_3D('',#4794,#3795,#3796);
#3411=AXIS2_PLACEMENT_3D('',#4797,#3798,#3799);
#3412=AXIS2_PLACEMENT_3D('',#4798,#3800,#3801);
#3413=AXIS2_PLACEMENT_3D('',#4804,#3805,#3806);
#3414=AXIS2_PLACEMENT_3D('',#4806,#3807,#3808);
#3415=AXIS2_PLACEMENT_3D('',#4809,#3810,#3811);
#3416=AXIS2_PLACEMENT_3D('',#4810,#3812,#3813);
#3417=AXIS2_PLACEMENT_3D('',#4816,#3817,#3818);
#3418=AXIS2_PLACEMENT_3D('',#4818,#3819,#3820);
#3419=AXIS2_PLACEMENT_3D('',#4821,#3822,#3823);
#3420=AXIS2_PLACEMENT_3D('',#4822,#3824,#3825);
#3421=AXIS2_PLACEMENT_3D('',#4828,#3829,#3830);
#3422=AXIS2_PLACEMENT_3D('',#4830,#3831,#3832);
#3423=AXIS2_PLACEMENT_3D('',#4833,#3834,#3835);
#3424=AXIS2_PLACEMENT_3D('',#4834,#3836,#3837);
#3425=AXIS2_PLACEMENT_3D('',#4840,#3841,#3842);
#3426=AXIS2_PLACEMENT_3D('',#4842,#3843,#3844);
#3427=AXIS2_PLACEMENT_3D('',#4845,#3846,#3847);
#3428=AXIS2_PLACEMENT_3D('',#4846,#3848,#3849);
#3429=AXIS2_PLACEMENT_3D('',#4852,#3853,#3854);
#3430=AXIS2_PLACEMENT_3D('',#4854,#3855,#3856);
#3431=AXIS2_PLACEMENT_3D('',#4857,#3858,#3859);
#3432=AXIS2_PLACEMENT_3D('',#4858,#3860,#3861);
#3433=AXIS2_PLACEMENT_3D('',#4864,#3865,#3866);
#3434=AXIS2_PLACEMENT_3D('',#4866,#3867,#3868);
#3435=AXIS2_PLACEMENT_3D('',#4869,#3870,#3871);
#3436=AXIS2_PLACEMENT_3D('',#4870,#3872,#3873);
#3437=AXIS2_PLACEMENT_3D('',#4876,#3877,#3878);
#3438=AXIS2_PLACEMENT_3D('',#4878,#3879,#3880);
#3439=AXIS2_PLACEMENT_3D('',#4881,#3882,#3883);
#3440=AXIS2_PLACEMENT_3D('',#4882,#3884,#3885);
#3441=AXIS2_PLACEMENT_3D('',#4888,#3889,#3890);
#3442=AXIS2_PLACEMENT_3D('',#4890,#3891,#3892);
#3443=AXIS2_PLACEMENT_3D('',#4893,#3894,#3895);
#3444=AXIS2_PLACEMENT_3D('',#4894,#3896,#3897);
#3445=AXIS2_PLACEMENT_3D('',#4900,#3901,#3902);
#3446=AXIS2_PLACEMENT_3D('',#4902,#3903,#3904);
#3447=AXIS2_PLACEMENT_3D('',#4905,#3906,#3907);
#3448=AXIS2_PLACEMENT_3D('',#4906,#3908,#3909);
#3449=AXIS2_PLACEMENT_3D('',#4912,#3913,#3914);
#3450=AXIS2_PLACEMENT_3D('',#4913,#3915,#3916);
#3451=AXIS2_PLACEMENT_3D('',#4914,#3917,#3918);
#3452=AXIS2_PLACEMENT_3D('',#4915,#3919,#3920);
#3453=AXIS2_PLACEMENT_3D('',#4918,#3921,#3922);
#3454=AXIS2_PLACEMENT_3D('',#4922,#3924,#3925);
#3455=AXIS2_PLACEMENT_3D('',#4924,#3927,#3928);
#3456=AXIS2_PLACEMENT_3D('',#4930,#3932,#3933);
#3457=AXIS2_PLACEMENT_3D('',#4932,#3934,#3935);
#3458=AXIS2_PLACEMENT_3D('',#4935,#3937,#3938);
#3459=AXIS2_PLACEMENT_3D('',#4936,#3939,#3940);
#3460=AXIS2_PLACEMENT_3D('',#4942,#3944,#3945);
#3461=AXIS2_PLACEMENT_3D('',#4944,#3946,#3947);
#3462=AXIS2_PLACEMENT_3D('',#4947,#3949,#3950);
#3463=AXIS2_PLACEMENT_3D('',#4948,#3951,#3952);
#3464=AXIS2_PLACEMENT_3D('',#4954,#3956,#3957);
#3465=AXIS2_PLACEMENT_3D('',#4956,#3958,#3959);
#3466=AXIS2_PLACEMENT_3D('',#4959,#3961,#3962);
#3467=AXIS2_PLACEMENT_3D('',#4960,#3963,#3964);
#3468=AXIS2_PLACEMENT_3D('',#4966,#3968,#3969);
#3469=AXIS2_PLACEMENT_3D('',#4968,#3970,#3971);
#3470=AXIS2_PLACEMENT_3D('',#4971,#3973,#3974);
#3471=AXIS2_PLACEMENT_3D('',#4972,#3975,#3976);
#3472=AXIS2_PLACEMENT_3D('',#4978,#3980,#3981);
#3473=AXIS2_PLACEMENT_3D('',#4980,#3982,#3983);
#3474=AXIS2_PLACEMENT_3D('',#4983,#3985,#3986);
#3475=AXIS2_PLACEMENT_3D('',#4984,#3987,#3988);
#3476=AXIS2_PLACEMENT_3D('',#4990,#3992,#3993);
#3477=AXIS2_PLACEMENT_3D('',#4992,#3994,#3995);
#3478=AXIS2_PLACEMENT_3D('',#4995,#3997,#3998);
#3479=AXIS2_PLACEMENT_3D('',#4996,#3999,#4000);
#3480=AXIS2_PLACEMENT_3D('',#5002,#4004,#4005);
#3481=AXIS2_PLACEMENT_3D('',#5004,#4006,#4007);
#3482=AXIS2_PLACEMENT_3D('',#5007,#4009,#4010);
#3483=AXIS2_PLACEMENT_3D('',#5008,#4011,#4012);
#3484=AXIS2_PLACEMENT_3D('',#5011,#4015,#4016);
#3485=AXIS2_PLACEMENT_3D('',#5014,#4017,#4018);
#3486=AXIS2_PLACEMENT_3D('',#5018,#4020,#4021);
#3487=AXIS2_PLACEMENT_3D('',#5020,#4023,#4024);
#3488=AXIS2_PLACEMENT_3D('',#5026,#4028,#4029);
#3489=AXIS2_PLACEMENT_3D('',#5028,#4030,#4031);
#3490=AXIS2_PLACEMENT_3D('',#5031,#4033,#4034);
#3491=AXIS2_PLACEMENT_3D('',#5032,#4035,#4036);
#3492=AXIS2_PLACEMENT_3D('',#5038,#4040,#4041);
#3493=AXIS2_PLACEMENT_3D('',#5040,#4042,#4043);
#3494=AXIS2_PLACEMENT_3D('',#5043,#4045,#4046);
#3495=AXIS2_PLACEMENT_3D('',#5044,#4047,#4048);
#3496=AXIS2_PLACEMENT_3D('',#5050,#4052,#4053);
#3497=AXIS2_PLACEMENT_3D('',#5052,#4054,#4055);
#3498=AXIS2_PLACEMENT_3D('',#5055,#4057,#4058);
#3499=AXIS2_PLACEMENT_3D('',#5056,#4059,#4060);
#3500=AXIS2_PLACEMENT_3D('',#5062,#4064,#4065);
#3501=AXIS2_PLACEMENT_3D('',#5064,#4066,#4067);
#3502=AXIS2_PLACEMENT_3D('',#5067,#4069,#4070);
#3503=AXIS2_PLACEMENT_3D('',#5068,#4071,#4072);
#3504=AXIS2_PLACEMENT_3D('',#5074,#4076,#4077);
#3505=AXIS2_PLACEMENT_3D('',#5076,#4078,#4079);
#3506=AXIS2_PLACEMENT_3D('',#5079,#4081,#4082);
#3507=AXIS2_PLACEMENT_3D('',#5080,#4083,#4084);
#3508=AXIS2_PLACEMENT_3D('',#5086,#4088,#4089);
#3509=AXIS2_PLACEMENT_3D('',#5088,#4090,#4091);
#3510=AXIS2_PLACEMENT_3D('',#5091,#4093,#4094);
#3511=AXIS2_PLACEMENT_3D('',#5092,#4095,#4096);
#3512=AXIS2_PLACEMENT_3D('',#5098,#4100,#4101);
#3513=AXIS2_PLACEMENT_3D('',#5100,#4102,#4103);
#3514=AXIS2_PLACEMENT_3D('',#5103,#4105,#4106);
#3515=AXIS2_PLACEMENT_3D('',#5104,#4107,#4108);
#3516=AXIS2_PLACEMENT_3D('',#5110,#4112,#4113);
#3517=AXIS2_PLACEMENT_3D('',#5112,#4114,#4115);
#3518=AXIS2_PLACEMENT_3D('',#5115,#4117,#4118);
#3519=AXIS2_PLACEMENT_3D('',#5116,#4119,#4120);
#3520=AXIS2_PLACEMENT_3D('',#5122,#4124,#4125);
#3521=AXIS2_PLACEMENT_3D('',#5124,#4126,#4127);
#3522=AXIS2_PLACEMENT_3D('',#5127,#4129,#4130);
#3523=AXIS2_PLACEMENT_3D('',#5128,#4131,#4132);
#3524=AXIS2_PLACEMENT_3D('',#5134,#4136,#4137);
#3525=AXIS2_PLACEMENT_3D('',#5136,#4138,#4139);
#3526=AXIS2_PLACEMENT_3D('',#5139,#4141,#4142);
#3527=AXIS2_PLACEMENT_3D('',#5140,#4143,#4144);
#3528=AXIS2_PLACEMENT_3D('',#5146,#4148,#4149);
#3529=AXIS2_PLACEMENT_3D('',#5148,#4150,#4151);
#3530=AXIS2_PLACEMENT_3D('',#5151,#4153,#4154);
#3531=AXIS2_PLACEMENT_3D('',#5152,#4155,#4156);
#3532=AXIS2_PLACEMENT_3D('',#5155,#4159,#4160);
#3533=AXIS2_PLACEMENT_3D('',#5158,#4161,#4162);
#3534=AXIS2_PLACEMENT_3D('',#5162,#4164,#4165);
#3535=AXIS2_PLACEMENT_3D('',#5164,#4167,#4168);
#3536=AXIS2_PLACEMENT_3D('',#5170,#4172,#4173);
#3537=AXIS2_PLACEMENT_3D('',#5172,#4174,#4175);
#3538=AXIS2_PLACEMENT_3D('',#5175,#4177,#4178);
#3539=AXIS2_PLACEMENT_3D('',#5176,#4179,#4180);
#3540=AXIS2_PLACEMENT_3D('',#5182,#4184,#4185);
#3541=AXIS2_PLACEMENT_3D('',#5184,#4186,#4187);
#3542=AXIS2_PLACEMENT_3D('',#5187,#4189,#4190);
#3543=AXIS2_PLACEMENT_3D('',#5188,#4191,#4192);
#3544=AXIS2_PLACEMENT_3D('',#5194,#4196,#4197);
#3545=AXIS2_PLACEMENT_3D('',#5196,#4198,#4199);
#3546=AXIS2_PLACEMENT_3D('',#5199,#4201,#4202);
#3547=AXIS2_PLACEMENT_3D('',#5200,#4203,#4204);
#3548=AXIS2_PLACEMENT_3D('',#5206,#4208,#4209);
#3549=AXIS2_PLACEMENT_3D('',#5208,#4210,#4211);
#3550=AXIS2_PLACEMENT_3D('',#5211,#4213,#4214);
#3551=AXIS2_PLACEMENT_3D('',#5212,#4215,#4216);
#3552=AXIS2_PLACEMENT_3D('',#5218,#4220,#4221);
#3553=AXIS2_PLACEMENT_3D('',#5220,#4222,#4223);
#3554=AXIS2_PLACEMENT_3D('',#5223,#4225,#4226);
#3555=AXIS2_PLACEMENT_3D('',#5224,#4227,#4228);
#3556=AXIS2_PLACEMENT_3D('',#5230,#4232,#4233);
#3557=AXIS2_PLACEMENT_3D('',#5232,#4234,#4235);
#3558=AXIS2_PLACEMENT_3D('',#5235,#4237,#4238);
#3559=AXIS2_PLACEMENT_3D('',#5236,#4239,#4240);
#3560=AXIS2_PLACEMENT_3D('',#5242,#4244,#4245);
#3561=AXIS2_PLACEMENT_3D('',#5244,#4246,#4247);
#3562=AXIS2_PLACEMENT_3D('',#5247,#4249,#4250);
#3563=AXIS2_PLACEMENT_3D('',#5248,#4251,#4252);
#3564=AXIS2_PLACEMENT_3D('',#5254,#4256,#4257);
#3565=AXIS2_PLACEMENT_3D('',#5256,#4258,#4259);
#3566=AXIS2_PLACEMENT_3D('',#5259,#4261,#4262);
#3567=AXIS2_PLACEMENT_3D('',#5260,#4263,#4264);
#3568=AXIS2_PLACEMENT_3D('',#5266,#4268,#4269);
#3569=AXIS2_PLACEMENT_3D('',#5268,#4270,#4271);
#3570=AXIS2_PLACEMENT_3D('',#5271,#4273,#4274);
#3571=AXIS2_PLACEMENT_3D('',#5272,#4275,#4276);
#3572=AXIS2_PLACEMENT_3D('',#5278,#4280,#4281);
#3573=AXIS2_PLACEMENT_3D('',#5280,#4282,#4283);
#3574=AXIS2_PLACEMENT_3D('',#5283,#4285,#4286);
#3575=AXIS2_PLACEMENT_3D('',#5284,#4287,#4288);
#3576=AXIS2_PLACEMENT_3D('',#5290,#4292,#4293);
#3577=AXIS2_PLACEMENT_3D('',#5292,#4294,#4295);
#3578=AXIS2_PLACEMENT_3D('',#5295,#4297,#4298);
#3579=AXIS2_PLACEMENT_3D('',#5296,#4299,#4300);
#3580=AXIS2_PLACEMENT_3D('',#5299,#4303,#4304);
#3581=AXIS2_PLACEMENT_3D('',#5302,#4305,#4306);
#3582=AXIS2_PLACEMENT_3D('',#5306,#4308,#4309);
#3583=AXIS2_PLACEMENT_3D('',#5308,#4311,#4312);
#3584=AXIS2_PLACEMENT_3D('',#5314,#4316,#4317);
#3585=AXIS2_PLACEMENT_3D('',#5316,#4318,#4319);
#3586=AXIS2_PLACEMENT_3D('',#5319,#4321,#4322);
#3587=AXIS2_PLACEMENT_3D('',#5320,#4323,#4324);
#3588=AXIS2_PLACEMENT_3D('',#5326,#4328,#4329);
#3589=AXIS2_PLACEMENT_3D('',#5328,#4330,#4331);
#3590=AXIS2_PLACEMENT_3D('',#5331,#4333,#4334);
#3591=AXIS2_PLACEMENT_3D('',#5332,#4335,#4336);
#3592=AXIS2_PLACEMENT_3D('',#5338,#4340,#4341);
#3593=AXIS2_PLACEMENT_3D('',#5340,#4342,#4343);
#3594=AXIS2_PLACEMENT_3D('',#5343,#4345,#4346);
#3595=AXIS2_PLACEMENT_3D('',#5344,#4347,#4348);
#3596=AXIS2_PLACEMENT_3D('',#5350,#4352,#4353);
#3597=AXIS2_PLACEMENT_3D('',#5352,#4354,#4355);
#3598=AXIS2_PLACEMENT_3D('',#5355,#4357,#4358);
#3599=AXIS2_PLACEMENT_3D('',#5356,#4359,#4360);
#3600=AXIS2_PLACEMENT_3D('',#5362,#4364,#4365);
#3601=AXIS2_PLACEMENT_3D('',#5364,#4366,#4367);
#3602=AXIS2_PLACEMENT_3D('',#5367,#4369,#4370);
#3603=AXIS2_PLACEMENT_3D('',#5368,#4371,#4372);
#3604=AXIS2_PLACEMENT_3D('',#5374,#4376,#4377);
#3605=AXIS2_PLACEMENT_3D('',#5376,#4378,#4379);
#3606=AXIS2_PLACEMENT_3D('',#5379,#4381,#4382);
#3607=AXIS2_PLACEMENT_3D('',#5380,#4383,#4384);
#3608=AXIS2_PLACEMENT_3D('',#5386,#4388,#4389);
#3609=AXIS2_PLACEMENT_3D('',#5388,#4390,#4391);
#3610=AXIS2_PLACEMENT_3D('',#5391,#4393,#4394);
#3611=AXIS2_PLACEMENT_3D('',#5392,#4395,#4396);
#3612=AXIS2_PLACEMENT_3D('',#5398,#4400,#4401);
#3613=AXIS2_PLACEMENT_3D('',#5400,#4402,#4403);
#3614=AXIS2_PLACEMENT_3D('',#5403,#4405,#4406);
#3615=AXIS2_PLACEMENT_3D('',#5404,#4407,#4408);
#3616=AXIS2_PLACEMENT_3D('',#5410,#4412,#4413);
#3617=AXIS2_PLACEMENT_3D('',#5412,#4414,#4415);
#3618=AXIS2_PLACEMENT_3D('',#5415,#4417,#4418);
#3619=AXIS2_PLACEMENT_3D('',#5416,#4419,#4420);
#3620=AXIS2_PLACEMENT_3D('',#5422,#4424,#4425);
#3621=AXIS2_PLACEMENT_3D('',#5424,#4426,#4427);
#3622=AXIS2_PLACEMENT_3D('',#5427,#4429,#4430);
#3623=AXIS2_PLACEMENT_3D('',#5428,#4431,#4432);
#3624=AXIS2_PLACEMENT_3D('',#5434,#4436,#4437);
#3625=AXIS2_PLACEMENT_3D('',#5436,#4438,#4439);
#3626=AXIS2_PLACEMENT_3D('',#5439,#4441,#4442);
#3627=AXIS2_PLACEMENT_3D('',#5440,#4443,#4444);
#3628=AXIS2_PLACEMENT_3D('',#5443,#4447,#4448);
#3629=AXIS2_PLACEMENT_3D('',#5446,#4449,#4450);
#3630=AXIS2_PLACEMENT_3D('',#5450,#4452,#4453);
#3631=AXIS2_PLACEMENT_3D('',#5452,#4455,#4456);
#3632=AXIS2_PLACEMENT_3D('',#5458,#4460,#4461);
#3633=AXIS2_PLACEMENT_3D('',#5460,#4462,#4463);
#3634=AXIS2_PLACEMENT_3D('',#5463,#4465,#4466);
#3635=AXIS2_PLACEMENT_3D('',#5464,#4467,#4468);
#3636=AXIS2_PLACEMENT_3D('',#5470,#4472,#4473);
#3637=AXIS2_PLACEMENT_3D('',#5473,#4474,#4475);
#3638=AXIS2_PLACEMENT_3D('',#5477,#4477,#4478);
#3639=AXIS2_PLACEMENT_3D('',#5479,#4480,#4481);
#3640=AXIS2_PLACEMENT_3D('',#5485,#4485,#4486);
#3641=AXIS2_PLACEMENT_3D('',#5487,#4487,#4488);
#3642=AXIS2_PLACEMENT_3D('',#5490,#4490,#4491);
#3643=AXIS2_PLACEMENT_3D('',#5491,#4492,#4493);
#3644=AXIS2_PLACEMENT_3D('',#5497,#4497,#4498);
#3645=AXIS2_PLACEMENT_3D('',#5499,#4499,#4500);
#3646=AXIS2_PLACEMENT_3D('',#5502,#4502,#4503);
#3647=AXIS2_PLACEMENT_3D('',#5503,#4504,#4505);
#3648=AXIS2_PLACEMENT_3D('',#5509,#4509,#4510);
#3649=AXIS2_PLACEMENT_3D('',#5511,#4511,#4512);
#3650=AXIS2_PLACEMENT_3D('',#5514,#4514,#4515);
#3651=AXIS2_PLACEMENT_3D('',#5515,#4516,#4517);
#3652=AXIS2_PLACEMENT_3D('',#5518,#4520,#4521);
#3653=AXIS2_PLACEMENT_3D('',#5521,#4522,#4523);
#3654=AXIS2_PLACEMENT_3D('',#5525,#4525,#4526);
#3655=AXIS2_PLACEMENT_3D('',#5527,#4528,#4529);
#3656=AXIS2_PLACEMENT_3D('',#5533,#4533,#4534);
#3657=AXIS2_PLACEMENT_3D('',#5535,#4535,#4536);
#3658=AXIS2_PLACEMENT_3D('',#5538,#4538,#4539);
#3659=AXIS2_PLACEMENT_3D('',#5539,#4540,#4541);
#3660=AXIS2_PLACEMENT_3D('',#5545,#4545,#4546);
#3661=AXIS2_PLACEMENT_3D('',#5547,#4547,#4548);
#3662=AXIS2_PLACEMENT_3D('',#5550,#4550,#4551);
#3663=AXIS2_PLACEMENT_3D('',#5551,#4552,#4553);
#3664=AXIS2_PLACEMENT_3D('',#5557,#4557,#4558);
#3665=AXIS2_PLACEMENT_3D('',#5559,#4559,#4560);
#3666=AXIS2_PLACEMENT_3D('',#5562,#4562,#4563);
#3667=AXIS2_PLACEMENT_3D('',#5563,#4564,#4565);
#3668=AXIS2_PLACEMENT_3D('',#5569,#4569,#4570);
#3669=AXIS2_PLACEMENT_3D('',#5571,#4571,#4572);
#3670=AXIS2_PLACEMENT_3D('',#5574,#4574,#4575);
#3671=AXIS2_PLACEMENT_3D('',#5575,#4576,#4577);
#3672=AXIS2_PLACEMENT_3D('',#5581,#4581,#4582);
#3673=AXIS2_PLACEMENT_3D('',#5583,#4583,#4584);
#3674=AXIS2_PLACEMENT_3D('',#5586,#4586,#4587);
#3675=AXIS2_PLACEMENT_3D('',#5587,#4588,#4589);
#3676=AXIS2_PLACEMENT_3D('',#5593,#4593,#4594);
#3677=AXIS2_PLACEMENT_3D('',#5595,#4595,#4596);
#3678=AXIS2_PLACEMENT_3D('',#5598,#4598,#4599);
#3679=AXIS2_PLACEMENT_3D('',#5599,#4600,#4601);
#3680=AXIS2_PLACEMENT_3D('',#5605,#4605,#4606);
#3681=AXIS2_PLACEMENT_3D('',#5607,#4607,#4608);
#3682=AXIS2_PLACEMENT_3D('',#5610,#4610,#4611);
#3683=AXIS2_PLACEMENT_3D('',#5611,#4612,#4613);
#3684=AXIS2_PLACEMENT_3D('',#5617,#4617,#4618);
#3685=AXIS2_PLACEMENT_3D('',#5619,#4619,#4620);
#3686=AXIS2_PLACEMENT_3D('',#5622,#4622,#4623);
#3687=AXIS2_PLACEMENT_3D('',#5623,#4624,#4625);
#3688=AXIS2_PLACEMENT_3D('',#5629,#4629,#4630);
#3689=AXIS2_PLACEMENT_3D('',#5631,#4631,#4632);
#3690=AXIS2_PLACEMENT_3D('',#5634,#4634,#4635);
#3691=AXIS2_PLACEMENT_3D('',#5635,#4636,#4637);
#3692=AXIS2_PLACEMENT_3D('',#5641,#4641,#4642);
#3693=AXIS2_PLACEMENT_3D('',#5643,#4643,#4644);
#3694=AXIS2_PLACEMENT_3D('',#5646,#4646,#4647);
#3695=AXIS2_PLACEMENT_3D('',#5647,#4648,#4649);
#3696=AXIS2_PLACEMENT_3D('',#5653,#4653,#4654);
#3697=AXIS2_PLACEMENT_3D('',#5655,#4655,#4656);
#3698=AXIS2_PLACEMENT_3D('',#5658,#4658,#4659);
#3699=AXIS2_PLACEMENT_3D('',#5659,#4660,#4661);
#3700=AXIS2_PLACEMENT_3D('',#5662,#4664,#4665);
#3701=AXIS2_PLACEMENT_3D('',#5668,#4669,#4670);
#3702=AXIS2_PLACEMENT_3D('',#5670,#4671,#4672);
#3703=AXIS2_PLACEMENT_3D('',#5672,#4673,#4674);
#3704=AXIS2_PLACEMENT_3D('',#5674,#4676,#4677);
#3705=AXIS2_PLACEMENT_3D('',#5680,#4681,#4682);
#3706=AXIS2_PLACEMENT_3D('',#5681,#4683,#4684);
#3707=AXIS2_PLACEMENT_3D('',#5682,#4685,#4686);
#3708=AXIS2_PLACEMENT_3D('',#5683,#4687,#4688);
#3709=AXIS2_PLACEMENT_3D('',#5688,#4692,#4693);
#3710=AXIS2_PLACEMENT_3D('',#5690,#4695,#4696);
#3711=AXIS2_PLACEMENT_3D('',#5694,#4699,#4700);
#3712=AXIS2_PLACEMENT_3D('',#5696,#4702,#4703);
#3713=DIRECTION('axis',(0.,0.,1.));
#3714=DIRECTION('refdir',(1.,0.,0.));
#3715=DIRECTION('center_axis',(0.,-0.422618261740701,-0.906307787036649));
#3716=DIRECTION('ref_axis',(0.495624026830671,0.787162004861748,-0.367059671075677));
#3717=DIRECTION('center_axis',(7.33560078346158E-17,0.342020143325674,0.939692620785907));
#3718=DIRECTION('ref_axis',(0.,0.939692620785906,-0.342020143325674));
#3719=DIRECTION('',(0.,-0.422618261740701,-0.906307787036649));
#3720=DIRECTION('center_axis',(-2.34600262405792E-17,-0.422618261740699,
-0.90630778703665));
#3721=DIRECTION('ref_axis',(-1.,0.,0.));
#3722=DIRECTION('',(0.,-0.422618261740701,-0.906307787036649));
#3723=DIRECTION('center_axis',(-0.49562402683067,-0.787162004861749,0.367059671075677));
#3724=DIRECTION('ref_axis',(-0.868537174810699,0.449187914959098,-0.209459764696103));
#3725=DIRECTION('',(0.867721804703787,-0.467074375155502,0.170001169745091));
#3726=DIRECTION('',(-0.868537174810699,0.449187914959097,-0.209459764696103));
#3727=DIRECTION('center_axis',(0.,-0.4226182617407,-0.90630778703665));
#3728=DIRECTION('ref_axis',(-0.495624026830617,-0.787162004861776,0.367059671075689));
#3729=DIRECTION('center_axis',(7.33560078346158E-17,0.342020143325674,0.939692620785907));
#3730=DIRECTION('ref_axis',(0.,0.939692620785907,-0.342020143325674));
#3731=DIRECTION('',(0.,-0.4226182617407,-0.90630778703665));
#3732=DIRECTION('center_axis',(-2.34600262405792E-17,-0.422618261740699,
-0.90630778703665));
#3733=DIRECTION('ref_axis',(-1.,0.,0.));
#3734=DIRECTION('',(0.,-0.4226182617407,-0.90630778703665));
#3735=DIRECTION('center_axis',(0.49562402683067,0.787162004861749,-0.367059671075676));
#3736=DIRECTION('ref_axis',(0.868537174810699,-0.449187914959098,0.209459764696103));
#3737=DIRECTION('',(-0.867721804703787,0.467074375155502,-0.170001169745091));
#3738=DIRECTION('',(0.868537174810699,-0.449187914959098,0.209459764696103));
#3739=DIRECTION('center_axis',(0.,0.342020143325669,0.939692620785908));
#3740=DIRECTION('ref_axis',(-1.,-4.35363568143554E-32,1.58459379888179E-32));
#3741=DIRECTION('center_axis',(-5.6957795700863E-17,0.342020143325669,0.939692620785908));
#3742=DIRECTION('ref_axis',(-1.,-4.35363568143554E-32,1.58459379888179E-32));
#3743=DIRECTION('',(0.,0.342020143325669,0.939692620785908));
#3744=DIRECTION('center_axis',(-7.33560078346147E-17,-0.342020143325669,
-0.939692620785908));
#3745=DIRECTION('ref_axis',(-1.,-4.35363568143554E-32,1.58459379888179E-32));
#3746=DIRECTION('center_axis',(0.,0.342020143325669,0.939692620785908));
#3747=DIRECTION('ref_axis',(-1.,-4.35363568143555E-32,1.5845937988818E-32));
#3748=DIRECTION('center_axis',(-5.6957795700863E-17,0.342020143325669,0.939692620785908));
#3749=DIRECTION('ref_axis',(-1.,-4.35363568143555E-32,1.5845937988818E-32));
#3750=DIRECTION('',(0.,0.342020143325669,0.939692620785908));
#3751=DIRECTION('center_axis',(-7.33560078346147E-17,-0.342020143325669,
-0.939692620785908));
#3752=DIRECTION('ref_axis',(-1.,-4.35363568143555E-32,1.5845937988818E-32));
#3753=DIRECTION('center_axis',(-1.75455008487576E-16,-0.818053611715381,
0.575141972350672));
#3754=DIRECTION('ref_axis',(1.2335565566265E-16,0.575141972350672,0.818053611715381));
#3755=DIRECTION('',(1.2335565566265E-16,0.575141972350672,0.818053611715381));
#3756=DIRECTION('',(-1.,2.14478618485241E-16,1.28992821994434E-30));
#3757=DIRECTION('',(1.2335565566265E-16,0.575141972350672,0.818053611715381));
#3758=DIRECTION('',(-1.,2.14478618485241E-16,1.28992821994434E-30));
#3759=DIRECTION('center_axis',(2.01543975179081E-16,0.939692621122279,-0.342020142401499));
#3760=DIRECTION('ref_axis',(-7.33560076363999E-17,-0.342020142401499,-0.939692621122279));
#3761=DIRECTION('',(7.33560076363999E-17,0.342020142401499,0.939692621122279));
#3762=DIRECTION('',(-1.,2.14478618485241E-16,1.28992821994434E-30));
#3763=DIRECTION('',(-7.33560076363999E-17,-0.342020142401499,-0.939692621122279));
#3764=DIRECTION('',(-1.,2.14478618485241E-16,1.28992821994434E-30));
#3765=DIRECTION('center_axis',(2.0154397553966E-16,0.939692622803469,-0.342020137782466));
#3766=DIRECTION('ref_axis',(-7.33560066457161E-17,-0.342020137782466,-0.939692622803469));
#3767=DIRECTION('',(-7.33560066457161E-17,-0.342020137782466,-0.939692622803469));
#3768=DIRECTION('',(-1.,2.14478618485241E-16,1.28992821994434E-30));
#3769=DIRECTION('',(-7.33560066457161E-17,-0.342020137782466,-0.939692622803469));
#3770=DIRECTION('center_axis',(2.01543975106936E-16,0.939692620785908,-0.342020143325669));
#3771=DIRECTION('ref_axis',(-7.33560078346147E-17,-0.342020143325669,-0.939692620785908));
#3772=DIRECTION('',(-7.33560078346147E-17,-0.342020143325669,-0.939692620785908));
#3773=DIRECTION('',(-1.,2.14478618485241E-16,1.28992821994434E-30));
#3774=DIRECTION('',(-7.33560078346147E-17,-0.342020143325669,-0.939692620785908));
#3775=DIRECTION('center_axis',(-2.01543975106936E-16,-0.939692620785908,
0.342020143325669));
#3776=DIRECTION('ref_axis',(7.33560078346147E-17,0.342020143325669,0.939692620785908));
#3777=DIRECTION('',(7.33560078346147E-17,0.342020143325669,0.939692620785908));
#3778=DIRECTION('',(-1.,2.14478618485241E-16,1.28992821994434E-30));
#3779=DIRECTION('',(7.33560078346147E-17,0.342020143325669,0.939692620785908));
#3780=DIRECTION('',(-1.,2.14478618485241E-16,1.28992821994434E-30));
#3781=DIRECTION('center_axis',(-1.,2.14478618485241E-16,1.28992821994434E-30));
#3782=DIRECTION('ref_axis',(-2.01543975106949E-16,-0.939692620785969,0.342020143325502));
#3783=DIRECTION('center_axis',(-1.,2.14478618485241E-16,1.28992821994434E-30));
#3784=DIRECTION('ref_axis',(-2.01543975106949E-16,-0.939692620785969,0.342020143325502));
#3785=DIRECTION('',(-1.,2.14478618485241E-16,1.28992821994434E-30));
#3786=DIRECTION('center_axis',(-1.,2.14478618485241E-16,1.28992821994434E-30));
#3787=DIRECTION('ref_axis',(-2.01543975106949E-16,-0.939692620785969,0.342020143325502));
#3788=DIRECTION('center_axis',(7.33560078346149E-17,0.34202014332567,0.939692620785908));
#3789=DIRECTION('ref_axis',(2.01543975106936E-16,0.939692620785908,-0.34202014332567));
#3790=DIRECTION('',(2.01543975106936E-16,0.939692620785908,-0.34202014332567));
#3791=DIRECTION('',(-1.,2.14478618485241E-16,1.28992821994434E-30));
#3792=DIRECTION('',(2.01543975106936E-16,0.939692620785908,-0.34202014332567));
#3793=DIRECTION('center_axis',(-1.,2.14478618485241E-16,1.28992821994434E-30));
#3794=DIRECTION('ref_axis',(7.33560078346147E-17,0.342020143325669,0.939692620785908));
#3795=DIRECTION('center_axis',(-1.,2.14478618485241E-16,1.28992821994434E-30));
#3796=DIRECTION('ref_axis',(7.33560078346147E-17,0.342020143325669,0.939692620785908));
#3797=DIRECTION('',(-1.,2.14478618485241E-16,1.28992821994434E-30));
#3798=DIRECTION('center_axis',(-1.,2.14478618485241E-16,1.28992821994434E-30));
#3799=DIRECTION('ref_axis',(7.33560078346147E-17,0.342020143325669,0.939692620785908));
#3800=DIRECTION('center_axis',(2.01543975106936E-16,0.939692620785908,-0.342020143325669));
#3801=DIRECTION('ref_axis',(-7.33560078346147E-17,-0.342020143325669,-0.939692620785908));
#3802=DIRECTION('',(-7.33560078346147E-17,-0.342020143325669,-0.939692620785908));
#3803=DIRECTION('',(-1.,2.14478618485241E-16,1.28992821994434E-30));
#3804=DIRECTION('',(-7.33560078346147E-17,-0.342020143325669,-0.939692620785908));
#3805=DIRECTION('center_axis',(-1.,2.14478618485241E-16,1.28992821994434E-30));
#3806=DIRECTION('ref_axis',(-7.33560078346147E-17,-0.342020143325669,-0.939692620785908));
#3807=DIRECTION('center_axis',(1.,-2.14478618485241E-16,-1.28992821994434E-30));
#3808=DIRECTION('ref_axis',(-7.33560078346147E-17,-0.342020143325669,-0.939692620785908));
#3809=DIRECTION('',(-1.,2.14478618485241E-16,1.28992821994434E-30));
#3810=DIRECTION('center_axis',(1.,-2.14478618485241E-16,-1.28992821994434E-30));
#3811=DIRECTION('ref_axis',(-7.33560078346147E-17,-0.342020143325669,-0.939692620785908));
#3812=DIRECTION('center_axis',(7.33560078346138E-17,0.342020143325665,0.93969262078591));
#3813=DIRECTION('ref_axis',(2.01543975106937E-16,0.93969262078591,-0.342020143325665));
#3814=DIRECTION('',(2.01543975106937E-16,0.93969262078591,-0.342020143325665));
#3815=DIRECTION('',(-1.,2.14478618485241E-16,1.28992821994434E-30));
#3816=DIRECTION('',(2.01543975106937E-16,0.93969262078591,-0.342020143325665));
#3817=DIRECTION('center_axis',(-1.,2.14478618485241E-16,1.28992821994434E-30));
#3818=DIRECTION('ref_axis',(2.01543975106936E-16,0.939692620785908,-0.342020143325669));
#3819=DIRECTION('center_axis',(1.,-2.14478618485241E-16,-1.28992821994434E-30));
#3820=DIRECTION('ref_axis',(2.01543975106936E-16,0.939692620785908,-0.342020143325669));
#3821=DIRECTION('',(-1.,2.14478618485241E-16,1.28992821994434E-30));
#3822=DIRECTION('center_axis',(1.,-2.14478618485241E-16,-1.28992821994434E-30));
#3823=DIRECTION('ref_axis',(2.01543975106936E-16,0.939692620785908,-0.342020143325669));
#3824=DIRECTION('center_axis',(-2.01543975106936E-16,-0.939692620785908,
0.342020143325671));
#3825=DIRECTION('ref_axis',(7.33560078346151E-17,0.342020143325671,0.939692620785908));
#3826=DIRECTION('',(7.33560078346151E-17,0.342020143325671,0.939692620785908));
#3827=DIRECTION('',(-1.,2.14478618485241E-16,1.28992821994434E-30));
#3828=DIRECTION('',(7.33560078346151E-17,0.342020143325671,0.939692620785908));
#3829=DIRECTION('center_axis',(-1.,2.14478618485241E-16,1.28992821994434E-30));
#3830=DIRECTION('ref_axis',(7.33560078346147E-17,0.342020143325669,0.939692620785908));
#3831=DIRECTION('center_axis',(1.,-2.14478618485241E-16,-1.28992821994434E-30));
#3832=DIRECTION('ref_axis',(7.33560078346147E-17,0.342020143325669,0.939692620785908));
#3833=DIRECTION('',(-1.,2.14478618485241E-16,1.28992821994434E-30));
#3834=DIRECTION('center_axis',(1.,-2.14478618485241E-16,-1.28992821994434E-30));
#3835=DIRECTION('ref_axis',(7.33560078346147E-17,0.342020143325669,0.939692620785908));
#3836=DIRECTION('center_axis',(-7.33560078346129E-17,-0.342020143325661,
-0.939692620785911));
#3837=DIRECTION('ref_axis',(-2.01543975106937E-16,-0.939692620785911,0.342020143325661));
#3838=DIRECTION('',(-2.01543975106937E-16,-0.939692620785911,0.342020143325661));
#3839=DIRECTION('',(-1.,2.14478618485241E-16,1.28992821994434E-30));
#3840=DIRECTION('',(-2.01543975106937E-16,-0.939692620785911,0.342020143325661));
#3841=DIRECTION('center_axis',(-1.,2.14478618485241E-16,1.28992821994434E-30));
#3842=DIRECTION('ref_axis',(-2.01543975106938E-16,-0.939692620785915,0.342020143325652));
#3843=DIRECTION('center_axis',(1.,-2.14478618485241E-16,-1.28992821994434E-30));
#3844=DIRECTION('ref_axis',(-2.01543975106938E-16,-0.939692620785915,0.342020143325652));
#3845=DIRECTION('',(-1.,2.14478618485241E-16,1.28992821994434E-30));
#3846=DIRECTION('center_axis',(1.,-2.14478618485241E-16,-1.28992821994434E-30));
#3847=DIRECTION('ref_axis',(-2.01543975106938E-16,-0.939692620785915,0.342020143325652));
#3848=DIRECTION('center_axis',(2.0154397510694E-16,0.939692620785924,-0.342020143325627));
#3849=DIRECTION('ref_axis',(-7.33560078346057E-17,-0.342020143325627,-0.939692620785923));
#3850=DIRECTION('',(-7.33560078346057E-17,-0.342020143325627,-0.939692620785923));
#3851=DIRECTION('',(-1.,2.14478618485241E-16,1.28992821994434E-30));
#3852=DIRECTION('',(-7.33560078346057E-17,-0.342020143325627,-0.939692620785923));
#3853=DIRECTION('center_axis',(-1.,2.14478618485241E-16,1.28992821994434E-30));
#3854=DIRECTION('ref_axis',(2.01543975106956E-16,0.939692620785999,-0.342020143325419));
#3855=DIRECTION('center_axis',(-1.,2.14478618485241E-16,1.28992821994434E-30));
#3856=DIRECTION('ref_axis',(2.01543975106956E-16,0.939692620785999,-0.342020143325419));
#3857=DIRECTION('',(-1.,2.14478618485241E-16,1.28992821994434E-30));
#3858=DIRECTION('center_axis',(-1.,2.14478618485241E-16,1.28992821994434E-30));
#3859=DIRECTION('ref_axis',(2.01543975106956E-16,0.939692620785999,-0.342020143325419));
#3860=DIRECTION('center_axis',(-7.33560078346147E-17,-0.342020143325669,
-0.939692620785908));
#3861=DIRECTION('ref_axis',(-2.01543975106936E-16,-0.939692620785908,0.342020143325669));
#3862=DIRECTION('',(-2.01543975106936E-16,-0.939692620785908,0.342020143325669));
#3863=DIRECTION('',(-1.,2.14478618485241E-16,1.28992821994434E-30));
#3864=DIRECTION('',(-2.01543975106936E-16,-0.939692620785908,0.342020143325669));
#3865=DIRECTION('center_axis',(-1.,2.14478618485241E-16,1.28992821994434E-30));
#3866=DIRECTION('ref_axis',(-7.33560078345789E-17,-0.342020143325502,-0.939692620785969));
#3867=DIRECTION('center_axis',(-1.,2.14478618485241E-16,1.28992821994434E-30));
#3868=DIRECTION('ref_axis',(-7.33560078345789E-17,-0.342020143325502,-0.939692620785969));
#3869=DIRECTION('',(-1.,2.14478618485241E-16,1.28992821994434E-30));
#3870=DIRECTION('center_axis',(-1.,2.14478618485241E-16,1.28992821994434E-30));
#3871=DIRECTION('ref_axis',(-7.33560078345789E-17,-0.342020143325502,-0.939692620785969));
#3872=DIRECTION('center_axis',(-2.0154397510694E-16,-0.939692620785924,
0.342020143325627));
#3873=DIRECTION('ref_axis',(7.33560078346057E-17,0.342020143325627,0.939692620785923));
#3874=DIRECTION('',(7.33560078346057E-17,0.342020143325627,0.939692620785923));
#3875=DIRECTION('',(-1.,2.14478618485241E-16,1.28992821994434E-30));
#3876=DIRECTION('',(7.33560078346057E-17,0.342020143325627,0.939692620785923));
#3877=DIRECTION('center_axis',(-1.,2.14478618485241E-16,1.28992821994434E-30));
#3878=DIRECTION('ref_axis',(7.33560078346147E-17,0.342020143325669,0.939692620785908));
#3879=DIRECTION('center_axis',(1.,-2.14478618485241E-16,-1.28992821994434E-30));
#3880=DIRECTION('ref_axis',(7.33560078346147E-17,0.342020143325669,0.939692620785908));
#3881=DIRECTION('',(-1.,2.14478618485241E-16,1.28992821994434E-30));
#3882=DIRECTION('center_axis',(1.,-2.14478618485241E-16,-1.28992821994434E-30));
#3883=DIRECTION('ref_axis',(7.33560078346147E-17,0.342020143325669,0.939692620785908));
#3884=DIRECTION('center_axis',(-7.33560078346134E-17,-0.342020143325663,
-0.939692620785911));
#3885=DIRECTION('ref_axis',(-2.01543975106937E-16,-0.93969262078591,0.342020143325663));
#3886=DIRECTION('',(-2.01543975106937E-16,-0.93969262078591,0.342020143325663));
#3887=DIRECTION('',(-1.,2.14478618485241E-16,1.28992821994434E-30));
#3888=DIRECTION('',(-2.01543975106937E-16,-0.93969262078591,0.342020143325663));
#3889=DIRECTION('center_axis',(-1.,2.14478618485241E-16,1.28992821994434E-30));
#3890=DIRECTION('ref_axis',(-1.75455008679792E-16,-0.818053612611584,0.575141971075957));
#3891=DIRECTION('center_axis',(1.,-2.14478618485241E-16,-1.28992821994434E-30));
#3892=DIRECTION('ref_axis',(-1.75455008679792E-16,-0.818053612611584,0.575141971075957));
#3893=DIRECTION('',(-1.,2.14478618485241E-16,1.28992821994434E-30));
#3894=DIRECTION('center_axis',(1.,-2.14478618485241E-16,-1.28992821994434E-30));
#3895=DIRECTION('ref_axis',(-1.75455008679792E-16,-0.818053612611584,0.575141971075957));
#3896=DIRECTION('center_axis',(1.75455008679802E-16,0.818053612611631,-0.57514197107589));
#3897=DIRECTION('ref_axis',(-1.23355655389236E-16,-0.57514197107589,-0.818053612611631));
#3898=DIRECTION('',(-1.23355655389236E-16,-0.57514197107589,-0.818053612611631));
#3899=DIRECTION('',(-1.,2.14478618485241E-16,1.28992821994434E-30));
#3900=DIRECTION('',(-1.23355655389236E-16,-0.57514197107589,-0.818053612611631));
#3901=DIRECTION('center_axis',(-1.,2.14478618485241E-16,1.28992821994434E-30));
#3902=DIRECTION('ref_axis',(-7.33560078346075E-17,-0.342020143325636,-0.939692620785921));
#3903=DIRECTION('center_axis',(1.,-2.14478618485241E-16,-1.28992821994434E-30));
#3904=DIRECTION('ref_axis',(-7.33560078346075E-17,-0.342020143325636,-0.939692620785921));
#3905=DIRECTION('',(-1.,2.14478618485241E-16,1.28992821994434E-30));
#3906=DIRECTION('center_axis',(1.,-2.14478618485241E-16,-1.28992821994434E-30));
#3907=DIRECTION('ref_axis',(-7.33560078346075E-17,-0.342020143325636,-0.939692620785921));
#3908=DIRECTION('center_axis',(7.33560078346116E-17,0.342020143325654,0.939692620785914));
#3909=DIRECTION('ref_axis',(2.01543975106937E-16,0.939692620785914,-0.342020143325654));
#3910=DIRECTION('',(2.01543975106937E-16,0.939692620785914,-0.342020143325654));
#3911=DIRECTION('',(-1.,2.14478618485241E-16,1.28992821994434E-30));
#3912=DIRECTION('',(2.01543975106937E-16,0.939692620785914,-0.342020143325654));
#3913=DIRECTION('center_axis',(-1.,2.14478618485241E-16,1.28992821994434E-30));
#3914=DIRECTION('ref_axis',(2.01543975106932E-16,0.93969262078589,-0.342020143325719));
#3915=DIRECTION('center_axis',(1.,-2.14478618485241E-16,-1.28992821994434E-30));
#3916=DIRECTION('ref_axis',(2.01543975106932E-16,0.93969262078589,-0.342020143325719));
#3917=DIRECTION('center_axis',(1.,-2.14478618485241E-16,-1.28992821994434E-30));
#3918=DIRECTION('ref_axis',(2.01543975106932E-16,0.93969262078589,-0.342020143325719));
#3919=DIRECTION('center_axis',(-1.,2.14478618485241E-16,1.28992821994434E-30));
#3920=DIRECTION('ref_axis',(2.01543975106936E-16,0.939692620785908,-0.342020143325669));
#3921=DIRECTION('center_axis',(1.,-2.14478618485241E-16,-1.28992821994434E-30));
#3922=DIRECTION('ref_axis',(2.01543975106936E-16,0.939692620785908,-0.342020143325669));
#3923=DIRECTION('',(-1.,2.14478618485241E-16,1.28992821994434E-30));
#3924=DIRECTION('center_axis',(1.,-2.14478618485241E-16,-1.28992821994434E-30));
#3925=DIRECTION('ref_axis',(2.01543975106936E-16,0.939692620785908,-0.342020143325669));
#3926=DIRECTION('',(-1.,2.14478618485241E-16,1.28992821994434E-30));
#3927=DIRECTION('center_axis',(-2.01543975106936E-16,-0.939692620785908,
0.342020143325669));
#3928=DIRECTION('ref_axis',(7.33560078346147E-17,0.342020143325669,0.939692620785908));
#3929=DIRECTION('',(7.33560078346147E-17,0.342020143325669,0.939692620785908));
#3930=DIRECTION('',(-1.,2.14478618485241E-16,1.28992821994434E-30));
#3931=DIRECTION('',(7.33560078346147E-17,0.342020143325669,0.939692620785908));
#3932=DIRECTION('center_axis',(-1.,2.14478618485241E-16,1.28992821994434E-30));
#3933=DIRECTION('ref_axis',(-2.01543975106956E-16,-0.939692620785999,0.342020143325419));
#3934=DIRECTION('center_axis',(-1.,2.14478618485241E-16,1.28992821994434E-30));
#3935=DIRECTION('ref_axis',(-2.01543975106956E-16,-0.939692620785999,0.342020143325419));
#3936=DIRECTION('',(-1.,2.14478618485241E-16,1.28992821994434E-30));
#3937=DIRECTION('center_axis',(-1.,2.14478618485241E-16,1.28992821994434E-30));
#3938=DIRECTION('ref_axis',(-2.01543975106956E-16,-0.939692620785999,0.342020143325419));
#3939=DIRECTION('center_axis',(7.33560078346143E-17,0.342020143325667,0.939692620785909));
#3940=DIRECTION('ref_axis',(2.01543975106936E-16,0.939692620785909,-0.342020143325667));
#3941=DIRECTION('',(2.01543975106936E-16,0.939692620785909,-0.342020143325667));
#3942=DIRECTION('',(-1.,2.14478618485241E-16,1.28992821994434E-30));
#3943=DIRECTION('',(2.01543975106936E-16,0.939692620785909,-0.342020143325667));
#3944=DIRECTION('center_axis',(-1.,2.14478618485241E-16,1.28992821994434E-30));
#3945=DIRECTION('ref_axis',(7.33560078345431E-17,0.342020143325335,0.93969262078603));
#3946=DIRECTION('center_axis',(-1.,2.14478618485241E-16,1.28992821994434E-30));
#3947=DIRECTION('ref_axis',(7.33560078345431E-17,0.342020143325335,0.93969262078603));
#3948=DIRECTION('',(-1.,2.14478618485241E-16,1.28992821994434E-30));
#3949=DIRECTION('center_axis',(-1.,2.14478618485241E-16,1.28992821994434E-30));
#3950=DIRECTION('ref_axis',(7.33560078345431E-17,0.342020143325335,0.93969262078603));
#3951=DIRECTION('center_axis',(2.01543975106936E-16,0.939692620785908,-0.342020143325669));
#3952=DIRECTION('ref_axis',(-7.33560078346147E-17,-0.342020143325669,-0.939692620785908));
#3953=DIRECTION('',(-7.33560078346147E-17,-0.342020143325669,-0.939692620785908));
#3954=DIRECTION('',(-1.,2.14478618485241E-16,1.28992821994434E-30));
#3955=DIRECTION('',(-7.33560078346147E-17,-0.342020143325669,-0.939692620785908));
#3956=DIRECTION('center_axis',(-1.,2.14478618485241E-16,1.28992821994434E-30));
#3957=DIRECTION('ref_axis',(-7.33560078346075E-17,-0.342020143325635,-0.939692620785921));
#3958=DIRECTION('center_axis',(1.,-2.14478618485241E-16,-1.28992821994434E-30));
#3959=DIRECTION('ref_axis',(-7.33560078346075E-17,-0.342020143325635,-0.939692620785921));
#3960=DIRECTION('',(-1.,2.14478618485241E-16,1.28992821994434E-30));
#3961=DIRECTION('center_axis',(1.,-2.14478618485241E-16,-1.28992821994434E-30));
#3962=DIRECTION('ref_axis',(-7.33560078346075E-17,-0.342020143325635,-0.939692620785921));
#3963=DIRECTION('center_axis',(7.33560078346147E-17,0.342020143325669,0.939692620785908));
#3964=DIRECTION('ref_axis',(2.01543975106936E-16,0.939692620785908,-0.342020143325669));
#3965=DIRECTION('',(2.01543975106936E-16,0.939692620785908,-0.342020143325669));
#3966=DIRECTION('',(-1.,2.14478618485241E-16,1.28992821994434E-30));
#3967=DIRECTION('',(2.01543975106936E-16,0.939692620785908,-0.342020143325669));
#3968=DIRECTION('center_axis',(-1.,2.14478618485241E-16,1.28992821994434E-30));
#3969=DIRECTION('ref_axis',(2.01543975106935E-16,0.939692620785902,-0.342020143325686));
#3970=DIRECTION('center_axis',(1.,-2.14478618485241E-16,-1.28992821994434E-30));
#3971=DIRECTION('ref_axis',(2.01543975106935E-16,0.939692620785902,-0.342020143325686));
#3972=DIRECTION('',(-1.,2.14478618485241E-16,1.28992821994434E-30));
#3973=DIRECTION('center_axis',(1.,-2.14478618485241E-16,-1.28992821994434E-30));
#3974=DIRECTION('ref_axis',(2.01543975106935E-16,0.939692620785902,-0.342020143325686));
#3975=DIRECTION('center_axis',(-2.01543975106935E-16,-0.939692620785904,
0.342020143325681));
#3976=DIRECTION('ref_axis',(7.33560078346172E-17,0.342020143325681,0.939692620785904));
#3977=DIRECTION('',(7.33560078346172E-17,0.342020143325681,0.939692620785904));
#3978=DIRECTION('',(-1.,2.14478618485241E-16,1.28992821994434E-30));
#3979=DIRECTION('',(7.33560078346172E-17,0.342020143325681,0.939692620785904));
#3980=DIRECTION('center_axis',(-1.,2.14478618485241E-16,1.28992821994434E-30));
#3981=DIRECTION('ref_axis',(7.33560078346147E-17,0.342020143325669,0.939692620785908));
#3982=DIRECTION('center_axis',(1.,-2.14478618485241E-16,-1.28992821994434E-30));
#3983=DIRECTION('ref_axis',(7.33560078346147E-17,0.342020143325669,0.939692620785908));
#3984=DIRECTION('',(-1.,2.14478618485241E-16,1.28992821994434E-30));
#3985=DIRECTION('center_axis',(1.,-2.14478618485241E-16,-1.28992821994434E-30));
#3986=DIRECTION('ref_axis',(7.33560078346147E-17,0.342020143325669,0.939692620785908));
#3987=DIRECTION('center_axis',(-7.33560078346158E-17,-0.342020143325674,
-0.939692620785907));
#3988=DIRECTION('ref_axis',(-2.01543975106936E-16,-0.939692620785906,0.342020143325674));
#3989=DIRECTION('',(-2.01543975106936E-16,-0.939692620785906,0.342020143325674));
#3990=DIRECTION('',(-1.,2.14478618485241E-16,1.28992821994434E-30));
#3991=DIRECTION('',(-2.01543975106936E-16,-0.939692620785906,0.342020143325674));
#3992=DIRECTION('center_axis',(-1.,2.14478618485241E-16,1.28992821994434E-30));
#3993=DIRECTION('ref_axis',(-1.7545500867984E-16,-0.818053612611808,0.575141971075639));
#3994=DIRECTION('center_axis',(1.,-2.14478618485241E-16,-1.28992821994434E-30));
#3995=DIRECTION('ref_axis',(-1.7545500867984E-16,-0.818053612611808,0.575141971075639));
#3996=DIRECTION('',(-1.,2.14478618485241E-16,1.28992821994434E-30));
#3997=DIRECTION('center_axis',(1.,-2.14478618485241E-16,-1.28992821994434E-30));
#3998=DIRECTION('ref_axis',(-1.7545500867984E-16,-0.818053612611808,0.575141971075639));
#3999=DIRECTION('center_axis',(1.75455008679801E-16,0.818053612611626,-0.575141971075897));
#4000=DIRECTION('ref_axis',(-1.23355655389238E-16,-0.575141971075897,-0.818053612611626));
#4001=DIRECTION('',(-1.23355655389238E-16,-0.575141971075897,-0.818053612611626));
#4002=DIRECTION('',(-1.,2.14478618485241E-16,1.28992821994434E-30));
#4003=DIRECTION('',(-1.23355655389238E-16,-0.575141971075897,-0.818053612611626));
#4004=DIRECTION('center_axis',(-1.,2.14478618485241E-16,1.28992821994434E-30));
#4005=DIRECTION('ref_axis',(-7.33560078346147E-17,-0.342020143325669,-0.939692620785908));
#4006=DIRECTION('center_axis',(1.,-2.14478618485241E-16,-1.28992821994434E-30));
#4007=DIRECTION('ref_axis',(-7.33560078346147E-17,-0.342020143325669,-0.939692620785908));
#4008=DIRECTION('',(-1.,2.14478618485241E-16,1.28992821994434E-30));
#4009=DIRECTION('center_axis',(1.,-2.14478618485241E-16,-1.28992821994434E-30));
#4010=DIRECTION('ref_axis',(-7.33560078346147E-17,-0.342020143325669,-0.939692620785908));
#4011=DIRECTION('center_axis',(7.33560078346116E-17,0.342020143325654,0.939692620785914));
#4012=DIRECTION('ref_axis',(2.01543975106937E-16,0.939692620785914,-0.342020143325654));
#4013=DIRECTION('',(2.01543975106937E-16,0.939692620785914,-0.342020143325654));
#4014=DIRECTION('',(2.01543975106937E-16,0.939692620785914,-0.342020143325654));
#4015=DIRECTION('center_axis',(-1.,2.14478618485241E-16,1.28992821994434E-30));
#4016=DIRECTION('ref_axis',(2.01543975106936E-16,0.939692620785908,-0.342020143325669));
#4017=DIRECTION('center_axis',(1.,-2.14478618485241E-16,-1.28992821994434E-30));
#4018=DIRECTION('ref_axis',(2.01543975106936E-16,0.939692620785908,-0.342020143325669));
#4019=DIRECTION('',(-1.,2.14478618485241E-16,1.28992821994434E-30));
#4020=DIRECTION('center_axis',(1.,-2.14478618485241E-16,-1.28992821994434E-30));
#4021=DIRECTION('ref_axis',(2.01543975106936E-16,0.939692620785908,-0.342020143325669));
#4022=DIRECTION('',(-1.,2.14478618485241E-16,1.28992821994434E-30));
#4023=DIRECTION('center_axis',(-2.01543975106936E-16,-0.939692620785908,
0.342020143325669));
#4024=DIRECTION('ref_axis',(7.33560078346147E-17,0.342020143325669,0.939692620785908));
#4025=DIRECTION('',(7.33560078346147E-17,0.342020143325669,0.939692620785908));
#4026=DIRECTION('',(-1.,2.14478618485241E-16,1.28992821994434E-30));
#4027=DIRECTION('',(7.33560078346147E-17,0.342020143325669,0.939692620785908));
#4028=DIRECTION('center_axis',(-1.,2.14478618485241E-16,1.28992821994434E-30));
#4029=DIRECTION('ref_axis',(-2.01543975106936E-16,-0.939692620785908,0.342020143325669));
#4030=DIRECTION('center_axis',(-1.,2.14478618485241E-16,1.28992821994434E-30));
#4031=DIRECTION('ref_axis',(-2.01543975106936E-16,-0.939692620785908,0.342020143325669));
#4032=DIRECTION('',(-1.,2.14478618485241E-16,1.28992821994434E-30));
#4033=DIRECTION('center_axis',(-1.,2.14478618485241E-16,1.28992821994434E-30));
#4034=DIRECTION('ref_axis',(-2.01543975106936E-16,-0.939692620785908,0.342020143325669));
#4035=DIRECTION('center_axis',(7.33560078346148E-17,0.34202014332567,0.939692620785908));
#4036=DIRECTION('ref_axis',(2.01543975106936E-16,0.939692620785908,-0.34202014332567));
#4037=DIRECTION('',(2.01543975106936E-16,0.939692620785908,-0.34202014332567));
#4038=DIRECTION('',(-1.,2.14478618485241E-16,1.28992821994434E-30));
#4039=DIRECTION('',(2.01543975106936E-16,0.939692620785908,-0.34202014332567));
#4040=DIRECTION('center_axis',(-1.,2.14478618485241E-16,1.28992821994434E-30));
#4041=DIRECTION('ref_axis',(7.33560078345789E-17,0.342020143325502,0.939692620785969));
#4042=DIRECTION('center_axis',(-1.,2.14478618485241E-16,1.28992821994434E-30));
#4043=DIRECTION('ref_axis',(7.33560078345789E-17,0.342020143325502,0.939692620785969));
#4044=DIRECTION('',(-1.,2.14478618485241E-16,1.28992821994434E-30));
#4045=DIRECTION('center_axis',(-1.,2.14478618485241E-16,1.28992821994434E-30));
#4046=DIRECTION('ref_axis',(7.33560078345789E-17,0.342020143325502,0.939692620785969));
#4047=DIRECTION('center_axis',(2.01543975106933E-16,0.939692620785893,-0.342020143325711));
#4048=DIRECTION('ref_axis',(-7.33560078346236E-17,-0.342020143325711,-0.939692620785893));
#4049=DIRECTION('',(-7.33560078346236E-17,-0.342020143325711,-0.939692620785893));
#4050=DIRECTION('',(-1.,2.14478618485241E-16,1.28992821994434E-30));
#4051=DIRECTION('',(-7.33560078346236E-17,-0.342020143325711,-0.939692620785893));
#4052=DIRECTION('center_axis',(-1.,2.14478618485241E-16,1.28992821994434E-30));
#4053=DIRECTION('ref_axis',(-7.3356010237211E-17,-0.342020154527701,-0.939692616708702));
#4054=DIRECTION('center_axis',(1.,-2.14478618485241E-16,-1.28992821994434E-30));
#4055=DIRECTION('ref_axis',(-7.3356010237211E-17,-0.342020154527701,-0.939692616708702));
#4056=DIRECTION('',(-1.,2.14478618485241E-16,1.28992821994434E-30));
#4057=DIRECTION('center_axis',(1.,-2.14478618485241E-16,-1.28992821994434E-30));
#4058=DIRECTION('ref_axis',(-7.3356010237211E-17,-0.342020154527701,-0.939692616708702));
#4059=DIRECTION('center_axis',(7.33560102372055E-17,0.342020154527675,0.939692616708711));
#4060=DIRECTION('ref_axis',(2.01543974232465E-16,0.939692616708711,-0.342020154527675));
#4061=DIRECTION('',(2.01543974232465E-16,0.939692616708711,-0.342020154527675));
#4062=DIRECTION('',(-1.,2.14478618485241E-16,1.28992821994434E-30));
#4063=DIRECTION('',(2.01543974232465E-16,0.939692616708711,-0.342020154527675));
#4064=DIRECTION('center_axis',(-1.,2.14478618485241E-16,1.28992821994434E-30));
#4065=DIRECTION('ref_axis',(2.01543974232463E-16,0.939692616708705,-0.342020154527692));
#4066=DIRECTION('center_axis',(1.,-2.14478618485241E-16,-1.28992821994434E-30));
#4067=DIRECTION('ref_axis',(2.01543974232463E-16,0.939692616708705,-0.342020154527692));
#4068=DIRECTION('',(-1.,2.14478618485241E-16,1.28992821994434E-30));
#4069=DIRECTION('center_axis',(1.,-2.14478618485241E-16,-1.28992821994434E-30));
#4070=DIRECTION('ref_axis',(2.01543974232463E-16,0.939692616708705,-0.342020154527692));
#4071=DIRECTION('center_axis',(-2.01543974232463E-16,-0.939692616708705,
0.342020154527694));
#4072=DIRECTION('ref_axis',(7.33560102372095E-17,0.342020154527694,0.939692616708705));
#4073=DIRECTION('',(7.33560102372095E-17,0.342020154527694,0.939692616708705));
#4074=DIRECTION('',(-1.,2.14478618485241E-16,1.28992821994434E-30));
#4075=DIRECTION('',(7.33560102372095E-17,0.342020154527694,0.939692616708705));
#4076=DIRECTION('center_axis',(-1.,2.14478618485241E-16,1.28992821994434E-30));
#4077=DIRECTION('ref_axis',(7.33560078346147E-17,0.342020143325669,0.939692620785908));
#4078=DIRECTION('center_axis',(1.,-2.14478618485241E-16,-1.28992821994434E-30));
#4079=DIRECTION('ref_axis',(7.33560078346147E-17,0.342020143325669,0.939692620785908));
#4080=DIRECTION('',(-1.,2.14478618485241E-16,1.28992821994434E-30));
#4081=DIRECTION('center_axis',(1.,-2.14478618485241E-16,-1.28992821994434E-30));
#4082=DIRECTION('ref_axis',(7.33560078346147E-17,0.342020143325669,0.939692620785908));
#4083=DIRECTION('center_axis',(-7.33560078346218E-17,-0.342020143325702,
-0.939692620785896));
#4084=DIRECTION('ref_axis',(-2.01543975106934E-16,-0.939692620785896,0.342020143325702));
#4085=DIRECTION('',(-2.01543975106934E-16,-0.939692620785896,0.342020143325702));
#4086=DIRECTION('',(-1.,2.14478618485241E-16,1.28992821994434E-30));
#4087=DIRECTION('',(-2.01543975106934E-16,-0.939692620785896,0.342020143325702));
#4088=DIRECTION('center_axis',(-1.,2.14478618485241E-16,1.28992821994434E-30));
#4089=DIRECTION('ref_axis',(-2.01543975825041E-16,-0.939692624134049,0.342020134126729));
#4090=DIRECTION('center_axis',(1.,-2.14478618485241E-16,-1.28992821994434E-30));
#4091=DIRECTION('ref_axis',(-2.01543975825041E-16,-0.939692624134049,0.342020134126729));
#4092=DIRECTION('',(-1.,2.14478618485241E-16,1.28992821994434E-30));
#4093=DIRECTION('center_axis',(1.,-2.14478618485241E-16,-1.28992821994434E-30));
#4094=DIRECTION('ref_axis',(-2.01543975825041E-16,-0.939692624134049,0.342020134126729));
#4095=DIRECTION('center_axis',(2.0154397582505E-16,0.939692624134094,-0.342020134126606));
#4096=DIRECTION('ref_axis',(-7.33560058616123E-17,-0.342020134126606,-0.939692624134093));
#4097=DIRECTION('',(-7.33560058616123E-17,-0.342020134126606,-0.939692624134093));
#4098=DIRECTION('',(-1.,2.14478618485241E-16,1.28992821994434E-30));
#4099=DIRECTION('',(-7.33560058616123E-17,-0.342020134126606,-0.939692624134093));
#4100=DIRECTION('center_axis',(-1.,2.14478618485241E-16,1.28992821994434E-30));
#4101=DIRECTION('ref_axis',(2.01543975825035E-16,0.939692624134024,-0.342020134126796));
#4102=DIRECTION('center_axis',(-1.,2.14478618485241E-16,1.28992821994434E-30));
#4103=DIRECTION('ref_axis',(2.01543975825035E-16,0.939692624134024,-0.342020134126796));
#4104=DIRECTION('',(-1.,2.14478618485241E-16,1.28992821994434E-30));
#4105=DIRECTION('center_axis',(-1.,2.14478618485241E-16,1.28992821994434E-30));
#4106=DIRECTION('ref_axis',(2.01543975825035E-16,0.939692624134024,-0.342020134126796));
#4107=DIRECTION('center_axis',(-7.33560078346146E-17,-0.342020143325669,
-0.939692620785909));
#4108=DIRECTION('ref_axis',(-2.01543975106936E-16,-0.939692620785909,0.342020143325669));
#4109=DIRECTION('',(-2.01543975106936E-16,-0.939692620785909,0.342020143325669));
#4110=DIRECTION('',(-1.,2.14478618485241E-16,1.28992821994434E-30));
#4111=DIRECTION('',(-2.01543975106936E-16,-0.939692620785909,0.342020143325669));
#4112=DIRECTION('center_axis',(-1.,2.14478618485241E-16,1.28992821994434E-30));
#4113=DIRECTION('ref_axis',(-7.33560078346147E-17,-0.342020143325669,-0.939692620785908));
#4114=DIRECTION('center_axis',(-1.,2.14478618485241E-16,1.28992821994434E-30));
#4115=DIRECTION('ref_axis',(-7.33560078346147E-17,-0.342020143325669,-0.939692620785908));
#4116=DIRECTION('',(-1.,2.14478618485241E-16,1.28992821994434E-30));
#4117=DIRECTION('center_axis',(-1.,2.14478618485241E-16,1.28992821994434E-30));
#4118=DIRECTION('ref_axis',(-7.33560078346147E-17,-0.342020143325669,-0.939692620785908));
#4119=DIRECTION('center_axis',(-2.0154397510694E-16,-0.939692620785924,
0.342020143325627));
#4120=DIRECTION('ref_axis',(7.33560078346057E-17,0.342020143325627,0.939692620785923));
#4121=DIRECTION('',(7.33560078346057E-17,0.342020143325627,0.939692620785923));
#4122=DIRECTION('',(-1.,2.14478618485241E-16,1.28992821994434E-30));
#4123=DIRECTION('',(7.33560078346057E-17,0.342020143325627,0.939692620785923));
#4124=DIRECTION('center_axis',(-1.,2.14478618485241E-16,1.28992821994434E-30));
#4125=DIRECTION('ref_axis',(7.33560078346218E-17,0.342020143325702,0.939692620785896));
#4126=DIRECTION('center_axis',(1.,-2.14478618485241E-16,-1.28992821994434E-30));
#4127=DIRECTION('ref_axis',(7.33560078346218E-17,0.342020143325702,0.939692620785896));
#4128=DIRECTION('',(-1.,2.14478618485241E-16,1.28992821994434E-30));
#4129=DIRECTION('center_axis',(1.,-2.14478618485241E-16,-1.28992821994434E-30));
#4130=DIRECTION('ref_axis',(7.33560078346218E-17,0.342020143325702,0.939692620785896));
#4131=DIRECTION('center_axis',(-7.33560078346211E-17,-0.342020143325699,
-0.939692620785897));
#4132=DIRECTION('ref_axis',(-2.01543975106934E-16,-0.939692620785897,0.342020143325699));
#4133=DIRECTION('',(-2.01543975106934E-16,-0.939692620785897,0.342020143325699));
#4134=DIRECTION('',(-1.,2.14478618485241E-16,1.28992821994434E-30));
#4135=DIRECTION('',(-2.01543975106934E-16,-0.939692620785897,0.342020143325699));
#4136=DIRECTION('center_axis',(-1.,2.14478618485241E-16,1.28992821994434E-30));
#4137=DIRECTION('ref_axis',(-1.75455008669125E-16,-0.818053612561848,0.575141971146699));
#4138=DIRECTION('center_axis',(1.,-2.14478618485241E-16,-1.28992821994434E-30));
#4139=DIRECTION('ref_axis',(-1.75455008669125E-16,-0.818053612561848,0.575141971146699));
#4140=DIRECTION('',(-1.,2.14478618485241E-16,1.28992821994434E-30));
#4141=DIRECTION('center_axis',(1.,-2.14478618485241E-16,-1.28992821994434E-30));
#4142=DIRECTION('ref_axis',(-1.75455008669125E-16,-0.818053612561848,0.575141971146699));
#4143=DIRECTION('center_axis',(1.75455008679802E-16,0.81805361261163,-0.575141971075891));
#4144=DIRECTION('ref_axis',(-1.23355655389236E-16,-0.575141971075891,-0.81805361261163));
#4145=DIRECTION('',(-1.23355655389236E-16,-0.57514197107589,-0.81805361261163));
#4146=DIRECTION('',(-1.,2.14478618485241E-16,1.28992821994434E-30));
#4147=DIRECTION('',(-1.23355655389236E-16,-0.57514197107589,-0.81805361261163));
#4148=DIRECTION('center_axis',(-1.,2.14478618485241E-16,1.28992821994434E-30));
#4149=DIRECTION('ref_axis',(-7.33560078408441E-17,-0.342020143354714,-0.939692620775337));
#4150=DIRECTION('center_axis',(1.,-2.14478618485241E-16,-1.28992821994434E-30));
#4151=DIRECTION('ref_axis',(-7.33560078408441E-17,-0.342020143354714,-0.939692620775337));
#4152=DIRECTION('',(-1.,2.14478618485241E-16,1.28992821994434E-30));
#4153=DIRECTION('center_axis',(1.,-2.14478618485241E-16,-1.28992821994434E-30));
#4154=DIRECTION('ref_axis',(-7.33560078408441E-17,-0.342020143354714,-0.939692620775337));
#4155=DIRECTION('center_axis',(7.33560078408479E-17,0.342020143354731,0.939692620775331));
#4156=DIRECTION('ref_axis',(2.01543975104668E-16,0.939692620775331,-0.342020143354731));
#4157=DIRECTION('',(2.01543975104668E-16,0.939692620775331,-0.342020143354731));
#4158=DIRECTION('',(2.01543975104668E-16,0.939692620775331,-0.342020143354731));
#4159=DIRECTION('center_axis',(-1.,2.14478618485241E-16,1.28992821994434E-30));
#4160=DIRECTION('ref_axis',(2.01543975106932E-16,0.93969262078589,-0.342020143325719));
#4161=DIRECTION('center_axis',(1.,-2.14478618485241E-16,-1.28992821994434E-30));
#4162=DIRECTION('ref_axis',(2.01543975106932E-16,0.93969262078589,-0.342020143325719));
#4163=DIRECTION('',(-1.,2.14478618485241E-16,1.28992821994434E-30));
#4164=DIRECTION('center_axis',(1.,-2.14478618485241E-16,-1.28992821994434E-30));
#4165=DIRECTION('ref_axis',(2.01543975106932E-16,0.93969262078589,-0.342020143325719));
#4166=DIRECTION('',(-1.,2.14478618485241E-16,1.28992821994434E-30));
#4167=DIRECTION('center_axis',(-2.01543975106936E-16,-0.939692620785908,
0.342020143325669));
#4168=DIRECTION('ref_axis',(7.33560078346147E-17,0.342020143325669,0.939692620785908));
#4169=DIRECTION('',(7.33560078346147E-17,0.342020143325669,0.939692620785908));
#4170=DIRECTION('',(-1.,2.14478618485241E-16,1.28992821994434E-30));
#4171=DIRECTION('',(7.33560078346147E-17,0.342020143325669,0.939692620785908));
#4172=DIRECTION('center_axis',(-1.,2.14478618485241E-16,1.28992821994434E-30));
#4173=DIRECTION('ref_axis',(-2.01543975106943E-16,-0.939692620785939,0.342020143325585));
#4174=DIRECTION('center_axis',(-1.,2.14478618485241E-16,1.28992821994434E-30));
#4175=DIRECTION('ref_axis',(-2.01543975106943E-16,-0.939692620785939,0.342020143325585));
#4176=DIRECTION('',(-1.,2.14478618485241E-16,1.28992821994434E-30));
#4177=DIRECTION('center_axis',(-1.,2.14478618485241E-16,1.28992821994434E-30));
#4178=DIRECTION('ref_axis',(-2.01543975106943E-16,-0.939692620785939,0.342020143325585));
#4179=DIRECTION('center_axis',(7.33560078346148E-17,0.34202014332567,0.939692620785908));
#4180=DIRECTION('ref_axis',(2.01543975106936E-16,0.939692620785908,-0.34202014332567));
#4181=DIRECTION('',(2.01543975106936E-16,0.939692620785908,-0.34202014332567));
#4182=DIRECTION('',(-1.,2.14478618485241E-16,1.28992821994434E-30));
#4183=DIRECTION('',(2.01543975106936E-16,0.939692620785908,-0.34202014332567));
#4184=DIRECTION('center_axis',(-1.,2.14478618485241E-16,1.28992821994434E-30));
#4185=DIRECTION('ref_axis',(7.33560078345789E-17,0.342020143325502,0.939692620785969));
#4186=DIRECTION('center_axis',(-1.,2.14478618485241E-16,1.28992821994434E-30));
#4187=DIRECTION('ref_axis',(7.33560078345789E-17,0.342020143325502,0.939692620785969));
#4188=DIRECTION('',(-1.,2.14478618485241E-16,1.28992821994434E-30));
#4189=DIRECTION('center_axis',(-1.,2.14478618485241E-16,1.28992821994434E-30));
#4190=DIRECTION('ref_axis',(7.33560078345789E-17,0.342020143325502,0.939692620785969));
#4191=DIRECTION('center_axis',(2.01543975106936E-16,0.939692620785908,-0.342020143325669));
#4192=DIRECTION('ref_axis',(-7.33560078346147E-17,-0.342020143325669,-0.939692620785908));
#4193=DIRECTION('',(-7.33560078346147E-17,-0.342020143325669,-0.939692620785908));
#4194=DIRECTION('',(-1.,2.14478618485241E-16,1.28992821994434E-30));
#4195=DIRECTION('',(-7.33560078346147E-17,-0.342020143325669,-0.939692620785908));
#4196=DIRECTION('center_axis',(-1.,2.14478618485241E-16,1.28992821994434E-30));
#4197=DIRECTION('ref_axis',(-7.33560078346147E-17,-0.342020143325669,-0.939692620785908));
#4198=DIRECTION('center_axis',(1.,-2.14478618485241E-16,-1.28992821994434E-30));
#4199=DIRECTION('ref_axis',(-7.33560078346147E-17,-0.342020143325669,-0.939692620785908));
#4200=DIRECTION('',(-1.,2.14478618485241E-16,1.28992821994434E-30));
#4201=DIRECTION('center_axis',(1.,-2.14478618485241E-16,-1.28992821994434E-30));
#4202=DIRECTION('ref_axis',(-7.33560078346147E-17,-0.342020143325669,-0.939692620785908));
#4203=DIRECTION('center_axis',(7.33560078346156E-17,0.342020143325673,0.939692620785907));
#4204=DIRECTION('ref_axis',(2.01543975106936E-16,0.939692620785907,-0.342020143325673));
#4205=DIRECTION('',(2.01543975106936E-16,0.939692620785907,-0.342020143325673));
#4206=DIRECTION('',(-1.,2.14478618485241E-16,1.28992821994434E-30));
#4207=DIRECTION('',(2.01543975106936E-16,0.939692620785907,-0.342020143325673));
#4208=DIRECTION('center_axis',(-1.,2.14478618485241E-16,1.28992821994434E-30));
#4209=DIRECTION('ref_axis',(2.01543975106934E-16,0.939692620785899,-0.342020143325694));
#4210=DIRECTION('center_axis',(1.,-2.14478618485241E-16,-1.28992821994434E-30));
#4211=DIRECTION('ref_axis',(2.01543975106934E-16,0.939692620785899,-0.342020143325694));
#4212=DIRECTION('',(-1.,2.14478618485241E-16,1.28992821994434E-30));
#4213=DIRECTION('center_axis',(1.,-2.14478618485241E-16,-1.28992821994434E-30));
#4214=DIRECTION('ref_axis',(2.01543975106934E-16,0.939692620785899,-0.342020143325694));
#4215=DIRECTION('center_axis',(-2.01543975106936E-16,-0.939692620785908,
0.342020143325669));
#4216=DIRECTION('ref_axis',(7.33560078346147E-17,0.342020143325669,0.939692620785908));
#4217=DIRECTION('',(7.33560078346147E-17,0.342020143325669,0.939692620785908));
#4218=DIRECTION('',(-1.,2.14478618485241E-16,1.28992821994434E-30));
#4219=DIRECTION('',(7.33560078346147E-17,0.342020143325669,0.939692620785908));
#4220=DIRECTION('center_axis',(-1.,2.14478618485241E-16,1.28992821994434E-30));
#4221=DIRECTION('ref_axis',(7.33560078346147E-17,0.342020143325669,0.939692620785908));
#4222=DIRECTION('center_axis',(1.,-2.14478618485241E-16,-1.28992821994434E-30));
#4223=DIRECTION('ref_axis',(7.33560078346147E-17,0.342020143325669,0.939692620785908));
#4224=DIRECTION('',(-1.,2.14478618485241E-16,1.28992821994434E-30));
#4225=DIRECTION('center_axis',(1.,-2.14478618485241E-16,-1.28992821994434E-30));
#4226=DIRECTION('ref_axis',(7.33560078346147E-17,0.342020143325669,0.939692620785908));
#4227=DIRECTION('center_axis',(-7.33560078346147E-17,-0.342020143325669,
-0.939692620785908));
#4228=DIRECTION('ref_axis',(-2.01543975106936E-16,-0.939692620785908,0.342020143325669));
#4229=DIRECTION('',(-2.01543975106936E-16,-0.939692620785908,0.342020143325669));
#4230=DIRECTION('',(-1.,2.14478618485241E-16,1.28992821994434E-30));
#4231=DIRECTION('',(-2.01543975106936E-16,-0.939692620785908,0.342020143325669));
#4232=DIRECTION('center_axis',(-1.,2.14478618485241E-16,1.28992821994434E-30));
#4233=DIRECTION('ref_axis',(-2.01543975106935E-16,-0.939692620785902,0.342020143325686));
#4234=DIRECTION('center_axis',(1.,-2.14478618485241E-16,-1.28992821994434E-30));
#4235=DIRECTION('ref_axis',(-2.01543975106935E-16,-0.939692620785902,0.342020143325686));
#4236=DIRECTION('',(-1.,2.14478618485241E-16,1.28992821994434E-30));
#4237=DIRECTION('center_axis',(1.,-2.14478618485241E-16,-1.28992821994434E-30));
#4238=DIRECTION('ref_axis',(-2.01543975106935E-16,-0.939692620785902,0.342020143325686));
#4239=DIRECTION('center_axis',(2.01543975106933E-16,0.939692620785893,-0.342020143325711));
#4240=DIRECTION('ref_axis',(-7.33560078346236E-17,-0.342020143325711,-0.939692620785893));
#4241=DIRECTION('',(-7.33560078346236E-17,-0.342020143325711,-0.939692620785893));
#4242=DIRECTION('',(-1.,2.14478618485241E-16,1.28992821994434E-30));
#4243=DIRECTION('',(-7.33560078346236E-17,-0.342020143325711,-0.939692620785893));
#4244=DIRECTION('center_axis',(-1.,2.14478618485241E-16,1.28992821994434E-30));
#4245=DIRECTION('ref_axis',(2.01543975106936E-16,0.939692620785908,-0.342020143325669));
#4246=DIRECTION('center_axis',(-1.,2.14478618485241E-16,1.28992821994434E-30));
#4247=DIRECTION('ref_axis',(2.01543975106936E-16,0.939692620785908,-0.342020143325669));
#4248=DIRECTION('',(-1.,2.14478618485241E-16,1.28992821994434E-30));
#4249=DIRECTION('center_axis',(-1.,2.14478618485241E-16,1.28992821994434E-30));
#4250=DIRECTION('ref_axis',(2.01543975106936E-16,0.939692620785908,-0.342020143325669));
#4251=DIRECTION('center_axis',(-7.33560078346147E-17,-0.342020143325669,
-0.939692620785908));
#4252=DIRECTION('ref_axis',(-2.01543975106936E-16,-0.939692620785908,0.342020143325669));
#4253=DIRECTION('',(-2.01543975106936E-16,-0.939692620785908,0.342020143325669));
#4254=DIRECTION('',(-1.,2.14478618485241E-16,1.28992821994434E-30));
#4255=DIRECTION('',(-2.01543975106936E-16,-0.939692620785908,0.342020143325669));
#4256=DIRECTION('center_axis',(-1.,2.14478618485241E-16,1.28992821994434E-30));
#4257=DIRECTION('ref_axis',(-7.33560078346147E-17,-0.342020143325669,-0.939692620785908));
#4258=DIRECTION('center_axis',(-1.,2.14478618485241E-16,1.28992821994434E-30));
#4259=DIRECTION('ref_axis',(-7.33560078346147E-17,-0.342020143325669,-0.939692620785908));
#4260=DIRECTION('',(-1.,2.14478618485241E-16,1.28992821994434E-30));
#4261=DIRECTION('center_axis',(-1.,2.14478618485241E-16,1.28992821994434E-30));
#4262=DIRECTION('ref_axis',(-7.33560078346147E-17,-0.342020143325669,-0.939692620785908));
#4263=DIRECTION('center_axis',(-2.01543975104666E-16,-0.939692620775322,
0.342020143354755));
#4264=DIRECTION('ref_axis',(7.33560078408531E-17,0.342020143354755,0.939692620775322));
#4265=DIRECTION('',(7.33560078408531E-17,0.342020143354755,0.939692620775322));
#4266=DIRECTION('',(-1.,2.14478618485241E-16,1.28992821994434E-30));
#4267=DIRECTION('',(7.33560078408531E-17,0.342020143354755,0.939692620775322));
#4268=DIRECTION('center_axis',(-1.,2.14478618485241E-16,1.28992821994434E-30));
#4269=DIRECTION('ref_axis',(7.33560078408441E-17,0.342020143354714,0.939692620775337));
#4270=DIRECTION('center_axis',(1.,-2.14478618485241E-16,-1.28992821994434E-30));
#4271=DIRECTION('ref_axis',(7.33560078408441E-17,0.342020143354714,0.939692620775337));
#4272=DIRECTION('',(-1.,2.14478618485241E-16,1.28992821994434E-30));
#4273=DIRECTION('center_axis',(1.,-2.14478618485241E-16,-1.28992821994434E-30));
#4274=DIRECTION('ref_axis',(7.33560078408441E-17,0.342020143354714,0.939692620775337));
#4275=DIRECTION('center_axis',(-7.33560078408453E-17,-0.342020143354719,
-0.939692620775335));
#4276=DIRECTION('ref_axis',(-2.01543975104668E-16,-0.939692620775335,0.342020143354719));
#4277=DIRECTION('',(-2.01543975104668E-16,-0.939692620775335,0.342020143354719));
#4278=DIRECTION('',(-1.,2.14478618485241E-16,1.28992821994434E-30));
#4279=DIRECTION('',(-2.01543975104668E-16,-0.939692620775335,0.342020143354719));
#4280=DIRECTION('center_axis',(-1.,2.14478618485241E-16,1.28992821994434E-30));
#4281=DIRECTION('ref_axis',(-1.75455008679802E-16,-0.818053612611632,0.575141971075888));
#4282=DIRECTION('center_axis',(1.,-2.14478618485241E-16,-1.28992821994434E-30));
#4283=DIRECTION('ref_axis',(-1.75455008679802E-16,-0.818053612611632,0.575141971075888));
#4284=DIRECTION('',(-1.,2.14478618485241E-16,1.28992821994434E-30));
#4285=DIRECTION('center_axis',(1.,-2.14478618485241E-16,-1.28992821994434E-30));
#4286=DIRECTION('ref_axis',(-1.75455008679802E-16,-0.818053612611632,0.575141971075888));
#4287=DIRECTION('center_axis',(1.75455008679803E-16,0.818053612611634,-0.575141971075885));
#4288=DIRECTION('ref_axis',(-1.23355655389235E-16,-0.575141971075885,-0.818053612611634));
#4289=DIRECTION('',(-1.23355655389235E-16,-0.575141971075885,-0.818053612611634));
#4290=DIRECTION('',(-1.,2.14478618485241E-16,1.28992821994434E-30));
#4291=DIRECTION('',(-1.23355655389235E-16,-0.575141971075885,-0.818053612611634));
#4292=DIRECTION('center_axis',(-1.,2.14478618485241E-16,1.28992821994434E-30));
#4293=DIRECTION('ref_axis',(-7.33560078346147E-17,-0.342020143325669,-0.939692620785908));
#4294=DIRECTION('center_axis',(1.,-2.14478618485241E-16,-1.28992821994434E-30));
#4295=DIRECTION('ref_axis',(-7.33560078346147E-17,-0.342020143325669,-0.939692620785908));
#4296=DIRECTION('',(-1.,2.14478618485241E-16,1.28992821994434E-30));
#4297=DIRECTION('center_axis',(1.,-2.14478618485241E-16,-1.28992821994434E-30));
#4298=DIRECTION('ref_axis',(-7.33560078346147E-17,-0.342020143325669,-0.939692620785908));
#4299=DIRECTION('center_axis',(7.33560078346162E-17,0.342020143325676,0.939692620785906));
#4300=DIRECTION('ref_axis',(2.01543975106936E-16,0.939692620785906,-0.342020143325676));
#4301=DIRECTION('',(2.01543975106936E-16,0.939692620785906,-0.342020143325676));
#4302=DIRECTION('',(2.01543975106936E-16,0.939692620785906,-0.342020143325676));
#4303=DIRECTION('center_axis',(-1.,2.14478618485241E-16,1.28992821994434E-30));
#4304=DIRECTION('ref_axis',(2.01543975106939E-16,0.939692620785921,-0.342020143325636));
#4305=DIRECTION('center_axis',(1.,-2.14478618485241E-16,-1.28992821994434E-30));
#4306=DIRECTION('ref_axis',(2.01543975106939E-16,0.939692620785921,-0.342020143325636));
#4307=DIRECTION('',(-1.,2.14478618485241E-16,1.28992821994434E-30));
#4308=DIRECTION('center_axis',(1.,-2.14478618485241E-16,-1.28992821994434E-30));
#4309=DIRECTION('ref_axis',(2.01543975106939E-16,0.939692620785921,-0.342020143325636));
#4310=DIRECTION('',(-1.,2.14478618485241E-16,1.28992821994434E-30));
#4311=DIRECTION('center_axis',(-2.01543975106936E-16,-0.939692620785908,
0.342020143325669));
#4312=DIRECTION('ref_axis',(7.33560078346147E-17,0.342020143325669,0.939692620785908));
#4313=DIRECTION('',(7.33560078346147E-17,0.342020143325669,0.939692620785908));
#4314=DIRECTION('',(-1.,2.14478618485241E-16,1.28992821994434E-30));
#4315=DIRECTION('',(7.33560078346147E-17,0.342020143325669,0.939692620785908));
#4316=DIRECTION('center_axis',(-1.,2.14478618485241E-16,1.28992821994434E-30));
#4317=DIRECTION('ref_axis',(-2.01543975106936E-16,-0.939692620785908,0.342020143325669));
#4318=DIRECTION('center_axis',(-1.,2.14478618485241E-16,1.28992821994434E-30));
#4319=DIRECTION('ref_axis',(-2.01543975106936E-16,-0.939692620785908,0.342020143325669));
#4320=DIRECTION('',(-1.,2.14478618485241E-16,1.28992821994434E-30));
#4321=DIRECTION('center_axis',(-1.,2.14478618485241E-16,1.28992821994434E-30));
#4322=DIRECTION('ref_axis',(-2.01543975106936E-16,-0.939692620785908,0.342020143325669));
#4323=DIRECTION('center_axis',(7.33560078346147E-17,0.342020143325669,0.939692620785908));
#4324=DIRECTION('ref_axis',(2.01543975106936E-16,0.939692620785908,-0.342020143325669));
#4325=DIRECTION('',(2.01543975106936E-16,0.939692620785908,-0.342020143325669));
#4326=DIRECTION('',(-1.,2.14478618485241E-16,1.28992821994434E-30));
#4327=DIRECTION('',(2.01543975106936E-16,0.939692620785908,-0.342020143325669));
#4328=DIRECTION('center_axis',(-1.,2.14478618485241E-16,1.28992821994434E-30));
#4329=DIRECTION('ref_axis',(7.33560078346147E-17,0.342020143325669,0.939692620785908));
#4330=DIRECTION('center_axis',(-1.,2.14478618485241E-16,1.28992821994434E-30));
#4331=DIRECTION('ref_axis',(7.33560078346147E-17,0.342020143325669,0.939692620785908));
#4332=DIRECTION('',(-1.,2.14478618485241E-16,1.28992821994434E-30));
#4333=DIRECTION('center_axis',(-1.,2.14478618485241E-16,1.28992821994434E-30));
#4334=DIRECTION('ref_axis',(7.33560078346147E-17,0.342020143325669,0.939692620785908));
#4335=DIRECTION('center_axis',(2.01543975106936E-16,0.939692620785908,-0.342020143325669));
#4336=DIRECTION('ref_axis',(-7.33560078346147E-17,-0.342020143325669,-0.939692620785908));
#4337=DIRECTION('',(-7.33560078346147E-17,-0.342020143325669,-0.939692620785908));
#4338=DIRECTION('',(-1.,2.14478618485241E-16,1.28992821994434E-30));
#4339=DIRECTION('',(-7.33560078346147E-17,-0.342020143325669,-0.939692620785908));
#4340=DIRECTION('center_axis',(-1.,2.14478618485241E-16,1.28992821994434E-30));
#4341=DIRECTION('ref_axis',(-7.33560078346075E-17,-0.342020143325636,-0.939692620785921));
#4342=DIRECTION('center_axis',(1.,-2.14478618485241E-16,-1.28992821994434E-30));
#4343=DIRECTION('ref_axis',(-7.33560078346075E-17,-0.342020143325636,-0.939692620785921));
#4344=DIRECTION('',(-1.,2.14478618485241E-16,1.28992821994434E-30));
#4345=DIRECTION('center_axis',(1.,-2.14478618485241E-16,-1.28992821994434E-30));
#4346=DIRECTION('ref_axis',(-7.33560078346075E-17,-0.342020143325636,-0.939692620785921));
#4347=DIRECTION('center_axis',(7.33560078346165E-17,0.342020143325677,0.939692620785905));
#4348=DIRECTION('ref_axis',(2.01543975106936E-16,0.939692620785905,-0.342020143325677));
#4349=DIRECTION('',(2.01543975106936E-16,0.939692620785905,-0.342020143325677));
#4350=DIRECTION('',(-1.,2.14478618485241E-16,1.28992821994434E-30));
#4351=DIRECTION('',(2.01543975106936E-16,0.939692620785905,-0.342020143325677));
#4352=DIRECTION('center_axis',(-1.,2.14478618485241E-16,1.28992821994434E-30));
#4353=DIRECTION('ref_axis',(2.01543975106936E-16,0.939692620785908,-0.342020143325669));
#4354=DIRECTION('center_axis',(1.,-2.14478618485241E-16,-1.28992821994434E-30));
#4355=DIRECTION('ref_axis',(2.01543975106936E-16,0.939692620785908,-0.342020143325669));
#4356=DIRECTION('',(-1.,2.14478618485241E-16,1.28992821994434E-30));
#4357=DIRECTION('center_axis',(1.,-2.14478618485241E-16,-1.28992821994434E-30));
#4358=DIRECTION('ref_axis',(2.01543975106936E-16,0.939692620785908,-0.342020143325669));
#4359=DIRECTION('center_axis',(-2.01543975106936E-16,-0.939692620785907,
0.342020143325673));
#4360=DIRECTION('ref_axis',(7.33560078346156E-17,0.342020143325673,0.939692620785907));
#4361=DIRECTION('',(7.33560078346156E-17,0.342020143325673,0.939692620785907));
#4362=DIRECTION('',(-1.,2.14478618485241E-16,1.28992821994434E-30));
#4363=DIRECTION('',(7.33560078346156E-17,0.342020143325673,0.939692620785907));
#4364=DIRECTION('center_axis',(-1.,2.14478618485241E-16,1.28992821994434E-30));
#4365=DIRECTION('ref_axis',(7.33560078346147E-17,0.342020143325669,0.939692620785908));
#4366=DIRECTION('center_axis',(1.,-2.14478618485241E-16,-1.28992821994434E-30));
#4367=DIRECTION('ref_axis',(7.33560078346147E-17,0.342020143325669,0.939692620785908));
#4368=DIRECTION('',(-1.,2.14478618485241E-16,1.28992821994434E-30));
#4369=DIRECTION('center_axis',(1.,-2.14478618485241E-16,-1.28992821994434E-30));
#4370=DIRECTION('ref_axis',(7.33560078346147E-17,0.342020143325669,0.939692620785908));
#4371=DIRECTION('center_axis',(-7.33560078346147E-17,-0.342020143325669,
-0.939692620785908));
#4372=DIRECTION('ref_axis',(-2.01543975106936E-16,-0.939692620785908,0.342020143325669));
#4373=DIRECTION('',(-2.01543975106936E-16,-0.939692620785908,0.342020143325669));
#4374=DIRECTION('',(-1.,2.14478618485241E-16,1.28992821994434E-30));
#4375=DIRECTION('',(-2.01543975106936E-16,-0.939692620785908,0.342020143325669));
#4376=DIRECTION('center_axis',(-1.,2.14478618485241E-16,1.28992821994434E-30));
#4377=DIRECTION('ref_axis',(-2.01543975106935E-16,-0.939692620785902,0.342020143325686));
#4378=DIRECTION('center_axis',(1.,-2.14478618485241E-16,-1.28992821994434E-30));
#4379=DIRECTION('ref_axis',(-2.01543975106935E-16,-0.939692620785902,0.342020143325686));
#4380=DIRECTION('',(-1.,2.14478618485241E-16,1.28992821994434E-30));
#4381=DIRECTION('center_axis',(1.,-2.14478618485241E-16,-1.28992821994434E-30));
#4382=DIRECTION('ref_axis',(-2.01543975106935E-16,-0.939692620785902,0.342020143325686));
#4383=DIRECTION('center_axis',(2.01543975106936E-16,0.939692620785908,-0.342020143325669));
#4384=DIRECTION('ref_axis',(-7.33560078346147E-17,-0.342020143325669,-0.939692620785908));
#4385=DIRECTION('',(-7.33560078346147E-17,-0.342020143325669,-0.939692620785908));
#4386=DIRECTION('',(-1.,2.14478618485241E-16,1.28992821994434E-30));
#4387=DIRECTION('',(-7.33560078346147E-17,-0.342020143325669,-0.939692620785908));
#4388=DIRECTION('center_axis',(-1.,2.14478618485241E-16,1.28992821994434E-30));
#4389=DIRECTION('ref_axis',(2.01543975106943E-16,0.939692620785939,-0.342020143325586));
#4390=DIRECTION('center_axis',(-1.,2.14478618485241E-16,1.28992821994434E-30));
#4391=DIRECTION('ref_axis',(2.01543975106943E-16,0.939692620785939,-0.342020143325586));
#4392=DIRECTION('',(-1.,2.14478618485241E-16,1.28992821994434E-30));
#4393=DIRECTION('center_axis',(-1.,2.14478618485241E-16,1.28992821994434E-30));
#4394=DIRECTION('ref_axis',(2.01543975106943E-16,0.939692620785939,-0.342020143325586));
#4395=DIRECTION('center_axis',(-7.33560078346147E-17,-0.342020143325669,
-0.939692620785908));
#4396=DIRECTION('ref_axis',(-2.01543975106936E-16,-0.939692620785908,0.342020143325669));
#4397=DIRECTION('',(-2.01543975106936E-16,-0.939692620785908,0.342020143325669));
#4398=DIRECTION('',(-1.,2.14478618485241E-16,1.28992821994434E-30));
#4399=DIRECTION('',(-2.01543975106936E-16,-0.939692620785908,0.342020143325669));
#4400=DIRECTION('center_axis',(-1.,2.14478618485241E-16,1.28992821994434E-30));
#4401=DIRECTION('ref_axis',(-7.33560078346147E-17,-0.342020143325669,-0.939692620785908));
#4402=DIRECTION('center_axis',(-1.,2.14478618485241E-16,1.28992821994434E-30));
#4403=DIRECTION('ref_axis',(-7.33560078346147E-17,-0.342020143325669,-0.939692620785908));
#4404=DIRECTION('',(-1.,2.14478618485241E-16,1.28992821994434E-30));
#4405=DIRECTION('center_axis',(-1.,2.14478618485241E-16,1.28992821994434E-30));
#4406=DIRECTION('ref_axis',(-7.33560078346147E-17,-0.342020143325669,-0.939692620785908));
#4407=DIRECTION('center_axis',(-2.01543975106936E-16,-0.939692620785908,
0.342020143325669));
#4408=DIRECTION('ref_axis',(7.33560078346147E-17,0.342020143325669,0.939692620785908));
#4409=DIRECTION('',(7.33560078346147E-17,0.342020143325669,0.939692620785908));
#4410=DIRECTION('',(-1.,2.14478618485241E-16,1.28992821994434E-30));
#4411=DIRECTION('',(7.33560078346147E-17,0.342020143325669,0.939692620785908));
#4412=DIRECTION('center_axis',(-1.,2.14478618485241E-16,1.28992821994434E-30));
#4413=DIRECTION('ref_axis',(7.33560078346147E-17,0.342020143325669,0.939692620785908));
#4414=DIRECTION('center_axis',(1.,-2.14478618485241E-16,-1.28992821994434E-30));
#4415=DIRECTION('ref_axis',(7.33560078346147E-17,0.342020143325669,0.939692620785908));
#4416=DIRECTION('',(-1.,2.14478618485241E-16,1.28992821994434E-30));
#4417=DIRECTION('center_axis',(1.,-2.14478618485241E-16,-1.28992821994434E-30));
#4418=DIRECTION('ref_axis',(7.33560078346147E-17,0.342020143325669,0.939692620785908));
#4419=DIRECTION('center_axis',(-7.33560078346147E-17,-0.342020143325669,
-0.939692620785908));
#4420=DIRECTION('ref_axis',(-2.01543975106936E-16,-0.939692620785908,0.342020143325669));
#4421=DIRECTION('',(-2.01543975106936E-16,-0.939692620785908,0.342020143325669));
#4422=DIRECTION('',(-1.,2.14478618485241E-16,1.28992821994434E-30));
#4423=DIRECTION('',(-2.01543975106936E-16,-0.939692620785908,0.342020143325669));
#4424=DIRECTION('center_axis',(-1.,2.14478618485241E-16,1.28992821994434E-30));
#4425=DIRECTION('ref_axis',(-1.75455008679813E-16,-0.818053612611681,0.575141971075819));
#4426=DIRECTION('center_axis',(1.,-2.14478618485241E-16,-1.28992821994434E-30));
#4427=DIRECTION('ref_axis',(-1.75455008679813E-16,-0.818053612611681,0.575141971075819));
#4428=DIRECTION('',(-1.,2.14478618485241E-16,1.28992821994434E-30));
#4429=DIRECTION('center_axis',(1.,-2.14478618485241E-16,-1.28992821994434E-30));
#4430=DIRECTION('ref_axis',(-1.75455008679813E-16,-0.818053612611681,0.575141971075819));
#4431=DIRECTION('center_axis',(1.75455008679801E-16,0.818053612611628,-0.575141971075894));
#4432=DIRECTION('ref_axis',(-1.23355655389237E-16,-0.575141971075894,-0.818053612611628));
#4433=DIRECTION('',(-1.23355655389237E-16,-0.575141971075894,-0.818053612611628));
#4434=DIRECTION('',(-1.,2.14478618485241E-16,1.28992821994434E-30));
#4435=DIRECTION('',(-1.23355655389237E-16,-0.575141971075894,-0.818053612611628));
#4436=DIRECTION('center_axis',(-1.,2.14478618485241E-16,1.28992821994434E-30));
#4437=DIRECTION('ref_axis',(-7.33560078346218E-17,-0.342020143325702,-0.939692620785896));
#4438=DIRECTION('center_axis',(1.,-2.14478618485241E-16,-1.28992821994434E-30));
#4439=DIRECTION('ref_axis',(-7.33560078346218E-17,-0.342020143325702,-0.939692620785896));
#4440=DIRECTION('',(-1.,2.14478618485241E-16,1.28992821994434E-30));
#4441=DIRECTION('center_axis',(1.,-2.14478618485241E-16,-1.28992821994434E-30));
#4442=DIRECTION('ref_axis',(-7.33560078346218E-17,-0.342020143325702,-0.939692620785896));
#4443=DIRECTION('center_axis',(7.33560078346126E-17,0.342020143325659,0.939692620785912));
#4444=DIRECTION('ref_axis',(2.01543975106937E-16,0.939692620785912,-0.342020143325659));
#4445=DIRECTION('',(2.01543975106937E-16,0.939692620785912,-0.342020143325659));
#4446=DIRECTION('',(2.01543975106937E-16,0.939692620785912,-0.342020143325659));
#4447=DIRECTION('center_axis',(-1.,2.14478618485241E-16,1.28992821994434E-30));
#4448=DIRECTION('ref_axis',(7.3356007834629E-17,0.342020143325736,0.939692620785884));
#4449=DIRECTION('center_axis',(1.,-2.14478618485241E-16,-1.28992821994434E-30));
#4450=DIRECTION('ref_axis',(7.3356007834629E-17,0.342020143325736,0.939692620785884));
#4451=DIRECTION('',(-1.,2.14478618485241E-16,1.28992821994434E-30));
#4452=DIRECTION('center_axis',(1.,-2.14478618485241E-16,-1.28992821994434E-30));
#4453=DIRECTION('ref_axis',(7.3356007834629E-17,0.342020143325736,0.939692620785884));
#4454=DIRECTION('',(-1.,2.14478618485241E-16,1.28992821994434E-30));
#4455=DIRECTION('center_axis',(-7.33560078346127E-17,-0.34202014332566,
-0.939692620785912));
#4456=DIRECTION('ref_axis',(-2.01543975106937E-16,-0.939692620785912,0.34202014332566));
#4457=DIRECTION('',(-2.01543975106937E-16,-0.939692620785912,0.34202014332566));
#4458=DIRECTION('',(-1.,2.14478618485241E-16,1.28992821994434E-30));
#4459=DIRECTION('',(-2.01543975106937E-16,-0.939692620785912,0.34202014332566));
#4460=DIRECTION('center_axis',(-1.,2.14478618485241E-16,1.28992821994434E-30));
#4461=DIRECTION('ref_axis',(-1.75455008668422E-16,-0.818053612558572,0.575141971151359));
#4462=DIRECTION('center_axis',(1.,-2.14478618485241E-16,-1.28992821994434E-30));
#4463=DIRECTION('ref_axis',(-1.75455008668422E-16,-0.818053612558572,0.575141971151359));
#4464=DIRECTION('',(-1.,2.14478618485241E-16,1.28992821994434E-30));
#4465=DIRECTION('center_axis',(1.,-2.14478618485241E-16,-1.28992821994434E-30));
#4466=DIRECTION('ref_axis',(-1.75455008668422E-16,-0.818053612558572,0.575141971151359));
#4467=DIRECTION('center_axis',(1.7545500866842E-16,0.818053612558562,-0.575141971151373));
#4468=DIRECTION('ref_axis',(-1.23355655405426E-16,-0.575141971151373,-0.818053612558561));
#4469=DIRECTION('',(1.,-2.14478618485241E-16,-1.28992821994434E-30));
#4470=DIRECTION('',(-1.23355655405426E-16,-0.575141971151373,-0.818053612558561));
#4471=DIRECTION('',(-1.23355655405426E-16,-0.575141971151373,-0.818053612558561));
#4472=DIRECTION('center_axis',(-1.,2.14478618485241E-16,1.28992821994434E-30));
#4473=DIRECTION('ref_axis',(7.33560078346147E-17,0.342020143325669,0.939692620785908));
#4474=DIRECTION('center_axis',(1.,-2.14478618485241E-16,-1.28992821994434E-30));
#4475=DIRECTION('ref_axis',(7.33560078346147E-17,0.342020143325669,0.939692620785908));
#4476=DIRECTION('',(-1.,2.14478618485241E-16,1.28992821994434E-30));
#4477=DIRECTION('center_axis',(1.,-2.14478618485241E-16,-1.28992821994434E-30));
#4478=DIRECTION('ref_axis',(7.33560078346147E-17,0.342020143325669,0.939692620785908));
#4479=DIRECTION('',(-1.,2.14478618485241E-16,1.28992821994434E-30));
#4480=DIRECTION('center_axis',(-7.33560078346183E-17,-0.342020143325686,
-0.939692620785902));
#4481=DIRECTION('ref_axis',(-2.01543975106935E-16,-0.939692620785902,0.342020143325686));
#4482=DIRECTION('',(-2.01543975106935E-16,-0.939692620785902,0.342020143325686));
#4483=DIRECTION('',(-1.,2.14478618485241E-16,1.28992821994434E-30));
#4484=DIRECTION('',(-2.01543975106935E-16,-0.939692620785902,0.342020143325686));
#4485=DIRECTION('center_axis',(-1.,2.14478618485241E-16,1.28992821994434E-30));
#4486=DIRECTION('ref_axis',(-2.0154497036771E-16,-0.93969726115883,0.342007393736735));
#4487=DIRECTION('center_axis',(1.,-2.14478618485241E-16,-1.28992821994434E-30));
#4488=DIRECTION('ref_axis',(-2.0154497036771E-16,-0.93969726115883,0.342007393736735));
#4489=DIRECTION('',(-1.,2.14478618485241E-16,1.28992821994434E-30));
#4490=DIRECTION('center_axis',(1.,-2.14478618485241E-16,-1.28992821994434E-30));
#4491=DIRECTION('ref_axis',(-2.0154497036771E-16,-0.93969726115883,0.342007393736735));
#4492=DIRECTION('center_axis',(2.01542559191667E-16,0.939686019124266,-0.342038280697336));
#4493=DIRECTION('ref_axis',(-7.33598979130329E-17,-0.342038280697336,-0.939686019124266));
#4494=DIRECTION('',(-7.33598979130329E-17,-0.342038280697336,-0.939686019124266));
#4495=DIRECTION('',(-1.,2.14478618485241E-16,1.28992821994434E-30));
#4496=DIRECTION('',(-7.33598979130329E-17,-0.342038280697336,-0.939686019124266));
#4497=DIRECTION('center_axis',(-1.,2.14478618485241E-16,1.28992821994434E-30));
#4498=DIRECTION('ref_axis',(2.01543975106949E-16,0.939692620785969,-0.342020143325502));
#4499=DIRECTION('center_axis',(-1.,2.14478618485241E-16,1.28992821994434E-30));
#4500=DIRECTION('ref_axis',(2.01543975106949E-16,0.939692620785969,-0.342020143325502));
#4501=DIRECTION('',(-1.,2.14478618485241E-16,1.28992821994434E-30));
#4502=DIRECTION('center_axis',(-1.,2.14478618485241E-16,1.28992821994434E-30));
#4503=DIRECTION('ref_axis',(2.01543975106949E-16,0.939692620785969,-0.342020143325502));
#4504=DIRECTION('center_axis',(-7.33560078346147E-17,-0.342020143325669,
-0.939692620785908));
#4505=DIRECTION('ref_axis',(-2.01543975106936E-16,-0.939692620785908,0.342020143325669));
#4506=DIRECTION('',(-2.01543975106936E-16,-0.939692620785908,0.342020143325669));
#4507=DIRECTION('',(-1.,2.14478618485241E-16,1.28992821994434E-30));
#4508=DIRECTION('',(-2.01543975106936E-16,-0.939692620785908,0.342020143325669));
#4509=DIRECTION('center_axis',(-1.,2.14478618485241E-16,1.28992821994434E-30));
#4510=DIRECTION('ref_axis',(-7.33560078346147E-17,-0.342020143325669,-0.939692620785908));
#4511=DIRECTION('center_axis',(-1.,2.14478618485241E-16,1.28992821994434E-30));
#4512=DIRECTION('ref_axis',(-7.33560078346147E-17,-0.342020143325669,-0.939692620785908));
#4513=DIRECTION('',(-1.,2.14478618485241E-16,1.28992821994434E-30));
#4514=DIRECTION('center_axis',(-1.,2.14478618485241E-16,1.28992821994434E-30));
#4515=DIRECTION('ref_axis',(-7.33560078346147E-17,-0.342020143325669,-0.939692620785908));
#4516=DIRECTION('center_axis',(-2.01543975106936E-16,-0.939692620785908,
0.342020143325669));
#4517=DIRECTION('ref_axis',(7.33560078346147E-17,0.342020143325669,0.939692620785908));
#4518=DIRECTION('',(7.33560078346147E-17,0.342020143325669,0.939692620785908));
#4519=DIRECTION('',(7.33560078346147E-17,0.342020143325669,0.939692620785908));
#4520=DIRECTION('center_axis',(-1.,2.14478618485241E-16,1.28992821994434E-30));
#4521=DIRECTION('ref_axis',(-2.01543975106938E-16,-0.939692620785914,0.342020143325652));
#4522=DIRECTION('center_axis',(1.,-2.14478618485241E-16,-1.28992821994434E-30));
#4523=DIRECTION('ref_axis',(-2.01543975106938E-16,-0.939692620785914,0.342020143325652));
#4524=DIRECTION('',(-1.,2.14478618485241E-16,1.28992821994434E-30));
#4525=DIRECTION('center_axis',(1.,-2.14478618485241E-16,-1.28992821994434E-30));
#4526=DIRECTION('ref_axis',(-2.01543975106938E-16,-0.939692620785914,0.342020143325652));
#4527=DIRECTION('',(-1.,2.14478618485241E-16,1.28992821994434E-30));
#4528=DIRECTION('center_axis',(2.0154397510694E-16,0.939692620785924,-0.342020143325627));
#4529=DIRECTION('ref_axis',(-7.33560078346057E-17,-0.342020143325627,-0.939692620785923));
#4530=DIRECTION('',(-7.33560078346057E-17,-0.342020143325627,-0.939692620785923));
#4531=DIRECTION('',(-1.,2.14478618485241E-16,1.28992821994434E-30));
#4532=DIRECTION('',(-7.33560078346057E-17,-0.342020143325627,-0.939692620785923));
#4533=DIRECTION('center_axis',(-1.,2.14478618485241E-16,1.28992821994434E-30));
#4534=DIRECTION('ref_axis',(2.01543975106936E-16,0.939692620785908,-0.342020143325669));
#4535=DIRECTION('center_axis',(-1.,2.14478618485241E-16,1.28992821994434E-30));
#4536=DIRECTION('ref_axis',(2.01543975106936E-16,0.939692620785908,-0.342020143325669));
#4537=DIRECTION('',(-1.,2.14478618485241E-16,1.28992821994434E-30));
#4538=DIRECTION('center_axis',(-1.,2.14478618485241E-16,1.28992821994434E-30));
#4539=DIRECTION('ref_axis',(2.01543975106936E-16,0.939692620785908,-0.342020143325669));
#4540=DIRECTION('center_axis',(-7.33560078346147E-17,-0.342020143325669,
-0.939692620785908));
#4541=DIRECTION('ref_axis',(-2.01543975106936E-16,-0.939692620785908,0.342020143325669));
#4542=DIRECTION('',(-2.01543975106936E-16,-0.939692620785908,0.342020143325669));
#4543=DIRECTION('',(-1.,2.14478618485241E-16,1.28992821994434E-30));
#4544=DIRECTION('',(-2.01543975106936E-16,-0.939692620785908,0.342020143325669));
#4545=DIRECTION('center_axis',(-1.,2.14478618485241E-16,1.28992821994434E-30));
#4546=DIRECTION('ref_axis',(-7.33560078346147E-17,-0.342020143325669,-0.939692620785908));
#4547=DIRECTION('center_axis',(-1.,2.14478618485241E-16,1.28992821994434E-30));
#4548=DIRECTION('ref_axis',(-7.33560078346147E-17,-0.342020143325669,-0.939692620785908));
#4549=DIRECTION('',(-1.,2.14478618485241E-16,1.28992821994434E-30));
#4550=DIRECTION('center_axis',(-1.,2.14478618485241E-16,1.28992821994434E-30));
#4551=DIRECTION('ref_axis',(-7.33560078346147E-17,-0.342020143325669,-0.939692620785908));
#4552=DIRECTION('center_axis',(-2.01543975106933E-16,-0.939692620785893,
0.342020143325711));
#4553=DIRECTION('ref_axis',(7.33560078346236E-17,0.342020143325711,0.939692620785893));
#4554=DIRECTION('',(7.33560078346236E-17,0.342020143325711,0.939692620785893));
#4555=DIRECTION('',(-1.,2.14478618485241E-16,1.28992821994434E-30));
#4556=DIRECTION('',(7.33560078346236E-17,0.342020143325711,0.939692620785893));
#4557=DIRECTION('center_axis',(-1.,2.14478618485241E-16,1.28992821994434E-30));
#4558=DIRECTION('ref_axis',(7.33560078346075E-17,0.342020143325635,0.939692620785921));
#4559=DIRECTION('center_axis',(1.,-2.14478618485241E-16,-1.28992821994434E-30));
#4560=DIRECTION('ref_axis',(7.33560078346075E-17,0.342020143325635,0.939692620785921));
#4561=DIRECTION('',(-1.,2.14478618485241E-16,1.28992821994434E-30));
#4562=DIRECTION('center_axis',(1.,-2.14478618485241E-16,-1.28992821994434E-30));
#4563=DIRECTION('ref_axis',(7.33560078346075E-17,0.342020143325635,0.939692620785921));
#4564=DIRECTION('center_axis',(-7.33560078346147E-17,-0.342020143325669,
-0.939692620785908));
#4565=DIRECTION('ref_axis',(-2.01543975106936E-16,-0.939692620785908,0.342020143325669));
#4566=DIRECTION('',(-2.01543975106936E-16,-0.939692620785908,0.342020143325669));
#4567=DIRECTION('',(-1.,2.14478618485241E-16,1.28992821994434E-30));
#4568=DIRECTION('',(-2.01543975106936E-16,-0.939692620785908,0.342020143325669));
#4569=DIRECTION('center_axis',(-1.,2.14478618485241E-16,1.28992821994434E-30));
#4570=DIRECTION('ref_axis',(-1.75455008679805E-16,-0.818053612611647,0.575141971075867));
#4571=DIRECTION('center_axis',(1.,-2.14478618485241E-16,-1.28992821994434E-30));
#4572=DIRECTION('ref_axis',(-1.75455008679805E-16,-0.818053612611647,0.575141971075867));
#4573=DIRECTION('',(-1.,2.14478618485241E-16,1.28992821994434E-30));
#4574=DIRECTION('center_axis',(1.,-2.14478618485241E-16,-1.28992821994434E-30));
#4575=DIRECTION('ref_axis',(-1.75455008679805E-16,-0.818053612611647,0.575141971075867));
#4576=DIRECTION('center_axis',(1.75455008679802E-16,0.818053612611629,-0.575141971075893));
#4577=DIRECTION('ref_axis',(-1.23355655389237E-16,-0.575141971075893,-0.818053612611629));
#4578=DIRECTION('',(-1.23355655389237E-16,-0.575141971075893,-0.818053612611629));
#4579=DIRECTION('',(-1.,2.14478618485241E-16,1.28992821994434E-30));
#4580=DIRECTION('',(-1.23355655389237E-16,-0.575141971075893,-0.818053612611629));
#4581=DIRECTION('center_axis',(-1.,2.14478618485241E-16,1.28992821994434E-30));
#4582=DIRECTION('ref_axis',(-7.33560078346218E-17,-0.342020143325702,-0.939692620785896));
#4583=DIRECTION('center_axis',(1.,-2.14478618485241E-16,-1.28992821994434E-30));
#4584=DIRECTION('ref_axis',(-7.33560078346218E-17,-0.342020143325702,-0.939692620785896));
#4585=DIRECTION('',(-1.,2.14478618485241E-16,1.28992821994434E-30));
#4586=DIRECTION('center_axis',(1.,-2.14478618485241E-16,-1.28992821994434E-30));
#4587=DIRECTION('ref_axis',(-7.33560078346218E-17,-0.342020143325702,-0.939692620785896));
#4588=DIRECTION('center_axis',(7.33560078346178E-17,0.342020143325683,0.939692620785903));
#4589=DIRECTION('ref_axis',(2.01543975106935E-16,0.939692620785903,-0.342020143325683));
#4590=DIRECTION('',(2.01543975106935E-16,0.939692620785903,-0.342020143325683));
#4591=DIRECTION('',(-1.,2.14478618485241E-16,1.28992821994434E-30));
#4592=DIRECTION('',(2.01543975106935E-16,0.939692620785903,-0.342020143325683));
#4593=DIRECTION('center_axis',(-1.,2.14478618485241E-16,1.28992821994434E-30));
#4594=DIRECTION('ref_axis',(2.01543975106938E-16,0.939692620785915,-0.342020143325652));
#4595=DIRECTION('center_axis',(1.,-2.14478618485241E-16,-1.28992821994434E-30));
#4596=DIRECTION('ref_axis',(2.01543975106938E-16,0.939692620785915,-0.342020143325652));
#4597=DIRECTION('',(-1.,2.14478618485241E-16,1.28992821994434E-30));
#4598=DIRECTION('center_axis',(1.,-2.14478618485241E-16,-1.28992821994434E-30));
#4599=DIRECTION('ref_axis',(2.01543975106938E-16,0.939692620785915,-0.342020143325652));
#4600=DIRECTION('center_axis',(-2.01543975106936E-16,-0.939692620785908,
0.342020143325669));
#4601=DIRECTION('ref_axis',(7.33560078346147E-17,0.342020143325669,0.939692620785908));
#4602=DIRECTION('',(7.33560078346147E-17,0.342020143325669,0.939692620785908));
#4603=DIRECTION('',(-1.,2.14478618485241E-16,1.28992821994434E-30));
#4604=DIRECTION('',(7.33560078346147E-17,0.342020143325669,0.939692620785908));
#4605=DIRECTION('center_axis',(-1.,2.14478618485241E-16,1.28992821994434E-30));
#4606=DIRECTION('ref_axis',(-2.01543975106956E-16,-0.939692620785999,0.342020143325419));
#4607=DIRECTION('center_axis',(-1.,2.14478618485241E-16,1.28992821994434E-30));
#4608=DIRECTION('ref_axis',(-2.01543975106956E-16,-0.939692620785999,0.342020143325419));
#4609=DIRECTION('',(-1.,2.14478618485241E-16,1.28992821994434E-30));
#4610=DIRECTION('center_axis',(-1.,2.14478618485241E-16,1.28992821994434E-30));
#4611=DIRECTION('ref_axis',(-2.01543975106956E-16,-0.939692620785999,0.342020143325419));
#4612=DIRECTION('center_axis',(7.33560078346147E-17,0.342020143325669,0.939692620785908));
#4613=DIRECTION('ref_axis',(2.01543975106936E-16,0.939692620785908,-0.342020143325669));
#4614=DIRECTION('',(2.01543975106936E-16,0.939692620785908,-0.342020143325669));
#4615=DIRECTION('',(-1.,2.14478618485241E-16,1.28992821994434E-30));
#4616=DIRECTION('',(2.01543975106936E-16,0.939692620785908,-0.342020143325669));
#4617=DIRECTION('center_axis',(-1.,2.14478618485241E-16,1.28992821994434E-30));
#4618=DIRECTION('ref_axis',(7.33560078345789E-17,0.342020143325502,0.939692620785969));
#4619=DIRECTION('center_axis',(-1.,2.14478618485241E-16,1.28992821994434E-30));
#4620=DIRECTION('ref_axis',(7.33560078345789E-17,0.342020143325502,0.939692620785969));
#4621=DIRECTION('',(-1.,2.14478618485241E-16,1.28992821994434E-30));
#4622=DIRECTION('center_axis',(-1.,2.14478618485241E-16,1.28992821994434E-30));
#4623=DIRECTION('ref_axis',(7.33560078345789E-17,0.342020143325502,0.939692620785969));
#4624=DIRECTION('center_axis',(2.01543975106933E-16,0.939692620785893,-0.342020143325711));
#4625=DIRECTION('ref_axis',(-7.33560078346236E-17,-0.342020143325711,-0.939692620785893));
#4626=DIRECTION('',(-7.33560078346236E-17,-0.342020143325711,-0.939692620785893));
#4627=DIRECTION('',(-1.,2.14478618485241E-16,1.28992821994434E-30));
#4628=DIRECTION('',(-7.33560078346236E-17,-0.342020143325711,-0.939692620785893));
#4629=DIRECTION('center_axis',(-1.,2.14478618485241E-16,1.28992821994434E-30));
#4630=DIRECTION('ref_axis',(-7.33560078346147E-17,-0.342020143325669,-0.939692620785908));
#4631=DIRECTION('center_axis',(1.,-2.14478618485241E-16,-1.28992821994434E-30));
#4632=DIRECTION('ref_axis',(-7.33560078346147E-17,-0.342020143325669,-0.939692620785908));
#4633=DIRECTION('',(-1.,2.14478618485241E-16,1.28992821994434E-30));
#4634=DIRECTION('center_axis',(1.,-2.14478618485241E-16,-1.28992821994434E-30));
#4635=DIRECTION('ref_axis',(-7.33560078346147E-17,-0.342020143325669,-0.939692620785908));
#4636=DIRECTION('center_axis',(7.33560078362404E-17,0.342020143333249,0.93969262078315));
#4637=DIRECTION('ref_axis',(2.01543975106344E-16,0.93969262078315,-0.342020143333249));
#4638=DIRECTION('',(2.01543975106344E-16,0.93969262078315,-0.342020143333249));
#4639=DIRECTION('',(-1.,2.14478618485241E-16,1.28992821994434E-30));
#4640=DIRECTION('',(2.01543975106344E-16,0.93969262078315,-0.342020143333249));
#4641=DIRECTION('center_axis',(-1.,2.14478618485241E-16,1.28992821994434E-30));
#4642=DIRECTION('ref_axis',(2.01543975106936E-16,0.939692620785908,-0.342020143325669));
#4643=DIRECTION('center_axis',(1.,-2.14478618485241E-16,-1.28992821994434E-30));
#4644=DIRECTION('ref_axis',(2.01543975106936E-16,0.939692620785908,-0.342020143325669));
#4645=DIRECTION('',(-1.,2.14478618485241E-16,1.28992821994434E-30));
#4646=DIRECTION('center_axis',(1.,-2.14478618485241E-16,-1.28992821994434E-30));
#4647=DIRECTION('ref_axis',(2.01543975106936E-16,0.939692620785908,-0.342020143325669));
#4648=DIRECTION('center_axis',(-2.01543975106937E-16,-0.939692620785912,
0.34202014332566));
#4649=DIRECTION('ref_axis',(7.33560078346128E-17,0.34202014332566,0.939692620785911));
#4650=DIRECTION('',(7.33560078346128E-17,0.34202014332566,0.939692620785911));
#4651=DIRECTION('',(-1.,2.14478618485241E-16,1.28992821994434E-30));
#4652=DIRECTION('',(7.33560078346128E-17,0.34202014332566,0.939692620785911));
#4653=DIRECTION('center_axis',(-1.,2.14478618485241E-16,1.28992821994434E-30));
#4654=DIRECTION('ref_axis',(7.33560078346218E-17,0.342020143325702,0.939692620785896));
#4655=DIRECTION('center_axis',(1.,-2.14478618485241E-16,-1.28992821994434E-30));
#4656=DIRECTION('ref_axis',(7.33560078346218E-17,0.342020143325702,0.939692620785896));
#4657=DIRECTION('',(-1.,2.14478618485241E-16,1.28992821994434E-30));
#4658=DIRECTION('center_axis',(1.,-2.14478618485241E-16,-1.28992821994434E-30));
#4659=DIRECTION('ref_axis',(7.33560078346218E-17,0.342020143325702,0.939692620785896));
#4660=DIRECTION('center_axis',(-7.33560078346165E-17,-0.342020143325677,
-0.939692620785905));
#4661=DIRECTION('ref_axis',(-2.01543975106936E-16,-0.939692620785905,0.342020143325677));
#4662=DIRECTION('',(-2.01543975106936E-16,-0.939692620785905,0.342020143325677));
#4663=DIRECTION('',(-2.01543975106936E-16,-0.939692620785905,0.342020143325677));
#4664=DIRECTION('center_axis',(-2.01543975106936E-16,-0.939692620785908,
0.342020143325669));
#4665=DIRECTION('ref_axis',(7.33560078346147E-17,0.342020143325669,0.939692620785908));
#4666=DIRECTION('',(-1.,2.14478618485241E-16,1.28992821994434E-30));
#4667=DIRECTION('',(7.33560078346147E-17,0.342020143325669,0.939692620785908));
#4668=DIRECTION('',(7.33560078346147E-17,0.342020143325669,0.939692620785908));
#4669=DIRECTION('center_axis',(-1.,2.14478618485241E-16,1.28992821994434E-30));
#4670=DIRECTION('ref_axis',(9.06425809247605E-17,0.422618261740619,-0.906307787036688));
#4671=DIRECTION('center_axis',(1.,-2.14478618485241E-16,-1.28992821994434E-30));
#4672=DIRECTION('ref_axis',(9.06425809247605E-17,0.422618261740619,-0.906307787036688));
#4673=DIRECTION('center_axis',(1.,-2.14478618485241E-16,-1.28992821994434E-30));
#4674=DIRECTION('ref_axis',(9.06425809247605E-17,0.422618261740619,-0.906307787036688));
#4675=DIRECTION('',(1.,-2.14478618485241E-16,-1.28992821994434E-30));
#4676=DIRECTION('center_axis',(7.33560078346147E-17,0.342020143325669,0.939692620785908));
#4677=DIRECTION('ref_axis',(2.01543975106936E-16,0.939692620785908,-0.342020143325669));
#4678=DIRECTION('',(-1.,2.14478618485241E-16,1.28992821994434E-30));
#4679=DIRECTION('',(2.01543975106936E-16,0.939692620785908,-0.342020143325669));
#4680=DIRECTION('',(2.01543975106936E-16,0.939692620785908,-0.342020143325669));
#4681=DIRECTION('center_axis',(-1.,2.14478618485241E-16,1.28992821994434E-30));
#4682=DIRECTION('ref_axis',(-2.04613472088431E-16,-0.954004056597887,-0.2997936957222));
#4683=DIRECTION('center_axis',(1.,-2.14478618485241E-16,-1.28992821994434E-30));
#4684=DIRECTION('ref_axis',(-2.04613472088431E-16,-0.954004056597887,-0.2997936957222));
#4685=DIRECTION('center_axis',(1.,-2.14478618485241E-16,-1.28992821994434E-30));
#4686=DIRECTION('ref_axis',(-2.04613472088431E-16,-0.954004056597887,-0.2997936957222));
#4687=DIRECTION('center_axis',(-1.,2.14478618485241E-16,1.28992821994434E-30));
#4688=DIRECTION('ref_axis',(-2.01543975106936E-16,-0.939692620785908,0.342020143325669));
#4689=DIRECTION('',(1.94383642086036E-16,0.90630778703665,-0.422618261740699));
#4690=DIRECTION('',(-1.74350145104016E-16,-0.812902219975893,-0.582400189524578));
#4691=DIRECTION('',(2.01543975106936E-16,0.939692620785909,-0.342020143325669));
#4692=DIRECTION('center_axis',(-5.6957795700863E-17,0.342020143325669,0.939692620785908));
#4693=DIRECTION('ref_axis',(1.,0.,6.06132201540825E-17));
#4694=DIRECTION('',(-2.01543975106936E-16,-0.939692620785909,0.342020143325669));
#4695=DIRECTION('center_axis',(-1.,2.14478618485241E-16,1.28992821994434E-30));
#4696=DIRECTION('ref_axis',(-2.01543975106936E-16,-0.939692620785908,0.342020143325669));
#4697=DIRECTION('',(-1.94383642086036E-16,-0.90630778703665,0.422618261740699));
#4698=DIRECTION('',(1.74350145104016E-16,0.812902219975893,0.582400189524578));
#4699=DIRECTION('center_axis',(-1.24912388054773E-16,-0.582400189524578,
0.812902219975894));
#4700=DIRECTION('ref_axis',(1.74350145104016E-16,0.812902219975893,0.582400189524578));
#4701=DIRECTION('',(1.,-1.51804726767936E-16,4.49024317038799E-17));
#4702=DIRECTION('center_axis',(2.34600262405792E-17,0.422618261740699,0.90630778703665));
#4703=DIRECTION('ref_axis',(1.,0.,-2.58852749321358E-17));
#4704=CARTESIAN_POINT('',(0.,0.,0.));
#4705=CARTESIAN_POINT('Origin',(37.9618551013977,-17.5102068931609,102.865303121663));
#4706=CARTESIAN_POINT('',(37.0202835977577,-20.754220351619,101.388405749093));
#4707=CARTESIAN_POINT('',(36.4469948453191,-20.4456324097493,101.276088923599));
#4708=CARTESIAN_POINT('Origin',(37.9618551013977,-18.56966310784,100.593291937307));
#4709=CARTESIAN_POINT('',(37.0202835977577,-19.6091349381095,103.844049342939));
#4710=CARTESIAN_POINT('',(37.0202835977577,-19.6091349381095,103.844049342939));
#4711=CARTESIAN_POINT('',(36.4469948453191,-19.3126428743892,103.705792823044));
#4712=CARTESIAN_POINT('Origin',(37.9618551013977,-17.5102068931609,102.865303121663));
#4713=CARTESIAN_POINT('',(36.4469948453191,-19.3126428743892,103.705792823044));
#4714=CARTESIAN_POINT('Origin',(37.0202835977578,-19.6091349381095,103.844049342939));
#4715=CARTESIAN_POINT('',(37.8846873643394,-21.2195087043716,101.557756859846));
#4716=CARTESIAN_POINT('',(35.4896768442419,-18.8175395105632,103.474922332913));
#4717=CARTESIAN_POINT('Origin',(27.9618551013977,-17.510206893161,102.865303121663));
#4718=CARTESIAN_POINT('',(28.9034266050377,-16.385105864061,99.7981781255206));
#4719=CARTESIAN_POINT('',(29.4767153574759,-16.6936938059304,99.9104949510145));
#4720=CARTESIAN_POINT('Origin',(27.9618551013977,-18.56966310784,100.593291937307));
#4721=CARTESIAN_POINT('',(28.9034266050377,-15.4112788482124,101.886556900387));
#4722=CARTESIAN_POINT('',(28.9034266050377,-15.4112788482124,101.886556900387));
#4723=CARTESIAN_POINT('',(29.4767153574759,-15.7077709119325,102.024813420282));
#4724=CARTESIAN_POINT('Origin',(27.9618551013977,-17.5102068931609,102.865303121663));
#4725=CARTESIAN_POINT('',(29.4767153574759,-15.7077709119325,102.024813420282));
#4726=CARTESIAN_POINT('Origin',(28.9034266050377,-15.4112788482124,101.886556900387));
#4727=CARTESIAN_POINT('',(33.833875278872,-19.0390511966363,100.764135229948));
#4728=CARTESIAN_POINT('',(31.4312483478819,-16.7186114656147,102.496176111638));
#4729=CARTESIAN_POINT('Origin',(32.9618551013977,-42.3682219436181,41.1478815365847));
#4730=CARTESIAN_POINT('',(35.4618551013977,-42.3682219436181,41.1478815365847));
#4731=CARTESIAN_POINT('Origin',(32.9618551013977,-42.3682219436181,41.1478815365847));
#4732=CARTESIAN_POINT('',(35.4618551013977,-41.6841816579567,43.0272667754367));
#4733=CARTESIAN_POINT('',(35.4618551013977,-42.3682219436181,41.1478815365847));
#4734=CARTESIAN_POINT('Origin',(32.9618551013977,-41.6841816579567,43.0272667754367));
#4735=CARTESIAN_POINT('Origin',(32.9618551013977,-55.5239186346208,45.9361635431441));
#4736=CARTESIAN_POINT('',(35.4618551013977,-55.5239186346208,45.9361635431441));
#4737=CARTESIAN_POINT('Origin',(32.9618551013977,-55.5239186346208,45.936163543144));
#4738=CARTESIAN_POINT('',(35.4618551013977,-54.8398783489594,47.815548781996));
#4739=CARTESIAN_POINT('',(35.4618551013977,-55.5239186346208,45.9361635431441));
#4740=CARTESIAN_POINT('Origin',(32.9618551013977,-54.8398783489594,47.815548781996));
#4741=CARTESIAN_POINT('Origin',(42.9618551013977,-62.9803796373515,48.6500933958565));
#4742=CARTESIAN_POINT('',(42.9618551013977,-62.9803796373515,48.6500933958565));
#4743=CARTESIAN_POINT('',(42.9618551013977,-23.6617275705472,104.575007377649));
#4744=CARTESIAN_POINT('',(42.9618551013977,-74.2993855338077,32.550496948776));
#4745=CARTESIAN_POINT('',(22.9618551013977,-23.6617275705472,104.575007377649));
#4746=CARTESIAN_POINT('',(42.9618551013977,-23.6617275705472,104.575007377649));
#4747=CARTESIAN_POINT('',(22.9618551013977,-62.9803796373515,48.6500933958565));
#4748=CARTESIAN_POINT('',(22.9618551013977,-74.2993855338077,32.550496948776));
#4749=CARTESIAN_POINT('',(42.9618551013977,-62.9803796373515,48.6500933958565));
#4750=CARTESIAN_POINT('Origin',(42.9618551013977,-12.3384315450649,100.453664670588));
#4751=CARTESIAN_POINT('',(42.9618551013977,-12.6785917270222,99.5190822488034));
#4752=CARTESIAN_POINT('',(42.9618551013977,-12.3384315450649,100.453664670588));
#4753=CARTESIAN_POINT('',(42.9618551013977,-12.6785917270222,99.5190822488034));
#4754=CARTESIAN_POINT('',(22.9618551013977,-12.6785917270222,99.5190822488034));
#4755=CARTESIAN_POINT('',(42.9618551013977,-12.6785917270222,99.5190822488034));
#4756=CARTESIAN_POINT('',(22.9618551013977,-12.3384315450649,100.453664670588));
#4757=CARTESIAN_POINT('',(22.9618551013977,-12.6785917270222,99.5190822488034));
#4758=CARTESIAN_POINT('',(42.9618551013977,-12.3384315450649,100.453664670588));
#4759=CARTESIAN_POINT('Origin',(42.9618551013977,-12.6785917270222,99.5190822488034));
#4760=CARTESIAN_POINT('',(42.9618551013977,-17.4687336163958,86.3582753302084));
#4761=CARTESIAN_POINT('',(42.9618551013977,-12.6785917270222,99.5190822488034));
#4762=CARTESIAN_POINT('',(22.9618551013977,-17.4687336163958,86.3582753302084));
#4763=CARTESIAN_POINT('',(42.9618551013977,-17.4687336163958,86.3582753302084));
#4764=CARTESIAN_POINT('',(22.9618551013977,-12.6785917270222,99.5190822488034));
#4765=CARTESIAN_POINT('Origin',(42.9618551013977,-17.4687336163958,86.3582753302084));
#4766=CARTESIAN_POINT('',(42.9618551013977,-34.9117609425741,38.4339516792379));
#4767=CARTESIAN_POINT('',(42.9618551013977,-17.4687336163958,86.3582753302084));
#4768=CARTESIAN_POINT('',(22.9618551013977,-34.9117609425741,38.4339516792379));
#4769=CARTESIAN_POINT('',(42.9618551013977,-34.9117609425741,38.4339516792379));
#4770=CARTESIAN_POINT('',(22.9618551013977,-17.4687336163958,86.3582753302084));
#4771=CARTESIAN_POINT('Origin',(42.9618551013977,-42.5563774298933,71.5454299275334));
#4772=CARTESIAN_POINT('',(42.9618551013977,-42.5563774298933,71.5454299275334));
#4773=CARTESIAN_POINT('',(42.9618551013977,-42.4195687788211,71.9213086071404));
#4774=CARTESIAN_POINT('',(42.9618551013977,-42.4195687788211,71.9213086071404));
#4775=CARTESIAN_POINT('',(22.9618551013977,-42.4195687788211,71.9213086071404));
#4776=CARTESIAN_POINT('',(42.9618551013977,-42.4195687788211,71.9213086071404));
#4777=CARTESIAN_POINT('',(22.9618551013977,-42.5563774298933,71.5454299275334));
#4778=CARTESIAN_POINT('',(22.9618551013977,-42.4195687788211,71.9213086071404));
#4779=CARTESIAN_POINT('',(42.9618551013977,-42.5563774298933,71.5454299275334));
#4780=CARTESIAN_POINT('Origin',(42.9618551013977,-42.3255995167425,71.8871065928078));
#4781=CARTESIAN_POINT('',(42.9618551013977,-42.2913975024099,71.9810758548864));
#4782=CARTESIAN_POINT('Origin',(42.9618551013977,-42.3255995167425,71.8871065928078));
#4783=CARTESIAN_POINT('',(22.9618551013977,-42.2913975024099,71.9810758548864));
#4784=CARTESIAN_POINT('',(42.9618551013977,-42.2913975024099,71.9810758548864));
#4785=CARTESIAN_POINT('Origin',(22.9618551013977,-42.3255995167425,71.8871065928078));
#4786=CARTESIAN_POINT('Origin',(42.9618551013977,-42.2913975024099,71.9810758548864));
#4787=CARTESIAN_POINT('',(42.9618551013977,-28.8459164161683,67.0873209541053));
#4788=CARTESIAN_POINT('',(42.9618551013977,-28.8459164161683,67.0873209541052));
#4789=CARTESIAN_POINT('',(22.9618551013977,-28.8459164161683,67.0873209541053));
#4790=CARTESIAN_POINT('',(42.9618551013977,-28.8459164161683,67.0873209541053));
#4791=CARTESIAN_POINT('',(22.9618551013977,-28.8459164161683,67.0873209541052));
#4792=CARTESIAN_POINT('Origin',(42.9618551013977,-28.8801184305009,66.9933516920267));
#4793=CARTESIAN_POINT('',(42.9618551013977,-28.78614916883,66.9591496765739));
#4794=CARTESIAN_POINT('Origin',(42.9618551013977,-28.8801184305009,66.9933516920267));
#4795=CARTESIAN_POINT('',(22.9618551013977,-28.78614916883,66.9591496765739));
#4796=CARTESIAN_POINT('',(42.9618551013977,-28.78614916883,66.9591496765739));
#4797=CARTESIAN_POINT('Origin',(22.9618551013977,-28.8801184305009,66.9933516920267));
#4798=CARTESIAN_POINT('Origin',(42.9618551013977,-28.7861491677098,66.9591496761662));
#4799=CARTESIAN_POINT('',(42.9618551013977,-28.9229572246323,66.583272628972));
#4800=CARTESIAN_POINT('',(42.9618551013977,-28.9229572246324,66.583272628972));
#4801=CARTESIAN_POINT('',(22.9618551013977,-28.9229572246323,66.583272628972));
#4802=CARTESIAN_POINT('',(42.9618551013977,-28.9229572246323,66.583272628972));
#4803=CARTESIAN_POINT('',(22.9618551013977,-28.9229572246324,66.583272628972));
#4804=CARTESIAN_POINT('Origin',(42.9618551013977,-28.4531109142394,66.4122625573092));
#4805=CARTESIAN_POINT('',(42.9618551013977,-28.6241209859022,65.9424162469162));
#4806=CARTESIAN_POINT('Origin',(42.9618551013977,-28.4531109142394,66.4122625573092));
#4807=CARTESIAN_POINT('',(22.9618551013977,-28.6241209859022,65.9424162469162));
#4808=CARTESIAN_POINT('',(42.9618551013977,-28.6241209859022,65.9424162469162));
#4809=CARTESIAN_POINT('Origin',(22.9618551013977,-28.4531109142394,66.4122625573092));
#4810=CARTESIAN_POINT('Origin',(42.9618551013977,-28.6241209859022,65.9424162469162));
#4811=CARTESIAN_POINT('',(42.9618551013977,-27.6844282642981,65.6003960668957));
#4812=CARTESIAN_POINT('',(42.9618551013977,-28.6241209859022,65.9424162469162));
#4813=CARTESIAN_POINT('',(22.9618551013977,-27.6844282642981,65.6003960668957));
#4814=CARTESIAN_POINT('',(42.9618551013977,-27.6844282642981,65.6003960668957));
#4815=CARTESIAN_POINT('',(22.9618551013977,-28.6241209859022,65.9424162469162));
#4816=CARTESIAN_POINT('Origin',(42.9618551013977,-27.5134181926353,66.0702423772887));
#4817=CARTESIAN_POINT('',(42.9618551013977,-27.0435718822423,65.8992323056258));
#4818=CARTESIAN_POINT('Origin',(42.9618551013977,-27.5134181926353,66.0702423772887));
#4819=CARTESIAN_POINT('',(22.9618551013977,-27.0435718822423,65.8992323056258));
#4820=CARTESIAN_POINT('',(42.9618551013977,-27.0435718822423,65.8992323056258));
#4821=CARTESIAN_POINT('Origin',(22.9618551013977,-27.5134181926353,66.0702423772887));
#4822=CARTESIAN_POINT('Origin',(42.9618551013977,-27.0435718822424,65.8992323056258));
#4823=CARTESIAN_POINT('',(42.9618551013977,-24.307410735637,73.4167732719131));
#4824=CARTESIAN_POINT('',(42.9618551013977,-27.0435718822424,65.8992323056258));
#4825=CARTESIAN_POINT('',(22.9618551013977,-24.307410735637,73.4167732719131));
#4826=CARTESIAN_POINT('',(42.9618551013977,-24.307410735637,73.4167732719131));
#4827=CARTESIAN_POINT('',(22.9618551013977,-27.0435718822424,65.8992323056258));
#4828=CARTESIAN_POINT('Origin',(42.9618551013977,-24.77725704603,73.5877833435759));
#4829=CARTESIAN_POINT('',(42.9618551013977,-24.6062469743671,74.0576296539689));
#4830=CARTESIAN_POINT('Origin',(42.9618551013977,-24.77725704603,73.5877833435759));
#4831=CARTESIAN_POINT('',(22.9618551013977,-24.6062469743671,74.0576296539689));
#4832=CARTESIAN_POINT('',(42.9618551013977,-24.6062469743671,74.0576296539689));
#4833=CARTESIAN_POINT('Origin',(22.9618551013977,-24.77725704603,73.5877833435759));
#4834=CARTESIAN_POINT('Origin',(42.9618551013977,-24.6062469743671,74.0576296539689));
#4835=CARTESIAN_POINT('',(42.9618551013977,-25.5459397743853,74.3996498625298));
#4836=CARTESIAN_POINT('',(42.9618551013977,-24.6062469743671,74.0576296539689));
#4837=CARTESIAN_POINT('',(22.9618551013977,-25.5459397743853,74.3996498625298));
#4838=CARTESIAN_POINT('',(42.9618551013977,-25.5459397743853,74.3996498625298));
#4839=CARTESIAN_POINT('',(22.9618551013977,-24.6062469743671,74.0576296539689));
#4840=CARTESIAN_POINT('Origin',(42.9618551013977,-25.7169498460481,73.9298035521368));
#4841=CARTESIAN_POINT('',(42.9618551013977,-26.1867961564411,74.1008136237997));
#4842=CARTESIAN_POINT('Origin',(42.9618551013977,-25.7169498460481,73.9298035521368));
#4843=CARTESIAN_POINT('',(22.9618551013977,-26.1867961564411,74.1008136237997));
#4844=CARTESIAN_POINT('',(42.9618551013977,-26.1867961564411,74.1008136237997));
#4845=CARTESIAN_POINT('Origin',(22.9618551013977,-25.7169498460481,73.9298035521368));
#4846=CARTESIAN_POINT('Origin',(42.9618551013977,-26.1867961564411,74.1008136237997));
#4847=CARTESIAN_POINT('',(42.9618551013977,-26.3236042137713,73.7249365754853));
#4848=CARTESIAN_POINT('',(42.9618551013977,-26.3236042137714,73.7249365754853));
#4849=CARTESIAN_POINT('',(22.9618551013977,-26.3236042137713,73.7249365754853));
#4850=CARTESIAN_POINT('',(42.9618551013977,-26.3236042137713,73.7249365754853));
#4851=CARTESIAN_POINT('',(22.9618551013977,-26.3236042137714,73.7249365754853));
#4852=CARTESIAN_POINT('Origin',(42.9618551013977,-26.4175734758499,73.7591385898178));
#4853=CARTESIAN_POINT('',(42.9618551013977,-26.4517754901825,73.6651693277392));
#4854=CARTESIAN_POINT('Origin',(42.9618551013977,-26.4175734758499,73.7591385898178));
#4855=CARTESIAN_POINT('',(22.9618551013977,-26.4517754901825,73.6651693277392));
#4856=CARTESIAN_POINT('',(42.9618551013977,-26.4517754901825,73.6651693277392));
#4857=CARTESIAN_POINT('Origin',(22.9618551013977,-26.4175734758499,73.7591385898178));
#4858=CARTESIAN_POINT('Origin',(42.9618551013977,-26.4517754901825,73.6651693277393));
#4859=CARTESIAN_POINT('',(42.9618551013977,-37.1063694153961,77.5431243747105));
#4860=CARTESIAN_POINT('',(42.9618551013977,-37.1063694153961,77.5431243747105));
#4861=CARTESIAN_POINT('',(22.9618551013977,-37.1063694153961,77.5431243747105));
#4862=CARTESIAN_POINT('',(42.9618551013977,-37.1063694153961,77.5431243747105));
#4863=CARTESIAN_POINT('',(22.9618551013977,-37.1063694153961,77.5431243747105));
#4864=CARTESIAN_POINT('Origin',(42.9618551013977,-37.0721674010636,77.6370936367891));
#4865=CARTESIAN_POINT('',(42.9618551013977,-37.1661366631421,77.6712956511217));
#4866=CARTESIAN_POINT('Origin',(42.9618551013977,-37.0721674010636,77.6370936367891));
#4867=CARTESIAN_POINT('',(22.9618551013977,-37.1661366631421,77.6712956511217));
#4868=CARTESIAN_POINT('',(42.9618551013977,-37.1661366631421,77.6712956511217));
#4869=CARTESIAN_POINT('Origin',(22.9618551013977,-37.0721674010636,77.6370936367891));
#4870=CARTESIAN_POINT('Origin',(42.9618551013977,-37.1661366631421,77.6712956511217));
#4871=CARTESIAN_POINT('',(42.9618551013977,-37.0293286058119,78.0471726994361));
#4872=CARTESIAN_POINT('',(42.9618551013977,-37.0293286058119,78.0471726994361));
#4873=CARTESIAN_POINT('',(22.9618551013977,-37.0293286058119,78.0471726994361));
#4874=CARTESIAN_POINT('',(42.9618551013977,-37.0293286058119,78.0471726994361));
#4875=CARTESIAN_POINT('',(22.9618551013977,-37.0293286058119,78.0471726994361));
#4876=CARTESIAN_POINT('Origin',(42.9618551013977,-37.4991749162048,78.2181827710989));
#4877=CARTESIAN_POINT('',(42.9618551013977,-37.328164844542,78.6880290814918));
#4878=CARTESIAN_POINT('Origin',(42.9618551013977,-37.4991749162048,78.2181827710989));
#4879=CARTESIAN_POINT('',(22.9618551013977,-37.328164844542,78.6880290814918));
#4880=CARTESIAN_POINT('',(42.9618551013977,-37.328164844542,78.6880290814918));
#4881=CARTESIAN_POINT('Origin',(22.9618551013977,-37.4991749162048,78.2181827710989));
#4882=CARTESIAN_POINT('Origin',(42.9618551013977,-37.328164844542,78.6880290814918));
#4883=CARTESIAN_POINT('',(42.9618551013977,-38.6316083147381,79.1624437066918));
#4884=CARTESIAN_POINT('',(42.9618551013977,-37.328164844542,78.6880290814918));
#4885=CARTESIAN_POINT('',(22.9618551013977,-38.6316083147381,79.1624437066918));
#4886=CARTESIAN_POINT('',(42.9618551013977,-38.6316083147381,79.1624437066918));
#4887=CARTESIAN_POINT('',(22.9618551013977,-37.328164844542,78.6880290814918));
#4888=CARTESIAN_POINT('Origin',(42.9618551013977,-38.8026183864009,78.6925973962989));
#4889=CARTESIAN_POINT('',(42.9618551013977,-39.2116451927067,78.9801683818368));
#4890=CARTESIAN_POINT('Origin',(42.9618551013977,-38.8026183864009,78.6925973962989));
#4891=CARTESIAN_POINT('',(22.9618551013977,-39.2116451927067,78.9801683818368));
#4892=CARTESIAN_POINT('',(42.9618551013977,-39.2116451927067,78.9801683818368));
#4893=CARTESIAN_POINT('Origin',(22.9618551013977,-38.8026183864009,78.6925973962989));
#4894=CARTESIAN_POINT('Origin',(42.9618551013977,-39.2116451927067,78.9801683818368));
#4895=CARTESIAN_POINT('',(42.9618551013977,-43.9775434344006,72.2013894541508));
#4896=CARTESIAN_POINT('',(42.9618551013977,-39.2116451927067,78.9801683818369));
#4897=CARTESIAN_POINT('',(22.9618551013977,-43.9775434344006,72.2013894541508));
#4898=CARTESIAN_POINT('',(42.9618551013977,-43.9775434344006,72.2013894541508));
#4899=CARTESIAN_POINT('',(22.9618551013977,-39.2116451927067,78.9801683818369));
#4900=CARTESIAN_POINT('Origin',(42.9618551013977,-43.5685166280948,71.9138184686128));
#4901=CARTESIAN_POINT('',(42.9618551013977,-43.7395266997576,71.4439721582199));
#4902=CARTESIAN_POINT('Origin',(42.9618551013977,-43.5685166280948,71.9138184686128));
#4903=CARTESIAN_POINT('',(22.9618551013977,-43.7395266997576,71.4439721582199));
#4904=CARTESIAN_POINT('',(42.9618551013977,-43.7395266997576,71.4439721582199));
#4905=CARTESIAN_POINT('Origin',(22.9618551013977,-43.5685166280948,71.9138184686128));
#4906=CARTESIAN_POINT('Origin',(42.9618551013977,-43.7395266997576,71.4439721582199));
#4907=CARTESIAN_POINT('',(42.9618551013977,-43.197233811949,71.2465936888033));
#4908=CARTESIAN_POINT('',(42.9618551013977,-43.1972338119491,71.2465936888033));
#4909=CARTESIAN_POINT('',(22.9618551013977,-43.197233811949,71.2465936888033));
#4910=CARTESIAN_POINT('',(42.9618551013977,-43.197233811949,71.2465936888033));
#4911=CARTESIAN_POINT('',(22.9618551013977,-43.1972338119491,71.2465936888033));
#4912=CARTESIAN_POINT('Origin',(42.9618551013977,-43.0262237402863,71.7164399991963));
#4913=CARTESIAN_POINT('Origin',(42.9618551013977,-43.0262237402863,71.7164399991963));
#4914=CARTESIAN_POINT('Origin',(22.9618551013977,-43.0262237402863,71.7164399991963));
#4915=CARTESIAN_POINT('Origin',(42.9618551013977,-22.7711604230069,100.526245240663));
#4916=CARTESIAN_POINT('',(42.9618551013977,-22.9421704946698,100.05639893027));
#4917=CARTESIAN_POINT('',(42.9618551013977,-22.301314112614,100.355235169));
#4918=CARTESIAN_POINT('Origin',(42.9618551013977,-22.7711604230069,100.526245240663));
#4919=CARTESIAN_POINT('',(22.9618551013977,-22.301314112614,100.355235169));
#4920=CARTESIAN_POINT('',(42.9618551013977,-22.301314112614,100.355235169));
#4921=CARTESIAN_POINT('',(22.9618551013977,-22.9421704946698,100.05639893027));
#4922=CARTESIAN_POINT('Origin',(22.9618551013977,-22.7711604230069,100.526245240663));
#4923=CARTESIAN_POINT('',(42.9618551013977,-22.9421704946698,100.05639893027));
#4924=CARTESIAN_POINT('Origin',(42.9618551013977,-22.301314112614,100.355235169));
#4925=CARTESIAN_POINT('',(42.9618551013977,-22.1645060552837,100.731112217315));
#4926=CARTESIAN_POINT('',(42.9618551013977,-22.301314112614,100.355235169));
#4927=CARTESIAN_POINT('',(22.9618551013977,-22.1645060552837,100.731112217315));
#4928=CARTESIAN_POINT('',(42.9618551013977,-22.1645060552837,100.731112217315));
#4929=CARTESIAN_POINT('',(22.9618551013977,-22.301314112614,100.355235169));
#4930=CARTESIAN_POINT('Origin',(42.9618551013977,-22.0705367932051,100.696910202982));
#4931=CARTESIAN_POINT('',(42.9618551013977,-22.0363347788726,100.790879465061));
#4932=CARTESIAN_POINT('Origin',(42.9618551013977,-22.0705367932051,100.696910202982));
#4933=CARTESIAN_POINT('',(22.9618551013977,-22.0363347788726,100.790879465061));
#4934=CARTESIAN_POINT('',(42.9618551013977,-22.0363347788726,100.790879465061));
#4935=CARTESIAN_POINT('Origin',(22.9618551013977,-22.0705367932051,100.696910202982));
#4936=CARTESIAN_POINT('Origin',(42.9618551013977,-22.0363347788726,100.790879465061));
#4937=CARTESIAN_POINT('',(42.9618551013977,-17.2172316151051,99.0368693575912));
#4938=CARTESIAN_POINT('',(42.9618551013977,-22.0363347788726,100.790879465061));
#4939=CARTESIAN_POINT('',(22.9618551013977,-17.2172316151051,99.0368693575912));
#4940=CARTESIAN_POINT('',(42.9618551013977,-17.2172316151051,99.0368693575912));
#4941=CARTESIAN_POINT('',(22.9618551013977,-22.0363347788726,100.790879465061));
#4942=CARTESIAN_POINT('Origin',(42.9618551013977,-17.2514336294376,98.9429000955126));
#4943=CARTESIAN_POINT('',(42.9618551013977,-17.1574643673591,98.90869808118));
#4944=CARTESIAN_POINT('Origin',(42.9618551013977,-17.2514336294376,98.9429000955126));
#4945=CARTESIAN_POINT('',(22.9618551013977,-17.1574643673591,98.90869808118));
#4946=CARTESIAN_POINT('',(42.9618551013977,-17.1574643673591,98.90869808118));
#4947=CARTESIAN_POINT('Origin',(22.9618551013977,-17.2514336294376,98.9429000955126));
#4948=CARTESIAN_POINT('Origin',(42.9618551013977,-17.1574643673591,98.90869808118));
#4949=CARTESIAN_POINT('',(42.9618551013977,-17.2942724246893,98.5328210328657));
#4950=CARTESIAN_POINT('',(42.9618551013977,-17.1574643673591,98.90869808118));
#4951=CARTESIAN_POINT('',(22.9618551013977,-17.2942724246893,98.5328210328657));
#4952=CARTESIAN_POINT('',(42.9618551013977,-17.2942724246893,98.5328210328657));
#4953=CARTESIAN_POINT('',(22.9618551013977,-17.1574643673591,98.90869808118));
#4954=CARTESIAN_POINT('Origin',(42.9618551013977,-16.8244261142964,98.3618109612028));
#4955=CARTESIAN_POINT('',(42.9618551013977,-16.9954361859592,97.8919646508099));
#4956=CARTESIAN_POINT('Origin',(42.9618551013977,-16.8244261142964,98.3618109612028));
#4957=CARTESIAN_POINT('',(22.9618551013977,-16.9954361859592,97.8919646508099));
#4958=CARTESIAN_POINT('',(42.9618551013977,-16.9954361859592,97.8919646508099));
#4959=CARTESIAN_POINT('Origin',(22.9618551013977,-16.8244261142964,98.3618109612028));
#4960=CARTESIAN_POINT('Origin',(42.9618551013977,-16.9954361859592,97.8919646508099));
#4961=CARTESIAN_POINT('',(42.9618551013977,-16.0557435651733,97.5499445074842));
#4962=CARTESIAN_POINT('',(42.9618551013977,-16.0557435651733,97.5499445074842));
#4963=CARTESIAN_POINT('',(22.9618551013977,-16.0557435651733,97.5499445074842));
#4964=CARTESIAN_POINT('',(42.9618551013977,-16.0557435651733,97.5499445074842));
#4965=CARTESIAN_POINT('',(22.9618551013977,-16.0557435651733,97.5499445074842));
#4966=CARTESIAN_POINT('Origin',(42.9618551013977,-15.8847334935105,98.0197908178771));
#4967=CARTESIAN_POINT('',(42.9618551013977,-15.4148871831175,97.8487807462143));
#4968=CARTESIAN_POINT('Origin',(42.9618551013977,-15.8847334935105,98.0197908178771));
#4969=CARTESIAN_POINT('',(22.9618551013977,-15.4148871831175,97.8487807462143));
#4970=CARTESIAN_POINT('',(42.9618551013977,-15.4148871831175,97.8487807462143));
#4971=CARTESIAN_POINT('Origin',(22.9618551013977,-15.8847334935105,98.0197908178771));
#4972=CARTESIAN_POINT('Origin',(42.9618551013977,-15.4148871831175,97.8487807462143));
#4973=CARTESIAN_POINT('',(42.9618551013977,-14.9360589824616,99.1643504153146));
#4974=CARTESIAN_POINT('',(42.9618551013977,-15.4148871831175,97.8487807462143));
#4975=CARTESIAN_POINT('',(22.9618551013977,-14.9360589824616,99.1643504153146));
#4976=CARTESIAN_POINT('',(42.9618551013977,-14.9360589824616,99.1643504153146));
#4977=CARTESIAN_POINT('',(22.9618551013977,-15.4148871831175,97.8487807462143));
#4978=CARTESIAN_POINT('Origin',(42.9618551013977,-15.0300282445402,99.1985524296471));
#4979=CARTESIAN_POINT('',(42.9618551013977,-14.9958262302076,99.2925216917257));
#4980=CARTESIAN_POINT('Origin',(42.9618551013977,-15.0300282445402,99.1985524296471));
#4981=CARTESIAN_POINT('',(22.9618551013977,-14.9958262302076,99.2925216917257));
#4982=CARTESIAN_POINT('',(42.9618551013977,-14.9958262302076,99.2925216917257));
#4983=CARTESIAN_POINT('Origin',(22.9618551013977,-15.0300282445402,99.1985524296471));
#4984=CARTESIAN_POINT('Origin',(42.9618551013977,-14.9958262302076,99.2925216917257));
#4985=CARTESIAN_POINT('',(42.9618551013977,-22.8345556226417,102.145585865039));
#4986=CARTESIAN_POINT('',(42.9618551013977,-14.9958262302076,99.2925216917257));
#4987=CARTESIAN_POINT('',(22.9618551013977,-22.8345556226417,102.145585865039));
#4988=CARTESIAN_POINT('',(42.9618551013977,-22.8345556226417,102.145585865039));
#4989=CARTESIAN_POINT('',(22.9618551013977,-14.9958262302076,99.2925216917257));
#4990=CARTESIAN_POINT('Origin',(42.9618551013977,-22.8687576369742,102.051616602961));
#4991=CARTESIAN_POINT('',(42.9618551013977,-22.9505629982354,102.109130800068));
#4992=CARTESIAN_POINT('Origin',(42.9618551013977,-22.8687576369742,102.051616602961));
#4993=CARTESIAN_POINT('',(22.9618551013977,-22.9505629982354,102.109130800068));
#4994=CARTESIAN_POINT('',(42.9618551013977,-22.9505629982354,102.109130800068));
#4995=CARTESIAN_POINT('Origin',(22.9618551013977,-22.8687576369742,102.051616602961));
#4996=CARTESIAN_POINT('Origin',(42.9618551013977,-22.9505629982354,102.109130800068));
#4997=CARTESIAN_POINT('',(42.9618551013977,-23.7224796766722,101.011194535307));
#4998=CARTESIAN_POINT('',(42.9618551013977,-22.9505629982354,102.109130800068));
#4999=CARTESIAN_POINT('',(22.9618551013977,-23.7224796766722,101.011194535307));
#5000=CARTESIAN_POINT('',(42.9618551013977,-23.7224796766722,101.011194535307));
#5001=CARTESIAN_POINT('',(22.9618551013977,-22.9505629982354,102.109130800068));
#5002=CARTESIAN_POINT('Origin',(42.9618551013977,-23.3134528703664,100.723623549769));
#5003=CARTESIAN_POINT('',(42.9618551013977,-23.4844629420293,100.253777239376));
#5004=CARTESIAN_POINT('Origin',(42.9618551013977,-23.3134528703664,100.723623549769));
#5005=CARTESIAN_POINT('',(22.9618551013977,-23.4844629420293,100.253777239376));
#5006=CARTESIAN_POINT('',(42.9618551013977,-23.4844629420293,100.253777239376));
#5007=CARTESIAN_POINT('Origin',(22.9618551013977,-23.3134528703664,100.723623549769));
#5008=CARTESIAN_POINT('Origin',(42.9618551013977,-23.4844629420293,100.253777239376));
#5009=CARTESIAN_POINT('',(42.9618551013977,-22.9421704946698,100.05639893027));
#5010=CARTESIAN_POINT('',(22.9618551013977,-22.9421704946698,100.05639893027));
#5011=CARTESIAN_POINT('Origin',(42.9618551013977,-49.5793321658057,62.395622029379));
#5012=CARTESIAN_POINT('',(42.9618551013977,-49.7503422374831,61.9257757189914));
#5013=CARTESIAN_POINT('',(42.9618551013977,-49.1094858554128,62.2246119577162));
#5014=CARTESIAN_POINT('Origin',(42.9618551013977,-49.5793321658057,62.395622029379));
#5015=CARTESIAN_POINT('',(22.9618551013977,-49.1094858554128,62.2246119577162));
#5016=CARTESIAN_POINT('',(42.9618551013977,-49.1094858554128,62.2246119577162));
#5017=CARTESIAN_POINT('',(22.9618551013977,-49.7503422374831,61.9257757189914));
#5018=CARTESIAN_POINT('Origin',(22.9618551013977,-49.5793321658057,62.395622029379));
#5019=CARTESIAN_POINT('',(42.9618551013977,-49.7503422374831,61.9257757189914));
#5020=CARTESIAN_POINT('Origin',(42.9618551013977,-49.1094858554128,62.2246119577162));
#5021=CARTESIAN_POINT('',(42.9618551013977,-48.9726777982936,62.6004890054505));
#5022=CARTESIAN_POINT('',(42.9618551013977,-48.9726777982936,62.6004890054505));
#5023=CARTESIAN_POINT('',(22.9618551013977,-48.9726777982936,62.6004890054505));
#5024=CARTESIAN_POINT('',(42.9618551013977,-48.9726777982936,62.6004890054505));
#5025=CARTESIAN_POINT('',(22.9618551013977,-48.9726777982936,62.6004890054505));
#5026=CARTESIAN_POINT('Origin',(42.9618551013977,-48.8787085362151,62.5662869911179));
#5027=CARTESIAN_POINT('',(42.9618551013977,-48.8445065218825,62.6602562531965));
#5028=CARTESIAN_POINT('Origin',(42.9618551013977,-48.8787085362151,62.5662869911179));
#5029=CARTESIAN_POINT('',(22.9618551013977,-48.8445065218825,62.6602562531965));
#5030=CARTESIAN_POINT('',(42.9618551013977,-48.8445065218825,62.6602562531965));
#5031=CARTESIAN_POINT('Origin',(22.9618551013977,-48.8787085362151,62.5662869911179));
#5032=CARTESIAN_POINT('Origin',(42.9618551013977,-48.8445065218825,62.6602562531965));
#5033=CARTESIAN_POINT('',(42.9618551013977,-32.6081382484733,56.7507014890914));
#5034=CARTESIAN_POINT('',(42.9618551013977,-32.6081382484733,56.7507014890914));
#5035=CARTESIAN_POINT('',(22.9618551013977,-32.6081382484733,56.7507014890914));
#5036=CARTESIAN_POINT('',(42.9618551013977,-32.6081382484733,56.7507014890914));
#5037=CARTESIAN_POINT('',(22.9618551013977,-32.6081382484733,56.7507014890914));
#5038=CARTESIAN_POINT('Origin',(42.9618551013977,-32.6423402628059,56.6567322270128));
#5039=CARTESIAN_POINT('',(42.9618551013977,-32.5483710007273,56.6225302126803));
#5040=CARTESIAN_POINT('Origin',(42.9618551013977,-32.6423402628059,56.6567322270128));
#5041=CARTESIAN_POINT('',(22.9618551013977,-32.5483710007273,56.6225302126803));
#5042=CARTESIAN_POINT('',(42.9618551013977,-32.5483710007273,56.6225302126803));
#5043=CARTESIAN_POINT('Origin',(22.9618551013977,-32.6423402628059,56.6567322270128));
#5044=CARTESIAN_POINT('Origin',(42.9618551013977,-32.5483710007273,56.6225302126803));
#5045=CARTESIAN_POINT('',(42.9618551013977,-32.6851790600962,56.2466531587649));
#5046=CARTESIAN_POINT('',(42.9618551013977,-32.6851790600962,56.2466531587649));
#5047=CARTESIAN_POINT('',(22.9618551013977,-32.6851790600962,56.2466531587649));
#5048=CARTESIAN_POINT('',(42.9618551013977,-32.6851790600962,56.2466531587649));
#5049=CARTESIAN_POINT('',(22.9618551013977,-32.6851790600962,56.2466531587649));
#5050=CARTESIAN_POINT('Origin',(42.9618551013977,-32.2153327497032,56.075643087102));
#5051=CARTESIAN_POINT('',(42.9618551013977,-32.3863428269671,55.6057967787477));
#5052=CARTESIAN_POINT('Origin',(42.9618551013977,-32.2153327497032,56.075643087102));
#5053=CARTESIAN_POINT('',(22.9618551013977,-32.3863428269671,55.6057967787477));
#5054=CARTESIAN_POINT('',(42.9618551013977,-32.3863428269671,55.6057967787477));
#5055=CARTESIAN_POINT('Origin',(22.9618551013977,-32.2153327497032,56.075643087102));
#5056=CARTESIAN_POINT('Origin',(42.9618551013977,-32.3863428269671,55.6057967787477));
#5057=CARTESIAN_POINT('',(42.9618551013977,-31.4466501934554,55.2637766181042));
#5058=CARTESIAN_POINT('',(42.9618551013977,-32.3863428269671,55.6057967787477));
#5059=CARTESIAN_POINT('',(22.9618551013977,-31.4466501934554,55.2637766181042));
#5060=CARTESIAN_POINT('',(42.9618551013977,-31.4466501934554,55.2637766181042));
#5061=CARTESIAN_POINT('',(22.9618551013977,-32.3863428269671,55.6057967787477));
#5062=CARTESIAN_POINT('Origin',(42.9618551013977,-31.2756401161915,55.7336229264586));
#5063=CARTESIAN_POINT('',(42.9618551013977,-30.8057938078372,55.5626128491947));
#5064=CARTESIAN_POINT('Origin',(42.9618551013977,-31.2756401161915,55.7336229264586));
#5065=CARTESIAN_POINT('',(22.9618551013977,-30.8057938078372,55.5626128491947));
#5066=CARTESIAN_POINT('',(42.9618551013977,-30.8057938078372,55.5626128491947));
#5067=CARTESIAN_POINT('Origin',(22.9618551013977,-31.2756401161915,55.7336229264586));
#5068=CARTESIAN_POINT('Origin',(42.9618551013977,-30.8057938078372,55.5626128491947));
#5069=CARTESIAN_POINT('',(42.9618551013977,-28.069633928812,63.0801500539981));
#5070=CARTESIAN_POINT('',(42.9618551013977,-30.8057938078372,55.5626128491947));
#5071=CARTESIAN_POINT('',(22.9618551013977,-28.069633928812,63.0801500539981));
#5072=CARTESIAN_POINT('',(42.9618551013977,-28.069633928812,63.0801500539981));
#5073=CARTESIAN_POINT('',(22.9618551013977,-30.8057938078372,55.5626128491947));
#5074=CARTESIAN_POINT('Origin',(42.9618551013977,-28.5394802371664,63.251160131262));
#5075=CARTESIAN_POINT('',(42.9618551013977,-28.3684701655035,63.7210064416549));
#5076=CARTESIAN_POINT('Origin',(42.9618551013977,-28.5394802371664,63.251160131262));
#5077=CARTESIAN_POINT('',(22.9618551013977,-28.3684701655035,63.7210064416549));
#5078=CARTESIAN_POINT('',(42.9618551013977,-28.3684701655035,63.7210064416549));
#5079=CARTESIAN_POINT('Origin',(22.9618551013977,-28.5394802371664,63.251160131262));
#5080=CARTESIAN_POINT('Origin',(42.9618551013977,-28.3684701655035,63.7210064416549));
#5081=CARTESIAN_POINT('',(42.9618551013977,-29.3081628769071,64.0630266179628));
#5082=CARTESIAN_POINT('',(42.9618551013977,-28.3684701655035,63.7210064416549));
#5083=CARTESIAN_POINT('',(22.9618551013977,-29.3081628769071,64.0630266179628));
#5084=CARTESIAN_POINT('',(42.9618551013977,-29.3081628769071,64.0630266179628));
#5085=CARTESIAN_POINT('',(22.9618551013977,-28.3684701655035,63.7210064416549));
#5086=CARTESIAN_POINT('Origin',(42.9618551013977,-29.4791729485699,63.5931803075698));
#5087=CARTESIAN_POINT('',(42.9618551013977,-29.949019260637,63.7641903746332));
#5088=CARTESIAN_POINT('Origin',(42.9618551013977,-29.4791729485699,63.5931803075698));
#5089=CARTESIAN_POINT('',(22.9618551013977,-29.949019260637,63.7641903746332));
#5090=CARTESIAN_POINT('',(42.9618551013977,-29.949019260637,63.7641903746332));
#5091=CARTESIAN_POINT('Origin',(22.9618551013977,-29.4791729485699,63.5931803075698));
#5092=CARTESIAN_POINT('Origin',(42.9618551013977,-29.949019260637,63.7641903746332));
#5093=CARTESIAN_POINT('',(42.9618551013977,-30.0858257247208,63.3883176922786));
#5094=CARTESIAN_POINT('',(42.9618551013977,-29.949019260637,63.7641903746332));
#5095=CARTESIAN_POINT('',(22.9618551013977,-30.0858257247208,63.3883176922786));
#5096=CARTESIAN_POINT('',(42.9618551013977,-30.0858257247208,63.3883176922786));
#5097=CARTESIAN_POINT('',(22.9618551013977,-29.949019260637,63.7641903746332));
#5098=CARTESIAN_POINT('Origin',(42.9618551013977,-30.1797949871342,63.4225197056913));
#5099=CARTESIAN_POINT('',(42.9618551013977,-30.2139970014667,63.3285504436127));
#5100=CARTESIAN_POINT('Origin',(42.9618551013977,-30.1797949871342,63.4225197056913));
#5101=CARTESIAN_POINT('',(22.9618551013977,-30.2139970014667,63.3285504436127));
#5102=CARTESIAN_POINT('',(42.9618551013977,-30.2139970014667,63.3285504436127));
#5103=CARTESIAN_POINT('Origin',(22.9618551013977,-30.1797949871342,63.4225197056913));
#5104=CARTESIAN_POINT('Origin',(42.9618551013977,-30.2139970014667,63.3285504436127));
#5105=CARTESIAN_POINT('',(42.9618551013977,-43.6594780859056,68.2223053437377));
#5106=CARTESIAN_POINT('',(42.9618551013977,-43.6594780859056,68.2223053437377));
#5107=CARTESIAN_POINT('',(22.9618551013977,-43.6594780859056,68.2223053437377));
#5108=CARTESIAN_POINT('',(42.9618551013977,-43.6594780859056,68.2223053437377));
#5109=CARTESIAN_POINT('',(22.9618551013977,-43.6594780859056,68.2223053437377));
#5110=CARTESIAN_POINT('Origin',(42.9618551013977,-43.625276071573,68.3162746058163));
#5111=CARTESIAN_POINT('',(42.9618551013977,-43.7192453336516,68.3504766201489));
#5112=CARTESIAN_POINT('Origin',(42.9618551013977,-43.625276071573,68.3162746058163));
#5113=CARTESIAN_POINT('',(22.9618551013977,-43.7192453336516,68.3504766201489));
#5114=CARTESIAN_POINT('',(42.9618551013977,-43.7192453336516,68.3504766201489));
#5115=CARTESIAN_POINT('Origin',(22.9618551013977,-43.625276071573,68.3162746058163));
#5116=CARTESIAN_POINT('Origin',(42.9618551013977,-43.7192453336516,68.3504766201489));
#5117=CARTESIAN_POINT('',(42.9618551013977,-43.5824372712249,68.7263536824658));
#5118=CARTESIAN_POINT('',(42.9618551013977,-43.5824372712249,68.7263536824658));
#5119=CARTESIAN_POINT('',(22.9618551013977,-43.5824372712249,68.7263536824658));
#5120=CARTESIAN_POINT('',(42.9618551013977,-43.5824372712249,68.7263536824658));
#5121=CARTESIAN_POINT('',(22.9618551013977,-43.5824372712249,68.7263536824658));
#5122=CARTESIAN_POINT('Origin',(42.9618551013977,-44.0522835816179,68.8973637541286));
#5123=CARTESIAN_POINT('',(42.9618551013977,-43.881273509955,69.3672100645216));
#5124=CARTESIAN_POINT('Origin',(42.9618551013977,-44.0522835816179,68.8973637541286));
#5125=CARTESIAN_POINT('',(22.9618551013977,-43.881273509955,69.3672100645216));
#5126=CARTESIAN_POINT('',(42.9618551013977,-43.881273509955,69.3672100645216));
#5127=CARTESIAN_POINT('Origin',(22.9618551013977,-44.0522835816179,68.8973637541286));
#5128=CARTESIAN_POINT('Origin',(42.9618551013977,-43.881273509955,69.3672100645216));
#5129=CARTESIAN_POINT('',(42.9618551013977,-45.1847169347507,69.8416246731973));
#5130=CARTESIAN_POINT('',(42.9618551013977,-43.881273509955,69.3672100645216));
#5131=CARTESIAN_POINT('',(22.9618551013977,-45.1847169347507,69.8416246731973));
#5132=CARTESIAN_POINT('',(42.9618551013977,-45.1847169347507,69.8416246731973));
#5133=CARTESIAN_POINT('',(22.9618551013977,-43.881273509955,69.3672100645216));
#5134=CARTESIAN_POINT('Origin',(42.9618551013977,-45.3557270064558,69.3717783628197));
#5135=CARTESIAN_POINT('',(42.9618551013977,-45.7647538127367,69.6593493483931));
#5136=CARTESIAN_POINT('Origin',(42.9618551013977,-45.3557270064558,69.3717783628197));
#5137=CARTESIAN_POINT('',(22.9618551013977,-45.7647538127367,69.6593493483931));
#5138=CARTESIAN_POINT('',(42.9618551013977,-45.7647538127367,69.6593493483931));
#5139=CARTESIAN_POINT('Origin',(22.9618551013977,-45.3557270064558,69.3717783628197));
#5140=CARTESIAN_POINT('Origin',(42.9618551013977,-45.764753812783,69.6593493484255));
#5141=CARTESIAN_POINT('',(42.9618551013977,-50.5306514194141,62.8805713240215));
#5142=CARTESIAN_POINT('',(42.9618551013977,-50.5306514194141,62.8805713240214));
#5143=CARTESIAN_POINT('',(22.9618551013977,-50.5306514194141,62.8805713240215));
#5144=CARTESIAN_POINT('',(42.9618551013977,-50.5306514194141,62.8805713240215));
#5145=CARTESIAN_POINT('',(22.9618551013977,-50.5306514194141,62.8805713240214));
#5146=CARTESIAN_POINT('Origin',(42.9618551013977,-50.1216246131083,62.5930003384835));
#5147=CARTESIAN_POINT('',(42.9618551013977,-50.2926346847856,62.1231540280959));
#5148=CARTESIAN_POINT('Origin',(42.9618551013977,-50.1216246131083,62.5930003384835));
#5149=CARTESIAN_POINT('',(22.9618551013977,-50.2926346847856,62.1231540280959));
#5150=CARTESIAN_POINT('',(42.9618551013977,-50.2926346847856,62.1231540280959));
#5151=CARTESIAN_POINT('Origin',(22.9618551013977,-50.1216246131083,62.5930003384835));
#5152=CARTESIAN_POINT('Origin',(42.9618551013977,-50.2926346847856,62.1231540280959));
#5153=CARTESIAN_POINT('',(42.9618551013977,-49.7503422374831,61.9257757189914));
#5154=CARTESIAN_POINT('',(22.9618551013977,-49.7503422374831,61.9257757189914));
#5155=CARTESIAN_POINT('Origin',(42.9618551013977,-56.1324408755274,53.0748030437364));
#5156=CARTESIAN_POINT('',(42.9618551013977,-56.3034509471902,52.6049567333434));
#5157=CARTESIAN_POINT('',(42.9618551013977,-55.6625945651344,52.9037929720735));
#5158=CARTESIAN_POINT('Origin',(42.9618551013977,-56.1324408755274,53.0748030437364));
#5159=CARTESIAN_POINT('',(22.9618551013977,-55.6625945651344,52.9037929720735));
#5160=CARTESIAN_POINT('',(42.9618551013977,-55.6625945651344,52.9037929720735));
#5161=CARTESIAN_POINT('',(22.9618551013977,-56.3034509471902,52.6049567333434));
#5162=CARTESIAN_POINT('Origin',(22.9618551013977,-56.1324408755274,53.0748030437364));
#5163=CARTESIAN_POINT('',(42.9618551013977,-56.3034509471902,52.6049567333434));
#5164=CARTESIAN_POINT('Origin',(42.9618551013977,-55.6625945651344,52.9037929720735));
#5165=CARTESIAN_POINT('',(42.9618551013977,-55.5257865078041,53.2796700203879));
#5166=CARTESIAN_POINT('',(42.9618551013977,-55.5257865078041,53.2796700203878));
#5167=CARTESIAN_POINT('',(22.9618551013977,-55.5257865078041,53.2796700203879));
#5168=CARTESIAN_POINT('',(42.9618551013977,-55.5257865078041,53.2796700203879));
#5169=CARTESIAN_POINT('',(22.9618551013977,-55.5257865078041,53.2796700203878));
#5170=CARTESIAN_POINT('Origin',(42.9618551013977,-55.4318172457256,53.2454680060553));
#5171=CARTESIAN_POINT('',(42.9618551013977,-55.397615231393,53.3394372681339));
#5172=CARTESIAN_POINT('Origin',(42.9618551013977,-55.4318172457256,53.2454680060553));
#5173=CARTESIAN_POINT('',(22.9618551013977,-55.397615231393,53.3394372681339));
#5174=CARTESIAN_POINT('',(42.9618551013977,-55.397615231393,53.3394372681339));
#5175=CARTESIAN_POINT('Origin',(22.9618551013977,-55.4318172457256,53.2454680060553));
#5176=CARTESIAN_POINT('Origin',(42.9618551013977,-55.397615231393,53.3394372681339));
#5177=CARTESIAN_POINT('',(42.9618551013977,-36.3703598250557,46.4140826604464));
#5178=CARTESIAN_POINT('',(42.9618551013977,-36.3703598250557,46.4140826604464));
#5179=CARTESIAN_POINT('',(22.9618551013977,-36.3703598250557,46.4140826604464));
#5180=CARTESIAN_POINT('',(42.9618551013977,-36.3703598250557,46.4140826604464));
#5181=CARTESIAN_POINT('',(22.9618551013977,-36.3703598250557,46.4140826604464));
#5182=CARTESIAN_POINT('Origin',(42.9618551013977,-36.4045618393882,46.3201133983679));
#5183=CARTESIAN_POINT('',(42.9618551013977,-36.3105925773097,46.2859113840353));
#5184=CARTESIAN_POINT('Origin',(42.9618551013977,-36.4045618393882,46.3201133983679));
#5185=CARTESIAN_POINT('',(22.9618551013977,-36.3105925773097,46.2859113840353));
#5186=CARTESIAN_POINT('',(42.9618551013977,-36.3105925773097,46.2859113840353));
#5187=CARTESIAN_POINT('Origin',(22.9618551013977,-36.4045618393882,46.3201133983679));
#5188=CARTESIAN_POINT('Origin',(42.9618551013977,-36.3105925773097,46.2859113840353));
#5189=CARTESIAN_POINT('',(42.9618551013977,-36.4474006346399,45.9100343357209));
#5190=CARTESIAN_POINT('',(42.9618551013977,-36.44740063464,45.9100343357209));
#5191=CARTESIAN_POINT('',(22.9618551013977,-36.4474006346399,45.9100343357209));
#5192=CARTESIAN_POINT('',(42.9618551013977,-36.4474006346399,45.9100343357209));
#5193=CARTESIAN_POINT('',(22.9618551013977,-36.44740063464,45.9100343357209));
#5194=CARTESIAN_POINT('Origin',(42.9618551013977,-35.977554324247,45.7390242640581));
#5195=CARTESIAN_POINT('',(42.9618551013977,-36.1485643959098,45.2691779536651));
#5196=CARTESIAN_POINT('Origin',(42.9618551013977,-35.977554324247,45.7390242640581));
#5197=CARTESIAN_POINT('',(22.9618551013977,-36.1485643959098,45.2691779536651));
#5198=CARTESIAN_POINT('',(42.9618551013977,-36.1485643959098,45.2691779536651));
#5199=CARTESIAN_POINT('Origin',(22.9618551013977,-35.977554324247,45.7390242640581));
#5200=CARTESIAN_POINT('Origin',(42.9618551013977,-36.1485643959098,45.2691779536651));
#5201=CARTESIAN_POINT('',(42.9618551013977,-35.208871775124,44.9271578103394));
#5202=CARTESIAN_POINT('',(42.9618551013977,-36.1485643959098,45.2691779536651));
#5203=CARTESIAN_POINT('',(22.9618551013977,-35.208871775124,44.9271578103395));
#5204=CARTESIAN_POINT('',(42.9618551013977,-35.208871775124,44.9271578103394));
#5205=CARTESIAN_POINT('',(22.9618551013977,-36.1485643959098,45.2691779536651));
#5206=CARTESIAN_POINT('Origin',(42.9618551013977,-35.0378617034611,45.3970041207324));
#5207=CARTESIAN_POINT('',(42.9618551013977,-34.5680153930682,45.2259940490696));
#5208=CARTESIAN_POINT('Origin',(42.9618551013977,-35.0378617034611,45.3970041207324));
#5209=CARTESIAN_POINT('',(22.9618551013977,-34.5680153930682,45.2259940490696));
#5210=CARTESIAN_POINT('',(42.9618551013977,-34.5680153930682,45.2259940490696));
#5211=CARTESIAN_POINT('Origin',(22.9618551013977,-35.0378617034611,45.3970041207324));
#5212=CARTESIAN_POINT('Origin',(42.9618551013977,-34.5680153930682,45.2259940490696));
#5213=CARTESIAN_POINT('',(42.9618551013977,-31.8318542464628,52.7435350153568));
#5214=CARTESIAN_POINT('',(42.9618551013977,-34.5680153930682,45.2259940490696));
#5215=CARTESIAN_POINT('',(22.9618551013977,-31.8318542464628,52.7435350153568));
#5216=CARTESIAN_POINT('',(42.9618551013977,-31.8318542464628,52.7435350153568));
#5217=CARTESIAN_POINT('',(22.9618551013977,-34.5680153930682,45.2259940490696));
#5218=CARTESIAN_POINT('Origin',(42.9618551013977,-32.3017005568558,52.9145450870197));
#5219=CARTESIAN_POINT('',(42.9618551013977,-32.1306904851929,53.3843913974126));
#5220=CARTESIAN_POINT('Origin',(42.9618551013977,-32.3017005568558,52.9145450870197));
#5221=CARTESIAN_POINT('',(22.9618551013977,-32.1306904851929,53.3843913974126));
#5222=CARTESIAN_POINT('',(42.9618551013977,-32.1306904851929,53.3843913974126));
#5223=CARTESIAN_POINT('Origin',(22.9618551013977,-32.3017005568558,52.9145450870197));
#5224=CARTESIAN_POINT('Origin',(42.9618551013977,-32.1306904851929,53.3843913974126));
#5225=CARTESIAN_POINT('',(42.9618551013977,-33.0703831059788,53.7264115407383));
#5226=CARTESIAN_POINT('',(42.9618551013977,-33.0703831059788,53.7264115407383));
#5227=CARTESIAN_POINT('',(22.9618551013977,-33.0703831059788,53.7264115407383));
#5228=CARTESIAN_POINT('',(42.9618551013977,-33.0703831059788,53.7264115407383));
#5229=CARTESIAN_POINT('',(22.9618551013977,-33.0703831059788,53.7264115407383));
#5230=CARTESIAN_POINT('Origin',(42.9618551013977,-33.2413931776416,53.2565652303453));
#5231=CARTESIAN_POINT('',(42.9618551013977,-33.7112394880346,53.4275753020082));
#5232=CARTESIAN_POINT('Origin',(42.9618551013977,-33.2413931776416,53.2565652303453));
#5233=CARTESIAN_POINT('',(22.9618551013977,-33.7112394880346,53.4275753020082));
#5234=CARTESIAN_POINT('',(42.9618551013977,-33.7112394880346,53.4275753020082));
#5235=CARTESIAN_POINT('Origin',(22.9618551013977,-33.2413931776416,53.2565652303453));
#5236=CARTESIAN_POINT('Origin',(42.9618551013977,-33.7112394880346,53.4275753020082));
#5237=CARTESIAN_POINT('',(42.9618551013977,-33.848047545159,53.0516982542594));
#5238=CARTESIAN_POINT('',(42.9618551013977,-33.848047545159,53.0516982542594));
#5239=CARTESIAN_POINT('',(22.9618551013977,-33.848047545159,53.0516982542594));
#5240=CARTESIAN_POINT('',(42.9618551013977,-33.848047545159,53.0516982542594));
#5241=CARTESIAN_POINT('',(22.9618551013977,-33.848047545159,53.0516982542594));
#5242=CARTESIAN_POINT('Origin',(42.9618551013977,-33.9420168072376,53.0859002685919));
#5243=CARTESIAN_POINT('',(42.9618551013977,-33.9762188215701,52.9919310065134));
#5244=CARTESIAN_POINT('Origin',(42.9618551013977,-33.9420168072376,53.0859002685919));
#5245=CARTESIAN_POINT('',(22.9618551013977,-33.9762188215701,52.9919310065134));
#5246=CARTESIAN_POINT('',(42.9618551013977,-33.9762188215701,52.9919310065134));
#5247=CARTESIAN_POINT('Origin',(22.9618551013977,-33.9420168072376,53.0859002685919));
#5248=CARTESIAN_POINT('Origin',(42.9618551013977,-33.9762188215701,52.9919310065134));
#5249=CARTESIAN_POINT('',(42.9618551013977,-50.2125870949764,58.9014857706174));
#5250=CARTESIAN_POINT('',(42.9618551013977,-50.2125870949764,58.9014857706174));
#5251=CARTESIAN_POINT('',(22.9618551013977,-50.2125870949764,58.9014857706174));
#5252=CARTESIAN_POINT('',(42.9618551013977,-50.2125870949764,58.9014857706174));
#5253=CARTESIAN_POINT('',(22.9618551013977,-50.2125870949764,58.9014857706174));
#5254=CARTESIAN_POINT('Origin',(42.9618551013977,-50.1783850806438,58.9954550326959));
#5255=CARTESIAN_POINT('',(42.9618551013977,-50.2723543427214,59.0296570470314));
#5256=CARTESIAN_POINT('Origin',(42.9618551013977,-50.1783850806438,58.9954550326959));
#5257=CARTESIAN_POINT('',(22.9618551013977,-50.2723543427214,59.0296570470314));
#5258=CARTESIAN_POINT('',(42.9618551013977,-50.2723543427214,59.0296570470314));
#5259=CARTESIAN_POINT('Origin',(22.9618551013977,-50.1783850806438,58.9954550326959));
#5260=CARTESIAN_POINT('Origin',(42.9618551013977,-50.2723543427214,59.0296570470314));
#5261=CARTESIAN_POINT('',(42.9618551013977,-50.1355462853805,59.4055340953387));
#5262=CARTESIAN_POINT('',(42.9618551013977,-50.1355462853805,59.4055340953387));
#5263=CARTESIAN_POINT('',(22.9618551013977,-50.1355462853805,59.4055340953387));
#5264=CARTESIAN_POINT('',(42.9618551013977,-50.1355462853805,59.4055340953387));
#5265=CARTESIAN_POINT('',(22.9618551013977,-50.1355462853805,59.4055340953387));
#5266=CARTESIAN_POINT('Origin',(42.9618551013977,-50.6053925957682,59.576544167016));
#5267=CARTESIAN_POINT('',(42.9618551013977,-50.4343825240908,60.0463904774037));
#5268=CARTESIAN_POINT('Origin',(42.9618551013977,-50.6053925957682,59.576544167016));
#5269=CARTESIAN_POINT('',(22.9618551013977,-50.4343825240908,60.0463904774037));
#5270=CARTESIAN_POINT('',(42.9618551013977,-50.4343825240908,60.0463904774037));
#5271=CARTESIAN_POINT('Origin',(22.9618551013977,-50.6053925957682,59.576544167016));
#5272=CARTESIAN_POINT('Origin',(42.9618551013977,-50.4343825240909,60.0463904774037));
#5273=CARTESIAN_POINT('',(42.9618551013977,-51.7378259942296,60.5208051026285));
#5274=CARTESIAN_POINT('',(42.9618551013977,-50.4343825240909,60.0463904774037));
#5275=CARTESIAN_POINT('',(22.9618551013977,-51.7378259942296,60.5208051026285));
#5276=CARTESIAN_POINT('',(42.9618551013977,-51.7378259942296,60.5208051026285));
#5277=CARTESIAN_POINT('',(22.9618551013977,-50.4343825240909,60.0463904774037));
#5278=CARTESIAN_POINT('Origin',(42.9618551013977,-51.908836065907,60.0509587922408));
#5279=CARTESIAN_POINT('',(42.9618551013977,-52.3178628722128,60.3385297777788));
#5280=CARTESIAN_POINT('Origin',(42.9618551013977,-51.908836065907,60.0509587922408));
#5281=CARTESIAN_POINT('',(22.9618551013977,-52.3178628722128,60.3385297777788));
#5282=CARTESIAN_POINT('',(42.9618551013977,-52.3178628722128,60.3385297777788));
#5283=CARTESIAN_POINT('Origin',(22.9618551013977,-51.908836065907,60.0509587922408));
#5284=CARTESIAN_POINT('Origin',(42.9618551013977,-52.3178628722128,60.3385297777788));
#5285=CARTESIAN_POINT('',(42.9618551013977,-57.083760080109,53.5597523205155));
#5286=CARTESIAN_POINT('',(42.9618551013977,-52.3178628722128,60.3385297777788));
#5287=CARTESIAN_POINT('',(22.9618551013977,-57.083760080109,53.5597523205155));
#5288=CARTESIAN_POINT('',(42.9618551013977,-57.083760080109,53.5597523205155));
#5289=CARTESIAN_POINT('',(22.9618551013977,-52.3178628722128,60.3385297777788));
#5290=CARTESIAN_POINT('Origin',(42.9618551013977,-56.6747332738032,53.2721813349776));
#5291=CARTESIAN_POINT('',(42.9618551013977,-56.845743345466,52.8023350245846));
#5292=CARTESIAN_POINT('Origin',(42.9618551013977,-56.6747332738032,53.2721813349776));
#5293=CARTESIAN_POINT('',(22.9618551013977,-56.845743345466,52.8023350245846));
#5294=CARTESIAN_POINT('',(42.9618551013977,-56.845743345466,52.8023350245846));
#5295=CARTESIAN_POINT('Origin',(22.9618551013977,-56.6747332738032,53.2721813349776));
#5296=CARTESIAN_POINT('Origin',(42.9618551013977,-56.845743345466,52.8023350245846));
#5297=CARTESIAN_POINT('',(42.9618551013977,-56.3034509471902,52.6049567333434));
#5298=CARTESIAN_POINT('',(22.9618551013977,-56.3034509471902,52.6049567333434));
#5299=CARTESIAN_POINT('Origin',(42.9618551013977,-29.0705520757113,91.1130807989973));
#5300=CARTESIAN_POINT('',(42.9618551013977,-29.2415621473741,90.6432344886044));
#5301=CARTESIAN_POINT('',(42.9618551013977,-28.6007057653183,90.9420707273345));
#5302=CARTESIAN_POINT('Origin',(42.9618551013977,-29.0705520757113,91.1130807989973));
#5303=CARTESIAN_POINT('',(22.9618551013977,-28.6007057653183,90.9420707273345));
#5304=CARTESIAN_POINT('',(42.9618551013977,-28.6007057653183,90.9420707273345));
#5305=CARTESIAN_POINT('',(22.9618551013977,-29.2415621473741,90.6432344886044));
#5306=CARTESIAN_POINT('Origin',(22.9618551013977,-29.0705520757113,91.1130807989973));
#5307=CARTESIAN_POINT('',(42.9618551013977,-29.2415621473741,90.6432344886044));
#5308=CARTESIAN_POINT('Origin',(42.9618551013977,-28.6007057653183,90.9420707273345));
#5309=CARTESIAN_POINT('',(42.9618551013977,-28.4638977079881,91.3179477756489));
#5310=CARTESIAN_POINT('',(42.9618551013977,-28.6007057653183,90.9420707273345));
#5311=CARTESIAN_POINT('',(22.9618551013977,-28.4638977079881,91.3179477756489));
#5312=CARTESIAN_POINT('',(42.9618551013977,-28.4638977079881,91.3179477756489));
#5313=CARTESIAN_POINT('',(22.9618551013977,-28.6007057653183,90.9420707273345));
#5314=CARTESIAN_POINT('Origin',(42.9618551013977,-28.3699284459095,91.2837457613163));
#5315=CARTESIAN_POINT('',(42.9618551013977,-28.3357264315769,91.3777150233949));
#5316=CARTESIAN_POINT('Origin',(42.9618551013977,-28.3699284459095,91.2837457613163));
#5317=CARTESIAN_POINT('',(22.9618551013977,-28.3357264315769,91.3777150233949));
#5318=CARTESIAN_POINT('',(42.9618551013977,-28.3357264315769,91.3777150233949));
#5319=CARTESIAN_POINT('Origin',(22.9618551013977,-28.3699284459095,91.2837457613163));
#5320=CARTESIAN_POINT('Origin',(42.9618551013977,-28.3357264315769,91.3777150233949));
#5321=CARTESIAN_POINT('',(42.9618551013977,-20.9794531916875,88.7002505289462));
#5322=CARTESIAN_POINT('',(42.9618551013977,-28.3357264315769,91.3777150233949));
#5323=CARTESIAN_POINT('',(22.9618551013977,-20.9794531916875,88.7002505289462));
#5324=CARTESIAN_POINT('',(42.9618551013977,-20.9794531916875,88.7002505289462));
#5325=CARTESIAN_POINT('',(22.9618551013977,-28.3357264315769,91.3777150233949));
#5326=CARTESIAN_POINT('Origin',(42.9618551013977,-21.0136552060201,88.6062812668676));
#5327=CARTESIAN_POINT('',(42.9618551013977,-20.9196859439415,88.572079252535));
#5328=CARTESIAN_POINT('Origin',(42.9618551013977,-21.0136552060201,88.6062812668676));
#5329=CARTESIAN_POINT('',(22.9618551013977,-20.9196859439415,88.572079252535));
#5330=CARTESIAN_POINT('',(42.9618551013977,-20.9196859439415,88.572079252535));
#5331=CARTESIAN_POINT('Origin',(22.9618551013977,-21.0136552060201,88.6062812668676));
#5332=CARTESIAN_POINT('Origin',(42.9618551013977,-20.9196859439415,88.572079252535));
#5333=CARTESIAN_POINT('',(42.9618551013977,-21.0564940012718,88.1962022042207));
#5334=CARTESIAN_POINT('',(42.9618551013977,-20.9196859439415,88.572079252535));
#5335=CARTESIAN_POINT('',(22.9618551013977,-21.0564940012718,88.1962022042207));
#5336=CARTESIAN_POINT('',(42.9618551013977,-21.0564940012718,88.1962022042207));
#5337=CARTESIAN_POINT('',(22.9618551013977,-20.9196859439415,88.572079252535));
#5338=CARTESIAN_POINT('Origin',(42.9618551013977,-20.5866476908788,88.0251921325578));
#5339=CARTESIAN_POINT('',(42.9618551013977,-20.7576577625417,87.5553458221649));
#5340=CARTESIAN_POINT('Origin',(42.9618551013977,-20.5866476908788,88.0251921325578));
#5341=CARTESIAN_POINT('',(22.9618551013977,-20.7576577625417,87.5553458221649));
#5342=CARTESIAN_POINT('',(42.9618551013977,-20.7576577625417,87.5553458221649));
#5343=CARTESIAN_POINT('Origin',(22.9618551013977,-20.5866476908788,88.0251921325578));
#5344=CARTESIAN_POINT('Origin',(42.9618551013977,-20.7576577625417,87.5553458221649));
#5345=CARTESIAN_POINT('',(42.9618551013977,-19.8179651417557,87.2133256788392));
#5346=CARTESIAN_POINT('',(42.9618551013977,-20.7576577625417,87.5553458221649));
#5347=CARTESIAN_POINT('',(22.9618551013977,-19.8179651417557,87.2133256788392));
#5348=CARTESIAN_POINT('',(42.9618551013977,-19.8179651417557,87.2133256788392));
#5349=CARTESIAN_POINT('',(22.9618551013977,-20.7576577625417,87.5553458221649));
#5350=CARTESIAN_POINT('Origin',(42.9618551013977,-19.6469550700929,87.6831719892321));
#5351=CARTESIAN_POINT('',(42.9618551013977,-19.1771087596999,87.5121619175693));
#5352=CARTESIAN_POINT('Origin',(42.9618551013977,-19.6469550700929,87.6831719892321));
#5353=CARTESIAN_POINT('',(22.9618551013977,-19.1771087596999,87.5121619175693));
#5354=CARTESIAN_POINT('',(42.9618551013977,-19.1771087596999,87.5121619175693));
#5355=CARTESIAN_POINT('Origin',(22.9618551013977,-19.6469550700929,87.6831719892321));
#5356=CARTESIAN_POINT('Origin',(42.9618551013977,-19.1771087596999,87.5121619175693));
#5357=CARTESIAN_POINT('',(42.9618551013977,-16.4409476130945,95.0297028838566));
#5358=CARTESIAN_POINT('',(42.9618551013977,-19.1771087596999,87.5121619175693));
#5359=CARTESIAN_POINT('',(22.9618551013977,-16.4409476130945,95.0297028838566));
#5360=CARTESIAN_POINT('',(42.9618551013977,-16.4409476130945,95.0297028838566));
#5361=CARTESIAN_POINT('',(22.9618551013977,-19.1771087596999,87.5121619175693));
#5362=CARTESIAN_POINT('Origin',(42.9618551013977,-16.9107939234875,95.2007129555194));
#5363=CARTESIAN_POINT('',(42.9618551013977,-16.7397838518247,95.6705592659124));
#5364=CARTESIAN_POINT('Origin',(42.9618551013977,-16.9107939234875,95.2007129555194));
#5365=CARTESIAN_POINT('',(22.9618551013977,-16.7397838518247,95.6705592659124));
#5366=CARTESIAN_POINT('',(42.9618551013977,-16.7397838518247,95.6705592659124));
#5367=CARTESIAN_POINT('Origin',(22.9618551013977,-16.9107939234875,95.2007129555194));
#5368=CARTESIAN_POINT('Origin',(42.9618551013977,-16.7397838518247,95.6705592659124));
#5369=CARTESIAN_POINT('',(42.9618551013977,-17.6794764726106,96.012579409238));
#5370=CARTESIAN_POINT('',(42.9618551013977,-17.6794764726106,96.012579409238));
#5371=CARTESIAN_POINT('',(22.9618551013977,-17.6794764726106,96.012579409238));
#5372=CARTESIAN_POINT('',(42.9618551013977,-17.6794764726106,96.012579409238));
#5373=CARTESIAN_POINT('',(22.9618551013977,-17.6794764726106,96.012579409238));
#5374=CARTESIAN_POINT('Origin',(42.9618551013977,-17.8504865442734,95.5427330988451));
#5375=CARTESIAN_POINT('',(42.9618551013977,-18.3203328546664,95.7137431705079));
#5376=CARTESIAN_POINT('Origin',(42.9618551013977,-17.8504865442734,95.5427330988451));
#5377=CARTESIAN_POINT('',(22.9618551013977,-18.3203328546664,95.7137431705079));
#5378=CARTESIAN_POINT('',(42.9618551013977,-18.3203328546664,95.7137431705079));
#5379=CARTESIAN_POINT('Origin',(22.9618551013977,-17.8504865442734,95.5427330988451));
#5380=CARTESIAN_POINT('Origin',(42.9618551013977,-18.3203328546664,95.7137431705079));
#5381=CARTESIAN_POINT('',(42.9618551013977,-18.4571409119966,95.3378661221936));
#5382=CARTESIAN_POINT('',(42.9618551013977,-18.3203328546664,95.7137431705079));
#5383=CARTESIAN_POINT('',(22.9618551013977,-18.4571409119966,95.3378661221936));
#5384=CARTESIAN_POINT('',(42.9618551013977,-18.4571409119966,95.3378661221936));
#5385=CARTESIAN_POINT('',(22.9618551013977,-18.3203328546664,95.7137431705079));
#5386=CARTESIAN_POINT('Origin',(42.9618551013977,-18.5511101740752,95.3720681365261));
#5387=CARTESIAN_POINT('',(42.9618551013977,-18.5853121884078,95.2780988744475));
#5388=CARTESIAN_POINT('Origin',(42.9618551013977,-18.5511101740752,95.3720681365261));
#5389=CARTESIAN_POINT('',(22.9618551013977,-18.5853121884078,95.2780988744475));
#5390=CARTESIAN_POINT('',(42.9618551013977,-18.5853121884078,95.2780988744475));
#5391=CARTESIAN_POINT('Origin',(22.9618551013977,-18.5511101740752,95.3720681365261));
#5392=CARTESIAN_POINT('Origin',(42.9618551013977,-18.5853121884078,95.2780988744475));
#5393=CARTESIAN_POINT('',(42.9618551013977,-23.4044153521752,97.032108981917));
#5394=CARTESIAN_POINT('',(42.9618551013977,-18.5853121884078,95.2780988744475));
#5395=CARTESIAN_POINT('',(22.9618551013977,-23.4044153521752,97.032108981917));
#5396=CARTESIAN_POINT('',(42.9618551013977,-23.4044153521752,97.032108981917));
#5397=CARTESIAN_POINT('',(22.9618551013977,-18.5853121884078,95.2780988744475));
#5398=CARTESIAN_POINT('Origin',(42.9618551013977,-23.3702133378427,97.1260782439956));
#5399=CARTESIAN_POINT('',(42.9618551013977,-23.4641825999212,97.1602802583281));
#5400=CARTESIAN_POINT('Origin',(42.9618551013977,-23.3702133378427,97.1260782439956));
#5401=CARTESIAN_POINT('',(22.9618551013977,-23.4641825999212,97.1602802583281));
#5402=CARTESIAN_POINT('',(42.9618551013977,-23.4641825999212,97.1602802583281));
#5403=CARTESIAN_POINT('Origin',(22.9618551013977,-23.3702133378427,97.1260782439956));
#5404=CARTESIAN_POINT('Origin',(42.9618551013977,-23.4641825999212,97.1602802583281));
#5405=CARTESIAN_POINT('',(42.9618551013977,-23.327374542591,97.5361573066425));
#5406=CARTESIAN_POINT('',(42.9618551013977,-23.4641825999212,97.1602802583281));
#5407=CARTESIAN_POINT('',(22.9618551013977,-23.327374542591,97.5361573066425));
#5408=CARTESIAN_POINT('',(42.9618551013977,-23.327374542591,97.5361573066425));
#5409=CARTESIAN_POINT('',(22.9618551013977,-23.4641825999212,97.1602802583281));
#5410=CARTESIAN_POINT('Origin',(42.9618551013977,-23.7972208529839,97.7071673783054));
#5411=CARTESIAN_POINT('',(42.9618551013977,-23.6262107813211,98.1770136886983));
#5412=CARTESIAN_POINT('Origin',(42.9618551013977,-23.7972208529839,97.7071673783054));
#5413=CARTESIAN_POINT('',(22.9618551013977,-23.6262107813211,98.1770136886983));
#5414=CARTESIAN_POINT('',(42.9618551013977,-23.6262107813211,98.1770136886983));
#5415=CARTESIAN_POINT('Origin',(22.9618551013977,-23.7972208529839,97.7071673783054));
#5416=CARTESIAN_POINT('Origin',(42.9618551013977,-23.6262107813211,98.1770136886983));
#5417=CARTESIAN_POINT('',(42.9618551013977,-24.9296542515172,98.6514283138983));
#5418=CARTESIAN_POINT('',(42.9618551013977,-23.6262107813211,98.1770136886983));
#5419=CARTESIAN_POINT('',(22.9618551013977,-24.9296542515172,98.6514283138983));
#5420=CARTESIAN_POINT('',(42.9618551013977,-24.9296542515172,98.6514283138983));
#5421=CARTESIAN_POINT('',(22.9618551013977,-23.6262107813211,98.1770136886983));
#5422=CARTESIAN_POINT('Origin',(42.9618551013977,-25.10066432318,98.1815820035054));
#5423=CARTESIAN_POINT('',(42.9618551013977,-25.5096911294858,98.4691529890433));
#5424=CARTESIAN_POINT('Origin',(42.9618551013977,-25.10066432318,98.1815820035054));
#5425=CARTESIAN_POINT('',(22.9618551013977,-25.5096911294858,98.4691529890433));
#5426=CARTESIAN_POINT('',(42.9618551013977,-25.5096911294858,98.4691529890433));
#5427=CARTESIAN_POINT('Origin',(22.9618551013977,-25.10066432318,98.1815820035054));
#5428=CARTESIAN_POINT('Origin',(42.9618551013977,-25.5096911294858,98.4691529890433));
#5429=CARTESIAN_POINT('',(42.9618551013977,-30.2755883369888,91.6903755323395));
#5430=CARTESIAN_POINT('',(42.9618551013977,-30.2755883369888,91.6903755323395));
#5431=CARTESIAN_POINT('',(22.9618551013977,-30.2755883369888,91.6903755323395));
#5432=CARTESIAN_POINT('',(42.9618551013977,-30.2755883369888,91.6903755323395));
#5433=CARTESIAN_POINT('',(22.9618551013977,-30.2755883369888,91.6903755323395));
#5434=CARTESIAN_POINT('Origin',(42.9618551013977,-29.866561530683,91.4028045468015));
#5435=CARTESIAN_POINT('',(42.9618551013977,-30.0375716023458,90.9329582364086));
#5436=CARTESIAN_POINT('Origin',(42.9618551013977,-29.866561530683,91.4028045468015));
#5437=CARTESIAN_POINT('',(22.9618551013977,-30.0375716023458,90.9329582364086));
#5438=CARTESIAN_POINT('',(42.9618551013977,-30.0375716023458,90.9329582364086));
#5439=CARTESIAN_POINT('Origin',(22.9618551013977,-29.866561530683,91.4028045468015));
#5440=CARTESIAN_POINT('Origin',(42.9618551013977,-30.0375716023458,90.9329582364086));
#5441=CARTESIAN_POINT('',(42.9618551013977,-30.0375716023458,90.9329582364086));
#5442=CARTESIAN_POINT('',(22.9618551013977,-30.0375716023458,90.9329582364086));
#5443=CARTESIAN_POINT('Origin',(42.9618551013977,-57.1585013055044,50.2557251813786));
#5444=CARTESIAN_POINT('',(42.9618551013977,-56.6886549951114,50.0847151097158));
#5445=CARTESIAN_POINT('',(42.9618551013977,-56.9874912338415,50.7255714917715));
#5446=CARTESIAN_POINT('Origin',(42.9618551013977,-57.1585013055044,50.2557251813786));
#5447=CARTESIAN_POINT('',(22.9618551013977,-56.9874912338415,50.7255714917715));
#5448=CARTESIAN_POINT('',(42.9618551013977,-56.9874912338415,50.7255714917715));
#5449=CARTESIAN_POINT('',(22.9618551013977,-56.6886549951114,50.0847151097158));
#5450=CARTESIAN_POINT('Origin',(22.9618551013977,-57.1585013055044,50.2557251813786));
#5451=CARTESIAN_POINT('',(42.9618551013977,-56.6886549951114,50.0847151097158));
#5452=CARTESIAN_POINT('Origin',(42.9618551013977,-56.9874912338415,50.7255714917715));
#5453=CARTESIAN_POINT('',(42.9618551013977,-58.2909346553413,51.1999860992475));
#5454=CARTESIAN_POINT('',(42.9618551013977,-56.9874912338415,50.7255714917715));
#5455=CARTESIAN_POINT('',(22.9618551013977,-58.2909346553413,51.1999860992475));
#5456=CARTESIAN_POINT('',(42.9618551013977,-58.2909346553413,51.1999860992475));
#5457=CARTESIAN_POINT('',(22.9618551013977,-56.9874912338415,50.7255714917715));
#5458=CARTESIAN_POINT('Origin',(42.9618551013977,-58.4619447270041,50.7301397888546));
#5459=CARTESIAN_POINT('',(42.9618551013977,-58.8709715332834,51.0177107744303));
#5460=CARTESIAN_POINT('Origin',(42.9618551013977,-58.4619447270041,50.7301397888546));
#5461=CARTESIAN_POINT('',(22.9618551013977,-58.8709715332834,51.0177107744303));
#5462=CARTESIAN_POINT('',(42.9618551013977,-58.8709715332834,51.0177107744303));
#5463=CARTESIAN_POINT('Origin',(22.9618551013977,-58.4619447270041,50.7301397888546));
#5464=CARTESIAN_POINT('Origin',(42.9618551013977,-58.8709715332834,51.0177107744303));
#5465=CARTESIAN_POINT('',(22.9618551013977,-59.7671188776338,49.7430749293658));
#5466=CARTESIAN_POINT('',(42.9618551013977,-59.7671188776338,49.7430749293658));
#5467=CARTESIAN_POINT('',(42.9618551013977,-59.7671188776338,49.7430749293658));
#5468=CARTESIAN_POINT('',(22.9618551013977,-58.8709715332834,51.0177107744303));
#5469=CARTESIAN_POINT('',(42.9618551013977,-58.8709715332834,51.0177107744303));
#5470=CARTESIAN_POINT('Origin',(42.9618551013977,-36.0639223092673,42.577925775288));
#5471=CARTESIAN_POINT('',(42.9618551013977,-35.5940759988743,42.4069157036252));
#5472=CARTESIAN_POINT('',(42.9618551013977,-35.8929122376045,43.047772085681));
#5473=CARTESIAN_POINT('Origin',(42.9618551013977,-36.0639223092673,42.577925775288));
#5474=CARTESIAN_POINT('',(22.9618551013977,-35.8929122376045,43.047772085681));
#5475=CARTESIAN_POINT('',(42.9618551013977,-35.8929122376045,43.047772085681));
#5476=CARTESIAN_POINT('',(22.9618551013977,-35.5940759988743,42.4069157036252));
#5477=CARTESIAN_POINT('Origin',(22.9618551013977,-36.0639223092673,42.577925775288));
#5478=CARTESIAN_POINT('',(42.9618551013977,-35.5940759988743,42.4069157036252));
#5479=CARTESIAN_POINT('Origin',(42.9618551013977,-35.8929122376045,43.047772085681));
#5480=CARTESIAN_POINT('',(42.9618551013977,-36.8325976035919,43.389789588476));
#5481=CARTESIAN_POINT('',(42.9618551013977,-35.8929122376045,43.047772085681));
#5482=CARTESIAN_POINT('',(22.9618551013977,-36.8325976035919,43.389789588476));
#5483=CARTESIAN_POINT('',(42.9618551013977,-36.8325976035919,43.389789588476));
#5484=CARTESIAN_POINT('',(22.9618551013977,-35.8929122376045,43.047772085681));
#5485=CARTESIAN_POINT('Origin',(42.9618551013977,-37.0036076752547,42.9199432780832));
#5486=CARTESIAN_POINT('',(42.9618551013977,-37.473456305834,43.0909469749515));
#5487=CARTESIAN_POINT('Origin',(42.9618551013977,-37.0036076752547,42.9199432780832));
#5488=CARTESIAN_POINT('',(22.9618551013977,-37.473456305834,43.0909469749515));
#5489=CARTESIAN_POINT('',(42.9618551013977,-37.473456305834,43.0909469749515));
#5490=CARTESIAN_POINT('Origin',(22.9618551013977,-37.0036076752547,42.9199432780832));
#5491=CARTESIAN_POINT('Origin',(42.9618551013977,-37.473456305834,43.0909469749515));
#5492=CARTESIAN_POINT('',(42.9618551013977,-37.6102691219473,42.7150794250488));
#5493=CARTESIAN_POINT('',(42.9618551013977,-37.473456305834,43.0909469749515));
#5494=CARTESIAN_POINT('',(22.9618551013977,-37.6102691219473,42.7150794250488));
#5495=CARTESIAN_POINT('',(42.9618551013977,-37.6102691219473,42.7150794250488));
#5496=CARTESIAN_POINT('',(22.9618551013977,-37.473456305834,43.0909469749515));
#5497=CARTESIAN_POINT('Origin',(42.9618551013977,-37.7042383840258,42.7492814393813));
#5498=CARTESIAN_POINT('',(42.9618551013977,-37.7384403983584,42.6553121773028));
#5499=CARTESIAN_POINT('Origin',(42.9618551013977,-37.7042383840258,42.7492814393813));
#5500=CARTESIAN_POINT('',(22.9618551013977,-37.7384403983584,42.6553121773028));
#5501=CARTESIAN_POINT('',(42.9618551013977,-37.7384403983584,42.6553121773028));
#5502=CARTESIAN_POINT('Origin',(22.9618551013977,-37.7042383840258,42.7492814393813));
#5503=CARTESIAN_POINT('Origin',(42.9618551013977,-37.7384403983584,42.6553121773028));
#5504=CARTESIAN_POINT('',(42.9618551013977,-56.7656958046957,49.5806667849902));
#5505=CARTESIAN_POINT('',(42.9618551013977,-56.7656958046957,49.5806667849902));
#5506=CARTESIAN_POINT('',(22.9618551013977,-56.7656958046957,49.5806667849902));
#5507=CARTESIAN_POINT('',(42.9618551013977,-56.7656958046957,49.5806667849902));
#5508=CARTESIAN_POINT('',(22.9618551013977,-56.7656958046957,49.5806667849902));
#5509=CARTESIAN_POINT('Origin',(42.9618551013977,-56.7314937903631,49.6746360470688));
#5510=CARTESIAN_POINT('',(42.9618551013977,-56.8254630524417,49.7088380614014));
#5511=CARTESIAN_POINT('Origin',(42.9618551013977,-56.7314937903631,49.6746360470688));
#5512=CARTESIAN_POINT('',(22.9618551013977,-56.8254630524417,49.7088380614014));
#5513=CARTESIAN_POINT('',(42.9618551013977,-56.8254630524417,49.7088380614014));
#5514=CARTESIAN_POINT('Origin',(22.9618551013977,-56.7314937903631,49.6746360470688));
#5515=CARTESIAN_POINT('Origin',(42.9618551013977,-56.8254630524417,49.7088380614014));
#5516=CARTESIAN_POINT('',(42.9618551013977,-56.6886549951114,50.0847151097158));
#5517=CARTESIAN_POINT('',(22.9618551013977,-56.6886549951114,50.0847151097158));
#5518=CARTESIAN_POINT('Origin',(42.9618551013977,-21.6127081208558,85.2061142702001));
#5519=CARTESIAN_POINT('',(42.9618551013977,-21.441698049193,85.6759605805931));
#5520=CARTESIAN_POINT('',(42.9618551013977,-22.0825544312488,85.377124341863));
#5521=CARTESIAN_POINT('Origin',(42.9618551013977,-21.6127081208558,85.2061142702001));
#5522=CARTESIAN_POINT('',(22.9618551013977,-22.0825544312488,85.377124341863));
#5523=CARTESIAN_POINT('',(42.9618551013977,-22.0825544312488,85.377124341863));
#5524=CARTESIAN_POINT('',(22.9618551013977,-21.441698049193,85.6759605805931));
#5525=CARTESIAN_POINT('Origin',(22.9618551013977,-21.6127081208558,85.2061142702001));
#5526=CARTESIAN_POINT('',(42.9618551013977,-21.441698049193,85.6759605805931));
#5527=CARTESIAN_POINT('Origin',(42.9618551013977,-22.0825544312488,85.377124341863));
#5528=CARTESIAN_POINT('',(42.9618551013977,-22.219362488579,85.0012472935486));
#5529=CARTESIAN_POINT('',(42.9618551013977,-22.0825544312488,85.377124341863));
#5530=CARTESIAN_POINT('',(22.9618551013977,-22.219362488579,85.0012472935486));
#5531=CARTESIAN_POINT('',(42.9618551013977,-22.219362488579,85.0012472935486));
#5532=CARTESIAN_POINT('',(22.9618551013977,-22.0825544312488,85.377124341863));
#5533=CARTESIAN_POINT('Origin',(42.9618551013977,-22.3133317506576,85.0354493078811));
#5534=CARTESIAN_POINT('',(42.9618551013977,-22.3475337649902,84.9414800458025));
#5535=CARTESIAN_POINT('Origin',(42.9618551013977,-22.3133317506576,85.0354493078811));
#5536=CARTESIAN_POINT('',(22.9618551013977,-22.3475337649902,84.9414800458025));
#5537=CARTESIAN_POINT('',(42.9618551013977,-22.3475337649902,84.9414800458025));
#5538=CARTESIAN_POINT('Origin',(22.9618551013977,-22.3133317506576,85.0354493078811));
#5539=CARTESIAN_POINT('Origin',(42.9618551013977,-22.3475337649902,84.9414800458025));
#5540=CARTESIAN_POINT('',(42.9618551013977,-29.7038070048796,87.6189445402513));
#5541=CARTESIAN_POINT('',(42.9618551013977,-22.3475337649902,84.9414800458025));
#5542=CARTESIAN_POINT('',(22.9618551013977,-29.7038070048796,87.6189445402513));
#5543=CARTESIAN_POINT('',(42.9618551013977,-29.7038070048796,87.6189445402513));
#5544=CARTESIAN_POINT('',(22.9618551013977,-22.3475337649902,84.9414800458025));
#5545=CARTESIAN_POINT('Origin',(42.9618551013977,-29.669604990547,87.7129138023299));
#5546=CARTESIAN_POINT('',(42.9618551013977,-29.7635742526256,87.7471158166624));
#5547=CARTESIAN_POINT('Origin',(42.9618551013977,-29.669604990547,87.7129138023299));
#5548=CARTESIAN_POINT('',(22.9618551013977,-29.7635742526256,87.7471158166624));
#5549=CARTESIAN_POINT('',(42.9618551013977,-29.7635742526256,87.7471158166624));
#5550=CARTESIAN_POINT('Origin',(22.9618551013977,-29.669604990547,87.7129138023299));
#5551=CARTESIAN_POINT('Origin',(42.9618551013977,-29.7635742526256,87.7471158166624));
#5552=CARTESIAN_POINT('',(42.9618551013977,-29.6267661952953,88.1229928649768));
#5553=CARTESIAN_POINT('',(42.9618551013977,-29.7635742526256,87.7471158166624));
#5554=CARTESIAN_POINT('',(22.9618551013977,-29.6267661952953,88.1229928649768));
#5555=CARTESIAN_POINT('',(42.9618551013977,-29.6267661952953,88.1229928649768));
#5556=CARTESIAN_POINT('',(22.9618551013977,-29.7635742526256,87.7471158166624));
#5557=CARTESIAN_POINT('Origin',(42.9618551013977,-30.0966125056882,88.2940029366397));
#5558=CARTESIAN_POINT('',(42.9618551013977,-29.9256024340254,88.7638492470326));
#5559=CARTESIAN_POINT('Origin',(42.9618551013977,-30.0966125056882,88.2940029366397));
#5560=CARTESIAN_POINT('',(22.9618551013977,-29.9256024340254,88.7638492470326));
#5561=CARTESIAN_POINT('',(42.9618551013977,-29.9256024340254,88.7638492470326));
#5562=CARTESIAN_POINT('Origin',(22.9618551013977,-30.0966125056882,88.2940029366397));
#5563=CARTESIAN_POINT('Origin',(42.9618551013977,-29.9256024340254,88.7638492470326));
#5564=CARTESIAN_POINT('',(42.9618551013977,-31.4827629118337,89.3306093109306));
#5565=CARTESIAN_POINT('',(42.9618551013977,-29.9256024340254,88.7638492470326));
#5566=CARTESIAN_POINT('',(22.9618551013977,-31.4827629118337,89.3306093109306));
#5567=CARTESIAN_POINT('',(42.9618551013977,-31.4827629118337,89.3306093109306));
#5568=CARTESIAN_POINT('',(22.9618551013977,-29.9256024340254,88.7638492470326));
#5569=CARTESIAN_POINT('Origin',(42.9618551013977,-31.6537729834966,88.8607630005376));
#5570=CARTESIAN_POINT('',(42.9618551013977,-32.0627997898024,89.1483339860756));
#5571=CARTESIAN_POINT('Origin',(42.9618551013977,-31.6537729834966,88.8607630005376));
#5572=CARTESIAN_POINT('',(22.9618551013977,-32.0627997898024,89.1483339860756));
#5573=CARTESIAN_POINT('',(42.9618551013977,-32.0627997898024,89.1483339860756));
#5574=CARTESIAN_POINT('Origin',(22.9618551013977,-31.6537729834966,88.8607630005376));
#5575=CARTESIAN_POINT('Origin',(42.9618551013977,-32.0627997898024,89.1483339860756));
#5576=CARTESIAN_POINT('',(42.9618551013977,-37.4244337398931,81.5222099281008));
#5577=CARTESIAN_POINT('',(42.9618551013977,-37.4244337398931,81.5222099281008));
#5578=CARTESIAN_POINT('',(22.9618551013977,-37.4244337398931,81.5222099281008));
#5579=CARTESIAN_POINT('',(42.9618551013977,-37.4244337398931,81.5222099281008));
#5580=CARTESIAN_POINT('',(22.9618551013977,-37.4244337398931,81.5222099281008));
#5581=CARTESIAN_POINT('Origin',(42.9618551013977,-37.0154069335873,81.2346389425628));
#5582=CARTESIAN_POINT('',(42.9618551013977,-37.1864170052501,80.7647926321699));
#5583=CARTESIAN_POINT('Origin',(42.9618551013977,-37.0154069335873,81.2346389425628));
#5584=CARTESIAN_POINT('',(22.9618551013977,-37.1864170052501,80.7647926321699));
#5585=CARTESIAN_POINT('',(42.9618551013977,-37.1864170052501,80.7647926321699));
#5586=CARTESIAN_POINT('Origin',(22.9618551013977,-37.0154069335873,81.2346389425628));
#5587=CARTESIAN_POINT('Origin',(42.9618551013977,-37.1864170052501,80.7647926321699));
#5588=CARTESIAN_POINT('',(42.9618551013977,-36.6441245578906,80.5674143230637));
#5589=CARTESIAN_POINT('',(42.9618551013977,-36.6441245578907,80.5674143230636));
#5590=CARTESIAN_POINT('',(22.9618551013977,-36.6441245578906,80.5674143230637));
#5591=CARTESIAN_POINT('',(42.9618551013977,-36.6441245578906,80.5674143230637));
#5592=CARTESIAN_POINT('',(22.9618551013977,-36.6441245578907,80.5674143230636));
#5593=CARTESIAN_POINT('Origin',(42.9618551013977,-36.4731144862278,81.0372606334566));
#5594=CARTESIAN_POINT('',(42.9618551013977,-36.0032681758349,80.8662505617938));
#5595=CARTESIAN_POINT('Origin',(42.9618551013977,-36.4731144862278,81.0372606334566));
#5596=CARTESIAN_POINT('',(22.9618551013977,-36.0032681758349,80.8662505617938));
#5597=CARTESIAN_POINT('',(42.9618551013977,-36.0032681758349,80.8662505617938));
#5598=CARTESIAN_POINT('Origin',(22.9618551013977,-36.4731144862278,81.0372606334566));
#5599=CARTESIAN_POINT('Origin',(42.9618551013977,-36.0032681758348,80.8662505617938));
#5600=CARTESIAN_POINT('',(42.9618551013977,-35.8664601185046,81.2421276101081));
#5601=CARTESIAN_POINT('',(42.9618551013977,-35.8664601185046,81.2421276101081));
#5602=CARTESIAN_POINT('',(22.9618551013977,-35.8664601185046,81.2421276101081));
#5603=CARTESIAN_POINT('',(42.9618551013977,-35.8664601185046,81.2421276101081));
#5604=CARTESIAN_POINT('',(22.9618551013977,-35.8664601185046,81.2421276101081));
#5605=CARTESIAN_POINT('Origin',(42.9618551013977,-35.772490856426,81.2079255957756));
#5606=CARTESIAN_POINT('',(42.9618551013977,-35.7382888420935,81.3018948578542));
#5607=CARTESIAN_POINT('Origin',(42.9618551013977,-35.772490856426,81.2079255957756));
#5608=CARTESIAN_POINT('',(22.9618551013977,-35.7382888420935,81.3018948578542));
#5609=CARTESIAN_POINT('',(42.9618551013977,-35.7382888420935,81.3018948578542));
#5610=CARTESIAN_POINT('Origin',(22.9618551013977,-35.772490856426,81.2079255957756));
#5611=CARTESIAN_POINT('Origin',(42.9618551013977,-35.7382888420934,81.3018948578542));
#5612=CARTESIAN_POINT('',(42.9618551013977,-25.0836949168798,77.4239398108829));
#5613=CARTESIAN_POINT('',(42.9618551013977,-25.0836949168798,77.4239398108829));
#5614=CARTESIAN_POINT('',(22.9618551013977,-25.0836949168798,77.4239398108829));
#5615=CARTESIAN_POINT('',(42.9618551013977,-25.0836949168798,77.4239398108829));
#5616=CARTESIAN_POINT('',(22.9618551013977,-25.0836949168798,77.4239398108829));
#5617=CARTESIAN_POINT('Origin',(42.9618551013977,-25.1178969312124,77.3299705488043));
#5618=CARTESIAN_POINT('',(42.9618551013977,-25.0239276691338,77.2957685344717));
#5619=CARTESIAN_POINT('Origin',(42.9618551013977,-25.1178969312124,77.3299705488043));
#5620=CARTESIAN_POINT('',(22.9618551013977,-25.0239276691338,77.2957685344717));
#5621=CARTESIAN_POINT('',(42.9618551013977,-25.0239276691338,77.2957685344717));
#5622=CARTESIAN_POINT('Origin',(22.9618551013977,-25.1178969312124,77.3299705488043));
#5623=CARTESIAN_POINT('Origin',(42.9618551013977,-25.0239276691338,77.2957685344717));
#5624=CARTESIAN_POINT('',(42.9618551013977,-25.1607356653061,76.9198916541875));
#5625=CARTESIAN_POINT('',(42.9618551013977,-25.1607356653061,76.9198916541875));
#5626=CARTESIAN_POINT('',(22.9618551013977,-25.1607356653061,76.9198916541875));
#5627=CARTESIAN_POINT('',(42.9618551013977,-25.1607356653061,76.9198916541875));
#5628=CARTESIAN_POINT('',(22.9618551013977,-25.1607356653061,76.9198916541875));
#5629=CARTESIAN_POINT('Origin',(42.9618551013977,-24.6908893549131,76.7488815825247));
#5630=CARTESIAN_POINT('',(42.9618551013977,-24.861899426576,76.2790352721317));
#5631=CARTESIAN_POINT('Origin',(42.9618551013977,-24.6908893549131,76.7488815825247));
#5632=CARTESIAN_POINT('',(22.9618551013977,-24.861899426576,76.2790352721317));
#5633=CARTESIAN_POINT('',(42.9618551013977,-24.861899426576,76.2790352721317));
#5634=CARTESIAN_POINT('Origin',(22.9618551013977,-24.6908893549131,76.7488815825247));
#5635=CARTESIAN_POINT('Origin',(42.9618551013977,-24.861899426576,76.2790352721317));
#5636=CARTESIAN_POINT('',(42.9618551013977,-23.8282373039914,75.9028130272131));
#5637=CARTESIAN_POINT('',(42.9618551013977,-23.8282373039914,75.9028130272131));
#5638=CARTESIAN_POINT('',(22.9618551013977,-23.8282373039914,75.9028130272131));
#5639=CARTESIAN_POINT('',(42.9618551013977,-23.8282373039914,75.9028130272131));
#5640=CARTESIAN_POINT('',(22.9618551013977,-23.8282373039914,75.9028130272131));
#5641=CARTESIAN_POINT('Origin',(42.9618551013977,-23.6914292466611,76.2786900755275));
#5642=CARTESIAN_POINT('',(42.9618551013977,-23.3155521983467,76.1418820181972));
#5643=CARTESIAN_POINT('Origin',(42.9618551013977,-23.6914292466611,76.2786900755275));
#5644=CARTESIAN_POINT('',(22.9618551013977,-23.3155521983467,76.1418820181972));
#5645=CARTESIAN_POINT('',(42.9618551013977,-23.3155521983467,76.1418820181972));
#5646=CARTESIAN_POINT('Origin',(22.9618551013977,-23.6914292466611,76.2786900755275));
#5647=CARTESIAN_POINT('Origin',(42.9618551013977,-23.3155521983466,76.1418820181972));
#5648=CARTESIAN_POINT('',(42.9618551013977,-20.203169189677,84.6930840552116));
#5649=CARTESIAN_POINT('',(42.9618551013977,-20.6053431362282,83.5881202183691));
#5650=CARTESIAN_POINT('',(22.9618551013977,-20.203169189677,84.6930840552116));
#5651=CARTESIAN_POINT('',(42.9618551013977,-20.203169189677,84.6930840552116));
#5652=CARTESIAN_POINT('',(22.9618551013977,-20.6053431362282,83.5881202183691));
#5653=CARTESIAN_POINT('Origin',(42.9618551013977,-20.6730155000699,84.8640941268744));
#5654=CARTESIAN_POINT('',(42.9618551013977,-20.5020054284071,85.3339404372674));
#5655=CARTESIAN_POINT('Origin',(42.9618551013977,-20.6730155000699,84.8640941268744));
#5656=CARTESIAN_POINT('',(22.9618551013977,-20.5020054284071,85.3339404372674));
#5657=CARTESIAN_POINT('',(42.9618551013977,-20.5020054284071,85.3339404372674));
#5658=CARTESIAN_POINT('Origin',(22.9618551013977,-20.6730155000699,84.8640941268744));
#5659=CARTESIAN_POINT('Origin',(42.9618551013977,-20.5020054284071,85.3339404372674));
#5660=CARTESIAN_POINT('',(42.9618551013977,-20.5020054284071,85.3339404372674));
#5661=CARTESIAN_POINT('',(22.9618551013977,-20.5020054284071,85.3339404372674));
#5662=CARTESIAN_POINT('Origin',(42.9618551013977,-36.1071060380337,40.997377255533));
#5663=CARTESIAN_POINT('',(42.9618551013977,-36.0729040237011,41.0913465176116));
#5664=CARTESIAN_POINT('',(22.9618551013977,-36.0729040237011,41.0913465176116));
#5665=CARTESIAN_POINT('',(42.9618551013977,-36.0729040237011,41.0913465176116));
#5666=CARTESIAN_POINT('',(42.9618551013977,-36.1071060380337,40.997377255533));
#5667=CARTESIAN_POINT('',(22.9618551013977,-36.1071060380337,40.997377255533));
#5668=CARTESIAN_POINT('Origin',(42.9618551013977,-36.1668732857797,41.1255485319441));
#5669=CARTESIAN_POINT('',(42.9618551013977,-36.2010753001123,41.0315792698655));
#5670=CARTESIAN_POINT('Origin',(42.9618551013977,-36.1668732857797,41.1255485319441));
#5671=CARTESIAN_POINT('',(22.9618551013977,-36.2010753001123,41.0315792698655));
#5672=CARTESIAN_POINT('Origin',(22.9618551013977,-36.1668732857797,41.1255485319441));
#5673=CARTESIAN_POINT('',(42.9618551013977,-36.2010753001123,41.0315792698655));
#5674=CARTESIAN_POINT('Origin',(42.9618551013977,-59.8422214259636,49.6362527636132));
#5675=CARTESIAN_POINT('',(42.9618551013977,-59.7195155307105,49.591591470172));
#5676=CARTESIAN_POINT('',(22.9618551013977,-59.7195155307105,49.591591470172));
#5677=CARTESIAN_POINT('',(42.9618551013977,-59.7195155307105,49.591591470172));
#5678=CARTESIAN_POINT('',(42.9618551013977,-47.5940882448527,45.1782968603606));
#5679=CARTESIAN_POINT('',(22.9618551013977,-47.5940882448527,45.1782968603606));
#5680=CARTESIAN_POINT('Origin',(42.9618551013977,-59.6853135163779,49.6855607322507));
#5681=CARTESIAN_POINT('Origin',(42.9618551013977,-59.6853135163779,49.6855607322507));
#5682=CARTESIAN_POINT('Origin',(22.9618551013977,-59.6853135163779,49.6855607322507));
#5683=CARTESIAN_POINT('Origin',(42.9618551013977,-32.2916680005088,80.5795156162064));
#5684=CARTESIAN_POINT('',(42.9618551013977,-22.681982241257,105.276941572737));
#5685=CARTESIAN_POINT('',(42.9618551013977,-20.3627002786329,104.195442632145));
#5686=CARTESIAN_POINT('',(42.9618551013977,-22.6687554667135,105.286417836686));
#5687=CARTESIAN_POINT('',(42.9618551013977,-43.4286916333593,41.533860937992));
#5688=CARTESIAN_POINT('Origin',(32.9618551013977,-40.7138994635718,40.5457573959704));
#5689=CARTESIAN_POINT('',(22.9618551013977,-43.4286916333593,41.533860937992));
#5690=CARTESIAN_POINT('Origin',(22.9618551013977,-32.2916680005088,80.5795156162064));
#5691=CARTESIAN_POINT('',(22.9618551013977,-22.681982241257,105.276941572737));
#5692=CARTESIAN_POINT('',(22.9618551013977,-20.3627002786329,104.195442632145));
#5693=CARTESIAN_POINT('',(22.9618551013977,-22.6687554667135,105.286417836686));
#5694=CARTESIAN_POINT('Origin',(42.9618551013977,-23.6617275705472,104.575007377649));
#5695=CARTESIAN_POINT('',(37.9618551013977,-22.681982241257,105.276941572737));
#5696=CARTESIAN_POINT('Origin',(32.9618551013977,-19.6097449235403,103.844333783816));
#5697=UNCERTAINTY_MEASURE_WITH_UNIT(LENGTH_MEASURE(0.01),#5701,
'DISTANCE_ACCURACY_VALUE',
'Maximum model space distance between geometric entities at asserted c
onnectivities');
#5698=UNCERTAINTY_MEASURE_WITH_UNIT(LENGTH_MEASURE(0.01),#5701,
'DISTANCE_ACCURACY_VALUE',
'Maximum model space distance between geometric entities at asserted c
onnectivities');
#5699=(
GEOMETRIC_REPRESENTATION_CONTEXT(3)
GLOBAL_UNCERTAINTY_ASSIGNED_CONTEXT((#5697))
GLOBAL_UNIT_ASSIGNED_CONTEXT((#5701,#5703,#5704))
REPRESENTATION_CONTEXT('','3D')
);
#5700=(
GEOMETRIC_REPRESENTATION_CONTEXT(3)
GLOBAL_UNCERTAINTY_ASSIGNED_CONTEXT((#5698))
GLOBAL_UNIT_ASSIGNED_CONTEXT((#5701,#5703,#5704))
REPRESENTATION_CONTEXT('','3D')
);
#5701=(
LENGTH_UNIT()
NAMED_UNIT(*)
SI_UNIT(.MILLI.,.METRE.)
);
#5702=(
LENGTH_UNIT()
NAMED_UNIT(*)
SI_UNIT($,.METRE.)
);
#5703=(
NAMED_UNIT(*)
PLANE_ANGLE_UNIT()
SI_UNIT($,.RADIAN.)
);
#5704=(
NAMED_UNIT(*)
SI_UNIT($,.STERADIAN.)
SOLID_ANGLE_UNIT()
);
#5705=SHAPE_DEFINITION_REPRESENTATION(#5706,#5707);
#5706=PRODUCT_DEFINITION_SHAPE('',$,#5709);
#5707=SHAPE_REPRESENTATION('',(#3385),#5699);
#5708=PRODUCT_DEFINITION_CONTEXT('part definition',#5713,'design');
#5709=PRODUCT_DEFINITION('2026-06-20-22-12-12-487','FusionComponent',#5710,
#5708);
#5710=PRODUCT_DEFINITION_FORMATION('',$,#5715);
#5711=PRODUCT_RELATED_PRODUCT_CATEGORY('FusionComponent',
'FusionComponent',(#5715));
#5712=APPLICATION_PROTOCOL_DEFINITION('international standard',
'automotive_design',2009,#5713);
#5713=APPLICATION_CONTEXT(
'Core Data for Automotive Mechanical Design Process');
#5714=PRODUCT_CONTEXT('part definition',#5713,'mechanical');
#5715=PRODUCT('2026-06-20-22-12-12-487','FusionComponent',$,(#5714));
#5716=PRESENTATION_STYLE_ASSIGNMENT((#5717));
#5717=SURFACE_STYLE_USAGE(.BOTH.,#5718);
#5718=SURFACE_SIDE_STYLE('',(#5719));
#5719=SURFACE_STYLE_FILL_AREA(#5720);
#5720=FILL_AREA_STYLE('Steel - Satin',(#5721));
#5721=FILL_AREA_STYLE_COLOUR('Steel - Satin',#5722);
#5722=COLOUR_RGB('Steel - Satin',0.627450980392157,0.627450980392157,0.627450980392157);
ENDSEC;
END-ISO-10303-21;
