ISO-10303-21;
HEADER;
/* Generated by software containing ST-Developer
 * from STEP Tools, Inc. (www.steptools.com) 
 */

FILE_DESCRIPTION(
/* description */ (''),
/* implementation_level */ '2;1');

FILE_NAME(
/* name */ 'Overhead Camera Mount.step',
/* time_stamp */ '2026-06-20T21:25:40-05:00',
/* author */ (''),
/* organization */ (''),
/* preprocessor_version */ 'ST-DEVELOPER v20.1',
/* originating_system */ 'Autodesk Translation Framework v15.8.0.0',
/* authorisation */ '');

FILE_SCHEMA (('AUTOMOTIVE_DESIGN { 1 0 10303 214 3 1 1 }'));
ENDSEC;

DATA;
#10=MECHANICAL_DESIGN_GEOMETRIC_PRESENTATION_REPRESENTATION('',(#13),#2158);
#11=SHAPE_REPRESENTATION_RELATIONSHIP('SRR','None',#2165,#12);
#12=ADVANCED_BREP_SHAPE_REPRESENTATION('',(#14),#2157);
#13=STYLED_ITEM('',(#2174),#14);
#14=MANIFOLD_SOLID_BREP('Body1',#1132);
#15=B_SPLINE_SURFACE_WITH_KNOTS('',3,3,((#1768,#1769,#1770,#1771,#1772,
#1773,#1774,#1775),(#1776,#1777,#1778,#1779,#1780,#1781,#1782,#1783),(#1784,
#1785,#1786,#1787,#1788,#1789,#1790,#1791),(#1792,#1793,#1794,#1795,#1796,
#1797,#1798,#1799)),.UNSPECIFIED.,.F.,.F.,.F.,(4,4),(4,2,2,4),(0.,1.),(0.20388787457553,
0.250447245660567,0.329994850743029,0.40954245582549),.UNSPECIFIED.);
#16=B_SPLINE_SURFACE_WITH_KNOTS('',3,3,((#1882,#1883,#1884,#1885),(#1886,
#1887,#1888,#1889),(#1890,#1891,#1892,#1893),(#1894,#1895,#1896,#1897)),
 .UNSPECIFIED.,.F.,.F.,.F.,(4,4),(4,4),(0.,1.),(0.124165738677396,0.197213595499958),
 .UNSPECIFIED.);
#17=B_SPLINE_SURFACE_WITH_KNOTS('',3,3,((#1906,#1907,#1908,#1909,#1910,
#1911,#1912,#1913),(#1914,#1915,#1916,#1917,#1918,#1919,#1920,#1921),(#1922,
#1923,#1924,#1925,#1926,#1927,#1928,#1929),(#1930,#1931,#1932,#1933,#1934,
#1935,#1936,#1937)),.UNSPECIFIED.,.F.,.F.,.F.,(4,4),(4,2,2,4),(0.,1.),(1.04296258014228,
1.12251018522474,1.2020577903072,1.24861716138886),.UNSPECIFIED.);
#18=B_SPLINE_SURFACE_WITH_KNOTS('',3,3,((#1963,#1964,#1965,#1966),(#1967,
#1968,#1969,#1970),(#1971,#1972,#1973,#1974),(#1975,#1976,#1977,#1978)),
 .UNSPECIFIED.,.F.,.F.,.F.,(4,4),(4,4),(0.,1.),(-0.197213595499958,-0.124165738677396),
 .UNSPECIFIED.);
#19=B_SPLINE_SURFACE_WITH_KNOTS('',3,3,((#1987,#1988,#1989,#1990,#1991),
(#1992,#1993,#1994,#1995,#1996),(#1997,#1998,#1999,#2000,#2001),(#2002,
#2003,#2004,#2005,#2006)),.UNSPECIFIED.,.F.,.F.,.F.,(4,4),(4,1,4),(0.,1.),
(0.,0.571428571428571,1.),.UNSPECIFIED.);
#20=B_SPLINE_SURFACE_WITH_KNOTS('',3,3,((#2018,#2019,#2020,#2021,#2022),
(#2023,#2024,#2025,#2026,#2027),(#2028,#2029,#2030,#2031,#2032),(#2033,
#2034,#2035,#2036,#2037)),.UNSPECIFIED.,.F.,.F.,.F.,(4,4),(4,1,4),(0.,1.),
(0.,0.571428571428571,1.),.UNSPECIFIED.);
#21=CONICAL_SURFACE('',#1191,1.5,0.785398163397449);
#22=CONICAL_SURFACE('',#1194,1.5,0.785398163397458);
#23=CONICAL_SURFACE('',#1197,4.,0.785398163397448);
#24=CONICAL_SURFACE('',#1201,4.,0.785398163397449);
#25=CONICAL_SURFACE('',#1205,4.,0.785398163397447);
#26=CONICAL_SURFACE('',#1209,4.00000000000001,0.785398163397442);
#27=FACE_BOUND('',#166,.T.);
#28=FACE_BOUND('',#167,.T.);
#29=FACE_BOUND('',#198,.T.);
#30=FACE_BOUND('',#199,.T.);
#31=FACE_BOUND('',#200,.T.);
#32=FACE_BOUND('',#201,.T.);
#33=FACE_BOUND('',#210,.T.);
#34=FACE_BOUND('',#213,.T.);
#35=FACE_BOUND('',#214,.T.);
#36=FACE_BOUND('',#215,.T.);
#37=FACE_BOUND('',#216,.T.);
#38=FACE_BOUND('',#229,.T.);
#39=FACE_BOUND('',#232,.T.);
#40=FACE_BOUND('',#235,.T.);
#41=FACE_BOUND('',#238,.T.);
#42=B_SPLINE_CURVE_WITH_KNOTS('',3,(#1644,#1645,#1646,#1647,#1648,#1649,
#1650,#1651,#1652,#1653,#1654,#1655,#1656,#1657,#1658,#1659),
 .UNSPECIFIED.,.F.,.F.,(4,2,2,2,2,2,2,4),(-0.692334725778777,-0.691492150561312,
-0.628642646612399,-0.561254551582367,-0.494734321640832,-0.425588887618797,
-0.363293386177393,-0.333965106197997),.UNSPECIFIED.);
#43=B_SPLINE_CURVE_WITH_KNOTS('',3,(#1684,#1685,#1686,#1687,#1688,#1689,
#1690,#1691,#1692,#1693,#1694,#1695,#1696,#1697,#1698,#1699),
 .UNSPECIFIED.,.F.,.F.,(4,2,2,2,2,2,2,4),(-0.692334725779011,-0.691492150561524,
-0.628642646612014,-0.561254551581127,-0.494734321638714,-0.425588887615346,
-0.363293386172037,-0.333965106192313),.UNSPECIFIED.);
#44=B_SPLINE_CURVE_WITH_KNOTS('',3,(#1714,#1715,#1716,#1717),
 .UNSPECIFIED.,.F.,.F.,(4,4),(0.,0.0640691999929783),.UNSPECIFIED.);
#45=B_SPLINE_CURVE_WITH_KNOTS('',3,(#1720,#1721,#1722,#1723),
 .UNSPECIFIED.,.F.,.F.,(4,4),(1.38843583597479,1.45250503596777),
 .UNSPECIFIED.);
#46=B_SPLINE_CURVE_WITH_KNOTS('',3,(#1726,#1727,#1728,#1729),
 .UNSPECIFIED.,.F.,.F.,(4,4),(1.38843583597479,1.45250503596777),
 .UNSPECIFIED.);
#47=B_SPLINE_CURVE_WITH_KNOTS('',3,(#1737,#1738,#1739,#1740),
 .UNSPECIFIED.,.F.,.F.,(4,4),(0.,0.0640691999929786),.UNSPECIFIED.);
#48=B_SPLINE_CURVE_WITH_KNOTS('',3,(#1802,#1803,#1804,#1805),
 .UNSPECIFIED.,.F.,.F.,(4,4),(0.,1.),.UNSPECIFIED.);
#49=B_SPLINE_CURVE_WITH_KNOTS('',3,(#1807,#1808,#1809,#1810,#1811,#1812,
#1813,#1814),.UNSPECIFIED.,.F.,.F.,(4,2,2,4),(0.20388787457553,0.250447245660567,
0.329994850743029,0.40954245582549),.UNSPECIFIED.);
#50=B_SPLINE_CURVE_WITH_KNOTS('',3,(#1817,#1818,#1819,#1820,#1821,#1822,
#1823,#1824),.UNSPECIFIED.,.F.,.F.,(4,2,2,4),(-0.40954245582549,-0.329994850743029,
-0.250447245660567,-0.20388787457553),.UNSPECIFIED.);
#51=B_SPLINE_CURVE_WITH_KNOTS('',3,(#1898,#1899,#1900,#1901),
 .UNSPECIFIED.,.F.,.F.,(4,4),(-0.197213595499958,-0.124165738677396),
 .UNSPECIFIED.);
#52=B_SPLINE_CURVE_WITH_KNOTS('',3,(#1902,#1903,#1904,#1905),
 .UNSPECIFIED.,.F.,.F.,(4,4),(0.124165738677396,0.197213595499958),
 .UNSPECIFIED.);
#53=B_SPLINE_CURVE_WITH_KNOTS('',3,(#1940,#1941,#1942,#1943),
 .UNSPECIFIED.,.F.,.F.,(4,4),(-1.,0.),.UNSPECIFIED.);
#54=B_SPLINE_CURVE_WITH_KNOTS('',3,(#1945,#1946,#1947,#1948,#1949,#1950,
#1951,#1952),.UNSPECIFIED.,.F.,.F.,(4,2,2,4),(-1.24861716138886,-1.2020577903072,
-1.12251018522474,-1.04296258014228),.UNSPECIFIED.);
#55=B_SPLINE_CURVE_WITH_KNOTS('',3,(#1955,#1956,#1957,#1958,#1959,#1960,
#1961,#1962),.UNSPECIFIED.,.F.,.F.,(4,2,2,4),(1.04296258014228,1.12251018522474,
1.2020577903072,1.24861716138886),.UNSPECIFIED.);
#56=B_SPLINE_CURVE_WITH_KNOTS('',3,(#1979,#1980,#1981,#1982),
 .UNSPECIFIED.,.F.,.F.,(4,4),(0.124165738677396,0.197213595499958),
 .UNSPECIFIED.);
#57=B_SPLINE_CURVE_WITH_KNOTS('',3,(#1983,#1984,#1985,#1986),
 .UNSPECIFIED.,.F.,.F.,(4,4),(-0.197213595499958,-0.124165738677396),
 .UNSPECIFIED.);
#58=B_SPLINE_CURVE_WITH_KNOTS('',3,(#2008,#2009,#2010,#2011,#2012),
 .UNSPECIFIED.,.F.,.F.,(4,1,4),(0.,0.571428571428571,1.),.UNSPECIFIED.);
#59=B_SPLINE_CURVE_WITH_KNOTS('',3,(#2013,#2014,#2015,#2016,#2017),
 .UNSPECIFIED.,.F.,.F.,(4,1,4),(-1.,-0.571428571428571,0.),
 .UNSPECIFIED.);
#60=B_SPLINE_CURVE_WITH_KNOTS('',3,(#2039,#2040,#2041,#2042,#2043),
 .UNSPECIFIED.,.F.,.F.,(4,1,4),(0.,0.571428571428571,1.),.UNSPECIFIED.);
#61=B_SPLINE_CURVE_WITH_KNOTS('',3,(#2044,#2045,#2046,#2047,#2048),
 .UNSPECIFIED.,.F.,.F.,(4,1,4),(-1.,-0.571428571428571,0.),
 .UNSPECIFIED.);
#62=TOROIDAL_SURFACE('',#1161,17.,2.);
#63=TOROIDAL_SURFACE('',#1174,17.,2.);
#64=TOROIDAL_SURFACE('',#1180,4.5,2.);
#65=TOROIDAL_SURFACE('',#1185,4.5,2.);
#66=TOROIDAL_SURFACE('',#1220,4.5,2.);
#67=TOROIDAL_SURFACE('',#1223,4.5,2.);
#68=PLANE('',#1154);
#69=PLANE('',#1168);
#70=PLANE('',#1169);
#71=PLANE('',#1171);
#72=PLANE('',#1179);
#73=PLANE('',#1184);
#74=PLANE('',#1189);
#75=PLANE('',#1190);
#76=PLANE('',#1193);
#77=PLANE('',#1196);
#78=PLANE('',#1200);
#79=PLANE('',#1204);
#80=PLANE('',#1208);
#81=PLANE('',#1212);
#82=PLANE('',#1213);
#83=PLANE('',#1231);
#84=PLANE('',#1234);
#85=PLANE('',#1243);
#86=PLANE('',#1245);
#87=PLANE('',#1247);
#88=PLANE('',#1258);
#89=PLANE('',#1261);
#90=PLANE('',#1264);
#91=PLANE('',#1267);
#92=FACE_OUTER_BOUND('',#158,.T.);
#93=FACE_OUTER_BOUND('',#159,.T.);
#94=FACE_OUTER_BOUND('',#160,.T.);
#95=FACE_OUTER_BOUND('',#161,.T.);
#96=FACE_OUTER_BOUND('',#162,.T.);
#97=FACE_OUTER_BOUND('',#163,.T.);
#98=FACE_OUTER_BOUND('',#164,.T.);
#99=FACE_OUTER_BOUND('',#165,.T.);
#100=FACE_OUTER_BOUND('',#168,.T.);
#101=FACE_OUTER_BOUND('',#169,.T.);
#102=FACE_OUTER_BOUND('',#170,.T.);
#103=FACE_OUTER_BOUND('',#171,.T.);
#104=FACE_OUTER_BOUND('',#172,.T.);
#105=FACE_OUTER_BOUND('',#173,.T.);
#106=FACE_OUTER_BOUND('',#174,.T.);
#107=FACE_OUTER_BOUND('',#175,.T.);
#108=FACE_OUTER_BOUND('',#176,.T.);
#109=FACE_OUTER_BOUND('',#177,.T.);
#110=FACE_OUTER_BOUND('',#178,.T.);
#111=FACE_OUTER_BOUND('',#179,.T.);
#112=FACE_OUTER_BOUND('',#180,.T.);
#113=FACE_OUTER_BOUND('',#181,.T.);
#114=FACE_OUTER_BOUND('',#182,.T.);
#115=FACE_OUTER_BOUND('',#183,.T.);
#116=FACE_OUTER_BOUND('',#184,.T.);
#117=FACE_OUTER_BOUND('',#185,.T.);
#118=FACE_OUTER_BOUND('',#186,.T.);
#119=FACE_OUTER_BOUND('',#187,.T.);
#120=FACE_OUTER_BOUND('',#188,.T.);
#121=FACE_OUTER_BOUND('',#189,.T.);
#122=FACE_OUTER_BOUND('',#190,.T.);
#123=FACE_OUTER_BOUND('',#191,.T.);
#124=FACE_OUTER_BOUND('',#192,.T.);
#125=FACE_OUTER_BOUND('',#193,.T.);
#126=FACE_OUTER_BOUND('',#194,.T.);
#127=FACE_OUTER_BOUND('',#195,.T.);
#128=FACE_OUTER_BOUND('',#196,.T.);
#129=FACE_OUTER_BOUND('',#197,.T.);
#130=FACE_OUTER_BOUND('',#202,.T.);
#131=FACE_OUTER_BOUND('',#203,.T.);
#132=FACE_OUTER_BOUND('',#204,.T.);
#133=FACE_OUTER_BOUND('',#205,.T.);
#134=FACE_OUTER_BOUND('',#206,.T.);
#135=FACE_OUTER_BOUND('',#207,.T.);
#136=FACE_OUTER_BOUND('',#208,.T.);
#137=FACE_OUTER_BOUND('',#209,.T.);
#138=FACE_OUTER_BOUND('',#211,.T.);
#139=FACE_OUTER_BOUND('',#212,.T.);
#140=FACE_OUTER_BOUND('',#217,.T.);
#141=FACE_OUTER_BOUND('',#218,.T.);
#142=FACE_OUTER_BOUND('',#219,.T.);
#143=FACE_OUTER_BOUND('',#220,.T.);
#144=FACE_OUTER_BOUND('',#221,.T.);
#145=FACE_OUTER_BOUND('',#222,.T.);
#146=FACE_OUTER_BOUND('',#223,.T.);
#147=FACE_OUTER_BOUND('',#224,.T.);
#148=FACE_OUTER_BOUND('',#225,.T.);
#149=FACE_OUTER_BOUND('',#226,.T.);
#150=FACE_OUTER_BOUND('',#227,.T.);
#151=FACE_OUTER_BOUND('',#228,.T.);
#152=FACE_OUTER_BOUND('',#230,.T.);
#153=FACE_OUTER_BOUND('',#231,.T.);
#154=FACE_OUTER_BOUND('',#233,.T.);
#155=FACE_OUTER_BOUND('',#234,.T.);
#156=FACE_OUTER_BOUND('',#236,.T.);
#157=FACE_OUTER_BOUND('',#237,.T.);
#158=EDGE_LOOP('',(#720,#721,#722,#723,#724,#725));
#159=EDGE_LOOP('',(#726,#727,#728,#729));
#160=EDGE_LOOP('',(#730,#731,#732,#733,#734,#735,#736,#737,#738));
#161=EDGE_LOOP('',(#739,#740,#741,#742,#743));
#162=EDGE_LOOP('',(#744,#745,#746,#747));
#163=EDGE_LOOP('',(#748,#749,#750,#751));
#164=EDGE_LOOP('',(#752,#753,#754,#755));
#165=EDGE_LOOP('',(#756,#757,#758,#759));
#166=EDGE_LOOP('',(#760));
#167=EDGE_LOOP('',(#761));
#168=EDGE_LOOP('',(#762,#763,#764,#765,#766,#767));
#169=EDGE_LOOP('',(#768,#769,#770,#771,#772));
#170=EDGE_LOOP('',(#773,#774,#775,#776));
#171=EDGE_LOOP('',(#777,#778,#779,#780));
#172=EDGE_LOOP('',(#781,#782,#783,#784,#785));
#173=EDGE_LOOP('',(#786,#787,#788,#789,#790,#791));
#174=EDGE_LOOP('',(#792,#793,#794,#795,#796,#797));
#175=EDGE_LOOP('',(#798,#799,#800,#801,#802,#803,#804));
#176=EDGE_LOOP('',(#805,#806,#807,#808,#809,#810));
#177=EDGE_LOOP('',(#811,#812,#813,#814,#815,#816,#817));
#178=EDGE_LOOP('',(#818,#819,#820,#821,#822));
#179=EDGE_LOOP('',(#823,#824,#825,#826));
#180=EDGE_LOOP('',(#827,#828,#829,#830,#831,#832));
#181=EDGE_LOOP('',(#833,#834,#835,#836));
#182=EDGE_LOOP('',(#837,#838,#839,#840));
#183=EDGE_LOOP('',(#841,#842,#843,#844));
#184=EDGE_LOOP('',(#845,#846,#847,#848));
#185=EDGE_LOOP('',(#849,#850,#851,#852));
#186=EDGE_LOOP('',(#853,#854,#855,#856));
#187=EDGE_LOOP('',(#857,#858,#859,#860));
#188=EDGE_LOOP('',(#861,#862,#863,#864));
#189=EDGE_LOOP('',(#865,#866,#867,#868));
#190=EDGE_LOOP('',(#869,#870,#871,#872));
#191=EDGE_LOOP('',(#873,#874,#875,#876));
#192=EDGE_LOOP('',(#877,#878,#879,#880));
#193=EDGE_LOOP('',(#881,#882,#883,#884));
#194=EDGE_LOOP('',(#885,#886,#887,#888));
#195=EDGE_LOOP('',(#889,#890,#891));
#196=EDGE_LOOP('',(#892,#893,#894));
#197=EDGE_LOOP('',(#895,#896,#897,#898,#899,#900,#901,#902,#903,#904,#905,
#906,#907,#908,#909,#910));
#198=EDGE_LOOP('',(#911));
#199=EDGE_LOOP('',(#912));
#200=EDGE_LOOP('',(#913));
#201=EDGE_LOOP('',(#914));
#202=EDGE_LOOP('',(#915,#916,#917,#918,#919,#920));
#203=EDGE_LOOP('',(#921,#922,#923,#924,#925,#926));
#204=EDGE_LOOP('',(#927,#928,#929,#930));
#205=EDGE_LOOP('',(#931,#932,#933,#934));
#206=EDGE_LOOP('',(#935,#936,#937,#938));
#207=EDGE_LOOP('',(#939,#940,#941,#942));
#208=EDGE_LOOP('',(#943,#944,#945,#946));
#209=EDGE_LOOP('',(#947,#948,#949,#950,#951,#952,#953,#954,#955,#956,#957,
#958,#959,#960));
#210=EDGE_LOOP('',(#961));
#211=EDGE_LOOP('',(#962,#963,#964,#965));
#212=EDGE_LOOP('',(#966,#967,#968,#969,#970,#971,#972,#973));
#213=EDGE_LOOP('',(#974));
#214=EDGE_LOOP('',(#975));
#215=EDGE_LOOP('',(#976));
#216=EDGE_LOOP('',(#977));
#217=EDGE_LOOP('',(#978,#979,#980,#981));
#218=EDGE_LOOP('',(#982,#983,#984,#985));
#219=EDGE_LOOP('',(#986,#987,#988,#989));
#220=EDGE_LOOP('',(#990,#991,#992,#993));
#221=EDGE_LOOP('',(#994,#995,#996,#997));
#222=EDGE_LOOP('',(#998,#999,#1000,#1001));
#223=EDGE_LOOP('',(#1002,#1003,#1004,#1005));
#224=EDGE_LOOP('',(#1006,#1007,#1008,#1009));
#225=EDGE_LOOP('',(#1010,#1011,#1012,#1013));
#226=EDGE_LOOP('',(#1014,#1015,#1016,#1017));
#227=EDGE_LOOP('',(#1018,#1019,#1020,#1021));
#228=EDGE_LOOP('',(#1022));
#229=EDGE_LOOP('',(#1023));
#230=EDGE_LOOP('',(#1024,#1025,#1026,#1027));
#231=EDGE_LOOP('',(#1028));
#232=EDGE_LOOP('',(#1029));
#233=EDGE_LOOP('',(#1030,#1031,#1032,#1033));
#234=EDGE_LOOP('',(#1034));
#235=EDGE_LOOP('',(#1035));
#236=EDGE_LOOP('',(#1036,#1037,#1038,#1039));
#237=EDGE_LOOP('',(#1040));
#238=EDGE_LOOP('',(#1041));
#239=ELLIPSE('',#1148,1.93185165257813,0.499999999999999);
#240=ELLIPSE('',#1149,0.577350269189626,0.499999999999999);
#241=ELLIPSE('',#1150,1.93185165257813,0.499999999999999);
#242=ELLIPSE('',#1153,0.517638090205042,0.500000000000001);
#243=ELLIPSE('',#1158,2.52094482802054,2.);
#244=ELLIPSE('',#1160,2.92820323027551,2.);
#245=ELLIPSE('',#1170,2.52094482802054,2.);
#246=ELLIPSE('',#1178,2.92820323027547,2.);
#247=LINE('',#1598,#326);
#248=LINE('',#1608,#327);
#249=LINE('',#1612,#328);
#250=LINE('',#1616,#329);
#251=LINE('',#1618,#330);
#252=LINE('',#1620,#331);
#253=LINE('',#1623,#332);
#254=LINE('',#1629,#333);
#255=LINE('',#1633,#334);
#256=LINE('',#1660,#335);
#257=LINE('',#1661,#336);
#258=LINE('',#1664,#337);
#259=LINE('',#1667,#338);
#260=LINE('',#1670,#339);
#261=LINE('',#1671,#340);
#262=LINE('',#1673,#341);
#263=LINE('',#1675,#342);
#264=LINE('',#1679,#343);
#265=LINE('',#1680,#344);
#266=LINE('',#1700,#345);
#267=LINE('',#1703,#346);
#268=LINE('',#1711,#347);
#269=LINE('',#1719,#348);
#270=LINE('',#1742,#349);
#271=LINE('',#1743,#350);
#272=LINE('',#1752,#351);
#273=LINE('',#1754,#352);
#274=LINE('',#1755,#353);
#275=LINE('',#1757,#354);
#276=LINE('',#1760,#355);
#277=LINE('',#1764,#356);
#278=LINE('',#1765,#357);
#279=LINE('',#1816,#358);
#280=LINE('',#1828,#359);
#281=LINE('',#1830,#360);
#282=LINE('',#1832,#361);
#283=LINE('',#1833,#362);
#284=LINE('',#1838,#363);
#285=LINE('',#1842,#364);
#286=LINE('',#1844,#365);
#287=LINE('',#1845,#366);
#288=LINE('',#1850,#367);
#289=LINE('',#1855,#368);
#290=LINE('',#1856,#369);
#291=LINE('',#1857,#370);
#292=LINE('',#1862,#371);
#293=LINE('',#1866,#372);
#294=LINE('',#1868,#373);
#295=LINE('',#1869,#374);
#296=LINE('',#1874,#375);
#297=LINE('',#1879,#376);
#298=LINE('',#1880,#377);
#299=LINE('',#1881,#378);
#300=LINE('',#1954,#379);
#301=LINE('',#2052,#380);
#302=LINE('',#2053,#381);
#303=LINE('',#2055,#382);
#304=LINE('',#2075,#383);
#305=LINE('',#2077,#384);
#306=LINE('',#2080,#385);
#307=LINE('',#2082,#386);
#308=LINE('',#2083,#387);
#309=LINE('',#2086,#388);
#310=LINE('',#2090,#389);
#311=LINE('',#2094,#390);
#312=LINE('',#2098,#391);
#313=LINE('',#2109,#392);
#314=LINE('',#2111,#393);
#315=LINE('',#2113,#394);
#316=LINE('',#2115,#395);
#317=LINE('',#2117,#396);
#318=LINE('',#2122,#397);
#319=LINE('',#2126,#398);
#320=LINE('',#2130,#399);
#321=LINE('',#2134,#400);
#322=LINE('',#2137,#401);
#323=LINE('',#2142,#402);
#324=LINE('',#2147,#403);
#325=LINE('',#2152,#404);
#326=VECTOR('',#1274,0.499999999999999);
#327=VECTOR('',#1285,0.500000000000001);
#328=VECTOR('',#1290,10.);
#329=VECTOR('',#1293,10.);
#330=VECTOR('',#1294,10.);
#331=VECTOR('',#1295,10.);
#332=VECTOR('',#1298,10.);
#333=VECTOR('',#1303,10.);
#334=VECTOR('',#1306,10.);
#335=VECTOR('',#1319,10.);
#336=VECTOR('',#1320,10.);
#337=VECTOR('',#1323,10.);
#338=VECTOR('',#1326,10.);
#339=VECTOR('',#1329,10.);
#340=VECTOR('',#1330,10.);
#341=VECTOR('',#1333,10.);
#342=VECTOR('',#1334,10.);
#343=VECTOR('',#1339,10.);
#344=VECTOR('',#1340,10.);
#345=VECTOR('',#1343,10.);
#346=VECTOR('',#1346,10.);
#347=VECTOR('',#1357,10.);
#348=VECTOR('',#1360,10.);
#349=VECTOR('',#1371,10.);
#350=VECTOR('',#1372,10.);
#351=VECTOR('',#1383,10.);
#352=VECTOR('',#1384,10.);
#353=VECTOR('',#1385,10.);
#354=VECTOR('',#1388,10.);
#355=VECTOR('',#1391,10.);
#356=VECTOR('',#1396,10.);
#357=VECTOR('',#1397,10.);
#358=VECTOR('',#1402,10.);
#359=VECTOR('',#1405,10.);
#360=VECTOR('',#1406,10.);
#361=VECTOR('',#1407,10.);
#362=VECTOR('',#1408,10.);
#363=VECTOR('',#1413,10.);
#364=VECTOR('',#1418,10.);
#365=VECTOR('',#1419,10.);
#366=VECTOR('',#1420,10.);
#367=VECTOR('',#1425,10.);
#368=VECTOR('',#1430,10.);
#369=VECTOR('',#1431,10.);
#370=VECTOR('',#1432,10.);
#371=VECTOR('',#1437,10.);
#372=VECTOR('',#1442,10.);
#373=VECTOR('',#1443,10.);
#374=VECTOR('',#1444,10.);
#375=VECTOR('',#1449,10.);
#376=VECTOR('',#1454,10.);
#377=VECTOR('',#1455,10.);
#378=VECTOR('',#1456,10.);
#379=VECTOR('',#1457,10.);
#380=VECTOR('',#1462,10.);
#381=VECTOR('',#1463,10.);
#382=VECTOR('',#1464,10.);
#383=VECTOR('',#1495,10.);
#384=VECTOR('',#1498,10.);
#385=VECTOR('',#1501,10.);
#386=VECTOR('',#1502,10.);
#387=VECTOR('',#1503,10.);
#388=VECTOR('',#1506,10.);
#389=VECTOR('',#1511,10.);
#390=VECTOR('',#1514,10.);
#391=VECTOR('',#1517,10.);
#392=VECTOR('',#1530,10.);
#393=VECTOR('',#1533,10.);
#394=VECTOR('',#1536,10.);
#395=VECTOR('',#1539,10.);
#396=VECTOR('',#1542,10.);
#397=VECTOR('',#1549,0.500000000000007);
#398=VECTOR('',#1554,0.500000000000007);
#399=VECTOR('',#1559,0.499999999999998);
#400=VECTOR('',#1564,0.499999999999998);
#401=VECTOR('',#1567,2.5);
#402=VECTOR('',#1574,2.5);
#403=VECTOR('',#1581,2.5);
#404=VECTOR('',#1588,2.49999999999999);
#405=CIRCLE('',#1147,0.499999999999999);
#406=CIRCLE('',#1152,0.500000000000001);
#407=CIRCLE('',#1155,0.500000000000005);
#408=CIRCLE('',#1156,0.500000000000003);
#409=CIRCLE('',#1159,2.00000000000001);
#410=CIRCLE('',#1162,2.00000000000001);
#411=CIRCLE('',#1163,17.);
#412=CIRCLE('',#1164,15.);
#413=CIRCLE('',#1167,15.);
#414=CIRCLE('',#1173,1.99999999999999);
#415=CIRCLE('',#1175,2.00000000000001);
#416=CIRCLE('',#1176,17.);
#417=CIRCLE('',#1181,2.);
#418=CIRCLE('',#1182,4.5);
#419=CIRCLE('',#1183,2.);
#420=CIRCLE('',#1186,2.);
#421=CIRCLE('',#1187,4.5);
#422=CIRCLE('',#1188,2.);
#423=CIRCLE('',#1192,2.5);
#424=CIRCLE('',#1195,2.5);
#425=CIRCLE('',#1198,5.);
#426=CIRCLE('',#1199,3.);
#427=CIRCLE('',#1202,5.);
#428=CIRCLE('',#1203,3.);
#429=CIRCLE('',#1206,5.);
#430=CIRCLE('',#1207,3.00000000000001);
#431=CIRCLE('',#1210,5.);
#432=CIRCLE('',#1211,3.00000000000003);
#433=CIRCLE('',#1214,4.5);
#434=CIRCLE('',#1215,4.5);
#435=CIRCLE('',#1216,2.49999999999999);
#436=CIRCLE('',#1217,2.5);
#437=CIRCLE('',#1218,2.5);
#438=CIRCLE('',#1219,2.5);
#439=CIRCLE('',#1221,2.5);
#440=CIRCLE('',#1222,2.);
#441=CIRCLE('',#1224,2.);
#442=CIRCLE('',#1225,2.5);
#443=CIRCLE('',#1233,5.);
#444=CIRCLE('',#1235,5.);
#445=CIRCLE('',#1236,5.);
#446=CIRCLE('',#1237,5.);
#447=CIRCLE('',#1238,0.500000000000007);
#448=CIRCLE('',#1239,0.500000000000007);
#449=CIRCLE('',#1240,0.499999999999998);
#450=CIRCLE('',#1241,0.499999999999998);
#451=CIRCLE('',#1249,0.500000000000007);
#452=CIRCLE('',#1251,0.500000000000007);
#453=CIRCLE('',#1253,0.499999999999998);
#454=CIRCLE('',#1255,0.499999999999998);
#455=CIRCLE('',#1257,2.5);
#456=CIRCLE('',#1260,2.5);
#457=CIRCLE('',#1263,2.5);
#458=CIRCLE('',#1266,2.49999999999999);
#459=VERTEX_POINT('',#1595);
#460=VERTEX_POINT('',#1597);
#461=VERTEX_POINT('',#1599);
#462=VERTEX_POINT('',#1601);
#463=VERTEX_POINT('',#1605);
#464=VERTEX_POINT('',#1607);
#465=VERTEX_POINT('',#1611);
#466=VERTEX_POINT('',#1613);
#467=VERTEX_POINT('',#1615);
#468=VERTEX_POINT('',#1617);
#469=VERTEX_POINT('',#1619);
#470=VERTEX_POINT('',#1621);
#471=VERTEX_POINT('',#1625);
#472=VERTEX_POINT('',#1626);
#473=VERTEX_POINT('',#1628);
#474=VERTEX_POINT('',#1630);
#475=VERTEX_POINT('',#1632);
#476=VERTEX_POINT('',#1636);
#477=VERTEX_POINT('',#1637);
#478=VERTEX_POINT('',#1642);
#479=VERTEX_POINT('',#1643);
#480=VERTEX_POINT('',#1663);
#481=VERTEX_POINT('',#1665);
#482=VERTEX_POINT('',#1669);
#483=VERTEX_POINT('',#1674);
#484=VERTEX_POINT('',#1678);
#485=VERTEX_POINT('',#1682);
#486=VERTEX_POINT('',#1683);
#487=VERTEX_POINT('',#1701);
#488=VERTEX_POINT('',#1705);
#489=VERTEX_POINT('',#1709);
#490=VERTEX_POINT('',#1713);
#491=VERTEX_POINT('',#1718);
#492=VERTEX_POINT('',#1725);
#493=VERTEX_POINT('',#1730);
#494=VERTEX_POINT('',#1732);
#495=VERTEX_POINT('',#1736);
#496=VERTEX_POINT('',#1741);
#497=VERTEX_POINT('',#1745);
#498=VERTEX_POINT('',#1747);
#499=VERTEX_POINT('',#1751);
#500=VERTEX_POINT('',#1753);
#501=VERTEX_POINT('',#1759);
#502=VERTEX_POINT('',#1763);
#503=VERTEX_POINT('',#1800);
#504=VERTEX_POINT('',#1801);
#505=VERTEX_POINT('',#1806);
#506=VERTEX_POINT('',#1815);
#507=VERTEX_POINT('',#1826);
#508=VERTEX_POINT('',#1827);
#509=VERTEX_POINT('',#1829);
#510=VERTEX_POINT('',#1831);
#511=VERTEX_POINT('',#1835);
#512=VERTEX_POINT('',#1837);
#513=VERTEX_POINT('',#1841);
#514=VERTEX_POINT('',#1843);
#515=VERTEX_POINT('',#1847);
#516=VERTEX_POINT('',#1849);
#517=VERTEX_POINT('',#1853);
#518=VERTEX_POINT('',#1854);
#519=VERTEX_POINT('',#1859);
#520=VERTEX_POINT('',#1861);
#521=VERTEX_POINT('',#1865);
#522=VERTEX_POINT('',#1867);
#523=VERTEX_POINT('',#1871);
#524=VERTEX_POINT('',#1873);
#525=VERTEX_POINT('',#1877);
#526=VERTEX_POINT('',#1878);
#527=VERTEX_POINT('',#1938);
#528=VERTEX_POINT('',#1939);
#529=VERTEX_POINT('',#1944);
#530=VERTEX_POINT('',#1953);
#531=VERTEX_POINT('',#2007);
#532=VERTEX_POINT('',#2038);
#533=VERTEX_POINT('',#2050);
#534=VERTEX_POINT('',#2054);
#535=VERTEX_POINT('',#2057);
#536=VERTEX_POINT('',#2059);
#537=VERTEX_POINT('',#2061);
#538=VERTEX_POINT('',#2063);
#539=VERTEX_POINT('',#2079);
#540=VERTEX_POINT('',#2081);
#541=VERTEX_POINT('',#2085);
#542=VERTEX_POINT('',#2089);
#543=VERTEX_POINT('',#2091);
#544=VERTEX_POINT('',#2093);
#545=VERTEX_POINT('',#2095);
#546=VERTEX_POINT('',#2097);
#547=VERTEX_POINT('',#2100);
#548=VERTEX_POINT('',#2102);
#549=VERTEX_POINT('',#2104);
#550=VERTEX_POINT('',#2106);
#551=VERTEX_POINT('',#2120);
#552=VERTEX_POINT('',#2124);
#553=VERTEX_POINT('',#2128);
#554=VERTEX_POINT('',#2132);
#555=VERTEX_POINT('',#2136);
#556=VERTEX_POINT('',#2141);
#557=VERTEX_POINT('',#2146);
#558=VERTEX_POINT('',#2151);
#559=EDGE_CURVE('',#459,#459,#405,.T.);
#560=EDGE_CURVE('',#459,#460,#247,.T.);
#561=EDGE_CURVE('',#461,#460,#239,.T.);
#562=EDGE_CURVE('',#462,#461,#240,.T.);
#563=EDGE_CURVE('',#460,#462,#241,.T.);
#564=EDGE_CURVE('',#463,#463,#406,.T.);
#565=EDGE_CURVE('',#463,#464,#248,.T.);
#566=EDGE_CURVE('',#464,#464,#242,.T.);
#567=EDGE_CURVE('',#465,#462,#249,.T.);
#568=EDGE_CURVE('',#466,#465,#407,.T.);
#569=EDGE_CURVE('',#467,#466,#250,.T.);
#570=EDGE_CURVE('',#468,#467,#251,.T.);
#571=EDGE_CURVE('',#469,#468,#252,.T.);
#572=EDGE_CURVE('',#470,#469,#408,.T.);
#573=EDGE_CURVE('',#461,#470,#253,.T.);
#574=EDGE_CURVE('',#471,#472,#243,.T.);
#575=EDGE_CURVE('',#472,#473,#254,.T.);
#576=EDGE_CURVE('',#473,#474,#409,.T.);
#577=EDGE_CURVE('',#474,#475,#255,.T.);
#578=EDGE_CURVE('',#475,#471,#244,.T.);
#579=EDGE_CURVE('',#476,#477,#410,.T.);
#580=EDGE_CURVE('',#477,#474,#411,.T.);
#581=EDGE_CURVE('',#473,#476,#412,.T.);
#582=EDGE_CURVE('',#478,#479,#42,.T.);
#583=EDGE_CURVE('',#479,#477,#256,.T.);
#584=EDGE_CURVE('',#476,#478,#257,.T.);
#585=EDGE_CURVE('',#473,#480,#258,.T.);
#586=EDGE_CURVE('',#481,#480,#413,.T.);
#587=EDGE_CURVE('',#481,#476,#259,.T.);
#588=EDGE_CURVE('',#482,#472,#260,.T.);
#589=EDGE_CURVE('',#480,#482,#261,.T.);
#590=EDGE_CURVE('',#471,#468,#262,.T.);
#591=EDGE_CURVE('',#467,#483,#263,.T.);
#592=EDGE_CURVE('',#482,#483,#245,.T.);
#593=EDGE_CURVE('',#475,#484,#264,.T.);
#594=EDGE_CURVE('',#469,#484,#265,.T.);
#595=EDGE_CURVE('',#485,#486,#43,.T.);
#596=EDGE_CURVE('',#486,#481,#266,.T.);
#597=EDGE_CURVE('',#481,#487,#414,.T.);
#598=EDGE_CURVE('',#487,#485,#267,.T.);
#599=EDGE_CURVE('',#480,#488,#415,.T.);
#600=EDGE_CURVE('',#488,#487,#416,.T.);
#601=EDGE_CURVE('',#483,#489,#246,.T.);
#602=EDGE_CURVE('',#489,#488,#268,.T.);
#603=EDGE_CURVE('',#490,#486,#44,.T.);
#604=EDGE_CURVE('',#491,#490,#269,.T.);
#605=EDGE_CURVE('',#478,#491,#45,.T.);
#606=EDGE_CURVE('',#485,#492,#46,.T.);
#607=EDGE_CURVE('',#493,#492,#417,.T.);
#608=EDGE_CURVE('',#493,#494,#418,.T.);
#609=EDGE_CURVE('',#494,#490,#419,.T.);
#610=EDGE_CURVE('',#495,#479,#47,.T.);
#611=EDGE_CURVE('',#496,#495,#270,.T.);
#612=EDGE_CURVE('',#484,#496,#271,.T.);
#613=EDGE_CURVE('',#497,#491,#420,.T.);
#614=EDGE_CURVE('',#497,#498,#421,.T.);
#615=EDGE_CURVE('',#498,#495,#422,.T.);
#616=EDGE_CURVE('',#499,#489,#272,.T.);
#617=EDGE_CURVE('',#500,#499,#273,.T.);
#618=EDGE_CURVE('',#492,#500,#274,.T.);
#619=EDGE_CURVE('',#466,#499,#275,.T.);
#620=EDGE_CURVE('',#465,#501,#276,.T.);
#621=EDGE_CURVE('',#501,#499,#423,.T.);
#622=EDGE_CURVE('',#470,#502,#277,.T.);
#623=EDGE_CURVE('',#502,#501,#278,.T.);
#624=EDGE_CURVE('',#484,#502,#424,.T.);
#625=EDGE_CURVE('',#503,#504,#48,.T.);
#626=EDGE_CURVE('',#504,#505,#49,.T.);
#627=EDGE_CURVE('',#505,#506,#279,.T.);
#628=EDGE_CURVE('',#506,#503,#50,.T.);
#629=EDGE_CURVE('',#507,#508,#280,.T.);
#630=EDGE_CURVE('',#508,#509,#281,.T.);
#631=EDGE_CURVE('',#509,#510,#282,.T.);
#632=EDGE_CURVE('',#510,#507,#283,.T.);
#633=EDGE_CURVE('',#509,#511,#425,.T.);
#634=EDGE_CURVE('',#511,#512,#284,.T.);
#635=EDGE_CURVE('',#512,#510,#426,.T.);
#636=EDGE_CURVE('',#511,#513,#285,.T.);
#637=EDGE_CURVE('',#513,#514,#286,.T.);
#638=EDGE_CURVE('',#514,#512,#287,.T.);
#639=EDGE_CURVE('',#513,#515,#427,.T.);
#640=EDGE_CURVE('',#515,#516,#288,.T.);
#641=EDGE_CURVE('',#516,#514,#428,.T.);
#642=EDGE_CURVE('',#517,#518,#289,.T.);
#643=EDGE_CURVE('',#518,#516,#290,.T.);
#644=EDGE_CURVE('',#515,#517,#291,.T.);
#645=EDGE_CURVE('',#517,#519,#429,.T.);
#646=EDGE_CURVE('',#519,#520,#292,.T.);
#647=EDGE_CURVE('',#520,#518,#430,.T.);
#648=EDGE_CURVE('',#519,#521,#293,.T.);
#649=EDGE_CURVE('',#521,#522,#294,.T.);
#650=EDGE_CURVE('',#522,#520,#295,.T.);
#651=EDGE_CURVE('',#521,#523,#431,.T.);
#652=EDGE_CURVE('',#523,#524,#296,.T.);
#653=EDGE_CURVE('',#524,#522,#432,.T.);
#654=EDGE_CURVE('',#525,#526,#297,.T.);
#655=EDGE_CURVE('',#526,#524,#298,.T.);
#656=EDGE_CURVE('',#523,#525,#299,.T.);
#657=EDGE_CURVE('',#507,#506,#51,.T.);
#658=EDGE_CURVE('',#505,#508,#52,.T.);
#659=EDGE_CURVE('',#527,#528,#53,.T.);
#660=EDGE_CURVE('',#528,#529,#54,.T.);
#661=EDGE_CURVE('',#529,#530,#300,.T.);
#662=EDGE_CURVE('',#530,#527,#55,.T.);
#663=EDGE_CURVE('',#529,#526,#56,.T.);
#664=EDGE_CURVE('',#525,#530,#57,.T.);
#665=EDGE_CURVE('',#503,#531,#58,.T.);
#666=EDGE_CURVE('',#531,#504,#59,.T.);
#667=EDGE_CURVE('',#527,#532,#60,.T.);
#668=EDGE_CURVE('',#532,#528,#61,.T.);
#669=EDGE_CURVE('',#533,#526,#433,.T.);
#670=EDGE_CURVE('',#498,#533,#301,.T.);
#671=EDGE_CURVE('',#494,#497,#302,.T.);
#672=EDGE_CURVE('',#534,#493,#303,.T.);
#673=EDGE_CURVE('',#507,#534,#434,.T.);
#674=EDGE_CURVE('',#535,#535,#435,.T.);
#675=EDGE_CURVE('',#536,#536,#436,.T.);
#676=EDGE_CURVE('',#537,#537,#437,.T.);
#677=EDGE_CURVE('',#538,#538,#438,.T.);
#678=EDGE_CURVE('',#532,#496,#439,.T.);
#679=EDGE_CURVE('',#533,#496,#440,.T.);
#680=EDGE_CURVE('',#534,#500,#441,.T.);
#681=EDGE_CURVE('',#500,#531,#442,.T.);
#682=EDGE_CURVE('',#501,#531,#304,.T.);
#683=EDGE_CURVE('',#532,#502,#305,.T.);
#684=EDGE_CURVE('',#539,#523,#306,.T.);
#685=EDGE_CURVE('',#539,#540,#307,.T.);
#686=EDGE_CURVE('',#509,#540,#308,.T.);
#687=EDGE_CURVE('',#521,#541,#309,.T.);
#688=EDGE_CURVE('',#541,#539,#443,.T.);
#689=EDGE_CURVE('',#541,#542,#310,.T.);
#690=EDGE_CURVE('',#543,#542,#444,.T.);
#691=EDGE_CURVE('',#543,#544,#311,.T.);
#692=EDGE_CURVE('',#545,#544,#445,.T.);
#693=EDGE_CURVE('',#545,#546,#312,.T.);
#694=EDGE_CURVE('',#540,#546,#446,.T.);
#695=EDGE_CURVE('',#547,#547,#447,.T.);
#696=EDGE_CURVE('',#548,#548,#448,.T.);
#697=EDGE_CURVE('',#549,#549,#449,.T.);
#698=EDGE_CURVE('',#550,#550,#450,.T.);
#699=EDGE_CURVE('',#546,#511,#313,.T.);
#700=EDGE_CURVE('',#513,#545,#314,.T.);
#701=EDGE_CURVE('',#544,#515,#315,.T.);
#702=EDGE_CURVE('',#517,#543,#316,.T.);
#703=EDGE_CURVE('',#542,#519,#317,.T.);
#704=EDGE_CURVE('',#551,#551,#451,.T.);
#705=EDGE_CURVE('',#551,#547,#318,.T.);
#706=EDGE_CURVE('',#552,#552,#452,.T.);
#707=EDGE_CURVE('',#552,#548,#319,.T.);
#708=EDGE_CURVE('',#553,#553,#453,.T.);
#709=EDGE_CURVE('',#553,#549,#320,.T.);
#710=EDGE_CURVE('',#554,#554,#454,.T.);
#711=EDGE_CURVE('',#554,#550,#321,.T.);
#712=EDGE_CURVE('',#537,#555,#322,.T.);
#713=EDGE_CURVE('',#555,#555,#455,.T.);
#714=EDGE_CURVE('',#536,#556,#323,.T.);
#715=EDGE_CURVE('',#556,#556,#456,.T.);
#716=EDGE_CURVE('',#538,#557,#324,.T.);
#717=EDGE_CURVE('',#557,#557,#457,.T.);
#718=EDGE_CURVE('',#535,#558,#325,.T.);
#719=EDGE_CURVE('',#558,#558,#458,.T.);
#720=ORIENTED_EDGE('',*,*,#559,.F.);
#721=ORIENTED_EDGE('',*,*,#560,.T.);
#722=ORIENTED_EDGE('',*,*,#561,.F.);
#723=ORIENTED_EDGE('',*,*,#562,.F.);
#724=ORIENTED_EDGE('',*,*,#563,.F.);
#725=ORIENTED_EDGE('',*,*,#560,.F.);
#726=ORIENTED_EDGE('',*,*,#564,.F.);
#727=ORIENTED_EDGE('',*,*,#565,.T.);
#728=ORIENTED_EDGE('',*,*,#566,.F.);
#729=ORIENTED_EDGE('',*,*,#565,.F.);
#730=ORIENTED_EDGE('',*,*,#561,.T.);
#731=ORIENTED_EDGE('',*,*,#563,.T.);
#732=ORIENTED_EDGE('',*,*,#567,.F.);
#733=ORIENTED_EDGE('',*,*,#568,.F.);
#734=ORIENTED_EDGE('',*,*,#569,.F.);
#735=ORIENTED_EDGE('',*,*,#570,.F.);
#736=ORIENTED_EDGE('',*,*,#571,.F.);
#737=ORIENTED_EDGE('',*,*,#572,.F.);
#738=ORIENTED_EDGE('',*,*,#573,.F.);
#739=ORIENTED_EDGE('',*,*,#574,.T.);
#740=ORIENTED_EDGE('',*,*,#575,.T.);
#741=ORIENTED_EDGE('',*,*,#576,.T.);
#742=ORIENTED_EDGE('',*,*,#577,.T.);
#743=ORIENTED_EDGE('',*,*,#578,.T.);
#744=ORIENTED_EDGE('',*,*,#579,.T.);
#745=ORIENTED_EDGE('',*,*,#580,.T.);
#746=ORIENTED_EDGE('',*,*,#576,.F.);
#747=ORIENTED_EDGE('',*,*,#581,.T.);
#748=ORIENTED_EDGE('',*,*,#582,.T.);
#749=ORIENTED_EDGE('',*,*,#583,.T.);
#750=ORIENTED_EDGE('',*,*,#579,.F.);
#751=ORIENTED_EDGE('',*,*,#584,.T.);
#752=ORIENTED_EDGE('',*,*,#581,.F.);
#753=ORIENTED_EDGE('',*,*,#585,.T.);
#754=ORIENTED_EDGE('',*,*,#586,.F.);
#755=ORIENTED_EDGE('',*,*,#587,.T.);
#756=ORIENTED_EDGE('',*,*,#575,.F.);
#757=ORIENTED_EDGE('',*,*,#588,.F.);
#758=ORIENTED_EDGE('',*,*,#589,.F.);
#759=ORIENTED_EDGE('',*,*,#585,.F.);
#760=ORIENTED_EDGE('',*,*,#559,.T.);
#761=ORIENTED_EDGE('',*,*,#564,.T.);
#762=ORIENTED_EDGE('',*,*,#574,.F.);
#763=ORIENTED_EDGE('',*,*,#590,.T.);
#764=ORIENTED_EDGE('',*,*,#570,.T.);
#765=ORIENTED_EDGE('',*,*,#591,.T.);
#766=ORIENTED_EDGE('',*,*,#592,.F.);
#767=ORIENTED_EDGE('',*,*,#588,.T.);
#768=ORIENTED_EDGE('',*,*,#578,.F.);
#769=ORIENTED_EDGE('',*,*,#593,.T.);
#770=ORIENTED_EDGE('',*,*,#594,.F.);
#771=ORIENTED_EDGE('',*,*,#571,.T.);
#772=ORIENTED_EDGE('',*,*,#590,.F.);
#773=ORIENTED_EDGE('',*,*,#595,.T.);
#774=ORIENTED_EDGE('',*,*,#596,.T.);
#775=ORIENTED_EDGE('',*,*,#597,.T.);
#776=ORIENTED_EDGE('',*,*,#598,.T.);
#777=ORIENTED_EDGE('',*,*,#599,.T.);
#778=ORIENTED_EDGE('',*,*,#600,.T.);
#779=ORIENTED_EDGE('',*,*,#597,.F.);
#780=ORIENTED_EDGE('',*,*,#586,.T.);
#781=ORIENTED_EDGE('',*,*,#601,.T.);
#782=ORIENTED_EDGE('',*,*,#602,.T.);
#783=ORIENTED_EDGE('',*,*,#599,.F.);
#784=ORIENTED_EDGE('',*,*,#589,.T.);
#785=ORIENTED_EDGE('',*,*,#592,.T.);
#786=ORIENTED_EDGE('',*,*,#584,.F.);
#787=ORIENTED_EDGE('',*,*,#587,.F.);
#788=ORIENTED_EDGE('',*,*,#596,.F.);
#789=ORIENTED_EDGE('',*,*,#603,.F.);
#790=ORIENTED_EDGE('',*,*,#604,.F.);
#791=ORIENTED_EDGE('',*,*,#605,.F.);
#792=ORIENTED_EDGE('',*,*,#595,.F.);
#793=ORIENTED_EDGE('',*,*,#606,.T.);
#794=ORIENTED_EDGE('',*,*,#607,.F.);
#795=ORIENTED_EDGE('',*,*,#608,.T.);
#796=ORIENTED_EDGE('',*,*,#609,.T.);
#797=ORIENTED_EDGE('',*,*,#603,.T.);
#798=ORIENTED_EDGE('',*,*,#583,.F.);
#799=ORIENTED_EDGE('',*,*,#610,.F.);
#800=ORIENTED_EDGE('',*,*,#611,.F.);
#801=ORIENTED_EDGE('',*,*,#612,.F.);
#802=ORIENTED_EDGE('',*,*,#593,.F.);
#803=ORIENTED_EDGE('',*,*,#577,.F.);
#804=ORIENTED_EDGE('',*,*,#580,.F.);
#805=ORIENTED_EDGE('',*,*,#582,.F.);
#806=ORIENTED_EDGE('',*,*,#605,.T.);
#807=ORIENTED_EDGE('',*,*,#613,.F.);
#808=ORIENTED_EDGE('',*,*,#614,.T.);
#809=ORIENTED_EDGE('',*,*,#615,.T.);
#810=ORIENTED_EDGE('',*,*,#610,.T.);
#811=ORIENTED_EDGE('',*,*,#602,.F.);
#812=ORIENTED_EDGE('',*,*,#616,.F.);
#813=ORIENTED_EDGE('',*,*,#617,.F.);
#814=ORIENTED_EDGE('',*,*,#618,.F.);
#815=ORIENTED_EDGE('',*,*,#606,.F.);
#816=ORIENTED_EDGE('',*,*,#598,.F.);
#817=ORIENTED_EDGE('',*,*,#600,.F.);
#818=ORIENTED_EDGE('',*,*,#601,.F.);
#819=ORIENTED_EDGE('',*,*,#591,.F.);
#820=ORIENTED_EDGE('',*,*,#569,.T.);
#821=ORIENTED_EDGE('',*,*,#619,.T.);
#822=ORIENTED_EDGE('',*,*,#616,.T.);
#823=ORIENTED_EDGE('',*,*,#620,.T.);
#824=ORIENTED_EDGE('',*,*,#621,.T.);
#825=ORIENTED_EDGE('',*,*,#619,.F.);
#826=ORIENTED_EDGE('',*,*,#568,.T.);
#827=ORIENTED_EDGE('',*,*,#562,.T.);
#828=ORIENTED_EDGE('',*,*,#573,.T.);
#829=ORIENTED_EDGE('',*,*,#622,.T.);
#830=ORIENTED_EDGE('',*,*,#623,.T.);
#831=ORIENTED_EDGE('',*,*,#620,.F.);
#832=ORIENTED_EDGE('',*,*,#567,.T.);
#833=ORIENTED_EDGE('',*,*,#594,.T.);
#834=ORIENTED_EDGE('',*,*,#624,.T.);
#835=ORIENTED_EDGE('',*,*,#622,.F.);
#836=ORIENTED_EDGE('',*,*,#572,.T.);
#837=ORIENTED_EDGE('',*,*,#625,.T.);
#838=ORIENTED_EDGE('',*,*,#626,.T.);
#839=ORIENTED_EDGE('',*,*,#627,.T.);
#840=ORIENTED_EDGE('',*,*,#628,.T.);
#841=ORIENTED_EDGE('',*,*,#629,.T.);
#842=ORIENTED_EDGE('',*,*,#630,.T.);
#843=ORIENTED_EDGE('',*,*,#631,.T.);
#844=ORIENTED_EDGE('',*,*,#632,.T.);
#845=ORIENTED_EDGE('',*,*,#631,.F.);
#846=ORIENTED_EDGE('',*,*,#633,.T.);
#847=ORIENTED_EDGE('',*,*,#634,.T.);
#848=ORIENTED_EDGE('',*,*,#635,.T.);
#849=ORIENTED_EDGE('',*,*,#634,.F.);
#850=ORIENTED_EDGE('',*,*,#636,.T.);
#851=ORIENTED_EDGE('',*,*,#637,.T.);
#852=ORIENTED_EDGE('',*,*,#638,.T.);
#853=ORIENTED_EDGE('',*,*,#637,.F.);
#854=ORIENTED_EDGE('',*,*,#639,.T.);
#855=ORIENTED_EDGE('',*,*,#640,.T.);
#856=ORIENTED_EDGE('',*,*,#641,.T.);
#857=ORIENTED_EDGE('',*,*,#642,.T.);
#858=ORIENTED_EDGE('',*,*,#643,.T.);
#859=ORIENTED_EDGE('',*,*,#640,.F.);
#860=ORIENTED_EDGE('',*,*,#644,.T.);
#861=ORIENTED_EDGE('',*,*,#642,.F.);
#862=ORIENTED_EDGE('',*,*,#645,.T.);
#863=ORIENTED_EDGE('',*,*,#646,.T.);
#864=ORIENTED_EDGE('',*,*,#647,.T.);
#865=ORIENTED_EDGE('',*,*,#646,.F.);
#866=ORIENTED_EDGE('',*,*,#648,.T.);
#867=ORIENTED_EDGE('',*,*,#649,.T.);
#868=ORIENTED_EDGE('',*,*,#650,.T.);
#869=ORIENTED_EDGE('',*,*,#649,.F.);
#870=ORIENTED_EDGE('',*,*,#651,.T.);
#871=ORIENTED_EDGE('',*,*,#652,.T.);
#872=ORIENTED_EDGE('',*,*,#653,.T.);
#873=ORIENTED_EDGE('',*,*,#654,.T.);
#874=ORIENTED_EDGE('',*,*,#655,.T.);
#875=ORIENTED_EDGE('',*,*,#652,.F.);
#876=ORIENTED_EDGE('',*,*,#656,.T.);
#877=ORIENTED_EDGE('',*,*,#629,.F.);
#878=ORIENTED_EDGE('',*,*,#657,.T.);
#879=ORIENTED_EDGE('',*,*,#627,.F.);
#880=ORIENTED_EDGE('',*,*,#658,.T.);
#881=ORIENTED_EDGE('',*,*,#659,.T.);
#882=ORIENTED_EDGE('',*,*,#660,.T.);
#883=ORIENTED_EDGE('',*,*,#661,.T.);
#884=ORIENTED_EDGE('',*,*,#662,.T.);
#885=ORIENTED_EDGE('',*,*,#661,.F.);
#886=ORIENTED_EDGE('',*,*,#663,.T.);
#887=ORIENTED_EDGE('',*,*,#654,.F.);
#888=ORIENTED_EDGE('',*,*,#664,.T.);
#889=ORIENTED_EDGE('',*,*,#625,.F.);
#890=ORIENTED_EDGE('',*,*,#665,.T.);
#891=ORIENTED_EDGE('',*,*,#666,.T.);
#892=ORIENTED_EDGE('',*,*,#659,.F.);
#893=ORIENTED_EDGE('',*,*,#667,.T.);
#894=ORIENTED_EDGE('',*,*,#668,.T.);
#895=ORIENTED_EDGE('',*,*,#632,.F.);
#896=ORIENTED_EDGE('',*,*,#635,.F.);
#897=ORIENTED_EDGE('',*,*,#638,.F.);
#898=ORIENTED_EDGE('',*,*,#641,.F.);
#899=ORIENTED_EDGE('',*,*,#643,.F.);
#900=ORIENTED_EDGE('',*,*,#647,.F.);
#901=ORIENTED_EDGE('',*,*,#650,.F.);
#902=ORIENTED_EDGE('',*,*,#653,.F.);
#903=ORIENTED_EDGE('',*,*,#655,.F.);
#904=ORIENTED_EDGE('',*,*,#669,.F.);
#905=ORIENTED_EDGE('',*,*,#670,.F.);
#906=ORIENTED_EDGE('',*,*,#614,.F.);
#907=ORIENTED_EDGE('',*,*,#671,.F.);
#908=ORIENTED_EDGE('',*,*,#608,.F.);
#909=ORIENTED_EDGE('',*,*,#672,.F.);
#910=ORIENTED_EDGE('',*,*,#673,.F.);
#911=ORIENTED_EDGE('',*,*,#674,.T.);
#912=ORIENTED_EDGE('',*,*,#675,.T.);
#913=ORIENTED_EDGE('',*,*,#676,.T.);
#914=ORIENTED_EDGE('',*,*,#677,.T.);
#915=ORIENTED_EDGE('',*,*,#663,.F.);
#916=ORIENTED_EDGE('',*,*,#660,.F.);
#917=ORIENTED_EDGE('',*,*,#668,.F.);
#918=ORIENTED_EDGE('',*,*,#678,.T.);
#919=ORIENTED_EDGE('',*,*,#679,.F.);
#920=ORIENTED_EDGE('',*,*,#669,.T.);
#921=ORIENTED_EDGE('',*,*,#657,.F.);
#922=ORIENTED_EDGE('',*,*,#673,.T.);
#923=ORIENTED_EDGE('',*,*,#680,.T.);
#924=ORIENTED_EDGE('',*,*,#681,.T.);
#925=ORIENTED_EDGE('',*,*,#665,.F.);
#926=ORIENTED_EDGE('',*,*,#628,.F.);
#927=ORIENTED_EDGE('',*,*,#607,.T.);
#928=ORIENTED_EDGE('',*,*,#618,.T.);
#929=ORIENTED_EDGE('',*,*,#680,.F.);
#930=ORIENTED_EDGE('',*,*,#672,.T.);
#931=ORIENTED_EDGE('',*,*,#613,.T.);
#932=ORIENTED_EDGE('',*,*,#604,.T.);
#933=ORIENTED_EDGE('',*,*,#609,.F.);
#934=ORIENTED_EDGE('',*,*,#671,.T.);
#935=ORIENTED_EDGE('',*,*,#679,.T.);
#936=ORIENTED_EDGE('',*,*,#611,.T.);
#937=ORIENTED_EDGE('',*,*,#615,.F.);
#938=ORIENTED_EDGE('',*,*,#670,.T.);
#939=ORIENTED_EDGE('',*,*,#621,.F.);
#940=ORIENTED_EDGE('',*,*,#682,.T.);
#941=ORIENTED_EDGE('',*,*,#681,.F.);
#942=ORIENTED_EDGE('',*,*,#617,.T.);
#943=ORIENTED_EDGE('',*,*,#624,.F.);
#944=ORIENTED_EDGE('',*,*,#612,.T.);
#945=ORIENTED_EDGE('',*,*,#678,.F.);
#946=ORIENTED_EDGE('',*,*,#683,.T.);
#947=ORIENTED_EDGE('',*,*,#623,.F.);
#948=ORIENTED_EDGE('',*,*,#683,.F.);
#949=ORIENTED_EDGE('',*,*,#667,.F.);
#950=ORIENTED_EDGE('',*,*,#662,.F.);
#951=ORIENTED_EDGE('',*,*,#664,.F.);
#952=ORIENTED_EDGE('',*,*,#656,.F.);
#953=ORIENTED_EDGE('',*,*,#684,.F.);
#954=ORIENTED_EDGE('',*,*,#685,.T.);
#955=ORIENTED_EDGE('',*,*,#686,.F.);
#956=ORIENTED_EDGE('',*,*,#630,.F.);
#957=ORIENTED_EDGE('',*,*,#658,.F.);
#958=ORIENTED_EDGE('',*,*,#626,.F.);
#959=ORIENTED_EDGE('',*,*,#666,.F.);
#960=ORIENTED_EDGE('',*,*,#682,.F.);
#961=ORIENTED_EDGE('',*,*,#566,.T.);
#962=ORIENTED_EDGE('',*,*,#651,.F.);
#963=ORIENTED_EDGE('',*,*,#687,.T.);
#964=ORIENTED_EDGE('',*,*,#688,.T.);
#965=ORIENTED_EDGE('',*,*,#684,.T.);
#966=ORIENTED_EDGE('',*,*,#688,.F.);
#967=ORIENTED_EDGE('',*,*,#689,.T.);
#968=ORIENTED_EDGE('',*,*,#690,.F.);
#969=ORIENTED_EDGE('',*,*,#691,.T.);
#970=ORIENTED_EDGE('',*,*,#692,.F.);
#971=ORIENTED_EDGE('',*,*,#693,.T.);
#972=ORIENTED_EDGE('',*,*,#694,.F.);
#973=ORIENTED_EDGE('',*,*,#685,.F.);
#974=ORIENTED_EDGE('',*,*,#695,.T.);
#975=ORIENTED_EDGE('',*,*,#696,.T.);
#976=ORIENTED_EDGE('',*,*,#697,.T.);
#977=ORIENTED_EDGE('',*,*,#698,.T.);
#978=ORIENTED_EDGE('',*,*,#633,.F.);
#979=ORIENTED_EDGE('',*,*,#686,.T.);
#980=ORIENTED_EDGE('',*,*,#694,.T.);
#981=ORIENTED_EDGE('',*,*,#699,.T.);
#982=ORIENTED_EDGE('',*,*,#636,.F.);
#983=ORIENTED_EDGE('',*,*,#699,.F.);
#984=ORIENTED_EDGE('',*,*,#693,.F.);
#985=ORIENTED_EDGE('',*,*,#700,.F.);
#986=ORIENTED_EDGE('',*,*,#639,.F.);
#987=ORIENTED_EDGE('',*,*,#700,.T.);
#988=ORIENTED_EDGE('',*,*,#692,.T.);
#989=ORIENTED_EDGE('',*,*,#701,.T.);
#990=ORIENTED_EDGE('',*,*,#644,.F.);
#991=ORIENTED_EDGE('',*,*,#701,.F.);
#992=ORIENTED_EDGE('',*,*,#691,.F.);
#993=ORIENTED_EDGE('',*,*,#702,.F.);
#994=ORIENTED_EDGE('',*,*,#645,.F.);
#995=ORIENTED_EDGE('',*,*,#702,.T.);
#996=ORIENTED_EDGE('',*,*,#690,.T.);
#997=ORIENTED_EDGE('',*,*,#703,.T.);
#998=ORIENTED_EDGE('',*,*,#648,.F.);
#999=ORIENTED_EDGE('',*,*,#703,.F.);
#1000=ORIENTED_EDGE('',*,*,#689,.F.);
#1001=ORIENTED_EDGE('',*,*,#687,.F.);
#1002=ORIENTED_EDGE('',*,*,#704,.F.);
#1003=ORIENTED_EDGE('',*,*,#705,.T.);
#1004=ORIENTED_EDGE('',*,*,#695,.F.);
#1005=ORIENTED_EDGE('',*,*,#705,.F.);
#1006=ORIENTED_EDGE('',*,*,#706,.F.);
#1007=ORIENTED_EDGE('',*,*,#707,.T.);
#1008=ORIENTED_EDGE('',*,*,#696,.F.);
#1009=ORIENTED_EDGE('',*,*,#707,.F.);
#1010=ORIENTED_EDGE('',*,*,#708,.T.);
#1011=ORIENTED_EDGE('',*,*,#709,.T.);
#1012=ORIENTED_EDGE('',*,*,#697,.F.);
#1013=ORIENTED_EDGE('',*,*,#709,.F.);
#1014=ORIENTED_EDGE('',*,*,#710,.T.);
#1015=ORIENTED_EDGE('',*,*,#711,.T.);
#1016=ORIENTED_EDGE('',*,*,#698,.F.);
#1017=ORIENTED_EDGE('',*,*,#711,.F.);
#1018=ORIENTED_EDGE('',*,*,#676,.F.);
#1019=ORIENTED_EDGE('',*,*,#712,.T.);
#1020=ORIENTED_EDGE('',*,*,#713,.T.);
#1021=ORIENTED_EDGE('',*,*,#712,.F.);
#1022=ORIENTED_EDGE('',*,*,#713,.F.);
#1023=ORIENTED_EDGE('',*,*,#706,.T.);
#1024=ORIENTED_EDGE('',*,*,#675,.F.);
#1025=ORIENTED_EDGE('',*,*,#714,.T.);
#1026=ORIENTED_EDGE('',*,*,#715,.T.);
#1027=ORIENTED_EDGE('',*,*,#714,.F.);
#1028=ORIENTED_EDGE('',*,*,#715,.F.);
#1029=ORIENTED_EDGE('',*,*,#704,.T.);
#1030=ORIENTED_EDGE('',*,*,#677,.F.);
#1031=ORIENTED_EDGE('',*,*,#716,.T.);
#1032=ORIENTED_EDGE('',*,*,#717,.T.);
#1033=ORIENTED_EDGE('',*,*,#716,.F.);
#1034=ORIENTED_EDGE('',*,*,#717,.F.);
#1035=ORIENTED_EDGE('',*,*,#708,.F.);
#1036=ORIENTED_EDGE('',*,*,#674,.F.);
#1037=ORIENTED_EDGE('',*,*,#718,.T.);
#1038=ORIENTED_EDGE('',*,*,#719,.T.);
#1039=ORIENTED_EDGE('',*,*,#718,.F.);
#1040=ORIENTED_EDGE('',*,*,#719,.F.);
#1041=ORIENTED_EDGE('',*,*,#710,.F.);
#1042=CYLINDRICAL_SURFACE('',#1146,0.499999999999999);
#1043=CYLINDRICAL_SURFACE('',#1151,0.500000000000001);
#1044=CYLINDRICAL_SURFACE('',#1157,2.);
#1045=CYLINDRICAL_SURFACE('',#1165,2.);
#1046=CYLINDRICAL_SURFACE('',#1166,15.);
#1047=CYLINDRICAL_SURFACE('',#1172,2.);
#1048=CYLINDRICAL_SURFACE('',#1177,2.);
#1049=CYLINDRICAL_SURFACE('',#1226,2.);
#1050=CYLINDRICAL_SURFACE('',#1227,2.);
#1051=CYLINDRICAL_SURFACE('',#1228,2.);
#1052=CYLINDRICAL_SURFACE('',#1229,2.5);
#1053=CYLINDRICAL_SURFACE('',#1230,2.5);
#1054=CYLINDRICAL_SURFACE('',#1232,5.);
#1055=CYLINDRICAL_SURFACE('',#1242,5.);
#1056=CYLINDRICAL_SURFACE('',#1244,5.);
#1057=CYLINDRICAL_SURFACE('',#1246,5.);
#1058=CYLINDRICAL_SURFACE('',#1248,0.500000000000007);
#1059=CYLINDRICAL_SURFACE('',#1250,0.500000000000007);
#1060=CYLINDRICAL_SURFACE('',#1252,0.499999999999998);
#1061=CYLINDRICAL_SURFACE('',#1254,0.499999999999998);
#1062=CYLINDRICAL_SURFACE('',#1256,2.5);
#1063=CYLINDRICAL_SURFACE('',#1259,2.5);
#1064=CYLINDRICAL_SURFACE('',#1262,2.5);
#1065=CYLINDRICAL_SURFACE('',#1265,2.49999999999999);
#1066=ADVANCED_FACE('',(#92),#1042,.F.);
#1067=ADVANCED_FACE('',(#93),#1043,.F.);
#1068=ADVANCED_FACE('',(#94),#68,.T.);
#1069=ADVANCED_FACE('',(#95),#1044,.T.);
#1070=ADVANCED_FACE('',(#96),#62,.T.);
#1071=ADVANCED_FACE('',(#97),#1045,.T.);
#1072=ADVANCED_FACE('',(#98),#1046,.F.);
#1073=ADVANCED_FACE('',(#99,#27,#28),#69,.T.);
#1074=ADVANCED_FACE('',(#100),#70,.T.);
#1075=ADVANCED_FACE('',(#101),#71,.T.);
#1076=ADVANCED_FACE('',(#102),#1047,.T.);
#1077=ADVANCED_FACE('',(#103),#63,.T.);
#1078=ADVANCED_FACE('',(#104),#1048,.T.);
#1079=ADVANCED_FACE('',(#105),#72,.T.);
#1080=ADVANCED_FACE('',(#106),#64,.F.);
#1081=ADVANCED_FACE('',(#107),#73,.T.);
#1082=ADVANCED_FACE('',(#108),#65,.F.);
#1083=ADVANCED_FACE('',(#109),#74,.T.);
#1084=ADVANCED_FACE('',(#110),#75,.T.);
#1085=ADVANCED_FACE('',(#111),#21,.T.);
#1086=ADVANCED_FACE('',(#112),#76,.T.);
#1087=ADVANCED_FACE('',(#113),#22,.T.);
#1088=ADVANCED_FACE('',(#114),#15,.T.);
#1089=ADVANCED_FACE('',(#115),#77,.T.);
#1090=ADVANCED_FACE('',(#116),#23,.T.);
#1091=ADVANCED_FACE('',(#117),#78,.T.);
#1092=ADVANCED_FACE('',(#118),#24,.T.);
#1093=ADVANCED_FACE('',(#119),#79,.T.);
#1094=ADVANCED_FACE('',(#120),#25,.T.);
#1095=ADVANCED_FACE('',(#121),#80,.T.);
#1096=ADVANCED_FACE('',(#122),#26,.T.);
#1097=ADVANCED_FACE('',(#123),#81,.T.);
#1098=ADVANCED_FACE('',(#124),#16,.T.);
#1099=ADVANCED_FACE('',(#125),#17,.T.);
#1100=ADVANCED_FACE('',(#126),#18,.T.);
#1101=ADVANCED_FACE('',(#127),#19,.F.);
#1102=ADVANCED_FACE('',(#128),#20,.F.);
#1103=ADVANCED_FACE('',(#129,#29,#30,#31,#32),#82,.T.);
#1104=ADVANCED_FACE('',(#130),#66,.F.);
#1105=ADVANCED_FACE('',(#131),#67,.F.);
#1106=ADVANCED_FACE('',(#132),#1049,.F.);
#1107=ADVANCED_FACE('',(#133),#1050,.F.);
#1108=ADVANCED_FACE('',(#134),#1051,.F.);
#1109=ADVANCED_FACE('',(#135),#1052,.T.);
#1110=ADVANCED_FACE('',(#136),#1053,.T.);
#1111=ADVANCED_FACE('',(#137,#33),#83,.T.);
#1112=ADVANCED_FACE('',(#138),#1054,.T.);
#1113=ADVANCED_FACE('',(#139,#34,#35,#36,#37),#84,.F.);
#1114=ADVANCED_FACE('',(#140),#1055,.T.);
#1115=ADVANCED_FACE('',(#141),#85,.T.);
#1116=ADVANCED_FACE('',(#142),#1056,.T.);
#1117=ADVANCED_FACE('',(#143),#86,.T.);
#1118=ADVANCED_FACE('',(#144),#1057,.T.);
#1119=ADVANCED_FACE('',(#145),#87,.T.);
#1120=ADVANCED_FACE('',(#146),#1058,.F.);
#1121=ADVANCED_FACE('',(#147),#1059,.F.);
#1122=ADVANCED_FACE('',(#148),#1060,.F.);
#1123=ADVANCED_FACE('',(#149),#1061,.F.);
#1124=ADVANCED_FACE('',(#150),#1062,.F.);
#1125=ADVANCED_FACE('',(#151,#38),#88,.T.);
#1126=ADVANCED_FACE('',(#152),#1063,.F.);
#1127=ADVANCED_FACE('',(#153,#39),#89,.T.);
#1128=ADVANCED_FACE('',(#154),#1064,.F.);
#1129=ADVANCED_FACE('',(#155,#40),#90,.T.);
#1130=ADVANCED_FACE('',(#156),#1065,.F.);
#1131=ADVANCED_FACE('',(#157,#41),#91,.T.);
#1132=CLOSED_SHELL('',(#1066,#1067,#1068,#1069,#1070,#1071,#1072,#1073,
#1074,#1075,#1076,#1077,#1078,#1079,#1080,#1081,#1082,#1083,#1084,#1085,
#1086,#1087,#1088,#1089,#1090,#1091,#1092,#1093,#1094,#1095,#1096,#1097,
#1098,#1099,#1100,#1101,#1102,#1103,#1104,#1105,#1106,#1107,#1108,#1109,
#1110,#1111,#1112,#1113,#1114,#1115,#1116,#1117,#1118,#1119,#1120,#1121,
#1122,#1123,#1124,#1125,#1126,#1127,#1128,#1129,#1130,#1131));
#1133=DERIVED_UNIT_ELEMENT(#1135,1.);
#1134=DERIVED_UNIT_ELEMENT(#2160,-3.);
#1135=(
MASS_UNIT()
NAMED_UNIT(*)
SI_UNIT(.KILO.,.GRAM.)
);
#1136=DERIVED_UNIT((#1133,#1134));
#1137=MEASURE_REPRESENTATION_ITEM('density measure',
POSITIVE_RATIO_MEASURE(7850.),#1136);
#1138=PROPERTY_DEFINITION_REPRESENTATION(#1143,#1140);
#1139=PROPERTY_DEFINITION_REPRESENTATION(#1144,#1141);
#1140=REPRESENTATION('material name',(#1142),#2157);
#1141=REPRESENTATION('density',(#1137),#2157);
#1142=DESCRIPTIVE_REPRESENTATION_ITEM('Steel','Steel');
#1143=PROPERTY_DEFINITION('material property','material name',#2167);
#1144=PROPERTY_DEFINITION('material property','density of part',#2167);
#1145=AXIS2_PLACEMENT_3D('',#1593,#1268,#1269);
#1146=AXIS2_PLACEMENT_3D('',#1594,#1270,#1271);
#1147=AXIS2_PLACEMENT_3D('',#1596,#1272,#1273);
#1148=AXIS2_PLACEMENT_3D('',#1600,#1275,#1276);
#1149=AXIS2_PLACEMENT_3D('',#1602,#1277,#1278);
#1150=AXIS2_PLACEMENT_3D('',#1603,#1279,#1280);
#1151=AXIS2_PLACEMENT_3D('',#1604,#1281,#1282);
#1152=AXIS2_PLACEMENT_3D('',#1606,#1283,#1284);
#1153=AXIS2_PLACEMENT_3D('',#1609,#1286,#1287);
#1154=AXIS2_PLACEMENT_3D('',#1610,#1288,#1289);
#1155=AXIS2_PLACEMENT_3D('',#1614,#1291,#1292);
#1156=AXIS2_PLACEMENT_3D('',#1622,#1296,#1297);
#1157=AXIS2_PLACEMENT_3D('',#1624,#1299,#1300);
#1158=AXIS2_PLACEMENT_3D('',#1627,#1301,#1302);
#1159=AXIS2_PLACEMENT_3D('',#1631,#1304,#1305);
#1160=AXIS2_PLACEMENT_3D('',#1634,#1307,#1308);
#1161=AXIS2_PLACEMENT_3D('',#1635,#1309,#1310);
#1162=AXIS2_PLACEMENT_3D('',#1638,#1311,#1312);
#1163=AXIS2_PLACEMENT_3D('',#1639,#1313,#1314);
#1164=AXIS2_PLACEMENT_3D('',#1640,#1315,#1316);
#1165=AXIS2_PLACEMENT_3D('',#1641,#1317,#1318);
#1166=AXIS2_PLACEMENT_3D('',#1662,#1321,#1322);
#1167=AXIS2_PLACEMENT_3D('',#1666,#1324,#1325);
#1168=AXIS2_PLACEMENT_3D('',#1668,#1327,#1328);
#1169=AXIS2_PLACEMENT_3D('',#1672,#1331,#1332);
#1170=AXIS2_PLACEMENT_3D('',#1676,#1335,#1336);
#1171=AXIS2_PLACEMENT_3D('',#1677,#1337,#1338);
#1172=AXIS2_PLACEMENT_3D('',#1681,#1341,#1342);
#1173=AXIS2_PLACEMENT_3D('',#1702,#1344,#1345);
#1174=AXIS2_PLACEMENT_3D('',#1704,#1347,#1348);
#1175=AXIS2_PLACEMENT_3D('',#1706,#1349,#1350);
#1176=AXIS2_PLACEMENT_3D('',#1707,#1351,#1352);
#1177=AXIS2_PLACEMENT_3D('',#1708,#1353,#1354);
#1178=AXIS2_PLACEMENT_3D('',#1710,#1355,#1356);
#1179=AXIS2_PLACEMENT_3D('',#1712,#1358,#1359);
#1180=AXIS2_PLACEMENT_3D('',#1724,#1361,#1362);
#1181=AXIS2_PLACEMENT_3D('',#1731,#1363,#1364);
#1182=AXIS2_PLACEMENT_3D('',#1733,#1365,#1366);
#1183=AXIS2_PLACEMENT_3D('',#1734,#1367,#1368);
#1184=AXIS2_PLACEMENT_3D('',#1735,#1369,#1370);
#1185=AXIS2_PLACEMENT_3D('',#1744,#1373,#1374);
#1186=AXIS2_PLACEMENT_3D('',#1746,#1375,#1376);
#1187=AXIS2_PLACEMENT_3D('',#1748,#1377,#1378);
#1188=AXIS2_PLACEMENT_3D('',#1749,#1379,#1380);
#1189=AXIS2_PLACEMENT_3D('',#1750,#1381,#1382);
#1190=AXIS2_PLACEMENT_3D('',#1756,#1386,#1387);
#1191=AXIS2_PLACEMENT_3D('',#1758,#1389,#1390);
#1192=AXIS2_PLACEMENT_3D('',#1761,#1392,#1393);
#1193=AXIS2_PLACEMENT_3D('',#1762,#1394,#1395);
#1194=AXIS2_PLACEMENT_3D('',#1766,#1398,#1399);
#1195=AXIS2_PLACEMENT_3D('',#1767,#1400,#1401);
#1196=AXIS2_PLACEMENT_3D('',#1825,#1403,#1404);
#1197=AXIS2_PLACEMENT_3D('',#1834,#1409,#1410);
#1198=AXIS2_PLACEMENT_3D('',#1836,#1411,#1412);
#1199=AXIS2_PLACEMENT_3D('',#1839,#1414,#1415);
#1200=AXIS2_PLACEMENT_3D('',#1840,#1416,#1417);
#1201=AXIS2_PLACEMENT_3D('',#1846,#1421,#1422);
#1202=AXIS2_PLACEMENT_3D('',#1848,#1423,#1424);
#1203=AXIS2_PLACEMENT_3D('',#1851,#1426,#1427);
#1204=AXIS2_PLACEMENT_3D('',#1852,#1428,#1429);
#1205=AXIS2_PLACEMENT_3D('',#1858,#1433,#1434);
#1206=AXIS2_PLACEMENT_3D('',#1860,#1435,#1436);
#1207=AXIS2_PLACEMENT_3D('',#1863,#1438,#1439);
#1208=AXIS2_PLACEMENT_3D('',#1864,#1440,#1441);
#1209=AXIS2_PLACEMENT_3D('',#1870,#1445,#1446);
#1210=AXIS2_PLACEMENT_3D('',#1872,#1447,#1448);
#1211=AXIS2_PLACEMENT_3D('',#1875,#1450,#1451);
#1212=AXIS2_PLACEMENT_3D('',#1876,#1452,#1453);
#1213=AXIS2_PLACEMENT_3D('',#2049,#1458,#1459);
#1214=AXIS2_PLACEMENT_3D('',#2051,#1460,#1461);
#1215=AXIS2_PLACEMENT_3D('',#2056,#1465,#1466);
#1216=AXIS2_PLACEMENT_3D('',#2058,#1467,#1468);
#1217=AXIS2_PLACEMENT_3D('',#2060,#1469,#1470);
#1218=AXIS2_PLACEMENT_3D('',#2062,#1471,#1472);
#1219=AXIS2_PLACEMENT_3D('',#2064,#1473,#1474);
#1220=AXIS2_PLACEMENT_3D('',#2065,#1475,#1476);
#1221=AXIS2_PLACEMENT_3D('',#2066,#1477,#1478);
#1222=AXIS2_PLACEMENT_3D('',#2067,#1479,#1480);
#1223=AXIS2_PLACEMENT_3D('',#2068,#1481,#1482);
#1224=AXIS2_PLACEMENT_3D('',#2069,#1483,#1484);
#1225=AXIS2_PLACEMENT_3D('',#2070,#1485,#1486);
#1226=AXIS2_PLACEMENT_3D('',#2071,#1487,#1488);
#1227=AXIS2_PLACEMENT_3D('',#2072,#1489,#1490);
#1228=AXIS2_PLACEMENT_3D('',#2073,#1491,#1492);
#1229=AXIS2_PLACEMENT_3D('',#2074,#1493,#1494);
#1230=AXIS2_PLACEMENT_3D('',#2076,#1496,#1497);
#1231=AXIS2_PLACEMENT_3D('',#2078,#1499,#1500);
#1232=AXIS2_PLACEMENT_3D('',#2084,#1504,#1505);
#1233=AXIS2_PLACEMENT_3D('',#2087,#1507,#1508);
#1234=AXIS2_PLACEMENT_3D('',#2088,#1509,#1510);
#1235=AXIS2_PLACEMENT_3D('',#2092,#1512,#1513);
#1236=AXIS2_PLACEMENT_3D('',#2096,#1515,#1516);
#1237=AXIS2_PLACEMENT_3D('',#2099,#1518,#1519);
#1238=AXIS2_PLACEMENT_3D('',#2101,#1520,#1521);
#1239=AXIS2_PLACEMENT_3D('',#2103,#1522,#1523);
#1240=AXIS2_PLACEMENT_3D('',#2105,#1524,#1525);
#1241=AXIS2_PLACEMENT_3D('',#2107,#1526,#1527);
#1242=AXIS2_PLACEMENT_3D('',#2108,#1528,#1529);
#1243=AXIS2_PLACEMENT_3D('',#2110,#1531,#1532);
#1244=AXIS2_PLACEMENT_3D('',#2112,#1534,#1535);
#1245=AXIS2_PLACEMENT_3D('',#2114,#1537,#1538);
#1246=AXIS2_PLACEMENT_3D('',#2116,#1540,#1541);
#1247=AXIS2_PLACEMENT_3D('',#2118,#1543,#1544);
#1248=AXIS2_PLACEMENT_3D('',#2119,#1545,#1546);
#1249=AXIS2_PLACEMENT_3D('',#2121,#1547,#1548);
#1250=AXIS2_PLACEMENT_3D('',#2123,#1550,#1551);
#1251=AXIS2_PLACEMENT_3D('',#2125,#1552,#1553);
#1252=AXIS2_PLACEMENT_3D('',#2127,#1555,#1556);
#1253=AXIS2_PLACEMENT_3D('',#2129,#1557,#1558);
#1254=AXIS2_PLACEMENT_3D('',#2131,#1560,#1561);
#1255=AXIS2_PLACEMENT_3D('',#2133,#1562,#1563);
#1256=AXIS2_PLACEMENT_3D('',#2135,#1565,#1566);
#1257=AXIS2_PLACEMENT_3D('',#2138,#1568,#1569);
#1258=AXIS2_PLACEMENT_3D('',#2139,#1570,#1571);
#1259=AXIS2_PLACEMENT_3D('',#2140,#1572,#1573);
#1260=AXIS2_PLACEMENT_3D('',#2143,#1575,#1576);
#1261=AXIS2_PLACEMENT_3D('',#2144,#1577,#1578);
#1262=AXIS2_PLACEMENT_3D('',#2145,#1579,#1580);
#1263=AXIS2_PLACEMENT_3D('',#2148,#1582,#1583);
#1264=AXIS2_PLACEMENT_3D('',#2149,#1584,#1585);
#1265=AXIS2_PLACEMENT_3D('',#2150,#1586,#1587);
#1266=AXIS2_PLACEMENT_3D('',#2153,#1589,#1590);
#1267=AXIS2_PLACEMENT_3D('',#2154,#1591,#1592);
#1268=DIRECTION('axis',(0.,0.,1.));
#1269=DIRECTION('refdir',(1.,0.,0.));
#1270=DIRECTION('center_axis',(0.,-0.965925826296549,0.258819045074604));
#1271=DIRECTION('ref_axis',(-1.,-5.47382212626883E-47,6.84227765783604E-47));
#1272=DIRECTION('center_axis',(-3.09706155478245E-12,-0.965925826296549,
0.258819045074604));
#1273=DIRECTION('ref_axis',(-1.,-5.47382212626883E-47,6.84227765783604E-47));
#1274=DIRECTION('',(0.,-0.965925826296548,0.258819045074604));
#1275=DIRECTION('center_axis',(1.1966541307327E-11,2.89013524209949E-11,
-1.));
#1276=DIRECTION('ref_axis',(-1.34389285995047E-47,-1.,-2.89013834073784E-11));
#1277=DIRECTION('center_axis',(8.46131894054712E-12,0.707106781206981,-0.707106781166114));
#1278=DIRECTION('ref_axis',(-4.49675315130159E-47,-0.707106781166114,-0.707106781206981));
#1279=DIRECTION('center_axis',(1.1966541307327E-11,2.89013524209949E-11,
-1.));
#1280=DIRECTION('ref_axis',(-1.34389285995047E-47,-1.,-2.89013834073784E-11));
#1281=DIRECTION('center_axis',(0.,-0.965925826296549,0.258819045074604));
#1282=DIRECTION('ref_axis',(-1.,-1.09476442525376E-46,8.21073318940321E-47));
#1283=DIRECTION('center_axis',(-3.09706155478245E-12,-0.965925826296549,
0.258819045074604));
#1284=DIRECTION('ref_axis',(-1.,-1.09476442525376E-46,8.21073318940321E-47));
#1285=DIRECTION('',(0.,-0.965925826296549,0.258819045074604));
#1286=DIRECTION('center_axis',(-4.29306040974991E-16,1.,2.89013524209949E-11));
#1287=DIRECTION('ref_axis',(-4.92380729478134E-47,2.89013624760116E-11,
-1.));
#1288=DIRECTION('center_axis',(-1.1966541307327E-11,-2.89013524209949E-11,
1.));
#1289=DIRECTION('ref_axis',(-1.11022561849436E-16,1.,2.89013524209949E-11));
#1290=DIRECTION('',(-1.,-4.29305695125764E-16,-1.1966541307327E-11));
#1291=DIRECTION('center_axis',(1.1966541307327E-11,2.89013524209949E-11,
-1.));
#1292=DIRECTION('ref_axis',(0.707106781186553,-0.707106781186543,-1.19747197765877E-11));
#1293=DIRECTION('',(1.11022561849436E-16,-1.,-2.89013524209949E-11));
#1294=DIRECTION('',(1.,1.11022216000435E-16,1.1966541307327E-11));
#1295=DIRECTION('',(-1.11022561849436E-16,1.,2.89013524209949E-11));
#1296=DIRECTION('center_axis',(1.1966541307327E-11,2.89013524209949E-11,
-1.));
#1297=DIRECTION('ref_axis',(-0.707106781186548,-0.707106781186548,-2.88979647881076E-11));
#1298=DIRECTION('',(-1.,-4.29305695125764E-16,-1.1966541307327E-11));
#1299=DIRECTION('center_axis',(1.15588200348555E-11,-0.258819045074604,
-0.965925826296549));
#1300=DIRECTION('ref_axis',(-0.70710678118436,0.683012701897507,-0.183012701880938));
#1301=DIRECTION('center_axis',(7.28485686666051E-12,-0.793353340273644,
-0.608761429031646));
#1302=DIRECTION('ref_axis',(9.494078934597E-12,0.608761429031646,-0.793353340273644));
#1303=DIRECTION('',(1.15588200348555E-11,-0.258819045074604,-0.965925826296549));
#1304=DIRECTION('center_axis',(-1.15561079640742E-11,0.258819045074609,
0.965925826296547));
#1305=DIRECTION('ref_axis',(3.09752223870418E-12,0.965925826296547,-0.258819045074609));
#1306=DIRECTION('',(-1.15588200348555E-11,0.258819045074604,0.965925826296549));
#1307=DIRECTION('center_axis',(0.70710678119501,2.04364207869095E-11,-0.707106781178086));
#1308=DIRECTION('ref_axis',(-0.661224832938732,-0.354349319987805,-0.661224832964799));
#1309=DIRECTION('center_axis',(-1.,-1.11022216000209E-16,-1.1966541307327E-11));
#1310=DIRECTION('ref_axis',(-1.19662876099219E-11,0.,1.));
#1311=DIRECTION('center_axis',(-1.19637633133607E-11,-2.89013257770419E-11,
1.));
#1312=DIRECTION('ref_axis',(0.,1.,2.89013257770419E-11));
#1313=DIRECTION('center_axis',(-1.,-1.11022216000209E-16,-1.1966541307327E-11));
#1314=DIRECTION('ref_axis',(-1.56183699814092E-12,-0.991444861377583,0.130526192191398));
#1315=DIRECTION('center_axis',(1.,1.11022216000209E-16,1.1966541307327E-11));
#1316=DIRECTION('ref_axis',(-1.56184324732559E-12,-0.991444861377583,0.130526192191398));
#1317=DIRECTION('center_axis',(1.1966541307327E-11,2.89013524209949E-11,
-1.));
#1318=DIRECTION('ref_axis',(-0.707106781186549,0.707106781186546,1.19750951823812E-11));
#1319=DIRECTION('',(-1.1966541307327E-11,-2.89013524209949E-11,1.));
#1320=DIRECTION('',(1.1966541307327E-11,2.89013524209949E-11,-1.));
#1321=DIRECTION('center_axis',(1.,1.11022216000209E-16,1.1966541307327E-11));
#1322=DIRECTION('ref_axis',(-1.56175205030061E-12,-0.991444861377583,0.130526192191397));
#1323=DIRECTION('',(1.,1.11022216000209E-16,1.1966541307327E-11));
#1324=DIRECTION('center_axis',(-1.,-1.11022216000209E-16,-1.1966541307327E-11));
#1325=DIRECTION('ref_axis',(-1.56184324732559E-12,-0.991444861377583,0.130526192191397));
#1326=DIRECTION('',(-1.,-1.11022216000209E-16,-1.1966541307327E-11));
#1327=DIRECTION('center_axis',(3.09706155478245E-12,0.965925826296549,-0.258819045074604));
#1328=DIRECTION('ref_axis',(1.15588200348555E-11,-0.258819045074604,-0.965925826296549));
#1329=DIRECTION('',(-1.,-1.11022216000435E-16,-1.1966541307327E-11));
#1330=DIRECTION('',(-1.15588200348555E-11,0.258819045074604,0.965925826296549));
#1331=DIRECTION('center_axis',(-7.28485686666051E-12,0.793353340273644,
0.608761429031646));
#1332=DIRECTION('ref_axis',(1.,0.,1.19666859942958E-11));
#1333=DIRECTION('',(0.621514878284557,-0.476905139561857,0.621514878285643));
#1334=DIRECTION('',(0.621514878299441,0.476905139561856,-0.62151487827076));
#1335=DIRECTION('center_axis',(7.28485686666051E-12,-0.793353340273644,
-0.608761429031646));
#1336=DIRECTION('ref_axis',(9.4934183352382E-12,0.608761429031646,-0.793353340273644));
#1337=DIRECTION('center_axis',(-0.70710678119501,-2.04364207869095E-11,
0.707106781178086));
#1338=DIRECTION('ref_axis',(0.707106781178086,0.,0.70710678119501));
#1339=DIRECTION('',(1.11022561849436E-16,-1.,-2.89013524209949E-11));
#1340=DIRECTION('',(-0.707106781178096,2.04363234422284E-11,-0.707106781194998));
#1341=DIRECTION('center_axis',(1.1966541307327E-11,2.89013524209949E-11,
-1.));
#1342=DIRECTION('ref_axis',(0.707106781186549,0.707106781186546,2.88975517020749E-11));
#1343=DIRECTION('',(-1.1966541307327E-11,-2.89013524209949E-11,1.));
#1344=DIRECTION('center_axis',(1.19726450975577E-11,2.89102075612392E-11,
-1.));
#1345=DIRECTION('ref_axis',(0.,1.,2.89102075612392E-11));
#1346=DIRECTION('',(1.1966541307327E-11,2.89013524209949E-11,-1.));
#1347=DIRECTION('center_axis',(1.,1.11022216000209E-16,1.1966541307327E-11));
#1348=DIRECTION('ref_axis',(1.19662876099219E-11,0.,-1.));
#1349=DIRECTION('center_axis',(1.15561079640742E-11,-0.258819045074609,
-0.965925826296547));
#1350=DIRECTION('ref_axis',(3.09752223870418E-12,0.965925826296547,-0.258819045074609));
#1351=DIRECTION('center_axis',(1.,1.11022216000209E-16,1.1966541307327E-11));
#1352=DIRECTION('ref_axis',(-1.56183699814091E-12,-0.991444861377583,0.130526192191398));
#1353=DIRECTION('center_axis',(-1.15588200348555E-11,0.258819045074604,
0.965925826296549));
#1354=DIRECTION('ref_axis',(0.707106781188734,0.683012701897513,-0.183012701864017));
#1355=DIRECTION('center_axis',(-0.707106781178076,2.04362637777862E-11,
-0.707106781195019));
#1356=DIRECTION('ref_axis',(0.661224832954566,-0.354349319987809,-0.661224832948963));
#1357=DIRECTION('',(1.15588200348555E-11,-0.258819045074604,-0.965925826296549));
#1358=DIRECTION('center_axis',(-1.11022561849436E-16,1.,2.89013524209949E-11));
#1359=DIRECTION('ref_axis',(-1.,-1.11022216000209E-16,-1.1966541307327E-11));
#1360=DIRECTION('',(1.,1.11022216000209E-16,1.1966541307327E-11));
#1361=DIRECTION('center_axis',(-1.1966541307327E-11,-2.89013524209949E-11,
1.));
#1362=DIRECTION('ref_axis',(1.,0.,1.19665644914536E-11));
#1363=DIRECTION('center_axis',(-3.45816751414841E-22,1.,2.89013257770421E-11));
#1364=DIRECTION('ref_axis',(1.19659837594099E-11,2.89013257770421E-11,-1.));
#1365=DIRECTION('center_axis',(-1.1966541307327E-11,-2.89013524209949E-11,
1.));
#1366=DIRECTION('ref_axis',(0.707106781186548,0.707106781186547,2.88979647881076E-11));
#1367=DIRECTION('center_axis',(-1.,3.45836116101173E-22,-1.196598375941E-11));
#1368=DIRECTION('ref_axis',(1.196598375941E-11,2.89013257770421E-11,-1.));
#1369=DIRECTION('center_axis',(-1.,-1.11022216000209E-16,-1.1966541307327E-11));
#1370=DIRECTION('ref_axis',(1.11022561849436E-16,-1.,-2.89013524209949E-11));
#1371=DIRECTION('',(-1.11022561849436E-16,1.,2.89013524209949E-11));
#1372=DIRECTION('',(1.1966541307327E-11,2.89013524209949E-11,-1.));
#1373=DIRECTION('center_axis',(-1.1966541307327E-11,-2.89013524209949E-11,
1.));
#1374=DIRECTION('ref_axis',(1.,0.,1.19665644914536E-11));
#1375=DIRECTION('center_axis',(-1.,3.45822831190491E-22,-1.19659837594099E-11));
#1376=DIRECTION('ref_axis',(1.19659837594099E-11,2.89013257770421E-11,-1.));
#1377=DIRECTION('center_axis',(-1.1966541307327E-11,-2.89013524209949E-11,
1.));
#1378=DIRECTION('ref_axis',(-0.707106781186549,0.707106781186546,1.19747197765879E-11));
#1379=DIRECTION('center_axis',(3.45784664497522E-22,-1.,-2.8901325777042E-11));
#1380=DIRECTION('ref_axis',(1.19637633133607E-11,2.8901325777042E-11,-1.));
#1381=DIRECTION('center_axis',(1.,1.11022216000209E-16,1.1966541307327E-11));
#1382=DIRECTION('ref_axis',(-1.11022561849436E-16,1.,2.89013524209949E-11));
#1383=DIRECTION('',(-1.11022561849436E-16,1.,2.89013524209949E-11));
#1384=DIRECTION('',(-1.1966541307327E-11,-2.89013524209949E-11,1.));
#1385=DIRECTION('',(1.11022561849436E-16,-1.,-2.89013524209949E-11));
#1386=DIRECTION('center_axis',(0.707106781178076,-2.04362637777862E-11,
0.707106781195019));
#1387=DIRECTION('ref_axis',(0.707106781195019,0.,-0.707106781178076));
#1388=DIRECTION('',(0.707106781195018,2.04363234422283E-11,-0.707106781178077));
#1389=DIRECTION('center_axis',(1.196598375941E-11,2.89013257770422E-11,
-1.));
#1390=DIRECTION('ref_axis',(0.707106781186552,-0.707106781186543,-1.19752942968254E-11));
#1391=DIRECTION('',(8.46122825984693E-12,-0.707106781166108,-0.707106781206987));
#1392=DIRECTION('center_axis',(-1.1966541307327E-11,-2.89013524209949E-11,
1.));
#1393=DIRECTION('ref_axis',(0.707106781186552,-0.707106781186542,-1.1975409200873E-11));
#1394=DIRECTION('center_axis',(-8.46131894054712E-12,-0.707106781206981,
0.707106781166114));
#1395=DIRECTION('ref_axis',(1.,0.,1.19661120016319E-11));
#1396=DIRECTION('',(8.46279835230554E-12,-0.707106781166114,-0.707106781206981));
#1397=DIRECTION('',(1.,4.29305695125764E-16,1.1966541307327E-11));
#1398=DIRECTION('center_axis',(1.19659837594102E-11,2.89013257770427E-11,
-1.));
#1399=DIRECTION('ref_axis',(-0.707106781186547,-0.707106781186547,-2.88973588676705E-11));
#1400=DIRECTION('center_axis',(-1.1966541307327E-11,-2.89013524209949E-11,
1.));
#1401=DIRECTION('ref_axis',(-0.707106781186547,-0.707106781186547,-2.88972376835831E-11));
#1402=DIRECTION('',(-8.74536819514157E-12,0.68267382791438,0.730723233981736));
#1403=DIRECTION('center_axis',(-8.46131894054705E-12,-0.707106781206986,
0.707106781166109));
#1404=DIRECTION('ref_axis',(1.,0.,1.19661120016319E-11));
#1405=DIRECTION('',(8.46279835230555E-12,-0.707106781166109,-0.707106781206986));
#1406=DIRECTION('',(1.,4.29305695125764E-16,1.1966541307327E-11));
#1407=DIRECTION('',(-8.46279835230555E-12,0.707106781166109,0.707106781206986));
#1408=DIRECTION('',(-1.,-4.29305695125764E-16,-1.1966541307327E-11));
#1409=DIRECTION('center_axis',(1.19682042054592E-11,2.89013257770421E-11,
-1.));
#1410=DIRECTION('ref_axis',(0.707106781186549,-0.707106781186546,-1.19743656205366E-11));
#1411=DIRECTION('center_axis',(-1.1966541307327E-11,-2.89013524209949E-11,
1.));
#1412=DIRECTION('ref_axis',(0.707106781186549,-0.707106781186546,-1.19741531269059E-11));
#1413=DIRECTION('',(-0.707106781195012,-2.04363234422279E-11,0.707106781178083));
#1414=DIRECTION('center_axis',(1.1966541307327E-11,2.89013524209949E-11,
-1.));
#1415=DIRECTION('ref_axis',(0.707106781186549,-0.707106781186546,-1.19747197765879E-11));
#1416=DIRECTION('center_axis',(0.707106781178085,-2.0436263777786E-11,0.70710678119501));
#1417=DIRECTION('ref_axis',(0.70710678119501,0.,-0.707106781178085));
#1418=DIRECTION('',(-1.11022561849436E-16,1.,2.89013524209949E-11));
#1419=DIRECTION('',(-0.70710678119501,-2.0436323442228E-11,0.707106781178085));
#1420=DIRECTION('',(1.11022561849436E-16,-1.,-2.89013524209949E-11));
#1421=DIRECTION('center_axis',(1.19682042054592E-11,2.89013257770421E-11,
-1.));
#1422=DIRECTION('ref_axis',(0.707106781186548,0.707106781186548,2.88979028708945E-11));
#1423=DIRECTION('center_axis',(-1.1966541307327E-11,-2.89013524209949E-11,
1.));
#1424=DIRECTION('ref_axis',(0.707106781186547,0.707106781186547,2.88978657205666E-11));
#1425=DIRECTION('',(-8.46279835230556E-12,-0.707106781206982,0.707106781166113));
#1426=DIRECTION('center_axis',(1.1966541307327E-11,2.89013524209949E-11,
-1.));
#1427=DIRECTION('ref_axis',(0.707106781186548,0.707106781186548,2.88979647881076E-11));
#1428=DIRECTION('center_axis',(-8.46170101056619E-12,0.707106781166113,
0.707106781206983));
#1429=DIRECTION('ref_axis',(1.,0.,1.1966652329543E-11));
#1430=DIRECTION('',(-8.46122825984688E-12,-0.707106781206982,0.707106781166113));
#1431=DIRECTION('',(1.,1.11022216000209E-16,1.1966541307327E-11));
#1432=DIRECTION('',(-1.,-1.11022216000209E-16,-1.1966541307327E-11));
#1433=DIRECTION('center_axis',(1.19659837594099E-11,2.89013257770421E-11,
-1.));
#1434=DIRECTION('ref_axis',(-0.707106781186547,0.707106781186547,1.19747581436513E-11));
#1435=DIRECTION('center_axis',(-1.1966541307327E-11,-2.89013524209949E-11,
1.));
#1436=DIRECTION('ref_axis',(-0.707106781186547,0.707106781186547,1.19747811638894E-11));
#1437=DIRECTION('',(0.707106781178086,-2.0436323442228E-11,0.707106781195009));
#1438=DIRECTION('center_axis',(1.1966541307327E-11,2.89013524209949E-11,
-1.));
#1439=DIRECTION('ref_axis',(-0.707106781186548,0.707106781186548,1.19747197765879E-11));
#1440=DIRECTION('center_axis',(-0.707106781195009,-2.04364207869096E-11,
0.707106781178086));
#1441=DIRECTION('ref_axis',(0.707106781178086,0.,0.707106781195009));
#1442=DIRECTION('',(1.11022561849436E-16,-1.,-2.89013524209949E-11));
#1443=DIRECTION('',(0.707106781178084,-2.04363234422281E-11,0.707106781195011));
#1444=DIRECTION('',(-1.11022561849436E-16,1.,2.89013524209949E-11));
#1445=DIRECTION('center_axis',(1.19659837594099E-11,2.8901325777042E-11,
-1.));
#1446=DIRECTION('ref_axis',(-0.707106781186546,-0.707106781186549,-2.88982953940092E-11));
#1447=DIRECTION('center_axis',(-1.1966541307327E-11,-2.89013524209949E-11,
1.));
#1448=DIRECTION('ref_axis',(-0.707106781186546,-0.707106781186549,-2.88984937575501E-11));
#1449=DIRECTION('',(-8.46279835230559E-12,0.707106781166106,0.707106781206989));
#1450=DIRECTION('center_axis',(1.1966541307327E-11,2.89013524209949E-11,
-1.));
#1451=DIRECTION('ref_axis',(-0.707106781186546,-0.707106781186549,-2.88979647881076E-11));
#1452=DIRECTION('center_axis',(-8.46131894054714E-12,-0.707106781206979,
0.707106781166116));
#1453=DIRECTION('ref_axis',(1.,0.,1.19661120016319E-11));
#1454=DIRECTION('',(-8.46279835230548E-12,0.707106781166116,0.707106781206979));
#1455=DIRECTION('',(-1.,-4.29305695125764E-16,-1.1966541307327E-11));
#1456=DIRECTION('',(1.,4.29305695125764E-16,1.1966541307327E-11));
#1457=DIRECTION('',(8.74081015056461E-12,-0.682673827914374,-0.730723233981742));
#1458=DIRECTION('center_axis',(-1.1966541307327E-11,-2.89013524209949E-11,
1.));
#1459=DIRECTION('ref_axis',(1.,1.11022216000209E-16,1.1966541307327E-11));
#1460=DIRECTION('center_axis',(-1.1966541307327E-11,-2.89013524209949E-11,
1.));
#1461=DIRECTION('ref_axis',(-0.707106781186549,-0.707106781186546,-2.88979647881076E-11));
#1462=DIRECTION('',(1.11022561849436E-16,-1.,-2.89013524209949E-11));
#1463=DIRECTION('',(-1.,-1.11022216000209E-16,-1.1966541307327E-11));
#1464=DIRECTION('',(-1.11022561849436E-16,1.,2.89013524209949E-11));
#1465=DIRECTION('center_axis',(-1.1966541307327E-11,-2.89013524209949E-11,
1.));
#1466=DIRECTION('ref_axis',(0.707106781186545,-0.70710678118655,-1.1974719776588E-11));
#1467=DIRECTION('center_axis',(1.1966541307327E-11,2.89013524209949E-11,
-1.));
#1468=DIRECTION('ref_axis',(1.,1.11022216000209E-16,1.1966541307327E-11));
#1469=DIRECTION('center_axis',(1.1966541307327E-11,2.89013524209949E-11,
-1.));
#1470=DIRECTION('ref_axis',(1.,1.11022216000209E-16,1.1966541307327E-11));
#1471=DIRECTION('center_axis',(1.1966541307327E-11,2.89013524209949E-11,
-1.));
#1472=DIRECTION('ref_axis',(1.,1.11022216000209E-16,1.1966541307327E-11));
#1473=DIRECTION('center_axis',(1.1966541307327E-11,2.89013524209949E-11,
-1.));
#1474=DIRECTION('ref_axis',(1.,1.11022216000209E-16,1.1966541307327E-11));
#1475=DIRECTION('center_axis',(-1.1966541307327E-11,-2.89013524209949E-11,
1.));
#1476=DIRECTION('ref_axis',(1.,0.,1.19665644914536E-11));
#1477=DIRECTION('center_axis',(1.1966541307327E-11,2.89013524209949E-11,
-1.));
#1478=DIRECTION('ref_axis',(-0.707106781186549,-0.707106781186546,-2.88979951079682E-11));
#1479=DIRECTION('center_axis',(3.4588894697881E-22,-1.,-2.89013257770421E-11));
#1480=DIRECTION('ref_axis',(1.196598375941E-11,2.89013257770421E-11,-1.));
#1481=DIRECTION('center_axis',(-1.1966541307327E-11,-2.89013524209949E-11,
1.));
#1482=DIRECTION('ref_axis',(1.,0.,1.19665644914536E-11));
#1483=DIRECTION('center_axis',(-3.45816751414841E-22,1.,2.89013257770421E-11));
#1484=DIRECTION('ref_axis',(1.19659837594099E-11,2.89013257770421E-11,-1.));
#1485=DIRECTION('center_axis',(1.1966541307327E-11,2.89013524209949E-11,
-1.));
#1486=DIRECTION('ref_axis',(0.707106781186545,-0.70710678118655,-1.19747545213044E-11));
#1487=DIRECTION('center_axis',(1.11022561849436E-16,-1.,-2.89013524209949E-11));
#1488=DIRECTION('ref_axis',(-0.707106781178087,2.0436323442228E-11,-0.707106781195008));
#1489=DIRECTION('center_axis',(1.,1.11022216000209E-16,1.1966541307327E-11));
#1490=DIRECTION('ref_axis',(8.46171891374022E-12,-0.70710678116611,-0.707106781206985));
#1491=DIRECTION('center_axis',(1.11022561849436E-16,-1.,-2.89013524209949E-11));
#1492=DIRECTION('ref_axis',(0.707106781195011,2.0436323442228E-11,-0.707106781178085));
#1493=DIRECTION('center_axis',(-1.1966541307327E-11,-2.89013524209949E-11,
1.));
#1494=DIRECTION('ref_axis',(0.707106781186553,-0.707106781186543,-1.1975409200873E-11));
#1495=DIRECTION('',(1.1966541307327E-11,2.89013524209949E-11,-1.));
#1496=DIRECTION('center_axis',(-1.1966541307327E-11,-2.89013524209949E-11,
1.));
#1497=DIRECTION('ref_axis',(-0.707106781186547,-0.707106781186547,-2.88972376835831E-11));
#1498=DIRECTION('',(-1.1966541307327E-11,-2.89013524209949E-11,1.));
#1499=DIRECTION('center_axis',(4.29306040974991E-16,-1.,-2.89013524209949E-11));
#1500=DIRECTION('ref_axis',(1.,4.29305695288417E-16,1.196091343419E-11));
#1501=DIRECTION('',(-1.1966541307327E-11,-2.89013524209949E-11,1.));
#1502=DIRECTION('',(1.,4.29305695125764E-16,1.1966541307327E-11));
#1503=DIRECTION('',(1.1966541307327E-11,2.89013524209949E-11,-1.));
#1504=DIRECTION('center_axis',(-1.1966541307327E-11,-2.89013524209949E-11,
1.));
#1505=DIRECTION('ref_axis',(-0.707106781186546,-0.707106781186549,-2.88984937575501E-11));
#1506=DIRECTION('',(1.1966541307327E-11,2.89013524209949E-11,-1.));
#1507=DIRECTION('center_axis',(-1.1966541307327E-11,-2.89013524209949E-11,
1.));
#1508=DIRECTION('ref_axis',(-0.707106781186546,-0.707106781186549,-2.88984937575501E-11));
#1509=DIRECTION('center_axis',(-1.1966541307327E-11,-2.89013524209949E-11,
1.));
#1510=DIRECTION('ref_axis',(-1.,-1.11022216000209E-16,-1.1966541307327E-11));
#1511=DIRECTION('',(-1.11022561849436E-16,1.,2.89013524209949E-11));
#1512=DIRECTION('center_axis',(-1.1966541307327E-11,-2.89013524209949E-11,
1.));
#1513=DIRECTION('ref_axis',(-0.707106781186547,0.707106781186547,1.19747811638894E-11));
#1514=DIRECTION('',(1.,1.11022216000209E-16,1.1966541307327E-11));
#1515=DIRECTION('center_axis',(-1.1966541307327E-11,-2.89013524209949E-11,
1.));
#1516=DIRECTION('ref_axis',(0.707106781186547,0.707106781186547,2.88978657205666E-11));
#1517=DIRECTION('',(1.11022561849436E-16,-1.,-2.89013524209949E-11));
#1518=DIRECTION('center_axis',(-1.1966541307327E-11,-2.89013524209949E-11,
1.));
#1519=DIRECTION('ref_axis',(0.707106781186549,-0.707106781186546,-1.19741531269059E-11));
#1520=DIRECTION('center_axis',(-1.1966541307327E-11,-2.89013524209949E-11,
1.));
#1521=DIRECTION('ref_axis',(1.,1.11022216000209E-16,1.1966541307327E-11));
#1522=DIRECTION('center_axis',(-1.1966541307327E-11,-2.89013524209949E-11,
1.));
#1523=DIRECTION('ref_axis',(1.,1.11022216000209E-16,1.1966541307327E-11));
#1524=DIRECTION('center_axis',(-1.1966541307327E-11,-2.89013524209949E-11,
1.));
#1525=DIRECTION('ref_axis',(1.,1.11022216000209E-16,1.1966541307327E-11));
#1526=DIRECTION('center_axis',(-1.1966541307327E-11,-2.89013524209949E-11,
1.));
#1527=DIRECTION('ref_axis',(1.,1.11022216000209E-16,1.1966541307327E-11));
#1528=DIRECTION('center_axis',(1.1966541307327E-11,2.89013524209949E-11,
-1.));
#1529=DIRECTION('ref_axis',(0.707106781186549,-0.707106781186546,-1.19741531269059E-11));
#1530=DIRECTION('',(-1.1966541307327E-11,-2.89013524209949E-11,1.));
#1531=DIRECTION('center_axis',(1.,1.11022216000209E-16,1.1966541307327E-11));
#1532=DIRECTION('ref_axis',(-1.1966541307327E-11,-2.89013524209949E-11,
1.));
#1533=DIRECTION('',(1.1966541307327E-11,2.89013524209949E-11,-1.));
#1534=DIRECTION('center_axis',(-1.1966541307327E-11,-2.89013524209949E-11,
1.));
#1535=DIRECTION('ref_axis',(0.707106781186547,0.707106781186547,2.88978657205666E-11));
#1536=DIRECTION('',(-1.1966541307327E-11,-2.89013524209949E-11,1.));
#1537=DIRECTION('center_axis',(-1.11022561849436E-16,1.,2.89013524209949E-11));
#1538=DIRECTION('ref_axis',(1.1966541307327E-11,2.89013524209949E-11,-1.));
#1539=DIRECTION('',(1.1966541307327E-11,2.89013524209949E-11,-1.));
#1540=DIRECTION('center_axis',(1.1966541307327E-11,2.89013524209949E-11,
-1.));
#1541=DIRECTION('ref_axis',(-0.707106781186547,0.707106781186547,1.19747811638894E-11));
#1542=DIRECTION('',(-1.1966541307327E-11,-2.89013524209949E-11,1.));
#1543=DIRECTION('center_axis',(-1.,-1.11022216000209E-16,-1.1966541307327E-11));
#1544=DIRECTION('ref_axis',(1.1966541307327E-11,2.89013524209949E-11,-1.));
#1545=DIRECTION('center_axis',(1.1966541307327E-11,2.89013524209949E-11,
-1.));
#1546=DIRECTION('ref_axis',(1.,1.11022216000209E-16,1.1966541307327E-11));
#1547=DIRECTION('center_axis',(1.1966541307327E-11,2.89013524209949E-11,
-1.));
#1548=DIRECTION('ref_axis',(1.,1.11022216000209E-16,1.1966541307327E-11));
#1549=DIRECTION('',(1.1966541307327E-11,2.89013524209949E-11,-1.));
#1550=DIRECTION('center_axis',(1.1966541307327E-11,2.89013524209949E-11,
-1.));
#1551=DIRECTION('ref_axis',(1.,1.11022216000209E-16,1.1966541307327E-11));
#1552=DIRECTION('center_axis',(1.1966541307327E-11,2.89013524209949E-11,
-1.));
#1553=DIRECTION('ref_axis',(1.,1.11022216000209E-16,1.1966541307327E-11));
#1554=DIRECTION('',(1.1966541307327E-11,2.89013524209949E-11,-1.));
#1555=DIRECTION('center_axis',(1.1966541307327E-11,2.89013524209949E-11,
-1.));
#1556=DIRECTION('ref_axis',(1.,1.11022216000209E-16,1.1966541307327E-11));
#1557=DIRECTION('center_axis',(-1.1966541307327E-11,-2.89013524209949E-11,
1.));
#1558=DIRECTION('ref_axis',(1.,1.11022216000209E-16,1.1966541307327E-11));
#1559=DIRECTION('',(1.1966541307327E-11,2.89013524209949E-11,-1.));
#1560=DIRECTION('center_axis',(1.1966541307327E-11,2.89013524209949E-11,
-1.));
#1561=DIRECTION('ref_axis',(1.,1.11022216000209E-16,1.1966541307327E-11));
#1562=DIRECTION('center_axis',(-1.1966541307327E-11,-2.89013524209949E-11,
1.));
#1563=DIRECTION('ref_axis',(1.,1.11022216000209E-16,1.1966541307327E-11));
#1564=DIRECTION('',(1.1966541307327E-11,2.89013524209949E-11,-1.));
#1565=DIRECTION('center_axis',(1.1966541307327E-11,2.89013524209949E-11,
-1.));
#1566=DIRECTION('ref_axis',(1.,1.11022216000209E-16,1.1966541307327E-11));
#1567=DIRECTION('',(1.1966541307327E-11,2.89013524209949E-11,-1.));
#1568=DIRECTION('center_axis',(1.1966541307327E-11,2.89013524209949E-11,
-1.));
#1569=DIRECTION('ref_axis',(1.,1.11022216000209E-16,1.1966541307327E-11));
#1570=DIRECTION('center_axis',(-1.1966541307327E-11,-2.89013524209949E-11,
1.));
#1571=DIRECTION('ref_axis',(1.,1.11022216000209E-16,1.1966541307327E-11));
#1572=DIRECTION('center_axis',(1.1966541307327E-11,2.89013524209949E-11,
-1.));
#1573=DIRECTION('ref_axis',(1.,1.11022216000209E-16,1.1966541307327E-11));
#1574=DIRECTION('',(1.1966541307327E-11,2.89013524209949E-11,-1.));
#1575=DIRECTION('center_axis',(1.1966541307327E-11,2.89013524209949E-11,
-1.));
#1576=DIRECTION('ref_axis',(1.,1.11022216000209E-16,1.1966541307327E-11));
#1577=DIRECTION('center_axis',(-1.1966541307327E-11,-2.89013524209949E-11,
1.));
#1578=DIRECTION('ref_axis',(1.,1.11022216000209E-16,1.1966541307327E-11));
#1579=DIRECTION('center_axis',(1.1966541307327E-11,2.89013524209949E-11,
-1.));
#1580=DIRECTION('ref_axis',(1.,1.11022216000209E-16,1.1966541307327E-11));
#1581=DIRECTION('',(1.1966541307327E-11,2.89013524209949E-11,-1.));
#1582=DIRECTION('center_axis',(1.1966541307327E-11,2.89013524209949E-11,
-1.));
#1583=DIRECTION('ref_axis',(1.,1.11022216000209E-16,1.1966541307327E-11));
#1584=DIRECTION('center_axis',(-1.1966541307327E-11,-2.89013524209949E-11,
1.));
#1585=DIRECTION('ref_axis',(1.,1.11022216000209E-16,1.1966541307327E-11));
#1586=DIRECTION('center_axis',(1.1966541307327E-11,2.89013524209949E-11,
-1.));
#1587=DIRECTION('ref_axis',(1.,1.11022216000209E-16,1.1966541307327E-11));
#1588=DIRECTION('',(1.1966541307327E-11,2.89013524209949E-11,-1.));
#1589=DIRECTION('center_axis',(1.1966541307327E-11,2.89013524209949E-11,
-1.));
#1590=DIRECTION('ref_axis',(1.,1.11022216000209E-16,1.1966541307327E-11));
#1591=DIRECTION('center_axis',(-1.1966541307327E-11,-2.89013524209949E-11,
1.));
#1592=DIRECTION('ref_axis',(1.,1.11022216000209E-16,1.1966541307327E-11));
#1593=CARTESIAN_POINT('',(0.,0.,0.));
#1594=CARTESIAN_POINT('Origin',(0.66956567537545,-126.30427484934,180.040979820801));
#1595=CARTESIAN_POINT('',(1.16956567537545,-126.30427484934,180.040979820801));
#1596=CARTESIAN_POINT('Origin',(0.66956567537545,-126.304274849445,180.040979820829));
#1597=CARTESIAN_POINT('',(1.16956567537545,-147.189029814997,185.637033047323));
#1598=CARTESIAN_POINT('',(1.16956567537545,-126.30427484934,180.040979820801));
#1599=CARTESIAN_POINT('',(0.23694564701089,-148.157578710594,185.637033047284));
#1600=CARTESIAN_POINT('Origin',(0.66956567537545,-147.189029814974,185.637033047317));
#1601=CARTESIAN_POINT('',(1.10218570374581,-148.157578710594,185.637033047294));
#1602=CARTESIAN_POINT('Origin',(0.66956567537545,-147.952900245595,185.8417115123));
#1603=CARTESIAN_POINT('Origin',(0.66956567537545,-147.189029814974,185.637033047317));
#1604=CARTESIAN_POINT('Origin',(0.669565675375503,-133.654735787309,152.608686138077));
#1605=CARTESIAN_POINT('',(1.1695656753755,-133.654735787309,152.608686138077));
#1606=CARTESIAN_POINT('Origin',(0.669565675375503,-133.654735787414,152.608686138105));
#1607=CARTESIAN_POINT('',(1.1695656753755,-150.157578709768,157.030609571456));
#1608=CARTESIAN_POINT('',(1.1695656753755,-133.654735787309,152.608686138077));
#1609=CARTESIAN_POINT('Origin',(0.669565675375503,-150.157578709768,157.030609571456));
#1610=CARTESIAN_POINT('Origin',(35.6442998376778,-150.157578710594,185.63703304765));
#1611=CARTESIAN_POINT('',(33.1442998376778,-148.157578710594,185.637033047678));
#1612=CARTESIAN_POINT('',(-14.6904830000471,-148.157578710594,185.637033047105));
#1613=CARTESIAN_POINT('',(33.6442998376778,-147.657578710594,185.637033047698));
#1614=CARTESIAN_POINT('Origin',(33.1442998376778,-147.657578710594,185.637033047692));
#1615=CARTESIAN_POINT('',(33.6442998376778,-126.804816906493,185.637033048301));
#1616=CARTESIAN_POINT('',(33.6442998376778,-150.157578710594,185.637033047626));
#1617=CARTESIAN_POINT('',(-32.3557001623222,-126.804816906493,185.637033047511));
#1618=CARTESIAN_POINT('',(35.6442998376778,-126.804816906493,185.637033048325));
#1619=CARTESIAN_POINT('',(-32.3557001623222,-147.657578710594,185.637033046908));
#1620=CARTESIAN_POINT('',(-32.3557001623222,-142.657578710594,185.637033047053));
#1621=CARTESIAN_POINT('',(-31.8557001623222,-148.157578710594,185.6370330469));
#1622=CARTESIAN_POINT('Origin',(-31.8557001623222,-147.657578710594,185.637033046914));
#1623=CARTESIAN_POINT('',(-14.6904830000471,-148.157578710594,185.637033047105));
#1624=CARTESIAN_POINT('Origin',(-32.3557001611761,-152.538049458354,89.8626067050831));
#1625=CARTESIAN_POINT('',(-33.7354289984536,-125.746113734384,184.257304211377));
#1626=CARTESIAN_POINT('',(-32.3557001622991,-125.322454996643,183.705181394976));
#1627=CARTESIAN_POINT('Origin',(-32.355700162323,-126.857108972658,185.705181394931));
#1628=CARTESIAN_POINT('',(-32.3557001618827,-134.646466103869,148.907498208449));
#1629=CARTESIAN_POINT('',(-32.3557001611699,-150.606197805761,89.3449686149339));
#1630=CARTESIAN_POINT('',(-34.3557001618889,-136.578317756462,149.425136298574));
#1631=CARTESIAN_POINT('Origin',(-32.3557001618889,-136.578317756462,149.425136298598));
#1632=CARTESIAN_POINT('',(-34.3557001622983,-127.411267652118,183.63703304747));
#1633=CARTESIAN_POINT('',(-34.3557001611761,-152.538049458354,89.8626067050591));
#1634=CARTESIAN_POINT('Origin',(-32.3557001623222,-126.875369267314,185.637033047509));
#1635=CARTESIAN_POINT('Origin',(-32.3557001618362,-120.157578709421,145.02521253233));
#1636=CARTESIAN_POINT('',(-32.3557001618362,-135.157578709421,145.025212531896));
#1637=CARTESIAN_POINT('',(-34.3557001618362,-137.157578709421,145.025212531814));
#1638=CARTESIAN_POINT('Origin',(-32.3557001618362,-137.157578709421,145.025212531838));
#1639=CARTESIAN_POINT('Origin',(-34.3557001618362,-120.157578709421,145.025212532306));
#1640=CARTESIAN_POINT('Origin',(-32.3557001618362,-120.157578709421,145.02521253233));
#1641=CARTESIAN_POINT('Origin',(-32.3557001598854,-137.157578704709,-18.0000000043508));
#1642=CARTESIAN_POINT('',(-32.3557001602341,-135.157578705357,4.4422531034295));
#1643=CARTESIAN_POINT('',(-34.355700160154,-137.157578705277,4.44225310334779));
#1644=CARTESIAN_POINT('Ctrl Pts',(-32.3557001602684,-135.157578705357,4.44225310338986));
#1645=CARTESIAN_POINT('Ctrl Pts',(-32.3572583747762,-135.157578705358,4.44360086616896));
#1646=CARTESIAN_POINT('Ctrl Pts',(-32.3588231651725,-135.157580526375,4.44494602160645));
#1647=CARTESIAN_POINT('Ctrl Pts',(-32.4776034522774,-135.157859324424,4.54643147893837));
#1648=CARTESIAN_POINT('Ctrl Pts',(-32.6302947167633,-135.168506058556,4.63123698436558));
#1649=CARTESIAN_POINT('Ctrl Pts',(-32.9904846111888,-135.251372708119,4.77266312501655));
#1650=CARTESIAN_POINT('Ctrl Pts',(-33.19246907308,-135.326391572889,4.82406248384581));
#1651=CARTESIAN_POINT('Ctrl Pts',(-33.5855550681204,-135.563992145361,4.88515180105167));
#1652=CARTESIAN_POINT('Ctrl Pts',(-33.7615384072604,-135.716531397038,4.8932854923889));
#1653=CARTESIAN_POINT('Ctrl Pts',(-34.0579182860729,-136.080676823276,4.86774269652107));
#1654=CARTESIAN_POINT('Ctrl Pts',(-34.1671192418996,-136.283471930228,4.83308095676066));
#1655=CARTESIAN_POINT('Ctrl Pts',(-34.3034090975828,-136.664425034816,4.72360774388552));
#1656=CARTESIAN_POINT('Ctrl Pts',(-34.3344714925056,-136.83346572515,4.65531365478575));
#1657=CARTESIAN_POINT('Ctrl Pts',(-34.3535930776705,-137.043620297802,4.53116974511107));
#1658=CARTESIAN_POINT('Ctrl Pts',(-34.3557001601515,-137.104393661254,4.4882549999282));
#1659=CARTESIAN_POINT('Ctrl Pts',(-34.355700160154,-137.157578705243,4.44225310330813));
#1660=CARTESIAN_POINT('',(-34.3557001598854,-137.157578704709,-18.0000000043747));
#1661=CARTESIAN_POINT('',(-32.3557001598854,-135.157578704709,-18.0000000042929));
#1662=CARTESIAN_POINT('Origin',(35.6442998381638,-120.157578709421,145.025212533143));
#1663=CARTESIAN_POINT('',(33.6442998381173,-134.646466103869,148.907498209238));
#1664=CARTESIAN_POINT('',(35.6442998381173,-134.646466103869,148.907498209262));
#1665=CARTESIAN_POINT('',(33.6442998381638,-135.157578709421,145.025212532686));
#1666=CARTESIAN_POINT('Origin',(33.6442998381638,-120.157578709421,145.025212533119));
#1667=CARTESIAN_POINT('',(35.6442998381638,-135.157578709421,145.02521253271));
#1668=CARTESIAN_POINT('Origin',(35.6442998376778,-124.804816906493,185.637033048383));
#1669=CARTESIAN_POINT('',(33.6442998377009,-125.322454996643,183.705181395766));
#1670=CARTESIAN_POINT('',(35.6442998377009,-125.322454996643,183.70518139579));
#1671=CARTESIAN_POINT('',(33.6442998388525,-151.108602541515,87.4699686157091));
#1672=CARTESIAN_POINT('Origin',(35.6442998376893,-126.063635951568,184.671107222057));
#1673=CARTESIAN_POINT('',(-34.2875518148773,-125.322454996643,183.705181394953));
#1674=CARTESIAN_POINT('',(35.0240286738422,-125.746113734384,184.2573042122));
#1675=CARTESIAN_POINT('',(33.6442998376778,-126.804816906493,185.637033048301));
#1676=CARTESIAN_POINT('Origin',(33.644299837677,-126.857108972658,185.705181395721));
#1677=CARTESIAN_POINT('Origin',(-33.3557001623103,-142.657578710565,184.637033047041));
#1678=CARTESIAN_POINT('',(-34.3557001622983,-147.657578710536,183.637033046885));
#1679=CARTESIAN_POINT('',(-34.3557001622983,-142.657578710536,183.637033047029));
#1680=CARTESIAN_POINT('',(-32.3557001623222,-147.657578710594,185.637033046908));
#1681=CARTESIAN_POINT('Origin',(33.6442998401146,-137.157578704709,-18.000000003561));
#1682=CARTESIAN_POINT('',(35.644299839846,-137.157578705277,4.44225310418545));
#1683=CARTESIAN_POINT('',(33.6442998399262,-135.157578705357,4.4422531042193));
#1684=CARTESIAN_POINT('Ctrl Pts',(35.6442998398461,-137.157578705243,4.44225310414581));
#1685=CARTESIAN_POINT('Ctrl Pts',(35.6442998398459,-137.156020490735,4.443600866925));
#1686=CARTESIAN_POINT('Ctrl Pts',(35.6442980188286,-137.154455700339,4.44494602236259));
#1687=CARTESIAN_POINT('Ctrl Pts',(35.6440192207808,-137.035675413237,4.5464314797001));
#1688=CARTESIAN_POINT('Ctrl Pts',(35.6333724866507,-136.882984148754,4.63123698513349));
#1689=CARTESIAN_POINT('Ctrl Pts',(35.5505058370896,-136.522794254336,4.77266312579996));
#1690=CARTESIAN_POINT('Ctrl Pts',(35.4754869723207,-136.320809792447,4.82406248463886));
#1691=CARTESIAN_POINT('Ctrl Pts',(35.2378863998496,-135.927723797408,4.88515180186489));
#1692=CARTESIAN_POINT('Ctrl Pts',(35.0853471481725,-135.751740458268,4.89328549321169));
#1693=CARTESIAN_POINT('Ctrl Pts',(34.721201721934,-135.455360579455,4.86774269736207));
#1694=CARTESIAN_POINT('Ctrl Pts',(34.5184066149806,-135.346159623627,4.8330809576094));
#1695=CARTESIAN_POINT('Ctrl Pts',(34.1374535103907,-135.20986976794,4.72360774474598));
#1696=CARTESIAN_POINT('Ctrl Pts',(33.9684128200557,-135.178807373014,4.65531365564997));
#1697=CARTESIAN_POINT('Ctrl Pts',(33.7582582474048,-135.159685787845,4.53116974598163));
#1698=CARTESIAN_POINT('Ctrl Pts',(33.6974848839522,-135.157578705362,4.48825500080001));
#1699=CARTESIAN_POINT('Ctrl Pts',(33.6442998399605,-135.157578705357,4.44225310417961));
#1700=CARTESIAN_POINT('',(33.6442998401146,-135.157578704709,-18.0000000035032));
#1701=CARTESIAN_POINT('',(35.6442998381638,-137.15757870942,145.025212532652));
#1702=CARTESIAN_POINT('Origin',(33.6442998381638,-137.15757870942,145.025212532628));
#1703=CARTESIAN_POINT('',(35.6442998401146,-137.157578704709,-18.000000003537));
#1704=CARTESIAN_POINT('Origin',(33.6442998381638,-120.157578709421,145.025212533119));
#1705=CARTESIAN_POINT('',(35.6442998381111,-136.578317756462,149.425136299412));
#1706=CARTESIAN_POINT('Origin',(33.6442998381111,-136.578317756462,149.425136299388));
#1707=CARTESIAN_POINT('Origin',(35.6442998381638,-120.157578709421,145.025212533143));
#1708=CARTESIAN_POINT('Origin',(33.6442998388463,-153.040454194108,87.9876067058583));
#1709=CARTESIAN_POINT('',(35.6442998377017,-127.411267652118,183.637033048307));
#1710=CARTESIAN_POINT('Origin',(33.6442998376778,-126.875369267314,185.637033048299));
#1711=CARTESIAN_POINT('',(35.6442998388463,-153.040454194108,87.9876067058822));
#1712=CARTESIAN_POINT('Origin',(35.6442998401146,-135.157578704709,-18.0000000034792));
#1713=CARTESIAN_POINT('',(33.1442998398513,-135.157578705345,3.99999999649086));
#1714=CARTESIAN_POINT('Ctrl Pts',(33.1442998398513,-135.157578705345,3.99999999649086));
#1715=CARTESIAN_POINT('Ctrl Pts',(33.3034810470144,-135.157578705349,4.14237599647716));
#1716=CARTESIAN_POINT('Ctrl Pts',(33.4707758064334,-135.157578705353,4.29216514608735));
#1717=CARTESIAN_POINT('Ctrl Pts',(33.6442998399605,-135.157578705357,4.44225310417964));
#1718=CARTESIAN_POINT('',(-31.8557001601487,-135.157578705345,3.99999999571304));
#1719=CARTESIAN_POINT('',(0.644299839851342,-135.157578705345,3.99999999610195));
#1720=CARTESIAN_POINT('Ctrl Pts',(-32.3557001602684,-135.157578705357,4.44225310338982));
#1721=CARTESIAN_POINT('Ctrl Pts',(-32.1821761267377,-135.157578705353,4.29216514530168));
#1722=CARTESIAN_POINT('Ctrl Pts',(-32.0148813673152,-135.157578705349,4.14237599569552));
#1723=CARTESIAN_POINT('Ctrl Pts',(-31.8557001601487,-135.157578705345,3.99999999571304));
#1724=CARTESIAN_POINT('Origin',(33.1442998398513,-137.657578705345,3.9999999964186));
#1725=CARTESIAN_POINT('',(35.6442998398513,-137.657578705345,3.99999999644852));
#1726=CARTESIAN_POINT('Ctrl Pts',(35.644299839846,-137.157578705243,4.4422531041458));
#1727=CARTESIAN_POINT('Ctrl Pts',(35.6442998398478,-137.331102738768,4.29216514605057));
#1728=CARTESIAN_POINT('Ctrl Pts',(35.6442998398496,-137.498397498184,4.14237599643752));
#1729=CARTESIAN_POINT('Ctrl Pts',(35.6442998398513,-137.657578705345,3.99999999644852));
#1730=CARTESIAN_POINT('',(37.6442998398753,-137.657578705287,1.99999999647246));
#1731=CARTESIAN_POINT('Origin',(37.6442998398513,-137.657578705345,3.99999999647246));
#1732=CARTESIAN_POINT('',(33.1442998398753,-133.157578705287,1.99999999654866));
#1733=CARTESIAN_POINT('Origin',(33.1442998398753,-137.657578705287,1.99999999641861));
#1734=CARTESIAN_POINT('Origin',(33.1442998398513,-133.157578705345,3.99999999654866));
#1735=CARTESIAN_POINT('Origin',(-34.3557001598854,-135.157578704709,-18.0000000043169));
#1736=CARTESIAN_POINT('',(-34.3557001601487,-137.657578705345,3.99999999561086));
#1737=CARTESIAN_POINT('Ctrl Pts',(-34.3557001601487,-137.657578705345,3.99999999561087));
#1738=CARTESIAN_POINT('Ctrl Pts',(-34.3557001601504,-137.498397498184,4.14237599559987));
#1739=CARTESIAN_POINT('Ctrl Pts',(-34.3557001601522,-137.331102738768,4.2921651452129));
#1740=CARTESIAN_POINT('Ctrl Pts',(-34.355700160154,-137.157578705243,4.44225310330813));
#1741=CARTESIAN_POINT('',(-34.3557001601487,-147.657578705345,3.99999999532185));
#1742=CARTESIAN_POINT('',(-34.3557001601487,-135.157578705345,3.99999999568312));
#1743=CARTESIAN_POINT('',(-34.3557001597286,-147.65757870433,-31.100000004678));
#1744=CARTESIAN_POINT('Origin',(-31.8557001601487,-137.657578705345,3.99999999564078));
#1745=CARTESIAN_POINT('',(-31.8557001601247,-133.157578705287,1.99999999577084));
#1746=CARTESIAN_POINT('Origin',(-31.8557001601487,-133.157578705345,3.99999999577084));
#1747=CARTESIAN_POINT('',(-36.3557001601247,-137.657578705287,1.99999999558693));
#1748=CARTESIAN_POINT('Origin',(-31.8557001601247,-137.657578705287,1.99999999564078));
#1749=CARTESIAN_POINT('Origin',(-36.3557001601487,-137.657578705345,3.99999999558693));
#1750=CARTESIAN_POINT('Origin',(35.6442998401146,-150.157578704709,-18.0000000039127));
#1751=CARTESIAN_POINT('',(35.6442998377017,-147.657578710536,183.637033047722));
#1752=CARTESIAN_POINT('',(35.6442998377017,-150.157578710536,183.63703304765));
#1753=CARTESIAN_POINT('',(35.6442998398513,-147.657578705345,3.99999999615951));
#1754=CARTESIAN_POINT('',(35.6442998402714,-147.65757870433,-31.1000000038404));
#1755=CARTESIAN_POINT('',(35.6442998398513,-142.657578705345,3.99999999630402));
#1756=CARTESIAN_POINT('Origin',(34.6442998376897,-150.157578710565,184.637033047638));
#1757=CARTESIAN_POINT('',(33.6442998376778,-147.657578710594,185.637033047698));
#1758=CARTESIAN_POINT('Origin',(33.1442998376897,-147.657578710565,184.637033047692));
#1759=CARTESIAN_POINT('',(33.1442998377017,-150.157578710536,183.63703304762));
#1760=CARTESIAN_POINT('',(33.1442998376778,-148.157578710594,185.637033047678));
#1761=CARTESIAN_POINT('Origin',(33.1442998377017,-147.657578710536,183.637033047692));
#1762=CARTESIAN_POINT('Origin',(-14.6904830000351,-149.157578710565,184.637033047077));
#1763=CARTESIAN_POINT('',(-31.8557001622983,-150.157578710536,183.637033046842));
#1764=CARTESIAN_POINT('',(-31.8557001623222,-148.157578710594,185.6370330469));
#1765=CARTESIAN_POINT('',(-14.6904830000231,-150.157578710536,183.637033047048));
#1766=CARTESIAN_POINT('Origin',(-31.8557001623103,-147.657578710565,184.637033046915));
#1767=CARTESIAN_POINT('Origin',(-31.8557001622983,-147.657578710536,183.637033046915));
#1768=CARTESIAN_POINT('Ctrl Pts',(35.4938262306538,-148.578808059154,3.69317548907812));
#1769=CARTESIAN_POINT('Ctrl Pts',(35.5510591612951,-148.498992189448,3.53763327516791));
#1770=CARTESIAN_POINT('Ctrl Pts',(35.614819889025,-148.437942657316,3.38889249772809));
#1771=CARTESIAN_POINT('Ctrl Pts',(35.8088012854354,-148.306993569618,3.015939628561));
#1772=CARTESIAN_POINT('Ctrl Pts',(35.9747855190044,-148.251850200742,2.77958552907711));
#1773=CARTESIAN_POINT('Ctrl Pts',(36.3870878890575,-148.183712519486,2.38767325040026));
#1774=CARTESIAN_POINT('Ctrl Pts',(36.6332483056352,-148.168798000625,2.23281123177492));
#1775=CARTESIAN_POINT('Ctrl Pts',(36.8859572266476,-148.16219619613,2.13582577476738));
#1776=CARTESIAN_POINT('Ctrl Pts',(34.9310498926722,-149.105064941188,2.77616265983751));
#1777=CARTESIAN_POINT('Ctrl Pts',(35.0311197363749,-149.051893499387,2.63454083830537));
#1778=CARTESIAN_POINT('Ctrl Pts',(35.1375450017247,-149.011120049962,2.49960061330886));
#1779=CARTESIAN_POINT('Ctrl Pts',(35.4435646982748,-148.923924884684,2.16302318455769));
#1780=CARTESIAN_POINT('Ctrl Pts',(35.6864920981166,-148.887117730107,1.95152229716129));
#1781=CARTESIAN_POINT('Ctrl Pts',(36.2485984423408,-148.841651856978,1.6135353380937));
#1782=CARTESIAN_POINT('Ctrl Pts',(36.5680440601637,-148.831728896963,1.48846176000736));
#1783=CARTESIAN_POINT('Ctrl Pts',(36.8859572266561,-148.827323699163,1.42388384854563));
#1784=CARTESIAN_POINT('Ctrl Pts',(34.3682735546907,-149.631321823222,1.8591498305969));
#1785=CARTESIAN_POINT('Ctrl Pts',(34.5110252603854,-149.604677395314,1.73133257668547));
#1786=CARTESIAN_POINT('Ctrl Pts',(34.6603152007832,-149.584401312604,1.6103519415227));
#1787=CARTESIAN_POINT('Ctrl Pts',(35.0781796104637,-149.540647390177,1.3100130164858));
#1788=CARTESIAN_POINT('Ctrl Pts',(35.3981109241087,-149.522311175873,1.12342014887497));
#1789=CARTESIAN_POINT('Ctrl Pts',(36.1101307129466,-149.49963936774,0.839464565321328));
#1790=CARTESIAN_POINT('Ctrl Pts',(36.5026832048075,-149.494647808891,0.744349467864304));
#1791=CARTESIAN_POINT('Ctrl Pts',(36.8859572266646,-149.492451202196,0.71194192232387));
#1792=CARTESIAN_POINT('Ctrl Pts',(33.8054972167091,-150.157578705256,0.942137001356285));
#1793=CARTESIAN_POINT('Ctrl Pts',(33.9910858354652,-150.157578705253,0.828240139822931));
#1794=CARTESIAN_POINT('Ctrl Pts',(34.1830403134829,-150.15757870525,0.72106005710347));
#1795=CARTESIAN_POINT('Ctrl Pts',(34.7129430233031,-150.157578705242,0.457096572482483));
#1796=CARTESIAN_POINT('Ctrl Pts',(35.1098175032209,-150.157578705238,0.295356916959151));
#1797=CARTESIAN_POINT('Ctrl Pts',(35.9716412662299,-150.157578705231,0.0653266530147655));
#1798=CARTESIAN_POINT('Ctrl Pts',(36.4374789593359,-150.157578705229,-3.90325260434194E-9));
#1799=CARTESIAN_POINT('Ctrl Pts',(36.8859572266732,-150.157578705229,-3.89788579885364E-9));
#1800=CARTESIAN_POINT('',(35.4938262306538,-148.578808059154,3.69317548907812));
#1801=CARTESIAN_POINT('',(33.8054972167091,-150.157578705256,0.942137001356285));
#1802=CARTESIAN_POINT('Ctrl Pts',(35.4938262306538,-148.578808059154,3.69317548907812));
#1803=CARTESIAN_POINT('Ctrl Pts',(34.9310498926722,-149.105064941188,2.77616265983751));
#1804=CARTESIAN_POINT('Ctrl Pts',(34.3682735546907,-149.631321823222,1.8591498305969));
#1805=CARTESIAN_POINT('Ctrl Pts',(33.8054972167091,-150.157578705256,0.942137001356285));
#1806=CARTESIAN_POINT('',(36.8859572266732,-150.157578705229,-3.89788579885364E-9));
#1807=CARTESIAN_POINT('Ctrl Pts',(33.8054972167091,-150.157578705256,0.942137001356285));
#1808=CARTESIAN_POINT('Ctrl Pts',(33.9910858354652,-150.157578705253,0.828240139822931));
#1809=CARTESIAN_POINT('Ctrl Pts',(34.1830403134829,-150.15757870525,0.72106005710347));
#1810=CARTESIAN_POINT('Ctrl Pts',(34.7129430233031,-150.157578705242,0.457096572482483));
#1811=CARTESIAN_POINT('Ctrl Pts',(35.1098175032209,-150.157578705238,0.295356916959151));
#1812=CARTESIAN_POINT('Ctrl Pts',(35.9716412662299,-150.157578705231,0.0653266530147655));
#1813=CARTESIAN_POINT('Ctrl Pts',(36.4374789593359,-150.157578705229,-3.90325260434194E-9));
#1814=CARTESIAN_POINT('Ctrl Pts',(36.8859572266732,-150.157578705229,-3.89788579885364E-9));
#1815=CARTESIAN_POINT('',(36.8859572266476,-148.16219619613,2.13582577476738));
#1816=CARTESIAN_POINT('',(36.8859572266732,-150.157578705229,-3.89788579885364E-9));
#1817=CARTESIAN_POINT('Ctrl Pts',(36.8859572266476,-148.16219619613,2.13582577476738));
#1818=CARTESIAN_POINT('Ctrl Pts',(36.6332483056352,-148.168798000625,2.23281123177492));
#1819=CARTESIAN_POINT('Ctrl Pts',(36.3870878890575,-148.183712519486,2.38767325040026));
#1820=CARTESIAN_POINT('Ctrl Pts',(35.9747855190044,-148.251850200742,2.77958552907711));
#1821=CARTESIAN_POINT('Ctrl Pts',(35.8088012854354,-148.306993569618,3.015939628561));
#1822=CARTESIAN_POINT('Ctrl Pts',(35.614819889025,-148.437942657316,3.38889249772809));
#1823=CARTESIAN_POINT('Ctrl Pts',(35.5510591612951,-148.498992189448,3.53763327516791));
#1824=CARTESIAN_POINT('Ctrl Pts',(35.4938262306538,-148.578808059154,3.69317548907812));
#1825=CARTESIAN_POINT('Origin',(-49.6904829978376,-149.157578705258,0.999999995094993));
#1826=CARTESIAN_POINT('',(37.6164357948749,-148.157578705287,1.99999999616866));
#1827=CARTESIAN_POINT('',(37.6164357948988,-150.157578705229,-3.88914943381699E-9));
#1828=CARTESIAN_POINT('',(37.6164357948749,-148.157578705287,1.99999999616866));
#1829=CARTESIAN_POINT('',(40.6442998398992,-150.157578705229,-3.85291798465914E-9));
#1830=CARTESIAN_POINT('',(-49.6904829978256,-150.157578705229,-4.93391128396557E-9));
#1831=CARTESIAN_POINT('',(40.6442998398753,-148.157578705287,1.99999999620489));
#1832=CARTESIAN_POINT('',(40.6442998398992,-150.157578705229,-3.85291798465914E-9));
#1833=CARTESIAN_POINT('',(-49.6904829978496,-148.157578705287,1.9999999951239));
#1834=CARTESIAN_POINT('Origin',(40.6442998398872,-145.157578705258,0.999999996291597));
#1835=CARTESIAN_POINT('',(45.6442998398992,-145.157578705229,-3.64857033474664E-9));
#1836=CARTESIAN_POINT('Origin',(40.6442998398992,-145.157578705229,-3.70840247398974E-9));
#1837=CARTESIAN_POINT('',(43.6442998398753,-145.157578705287,1.9999999963275));
#1838=CARTESIAN_POINT('',(45.6442998398992,-145.157578705229,-3.64857033474664E-9));
#1839=CARTESIAN_POINT('Origin',(40.6442998398753,-145.157578705287,1.9999999962916));
#1840=CARTESIAN_POINT('Origin',(44.6442998398872,-133.907578705258,0.999999996664602));
#1841=CARTESIAN_POINT('',(45.6442998398992,-120.157578705229,-2.92603719032059E-9));
#1842=CARTESIAN_POINT('',(45.6442998398992,-133.907578705229,-3.32343096999362E-9));
#1843=CARTESIAN_POINT('',(43.6442998398753,-120.157578705287,1.99999999705003));
#1844=CARTESIAN_POINT('',(45.6442998398992,-120.157578705229,-2.92603719032059E-9));
#1845=CARTESIAN_POINT('',(43.6442998398753,-133.907578705287,1.99999999665264));
#1846=CARTESIAN_POINT('Origin',(40.6442998398872,-120.157578705258,0.99999999701413));
#1847=CARTESIAN_POINT('',(40.6442998398992,-115.157578705229,-2.8413638109015E-9));
#1848=CARTESIAN_POINT('Origin',(40.6442998398992,-120.157578705229,-2.98587043978671E-9));
#1849=CARTESIAN_POINT('',(40.6442998398753,-117.157578705287,1.99999999710083));
#1850=CARTESIAN_POINT('',(40.6442998398992,-115.157578705229,-2.8413638109015E-9));
#1851=CARTESIAN_POINT('Origin',(40.6442998398753,-120.157578705287,1.99999999701413));
#1852=CARTESIAN_POINT('Origin',(-16.8557001601128,-116.157578705258,0.999999996441659));
#1853=CARTESIAN_POINT('',(-39.3557001601008,-115.157578705229,-3.79868692057528E-9));
#1854=CARTESIAN_POINT('',(-39.3557001601247,-117.157578705287,1.99999999614351));
#1855=CARTESIAN_POINT('',(-39.3557001601008,-115.157578705229,-3.79868692057528E-9));
#1856=CARTESIAN_POINT('',(-16.8557001601247,-117.157578705287,1.99999999641276));
#1857=CARTESIAN_POINT('',(-16.8557001601008,-115.157578705229,-3.5294397804518E-9));
#1858=CARTESIAN_POINT('Origin',(-39.3557001601128,-120.157578705258,0.999999996056807));
#1859=CARTESIAN_POINT('',(-44.3557001601008,-120.157578705229,-4.00302568870359E-9));
#1860=CARTESIAN_POINT('Origin',(-39.3557001601008,-120.157578705229,-3.94319243923746E-9));
#1861=CARTESIAN_POINT('',(-42.3557001601247,-120.157578705287,1.99999999602091));
#1862=CARTESIAN_POINT('',(-44.3557001601008,-120.157578705229,-4.00302568870359E-9));
#1863=CARTESIAN_POINT('Origin',(-39.3557001601247,-120.157578705287,1.99999999605681));
#1864=CARTESIAN_POINT('Origin',(-43.3557001601128,-133.907578705258,0.999999995611547));
#1865=CARTESIAN_POINT('',(-44.3557001601008,-145.157578705229,-4.72555772290661E-9));
#1866=CARTESIAN_POINT('',(-44.3557001601008,-133.907578705229,-4.40041947812224E-9));
#1867=CARTESIAN_POINT('',(-42.3557001601247,-145.157578705287,1.99999999529837));
#1868=CARTESIAN_POINT('',(-44.3557001601008,-145.157578705229,-4.72555772290661E-9));
#1869=CARTESIAN_POINT('',(-42.3557001601247,-133.907578705287,1.99999999562351));
#1870=CARTESIAN_POINT('Origin',(-39.3557001601128,-145.157578705258,0.999999995334271));
#1871=CARTESIAN_POINT('',(-39.3557001601008,-150.157578705229,-4.81023665344082E-9));
#1872=CARTESIAN_POINT('Origin',(-39.3557001601008,-145.157578705229,-4.66573002455561E-9));
#1873=CARTESIAN_POINT('',(-39.3557001601247,-148.157578705287,1.99999999524757));
#1874=CARTESIAN_POINT('',(-39.3557001601008,-150.157578705229,-4.81023665344082E-9));
#1875=CARTESIAN_POINT('Origin',(-39.3557001601247,-145.157578705287,1.99999999533427));
#1876=CARTESIAN_POINT('Origin',(-49.6904829978376,-149.157578705258,0.999999995094995));
#1877=CARTESIAN_POINT('',(-36.3278361151004,-150.157578705229,-4.77400200399042E-9));
#1878=CARTESIAN_POINT('',(-36.3278361151243,-148.157578705287,1.9999999952838));
#1879=CARTESIAN_POINT('',(-36.3278361151004,-150.157578705229,-4.77400200399042E-9));
#1880=CARTESIAN_POINT('',(-49.6904829978496,-148.157578705287,1.9999999951239));
#1881=CARTESIAN_POINT('',(-49.6904829978256,-150.157578705229,-4.93390666988778E-9));
#1882=CARTESIAN_POINT('Ctrl Pts',(36.8859572266476,-148.16219619613,2.13582577476737));
#1883=CARTESIAN_POINT('Ctrl Pts',(37.1294500827239,-148.155835153452,2.04237728933192));
#1884=CARTESIAN_POINT('Ctrl Pts',(37.3729429387997,-148.157578705287,1.99999999616574));
#1885=CARTESIAN_POINT('Ctrl Pts',(37.6164357948749,-148.157578705287,1.99999999616866));
#1886=CARTESIAN_POINT('Ctrl Pts',(36.8859572266561,-148.827323699163,1.42388384854562));
#1887=CARTESIAN_POINT('Ctrl Pts',(37.1294500827321,-148.823083004044,1.36158485825629));
#1888=CARTESIAN_POINT('Ctrl Pts',(37.3729429388076,-148.824245371934,1.33333332947981));
#1889=CARTESIAN_POINT('Ctrl Pts',(37.6164357948828,-148.824245371934,1.33333332948272));
#1890=CARTESIAN_POINT('Ctrl Pts',(36.8859572266647,-149.492451202196,0.711941922323868));
#1891=CARTESIAN_POINT('Ctrl Pts',(37.1294500827402,-149.490330854637,0.68079242718066));
#1892=CARTESIAN_POINT('Ctrl Pts',(37.3729429388156,-149.490912038582,0.666666662793876));
#1893=CARTESIAN_POINT('Ctrl Pts',(37.6164357948908,-149.490912038582,0.66666666279679));
#1894=CARTESIAN_POINT('Ctrl Pts',(36.8859572266732,-150.157578705229,-3.89788505039548E-9));
#1895=CARTESIAN_POINT('Ctrl Pts',(37.1294500827484,-150.157578705229,-3.89497128307522E-9));
#1896=CARTESIAN_POINT('Ctrl Pts',(37.3729429388236,-150.157578705229,-3.89205751575495E-9));
#1897=CARTESIAN_POINT('Ctrl Pts',(37.6164357948988,-150.157578705229,-3.88914374843469E-9));
#1898=CARTESIAN_POINT('Ctrl Pts',(37.6164357948749,-148.157578705287,1.99999999616866));
#1899=CARTESIAN_POINT('Ctrl Pts',(37.3729429387997,-148.157578705287,1.99999999616574));
#1900=CARTESIAN_POINT('Ctrl Pts',(37.1294500827239,-148.155835153452,2.04237728933192));
#1901=CARTESIAN_POINT('Ctrl Pts',(36.8859572266476,-148.16219619613,2.13582577476737));
#1902=CARTESIAN_POINT('Ctrl Pts',(36.8859572266732,-150.157578705229,-3.89788505039548E-9));
#1903=CARTESIAN_POINT('Ctrl Pts',(37.1294500827484,-150.157578705229,-3.89497128307522E-9));
#1904=CARTESIAN_POINT('Ctrl Pts',(37.3729429388236,-150.157578705229,-3.89205751575495E-9));
#1905=CARTESIAN_POINT('Ctrl Pts',(37.6164357948988,-150.157578705229,-3.88914374843469E-9));
#1906=CARTESIAN_POINT('Ctrl Pts',(-35.5973575469003,-148.16219619613,2.1358257739));
#1907=CARTESIAN_POINT('Ctrl Pts',(-35.3446486258903,-148.168798000625,2.23281123091359));
#1908=CARTESIAN_POINT('Ctrl Pts',(-35.0984882010454,-148.183712518505,2.38767324068039));
#1909=CARTESIAN_POINT('Ctrl Pts',(-34.6861858303929,-148.25185019833,2.77958551978845));
#1910=CARTESIAN_POINT('Ctrl Pts',(-34.5202015986215,-148.306993567536,3.01593962119687));
#1911=CARTESIAN_POINT('Ctrl Pts',(-34.3262202066862,-148.437942656674,3.38889249441069));
#1912=CARTESIAN_POINT('Ctrl Pts',(-34.2624594815906,-148.498992189439,3.53763327431083));
#1913=CARTESIAN_POINT('Ctrl Pts',(-34.2052265509562,-148.578808059136,3.69317548821017));
#1914=CARTESIAN_POINT('Ctrl Pts',(-35.5973575468918,-148.827323699163,1.42388384767825));
#1915=CARTESIAN_POINT('Ctrl Pts',(-35.2794443804009,-148.831728896963,1.48846175914759));
#1916=CARTESIAN_POINT('Ctrl Pts',(-34.9599987543103,-148.841651855996,1.61353532837714));
#1917=CARTESIAN_POINT('Ctrl Pts',(-34.3978924094852,-148.887117727694,1.95152228787953));
#1918=CARTESIAN_POINT('Ctrl Pts',(-34.1549650114405,-148.923924882601,2.16302317720229));
#1919=CARTESIAN_POINT('Ctrl Pts',(-33.8489453193677,-149.011120049321,2.49960061000386));
#1920=CARTESIAN_POINT('Ctrl Pts',(-33.7425200566549,-149.051893499381,2.63454083746273));
#1921=CARTESIAN_POINT('Ctrl Pts',(-33.642450212962,-149.105064941176,2.77616265898605));
#1922=CARTESIAN_POINT('Ctrl Pts',(-35.5973575468833,-149.492451202196,0.711941921456492));
#1923=CARTESIAN_POINT('Ctrl Pts',(-35.2140835250269,-149.494647808891,0.7443494670061));
#1924=CARTESIAN_POINT('Ctrl Pts',(-34.8215310271436,-149.49963936774,0.839464554180789));
#1925=CARTESIAN_POINT('Ctrl Pts',(-34.1095112384944,-149.522311175873,1.12342013987974));
#1926=CARTESIAN_POINT('Ctrl Pts',(-33.789579926069,-149.540647390177,1.31001300958611));
#1927=CARTESIAN_POINT('Ctrl Pts',(-33.3717155194744,-149.584401312603,1.61035193848842));
#1928=CARTESIAN_POINT('Ctrl Pts',(-33.2224255806501,-149.604677395311,1.73133257585733));
#1929=CARTESIAN_POINT('Ctrl Pts',(-33.0796738749679,-149.631321823216,1.85914982976193));
#1930=CARTESIAN_POINT('Ctrl Pts',(-35.5973575468747,-150.157578705229,-4.76526281108225E-9));
#1931=CARTESIAN_POINT('Ctrl Pts',(-35.1488792795375,-150.157578705229,-4.75989809572941E-9));
#1932=CARTESIAN_POINT('Ctrl Pts',(-34.6830415804084,-150.157578705231,0.0653266418775409));
#1933=CARTESIAN_POINT('Ctrl Pts',(-33.8212178175868,-150.157578705238,0.295356907970816));
#1934=CARTESIAN_POINT('Ctrl Pts',(-33.4243433388879,-150.157578705242,0.457096565591534));
#1935=CARTESIAN_POINT('Ctrl Pts',(-32.8944406321558,-150.15757870525,0.721060054081595));
#1936=CARTESIAN_POINT('Ctrl Pts',(-32.7024861557145,-150.157578705253,0.828240139009233));
#1937=CARTESIAN_POINT('Ctrl Pts',(-32.5168975369737,-150.157578705256,0.94213700053781));
#1938=CARTESIAN_POINT('',(-32.5168975369737,-150.157578705256,0.94213700053781));
#1939=CARTESIAN_POINT('',(-34.2052265509562,-148.578808059136,3.69317548821017));
#1940=CARTESIAN_POINT('Ctrl Pts',(-32.5168975369737,-150.157578705256,0.94213700053781));
#1941=CARTESIAN_POINT('Ctrl Pts',(-33.0796738749679,-149.631321823216,1.85914982976193));
#1942=CARTESIAN_POINT('Ctrl Pts',(-33.642450212962,-149.105064941176,2.77616265898605));
#1943=CARTESIAN_POINT('Ctrl Pts',(-34.2052265509562,-148.578808059136,3.69317548821017));
#1944=CARTESIAN_POINT('',(-35.5973575469003,-148.16219619613,2.1358257739));
#1945=CARTESIAN_POINT('Ctrl Pts',(-34.2052265509562,-148.578808059136,3.69317548821017));
#1946=CARTESIAN_POINT('Ctrl Pts',(-34.2624594815906,-148.498992189439,3.53763327431083));
#1947=CARTESIAN_POINT('Ctrl Pts',(-34.3262202066862,-148.437942656674,3.38889249441069));
#1948=CARTESIAN_POINT('Ctrl Pts',(-34.5202015986215,-148.306993567536,3.01593962119687));
#1949=CARTESIAN_POINT('Ctrl Pts',(-34.6861858303929,-148.25185019833,2.77958551978845));
#1950=CARTESIAN_POINT('Ctrl Pts',(-35.0984882010454,-148.183712518505,2.38767324068039));
#1951=CARTESIAN_POINT('Ctrl Pts',(-35.3446486258903,-148.168798000625,2.23281123091359));
#1952=CARTESIAN_POINT('Ctrl Pts',(-35.5973575469003,-148.16219619613,2.1358257739));
#1953=CARTESIAN_POINT('',(-35.5973575468747,-150.157578705229,-4.76526281108225E-9));
#1954=CARTESIAN_POINT('',(-35.5973575469003,-148.16219619613,2.1358257739));
#1955=CARTESIAN_POINT('Ctrl Pts',(-35.5973575468747,-150.157578705229,-4.76526281108225E-9));
#1956=CARTESIAN_POINT('Ctrl Pts',(-35.1488792795375,-150.157578705229,-4.75989809572941E-9));
#1957=CARTESIAN_POINT('Ctrl Pts',(-34.6830415804084,-150.157578705231,0.0653266418775409));
#1958=CARTESIAN_POINT('Ctrl Pts',(-33.8212178175868,-150.157578705238,0.295356907970816));
#1959=CARTESIAN_POINT('Ctrl Pts',(-33.4243433388879,-150.157578705242,0.457096565591534));
#1960=CARTESIAN_POINT('Ctrl Pts',(-32.8944406321558,-150.15757870525,0.721060054081595));
#1961=CARTESIAN_POINT('Ctrl Pts',(-32.7024861557145,-150.157578705253,0.828240139009233));
#1962=CARTESIAN_POINT('Ctrl Pts',(-32.5168975369737,-150.157578705256,0.94213700053781));
#1963=CARTESIAN_POINT('Ctrl Pts',(-36.3278361151243,-148.157578705287,1.9999999952838));
#1964=CARTESIAN_POINT('Ctrl Pts',(-36.0843432590491,-148.157578705287,1.99999999528671));
#1965=CARTESIAN_POINT('Ctrl Pts',(-35.8408504029744,-148.155835153452,2.04237728845872));
#1966=CARTESIAN_POINT('Ctrl Pts',(-35.5973575469003,-148.16219619613,2.1358257739));
#1967=CARTESIAN_POINT('Ctrl Pts',(-36.3278361151163,-148.824245371934,1.33333332859787));
#1968=CARTESIAN_POINT('Ctrl Pts',(-36.0843432590411,-148.824245371934,1.33333332860078));
#1969=CARTESIAN_POINT('Ctrl Pts',(-35.8408504029662,-148.823083004044,1.36158485738309));
#1970=CARTESIAN_POINT('Ctrl Pts',(-35.5973575468918,-148.827323699163,1.42388384767825));
#1971=CARTESIAN_POINT('Ctrl Pts',(-36.3278361151083,-149.490912038582,0.666666661911932));
#1972=CARTESIAN_POINT('Ctrl Pts',(-36.0843432590331,-149.490912038582,0.666666661914846));
#1973=CARTESIAN_POINT('Ctrl Pts',(-35.8408504029581,-149.490330854637,0.680792426307458));
#1974=CARTESIAN_POINT('Ctrl Pts',(-35.5973575468833,-149.492451202196,0.711941921456494));
#1975=CARTESIAN_POINT('Ctrl Pts',(-36.3278361151004,-150.157578705229,-4.77400142835437E-9));
#1976=CARTESIAN_POINT('Ctrl Pts',(-36.0843432590252,-150.157578705229,-4.7710876610341E-9));
#1977=CARTESIAN_POINT('Ctrl Pts',(-35.84085040295,-150.157578705229,-4.76817389371384E-9));
#1978=CARTESIAN_POINT('Ctrl Pts',(-35.5973575468747,-150.157578705229,-4.76526012639358E-9));
#1979=CARTESIAN_POINT('Ctrl Pts',(-35.5973575469003,-148.16219619613,2.1358257739));
#1980=CARTESIAN_POINT('Ctrl Pts',(-35.8408504029744,-148.155835153452,2.04237728845872));
#1981=CARTESIAN_POINT('Ctrl Pts',(-36.0843432590491,-148.157578705287,1.99999999528671));
#1982=CARTESIAN_POINT('Ctrl Pts',(-36.3278361151243,-148.157578705287,1.9999999952838));
#1983=CARTESIAN_POINT('Ctrl Pts',(-36.3278361151004,-150.157578705229,-4.77400142835437E-9));
#1984=CARTESIAN_POINT('Ctrl Pts',(-36.0843432590252,-150.157578705229,-4.7710876610341E-9));
#1985=CARTESIAN_POINT('Ctrl Pts',(-35.84085040295,-150.157578705229,-4.76817389371384E-9));
#1986=CARTESIAN_POINT('Ctrl Pts',(-35.5973575468747,-150.157578705229,-4.76526012639358E-9));
#1987=CARTESIAN_POINT('Ctrl Pts',(35.4938262306538,-148.578808059154,3.69317548907812));
#1988=CARTESIAN_POINT('Ctrl Pts',(35.2753835701521,-149.111270713546,3.75115538734991));
#1989=CARTESIAN_POINT('Ctrl Pts',(34.57003085709,-149.900338086085,3.85331379469115));
#1990=CARTESIAN_POINT('Ctrl Pts',(33.57184489298,-150.157578705343,3.95599414313155));
#1991=CARTESIAN_POINT('Ctrl Pts',(33.1442998398513,-150.157578705345,3.99999999605734));
#1992=CARTESIAN_POINT('Ctrl Pts',(34.9310498926722,-149.105064941188,2.77616265983751));
#1993=CARTESIAN_POINT('Ctrl Pts',(34.7434406665055,-149.460040044122,3.00896595676162));
#1994=CARTESIAN_POINT('Ctrl Pts',(34.2039268359258,-149.992761086215,3.41683397088074));
#1995=CARTESIAN_POINT('Ctrl Pts',(33.4608154646446,-150.15757870534,3.82505023721629));
#1996=CARTESIAN_POINT('Ctrl Pts',(33.1442998398513,-150.157578705345,3.99999999605734));
#1997=CARTESIAN_POINT('Ctrl Pts',(34.3682735546907,-149.631321823222,1.8591498305969));
#1998=CARTESIAN_POINT('Ctrl Pts',(34.211497762859,-149.808809374697,2.26677652617334));
#1999=CARTESIAN_POINT('Ctrl Pts',(33.8252597547574,-150.065155705173,2.98035458429582));
#2000=CARTESIAN_POINT('Ctrl Pts',(33.3497860363093,-150.157578705336,3.69410633130102));
#2001=CARTESIAN_POINT('Ctrl Pts',(33.1442998398513,-150.157578705345,3.99999999605734));
#2002=CARTESIAN_POINT('Ctrl Pts',(33.8054972167091,-150.157578705256,0.942137001356285));
#2003=CARTESIAN_POINT('Ctrl Pts',(33.6795548592124,-150.157578705273,1.52458709558506));
#2004=CARTESIAN_POINT('Ctrl Pts',(33.4591557335931,-150.157578705303,2.54387476048541));
#2005=CARTESIAN_POINT('Ctrl Pts',(33.2387566079739,-150.157578705332,3.56316242538576));
#2006=CARTESIAN_POINT('Ctrl Pts',(33.1442998398513,-150.157578705345,3.99999999605734));
#2007=CARTESIAN_POINT('',(33.1442998398513,-150.157578705345,3.99999999605734));
#2008=CARTESIAN_POINT('Ctrl Pts',(35.4938262306538,-148.578808059154,3.69317548907812));
#2009=CARTESIAN_POINT('Ctrl Pts',(35.2753835701521,-149.111270713546,3.75115538734991));
#2010=CARTESIAN_POINT('Ctrl Pts',(34.57003085709,-149.900338086085,3.85331379469115));
#2011=CARTESIAN_POINT('Ctrl Pts',(33.57184489298,-150.157578705343,3.95599414313155));
#2012=CARTESIAN_POINT('Ctrl Pts',(33.1442998398513,-150.157578705345,3.99999999605734));
#2013=CARTESIAN_POINT('Ctrl Pts',(33.1442998398513,-150.157578705345,3.99999999605734));
#2014=CARTESIAN_POINT('Ctrl Pts',(33.2387566079739,-150.157578705332,3.56316242538576));
#2015=CARTESIAN_POINT('Ctrl Pts',(33.4591557335931,-150.157578705303,2.54387476048541));
#2016=CARTESIAN_POINT('Ctrl Pts',(33.6795548592124,-150.157578705273,1.52458709558506));
#2017=CARTESIAN_POINT('Ctrl Pts',(33.8054972167091,-150.157578705256,0.942137001356285));
#2018=CARTESIAN_POINT('Ctrl Pts',(-32.5168975369737,-150.157578705256,0.94213700053781));
#2019=CARTESIAN_POINT('Ctrl Pts',(-32.3909551794832,-150.157578705273,1.52458709477433));
#2020=CARTESIAN_POINT('Ctrl Pts',(-32.1705560538749,-150.157578705303,2.54387475968823));
#2021=CARTESIAN_POINT('Ctrl Pts',(-31.9501569282665,-150.157578705332,3.56316242460213));
#2022=CARTESIAN_POINT('Ctrl Pts',(-31.8557001601487,-150.157578705345,3.99999999527951));
#2023=CARTESIAN_POINT('Ctrl Pts',(-33.0796738749679,-149.631321823216,1.85914982976193));
#2024=CARTESIAN_POINT('Ctrl Pts',(-32.922898083141,-149.808809374694,2.26677652534738));
#2025=CARTESIAN_POINT('Ctrl Pts',(-32.5366600750463,-150.065155705172,2.98035458348838));
#2026=CARTESIAN_POINT('Ctrl Pts',(-32.0611863566041,-150.157578705336,3.69410633051428));
#2027=CARTESIAN_POINT('Ctrl Pts',(-31.8557001601487,-150.157578705345,3.99999999527951));
#2028=CARTESIAN_POINT('Ctrl Pts',(-33.642450212962,-149.105064941176,2.77616265898605));
#2029=CARTESIAN_POINT('Ctrl Pts',(-33.4548409867988,-149.460040044114,3.00896595592043));
#2030=CARTESIAN_POINT('Ctrl Pts',(-32.9153273670909,-149.992761470514,3.41683397005523));
#2031=CARTESIAN_POINT('Ctrl Pts',(-32.1722157849416,-150.15757870534,3.82505023642644));
#2032=CARTESIAN_POINT('Ctrl Pts',(-31.8557001601487,-150.157578705345,3.99999999527951));
#2033=CARTESIAN_POINT('Ctrl Pts',(-34.2052265509562,-148.578808059136,3.69317548821017));
#2034=CARTESIAN_POINT('Ctrl Pts',(-33.9867838904566,-149.111270713534,3.75115538649349));
#2035=CARTESIAN_POINT('Ctrl Pts',(-33.2814313882623,-149.900338470383,3.85331379385538));
#2036=CARTESIAN_POINT('Ctrl Pts',(-32.2832452132792,-150.157578705343,3.95599414233859));
#2037=CARTESIAN_POINT('Ctrl Pts',(-31.8557001601487,-150.157578705345,3.99999999527951));
#2038=CARTESIAN_POINT('',(-31.8557001601487,-150.157578705345,3.99999999527951));
#2039=CARTESIAN_POINT('Ctrl Pts',(-32.5168975369737,-150.157578705256,0.94213700053781));
#2040=CARTESIAN_POINT('Ctrl Pts',(-32.3909551794832,-150.157578705273,1.52458709477433));
#2041=CARTESIAN_POINT('Ctrl Pts',(-32.1705560538749,-150.157578705303,2.54387475968823));
#2042=CARTESIAN_POINT('Ctrl Pts',(-31.9501569282665,-150.157578705332,3.56316242460213));
#2043=CARTESIAN_POINT('Ctrl Pts',(-31.8557001601487,-150.157578705345,3.99999999527951));
#2044=CARTESIAN_POINT('Ctrl Pts',(-31.8557001601487,-150.157578705345,3.99999999527951));
#2045=CARTESIAN_POINT('Ctrl Pts',(-32.2832452132792,-150.157578705343,3.95599414233859));
#2046=CARTESIAN_POINT('Ctrl Pts',(-33.2814313882623,-149.900338470383,3.85331379385538));
#2047=CARTESIAN_POINT('Ctrl Pts',(-33.9867838904566,-149.111270713534,3.75115538649349));
#2048=CARTESIAN_POINT('Ctrl Pts',(-34.2052265509562,-148.578808059136,3.69317548821017));
#2049=CARTESIAN_POINT('Origin',(-34.3557001601247,-135.157578705287,1.99999999568312));
#2050=CARTESIAN_POINT('',(-36.3557001601247,-147.657578705287,1.99999999529792));
#2051=CARTESIAN_POINT('Origin',(-31.8557001601247,-147.657578705287,1.99999999535177));
#2052=CARTESIAN_POINT('',(-36.3557001601247,-135.157578705287,1.99999999565919));
#2053=CARTESIAN_POINT('',(0.644299839875275,-133.157578705287,1.99999999615975));
#2054=CARTESIAN_POINT('',(37.6442998398753,-147.657578705287,1.99999999618344));
#2055=CARTESIAN_POINT('',(37.6442998398753,-142.657578705287,1.99999999632795));
#2056=CARTESIAN_POINT('Origin',(33.1442998398753,-147.657578705287,1.99999999612959));
#2057=CARTESIAN_POINT('',(38.1442998398753,-132.591423128292,1.99999999662486));
#2058=CARTESIAN_POINT('Origin',(40.6442998398753,-132.591423128292,1.99999999665478));
#2059=CARTESIAN_POINT('',(18.1442998398753,-120.157578705287,1.99999999674488));
#2060=CARTESIAN_POINT('Origin',(20.6442998398753,-120.157578705287,1.9999999967748));
#2061=CARTESIAN_POINT('',(-21.8557001601247,-120.157578705287,1.99999999626622));
#2062=CARTESIAN_POINT('Origin',(-19.3557001601247,-120.157578705287,1.99999999629614));
#2063=CARTESIAN_POINT('',(-41.8557001601247,-132.657578705287,1.99999999566562));
#2064=CARTESIAN_POINT('Origin',(-39.3557001601247,-132.657578705287,1.99999999569554));
#2065=CARTESIAN_POINT('Origin',(-31.8557001601487,-147.657578705345,3.99999999535177));
#2066=CARTESIAN_POINT('Origin',(-31.8557001601487,-147.657578705345,3.99999999535177));
#2067=CARTESIAN_POINT('Origin',(-36.3557001601487,-147.657578705345,3.99999999529792));
#2068=CARTESIAN_POINT('Origin',(33.1442998398513,-147.657578705345,3.99999999612959));
#2069=CARTESIAN_POINT('Origin',(37.6442998398513,-147.657578705345,3.99999999618344));
#2070=CARTESIAN_POINT('Origin',(33.1442998398513,-147.657578705345,3.99999999612959));
#2071=CARTESIAN_POINT('Origin',(37.6442998398513,-142.657578705345,3.99999999632795));
#2072=CARTESIAN_POINT('Origin',(0.644299839851342,-133.157578705345,3.99999999615975));
#2073=CARTESIAN_POINT('Origin',(-36.3557001601487,-135.157578705345,3.99999999565918));
#2074=CARTESIAN_POINT('Origin',(33.1442998402714,-147.65757870433,-31.1000000038703));
#2075=CARTESIAN_POINT('',(33.1442998402714,-150.15757870433,-31.1000000039425));
#2076=CARTESIAN_POINT('Origin',(-31.8557001597286,-147.65757870433,-31.1000000046481));
#2077=CARTESIAN_POINT('',(-31.8557001597286,-150.15757870433,-31.1000000047203));
#2078=CARTESIAN_POINT('Origin',(-65.0252658350216,-150.157578703952,-44.2000000051171));
#2079=CARTESIAN_POINT('',(-39.3557001598854,-150.157578704709,-18.0000000048102));
#2080=CARTESIAN_POINT('',(-39.3557001597885,-150.157578704475,-26.1000000048101));
#2081=CARTESIAN_POINT('',(40.6442998401146,-150.157578704709,-18.0000000038529));
#2082=CARTESIAN_POINT('',(-32.1904829976102,-150.157578704709,-18.0000000047245));
#2083=CARTESIAN_POINT('',(40.6442998402115,-150.157578704475,-26.1000000038528));
#2084=CARTESIAN_POINT('Origin',(-39.3557001597885,-145.157578704475,-26.1000000046656));
#2085=CARTESIAN_POINT('',(-44.3557001598854,-145.157578704709,-18.0000000047256));
#2086=CARTESIAN_POINT('',(-44.3557001597885,-145.157578704475,-26.1000000047254));
#2087=CARTESIAN_POINT('Origin',(-39.3557001598854,-145.157578704709,-18.0000000046657));
#2088=CARTESIAN_POINT('Origin',(0.644299840114547,-75.1558624901011,-18.0000000021639));
#2089=CARTESIAN_POINT('',(-44.3557001598854,-120.157578704709,-18.000000004003));
#2090=CARTESIAN_POINT('',(-44.3557001598854,-66.341422270897,-18.0000000024477));
#2091=CARTESIAN_POINT('',(-39.3557001598854,-115.157578704709,-18.0000000037987));
#2092=CARTESIAN_POINT('Origin',(-39.3557001598854,-120.157578704709,-18.0000000039432));
#2093=CARTESIAN_POINT('',(40.6442998401146,-115.157578704709,-18.0000000028414));
#2094=CARTESIAN_POINT('',(36.5595170023898,-115.157578704709,-18.0000000028902));
#2095=CARTESIAN_POINT('',(45.6442998401146,-120.157578704709,-18.000000002926));
#2096=CARTESIAN_POINT('Origin',(40.6442998401146,-120.157578704709,-18.0000000029859));
#2097=CARTESIAN_POINT('',(45.6442998401146,-145.157578704709,-18.0000000036486));
#2098=CARTESIAN_POINT('',(45.6442998401146,-66.3414222708969,-18.0000000013707));
#2099=CARTESIAN_POINT('Origin',(40.6442998401146,-145.157578704709,-18.0000000037084));
#2100=CARTESIAN_POINT('',(20.1442998401146,-120.157578704709,-18.0000000032312));
#2101=CARTESIAN_POINT('Origin',(20.6442998401146,-120.157578704709,-18.0000000032252));
#2102=CARTESIAN_POINT('',(-19.8557001598854,-120.157578704709,-18.0000000037098));
#2103=CARTESIAN_POINT('Origin',(-19.3557001598854,-120.157578704709,-18.0000000037039));
#2104=CARTESIAN_POINT('',(-39.8557001598854,-132.657578704709,-18.0000000043104));
#2105=CARTESIAN_POINT('Origin',(-39.3557001598854,-132.657578704709,-18.0000000043045));
#2106=CARTESIAN_POINT('',(40.1442998401146,-132.591423127714,-18.0000000033512));
#2107=CARTESIAN_POINT('Origin',(40.6442998401146,-132.591423127714,-18.0000000033452));
#2108=CARTESIAN_POINT('Origin',(40.6442998402115,-145.157578704475,-26.1000000037083));
#2109=CARTESIAN_POINT('',(45.6442998402115,-145.157578704475,-26.1000000036484));
#2110=CARTESIAN_POINT('Origin',(45.644299839995,-132.657578704998,-8.0000000032873));
#2111=CARTESIAN_POINT('',(45.644299839995,-120.157578704998,-8.00000000292604));
#2112=CARTESIAN_POINT('Origin',(40.644299839995,-120.157578704998,-8.00000000298587));
#2113=CARTESIAN_POINT('',(40.644299839995,-115.157578704998,-8.00000000284136));
#2114=CARTESIAN_POINT('Origin',(0.644299839994939,-115.157578704998,-8.00000000332003));
#2115=CARTESIAN_POINT('',(-39.355700160005,-115.157578704998,-8.00000000379869));
#2116=CARTESIAN_POINT('Origin',(-39.355700160005,-120.157578704998,-8.00000000394319));
#2117=CARTESIAN_POINT('',(-44.355700160005,-120.157578704998,-8.00000000400303));
#2118=CARTESIAN_POINT('Origin',(-44.355700160005,-132.657578704998,-8.00000000436429));
#2119=CARTESIAN_POINT('Origin',(20.6442998398753,-120.157578705287,1.9999999967748));
#2120=CARTESIAN_POINT('',(20.1442998399112,-120.1575787052,-1.00000000323118));
#2121=CARTESIAN_POINT('Origin',(20.6442998399112,-120.1575787052,-1.0000000032252));
#2122=CARTESIAN_POINT('',(20.1442998398753,-120.157578705287,1.99999999676882));
#2123=CARTESIAN_POINT('Origin',(-19.3557001601247,-120.157578705287,1.99999999629614));
#2124=CARTESIAN_POINT('',(-19.8557001600888,-120.1575787052,-1.00000000370985));
#2125=CARTESIAN_POINT('Origin',(-19.3557001600888,-120.1575787052,-1.00000000370386));
#2126=CARTESIAN_POINT('',(-19.8557001601247,-120.157578705287,1.99999999629015));
#2127=CARTESIAN_POINT('Origin',(-39.3557001601247,-132.657578705287,1.99999999569554));
#2128=CARTESIAN_POINT('',(-39.8557001600888,-132.6575787052,-1.00000000431044));
#2129=CARTESIAN_POINT('Origin',(-39.3557001600888,-132.6575787052,-1.00000000430446));
#2130=CARTESIAN_POINT('',(-39.8557001601247,-132.657578705287,1.99999999568956));
#2131=CARTESIAN_POINT('Origin',(40.6442998398753,-132.591423128292,1.99999999665478));
#2132=CARTESIAN_POINT('',(40.1442998399112,-132.591423128205,-1.00000000335121));
#2133=CARTESIAN_POINT('Origin',(40.6442998399112,-132.591423128205,-1.00000000334523));
#2134=CARTESIAN_POINT('',(40.1442998398753,-132.591423128292,1.99999999664879));
#2135=CARTESIAN_POINT('Origin',(-19.3557001601247,-120.157578705287,1.99999999629614));
#2136=CARTESIAN_POINT('',(-21.8557001600888,-120.1575787052,-1.00000000373378));
#2137=CARTESIAN_POINT('',(-21.8557001601247,-120.157578705287,1.99999999626622));
#2138=CARTESIAN_POINT('Origin',(-19.3557001600888,-120.1575787052,-1.00000000370386));
#2139=CARTESIAN_POINT('Origin',(-19.3557001600888,-120.1575787052,-1.00000000370386));
#2140=CARTESIAN_POINT('Origin',(20.6442998398753,-120.157578705287,1.9999999967748));
#2141=CARTESIAN_POINT('',(18.1442998399112,-120.1575787052,-1.00000000325512));
#2142=CARTESIAN_POINT('',(18.1442998398753,-120.157578705287,1.99999999674488));
#2143=CARTESIAN_POINT('Origin',(20.6442998399112,-120.1575787052,-1.0000000032252));
#2144=CARTESIAN_POINT('Origin',(20.6442998399112,-120.1575787052,-1.0000000032252));
#2145=CARTESIAN_POINT('Origin',(-39.3557001601247,-132.657578705287,1.99999999569554));
#2146=CARTESIAN_POINT('',(-41.8557001600888,-132.6575787052,-1.00000000433438));
#2147=CARTESIAN_POINT('',(-41.8557001601247,-132.657578705287,1.99999999566562));
#2148=CARTESIAN_POINT('Origin',(-39.3557001600888,-132.6575787052,-1.00000000430446));
#2149=CARTESIAN_POINT('Origin',(-39.3557001600888,-132.6575787052,-1.00000000430446));
#2150=CARTESIAN_POINT('Origin',(40.6442998398753,-132.591423128292,1.99999999665478));
#2151=CARTESIAN_POINT('',(38.1442998399112,-132.591423128205,-1.00000000337514));
#2152=CARTESIAN_POINT('',(38.1442998398753,-132.591423128292,1.99999999662486));
#2153=CARTESIAN_POINT('Origin',(40.6442998399112,-132.591423128205,-1.00000000334523));
#2154=CARTESIAN_POINT('Origin',(40.6442998399112,-132.591423128205,-1.00000000334523));
#2155=UNCERTAINTY_MEASURE_WITH_UNIT(LENGTH_MEASURE(0.01),#2159,
'DISTANCE_ACCURACY_VALUE',
'Maximum model space distance between geometric entities at asserted c
onnectivities');
#2156=UNCERTAINTY_MEASURE_WITH_UNIT(LENGTH_MEASURE(0.01),#2159,
'DISTANCE_ACCURACY_VALUE',
'Maximum model space distance between geometric entities at asserted c
onnectivities');
#2157=(
GEOMETRIC_REPRESENTATION_CONTEXT(3)
GLOBAL_UNCERTAINTY_ASSIGNED_CONTEXT((#2155))
GLOBAL_UNIT_ASSIGNED_CONTEXT((#2159,#2161,#2162))
REPRESENTATION_CONTEXT('','3D')
);
#2158=(
GEOMETRIC_REPRESENTATION_CONTEXT(3)
GLOBAL_UNCERTAINTY_ASSIGNED_CONTEXT((#2156))
GLOBAL_UNIT_ASSIGNED_CONTEXT((#2159,#2161,#2162))
REPRESENTATION_CONTEXT('','3D')
);
#2159=(
LENGTH_UNIT()
NAMED_UNIT(*)
SI_UNIT(.MILLI.,.METRE.)
);
#2160=(
LENGTH_UNIT()
NAMED_UNIT(*)
SI_UNIT($,.METRE.)
);
#2161=(
NAMED_UNIT(*)
PLANE_ANGLE_UNIT()
SI_UNIT($,.RADIAN.)
);
#2162=(
NAMED_UNIT(*)
SI_UNIT($,.STERADIAN.)
SOLID_ANGLE_UNIT()
);
#2163=SHAPE_DEFINITION_REPRESENTATION(#2164,#2165);
#2164=PRODUCT_DEFINITION_SHAPE('',$,#2167);
#2165=SHAPE_REPRESENTATION('',(#1145),#2157);
#2166=PRODUCT_DEFINITION_CONTEXT('part definition',#2171,'design');
#2167=PRODUCT_DEFINITION('2026-06-20-21-25-40-142','FusionComponent',#2168,
#2166);
#2168=PRODUCT_DEFINITION_FORMATION('',$,#2173);
#2169=PRODUCT_RELATED_PRODUCT_CATEGORY('FusionComponent',
'FusionComponent',(#2173));
#2170=APPLICATION_PROTOCOL_DEFINITION('international standard',
'automotive_design',2009,#2171);
#2171=APPLICATION_CONTEXT(
'Core Data for Automotive Mechanical Design Process');
#2172=PRODUCT_CONTEXT('part definition',#2171,'mechanical');
#2173=PRODUCT('2026-06-20-21-25-40-142','FusionComponent',$,(#2172));
#2174=PRESENTATION_STYLE_ASSIGNMENT((#2175));
#2175=SURFACE_STYLE_USAGE(.BOTH.,#2176);
#2176=SURFACE_SIDE_STYLE('',(#2177));
#2177=SURFACE_STYLE_FILL_AREA(#2178);
#2178=FILL_AREA_STYLE('Steel - Satin',(#2179));
#2179=FILL_AREA_STYLE_COLOUR('Steel - Satin',#2180);
#2180=COLOUR_RGB('Steel - Satin',0.627450980392157,0.627450980392157,0.627450980392157);
ENDSEC;
END-ISO-10303-21;
