ISO-10303-21;
HEADER;
/* Generated by software containing ST-Developer
 * from STEP Tools, Inc. (www.steptools.com) 
 */

FILE_DESCRIPTION(
/* description */ ('STEP AP203'),
/* implementation_level */ '2;1');

FILE_NAME(
/* name */ 'Servo Horn x3 .step',
/* time_stamp */ '2026-06-20T16:37:40-05:00',
/* author */ (''),
/* organization */ (''),
/* preprocessor_version */ 'ST-DEVELOPER v20.1',
/* originating_system */ 'Autodesk Translation Framework v15.8.0.0',
/* authorisation */ '');

FILE_SCHEMA (('AUTOMOTIVE_DESIGN { 1 0 10303 214 3 1 1 }'));
ENDSEC;

DATA;
#10=MECHANICAL_DESIGN_GEOMETRIC_PRESENTATION_REPRESENTATION('',(#13),#4038);
#11=SHAPE_REPRESENTATION_RELATIONSHIP('SRR','None',#4045,#12);
#12=ADVANCED_BREP_SHAPE_REPRESENTATION('',(#14),#4037);
#13=STYLED_ITEM('',(#4055),#14);
#14=MANIFOLD_SOLID_BREP('Body1',#2359);
#15=CONICAL_SURFACE('',#2391,14.25,0.785398163397451);
#16=CONICAL_SURFACE('',#2395,14.25,0.785398163397451);
#17=CONICAL_SURFACE('',#2407,1.75,0.78539816339745);
#18=CONICAL_SURFACE('',#2470,4.75,0.78539816339745);
#19=LINE('',#3370,#234);
#20=LINE('',#3377,#235);
#21=LINE('',#3381,#236);
#22=LINE('',#3384,#237);
#23=LINE('',#3408,#238);
#24=LINE('',#3411,#239);
#25=LINE('',#3414,#240);
#26=LINE('',#3416,#241);
#27=LINE('',#3418,#242);
#28=LINE('',#3420,#243);
#29=LINE('',#3422,#244);
#30=LINE('',#3424,#245);
#31=LINE('',#3426,#246);
#32=LINE('',#3428,#247);
#33=LINE('',#3434,#248);
#34=LINE('',#3438,#249);
#35=LINE('',#3442,#250);
#36=LINE('',#3446,#251);
#37=LINE('',#3450,#252);
#38=LINE('',#3454,#253);
#39=LINE('',#3458,#254);
#40=LINE('',#3462,#255);
#41=LINE('',#3466,#256);
#42=LINE('',#3470,#257);
#43=LINE('',#3474,#258);
#44=LINE('',#3478,#259);
#45=LINE('',#3482,#260);
#46=LINE('',#3486,#261);
#47=LINE('',#3490,#262);
#48=LINE('',#3494,#263);
#49=LINE('',#3498,#264);
#50=LINE('',#3502,#265);
#51=LINE('',#3506,#266);
#52=LINE('',#3510,#267);
#53=LINE('',#3514,#268);
#54=LINE('',#3518,#269);
#55=LINE('',#3522,#270);
#56=LINE('',#3526,#271);
#57=LINE('',#3530,#272);
#58=LINE('',#3534,#273);
#59=LINE('',#3538,#274);
#60=LINE('',#3542,#275);
#61=LINE('',#3546,#276);
#62=LINE('',#3550,#277);
#63=LINE('',#3554,#278);
#64=LINE('',#3558,#279);
#65=LINE('',#3562,#280);
#66=LINE('',#3566,#281);
#67=LINE('',#3570,#282);
#68=LINE('',#3574,#283);
#69=LINE('',#3578,#284);
#70=LINE('',#3582,#285);
#71=LINE('',#3586,#286);
#72=LINE('',#3590,#287);
#73=LINE('',#3594,#288);
#74=LINE('',#3598,#289);
#75=LINE('',#3602,#290);
#76=LINE('',#3606,#291);
#77=LINE('',#3610,#292);
#78=LINE('',#3614,#293);
#79=LINE('',#3618,#294);
#80=LINE('',#3622,#295);
#81=LINE('',#3626,#296);
#82=LINE('',#3629,#297);
#83=LINE('',#3632,#298);
#84=LINE('',#3637,#299);
#85=LINE('',#3641,#300);
#86=LINE('',#3645,#301);
#87=LINE('',#3649,#302);
#88=LINE('',#3653,#303);
#89=LINE('',#3657,#304);
#90=LINE('',#3661,#305);
#91=LINE('',#3665,#306);
#92=LINE('',#3669,#307);
#93=LINE('',#3673,#308);
#94=LINE('',#3677,#309);
#95=LINE('',#3681,#310);
#96=LINE('',#3685,#311);
#97=LINE('',#3689,#312);
#98=LINE('',#3693,#313);
#99=LINE('',#3697,#314);
#100=LINE('',#3701,#315);
#101=LINE('',#3705,#316);
#102=LINE('',#3709,#317);
#103=LINE('',#3713,#318);
#104=LINE('',#3717,#319);
#105=LINE('',#3721,#320);
#106=LINE('',#3725,#321);
#107=LINE('',#3729,#322);
#108=LINE('',#3733,#323);
#109=LINE('',#3737,#324);
#110=LINE('',#3741,#325);
#111=LINE('',#3745,#326);
#112=LINE('',#3749,#327);
#113=LINE('',#3753,#328);
#114=LINE('',#3757,#329);
#115=LINE('',#3761,#330);
#116=LINE('',#3765,#331);
#117=LINE('',#3769,#332);
#118=LINE('',#3773,#333);
#119=LINE('',#3777,#334);
#120=LINE('',#3781,#335);
#121=LINE('',#3785,#336);
#122=LINE('',#3789,#337);
#123=LINE('',#3793,#338);
#124=LINE('',#3797,#339);
#125=LINE('',#3801,#340);
#126=LINE('',#3805,#341);
#127=LINE('',#3809,#342);
#128=LINE('',#3813,#343);
#129=LINE('',#3817,#344);
#130=LINE('',#3821,#345);
#131=LINE('',#3825,#346);
#132=LINE('',#3829,#347);
#133=LINE('',#3833,#348);
#134=LINE('',#3836,#349);
#135=LINE('',#3837,#350);
#136=LINE('',#3839,#351);
#137=LINE('',#3840,#352);
#138=LINE('',#3842,#353);
#139=LINE('',#3843,#354);
#140=LINE('',#3845,#355);
#141=LINE('',#3846,#356);
#142=LINE('',#3848,#357);
#143=LINE('',#3849,#358);
#144=LINE('',#3851,#359);
#145=LINE('',#3852,#360);
#146=LINE('',#3854,#361);
#147=LINE('',#3855,#362);
#148=LINE('',#3857,#363);
#149=LINE('',#3858,#364);
#150=LINE('',#3860,#365);
#151=LINE('',#3861,#366);
#152=LINE('',#3863,#367);
#153=LINE('',#3864,#368);
#154=LINE('',#3866,#369);
#155=LINE('',#3867,#370);
#156=LINE('',#3869,#371);
#157=LINE('',#3870,#372);
#158=LINE('',#3872,#373);
#159=LINE('',#3873,#374);
#160=LINE('',#3875,#375);
#161=LINE('',#3876,#376);
#162=LINE('',#3878,#377);
#163=LINE('',#3879,#378);
#164=LINE('',#3881,#379);
#165=LINE('',#3882,#380);
#166=LINE('',#3884,#381);
#167=LINE('',#3885,#382);
#168=LINE('',#3887,#383);
#169=LINE('',#3888,#384);
#170=LINE('',#3890,#385);
#171=LINE('',#3891,#386);
#172=LINE('',#3893,#387);
#173=LINE('',#3894,#388);
#174=LINE('',#3896,#389);
#175=LINE('',#3897,#390);
#176=LINE('',#3899,#391);
#177=LINE('',#3900,#392);
#178=LINE('',#3902,#393);
#179=LINE('',#3903,#394);
#180=LINE('',#3905,#395);
#181=LINE('',#3906,#396);
#182=LINE('',#3908,#397);
#183=LINE('',#3910,#398);
#184=LINE('',#3912,#399);
#185=LINE('',#3914,#400);
#186=LINE('',#3916,#401);
#187=LINE('',#3918,#402);
#188=LINE('',#3921,#403);
#189=LINE('',#3923,#404);
#190=LINE('',#3926,#405);
#191=LINE('',#3928,#406);
#192=LINE('',#3931,#407);
#193=LINE('',#3933,#408);
#194=LINE('',#3936,#409);
#195=LINE('',#3938,#410);
#196=LINE('',#3941,#411);
#197=LINE('',#3943,#412);
#198=LINE('',#3946,#413);
#199=LINE('',#3948,#414);
#200=LINE('',#3951,#415);
#201=LINE('',#3953,#416);
#202=LINE('',#3956,#417);
#203=LINE('',#3958,#418);
#204=LINE('',#3961,#419);
#205=LINE('',#3963,#420);
#206=LINE('',#3966,#421);
#207=LINE('',#3968,#422);
#208=LINE('',#3971,#423);
#209=LINE('',#3973,#424);
#210=LINE('',#3976,#425);
#211=LINE('',#3978,#426);
#212=LINE('',#3981,#427);
#213=LINE('',#3983,#428);
#214=LINE('',#3986,#429);
#215=LINE('',#3988,#430);
#216=LINE('',#3991,#431);
#217=LINE('',#3993,#432);
#218=LINE('',#3996,#433);
#219=LINE('',#3998,#434);
#220=LINE('',#4001,#435);
#221=LINE('',#4003,#436);
#222=LINE('',#4006,#437);
#223=LINE('',#4008,#438);
#224=LINE('',#4011,#439);
#225=LINE('',#4013,#440);
#226=LINE('',#4016,#441);
#227=LINE('',#4018,#442);
#228=LINE('',#4021,#443);
#229=LINE('',#4023,#444);
#230=LINE('',#4026,#445);
#231=LINE('',#4028,#446);
#232=LINE('',#4031,#447);
#233=LINE('',#4033,#448);
#234=VECTOR('',#2657,5.);
#235=VECTOR('',#2666,14.25);
#236=VECTOR('',#2671,14.5);
#237=VECTOR('',#2674,14.25);
#238=VECTOR('',#2701,1.75);
#239=VECTOR('',#2704,1.5);
#240=VECTOR('',#2709,1.75);
#241=VECTOR('',#2712,1.75);
#242=VECTOR('',#2715,1.75);
#243=VECTOR('',#2718,1.75);
#244=VECTOR('',#2721,1.75);
#245=VECTOR('',#2724,1.75);
#246=VECTOR('',#2727,1.75);
#247=VECTOR('',#2730,1.75);
#248=VECTOR('',#2735,1000.);
#249=VECTOR('',#2738,1000.);
#250=VECTOR('',#2741,1000.);
#251=VECTOR('',#2744,1000.);
#252=VECTOR('',#2747,1000.);
#253=VECTOR('',#2750,1000.);
#254=VECTOR('',#2753,1000.);
#255=VECTOR('',#2756,1000.);
#256=VECTOR('',#2759,999.999999999999);
#257=VECTOR('',#2762,1000.);
#258=VECTOR('',#2765,1000.);
#259=VECTOR('',#2768,1000.);
#260=VECTOR('',#2771,1000.);
#261=VECTOR('',#2774,1000.);
#262=VECTOR('',#2777,999.999999999999);
#263=VECTOR('',#2780,1000.);
#264=VECTOR('',#2783,1000.);
#265=VECTOR('',#2786,1000.);
#266=VECTOR('',#2789,1000.);
#267=VECTOR('',#2792,999.999999999999);
#268=VECTOR('',#2795,1000.);
#269=VECTOR('',#2798,1000.);
#270=VECTOR('',#2801,1000.);
#271=VECTOR('',#2804,1000.);
#272=VECTOR('',#2807,1000.);
#273=VECTOR('',#2810,1000.);
#274=VECTOR('',#2813,1000.);
#275=VECTOR('',#2816,1000.);
#276=VECTOR('',#2819,1000.);
#277=VECTOR('',#2822,1000.);
#278=VECTOR('',#2825,1000.);
#279=VECTOR('',#2828,1000.);
#280=VECTOR('',#2831,1000.);
#281=VECTOR('',#2834,1000.);
#282=VECTOR('',#2837,1000.);
#283=VECTOR('',#2840,1000.);
#284=VECTOR('',#2843,1000.);
#285=VECTOR('',#2846,1000.);
#286=VECTOR('',#2849,1000.);
#287=VECTOR('',#2852,1000.);
#288=VECTOR('',#2855,1000.);
#289=VECTOR('',#2858,1000.);
#290=VECTOR('',#2861,1000.);
#291=VECTOR('',#2864,1000.);
#292=VECTOR('',#2867,1000.);
#293=VECTOR('',#2870,1000.);
#294=VECTOR('',#2873,1000.);
#295=VECTOR('',#2876,1000.);
#296=VECTOR('',#2879,1000.);
#297=VECTOR('',#2882,1000.);
#298=VECTOR('',#2885,4.75);
#299=VECTOR('',#2890,1000.);
#300=VECTOR('',#2893,1000.);
#301=VECTOR('',#2896,1000.);
#302=VECTOR('',#2899,1000.);
#303=VECTOR('',#2902,1000.);
#304=VECTOR('',#2905,1000.);
#305=VECTOR('',#2908,1000.);
#306=VECTOR('',#2911,1000.);
#307=VECTOR('',#2914,1000.);
#308=VECTOR('',#2917,1000.);
#309=VECTOR('',#2920,1000.);
#310=VECTOR('',#2923,1000.);
#311=VECTOR('',#2926,1000.);
#312=VECTOR('',#2929,1000.);
#313=VECTOR('',#2932,1000.);
#314=VECTOR('',#2935,1000.);
#315=VECTOR('',#2938,1000.);
#316=VECTOR('',#2941,999.999999999999);
#317=VECTOR('',#2944,1000.);
#318=VECTOR('',#2947,1000.);
#319=VECTOR('',#2950,1000.);
#320=VECTOR('',#2953,1000.);
#321=VECTOR('',#2956,1000.);
#322=VECTOR('',#2959,1000.);
#323=VECTOR('',#2962,1000.);
#324=VECTOR('',#2965,1000.);
#325=VECTOR('',#2968,1000.);
#326=VECTOR('',#2971,1000.);
#327=VECTOR('',#2974,1000.);
#328=VECTOR('',#2977,1000.);
#329=VECTOR('',#2980,1000.);
#330=VECTOR('',#2983,1000.);
#331=VECTOR('',#2986,1000.);
#332=VECTOR('',#2989,1000.);
#333=VECTOR('',#2992,1000.);
#334=VECTOR('',#2995,1000.);
#335=VECTOR('',#2998,1000.);
#336=VECTOR('',#3001,1000.);
#337=VECTOR('',#3004,1000.);
#338=VECTOR('',#3007,1000.);
#339=VECTOR('',#3010,1000.);
#340=VECTOR('',#3013,1000.);
#341=VECTOR('',#3016,1000.);
#342=VECTOR('',#3019,1000.);
#343=VECTOR('',#3022,1000.);
#344=VECTOR('',#3025,1000.);
#345=VECTOR('',#3028,1000.);
#346=VECTOR('',#3031,1000.);
#347=VECTOR('',#3034,1000.);
#348=VECTOR('',#3037,1000.);
#349=VECTOR('',#3042,1000.);
#350=VECTOR('',#3043,1000.);
#351=VECTOR('',#3046,1000.);
#352=VECTOR('',#3047,1000.);
#353=VECTOR('',#3050,1000.);
#354=VECTOR('',#3051,1000.);
#355=VECTOR('',#3054,1000.);
#356=VECTOR('',#3055,1000.);
#357=VECTOR('',#3058,1000.);
#358=VECTOR('',#3059,1000.);
#359=VECTOR('',#3062,1000.);
#360=VECTOR('',#3063,1000.);
#361=VECTOR('',#3066,1000.);
#362=VECTOR('',#3067,1000.);
#363=VECTOR('',#3070,1000.);
#364=VECTOR('',#3071,1000.);
#365=VECTOR('',#3074,1000.);
#366=VECTOR('',#3075,1000.);
#367=VECTOR('',#3078,1000.);
#368=VECTOR('',#3079,1000.);
#369=VECTOR('',#3082,1000.);
#370=VECTOR('',#3083,1000.);
#371=VECTOR('',#3086,1000.);
#372=VECTOR('',#3087,1000.);
#373=VECTOR('',#3090,1000.);
#374=VECTOR('',#3091,1000.);
#375=VECTOR('',#3094,1000.);
#376=VECTOR('',#3095,1000.);
#377=VECTOR('',#3098,1000.);
#378=VECTOR('',#3099,1000.);
#379=VECTOR('',#3102,1000.);
#380=VECTOR('',#3103,1000.);
#381=VECTOR('',#3106,1000.);
#382=VECTOR('',#3107,1000.);
#383=VECTOR('',#3110,1000.);
#384=VECTOR('',#3111,1000.);
#385=VECTOR('',#3114,1000.);
#386=VECTOR('',#3115,1000.);
#387=VECTOR('',#3118,1000.);
#388=VECTOR('',#3119,1000.);
#389=VECTOR('',#3122,1000.);
#390=VECTOR('',#3123,1000.);
#391=VECTOR('',#3126,1000.);
#392=VECTOR('',#3127,1000.);
#393=VECTOR('',#3130,1000.);
#394=VECTOR('',#3131,1000.);
#395=VECTOR('',#3134,1000.);
#396=VECTOR('',#3135,1000.);
#397=VECTOR('',#3138,1000.);
#398=VECTOR('',#3141,1000.);
#399=VECTOR('',#3144,1000.);
#400=VECTOR('',#3147,1000.);
#401=VECTOR('',#3150,1000.);
#402=VECTOR('',#3153,1000.);
#403=VECTOR('',#3158,1000.);
#404=VECTOR('',#3161,1000.);
#405=VECTOR('',#3166,1000.);
#406=VECTOR('',#3169,1000.);
#407=VECTOR('',#3174,1000.);
#408=VECTOR('',#3177,1000.);
#409=VECTOR('',#3182,1000.);
#410=VECTOR('',#3185,1000.);
#411=VECTOR('',#3190,1000.);
#412=VECTOR('',#3193,1000.);
#413=VECTOR('',#3198,1000.);
#414=VECTOR('',#3201,1000.);
#415=VECTOR('',#3206,1000.);
#416=VECTOR('',#3209,1000.);
#417=VECTOR('',#3214,1000.);
#418=VECTOR('',#3217,1000.);
#419=VECTOR('',#3222,1000.);
#420=VECTOR('',#3225,1000.);
#421=VECTOR('',#3230,1000.);
#422=VECTOR('',#3233,1000.);
#423=VECTOR('',#3238,1000.);
#424=VECTOR('',#3241,1000.);
#425=VECTOR('',#3246,1000.);
#426=VECTOR('',#3249,1000.);
#427=VECTOR('',#3254,1000.);
#428=VECTOR('',#3257,1000.);
#429=VECTOR('',#3262,1000.);
#430=VECTOR('',#3265,1000.);
#431=VECTOR('',#3270,1000.);
#432=VECTOR('',#3273,1000.);
#433=VECTOR('',#3278,1000.);
#434=VECTOR('',#3281,1000.);
#435=VECTOR('',#3286,1000.);
#436=VECTOR('',#3289,1000.);
#437=VECTOR('',#3294,1000.);
#438=VECTOR('',#3297,1000.);
#439=VECTOR('',#3302,1000.);
#440=VECTOR('',#3305,1000.);
#441=VECTOR('',#3310,1000.);
#442=VECTOR('',#3313,1000.);
#443=VECTOR('',#3318,1000.);
#444=VECTOR('',#3321,1000.);
#445=VECTOR('',#3326,1000.);
#446=VECTOR('',#3329,1000.);
#447=VECTOR('',#3334,1000.);
#448=VECTOR('',#3337,1000.);
#449=CYLINDRICAL_SURFACE('',#2388,5.);
#450=CYLINDRICAL_SURFACE('',#2393,14.5);
#451=CYLINDRICAL_SURFACE('',#2409,1.5);
#452=CYLINDRICAL_SURFACE('',#2411,1.75);
#453=CYLINDRICAL_SURFACE('',#2412,1.75);
#454=CYLINDRICAL_SURFACE('',#2413,1.75);
#455=CYLINDRICAL_SURFACE('',#2414,1.75);
#456=CYLINDRICAL_SURFACE('',#2415,1.75);
#457=CYLINDRICAL_SURFACE('',#2416,1.75);
#458=CYLINDRICAL_SURFACE('',#2417,1.75);
#459=CYLINDRICAL_SURFACE('',#2418,1.75);
#460=CYLINDRICAL_SURFACE('',#2523,2.65);
#461=CYLINDRICAL_SURFACE('',#2524,2.65);
#462=CYLINDRICAL_SURFACE('',#2525,2.65);
#463=CYLINDRICAL_SURFACE('',#2526,2.65);
#464=CYLINDRICAL_SURFACE('',#2527,2.65);
#465=CYLINDRICAL_SURFACE('',#2528,2.65);
#466=CYLINDRICAL_SURFACE('',#2529,2.65);
#467=CYLINDRICAL_SURFACE('',#2530,2.65);
#468=CYLINDRICAL_SURFACE('',#2531,2.65);
#469=CYLINDRICAL_SURFACE('',#2532,2.65);
#470=CYLINDRICAL_SURFACE('',#2533,2.65);
#471=CYLINDRICAL_SURFACE('',#2534,2.65);
#472=CYLINDRICAL_SURFACE('',#2535,2.65);
#473=CYLINDRICAL_SURFACE('',#2536,2.65);
#474=CYLINDRICAL_SURFACE('',#2537,2.65);
#475=CYLINDRICAL_SURFACE('',#2538,2.65);
#476=CYLINDRICAL_SURFACE('',#2539,2.65);
#477=CYLINDRICAL_SURFACE('',#2540,2.65);
#478=CYLINDRICAL_SURFACE('',#2541,2.65);
#479=CYLINDRICAL_SURFACE('',#2542,2.65);
#480=CYLINDRICAL_SURFACE('',#2543,2.65);
#481=CYLINDRICAL_SURFACE('',#2544,2.65);
#482=CYLINDRICAL_SURFACE('',#2545,2.65);
#483=CYLINDRICAL_SURFACE('',#2546,2.65);
#484=CYLINDRICAL_SURFACE('',#2548,3.05);
#485=CYLINDRICAL_SURFACE('',#2550,2.65);
#486=CYLINDRICAL_SURFACE('',#2553,3.05);
#487=CYLINDRICAL_SURFACE('',#2556,3.05);
#488=CYLINDRICAL_SURFACE('',#2559,3.05);
#489=CYLINDRICAL_SURFACE('',#2562,3.05);
#490=CYLINDRICAL_SURFACE('',#2565,3.05);
#491=CYLINDRICAL_SURFACE('',#2568,3.05);
#492=CYLINDRICAL_SURFACE('',#2571,3.05);
#493=CYLINDRICAL_SURFACE('',#2574,3.05);
#494=CYLINDRICAL_SURFACE('',#2577,3.05);
#495=CYLINDRICAL_SURFACE('',#2580,3.05);
#496=CYLINDRICAL_SURFACE('',#2583,3.05);
#497=CYLINDRICAL_SURFACE('',#2586,3.05);
#498=CYLINDRICAL_SURFACE('',#2589,3.05);
#499=CYLINDRICAL_SURFACE('',#2592,3.05);
#500=CYLINDRICAL_SURFACE('',#2595,3.05);
#501=CYLINDRICAL_SURFACE('',#2598,3.05);
#502=CYLINDRICAL_SURFACE('',#2601,3.05);
#503=CYLINDRICAL_SURFACE('',#2604,3.05);
#504=CYLINDRICAL_SURFACE('',#2607,3.05);
#505=CYLINDRICAL_SURFACE('',#2610,3.05);
#506=CYLINDRICAL_SURFACE('',#2613,3.05);
#507=CYLINDRICAL_SURFACE('',#2616,3.05);
#508=CYLINDRICAL_SURFACE('',#2619,3.05);
#509=CYLINDRICAL_SURFACE('',#2621,3.05);
#510=FACE_BOUND('',#706,.T.);
#511=FACE_BOUND('',#707,.T.);
#512=FACE_BOUND('',#708,.T.);
#513=FACE_BOUND('',#709,.T.);
#514=FACE_BOUND('',#710,.T.);
#515=FACE_BOUND('',#711,.T.);
#516=FACE_BOUND('',#712,.T.);
#517=FACE_BOUND('',#713,.T.);
#518=FACE_BOUND('',#714,.T.);
#519=FACE_BOUND('',#720,.T.);
#520=FACE_BOUND('',#721,.T.);
#521=FACE_BOUND('',#722,.T.);
#522=FACE_BOUND('',#723,.T.);
#523=FACE_BOUND('',#724,.T.);
#524=FACE_BOUND('',#725,.T.);
#525=FACE_BOUND('',#726,.T.);
#526=FACE_BOUND('',#727,.T.);
#527=FACE_BOUND('',#728,.T.);
#528=FACE_BOUND('',#740,.T.);
#529=FACE_BOUND('',#743,.T.);
#530=PLANE('',#2378);
#531=PLANE('',#2397);
#532=PLANE('',#2419);
#533=PLANE('',#2472);
#534=PLANE('',#2547);
#535=PLANE('',#2549);
#536=PLANE('',#2551);
#537=PLANE('',#2552);
#538=PLANE('',#2554);
#539=PLANE('',#2555);
#540=PLANE('',#2557);
#541=PLANE('',#2558);
#542=PLANE('',#2560);
#543=PLANE('',#2561);
#544=PLANE('',#2563);
#545=PLANE('',#2564);
#546=PLANE('',#2566);
#547=PLANE('',#2567);
#548=PLANE('',#2569);
#549=PLANE('',#2570);
#550=PLANE('',#2572);
#551=PLANE('',#2573);
#552=PLANE('',#2575);
#553=PLANE('',#2576);
#554=PLANE('',#2578);
#555=PLANE('',#2579);
#556=PLANE('',#2581);
#557=PLANE('',#2582);
#558=PLANE('',#2584);
#559=PLANE('',#2585);
#560=PLANE('',#2587);
#561=PLANE('',#2588);
#562=PLANE('',#2590);
#563=PLANE('',#2591);
#564=PLANE('',#2593);
#565=PLANE('',#2594);
#566=PLANE('',#2596);
#567=PLANE('',#2597);
#568=PLANE('',#2599);
#569=PLANE('',#2600);
#570=PLANE('',#2602);
#571=PLANE('',#2603);
#572=PLANE('',#2605);
#573=PLANE('',#2606);
#574=PLANE('',#2608);
#575=PLANE('',#2609);
#576=PLANE('',#2611);
#577=PLANE('',#2612);
#578=PLANE('',#2614);
#579=PLANE('',#2615);
#580=PLANE('',#2617);
#581=PLANE('',#2618);
#582=PLANE('',#2620);
#583=PLANE('',#2622);
#584=FACE_OUTER_BOUND('',#704,.T.);
#585=FACE_OUTER_BOUND('',#705,.T.);
#586=FACE_OUTER_BOUND('',#715,.T.);
#587=FACE_OUTER_BOUND('',#716,.T.);
#588=FACE_OUTER_BOUND('',#717,.T.);
#589=FACE_OUTER_BOUND('',#718,.T.);
#590=FACE_OUTER_BOUND('',#719,.T.);
#591=FACE_OUTER_BOUND('',#729,.T.);
#592=FACE_OUTER_BOUND('',#730,.T.);
#593=FACE_OUTER_BOUND('',#731,.T.);
#594=FACE_OUTER_BOUND('',#732,.T.);
#595=FACE_OUTER_BOUND('',#733,.T.);
#596=FACE_OUTER_BOUND('',#734,.T.);
#597=FACE_OUTER_BOUND('',#735,.T.);
#598=FACE_OUTER_BOUND('',#736,.T.);
#599=FACE_OUTER_BOUND('',#737,.T.);
#600=FACE_OUTER_BOUND('',#738,.T.);
#601=FACE_OUTER_BOUND('',#739,.T.);
#602=FACE_OUTER_BOUND('',#741,.T.);
#603=FACE_OUTER_BOUND('',#742,.T.);
#604=FACE_OUTER_BOUND('',#744,.T.);
#605=FACE_OUTER_BOUND('',#745,.T.);
#606=FACE_OUTER_BOUND('',#746,.T.);
#607=FACE_OUTER_BOUND('',#747,.T.);
#608=FACE_OUTER_BOUND('',#748,.T.);
#609=FACE_OUTER_BOUND('',#749,.T.);
#610=FACE_OUTER_BOUND('',#750,.T.);
#611=FACE_OUTER_BOUND('',#751,.T.);
#612=FACE_OUTER_BOUND('',#752,.T.);
#613=FACE_OUTER_BOUND('',#753,.T.);
#614=FACE_OUTER_BOUND('',#754,.T.);
#615=FACE_OUTER_BOUND('',#755,.T.);
#616=FACE_OUTER_BOUND('',#756,.T.);
#617=FACE_OUTER_BOUND('',#757,.T.);
#618=FACE_OUTER_BOUND('',#758,.T.);
#619=FACE_OUTER_BOUND('',#759,.T.);
#620=FACE_OUTER_BOUND('',#760,.T.);
#621=FACE_OUTER_BOUND('',#761,.T.);
#622=FACE_OUTER_BOUND('',#762,.T.);
#623=FACE_OUTER_BOUND('',#763,.T.);
#624=FACE_OUTER_BOUND('',#764,.T.);
#625=FACE_OUTER_BOUND('',#765,.T.);
#626=FACE_OUTER_BOUND('',#766,.T.);
#627=FACE_OUTER_BOUND('',#767,.T.);
#628=FACE_OUTER_BOUND('',#768,.T.);
#629=FACE_OUTER_BOUND('',#769,.T.);
#630=FACE_OUTER_BOUND('',#770,.T.);
#631=FACE_OUTER_BOUND('',#771,.T.);
#632=FACE_OUTER_BOUND('',#772,.T.);
#633=FACE_OUTER_BOUND('',#773,.T.);
#634=FACE_OUTER_BOUND('',#774,.T.);
#635=FACE_OUTER_BOUND('',#775,.T.);
#636=FACE_OUTER_BOUND('',#776,.T.);
#637=FACE_OUTER_BOUND('',#777,.T.);
#638=FACE_OUTER_BOUND('',#778,.T.);
#639=FACE_OUTER_BOUND('',#779,.T.);
#640=FACE_OUTER_BOUND('',#780,.T.);
#641=FACE_OUTER_BOUND('',#781,.T.);
#642=FACE_OUTER_BOUND('',#782,.T.);
#643=FACE_OUTER_BOUND('',#783,.T.);
#644=FACE_OUTER_BOUND('',#784,.T.);
#645=FACE_OUTER_BOUND('',#785,.T.);
#646=FACE_OUTER_BOUND('',#786,.T.);
#647=FACE_OUTER_BOUND('',#787,.T.);
#648=FACE_OUTER_BOUND('',#788,.T.);
#649=FACE_OUTER_BOUND('',#789,.T.);
#650=FACE_OUTER_BOUND('',#790,.T.);
#651=FACE_OUTER_BOUND('',#791,.T.);
#652=FACE_OUTER_BOUND('',#792,.T.);
#653=FACE_OUTER_BOUND('',#793,.T.);
#654=FACE_OUTER_BOUND('',#794,.T.);
#655=FACE_OUTER_BOUND('',#795,.T.);
#656=FACE_OUTER_BOUND('',#796,.T.);
#657=FACE_OUTER_BOUND('',#797,.T.);
#658=FACE_OUTER_BOUND('',#798,.T.);
#659=FACE_OUTER_BOUND('',#799,.T.);
#660=FACE_OUTER_BOUND('',#800,.T.);
#661=FACE_OUTER_BOUND('',#801,.T.);
#662=FACE_OUTER_BOUND('',#802,.T.);
#663=FACE_OUTER_BOUND('',#803,.T.);
#664=FACE_OUTER_BOUND('',#804,.T.);
#665=FACE_OUTER_BOUND('',#805,.T.);
#666=FACE_OUTER_BOUND('',#806,.T.);
#667=FACE_OUTER_BOUND('',#807,.T.);
#668=FACE_OUTER_BOUND('',#808,.T.);
#669=FACE_OUTER_BOUND('',#809,.T.);
#670=FACE_OUTER_BOUND('',#810,.T.);
#671=FACE_OUTER_BOUND('',#811,.T.);
#672=FACE_OUTER_BOUND('',#812,.T.);
#673=FACE_OUTER_BOUND('',#813,.T.);
#674=FACE_OUTER_BOUND('',#814,.T.);
#675=FACE_OUTER_BOUND('',#815,.T.);
#676=FACE_OUTER_BOUND('',#816,.T.);
#677=FACE_OUTER_BOUND('',#817,.T.);
#678=FACE_OUTER_BOUND('',#818,.T.);
#679=FACE_OUTER_BOUND('',#819,.T.);
#680=FACE_OUTER_BOUND('',#820,.T.);
#681=FACE_OUTER_BOUND('',#821,.T.);
#682=FACE_OUTER_BOUND('',#822,.T.);
#683=FACE_OUTER_BOUND('',#823,.T.);
#684=FACE_OUTER_BOUND('',#824,.T.);
#685=FACE_OUTER_BOUND('',#825,.T.);
#686=FACE_OUTER_BOUND('',#826,.T.);
#687=FACE_OUTER_BOUND('',#827,.T.);
#688=FACE_OUTER_BOUND('',#828,.T.);
#689=FACE_OUTER_BOUND('',#829,.T.);
#690=FACE_OUTER_BOUND('',#830,.T.);
#691=FACE_OUTER_BOUND('',#831,.T.);
#692=FACE_OUTER_BOUND('',#832,.T.);
#693=FACE_OUTER_BOUND('',#833,.T.);
#694=FACE_OUTER_BOUND('',#834,.T.);
#695=FACE_OUTER_BOUND('',#835,.T.);
#696=FACE_OUTER_BOUND('',#836,.T.);
#697=FACE_OUTER_BOUND('',#837,.T.);
#698=FACE_OUTER_BOUND('',#838,.T.);
#699=FACE_OUTER_BOUND('',#839,.T.);
#700=FACE_OUTER_BOUND('',#840,.T.);
#701=FACE_OUTER_BOUND('',#841,.T.);
#702=FACE_OUTER_BOUND('',#842,.T.);
#703=FACE_OUTER_BOUND('',#843,.T.);
#704=EDGE_LOOP('',(#1548,#1549,#1550,#1551,#1552));
#705=EDGE_LOOP('',(#1553));
#706=EDGE_LOOP('',(#1554));
#707=EDGE_LOOP('',(#1555));
#708=EDGE_LOOP('',(#1556));
#709=EDGE_LOOP('',(#1557));
#710=EDGE_LOOP('',(#1558));
#711=EDGE_LOOP('',(#1559));
#712=EDGE_LOOP('',(#1560));
#713=EDGE_LOOP('',(#1561));
#714=EDGE_LOOP('',(#1562));
#715=EDGE_LOOP('',(#1563,#1564,#1565,#1566,#1567,#1568));
#716=EDGE_LOOP('',(#1569,#1570,#1571,#1572));
#717=EDGE_LOOP('',(#1573,#1574,#1575,#1576));
#718=EDGE_LOOP('',(#1577,#1578,#1579,#1580));
#719=EDGE_LOOP('',(#1581));
#720=EDGE_LOOP('',(#1582));
#721=EDGE_LOOP('',(#1583));
#722=EDGE_LOOP('',(#1584));
#723=EDGE_LOOP('',(#1585));
#724=EDGE_LOOP('',(#1586));
#725=EDGE_LOOP('',(#1587));
#726=EDGE_LOOP('',(#1588));
#727=EDGE_LOOP('',(#1589));
#728=EDGE_LOOP('',(#1590));
#729=EDGE_LOOP('',(#1591,#1592,#1593,#1594));
#730=EDGE_LOOP('',(#1595,#1596,#1597,#1598));
#731=EDGE_LOOP('',(#1599,#1600,#1601,#1602));
#732=EDGE_LOOP('',(#1603,#1604,#1605,#1606));
#733=EDGE_LOOP('',(#1607,#1608,#1609,#1610));
#734=EDGE_LOOP('',(#1611,#1612,#1613,#1614));
#735=EDGE_LOOP('',(#1615,#1616,#1617,#1618));
#736=EDGE_LOOP('',(#1619,#1620,#1621,#1622));
#737=EDGE_LOOP('',(#1623,#1624,#1625,#1626));
#738=EDGE_LOOP('',(#1627,#1628,#1629,#1630));
#739=EDGE_LOOP('',(#1631,#1632,#1633,#1634,#1635,#1636,#1637,#1638,#1639,
#1640,#1641,#1642,#1643,#1644,#1645,#1646,#1647,#1648,#1649,#1650,#1651,
#1652,#1653,#1654,#1655,#1656,#1657,#1658,#1659,#1660,#1661,#1662,#1663,
#1664,#1665,#1666,#1667,#1668,#1669,#1670,#1671,#1672,#1673,#1674,#1675,
#1676,#1677,#1678,#1679,#1680,#1681,#1682,#1683,#1684,#1685,#1686,#1687,
#1688,#1689,#1690,#1691,#1692,#1693,#1694,#1695,#1696,#1697,#1698,#1699,
#1700,#1701,#1702,#1703,#1704,#1705,#1706,#1707,#1708,#1709,#1710,#1711,
#1712,#1713,#1714,#1715,#1716,#1717,#1718,#1719,#1720,#1721,#1722,#1723,
#1724,#1725,#1726,#1727,#1728,#1729,#1730));
#740=EDGE_LOOP('',(#1731));
#741=EDGE_LOOP('',(#1732,#1733,#1734,#1735,#1736));
#742=EDGE_LOOP('',(#1737));
#743=EDGE_LOOP('',(#1738,#1739,#1740,#1741,#1742,#1743,#1744,#1745,#1746,
#1747,#1748,#1749,#1750,#1751,#1752,#1753,#1754,#1755,#1756,#1757,#1758,
#1759,#1760,#1761,#1762,#1763,#1764,#1765,#1766,#1767,#1768,#1769,#1770,
#1771,#1772,#1773,#1774,#1775,#1776,#1777,#1778,#1779,#1780,#1781,#1782,
#1783,#1784,#1785,#1786,#1787,#1788,#1789,#1790,#1791,#1792,#1793,#1794,
#1795,#1796,#1797,#1798,#1799,#1800,#1801,#1802,#1803,#1804,#1805,#1806,
#1807,#1808,#1809,#1810,#1811,#1812,#1813,#1814,#1815,#1816,#1817,#1818,
#1819,#1820,#1821,#1822,#1823,#1824,#1825,#1826,#1827,#1828,#1829,#1830,
#1831,#1832,#1833,#1834,#1835,#1836,#1837));
#744=EDGE_LOOP('',(#1838,#1839,#1840,#1841));
#745=EDGE_LOOP('',(#1842,#1843,#1844,#1845));
#746=EDGE_LOOP('',(#1846,#1847,#1848,#1849));
#747=EDGE_LOOP('',(#1850,#1851,#1852,#1853));
#748=EDGE_LOOP('',(#1854,#1855,#1856,#1857));
#749=EDGE_LOOP('',(#1858,#1859,#1860,#1861));
#750=EDGE_LOOP('',(#1862,#1863,#1864,#1865));
#751=EDGE_LOOP('',(#1866,#1867,#1868,#1869));
#752=EDGE_LOOP('',(#1870,#1871,#1872,#1873));
#753=EDGE_LOOP('',(#1874,#1875,#1876,#1877));
#754=EDGE_LOOP('',(#1878,#1879,#1880,#1881));
#755=EDGE_LOOP('',(#1882,#1883,#1884,#1885));
#756=EDGE_LOOP('',(#1886,#1887,#1888,#1889));
#757=EDGE_LOOP('',(#1890,#1891,#1892,#1893));
#758=EDGE_LOOP('',(#1894,#1895,#1896,#1897));
#759=EDGE_LOOP('',(#1898,#1899,#1900,#1901));
#760=EDGE_LOOP('',(#1902,#1903,#1904,#1905));
#761=EDGE_LOOP('',(#1906,#1907,#1908,#1909));
#762=EDGE_LOOP('',(#1910,#1911,#1912,#1913));
#763=EDGE_LOOP('',(#1914,#1915,#1916,#1917));
#764=EDGE_LOOP('',(#1918,#1919,#1920,#1921));
#765=EDGE_LOOP('',(#1922,#1923,#1924,#1925));
#766=EDGE_LOOP('',(#1926,#1927,#1928,#1929));
#767=EDGE_LOOP('',(#1930,#1931,#1932,#1933));
#768=EDGE_LOOP('',(#1934,#1935,#1936,#1937));
#769=EDGE_LOOP('',(#1938,#1939,#1940,#1941));
#770=EDGE_LOOP('',(#1942,#1943,#1944,#1945));
#771=EDGE_LOOP('',(#1946,#1947,#1948,#1949));
#772=EDGE_LOOP('',(#1950,#1951,#1952,#1953));
#773=EDGE_LOOP('',(#1954,#1955,#1956,#1957));
#774=EDGE_LOOP('',(#1958,#1959,#1960,#1961));
#775=EDGE_LOOP('',(#1962,#1963,#1964,#1965));
#776=EDGE_LOOP('',(#1966,#1967,#1968,#1969));
#777=EDGE_LOOP('',(#1970,#1971,#1972,#1973));
#778=EDGE_LOOP('',(#1974,#1975,#1976,#1977));
#779=EDGE_LOOP('',(#1978,#1979,#1980,#1981));
#780=EDGE_LOOP('',(#1982,#1983,#1984,#1985));
#781=EDGE_LOOP('',(#1986,#1987,#1988,#1989));
#782=EDGE_LOOP('',(#1990,#1991,#1992,#1993));
#783=EDGE_LOOP('',(#1994,#1995,#1996,#1997));
#784=EDGE_LOOP('',(#1998,#1999,#2000,#2001));
#785=EDGE_LOOP('',(#2002,#2003,#2004,#2005));
#786=EDGE_LOOP('',(#2006,#2007,#2008,#2009));
#787=EDGE_LOOP('',(#2010,#2011,#2012,#2013));
#788=EDGE_LOOP('',(#2014,#2015,#2016,#2017));
#789=EDGE_LOOP('',(#2018,#2019,#2020,#2021));
#790=EDGE_LOOP('',(#2022,#2023,#2024,#2025));
#791=EDGE_LOOP('',(#2026,#2027,#2028,#2029));
#792=EDGE_LOOP('',(#2030,#2031,#2032,#2033));
#793=EDGE_LOOP('',(#2034,#2035,#2036,#2037));
#794=EDGE_LOOP('',(#2038,#2039,#2040,#2041));
#795=EDGE_LOOP('',(#2042,#2043,#2044,#2045));
#796=EDGE_LOOP('',(#2046,#2047,#2048,#2049));
#797=EDGE_LOOP('',(#2050,#2051,#2052,#2053));
#798=EDGE_LOOP('',(#2054,#2055,#2056,#2057));
#799=EDGE_LOOP('',(#2058,#2059,#2060,#2061));
#800=EDGE_LOOP('',(#2062,#2063,#2064,#2065));
#801=EDGE_LOOP('',(#2066,#2067,#2068,#2069));
#802=EDGE_LOOP('',(#2070,#2071,#2072,#2073));
#803=EDGE_LOOP('',(#2074,#2075,#2076,#2077));
#804=EDGE_LOOP('',(#2078,#2079,#2080,#2081));
#805=EDGE_LOOP('',(#2082,#2083,#2084,#2085));
#806=EDGE_LOOP('',(#2086,#2087,#2088,#2089));
#807=EDGE_LOOP('',(#2090,#2091,#2092,#2093));
#808=EDGE_LOOP('',(#2094,#2095,#2096,#2097));
#809=EDGE_LOOP('',(#2098,#2099,#2100,#2101));
#810=EDGE_LOOP('',(#2102,#2103,#2104,#2105));
#811=EDGE_LOOP('',(#2106,#2107,#2108,#2109));
#812=EDGE_LOOP('',(#2110,#2111,#2112,#2113));
#813=EDGE_LOOP('',(#2114,#2115,#2116,#2117));
#814=EDGE_LOOP('',(#2118,#2119,#2120,#2121));
#815=EDGE_LOOP('',(#2122,#2123,#2124,#2125));
#816=EDGE_LOOP('',(#2126,#2127,#2128,#2129));
#817=EDGE_LOOP('',(#2130,#2131,#2132,#2133));
#818=EDGE_LOOP('',(#2134,#2135,#2136,#2137));
#819=EDGE_LOOP('',(#2138,#2139,#2140,#2141));
#820=EDGE_LOOP('',(#2142,#2143,#2144,#2145));
#821=EDGE_LOOP('',(#2146,#2147,#2148,#2149));
#822=EDGE_LOOP('',(#2150,#2151,#2152,#2153));
#823=EDGE_LOOP('',(#2154,#2155,#2156,#2157));
#824=EDGE_LOOP('',(#2158,#2159,#2160,#2161));
#825=EDGE_LOOP('',(#2162,#2163,#2164,#2165));
#826=EDGE_LOOP('',(#2166,#2167,#2168,#2169));
#827=EDGE_LOOP('',(#2170,#2171,#2172,#2173));
#828=EDGE_LOOP('',(#2174,#2175,#2176,#2177));
#829=EDGE_LOOP('',(#2178,#2179,#2180,#2181));
#830=EDGE_LOOP('',(#2182,#2183,#2184,#2185));
#831=EDGE_LOOP('',(#2186,#2187,#2188,#2189));
#832=EDGE_LOOP('',(#2190,#2191,#2192,#2193));
#833=EDGE_LOOP('',(#2194,#2195,#2196,#2197));
#834=EDGE_LOOP('',(#2198,#2199,#2200,#2201));
#835=EDGE_LOOP('',(#2202,#2203,#2204,#2205));
#836=EDGE_LOOP('',(#2206,#2207,#2208,#2209));
#837=EDGE_LOOP('',(#2210,#2211,#2212,#2213));
#838=EDGE_LOOP('',(#2214,#2215,#2216,#2217));
#839=EDGE_LOOP('',(#2218,#2219,#2220,#2221));
#840=EDGE_LOOP('',(#2222,#2223,#2224,#2225));
#841=EDGE_LOOP('',(#2226,#2227,#2228,#2229));
#842=EDGE_LOOP('',(#2230,#2231,#2232,#2233));
#843=EDGE_LOOP('',(#2234,#2235,#2236,#2237));
#844=CIRCLE('',#2374,5.);
#845=CIRCLE('',#2375,5.);
#846=CIRCLE('',#2376,1.);
#847=CIRCLE('',#2377,6.);
#848=CIRCLE('',#2379,14.);
#849=CIRCLE('',#2380,1.75);
#850=CIRCLE('',#2381,1.75);
#851=CIRCLE('',#2382,1.75);
#852=CIRCLE('',#2383,1.75);
#853=CIRCLE('',#2384,1.75);
#854=CIRCLE('',#2385,1.75);
#855=CIRCLE('',#2386,1.75);
#856=CIRCLE('',#2387,1.75);
#857=CIRCLE('',#2389,5.);
#858=CIRCLE('',#2390,5.);
#859=CIRCLE('',#2392,14.5);
#860=CIRCLE('',#2394,14.5);
#861=CIRCLE('',#2396,14.);
#862=CIRCLE('',#2398,2.);
#863=CIRCLE('',#2399,1.75);
#864=CIRCLE('',#2400,1.75);
#865=CIRCLE('',#2401,1.75);
#866=CIRCLE('',#2402,1.75);
#867=CIRCLE('',#2403,1.75);
#868=CIRCLE('',#2404,1.75);
#869=CIRCLE('',#2405,1.75);
#870=CIRCLE('',#2406,1.75);
#871=CIRCLE('',#2408,1.5);
#872=CIRCLE('',#2410,1.5);
#873=CIRCLE('',#2420,2.65);
#874=CIRCLE('',#2421,3.05);
#875=CIRCLE('',#2422,2.65);
#876=CIRCLE('',#2423,3.05);
#877=CIRCLE('',#2424,2.65);
#878=CIRCLE('',#2425,3.05);
#879=CIRCLE('',#2426,2.65);
#880=CIRCLE('',#2427,3.05);
#881=CIRCLE('',#2428,2.65);
#882=CIRCLE('',#2429,3.05);
#883=CIRCLE('',#2430,2.65);
#884=CIRCLE('',#2431,3.05);
#885=CIRCLE('',#2432,2.65);
#886=CIRCLE('',#2433,3.05);
#887=CIRCLE('',#2434,2.65);
#888=CIRCLE('',#2435,3.05);
#889=CIRCLE('',#2436,2.65);
#890=CIRCLE('',#2437,3.05);
#891=CIRCLE('',#2438,2.65);
#892=CIRCLE('',#2439,3.05);
#893=CIRCLE('',#2440,2.65);
#894=CIRCLE('',#2441,3.05);
#895=CIRCLE('',#2442,2.65);
#896=CIRCLE('',#2443,3.05);
#897=CIRCLE('',#2444,2.65);
#898=CIRCLE('',#2445,3.05);
#899=CIRCLE('',#2446,2.65);
#900=CIRCLE('',#2447,3.05);
#901=CIRCLE('',#2448,2.65);
#902=CIRCLE('',#2449,3.05);
#903=CIRCLE('',#2450,2.65);
#904=CIRCLE('',#2451,3.05);
#905=CIRCLE('',#2452,2.65);
#906=CIRCLE('',#2453,3.05);
#907=CIRCLE('',#2454,2.65);
#908=CIRCLE('',#2455,3.05);
#909=CIRCLE('',#2456,2.65);
#910=CIRCLE('',#2457,3.05);
#911=CIRCLE('',#2458,2.65);
#912=CIRCLE('',#2459,3.05);
#913=CIRCLE('',#2460,2.65);
#914=CIRCLE('',#2461,3.05);
#915=CIRCLE('',#2462,2.65);
#916=CIRCLE('',#2463,3.05);
#917=CIRCLE('',#2464,2.65);
#918=CIRCLE('',#2465,3.05);
#919=CIRCLE('',#2466,2.65);
#920=CIRCLE('',#2467,3.05);
#921=CIRCLE('',#2468,2.65);
#922=CIRCLE('',#2469,3.05);
#923=CIRCLE('',#2471,4.5);
#924=CIRCLE('',#2473,3.05);
#925=CIRCLE('',#2474,2.65);
#926=CIRCLE('',#2475,3.05);
#927=CIRCLE('',#2476,2.65);
#928=CIRCLE('',#2477,3.05);
#929=CIRCLE('',#2478,2.65);
#930=CIRCLE('',#2479,3.05);
#931=CIRCLE('',#2480,2.65);
#932=CIRCLE('',#2481,3.05);
#933=CIRCLE('',#2482,2.65);
#934=CIRCLE('',#2483,3.05);
#935=CIRCLE('',#2484,2.65);
#936=CIRCLE('',#2485,3.05);
#937=CIRCLE('',#2486,2.65);
#938=CIRCLE('',#2487,3.05);
#939=CIRCLE('',#2488,2.65);
#940=CIRCLE('',#2489,3.05);
#941=CIRCLE('',#2490,2.65);
#942=CIRCLE('',#2491,3.05);
#943=CIRCLE('',#2492,2.65);
#944=CIRCLE('',#2493,3.05);
#945=CIRCLE('',#2494,2.65);
#946=CIRCLE('',#2495,3.05);
#947=CIRCLE('',#2496,2.65);
#948=CIRCLE('',#2497,3.05);
#949=CIRCLE('',#2498,2.65);
#950=CIRCLE('',#2499,3.05);
#951=CIRCLE('',#2500,2.65);
#952=CIRCLE('',#2501,3.05);
#953=CIRCLE('',#2502,2.65);
#954=CIRCLE('',#2503,3.05);
#955=CIRCLE('',#2504,2.65);
#956=CIRCLE('',#2505,3.05);
#957=CIRCLE('',#2506,2.65);
#958=CIRCLE('',#2507,3.05);
#959=CIRCLE('',#2508,2.65);
#960=CIRCLE('',#2509,3.05);
#961=CIRCLE('',#2510,2.65);
#962=CIRCLE('',#2511,3.05);
#963=CIRCLE('',#2512,2.65);
#964=CIRCLE('',#2513,3.05);
#965=CIRCLE('',#2514,2.65);
#966=CIRCLE('',#2515,3.05);
#967=CIRCLE('',#2516,2.65);
#968=CIRCLE('',#2517,3.05);
#969=CIRCLE('',#2518,2.65);
#970=CIRCLE('',#2519,3.05);
#971=CIRCLE('',#2520,2.65);
#972=CIRCLE('',#2521,3.05);
#973=CIRCLE('',#2522,2.65);
#974=VERTEX_POINT('',#3342);
#975=VERTEX_POINT('',#3343);
#976=VERTEX_POINT('',#3346);
#977=VERTEX_POINT('',#3350);
#978=VERTEX_POINT('',#3352);
#979=VERTEX_POINT('',#3354);
#980=VERTEX_POINT('',#3356);
#981=VERTEX_POINT('',#3358);
#982=VERTEX_POINT('',#3360);
#983=VERTEX_POINT('',#3362);
#984=VERTEX_POINT('',#3364);
#985=VERTEX_POINT('',#3366);
#986=VERTEX_POINT('',#3369);
#987=VERTEX_POINT('',#3371);
#988=VERTEX_POINT('',#3375);
#989=VERTEX_POINT('',#3379);
#990=VERTEX_POINT('',#3383);
#991=VERTEX_POINT('',#3387);
#992=VERTEX_POINT('',#3389);
#993=VERTEX_POINT('',#3391);
#994=VERTEX_POINT('',#3393);
#995=VERTEX_POINT('',#3395);
#996=VERTEX_POINT('',#3397);
#997=VERTEX_POINT('',#3399);
#998=VERTEX_POINT('',#3401);
#999=VERTEX_POINT('',#3403);
#1000=VERTEX_POINT('',#3406);
#1001=VERTEX_POINT('',#3410);
#1002=VERTEX_POINT('',#3430);
#1003=VERTEX_POINT('',#3431);
#1004=VERTEX_POINT('',#3433);
#1005=VERTEX_POINT('',#3435);
#1006=VERTEX_POINT('',#3437);
#1007=VERTEX_POINT('',#3439);
#1008=VERTEX_POINT('',#3441);
#1009=VERTEX_POINT('',#3443);
#1010=VERTEX_POINT('',#3445);
#1011=VERTEX_POINT('',#3447);
#1012=VERTEX_POINT('',#3449);
#1013=VERTEX_POINT('',#3451);
#1014=VERTEX_POINT('',#3453);
#1015=VERTEX_POINT('',#3455);
#1016=VERTEX_POINT('',#3457);
#1017=VERTEX_POINT('',#3459);
#1018=VERTEX_POINT('',#3461);
#1019=VERTEX_POINT('',#3463);
#1020=VERTEX_POINT('',#3465);
#1021=VERTEX_POINT('',#3467);
#1022=VERTEX_POINT('',#3469);
#1023=VERTEX_POINT('',#3471);
#1024=VERTEX_POINT('',#3473);
#1025=VERTEX_POINT('',#3475);
#1026=VERTEX_POINT('',#3477);
#1027=VERTEX_POINT('',#3479);
#1028=VERTEX_POINT('',#3481);
#1029=VERTEX_POINT('',#3483);
#1030=VERTEX_POINT('',#3485);
#1031=VERTEX_POINT('',#3487);
#1032=VERTEX_POINT('',#3489);
#1033=VERTEX_POINT('',#3491);
#1034=VERTEX_POINT('',#3493);
#1035=VERTEX_POINT('',#3495);
#1036=VERTEX_POINT('',#3497);
#1037=VERTEX_POINT('',#3499);
#1038=VERTEX_POINT('',#3501);
#1039=VERTEX_POINT('',#3503);
#1040=VERTEX_POINT('',#3505);
#1041=VERTEX_POINT('',#3507);
#1042=VERTEX_POINT('',#3509);
#1043=VERTEX_POINT('',#3511);
#1044=VERTEX_POINT('',#3513);
#1045=VERTEX_POINT('',#3515);
#1046=VERTEX_POINT('',#3517);
#1047=VERTEX_POINT('',#3519);
#1048=VERTEX_POINT('',#3521);
#1049=VERTEX_POINT('',#3523);
#1050=VERTEX_POINT('',#3525);
#1051=VERTEX_POINT('',#3527);
#1052=VERTEX_POINT('',#3529);
#1053=VERTEX_POINT('',#3531);
#1054=VERTEX_POINT('',#3533);
#1055=VERTEX_POINT('',#3535);
#1056=VERTEX_POINT('',#3537);
#1057=VERTEX_POINT('',#3539);
#1058=VERTEX_POINT('',#3541);
#1059=VERTEX_POINT('',#3543);
#1060=VERTEX_POINT('',#3545);
#1061=VERTEX_POINT('',#3547);
#1062=VERTEX_POINT('',#3549);
#1063=VERTEX_POINT('',#3551);
#1064=VERTEX_POINT('',#3553);
#1065=VERTEX_POINT('',#3555);
#1066=VERTEX_POINT('',#3557);
#1067=VERTEX_POINT('',#3559);
#1068=VERTEX_POINT('',#3561);
#1069=VERTEX_POINT('',#3563);
#1070=VERTEX_POINT('',#3565);
#1071=VERTEX_POINT('',#3567);
#1072=VERTEX_POINT('',#3569);
#1073=VERTEX_POINT('',#3571);
#1074=VERTEX_POINT('',#3573);
#1075=VERTEX_POINT('',#3575);
#1076=VERTEX_POINT('',#3577);
#1077=VERTEX_POINT('',#3579);
#1078=VERTEX_POINT('',#3581);
#1079=VERTEX_POINT('',#3583);
#1080=VERTEX_POINT('',#3585);
#1081=VERTEX_POINT('',#3587);
#1082=VERTEX_POINT('',#3589);
#1083=VERTEX_POINT('',#3591);
#1084=VERTEX_POINT('',#3593);
#1085=VERTEX_POINT('',#3595);
#1086=VERTEX_POINT('',#3597);
#1087=VERTEX_POINT('',#3599);
#1088=VERTEX_POINT('',#3601);
#1089=VERTEX_POINT('',#3603);
#1090=VERTEX_POINT('',#3605);
#1091=VERTEX_POINT('',#3607);
#1092=VERTEX_POINT('',#3609);
#1093=VERTEX_POINT('',#3611);
#1094=VERTEX_POINT('',#3613);
#1095=VERTEX_POINT('',#3615);
#1096=VERTEX_POINT('',#3617);
#1097=VERTEX_POINT('',#3619);
#1098=VERTEX_POINT('',#3621);
#1099=VERTEX_POINT('',#3623);
#1100=VERTEX_POINT('',#3625);
#1101=VERTEX_POINT('',#3627);
#1102=VERTEX_POINT('',#3631);
#1103=VERTEX_POINT('',#3635);
#1104=VERTEX_POINT('',#3636);
#1105=VERTEX_POINT('',#3638);
#1106=VERTEX_POINT('',#3640);
#1107=VERTEX_POINT('',#3642);
#1108=VERTEX_POINT('',#3644);
#1109=VERTEX_POINT('',#3646);
#1110=VERTEX_POINT('',#3648);
#1111=VERTEX_POINT('',#3650);
#1112=VERTEX_POINT('',#3652);
#1113=VERTEX_POINT('',#3654);
#1114=VERTEX_POINT('',#3656);
#1115=VERTEX_POINT('',#3658);
#1116=VERTEX_POINT('',#3660);
#1117=VERTEX_POINT('',#3662);
#1118=VERTEX_POINT('',#3664);
#1119=VERTEX_POINT('',#3666);
#1120=VERTEX_POINT('',#3668);
#1121=VERTEX_POINT('',#3670);
#1122=VERTEX_POINT('',#3672);
#1123=VERTEX_POINT('',#3674);
#1124=VERTEX_POINT('',#3676);
#1125=VERTEX_POINT('',#3678);
#1126=VERTEX_POINT('',#3680);
#1127=VERTEX_POINT('',#3682);
#1128=VERTEX_POINT('',#3684);
#1129=VERTEX_POINT('',#3686);
#1130=VERTEX_POINT('',#3688);
#1131=VERTEX_POINT('',#3690);
#1132=VERTEX_POINT('',#3692);
#1133=VERTEX_POINT('',#3694);
#1134=VERTEX_POINT('',#3696);
#1135=VERTEX_POINT('',#3698);
#1136=VERTEX_POINT('',#3700);
#1137=VERTEX_POINT('',#3702);
#1138=VERTEX_POINT('',#3704);
#1139=VERTEX_POINT('',#3706);
#1140=VERTEX_POINT('',#3708);
#1141=VERTEX_POINT('',#3710);
#1142=VERTEX_POINT('',#3712);
#1143=VERTEX_POINT('',#3714);
#1144=VERTEX_POINT('',#3716);
#1145=VERTEX_POINT('',#3718);
#1146=VERTEX_POINT('',#3720);
#1147=VERTEX_POINT('',#3722);
#1148=VERTEX_POINT('',#3724);
#1149=VERTEX_POINT('',#3726);
#1150=VERTEX_POINT('',#3728);
#1151=VERTEX_POINT('',#3730);
#1152=VERTEX_POINT('',#3732);
#1153=VERTEX_POINT('',#3734);
#1154=VERTEX_POINT('',#3736);
#1155=VERTEX_POINT('',#3738);
#1156=VERTEX_POINT('',#3740);
#1157=VERTEX_POINT('',#3742);
#1158=VERTEX_POINT('',#3744);
#1159=VERTEX_POINT('',#3746);
#1160=VERTEX_POINT('',#3748);
#1161=VERTEX_POINT('',#3750);
#1162=VERTEX_POINT('',#3752);
#1163=VERTEX_POINT('',#3754);
#1164=VERTEX_POINT('',#3756);
#1165=VERTEX_POINT('',#3758);
#1166=VERTEX_POINT('',#3760);
#1167=VERTEX_POINT('',#3762);
#1168=VERTEX_POINT('',#3764);
#1169=VERTEX_POINT('',#3766);
#1170=VERTEX_POINT('',#3768);
#1171=VERTEX_POINT('',#3770);
#1172=VERTEX_POINT('',#3772);
#1173=VERTEX_POINT('',#3774);
#1174=VERTEX_POINT('',#3776);
#1175=VERTEX_POINT('',#3778);
#1176=VERTEX_POINT('',#3780);
#1177=VERTEX_POINT('',#3782);
#1178=VERTEX_POINT('',#3784);
#1179=VERTEX_POINT('',#3786);
#1180=VERTEX_POINT('',#3788);
#1181=VERTEX_POINT('',#3790);
#1182=VERTEX_POINT('',#3792);
#1183=VERTEX_POINT('',#3794);
#1184=VERTEX_POINT('',#3796);
#1185=VERTEX_POINT('',#3798);
#1186=VERTEX_POINT('',#3800);
#1187=VERTEX_POINT('',#3802);
#1188=VERTEX_POINT('',#3804);
#1189=VERTEX_POINT('',#3806);
#1190=VERTEX_POINT('',#3808);
#1191=VERTEX_POINT('',#3810);
#1192=VERTEX_POINT('',#3812);
#1193=VERTEX_POINT('',#3814);
#1194=VERTEX_POINT('',#3816);
#1195=VERTEX_POINT('',#3818);
#1196=VERTEX_POINT('',#3820);
#1197=VERTEX_POINT('',#3822);
#1198=VERTEX_POINT('',#3824);
#1199=VERTEX_POINT('',#3826);
#1200=VERTEX_POINT('',#3828);
#1201=VERTEX_POINT('',#3830);
#1202=VERTEX_POINT('',#3832);
#1203=EDGE_CURVE('',#974,#975,#844,.T.);
#1204=EDGE_CURVE('',#975,#974,#845,.T.);
#1205=EDGE_CURVE('',#974,#976,#846,.T.);
#1206=EDGE_CURVE('',#976,#976,#847,.T.);
#1207=EDGE_CURVE('',#977,#977,#848,.T.);
#1208=EDGE_CURVE('',#978,#978,#849,.T.);
#1209=EDGE_CURVE('',#979,#979,#850,.T.);
#1210=EDGE_CURVE('',#980,#980,#851,.T.);
#1211=EDGE_CURVE('',#981,#981,#852,.T.);
#1212=EDGE_CURVE('',#982,#982,#853,.T.);
#1213=EDGE_CURVE('',#983,#983,#854,.T.);
#1214=EDGE_CURVE('',#984,#984,#855,.T.);
#1215=EDGE_CURVE('',#985,#985,#856,.T.);
#1216=EDGE_CURVE('',#975,#986,#19,.T.);
#1217=EDGE_CURVE('',#987,#986,#857,.T.);
#1218=EDGE_CURVE('',#986,#987,#858,.T.);
#1219=EDGE_CURVE('',#988,#988,#859,.T.);
#1220=EDGE_CURVE('',#988,#977,#20,.T.);
#1221=EDGE_CURVE('',#989,#989,#860,.T.);
#1222=EDGE_CURVE('',#989,#988,#21,.T.);
#1223=EDGE_CURVE('',#989,#990,#22,.T.);
#1224=EDGE_CURVE('',#990,#990,#861,.T.);
#1225=EDGE_CURVE('',#991,#991,#862,.T.);
#1226=EDGE_CURVE('',#992,#992,#863,.T.);
#1227=EDGE_CURVE('',#993,#993,#864,.T.);
#1228=EDGE_CURVE('',#994,#994,#865,.T.);
#1229=EDGE_CURVE('',#995,#995,#866,.T.);
#1230=EDGE_CURVE('',#996,#996,#867,.T.);
#1231=EDGE_CURVE('',#997,#997,#868,.T.);
#1232=EDGE_CURVE('',#998,#998,#869,.T.);
#1233=EDGE_CURVE('',#999,#999,#870,.T.);
#1234=EDGE_CURVE('',#1000,#1000,#871,.T.);
#1235=EDGE_CURVE('',#1000,#991,#23,.T.);
#1236=EDGE_CURVE('',#1000,#1001,#24,.T.);
#1237=EDGE_CURVE('',#1001,#1001,#872,.T.);
#1238=EDGE_CURVE('',#985,#992,#25,.T.);
#1239=EDGE_CURVE('',#984,#993,#26,.T.);
#1240=EDGE_CURVE('',#983,#994,#27,.T.);
#1241=EDGE_CURVE('',#982,#995,#28,.T.);
#1242=EDGE_CURVE('',#981,#996,#29,.T.);
#1243=EDGE_CURVE('',#980,#997,#30,.T.);
#1244=EDGE_CURVE('',#979,#998,#31,.T.);
#1245=EDGE_CURVE('',#978,#999,#32,.T.);
#1246=EDGE_CURVE('',#1002,#1003,#873,.T.);
#1247=EDGE_CURVE('',#1003,#1004,#33,.T.);
#1248=EDGE_CURVE('',#1004,#1005,#874,.T.);
#1249=EDGE_CURVE('',#1006,#1005,#34,.T.);
#1250=EDGE_CURVE('',#1006,#1007,#875,.T.);
#1251=EDGE_CURVE('',#1007,#1008,#35,.T.);
#1252=EDGE_CURVE('',#1008,#1009,#876,.T.);
#1253=EDGE_CURVE('',#1010,#1009,#36,.T.);
#1254=EDGE_CURVE('',#1010,#1011,#877,.T.);
#1255=EDGE_CURVE('',#1011,#1012,#37,.T.);
#1256=EDGE_CURVE('',#1012,#1013,#878,.T.);
#1257=EDGE_CURVE('',#1014,#1013,#38,.T.);
#1258=EDGE_CURVE('',#1014,#1015,#879,.T.);
#1259=EDGE_CURVE('',#1015,#1016,#39,.T.);
#1260=EDGE_CURVE('',#1016,#1017,#880,.T.);
#1261=EDGE_CURVE('',#1018,#1017,#40,.T.);
#1262=EDGE_CURVE('',#1018,#1019,#881,.T.);
#1263=EDGE_CURVE('',#1019,#1020,#41,.T.);
#1264=EDGE_CURVE('',#1020,#1021,#882,.T.);
#1265=EDGE_CURVE('',#1022,#1021,#42,.T.);
#1266=EDGE_CURVE('',#1022,#1023,#883,.T.);
#1267=EDGE_CURVE('',#1023,#1024,#43,.T.);
#1268=EDGE_CURVE('',#1024,#1025,#884,.T.);
#1269=EDGE_CURVE('',#1026,#1025,#44,.T.);
#1270=EDGE_CURVE('',#1026,#1027,#885,.T.);
#1271=EDGE_CURVE('',#1027,#1028,#45,.T.);
#1272=EDGE_CURVE('',#1028,#1029,#886,.T.);
#1273=EDGE_CURVE('',#1030,#1029,#46,.T.);
#1274=EDGE_CURVE('',#1030,#1031,#887,.T.);
#1275=EDGE_CURVE('',#1031,#1032,#47,.T.);
#1276=EDGE_CURVE('',#1032,#1033,#888,.T.);
#1277=EDGE_CURVE('',#1034,#1033,#48,.T.);
#1278=EDGE_CURVE('',#1034,#1035,#889,.T.);
#1279=EDGE_CURVE('',#1035,#1036,#49,.T.);
#1280=EDGE_CURVE('',#1036,#1037,#890,.T.);
#1281=EDGE_CURVE('',#1038,#1037,#50,.T.);
#1282=EDGE_CURVE('',#1038,#1039,#891,.T.);
#1283=EDGE_CURVE('',#1039,#1040,#51,.T.);
#1284=EDGE_CURVE('',#1040,#1041,#892,.T.);
#1285=EDGE_CURVE('',#1042,#1041,#52,.T.);
#1286=EDGE_CURVE('',#1042,#1043,#893,.T.);
#1287=EDGE_CURVE('',#1043,#1044,#53,.T.);
#1288=EDGE_CURVE('',#1044,#1045,#894,.T.);
#1289=EDGE_CURVE('',#1046,#1045,#54,.T.);
#1290=EDGE_CURVE('',#1046,#1047,#895,.T.);
#1291=EDGE_CURVE('',#1047,#1048,#55,.T.);
#1292=EDGE_CURVE('',#1048,#1049,#896,.T.);
#1293=EDGE_CURVE('',#1050,#1049,#56,.T.);
#1294=EDGE_CURVE('',#1050,#1051,#897,.T.);
#1295=EDGE_CURVE('',#1051,#1052,#57,.T.);
#1296=EDGE_CURVE('',#1052,#1053,#898,.T.);
#1297=EDGE_CURVE('',#1054,#1053,#58,.T.);
#1298=EDGE_CURVE('',#1054,#1055,#899,.T.);
#1299=EDGE_CURVE('',#1055,#1056,#59,.T.);
#1300=EDGE_CURVE('',#1056,#1057,#900,.T.);
#1301=EDGE_CURVE('',#1058,#1057,#60,.T.);
#1302=EDGE_CURVE('',#1058,#1059,#901,.T.);
#1303=EDGE_CURVE('',#1059,#1060,#61,.T.);
#1304=EDGE_CURVE('',#1060,#1061,#902,.T.);
#1305=EDGE_CURVE('',#1062,#1061,#62,.T.);
#1306=EDGE_CURVE('',#1062,#1063,#903,.T.);
#1307=EDGE_CURVE('',#1063,#1064,#63,.T.);
#1308=EDGE_CURVE('',#1064,#1065,#904,.T.);
#1309=EDGE_CURVE('',#1066,#1065,#64,.T.);
#1310=EDGE_CURVE('',#1066,#1067,#905,.T.);
#1311=EDGE_CURVE('',#1067,#1068,#65,.T.);
#1312=EDGE_CURVE('',#1068,#1069,#906,.T.);
#1313=EDGE_CURVE('',#1070,#1069,#66,.T.);
#1314=EDGE_CURVE('',#1070,#1071,#907,.T.);
#1315=EDGE_CURVE('',#1071,#1072,#67,.T.);
#1316=EDGE_CURVE('',#1072,#1073,#908,.T.);
#1317=EDGE_CURVE('',#1074,#1073,#68,.T.);
#1318=EDGE_CURVE('',#1074,#1075,#909,.T.);
#1319=EDGE_CURVE('',#1075,#1076,#69,.T.);
#1320=EDGE_CURVE('',#1076,#1077,#910,.T.);
#1321=EDGE_CURVE('',#1078,#1077,#70,.T.);
#1322=EDGE_CURVE('',#1078,#1079,#911,.T.);
#1323=EDGE_CURVE('',#1079,#1080,#71,.T.);
#1324=EDGE_CURVE('',#1080,#1081,#912,.T.);
#1325=EDGE_CURVE('',#1082,#1081,#72,.T.);
#1326=EDGE_CURVE('',#1082,#1083,#913,.T.);
#1327=EDGE_CURVE('',#1083,#1084,#73,.T.);
#1328=EDGE_CURVE('',#1084,#1085,#914,.T.);
#1329=EDGE_CURVE('',#1086,#1085,#74,.T.);
#1330=EDGE_CURVE('',#1086,#1087,#915,.T.);
#1331=EDGE_CURVE('',#1087,#1088,#75,.T.);
#1332=EDGE_CURVE('',#1088,#1089,#916,.T.);
#1333=EDGE_CURVE('',#1090,#1089,#76,.T.);
#1334=EDGE_CURVE('',#1090,#1091,#917,.T.);
#1335=EDGE_CURVE('',#1091,#1092,#77,.T.);
#1336=EDGE_CURVE('',#1092,#1093,#918,.T.);
#1337=EDGE_CURVE('',#1094,#1093,#78,.T.);
#1338=EDGE_CURVE('',#1094,#1095,#919,.T.);
#1339=EDGE_CURVE('',#1095,#1096,#79,.T.);
#1340=EDGE_CURVE('',#1096,#1097,#920,.T.);
#1341=EDGE_CURVE('',#1098,#1097,#80,.T.);
#1342=EDGE_CURVE('',#1098,#1099,#921,.T.);
#1343=EDGE_CURVE('',#1099,#1100,#81,.T.);
#1344=EDGE_CURVE('',#1100,#1101,#922,.T.);
#1345=EDGE_CURVE('',#1002,#1101,#82,.T.);
#1346=EDGE_CURVE('',#987,#1102,#83,.T.);
#1347=EDGE_CURVE('',#1102,#1102,#923,.T.);
#1348=EDGE_CURVE('',#1103,#1104,#84,.T.);
#1349=EDGE_CURVE('',#1105,#1104,#924,.T.);
#1350=EDGE_CURVE('',#1106,#1105,#85,.T.);
#1351=EDGE_CURVE('',#1107,#1106,#925,.T.);
#1352=EDGE_CURVE('',#1107,#1108,#86,.T.);
#1353=EDGE_CURVE('',#1109,#1108,#926,.T.);
#1354=EDGE_CURVE('',#1110,#1109,#87,.T.);
#1355=EDGE_CURVE('',#1111,#1110,#927,.T.);
#1356=EDGE_CURVE('',#1111,#1112,#88,.T.);
#1357=EDGE_CURVE('',#1113,#1112,#928,.T.);
#1358=EDGE_CURVE('',#1114,#1113,#89,.T.);
#1359=EDGE_CURVE('',#1115,#1114,#929,.T.);
#1360=EDGE_CURVE('',#1115,#1116,#90,.T.);
#1361=EDGE_CURVE('',#1117,#1116,#930,.T.);
#1362=EDGE_CURVE('',#1118,#1117,#91,.T.);
#1363=EDGE_CURVE('',#1119,#1118,#931,.T.);
#1364=EDGE_CURVE('',#1119,#1120,#92,.T.);
#1365=EDGE_CURVE('',#1121,#1120,#932,.T.);
#1366=EDGE_CURVE('',#1122,#1121,#93,.T.);
#1367=EDGE_CURVE('',#1123,#1122,#933,.T.);
#1368=EDGE_CURVE('',#1123,#1124,#94,.T.);
#1369=EDGE_CURVE('',#1125,#1124,#934,.T.);
#1370=EDGE_CURVE('',#1126,#1125,#95,.T.);
#1371=EDGE_CURVE('',#1127,#1126,#935,.T.);
#1372=EDGE_CURVE('',#1127,#1128,#96,.T.);
#1373=EDGE_CURVE('',#1129,#1128,#936,.T.);
#1374=EDGE_CURVE('',#1130,#1129,#97,.T.);
#1375=EDGE_CURVE('',#1131,#1130,#937,.T.);
#1376=EDGE_CURVE('',#1131,#1132,#98,.T.);
#1377=EDGE_CURVE('',#1133,#1132,#938,.T.);
#1378=EDGE_CURVE('',#1134,#1133,#99,.T.);
#1379=EDGE_CURVE('',#1135,#1134,#939,.T.);
#1380=EDGE_CURVE('',#1135,#1136,#100,.T.);
#1381=EDGE_CURVE('',#1137,#1136,#940,.T.);
#1382=EDGE_CURVE('',#1138,#1137,#101,.T.);
#1383=EDGE_CURVE('',#1139,#1138,#941,.T.);
#1384=EDGE_CURVE('',#1139,#1140,#102,.T.);
#1385=EDGE_CURVE('',#1141,#1140,#942,.T.);
#1386=EDGE_CURVE('',#1142,#1141,#103,.T.);
#1387=EDGE_CURVE('',#1143,#1142,#943,.T.);
#1388=EDGE_CURVE('',#1143,#1144,#104,.T.);
#1389=EDGE_CURVE('',#1145,#1144,#944,.T.);
#1390=EDGE_CURVE('',#1146,#1145,#105,.T.);
#1391=EDGE_CURVE('',#1147,#1146,#945,.T.);
#1392=EDGE_CURVE('',#1147,#1148,#106,.T.);
#1393=EDGE_CURVE('',#1149,#1148,#946,.T.);
#1394=EDGE_CURVE('',#1150,#1149,#107,.T.);
#1395=EDGE_CURVE('',#1151,#1150,#947,.T.);
#1396=EDGE_CURVE('',#1151,#1152,#108,.T.);
#1397=EDGE_CURVE('',#1153,#1152,#948,.T.);
#1398=EDGE_CURVE('',#1154,#1153,#109,.T.);
#1399=EDGE_CURVE('',#1155,#1154,#949,.T.);
#1400=EDGE_CURVE('',#1155,#1156,#110,.T.);
#1401=EDGE_CURVE('',#1157,#1156,#950,.T.);
#1402=EDGE_CURVE('',#1158,#1157,#111,.T.);
#1403=EDGE_CURVE('',#1159,#1158,#951,.T.);
#1404=EDGE_CURVE('',#1159,#1160,#112,.T.);
#1405=EDGE_CURVE('',#1161,#1160,#952,.T.);
#1406=EDGE_CURVE('',#1162,#1161,#113,.T.);
#1407=EDGE_CURVE('',#1163,#1162,#953,.T.);
#1408=EDGE_CURVE('',#1163,#1164,#114,.T.);
#1409=EDGE_CURVE('',#1165,#1164,#954,.T.);
#1410=EDGE_CURVE('',#1166,#1165,#115,.T.);
#1411=EDGE_CURVE('',#1167,#1166,#955,.T.);
#1412=EDGE_CURVE('',#1167,#1168,#116,.T.);
#1413=EDGE_CURVE('',#1169,#1168,#956,.T.);
#1414=EDGE_CURVE('',#1170,#1169,#117,.T.);
#1415=EDGE_CURVE('',#1171,#1170,#957,.T.);
#1416=EDGE_CURVE('',#1171,#1172,#118,.T.);
#1417=EDGE_CURVE('',#1173,#1172,#958,.T.);
#1418=EDGE_CURVE('',#1174,#1173,#119,.T.);
#1419=EDGE_CURVE('',#1175,#1174,#959,.T.);
#1420=EDGE_CURVE('',#1175,#1176,#120,.T.);
#1421=EDGE_CURVE('',#1177,#1176,#960,.T.);
#1422=EDGE_CURVE('',#1178,#1177,#121,.T.);
#1423=EDGE_CURVE('',#1179,#1178,#961,.T.);
#1424=EDGE_CURVE('',#1179,#1180,#122,.T.);
#1425=EDGE_CURVE('',#1181,#1180,#962,.T.);
#1426=EDGE_CURVE('',#1182,#1181,#123,.T.);
#1427=EDGE_CURVE('',#1183,#1182,#963,.T.);
#1428=EDGE_CURVE('',#1183,#1184,#124,.T.);
#1429=EDGE_CURVE('',#1185,#1184,#964,.T.);
#1430=EDGE_CURVE('',#1186,#1185,#125,.T.);
#1431=EDGE_CURVE('',#1187,#1186,#965,.T.);
#1432=EDGE_CURVE('',#1187,#1188,#126,.T.);
#1433=EDGE_CURVE('',#1189,#1188,#966,.T.);
#1434=EDGE_CURVE('',#1190,#1189,#127,.T.);
#1435=EDGE_CURVE('',#1191,#1190,#967,.T.);
#1436=EDGE_CURVE('',#1191,#1192,#128,.T.);
#1437=EDGE_CURVE('',#1193,#1192,#968,.T.);
#1438=EDGE_CURVE('',#1194,#1193,#129,.T.);
#1439=EDGE_CURVE('',#1195,#1194,#969,.T.);
#1440=EDGE_CURVE('',#1195,#1196,#130,.T.);
#1441=EDGE_CURVE('',#1197,#1196,#970,.T.);
#1442=EDGE_CURVE('',#1198,#1197,#131,.T.);
#1443=EDGE_CURVE('',#1199,#1198,#971,.T.);
#1444=EDGE_CURVE('',#1199,#1200,#132,.T.);
#1445=EDGE_CURVE('',#1201,#1200,#972,.T.);
#1446=EDGE_CURVE('',#1202,#1201,#133,.T.);
#1447=EDGE_CURVE('',#1103,#1202,#973,.T.);
#1448=EDGE_CURVE('',#1158,#1099,#134,.T.);
#1449=EDGE_CURVE('',#1159,#1098,#135,.T.);
#1450=EDGE_CURVE('',#1150,#1007,#136,.T.);
#1451=EDGE_CURVE('',#1151,#1006,#137,.T.);
#1452=EDGE_CURVE('',#1142,#1015,#138,.T.);
#1453=EDGE_CURVE('',#1143,#1014,#139,.T.);
#1454=EDGE_CURVE('',#1134,#1023,#140,.T.);
#1455=EDGE_CURVE('',#1135,#1022,#141,.T.);
#1456=EDGE_CURVE('',#1126,#1031,#142,.T.);
#1457=EDGE_CURVE('',#1127,#1030,#143,.T.);
#1458=EDGE_CURVE('',#1118,#1039,#144,.T.);
#1459=EDGE_CURVE('',#1119,#1038,#145,.T.);
#1460=EDGE_CURVE('',#1110,#1047,#146,.T.);
#1461=EDGE_CURVE('',#1111,#1046,#147,.T.);
#1462=EDGE_CURVE('',#1202,#1055,#148,.T.);
#1463=EDGE_CURVE('',#1103,#1054,#149,.T.);
#1464=EDGE_CURVE('',#1194,#1063,#150,.T.);
#1465=EDGE_CURVE('',#1195,#1062,#151,.T.);
#1466=EDGE_CURVE('',#1186,#1071,#152,.T.);
#1467=EDGE_CURVE('',#1187,#1070,#153,.T.);
#1468=EDGE_CURVE('',#1178,#1079,#154,.T.);
#1469=EDGE_CURVE('',#1179,#1078,#155,.T.);
#1470=EDGE_CURVE('',#1170,#1087,#156,.T.);
#1471=EDGE_CURVE('',#1171,#1086,#157,.T.);
#1472=EDGE_CURVE('',#1166,#1091,#158,.T.);
#1473=EDGE_CURVE('',#1167,#1090,#159,.T.);
#1474=EDGE_CURVE('',#1174,#1083,#160,.T.);
#1475=EDGE_CURVE('',#1175,#1082,#161,.T.);
#1476=EDGE_CURVE('',#1182,#1075,#162,.T.);
#1477=EDGE_CURVE('',#1183,#1074,#163,.T.);
#1478=EDGE_CURVE('',#1190,#1067,#164,.T.);
#1479=EDGE_CURVE('',#1191,#1066,#165,.T.);
#1480=EDGE_CURVE('',#1198,#1059,#166,.T.);
#1481=EDGE_CURVE('',#1199,#1058,#167,.T.);
#1482=EDGE_CURVE('',#1106,#1051,#168,.T.);
#1483=EDGE_CURVE('',#1107,#1050,#169,.T.);
#1484=EDGE_CURVE('',#1114,#1043,#170,.T.);
#1485=EDGE_CURVE('',#1115,#1042,#171,.T.);
#1486=EDGE_CURVE('',#1122,#1035,#172,.T.);
#1487=EDGE_CURVE('',#1123,#1034,#173,.T.);
#1488=EDGE_CURVE('',#1130,#1027,#174,.T.);
#1489=EDGE_CURVE('',#1131,#1026,#175,.T.);
#1490=EDGE_CURVE('',#1138,#1019,#176,.T.);
#1491=EDGE_CURVE('',#1139,#1018,#177,.T.);
#1492=EDGE_CURVE('',#1146,#1011,#178,.T.);
#1493=EDGE_CURVE('',#1147,#1010,#179,.T.);
#1494=EDGE_CURVE('',#1154,#1003,#180,.T.);
#1495=EDGE_CURVE('',#1155,#1002,#181,.T.);
#1496=EDGE_CURVE('',#1160,#1097,#182,.T.);
#1497=EDGE_CURVE('',#1161,#1096,#183,.T.);
#1498=EDGE_CURVE('',#1162,#1095,#184,.T.);
#1499=EDGE_CURVE('',#1163,#1094,#185,.T.);
#1500=EDGE_CURVE('',#1152,#1005,#186,.T.);
#1501=EDGE_CURVE('',#1153,#1004,#187,.T.);
#1502=EDGE_CURVE('',#1144,#1013,#188,.T.);
#1503=EDGE_CURVE('',#1145,#1012,#189,.T.);
#1504=EDGE_CURVE('',#1136,#1021,#190,.T.);
#1505=EDGE_CURVE('',#1137,#1020,#191,.T.);
#1506=EDGE_CURVE('',#1128,#1029,#192,.T.);
#1507=EDGE_CURVE('',#1129,#1028,#193,.T.);
#1508=EDGE_CURVE('',#1120,#1037,#194,.T.);
#1509=EDGE_CURVE('',#1121,#1036,#195,.T.);
#1510=EDGE_CURVE('',#1112,#1045,#196,.T.);
#1511=EDGE_CURVE('',#1113,#1044,#197,.T.);
#1512=EDGE_CURVE('',#1104,#1053,#198,.T.);
#1513=EDGE_CURVE('',#1105,#1052,#199,.T.);
#1514=EDGE_CURVE('',#1196,#1061,#200,.T.);
#1515=EDGE_CURVE('',#1197,#1060,#201,.T.);
#1516=EDGE_CURVE('',#1188,#1069,#202,.T.);
#1517=EDGE_CURVE('',#1189,#1068,#203,.T.);
#1518=EDGE_CURVE('',#1180,#1077,#204,.T.);
#1519=EDGE_CURVE('',#1181,#1076,#205,.T.);
#1520=EDGE_CURVE('',#1172,#1085,#206,.T.);
#1521=EDGE_CURVE('',#1173,#1084,#207,.T.);
#1522=EDGE_CURVE('',#1164,#1093,#208,.T.);
#1523=EDGE_CURVE('',#1165,#1092,#209,.T.);
#1524=EDGE_CURVE('',#1168,#1089,#210,.T.);
#1525=EDGE_CURVE('',#1169,#1088,#211,.T.);
#1526=EDGE_CURVE('',#1176,#1081,#212,.T.);
#1527=EDGE_CURVE('',#1177,#1080,#213,.T.);
#1528=EDGE_CURVE('',#1184,#1073,#214,.T.);
#1529=EDGE_CURVE('',#1185,#1072,#215,.T.);
#1530=EDGE_CURVE('',#1192,#1065,#216,.T.);
#1531=EDGE_CURVE('',#1193,#1064,#217,.T.);
#1532=EDGE_CURVE('',#1200,#1057,#218,.T.);
#1533=EDGE_CURVE('',#1201,#1056,#219,.T.);
#1534=EDGE_CURVE('',#1108,#1049,#220,.T.);
#1535=EDGE_CURVE('',#1109,#1048,#221,.T.);
#1536=EDGE_CURVE('',#1116,#1041,#222,.T.);
#1537=EDGE_CURVE('',#1117,#1040,#223,.T.);
#1538=EDGE_CURVE('',#1124,#1033,#224,.T.);
#1539=EDGE_CURVE('',#1125,#1032,#225,.T.);
#1540=EDGE_CURVE('',#1132,#1025,#226,.T.);
#1541=EDGE_CURVE('',#1133,#1024,#227,.T.);
#1542=EDGE_CURVE('',#1140,#1017,#228,.T.);
#1543=EDGE_CURVE('',#1141,#1016,#229,.T.);
#1544=EDGE_CURVE('',#1148,#1009,#230,.T.);
#1545=EDGE_CURVE('',#1149,#1008,#231,.T.);
#1546=EDGE_CURVE('',#1156,#1101,#232,.T.);
#1547=EDGE_CURVE('',#1157,#1100,#233,.T.);
#1548=ORIENTED_EDGE('',*,*,#1203,.T.);
#1549=ORIENTED_EDGE('',*,*,#1204,.T.);
#1550=ORIENTED_EDGE('',*,*,#1205,.T.);
#1551=ORIENTED_EDGE('',*,*,#1206,.T.);
#1552=ORIENTED_EDGE('',*,*,#1205,.F.);
#1553=ORIENTED_EDGE('',*,*,#1207,.F.);
#1554=ORIENTED_EDGE('',*,*,#1208,.T.);
#1555=ORIENTED_EDGE('',*,*,#1209,.T.);
#1556=ORIENTED_EDGE('',*,*,#1210,.T.);
#1557=ORIENTED_EDGE('',*,*,#1211,.T.);
#1558=ORIENTED_EDGE('',*,*,#1212,.T.);
#1559=ORIENTED_EDGE('',*,*,#1213,.T.);
#1560=ORIENTED_EDGE('',*,*,#1214,.T.);
#1561=ORIENTED_EDGE('',*,*,#1215,.T.);
#1562=ORIENTED_EDGE('',*,*,#1206,.F.);
#1563=ORIENTED_EDGE('',*,*,#1203,.F.);
#1564=ORIENTED_EDGE('',*,*,#1204,.F.);
#1565=ORIENTED_EDGE('',*,*,#1216,.T.);
#1566=ORIENTED_EDGE('',*,*,#1217,.F.);
#1567=ORIENTED_EDGE('',*,*,#1218,.F.);
#1568=ORIENTED_EDGE('',*,*,#1216,.F.);
#1569=ORIENTED_EDGE('',*,*,#1219,.T.);
#1570=ORIENTED_EDGE('',*,*,#1220,.T.);
#1571=ORIENTED_EDGE('',*,*,#1207,.T.);
#1572=ORIENTED_EDGE('',*,*,#1220,.F.);
#1573=ORIENTED_EDGE('',*,*,#1221,.F.);
#1574=ORIENTED_EDGE('',*,*,#1222,.T.);
#1575=ORIENTED_EDGE('',*,*,#1219,.F.);
#1576=ORIENTED_EDGE('',*,*,#1222,.F.);
#1577=ORIENTED_EDGE('',*,*,#1221,.T.);
#1578=ORIENTED_EDGE('',*,*,#1223,.T.);
#1579=ORIENTED_EDGE('',*,*,#1224,.T.);
#1580=ORIENTED_EDGE('',*,*,#1223,.F.);
#1581=ORIENTED_EDGE('',*,*,#1224,.F.);
#1582=ORIENTED_EDGE('',*,*,#1225,.F.);
#1583=ORIENTED_EDGE('',*,*,#1226,.T.);
#1584=ORIENTED_EDGE('',*,*,#1227,.T.);
#1585=ORIENTED_EDGE('',*,*,#1228,.T.);
#1586=ORIENTED_EDGE('',*,*,#1229,.T.);
#1587=ORIENTED_EDGE('',*,*,#1230,.T.);
#1588=ORIENTED_EDGE('',*,*,#1231,.T.);
#1589=ORIENTED_EDGE('',*,*,#1232,.T.);
#1590=ORIENTED_EDGE('',*,*,#1233,.T.);
#1591=ORIENTED_EDGE('',*,*,#1234,.T.);
#1592=ORIENTED_EDGE('',*,*,#1235,.T.);
#1593=ORIENTED_EDGE('',*,*,#1225,.T.);
#1594=ORIENTED_EDGE('',*,*,#1235,.F.);
#1595=ORIENTED_EDGE('',*,*,#1234,.F.);
#1596=ORIENTED_EDGE('',*,*,#1236,.T.);
#1597=ORIENTED_EDGE('',*,*,#1237,.T.);
#1598=ORIENTED_EDGE('',*,*,#1236,.F.);
#1599=ORIENTED_EDGE('',*,*,#1215,.F.);
#1600=ORIENTED_EDGE('',*,*,#1238,.T.);
#1601=ORIENTED_EDGE('',*,*,#1226,.F.);
#1602=ORIENTED_EDGE('',*,*,#1238,.F.);
#1603=ORIENTED_EDGE('',*,*,#1214,.F.);
#1604=ORIENTED_EDGE('',*,*,#1239,.T.);
#1605=ORIENTED_EDGE('',*,*,#1227,.F.);
#1606=ORIENTED_EDGE('',*,*,#1239,.F.);
#1607=ORIENTED_EDGE('',*,*,#1213,.F.);
#1608=ORIENTED_EDGE('',*,*,#1240,.T.);
#1609=ORIENTED_EDGE('',*,*,#1228,.F.);
#1610=ORIENTED_EDGE('',*,*,#1240,.F.);
#1611=ORIENTED_EDGE('',*,*,#1212,.F.);
#1612=ORIENTED_EDGE('',*,*,#1241,.T.);
#1613=ORIENTED_EDGE('',*,*,#1229,.F.);
#1614=ORIENTED_EDGE('',*,*,#1241,.F.);
#1615=ORIENTED_EDGE('',*,*,#1211,.F.);
#1616=ORIENTED_EDGE('',*,*,#1242,.T.);
#1617=ORIENTED_EDGE('',*,*,#1230,.F.);
#1618=ORIENTED_EDGE('',*,*,#1242,.F.);
#1619=ORIENTED_EDGE('',*,*,#1210,.F.);
#1620=ORIENTED_EDGE('',*,*,#1243,.T.);
#1621=ORIENTED_EDGE('',*,*,#1231,.F.);
#1622=ORIENTED_EDGE('',*,*,#1243,.F.);
#1623=ORIENTED_EDGE('',*,*,#1209,.F.);
#1624=ORIENTED_EDGE('',*,*,#1244,.T.);
#1625=ORIENTED_EDGE('',*,*,#1232,.F.);
#1626=ORIENTED_EDGE('',*,*,#1244,.F.);
#1627=ORIENTED_EDGE('',*,*,#1208,.F.);
#1628=ORIENTED_EDGE('',*,*,#1245,.T.);
#1629=ORIENTED_EDGE('',*,*,#1233,.F.);
#1630=ORIENTED_EDGE('',*,*,#1245,.F.);
#1631=ORIENTED_EDGE('',*,*,#1246,.T.);
#1632=ORIENTED_EDGE('',*,*,#1247,.T.);
#1633=ORIENTED_EDGE('',*,*,#1248,.T.);
#1634=ORIENTED_EDGE('',*,*,#1249,.F.);
#1635=ORIENTED_EDGE('',*,*,#1250,.T.);
#1636=ORIENTED_EDGE('',*,*,#1251,.T.);
#1637=ORIENTED_EDGE('',*,*,#1252,.T.);
#1638=ORIENTED_EDGE('',*,*,#1253,.F.);
#1639=ORIENTED_EDGE('',*,*,#1254,.T.);
#1640=ORIENTED_EDGE('',*,*,#1255,.T.);
#1641=ORIENTED_EDGE('',*,*,#1256,.T.);
#1642=ORIENTED_EDGE('',*,*,#1257,.F.);
#1643=ORIENTED_EDGE('',*,*,#1258,.T.);
#1644=ORIENTED_EDGE('',*,*,#1259,.T.);
#1645=ORIENTED_EDGE('',*,*,#1260,.T.);
#1646=ORIENTED_EDGE('',*,*,#1261,.F.);
#1647=ORIENTED_EDGE('',*,*,#1262,.T.);
#1648=ORIENTED_EDGE('',*,*,#1263,.T.);
#1649=ORIENTED_EDGE('',*,*,#1264,.T.);
#1650=ORIENTED_EDGE('',*,*,#1265,.F.);
#1651=ORIENTED_EDGE('',*,*,#1266,.T.);
#1652=ORIENTED_EDGE('',*,*,#1267,.T.);
#1653=ORIENTED_EDGE('',*,*,#1268,.T.);
#1654=ORIENTED_EDGE('',*,*,#1269,.F.);
#1655=ORIENTED_EDGE('',*,*,#1270,.T.);
#1656=ORIENTED_EDGE('',*,*,#1271,.T.);
#1657=ORIENTED_EDGE('',*,*,#1272,.T.);
#1658=ORIENTED_EDGE('',*,*,#1273,.F.);
#1659=ORIENTED_EDGE('',*,*,#1274,.T.);
#1660=ORIENTED_EDGE('',*,*,#1275,.T.);
#1661=ORIENTED_EDGE('',*,*,#1276,.T.);
#1662=ORIENTED_EDGE('',*,*,#1277,.F.);
#1663=ORIENTED_EDGE('',*,*,#1278,.T.);
#1664=ORIENTED_EDGE('',*,*,#1279,.T.);
#1665=ORIENTED_EDGE('',*,*,#1280,.T.);
#1666=ORIENTED_EDGE('',*,*,#1281,.F.);
#1667=ORIENTED_EDGE('',*,*,#1282,.T.);
#1668=ORIENTED_EDGE('',*,*,#1283,.T.);
#1669=ORIENTED_EDGE('',*,*,#1284,.T.);
#1670=ORIENTED_EDGE('',*,*,#1285,.F.);
#1671=ORIENTED_EDGE('',*,*,#1286,.T.);
#1672=ORIENTED_EDGE('',*,*,#1287,.T.);
#1673=ORIENTED_EDGE('',*,*,#1288,.T.);
#1674=ORIENTED_EDGE('',*,*,#1289,.F.);
#1675=ORIENTED_EDGE('',*,*,#1290,.T.);
#1676=ORIENTED_EDGE('',*,*,#1291,.T.);
#1677=ORIENTED_EDGE('',*,*,#1292,.T.);
#1678=ORIENTED_EDGE('',*,*,#1293,.F.);
#1679=ORIENTED_EDGE('',*,*,#1294,.T.);
#1680=ORIENTED_EDGE('',*,*,#1295,.T.);
#1681=ORIENTED_EDGE('',*,*,#1296,.T.);
#1682=ORIENTED_EDGE('',*,*,#1297,.F.);
#1683=ORIENTED_EDGE('',*,*,#1298,.T.);
#1684=ORIENTED_EDGE('',*,*,#1299,.T.);
#1685=ORIENTED_EDGE('',*,*,#1300,.T.);
#1686=ORIENTED_EDGE('',*,*,#1301,.F.);
#1687=ORIENTED_EDGE('',*,*,#1302,.T.);
#1688=ORIENTED_EDGE('',*,*,#1303,.T.);
#1689=ORIENTED_EDGE('',*,*,#1304,.T.);
#1690=ORIENTED_EDGE('',*,*,#1305,.F.);
#1691=ORIENTED_EDGE('',*,*,#1306,.T.);
#1692=ORIENTED_EDGE('',*,*,#1307,.T.);
#1693=ORIENTED_EDGE('',*,*,#1308,.T.);
#1694=ORIENTED_EDGE('',*,*,#1309,.F.);
#1695=ORIENTED_EDGE('',*,*,#1310,.T.);
#1696=ORIENTED_EDGE('',*,*,#1311,.T.);
#1697=ORIENTED_EDGE('',*,*,#1312,.T.);
#1698=ORIENTED_EDGE('',*,*,#1313,.F.);
#1699=ORIENTED_EDGE('',*,*,#1314,.T.);
#1700=ORIENTED_EDGE('',*,*,#1315,.T.);
#1701=ORIENTED_EDGE('',*,*,#1316,.T.);
#1702=ORIENTED_EDGE('',*,*,#1317,.F.);
#1703=ORIENTED_EDGE('',*,*,#1318,.T.);
#1704=ORIENTED_EDGE('',*,*,#1319,.T.);
#1705=ORIENTED_EDGE('',*,*,#1320,.T.);
#1706=ORIENTED_EDGE('',*,*,#1321,.F.);
#1707=ORIENTED_EDGE('',*,*,#1322,.T.);
#1708=ORIENTED_EDGE('',*,*,#1323,.T.);
#1709=ORIENTED_EDGE('',*,*,#1324,.T.);
#1710=ORIENTED_EDGE('',*,*,#1325,.F.);
#1711=ORIENTED_EDGE('',*,*,#1326,.T.);
#1712=ORIENTED_EDGE('',*,*,#1327,.T.);
#1713=ORIENTED_EDGE('',*,*,#1328,.T.);
#1714=ORIENTED_EDGE('',*,*,#1329,.F.);
#1715=ORIENTED_EDGE('',*,*,#1330,.T.);
#1716=ORIENTED_EDGE('',*,*,#1331,.T.);
#1717=ORIENTED_EDGE('',*,*,#1332,.T.);
#1718=ORIENTED_EDGE('',*,*,#1333,.F.);
#1719=ORIENTED_EDGE('',*,*,#1334,.T.);
#1720=ORIENTED_EDGE('',*,*,#1335,.T.);
#1721=ORIENTED_EDGE('',*,*,#1336,.T.);
#1722=ORIENTED_EDGE('',*,*,#1337,.F.);
#1723=ORIENTED_EDGE('',*,*,#1338,.T.);
#1724=ORIENTED_EDGE('',*,*,#1339,.T.);
#1725=ORIENTED_EDGE('',*,*,#1340,.T.);
#1726=ORIENTED_EDGE('',*,*,#1341,.F.);
#1727=ORIENTED_EDGE('',*,*,#1342,.T.);
#1728=ORIENTED_EDGE('',*,*,#1343,.T.);
#1729=ORIENTED_EDGE('',*,*,#1344,.T.);
#1730=ORIENTED_EDGE('',*,*,#1345,.F.);
#1731=ORIENTED_EDGE('',*,*,#1237,.F.);
#1732=ORIENTED_EDGE('',*,*,#1217,.T.);
#1733=ORIENTED_EDGE('',*,*,#1218,.T.);
#1734=ORIENTED_EDGE('',*,*,#1346,.T.);
#1735=ORIENTED_EDGE('',*,*,#1347,.T.);
#1736=ORIENTED_EDGE('',*,*,#1346,.F.);
#1737=ORIENTED_EDGE('',*,*,#1347,.F.);
#1738=ORIENTED_EDGE('',*,*,#1348,.T.);
#1739=ORIENTED_EDGE('',*,*,#1349,.F.);
#1740=ORIENTED_EDGE('',*,*,#1350,.F.);
#1741=ORIENTED_EDGE('',*,*,#1351,.F.);
#1742=ORIENTED_EDGE('',*,*,#1352,.T.);
#1743=ORIENTED_EDGE('',*,*,#1353,.F.);
#1744=ORIENTED_EDGE('',*,*,#1354,.F.);
#1745=ORIENTED_EDGE('',*,*,#1355,.F.);
#1746=ORIENTED_EDGE('',*,*,#1356,.T.);
#1747=ORIENTED_EDGE('',*,*,#1357,.F.);
#1748=ORIENTED_EDGE('',*,*,#1358,.F.);
#1749=ORIENTED_EDGE('',*,*,#1359,.F.);
#1750=ORIENTED_EDGE('',*,*,#1360,.T.);
#1751=ORIENTED_EDGE('',*,*,#1361,.F.);
#1752=ORIENTED_EDGE('',*,*,#1362,.F.);
#1753=ORIENTED_EDGE('',*,*,#1363,.F.);
#1754=ORIENTED_EDGE('',*,*,#1364,.T.);
#1755=ORIENTED_EDGE('',*,*,#1365,.F.);
#1756=ORIENTED_EDGE('',*,*,#1366,.F.);
#1757=ORIENTED_EDGE('',*,*,#1367,.F.);
#1758=ORIENTED_EDGE('',*,*,#1368,.T.);
#1759=ORIENTED_EDGE('',*,*,#1369,.F.);
#1760=ORIENTED_EDGE('',*,*,#1370,.F.);
#1761=ORIENTED_EDGE('',*,*,#1371,.F.);
#1762=ORIENTED_EDGE('',*,*,#1372,.T.);
#1763=ORIENTED_EDGE('',*,*,#1373,.F.);
#1764=ORIENTED_EDGE('',*,*,#1374,.F.);
#1765=ORIENTED_EDGE('',*,*,#1375,.F.);
#1766=ORIENTED_EDGE('',*,*,#1376,.T.);
#1767=ORIENTED_EDGE('',*,*,#1377,.F.);
#1768=ORIENTED_EDGE('',*,*,#1378,.F.);
#1769=ORIENTED_EDGE('',*,*,#1379,.F.);
#1770=ORIENTED_EDGE('',*,*,#1380,.T.);
#1771=ORIENTED_EDGE('',*,*,#1381,.F.);
#1772=ORIENTED_EDGE('',*,*,#1382,.F.);
#1773=ORIENTED_EDGE('',*,*,#1383,.F.);
#1774=ORIENTED_EDGE('',*,*,#1384,.T.);
#1775=ORIENTED_EDGE('',*,*,#1385,.F.);
#1776=ORIENTED_EDGE('',*,*,#1386,.F.);
#1777=ORIENTED_EDGE('',*,*,#1387,.F.);
#1778=ORIENTED_EDGE('',*,*,#1388,.T.);
#1779=ORIENTED_EDGE('',*,*,#1389,.F.);
#1780=ORIENTED_EDGE('',*,*,#1390,.F.);
#1781=ORIENTED_EDGE('',*,*,#1391,.F.);
#1782=ORIENTED_EDGE('',*,*,#1392,.T.);
#1783=ORIENTED_EDGE('',*,*,#1393,.F.);
#1784=ORIENTED_EDGE('',*,*,#1394,.F.);
#1785=ORIENTED_EDGE('',*,*,#1395,.F.);
#1786=ORIENTED_EDGE('',*,*,#1396,.T.);
#1787=ORIENTED_EDGE('',*,*,#1397,.F.);
#1788=ORIENTED_EDGE('',*,*,#1398,.F.);
#1789=ORIENTED_EDGE('',*,*,#1399,.F.);
#1790=ORIENTED_EDGE('',*,*,#1400,.T.);
#1791=ORIENTED_EDGE('',*,*,#1401,.F.);
#1792=ORIENTED_EDGE('',*,*,#1402,.F.);
#1793=ORIENTED_EDGE('',*,*,#1403,.F.);
#1794=ORIENTED_EDGE('',*,*,#1404,.T.);
#1795=ORIENTED_EDGE('',*,*,#1405,.F.);
#1796=ORIENTED_EDGE('',*,*,#1406,.F.);
#1797=ORIENTED_EDGE('',*,*,#1407,.F.);
#1798=ORIENTED_EDGE('',*,*,#1408,.T.);
#1799=ORIENTED_EDGE('',*,*,#1409,.F.);
#1800=ORIENTED_EDGE('',*,*,#1410,.F.);
#1801=ORIENTED_EDGE('',*,*,#1411,.F.);
#1802=ORIENTED_EDGE('',*,*,#1412,.T.);
#1803=ORIENTED_EDGE('',*,*,#1413,.F.);
#1804=ORIENTED_EDGE('',*,*,#1414,.F.);
#1805=ORIENTED_EDGE('',*,*,#1415,.F.);
#1806=ORIENTED_EDGE('',*,*,#1416,.T.);
#1807=ORIENTED_EDGE('',*,*,#1417,.F.);
#1808=ORIENTED_EDGE('',*,*,#1418,.F.);
#1809=ORIENTED_EDGE('',*,*,#1419,.F.);
#1810=ORIENTED_EDGE('',*,*,#1420,.T.);
#1811=ORIENTED_EDGE('',*,*,#1421,.F.);
#1812=ORIENTED_EDGE('',*,*,#1422,.F.);
#1813=ORIENTED_EDGE('',*,*,#1423,.F.);
#1814=ORIENTED_EDGE('',*,*,#1424,.T.);
#1815=ORIENTED_EDGE('',*,*,#1425,.F.);
#1816=ORIENTED_EDGE('',*,*,#1426,.F.);
#1817=ORIENTED_EDGE('',*,*,#1427,.F.);
#1818=ORIENTED_EDGE('',*,*,#1428,.T.);
#1819=ORIENTED_EDGE('',*,*,#1429,.F.);
#1820=ORIENTED_EDGE('',*,*,#1430,.F.);
#1821=ORIENTED_EDGE('',*,*,#1431,.F.);
#1822=ORIENTED_EDGE('',*,*,#1432,.T.);
#1823=ORIENTED_EDGE('',*,*,#1433,.F.);
#1824=ORIENTED_EDGE('',*,*,#1434,.F.);
#1825=ORIENTED_EDGE('',*,*,#1435,.F.);
#1826=ORIENTED_EDGE('',*,*,#1436,.T.);
#1827=ORIENTED_EDGE('',*,*,#1437,.F.);
#1828=ORIENTED_EDGE('',*,*,#1438,.F.);
#1829=ORIENTED_EDGE('',*,*,#1439,.F.);
#1830=ORIENTED_EDGE('',*,*,#1440,.T.);
#1831=ORIENTED_EDGE('',*,*,#1441,.F.);
#1832=ORIENTED_EDGE('',*,*,#1442,.F.);
#1833=ORIENTED_EDGE('',*,*,#1443,.F.);
#1834=ORIENTED_EDGE('',*,*,#1444,.T.);
#1835=ORIENTED_EDGE('',*,*,#1445,.F.);
#1836=ORIENTED_EDGE('',*,*,#1446,.F.);
#1837=ORIENTED_EDGE('',*,*,#1447,.F.);
#1838=ORIENTED_EDGE('',*,*,#1448,.T.);
#1839=ORIENTED_EDGE('',*,*,#1342,.F.);
#1840=ORIENTED_EDGE('',*,*,#1449,.F.);
#1841=ORIENTED_EDGE('',*,*,#1403,.T.);
#1842=ORIENTED_EDGE('',*,*,#1450,.T.);
#1843=ORIENTED_EDGE('',*,*,#1250,.F.);
#1844=ORIENTED_EDGE('',*,*,#1451,.F.);
#1845=ORIENTED_EDGE('',*,*,#1395,.T.);
#1846=ORIENTED_EDGE('',*,*,#1452,.T.);
#1847=ORIENTED_EDGE('',*,*,#1258,.F.);
#1848=ORIENTED_EDGE('',*,*,#1453,.F.);
#1849=ORIENTED_EDGE('',*,*,#1387,.T.);
#1850=ORIENTED_EDGE('',*,*,#1454,.T.);
#1851=ORIENTED_EDGE('',*,*,#1266,.F.);
#1852=ORIENTED_EDGE('',*,*,#1455,.F.);
#1853=ORIENTED_EDGE('',*,*,#1379,.T.);
#1854=ORIENTED_EDGE('',*,*,#1456,.T.);
#1855=ORIENTED_EDGE('',*,*,#1274,.F.);
#1856=ORIENTED_EDGE('',*,*,#1457,.F.);
#1857=ORIENTED_EDGE('',*,*,#1371,.T.);
#1858=ORIENTED_EDGE('',*,*,#1458,.T.);
#1859=ORIENTED_EDGE('',*,*,#1282,.F.);
#1860=ORIENTED_EDGE('',*,*,#1459,.F.);
#1861=ORIENTED_EDGE('',*,*,#1363,.T.);
#1862=ORIENTED_EDGE('',*,*,#1460,.T.);
#1863=ORIENTED_EDGE('',*,*,#1290,.F.);
#1864=ORIENTED_EDGE('',*,*,#1461,.F.);
#1865=ORIENTED_EDGE('',*,*,#1355,.T.);
#1866=ORIENTED_EDGE('',*,*,#1462,.T.);
#1867=ORIENTED_EDGE('',*,*,#1298,.F.);
#1868=ORIENTED_EDGE('',*,*,#1463,.F.);
#1869=ORIENTED_EDGE('',*,*,#1447,.T.);
#1870=ORIENTED_EDGE('',*,*,#1464,.T.);
#1871=ORIENTED_EDGE('',*,*,#1306,.F.);
#1872=ORIENTED_EDGE('',*,*,#1465,.F.);
#1873=ORIENTED_EDGE('',*,*,#1439,.T.);
#1874=ORIENTED_EDGE('',*,*,#1466,.T.);
#1875=ORIENTED_EDGE('',*,*,#1314,.F.);
#1876=ORIENTED_EDGE('',*,*,#1467,.F.);
#1877=ORIENTED_EDGE('',*,*,#1431,.T.);
#1878=ORIENTED_EDGE('',*,*,#1468,.T.);
#1879=ORIENTED_EDGE('',*,*,#1322,.F.);
#1880=ORIENTED_EDGE('',*,*,#1469,.F.);
#1881=ORIENTED_EDGE('',*,*,#1423,.T.);
#1882=ORIENTED_EDGE('',*,*,#1470,.T.);
#1883=ORIENTED_EDGE('',*,*,#1330,.F.);
#1884=ORIENTED_EDGE('',*,*,#1471,.F.);
#1885=ORIENTED_EDGE('',*,*,#1415,.T.);
#1886=ORIENTED_EDGE('',*,*,#1411,.T.);
#1887=ORIENTED_EDGE('',*,*,#1472,.T.);
#1888=ORIENTED_EDGE('',*,*,#1334,.F.);
#1889=ORIENTED_EDGE('',*,*,#1473,.F.);
#1890=ORIENTED_EDGE('',*,*,#1419,.T.);
#1891=ORIENTED_EDGE('',*,*,#1474,.T.);
#1892=ORIENTED_EDGE('',*,*,#1326,.F.);
#1893=ORIENTED_EDGE('',*,*,#1475,.F.);
#1894=ORIENTED_EDGE('',*,*,#1427,.T.);
#1895=ORIENTED_EDGE('',*,*,#1476,.T.);
#1896=ORIENTED_EDGE('',*,*,#1318,.F.);
#1897=ORIENTED_EDGE('',*,*,#1477,.F.);
#1898=ORIENTED_EDGE('',*,*,#1435,.T.);
#1899=ORIENTED_EDGE('',*,*,#1478,.T.);
#1900=ORIENTED_EDGE('',*,*,#1310,.F.);
#1901=ORIENTED_EDGE('',*,*,#1479,.F.);
#1902=ORIENTED_EDGE('',*,*,#1443,.T.);
#1903=ORIENTED_EDGE('',*,*,#1480,.T.);
#1904=ORIENTED_EDGE('',*,*,#1302,.F.);
#1905=ORIENTED_EDGE('',*,*,#1481,.F.);
#1906=ORIENTED_EDGE('',*,*,#1351,.T.);
#1907=ORIENTED_EDGE('',*,*,#1482,.T.);
#1908=ORIENTED_EDGE('',*,*,#1294,.F.);
#1909=ORIENTED_EDGE('',*,*,#1483,.F.);
#1910=ORIENTED_EDGE('',*,*,#1359,.T.);
#1911=ORIENTED_EDGE('',*,*,#1484,.T.);
#1912=ORIENTED_EDGE('',*,*,#1286,.F.);
#1913=ORIENTED_EDGE('',*,*,#1485,.F.);
#1914=ORIENTED_EDGE('',*,*,#1367,.T.);
#1915=ORIENTED_EDGE('',*,*,#1486,.T.);
#1916=ORIENTED_EDGE('',*,*,#1278,.F.);
#1917=ORIENTED_EDGE('',*,*,#1487,.F.);
#1918=ORIENTED_EDGE('',*,*,#1375,.T.);
#1919=ORIENTED_EDGE('',*,*,#1488,.T.);
#1920=ORIENTED_EDGE('',*,*,#1270,.F.);
#1921=ORIENTED_EDGE('',*,*,#1489,.F.);
#1922=ORIENTED_EDGE('',*,*,#1383,.T.);
#1923=ORIENTED_EDGE('',*,*,#1490,.T.);
#1924=ORIENTED_EDGE('',*,*,#1262,.F.);
#1925=ORIENTED_EDGE('',*,*,#1491,.F.);
#1926=ORIENTED_EDGE('',*,*,#1391,.T.);
#1927=ORIENTED_EDGE('',*,*,#1492,.T.);
#1928=ORIENTED_EDGE('',*,*,#1254,.F.);
#1929=ORIENTED_EDGE('',*,*,#1493,.F.);
#1930=ORIENTED_EDGE('',*,*,#1399,.T.);
#1931=ORIENTED_EDGE('',*,*,#1494,.T.);
#1932=ORIENTED_EDGE('',*,*,#1246,.F.);
#1933=ORIENTED_EDGE('',*,*,#1495,.F.);
#1934=ORIENTED_EDGE('',*,*,#1449,.T.);
#1935=ORIENTED_EDGE('',*,*,#1341,.T.);
#1936=ORIENTED_EDGE('',*,*,#1496,.F.);
#1937=ORIENTED_EDGE('',*,*,#1404,.F.);
#1938=ORIENTED_EDGE('',*,*,#1405,.T.);
#1939=ORIENTED_EDGE('',*,*,#1496,.T.);
#1940=ORIENTED_EDGE('',*,*,#1340,.F.);
#1941=ORIENTED_EDGE('',*,*,#1497,.F.);
#1942=ORIENTED_EDGE('',*,*,#1406,.T.);
#1943=ORIENTED_EDGE('',*,*,#1497,.T.);
#1944=ORIENTED_EDGE('',*,*,#1339,.F.);
#1945=ORIENTED_EDGE('',*,*,#1498,.F.);
#1946=ORIENTED_EDGE('',*,*,#1407,.T.);
#1947=ORIENTED_EDGE('',*,*,#1498,.T.);
#1948=ORIENTED_EDGE('',*,*,#1338,.F.);
#1949=ORIENTED_EDGE('',*,*,#1499,.F.);
#1950=ORIENTED_EDGE('',*,*,#1451,.T.);
#1951=ORIENTED_EDGE('',*,*,#1249,.T.);
#1952=ORIENTED_EDGE('',*,*,#1500,.F.);
#1953=ORIENTED_EDGE('',*,*,#1396,.F.);
#1954=ORIENTED_EDGE('',*,*,#1398,.T.);
#1955=ORIENTED_EDGE('',*,*,#1501,.T.);
#1956=ORIENTED_EDGE('',*,*,#1247,.F.);
#1957=ORIENTED_EDGE('',*,*,#1494,.F.);
#1958=ORIENTED_EDGE('',*,*,#1397,.T.);
#1959=ORIENTED_EDGE('',*,*,#1500,.T.);
#1960=ORIENTED_EDGE('',*,*,#1248,.F.);
#1961=ORIENTED_EDGE('',*,*,#1501,.F.);
#1962=ORIENTED_EDGE('',*,*,#1453,.T.);
#1963=ORIENTED_EDGE('',*,*,#1257,.T.);
#1964=ORIENTED_EDGE('',*,*,#1502,.F.);
#1965=ORIENTED_EDGE('',*,*,#1388,.F.);
#1966=ORIENTED_EDGE('',*,*,#1390,.T.);
#1967=ORIENTED_EDGE('',*,*,#1503,.T.);
#1968=ORIENTED_EDGE('',*,*,#1255,.F.);
#1969=ORIENTED_EDGE('',*,*,#1492,.F.);
#1970=ORIENTED_EDGE('',*,*,#1389,.T.);
#1971=ORIENTED_EDGE('',*,*,#1502,.T.);
#1972=ORIENTED_EDGE('',*,*,#1256,.F.);
#1973=ORIENTED_EDGE('',*,*,#1503,.F.);
#1974=ORIENTED_EDGE('',*,*,#1455,.T.);
#1975=ORIENTED_EDGE('',*,*,#1265,.T.);
#1976=ORIENTED_EDGE('',*,*,#1504,.F.);
#1977=ORIENTED_EDGE('',*,*,#1380,.F.);
#1978=ORIENTED_EDGE('',*,*,#1382,.T.);
#1979=ORIENTED_EDGE('',*,*,#1505,.T.);
#1980=ORIENTED_EDGE('',*,*,#1263,.F.);
#1981=ORIENTED_EDGE('',*,*,#1490,.F.);
#1982=ORIENTED_EDGE('',*,*,#1381,.T.);
#1983=ORIENTED_EDGE('',*,*,#1504,.T.);
#1984=ORIENTED_EDGE('',*,*,#1264,.F.);
#1985=ORIENTED_EDGE('',*,*,#1505,.F.);
#1986=ORIENTED_EDGE('',*,*,#1457,.T.);
#1987=ORIENTED_EDGE('',*,*,#1273,.T.);
#1988=ORIENTED_EDGE('',*,*,#1506,.F.);
#1989=ORIENTED_EDGE('',*,*,#1372,.F.);
#1990=ORIENTED_EDGE('',*,*,#1374,.T.);
#1991=ORIENTED_EDGE('',*,*,#1507,.T.);
#1992=ORIENTED_EDGE('',*,*,#1271,.F.);
#1993=ORIENTED_EDGE('',*,*,#1488,.F.);
#1994=ORIENTED_EDGE('',*,*,#1373,.T.);
#1995=ORIENTED_EDGE('',*,*,#1506,.T.);
#1996=ORIENTED_EDGE('',*,*,#1272,.F.);
#1997=ORIENTED_EDGE('',*,*,#1507,.F.);
#1998=ORIENTED_EDGE('',*,*,#1459,.T.);
#1999=ORIENTED_EDGE('',*,*,#1281,.T.);
#2000=ORIENTED_EDGE('',*,*,#1508,.F.);
#2001=ORIENTED_EDGE('',*,*,#1364,.F.);
#2002=ORIENTED_EDGE('',*,*,#1366,.T.);
#2003=ORIENTED_EDGE('',*,*,#1509,.T.);
#2004=ORIENTED_EDGE('',*,*,#1279,.F.);
#2005=ORIENTED_EDGE('',*,*,#1486,.F.);
#2006=ORIENTED_EDGE('',*,*,#1365,.T.);
#2007=ORIENTED_EDGE('',*,*,#1508,.T.);
#2008=ORIENTED_EDGE('',*,*,#1280,.F.);
#2009=ORIENTED_EDGE('',*,*,#1509,.F.);
#2010=ORIENTED_EDGE('',*,*,#1461,.T.);
#2011=ORIENTED_EDGE('',*,*,#1289,.T.);
#2012=ORIENTED_EDGE('',*,*,#1510,.F.);
#2013=ORIENTED_EDGE('',*,*,#1356,.F.);
#2014=ORIENTED_EDGE('',*,*,#1358,.T.);
#2015=ORIENTED_EDGE('',*,*,#1511,.T.);
#2016=ORIENTED_EDGE('',*,*,#1287,.F.);
#2017=ORIENTED_EDGE('',*,*,#1484,.F.);
#2018=ORIENTED_EDGE('',*,*,#1357,.T.);
#2019=ORIENTED_EDGE('',*,*,#1510,.T.);
#2020=ORIENTED_EDGE('',*,*,#1288,.F.);
#2021=ORIENTED_EDGE('',*,*,#1511,.F.);
#2022=ORIENTED_EDGE('',*,*,#1463,.T.);
#2023=ORIENTED_EDGE('',*,*,#1297,.T.);
#2024=ORIENTED_EDGE('',*,*,#1512,.F.);
#2025=ORIENTED_EDGE('',*,*,#1348,.F.);
#2026=ORIENTED_EDGE('',*,*,#1350,.T.);
#2027=ORIENTED_EDGE('',*,*,#1513,.T.);
#2028=ORIENTED_EDGE('',*,*,#1295,.F.);
#2029=ORIENTED_EDGE('',*,*,#1482,.F.);
#2030=ORIENTED_EDGE('',*,*,#1349,.T.);
#2031=ORIENTED_EDGE('',*,*,#1512,.T.);
#2032=ORIENTED_EDGE('',*,*,#1296,.F.);
#2033=ORIENTED_EDGE('',*,*,#1513,.F.);
#2034=ORIENTED_EDGE('',*,*,#1465,.T.);
#2035=ORIENTED_EDGE('',*,*,#1305,.T.);
#2036=ORIENTED_EDGE('',*,*,#1514,.F.);
#2037=ORIENTED_EDGE('',*,*,#1440,.F.);
#2038=ORIENTED_EDGE('',*,*,#1442,.T.);
#2039=ORIENTED_EDGE('',*,*,#1515,.T.);
#2040=ORIENTED_EDGE('',*,*,#1303,.F.);
#2041=ORIENTED_EDGE('',*,*,#1480,.F.);
#2042=ORIENTED_EDGE('',*,*,#1441,.T.);
#2043=ORIENTED_EDGE('',*,*,#1514,.T.);
#2044=ORIENTED_EDGE('',*,*,#1304,.F.);
#2045=ORIENTED_EDGE('',*,*,#1515,.F.);
#2046=ORIENTED_EDGE('',*,*,#1467,.T.);
#2047=ORIENTED_EDGE('',*,*,#1313,.T.);
#2048=ORIENTED_EDGE('',*,*,#1516,.F.);
#2049=ORIENTED_EDGE('',*,*,#1432,.F.);
#2050=ORIENTED_EDGE('',*,*,#1434,.T.);
#2051=ORIENTED_EDGE('',*,*,#1517,.T.);
#2052=ORIENTED_EDGE('',*,*,#1311,.F.);
#2053=ORIENTED_EDGE('',*,*,#1478,.F.);
#2054=ORIENTED_EDGE('',*,*,#1433,.T.);
#2055=ORIENTED_EDGE('',*,*,#1516,.T.);
#2056=ORIENTED_EDGE('',*,*,#1312,.F.);
#2057=ORIENTED_EDGE('',*,*,#1517,.F.);
#2058=ORIENTED_EDGE('',*,*,#1469,.T.);
#2059=ORIENTED_EDGE('',*,*,#1321,.T.);
#2060=ORIENTED_EDGE('',*,*,#1518,.F.);
#2061=ORIENTED_EDGE('',*,*,#1424,.F.);
#2062=ORIENTED_EDGE('',*,*,#1426,.T.);
#2063=ORIENTED_EDGE('',*,*,#1519,.T.);
#2064=ORIENTED_EDGE('',*,*,#1319,.F.);
#2065=ORIENTED_EDGE('',*,*,#1476,.F.);
#2066=ORIENTED_EDGE('',*,*,#1425,.T.);
#2067=ORIENTED_EDGE('',*,*,#1518,.T.);
#2068=ORIENTED_EDGE('',*,*,#1320,.F.);
#2069=ORIENTED_EDGE('',*,*,#1519,.F.);
#2070=ORIENTED_EDGE('',*,*,#1471,.T.);
#2071=ORIENTED_EDGE('',*,*,#1329,.T.);
#2072=ORIENTED_EDGE('',*,*,#1520,.F.);
#2073=ORIENTED_EDGE('',*,*,#1416,.F.);
#2074=ORIENTED_EDGE('',*,*,#1418,.T.);
#2075=ORIENTED_EDGE('',*,*,#1521,.T.);
#2076=ORIENTED_EDGE('',*,*,#1327,.F.);
#2077=ORIENTED_EDGE('',*,*,#1474,.F.);
#2078=ORIENTED_EDGE('',*,*,#1417,.T.);
#2079=ORIENTED_EDGE('',*,*,#1520,.T.);
#2080=ORIENTED_EDGE('',*,*,#1328,.F.);
#2081=ORIENTED_EDGE('',*,*,#1521,.F.);
#2082=ORIENTED_EDGE('',*,*,#1499,.T.);
#2083=ORIENTED_EDGE('',*,*,#1337,.T.);
#2084=ORIENTED_EDGE('',*,*,#1522,.F.);
#2085=ORIENTED_EDGE('',*,*,#1408,.F.);
#2086=ORIENTED_EDGE('',*,*,#1410,.T.);
#2087=ORIENTED_EDGE('',*,*,#1523,.T.);
#2088=ORIENTED_EDGE('',*,*,#1335,.F.);
#2089=ORIENTED_EDGE('',*,*,#1472,.F.);
#2090=ORIENTED_EDGE('',*,*,#1409,.T.);
#2091=ORIENTED_EDGE('',*,*,#1522,.T.);
#2092=ORIENTED_EDGE('',*,*,#1336,.F.);
#2093=ORIENTED_EDGE('',*,*,#1523,.F.);
#2094=ORIENTED_EDGE('',*,*,#1473,.T.);
#2095=ORIENTED_EDGE('',*,*,#1333,.T.);
#2096=ORIENTED_EDGE('',*,*,#1524,.F.);
#2097=ORIENTED_EDGE('',*,*,#1412,.F.);
#2098=ORIENTED_EDGE('',*,*,#1414,.T.);
#2099=ORIENTED_EDGE('',*,*,#1525,.T.);
#2100=ORIENTED_EDGE('',*,*,#1331,.F.);
#2101=ORIENTED_EDGE('',*,*,#1470,.F.);
#2102=ORIENTED_EDGE('',*,*,#1413,.T.);
#2103=ORIENTED_EDGE('',*,*,#1524,.T.);
#2104=ORIENTED_EDGE('',*,*,#1332,.F.);
#2105=ORIENTED_EDGE('',*,*,#1525,.F.);
#2106=ORIENTED_EDGE('',*,*,#1475,.T.);
#2107=ORIENTED_EDGE('',*,*,#1325,.T.);
#2108=ORIENTED_EDGE('',*,*,#1526,.F.);
#2109=ORIENTED_EDGE('',*,*,#1420,.F.);
#2110=ORIENTED_EDGE('',*,*,#1422,.T.);
#2111=ORIENTED_EDGE('',*,*,#1527,.T.);
#2112=ORIENTED_EDGE('',*,*,#1323,.F.);
#2113=ORIENTED_EDGE('',*,*,#1468,.F.);
#2114=ORIENTED_EDGE('',*,*,#1421,.T.);
#2115=ORIENTED_EDGE('',*,*,#1526,.T.);
#2116=ORIENTED_EDGE('',*,*,#1324,.F.);
#2117=ORIENTED_EDGE('',*,*,#1527,.F.);
#2118=ORIENTED_EDGE('',*,*,#1477,.T.);
#2119=ORIENTED_EDGE('',*,*,#1317,.T.);
#2120=ORIENTED_EDGE('',*,*,#1528,.F.);
#2121=ORIENTED_EDGE('',*,*,#1428,.F.);
#2122=ORIENTED_EDGE('',*,*,#1430,.T.);
#2123=ORIENTED_EDGE('',*,*,#1529,.T.);
#2124=ORIENTED_EDGE('',*,*,#1315,.F.);
#2125=ORIENTED_EDGE('',*,*,#1466,.F.);
#2126=ORIENTED_EDGE('',*,*,#1429,.T.);
#2127=ORIENTED_EDGE('',*,*,#1528,.T.);
#2128=ORIENTED_EDGE('',*,*,#1316,.F.);
#2129=ORIENTED_EDGE('',*,*,#1529,.F.);
#2130=ORIENTED_EDGE('',*,*,#1479,.T.);
#2131=ORIENTED_EDGE('',*,*,#1309,.T.);
#2132=ORIENTED_EDGE('',*,*,#1530,.F.);
#2133=ORIENTED_EDGE('',*,*,#1436,.F.);
#2134=ORIENTED_EDGE('',*,*,#1438,.T.);
#2135=ORIENTED_EDGE('',*,*,#1531,.T.);
#2136=ORIENTED_EDGE('',*,*,#1307,.F.);
#2137=ORIENTED_EDGE('',*,*,#1464,.F.);
#2138=ORIENTED_EDGE('',*,*,#1437,.T.);
#2139=ORIENTED_EDGE('',*,*,#1530,.T.);
#2140=ORIENTED_EDGE('',*,*,#1308,.F.);
#2141=ORIENTED_EDGE('',*,*,#1531,.F.);
#2142=ORIENTED_EDGE('',*,*,#1481,.T.);
#2143=ORIENTED_EDGE('',*,*,#1301,.T.);
#2144=ORIENTED_EDGE('',*,*,#1532,.F.);
#2145=ORIENTED_EDGE('',*,*,#1444,.F.);
#2146=ORIENTED_EDGE('',*,*,#1446,.T.);
#2147=ORIENTED_EDGE('',*,*,#1533,.T.);
#2148=ORIENTED_EDGE('',*,*,#1299,.F.);
#2149=ORIENTED_EDGE('',*,*,#1462,.F.);
#2150=ORIENTED_EDGE('',*,*,#1445,.T.);
#2151=ORIENTED_EDGE('',*,*,#1532,.T.);
#2152=ORIENTED_EDGE('',*,*,#1300,.F.);
#2153=ORIENTED_EDGE('',*,*,#1533,.F.);
#2154=ORIENTED_EDGE('',*,*,#1483,.T.);
#2155=ORIENTED_EDGE('',*,*,#1293,.T.);
#2156=ORIENTED_EDGE('',*,*,#1534,.F.);
#2157=ORIENTED_EDGE('',*,*,#1352,.F.);
#2158=ORIENTED_EDGE('',*,*,#1354,.T.);
#2159=ORIENTED_EDGE('',*,*,#1535,.T.);
#2160=ORIENTED_EDGE('',*,*,#1291,.F.);
#2161=ORIENTED_EDGE('',*,*,#1460,.F.);
#2162=ORIENTED_EDGE('',*,*,#1353,.T.);
#2163=ORIENTED_EDGE('',*,*,#1534,.T.);
#2164=ORIENTED_EDGE('',*,*,#1292,.F.);
#2165=ORIENTED_EDGE('',*,*,#1535,.F.);
#2166=ORIENTED_EDGE('',*,*,#1485,.T.);
#2167=ORIENTED_EDGE('',*,*,#1285,.T.);
#2168=ORIENTED_EDGE('',*,*,#1536,.F.);
#2169=ORIENTED_EDGE('',*,*,#1360,.F.);
#2170=ORIENTED_EDGE('',*,*,#1362,.T.);
#2171=ORIENTED_EDGE('',*,*,#1537,.T.);
#2172=ORIENTED_EDGE('',*,*,#1283,.F.);
#2173=ORIENTED_EDGE('',*,*,#1458,.F.);
#2174=ORIENTED_EDGE('',*,*,#1361,.T.);
#2175=ORIENTED_EDGE('',*,*,#1536,.T.);
#2176=ORIENTED_EDGE('',*,*,#1284,.F.);
#2177=ORIENTED_EDGE('',*,*,#1537,.F.);
#2178=ORIENTED_EDGE('',*,*,#1487,.T.);
#2179=ORIENTED_EDGE('',*,*,#1277,.T.);
#2180=ORIENTED_EDGE('',*,*,#1538,.F.);
#2181=ORIENTED_EDGE('',*,*,#1368,.F.);
#2182=ORIENTED_EDGE('',*,*,#1370,.T.);
#2183=ORIENTED_EDGE('',*,*,#1539,.T.);
#2184=ORIENTED_EDGE('',*,*,#1275,.F.);
#2185=ORIENTED_EDGE('',*,*,#1456,.F.);
#2186=ORIENTED_EDGE('',*,*,#1369,.T.);
#2187=ORIENTED_EDGE('',*,*,#1538,.T.);
#2188=ORIENTED_EDGE('',*,*,#1276,.F.);
#2189=ORIENTED_EDGE('',*,*,#1539,.F.);
#2190=ORIENTED_EDGE('',*,*,#1489,.T.);
#2191=ORIENTED_EDGE('',*,*,#1269,.T.);
#2192=ORIENTED_EDGE('',*,*,#1540,.F.);
#2193=ORIENTED_EDGE('',*,*,#1376,.F.);
#2194=ORIENTED_EDGE('',*,*,#1378,.T.);
#2195=ORIENTED_EDGE('',*,*,#1541,.T.);
#2196=ORIENTED_EDGE('',*,*,#1267,.F.);
#2197=ORIENTED_EDGE('',*,*,#1454,.F.);
#2198=ORIENTED_EDGE('',*,*,#1377,.T.);
#2199=ORIENTED_EDGE('',*,*,#1540,.T.);
#2200=ORIENTED_EDGE('',*,*,#1268,.F.);
#2201=ORIENTED_EDGE('',*,*,#1541,.F.);
#2202=ORIENTED_EDGE('',*,*,#1491,.T.);
#2203=ORIENTED_EDGE('',*,*,#1261,.T.);
#2204=ORIENTED_EDGE('',*,*,#1542,.F.);
#2205=ORIENTED_EDGE('',*,*,#1384,.F.);
#2206=ORIENTED_EDGE('',*,*,#1386,.T.);
#2207=ORIENTED_EDGE('',*,*,#1543,.T.);
#2208=ORIENTED_EDGE('',*,*,#1259,.F.);
#2209=ORIENTED_EDGE('',*,*,#1452,.F.);
#2210=ORIENTED_EDGE('',*,*,#1385,.T.);
#2211=ORIENTED_EDGE('',*,*,#1542,.T.);
#2212=ORIENTED_EDGE('',*,*,#1260,.F.);
#2213=ORIENTED_EDGE('',*,*,#1543,.F.);
#2214=ORIENTED_EDGE('',*,*,#1493,.T.);
#2215=ORIENTED_EDGE('',*,*,#1253,.T.);
#2216=ORIENTED_EDGE('',*,*,#1544,.F.);
#2217=ORIENTED_EDGE('',*,*,#1392,.F.);
#2218=ORIENTED_EDGE('',*,*,#1394,.T.);
#2219=ORIENTED_EDGE('',*,*,#1545,.T.);
#2220=ORIENTED_EDGE('',*,*,#1251,.F.);
#2221=ORIENTED_EDGE('',*,*,#1450,.F.);
#2222=ORIENTED_EDGE('',*,*,#1393,.T.);
#2223=ORIENTED_EDGE('',*,*,#1544,.T.);
#2224=ORIENTED_EDGE('',*,*,#1252,.F.);
#2225=ORIENTED_EDGE('',*,*,#1545,.F.);
#2226=ORIENTED_EDGE('',*,*,#1495,.T.);
#2227=ORIENTED_EDGE('',*,*,#1345,.T.);
#2228=ORIENTED_EDGE('',*,*,#1546,.F.);
#2229=ORIENTED_EDGE('',*,*,#1400,.F.);
#2230=ORIENTED_EDGE('',*,*,#1401,.T.);
#2231=ORIENTED_EDGE('',*,*,#1546,.T.);
#2232=ORIENTED_EDGE('',*,*,#1344,.F.);
#2233=ORIENTED_EDGE('',*,*,#1547,.F.);
#2234=ORIENTED_EDGE('',*,*,#1402,.T.);
#2235=ORIENTED_EDGE('',*,*,#1547,.T.);
#2236=ORIENTED_EDGE('',*,*,#1343,.F.);
#2237=ORIENTED_EDGE('',*,*,#1448,.F.);
#2238=TOROIDAL_SURFACE('',#2373,6.,1.);
#2239=ADVANCED_FACE('',(#584),#2238,.F.);
#2240=ADVANCED_FACE('',(#585,#510,#511,#512,#513,#514,#515,#516,#517,#518),
#530,.T.);
#2241=ADVANCED_FACE('',(#586),#449,.T.);
#2242=ADVANCED_FACE('',(#587),#15,.T.);
#2243=ADVANCED_FACE('',(#588),#450,.T.);
#2244=ADVANCED_FACE('',(#589),#16,.T.);
#2245=ADVANCED_FACE('',(#590,#519,#520,#521,#522,#523,#524,#525,#526,#527),
#531,.F.);
#2246=ADVANCED_FACE('',(#591),#17,.F.);
#2247=ADVANCED_FACE('',(#592),#451,.F.);
#2248=ADVANCED_FACE('',(#593),#452,.F.);
#2249=ADVANCED_FACE('',(#594),#453,.F.);
#2250=ADVANCED_FACE('',(#595),#454,.F.);
#2251=ADVANCED_FACE('',(#596),#455,.F.);
#2252=ADVANCED_FACE('',(#597),#456,.F.);
#2253=ADVANCED_FACE('',(#598),#457,.F.);
#2254=ADVANCED_FACE('',(#599),#458,.F.);
#2255=ADVANCED_FACE('',(#600),#459,.F.);
#2256=ADVANCED_FACE('',(#601,#528),#532,.T.);
#2257=ADVANCED_FACE('',(#602),#18,.T.);
#2258=ADVANCED_FACE('',(#603,#529),#533,.T.);
#2259=ADVANCED_FACE('',(#604),#460,.F.);
#2260=ADVANCED_FACE('',(#605),#461,.F.);
#2261=ADVANCED_FACE('',(#606),#462,.F.);
#2262=ADVANCED_FACE('',(#607),#463,.F.);
#2263=ADVANCED_FACE('',(#608),#464,.F.);
#2264=ADVANCED_FACE('',(#609),#465,.F.);
#2265=ADVANCED_FACE('',(#610),#466,.F.);
#2266=ADVANCED_FACE('',(#611),#467,.F.);
#2267=ADVANCED_FACE('',(#612),#468,.F.);
#2268=ADVANCED_FACE('',(#613),#469,.F.);
#2269=ADVANCED_FACE('',(#614),#470,.F.);
#2270=ADVANCED_FACE('',(#615),#471,.F.);
#2271=ADVANCED_FACE('',(#616),#472,.F.);
#2272=ADVANCED_FACE('',(#617),#473,.F.);
#2273=ADVANCED_FACE('',(#618),#474,.F.);
#2274=ADVANCED_FACE('',(#619),#475,.F.);
#2275=ADVANCED_FACE('',(#620),#476,.F.);
#2276=ADVANCED_FACE('',(#621),#477,.F.);
#2277=ADVANCED_FACE('',(#622),#478,.F.);
#2278=ADVANCED_FACE('',(#623),#479,.F.);
#2279=ADVANCED_FACE('',(#624),#480,.F.);
#2280=ADVANCED_FACE('',(#625),#481,.F.);
#2281=ADVANCED_FACE('',(#626),#482,.F.);
#2282=ADVANCED_FACE('',(#627),#483,.F.);
#2283=ADVANCED_FACE('',(#628),#534,.F.);
#2284=ADVANCED_FACE('',(#629),#484,.F.);
#2285=ADVANCED_FACE('',(#630),#535,.T.);
#2286=ADVANCED_FACE('',(#631),#485,.F.);
#2287=ADVANCED_FACE('',(#632),#536,.F.);
#2288=ADVANCED_FACE('',(#633),#537,.T.);
#2289=ADVANCED_FACE('',(#634),#486,.F.);
#2290=ADVANCED_FACE('',(#635),#538,.F.);
#2291=ADVANCED_FACE('',(#636),#539,.T.);
#2292=ADVANCED_FACE('',(#637),#487,.F.);
#2293=ADVANCED_FACE('',(#638),#540,.F.);
#2294=ADVANCED_FACE('',(#639),#541,.T.);
#2295=ADVANCED_FACE('',(#640),#488,.F.);
#2296=ADVANCED_FACE('',(#641),#542,.F.);
#2297=ADVANCED_FACE('',(#642),#543,.T.);
#2298=ADVANCED_FACE('',(#643),#489,.F.);
#2299=ADVANCED_FACE('',(#644),#544,.F.);
#2300=ADVANCED_FACE('',(#645),#545,.T.);
#2301=ADVANCED_FACE('',(#646),#490,.F.);
#2302=ADVANCED_FACE('',(#647),#546,.F.);
#2303=ADVANCED_FACE('',(#648),#547,.T.);
#2304=ADVANCED_FACE('',(#649),#491,.F.);
#2305=ADVANCED_FACE('',(#650),#548,.F.);
#2306=ADVANCED_FACE('',(#651),#549,.T.);
#2307=ADVANCED_FACE('',(#652),#492,.F.);
#2308=ADVANCED_FACE('',(#653),#550,.F.);
#2309=ADVANCED_FACE('',(#654),#551,.T.);
#2310=ADVANCED_FACE('',(#655),#493,.F.);
#2311=ADVANCED_FACE('',(#656),#552,.F.);
#2312=ADVANCED_FACE('',(#657),#553,.T.);
#2313=ADVANCED_FACE('',(#658),#494,.F.);
#2314=ADVANCED_FACE('',(#659),#554,.F.);
#2315=ADVANCED_FACE('',(#660),#555,.T.);
#2316=ADVANCED_FACE('',(#661),#495,.F.);
#2317=ADVANCED_FACE('',(#662),#556,.F.);
#2318=ADVANCED_FACE('',(#663),#557,.T.);
#2319=ADVANCED_FACE('',(#664),#496,.F.);
#2320=ADVANCED_FACE('',(#665),#558,.F.);
#2321=ADVANCED_FACE('',(#666),#559,.T.);
#2322=ADVANCED_FACE('',(#667),#497,.F.);
#2323=ADVANCED_FACE('',(#668),#560,.F.);
#2324=ADVANCED_FACE('',(#669),#561,.T.);
#2325=ADVANCED_FACE('',(#670),#498,.F.);
#2326=ADVANCED_FACE('',(#671),#562,.F.);
#2327=ADVANCED_FACE('',(#672),#563,.T.);
#2328=ADVANCED_FACE('',(#673),#499,.F.);
#2329=ADVANCED_FACE('',(#674),#564,.F.);
#2330=ADVANCED_FACE('',(#675),#565,.T.);
#2331=ADVANCED_FACE('',(#676),#500,.F.);
#2332=ADVANCED_FACE('',(#677),#566,.F.);
#2333=ADVANCED_FACE('',(#678),#567,.T.);
#2334=ADVANCED_FACE('',(#679),#501,.F.);
#2335=ADVANCED_FACE('',(#680),#568,.F.);
#2336=ADVANCED_FACE('',(#681),#569,.T.);
#2337=ADVANCED_FACE('',(#682),#502,.F.);
#2338=ADVANCED_FACE('',(#683),#570,.F.);
#2339=ADVANCED_FACE('',(#684),#571,.T.);
#2340=ADVANCED_FACE('',(#685),#503,.F.);
#2341=ADVANCED_FACE('',(#686),#572,.F.);
#2342=ADVANCED_FACE('',(#687),#573,.T.);
#2343=ADVANCED_FACE('',(#688),#504,.F.);
#2344=ADVANCED_FACE('',(#689),#574,.F.);
#2345=ADVANCED_FACE('',(#690),#575,.T.);
#2346=ADVANCED_FACE('',(#691),#505,.F.);
#2347=ADVANCED_FACE('',(#692),#576,.F.);
#2348=ADVANCED_FACE('',(#693),#577,.T.);
#2349=ADVANCED_FACE('',(#694),#506,.F.);
#2350=ADVANCED_FACE('',(#695),#578,.F.);
#2351=ADVANCED_FACE('',(#696),#579,.T.);
#2352=ADVANCED_FACE('',(#697),#507,.F.);
#2353=ADVANCED_FACE('',(#698),#580,.F.);
#2354=ADVANCED_FACE('',(#699),#581,.T.);
#2355=ADVANCED_FACE('',(#700),#508,.F.);
#2356=ADVANCED_FACE('',(#701),#582,.F.);
#2357=ADVANCED_FACE('',(#702),#509,.F.);
#2358=ADVANCED_FACE('',(#703),#583,.T.);
#2359=CLOSED_SHELL('',(#2239,#2240,#2241,#2242,#2243,#2244,#2245,#2246,
#2247,#2248,#2249,#2250,#2251,#2252,#2253,#2254,#2255,#2256,#2257,#2258,
#2259,#2260,#2261,#2262,#2263,#2264,#2265,#2266,#2267,#2268,#2269,#2270,
#2271,#2272,#2273,#2274,#2275,#2276,#2277,#2278,#2279,#2280,#2281,#2282,
#2283,#2284,#2285,#2286,#2287,#2288,#2289,#2290,#2291,#2292,#2293,#2294,
#2295,#2296,#2297,#2298,#2299,#2300,#2301,#2302,#2303,#2304,#2305,#2306,
#2307,#2308,#2309,#2310,#2311,#2312,#2313,#2314,#2315,#2316,#2317,#2318,
#2319,#2320,#2321,#2322,#2323,#2324,#2325,#2326,#2327,#2328,#2329,#2330,
#2331,#2332,#2333,#2334,#2335,#2336,#2337,#2338,#2339,#2340,#2341,#2342,
#2343,#2344,#2345,#2346,#2347,#2348,#2349,#2350,#2351,#2352,#2353,#2354,
#2355,#2356,#2357,#2358));
#2360=DERIVED_UNIT_ELEMENT(#2362,1.);
#2361=DERIVED_UNIT_ELEMENT(#4040,-3.);
#2362=(
MASS_UNIT()
NAMED_UNIT(*)
SI_UNIT(.KILO.,.GRAM.)
);
#2363=DERIVED_UNIT((#2360,#2361));
#2364=MEASURE_REPRESENTATION_ITEM('density measure',
POSITIVE_RATIO_MEASURE(2700.),#2363);
#2365=PROPERTY_DEFINITION_REPRESENTATION(#2370,#2367);
#2366=PROPERTY_DEFINITION_REPRESENTATION(#2371,#2368);
#2367=REPRESENTATION('material name',(#2369),#4037);
#2368=REPRESENTATION('density',(#2364),#4037);
#2369=DESCRIPTIVE_REPRESENTATION_ITEM('Aluminum 6061','Aluminum 6061');
#2370=PROPERTY_DEFINITION('material property','material name',#4047);
#2371=PROPERTY_DEFINITION('material property','density of part',#4047);
#2372=AXIS2_PLACEMENT_3D('',#3340,#2623,#2624);
#2373=AXIS2_PLACEMENT_3D('',#3341,#2625,#2626);
#2374=AXIS2_PLACEMENT_3D('',#3344,#2627,#2628);
#2375=AXIS2_PLACEMENT_3D('',#3345,#2629,#2630);
#2376=AXIS2_PLACEMENT_3D('',#3347,#2631,#2632);
#2377=AXIS2_PLACEMENT_3D('',#3348,#2633,#2634);
#2378=AXIS2_PLACEMENT_3D('',#3349,#2635,#2636);
#2379=AXIS2_PLACEMENT_3D('',#3351,#2637,#2638);
#2380=AXIS2_PLACEMENT_3D('',#3353,#2639,#2640);
#2381=AXIS2_PLACEMENT_3D('',#3355,#2641,#2642);
#2382=AXIS2_PLACEMENT_3D('',#3357,#2643,#2644);
#2383=AXIS2_PLACEMENT_3D('',#3359,#2645,#2646);
#2384=AXIS2_PLACEMENT_3D('',#3361,#2647,#2648);
#2385=AXIS2_PLACEMENT_3D('',#3363,#2649,#2650);
#2386=AXIS2_PLACEMENT_3D('',#3365,#2651,#2652);
#2387=AXIS2_PLACEMENT_3D('',#3367,#2653,#2654);
#2388=AXIS2_PLACEMENT_3D('',#3368,#2655,#2656);
#2389=AXIS2_PLACEMENT_3D('',#3372,#2658,#2659);
#2390=AXIS2_PLACEMENT_3D('',#3373,#2660,#2661);
#2391=AXIS2_PLACEMENT_3D('',#3374,#2662,#2663);
#2392=AXIS2_PLACEMENT_3D('',#3376,#2664,#2665);
#2393=AXIS2_PLACEMENT_3D('',#3378,#2667,#2668);
#2394=AXIS2_PLACEMENT_3D('',#3380,#2669,#2670);
#2395=AXIS2_PLACEMENT_3D('',#3382,#2672,#2673);
#2396=AXIS2_PLACEMENT_3D('',#3385,#2675,#2676);
#2397=AXIS2_PLACEMENT_3D('',#3386,#2677,#2678);
#2398=AXIS2_PLACEMENT_3D('',#3388,#2679,#2680);
#2399=AXIS2_PLACEMENT_3D('',#3390,#2681,#2682);
#2400=AXIS2_PLACEMENT_3D('',#3392,#2683,#2684);
#2401=AXIS2_PLACEMENT_3D('',#3394,#2685,#2686);
#2402=AXIS2_PLACEMENT_3D('',#3396,#2687,#2688);
#2403=AXIS2_PLACEMENT_3D('',#3398,#2689,#2690);
#2404=AXIS2_PLACEMENT_3D('',#3400,#2691,#2692);
#2405=AXIS2_PLACEMENT_3D('',#3402,#2693,#2694);
#2406=AXIS2_PLACEMENT_3D('',#3404,#2695,#2696);
#2407=AXIS2_PLACEMENT_3D('',#3405,#2697,#2698);
#2408=AXIS2_PLACEMENT_3D('',#3407,#2699,#2700);
#2409=AXIS2_PLACEMENT_3D('',#3409,#2702,#2703);
#2410=AXIS2_PLACEMENT_3D('',#3412,#2705,#2706);
#2411=AXIS2_PLACEMENT_3D('',#3413,#2707,#2708);
#2412=AXIS2_PLACEMENT_3D('',#3415,#2710,#2711);
#2413=AXIS2_PLACEMENT_3D('',#3417,#2713,#2714);
#2414=AXIS2_PLACEMENT_3D('',#3419,#2716,#2717);
#2415=AXIS2_PLACEMENT_3D('',#3421,#2719,#2720);
#2416=AXIS2_PLACEMENT_3D('',#3423,#2722,#2723);
#2417=AXIS2_PLACEMENT_3D('',#3425,#2725,#2726);
#2418=AXIS2_PLACEMENT_3D('',#3427,#2728,#2729);
#2419=AXIS2_PLACEMENT_3D('',#3429,#2731,#2732);
#2420=AXIS2_PLACEMENT_3D('',#3432,#2733,#2734);
#2421=AXIS2_PLACEMENT_3D('',#3436,#2736,#2737);
#2422=AXIS2_PLACEMENT_3D('',#3440,#2739,#2740);
#2423=AXIS2_PLACEMENT_3D('',#3444,#2742,#2743);
#2424=AXIS2_PLACEMENT_3D('',#3448,#2745,#2746);
#2425=AXIS2_PLACEMENT_3D('',#3452,#2748,#2749);
#2426=AXIS2_PLACEMENT_3D('',#3456,#2751,#2752);
#2427=AXIS2_PLACEMENT_3D('',#3460,#2754,#2755);
#2428=AXIS2_PLACEMENT_3D('',#3464,#2757,#2758);
#2429=AXIS2_PLACEMENT_3D('',#3468,#2760,#2761);
#2430=AXIS2_PLACEMENT_3D('',#3472,#2763,#2764);
#2431=AXIS2_PLACEMENT_3D('',#3476,#2766,#2767);
#2432=AXIS2_PLACEMENT_3D('',#3480,#2769,#2770);
#2433=AXIS2_PLACEMENT_3D('',#3484,#2772,#2773);
#2434=AXIS2_PLACEMENT_3D('',#3488,#2775,#2776);
#2435=AXIS2_PLACEMENT_3D('',#3492,#2778,#2779);
#2436=AXIS2_PLACEMENT_3D('',#3496,#2781,#2782);
#2437=AXIS2_PLACEMENT_3D('',#3500,#2784,#2785);
#2438=AXIS2_PLACEMENT_3D('',#3504,#2787,#2788);
#2439=AXIS2_PLACEMENT_3D('',#3508,#2790,#2791);
#2440=AXIS2_PLACEMENT_3D('',#3512,#2793,#2794);
#2441=AXIS2_PLACEMENT_3D('',#3516,#2796,#2797);
#2442=AXIS2_PLACEMENT_3D('',#3520,#2799,#2800);
#2443=AXIS2_PLACEMENT_3D('',#3524,#2802,#2803);
#2444=AXIS2_PLACEMENT_3D('',#3528,#2805,#2806);
#2445=AXIS2_PLACEMENT_3D('',#3532,#2808,#2809);
#2446=AXIS2_PLACEMENT_3D('',#3536,#2811,#2812);
#2447=AXIS2_PLACEMENT_3D('',#3540,#2814,#2815);
#2448=AXIS2_PLACEMENT_3D('',#3544,#2817,#2818);
#2449=AXIS2_PLACEMENT_3D('',#3548,#2820,#2821);
#2450=AXIS2_PLACEMENT_3D('',#3552,#2823,#2824);
#2451=AXIS2_PLACEMENT_3D('',#3556,#2826,#2827);
#2452=AXIS2_PLACEMENT_3D('',#3560,#2829,#2830);
#2453=AXIS2_PLACEMENT_3D('',#3564,#2832,#2833);
#2454=AXIS2_PLACEMENT_3D('',#3568,#2835,#2836);
#2455=AXIS2_PLACEMENT_3D('',#3572,#2838,#2839);
#2456=AXIS2_PLACEMENT_3D('',#3576,#2841,#2842);
#2457=AXIS2_PLACEMENT_3D('',#3580,#2844,#2845);
#2458=AXIS2_PLACEMENT_3D('',#3584,#2847,#2848);
#2459=AXIS2_PLACEMENT_3D('',#3588,#2850,#2851);
#2460=AXIS2_PLACEMENT_3D('',#3592,#2853,#2854);
#2461=AXIS2_PLACEMENT_3D('',#3596,#2856,#2857);
#2462=AXIS2_PLACEMENT_3D('',#3600,#2859,#2860);
#2463=AXIS2_PLACEMENT_3D('',#3604,#2862,#2863);
#2464=AXIS2_PLACEMENT_3D('',#3608,#2865,#2866);
#2465=AXIS2_PLACEMENT_3D('',#3612,#2868,#2869);
#2466=AXIS2_PLACEMENT_3D('',#3616,#2871,#2872);
#2467=AXIS2_PLACEMENT_3D('',#3620,#2874,#2875);
#2468=AXIS2_PLACEMENT_3D('',#3624,#2877,#2878);
#2469=AXIS2_PLACEMENT_3D('',#3628,#2880,#2881);
#2470=AXIS2_PLACEMENT_3D('',#3630,#2883,#2884);
#2471=AXIS2_PLACEMENT_3D('',#3633,#2886,#2887);
#2472=AXIS2_PLACEMENT_3D('',#3634,#2888,#2889);
#2473=AXIS2_PLACEMENT_3D('',#3639,#2891,#2892);
#2474=AXIS2_PLACEMENT_3D('',#3643,#2894,#2895);
#2475=AXIS2_PLACEMENT_3D('',#3647,#2897,#2898);
#2476=AXIS2_PLACEMENT_3D('',#3651,#2900,#2901);
#2477=AXIS2_PLACEMENT_3D('',#3655,#2903,#2904);
#2478=AXIS2_PLACEMENT_3D('',#3659,#2906,#2907);
#2479=AXIS2_PLACEMENT_3D('',#3663,#2909,#2910);
#2480=AXIS2_PLACEMENT_3D('',#3667,#2912,#2913);
#2481=AXIS2_PLACEMENT_3D('',#3671,#2915,#2916);
#2482=AXIS2_PLACEMENT_3D('',#3675,#2918,#2919);
#2483=AXIS2_PLACEMENT_3D('',#3679,#2921,#2922);
#2484=AXIS2_PLACEMENT_3D('',#3683,#2924,#2925);
#2485=AXIS2_PLACEMENT_3D('',#3687,#2927,#2928);
#2486=AXIS2_PLACEMENT_3D('',#3691,#2930,#2931);
#2487=AXIS2_PLACEMENT_3D('',#3695,#2933,#2934);
#2488=AXIS2_PLACEMENT_3D('',#3699,#2936,#2937);
#2489=AXIS2_PLACEMENT_3D('',#3703,#2939,#2940);
#2490=AXIS2_PLACEMENT_3D('',#3707,#2942,#2943);
#2491=AXIS2_PLACEMENT_3D('',#3711,#2945,#2946);
#2492=AXIS2_PLACEMENT_3D('',#3715,#2948,#2949);
#2493=AXIS2_PLACEMENT_3D('',#3719,#2951,#2952);
#2494=AXIS2_PLACEMENT_3D('',#3723,#2954,#2955);
#2495=AXIS2_PLACEMENT_3D('',#3727,#2957,#2958);
#2496=AXIS2_PLACEMENT_3D('',#3731,#2960,#2961);
#2497=AXIS2_PLACEMENT_3D('',#3735,#2963,#2964);
#2498=AXIS2_PLACEMENT_3D('',#3739,#2966,#2967);
#2499=AXIS2_PLACEMENT_3D('',#3743,#2969,#2970);
#2500=AXIS2_PLACEMENT_3D('',#3747,#2972,#2973);
#2501=AXIS2_PLACEMENT_3D('',#3751,#2975,#2976);
#2502=AXIS2_PLACEMENT_3D('',#3755,#2978,#2979);
#2503=AXIS2_PLACEMENT_3D('',#3759,#2981,#2982);
#2504=AXIS2_PLACEMENT_3D('',#3763,#2984,#2985);
#2505=AXIS2_PLACEMENT_3D('',#3767,#2987,#2988);
#2506=AXIS2_PLACEMENT_3D('',#3771,#2990,#2991);
#2507=AXIS2_PLACEMENT_3D('',#3775,#2993,#2994);
#2508=AXIS2_PLACEMENT_3D('',#3779,#2996,#2997);
#2509=AXIS2_PLACEMENT_3D('',#3783,#2999,#3000);
#2510=AXIS2_PLACEMENT_3D('',#3787,#3002,#3003);
#2511=AXIS2_PLACEMENT_3D('',#3791,#3005,#3006);
#2512=AXIS2_PLACEMENT_3D('',#3795,#3008,#3009);
#2513=AXIS2_PLACEMENT_3D('',#3799,#3011,#3012);
#2514=AXIS2_PLACEMENT_3D('',#3803,#3014,#3015);
#2515=AXIS2_PLACEMENT_3D('',#3807,#3017,#3018);
#2516=AXIS2_PLACEMENT_3D('',#3811,#3020,#3021);
#2517=AXIS2_PLACEMENT_3D('',#3815,#3023,#3024);
#2518=AXIS2_PLACEMENT_3D('',#3819,#3026,#3027);
#2519=AXIS2_PLACEMENT_3D('',#3823,#3029,#3030);
#2520=AXIS2_PLACEMENT_3D('',#3827,#3032,#3033);
#2521=AXIS2_PLACEMENT_3D('',#3831,#3035,#3036);
#2522=AXIS2_PLACEMENT_3D('',#3834,#3038,#3039);
#2523=AXIS2_PLACEMENT_3D('',#3835,#3040,#3041);
#2524=AXIS2_PLACEMENT_3D('',#3838,#3044,#3045);
#2525=AXIS2_PLACEMENT_3D('',#3841,#3048,#3049);
#2526=AXIS2_PLACEMENT_3D('',#3844,#3052,#3053);
#2527=AXIS2_PLACEMENT_3D('',#3847,#3056,#3057);
#2528=AXIS2_PLACEMENT_3D('',#3850,#3060,#3061);
#2529=AXIS2_PLACEMENT_3D('',#3853,#3064,#3065);
#2530=AXIS2_PLACEMENT_3D('',#3856,#3068,#3069);
#2531=AXIS2_PLACEMENT_3D('',#3859,#3072,#3073);
#2532=AXIS2_PLACEMENT_3D('',#3862,#3076,#3077);
#2533=AXIS2_PLACEMENT_3D('',#3865,#3080,#3081);
#2534=AXIS2_PLACEMENT_3D('',#3868,#3084,#3085);
#2535=AXIS2_PLACEMENT_3D('',#3871,#3088,#3089);
#2536=AXIS2_PLACEMENT_3D('',#3874,#3092,#3093);
#2537=AXIS2_PLACEMENT_3D('',#3877,#3096,#3097);
#2538=AXIS2_PLACEMENT_3D('',#3880,#3100,#3101);
#2539=AXIS2_PLACEMENT_3D('',#3883,#3104,#3105);
#2540=AXIS2_PLACEMENT_3D('',#3886,#3108,#3109);
#2541=AXIS2_PLACEMENT_3D('',#3889,#3112,#3113);
#2542=AXIS2_PLACEMENT_3D('',#3892,#3116,#3117);
#2543=AXIS2_PLACEMENT_3D('',#3895,#3120,#3121);
#2544=AXIS2_PLACEMENT_3D('',#3898,#3124,#3125);
#2545=AXIS2_PLACEMENT_3D('',#3901,#3128,#3129);
#2546=AXIS2_PLACEMENT_3D('',#3904,#3132,#3133);
#2547=AXIS2_PLACEMENT_3D('',#3907,#3136,#3137);
#2548=AXIS2_PLACEMENT_3D('',#3909,#3139,#3140);
#2549=AXIS2_PLACEMENT_3D('',#3911,#3142,#3143);
#2550=AXIS2_PLACEMENT_3D('',#3913,#3145,#3146);
#2551=AXIS2_PLACEMENT_3D('',#3915,#3148,#3149);
#2552=AXIS2_PLACEMENT_3D('',#3917,#3151,#3152);
#2553=AXIS2_PLACEMENT_3D('',#3919,#3154,#3155);
#2554=AXIS2_PLACEMENT_3D('',#3920,#3156,#3157);
#2555=AXIS2_PLACEMENT_3D('',#3922,#3159,#3160);
#2556=AXIS2_PLACEMENT_3D('',#3924,#3162,#3163);
#2557=AXIS2_PLACEMENT_3D('',#3925,#3164,#3165);
#2558=AXIS2_PLACEMENT_3D('',#3927,#3167,#3168);
#2559=AXIS2_PLACEMENT_3D('',#3929,#3170,#3171);
#2560=AXIS2_PLACEMENT_3D('',#3930,#3172,#3173);
#2561=AXIS2_PLACEMENT_3D('',#3932,#3175,#3176);
#2562=AXIS2_PLACEMENT_3D('',#3934,#3178,#3179);
#2563=AXIS2_PLACEMENT_3D('',#3935,#3180,#3181);
#2564=AXIS2_PLACEMENT_3D('',#3937,#3183,#3184);
#2565=AXIS2_PLACEMENT_3D('',#3939,#3186,#3187);
#2566=AXIS2_PLACEMENT_3D('',#3940,#3188,#3189);
#2567=AXIS2_PLACEMENT_3D('',#3942,#3191,#3192);
#2568=AXIS2_PLACEMENT_3D('',#3944,#3194,#3195);
#2569=AXIS2_PLACEMENT_3D('',#3945,#3196,#3197);
#2570=AXIS2_PLACEMENT_3D('',#3947,#3199,#3200);
#2571=AXIS2_PLACEMENT_3D('',#3949,#3202,#3203);
#2572=AXIS2_PLACEMENT_3D('',#3950,#3204,#3205);
#2573=AXIS2_PLACEMENT_3D('',#3952,#3207,#3208);
#2574=AXIS2_PLACEMENT_3D('',#3954,#3210,#3211);
#2575=AXIS2_PLACEMENT_3D('',#3955,#3212,#3213);
#2576=AXIS2_PLACEMENT_3D('',#3957,#3215,#3216);
#2577=AXIS2_PLACEMENT_3D('',#3959,#3218,#3219);
#2578=AXIS2_PLACEMENT_3D('',#3960,#3220,#3221);
#2579=AXIS2_PLACEMENT_3D('',#3962,#3223,#3224);
#2580=AXIS2_PLACEMENT_3D('',#3964,#3226,#3227);
#2581=AXIS2_PLACEMENT_3D('',#3965,#3228,#3229);
#2582=AXIS2_PLACEMENT_3D('',#3967,#3231,#3232);
#2583=AXIS2_PLACEMENT_3D('',#3969,#3234,#3235);
#2584=AXIS2_PLACEMENT_3D('',#3970,#3236,#3237);
#2585=AXIS2_PLACEMENT_3D('',#3972,#3239,#3240);
#2586=AXIS2_PLACEMENT_3D('',#3974,#3242,#3243);
#2587=AXIS2_PLACEMENT_3D('',#3975,#3244,#3245);
#2588=AXIS2_PLACEMENT_3D('',#3977,#3247,#3248);
#2589=AXIS2_PLACEMENT_3D('',#3979,#3250,#3251);
#2590=AXIS2_PLACEMENT_3D('',#3980,#3252,#3253);
#2591=AXIS2_PLACEMENT_3D('',#3982,#3255,#3256);
#2592=AXIS2_PLACEMENT_3D('',#3984,#3258,#3259);
#2593=AXIS2_PLACEMENT_3D('',#3985,#3260,#3261);
#2594=AXIS2_PLACEMENT_3D('',#3987,#3263,#3264);
#2595=AXIS2_PLACEMENT_3D('',#3989,#3266,#3267);
#2596=AXIS2_PLACEMENT_3D('',#3990,#3268,#3269);
#2597=AXIS2_PLACEMENT_3D('',#3992,#3271,#3272);
#2598=AXIS2_PLACEMENT_3D('',#3994,#3274,#3275);
#2599=AXIS2_PLACEMENT_3D('',#3995,#3276,#3277);
#2600=AXIS2_PLACEMENT_3D('',#3997,#3279,#3280);
#2601=AXIS2_PLACEMENT_3D('',#3999,#3282,#3283);
#2602=AXIS2_PLACEMENT_3D('',#4000,#3284,#3285);
#2603=AXIS2_PLACEMENT_3D('',#4002,#3287,#3288);
#2604=AXIS2_PLACEMENT_3D('',#4004,#3290,#3291);
#2605=AXIS2_PLACEMENT_3D('',#4005,#3292,#3293);
#2606=AXIS2_PLACEMENT_3D('',#4007,#3295,#3296);
#2607=AXIS2_PLACEMENT_3D('',#4009,#3298,#3299);
#2608=AXIS2_PLACEMENT_3D('',#4010,#3300,#3301);
#2609=AXIS2_PLACEMENT_3D('',#4012,#3303,#3304);
#2610=AXIS2_PLACEMENT_3D('',#4014,#3306,#3307);
#2611=AXIS2_PLACEMENT_3D('',#4015,#3308,#3309);
#2612=AXIS2_PLACEMENT_3D('',#4017,#3311,#3312);
#2613=AXIS2_PLACEMENT_3D('',#4019,#3314,#3315);
#2614=AXIS2_PLACEMENT_3D('',#4020,#3316,#3317);
#2615=AXIS2_PLACEMENT_3D('',#4022,#3319,#3320);
#2616=AXIS2_PLACEMENT_3D('',#4024,#3322,#3323);
#2617=AXIS2_PLACEMENT_3D('',#4025,#3324,#3325);
#2618=AXIS2_PLACEMENT_3D('',#4027,#3327,#3328);
#2619=AXIS2_PLACEMENT_3D('',#4029,#3330,#3331);
#2620=AXIS2_PLACEMENT_3D('',#4030,#3332,#3333);
#2621=AXIS2_PLACEMENT_3D('',#4032,#3335,#3336);
#2622=AXIS2_PLACEMENT_3D('',#4034,#3338,#3339);
#2623=DIRECTION('axis',(0.,0.,1.));
#2624=DIRECTION('refdir',(1.,0.,0.));
#2625=DIRECTION('center_axis',(1.05591953896692E-15,1.,-1.94289029309359E-15));
#2626=DIRECTION('ref_axis',(-1.,1.01506105108586E-15,2.53765262771464E-15));
#2627=DIRECTION('center_axis',(-1.05591953896692E-15,-1.,1.94289029309359E-15));
#2628=DIRECTION('ref_axis',(-2.444006081642E-15,-1.94289029309359E-15,-1.));
#2629=DIRECTION('center_axis',(-1.05591953896692E-15,-1.,1.94289029309359E-15));
#2630=DIRECTION('ref_axis',(-2.444006081642E-15,-1.94289029309359E-15,-1.));
#2631=DIRECTION('center_axis',(2.53765262771465E-15,1.94289029309359E-15,
1.));
#2632=DIRECTION('ref_axis',(1.,-1.26882631385732E-15,-2.53765262771465E-15));
#2633=DIRECTION('center_axis',(1.05591953896692E-15,1.,-1.94289029309359E-15));
#2634=DIRECTION('ref_axis',(-2.444006081642E-15,-1.94289029309359E-15,-1.));
#2635=DIRECTION('center_axis',(1.05591953896692E-15,1.,-1.94289029309359E-15));
#2636=DIRECTION('ref_axis',(-1.,1.05591953896692E-15,2.50523842159937E-15));
#2637=DIRECTION('center_axis',(-1.05591953896692E-15,-1.,1.94289029309359E-15));
#2638=DIRECTION('ref_axis',(-2.50523842159937E-15,-1.94289029309359E-15,
-1.));
#2639=DIRECTION('center_axis',(-1.05591953896692E-15,-1.,1.94289029309359E-15));
#2640=DIRECTION('ref_axis',(-2.50523842159937E-15,-1.94289029309359E-15,
-1.));
#2641=DIRECTION('center_axis',(-1.05591953896692E-15,-1.,1.94289029309359E-15));
#2642=DIRECTION('ref_axis',(-2.50523842159937E-15,-1.94289029309359E-15,
-1.));
#2643=DIRECTION('center_axis',(-1.05591953896692E-15,-1.,1.94289029309359E-15));
#2644=DIRECTION('ref_axis',(-2.50523842159937E-15,-1.94289029309359E-15,
-1.));
#2645=DIRECTION('center_axis',(-1.05591953896692E-15,-1.,1.94289029309359E-15));
#2646=DIRECTION('ref_axis',(-2.50523842159937E-15,-1.94289029309359E-15,
-1.));
#2647=DIRECTION('center_axis',(-1.05591953896692E-15,-1.,1.94289029309359E-15));
#2648=DIRECTION('ref_axis',(-2.50523842159937E-15,-1.94289029309359E-15,
-1.));
#2649=DIRECTION('center_axis',(-1.05591953896692E-15,-1.,1.94289029309359E-15));
#2650=DIRECTION('ref_axis',(-2.50523842159937E-15,-1.94289029309359E-15,
-1.));
#2651=DIRECTION('center_axis',(-1.05591953896692E-15,-1.,1.94289029309359E-15));
#2652=DIRECTION('ref_axis',(-2.50523842159937E-15,-1.94289029309359E-15,
-1.));
#2653=DIRECTION('center_axis',(-1.05591953896692E-15,-1.,1.94289029309359E-15));
#2654=DIRECTION('ref_axis',(-2.50523842159937E-15,-1.94289029309359E-15,
-1.));
#2655=DIRECTION('center_axis',(-1.05591953896692E-15,-1.,1.94289029309359E-15));
#2656=DIRECTION('ref_axis',(1.,-1.05591953896692E-15,-2.50523842159937E-15));
#2657=DIRECTION('',(1.05591953896692E-15,1.,-1.94289029309359E-15));
#2658=DIRECTION('center_axis',(1.05591953896692E-15,1.,-1.94289029309359E-15));
#2659=DIRECTION('ref_axis',(-1.,1.05591953896692E-15,2.50523842159937E-15));
#2660=DIRECTION('center_axis',(1.05591953896692E-15,1.,-1.94289029309359E-15));
#2661=DIRECTION('ref_axis',(-1.,1.05591953896692E-15,2.50523842159937E-15));
#2662=DIRECTION('center_axis',(-1.05591953896692E-15,-1.,1.94289029309359E-15));
#2663=DIRECTION('ref_axis',(-2.50523842159937E-15,-1.94289029309359E-15,
-1.));
#2664=DIRECTION('center_axis',(1.05591953896692E-15,1.,-1.94289029309359E-15));
#2665=DIRECTION('ref_axis',(-2.50523842159937E-15,-1.94289029309359E-15,
-1.));
#2666=DIRECTION('',(-9.38227604387576E-16,0.707106781186544,-0.707106781186551));
#2667=DIRECTION('center_axis',(-1.05591953896692E-15,-1.,1.94289029309359E-15));
#2668=DIRECTION('ref_axis',(-2.50523842159937E-15,-1.94289029309359E-15,
-1.));
#2669=DIRECTION('center_axis',(-1.05591953896692E-15,-1.,1.94289029309359E-15));
#2670=DIRECTION('ref_axis',(-2.50523842159937E-15,-1.94289029309359E-15,
-1.));
#2671=DIRECTION('',(1.05591953896692E-15,1.,-1.94289029309359E-15));
#2672=DIRECTION('center_axis',(1.05591953896692E-15,1.,-1.94289029309359E-15));
#2673=DIRECTION('ref_axis',(-2.50523842159937E-15,-1.94289029309359E-15,
-1.));
#2674=DIRECTION('',(-2.60471454841643E-15,-0.707106781186547,-0.707106781186548));
#2675=DIRECTION('center_axis',(1.05591953896692E-15,1.,-1.94289029309359E-15));
#2676=DIRECTION('ref_axis',(-2.50523842159937E-15,-1.94289029309359E-15,
-1.));
#2677=DIRECTION('center_axis',(1.05591953896692E-15,1.,-1.94289029309359E-15));
#2678=DIRECTION('ref_axis',(-1.,1.05591953896692E-15,2.50523842159937E-15));
#2679=DIRECTION('center_axis',(-1.05591953896692E-15,-1.,1.94289029309359E-15));
#2680=DIRECTION('ref_axis',(-1.,1.05591953896692E-15,2.50523842159937E-15));
#2681=DIRECTION('center_axis',(1.05591953896692E-15,1.,-1.94289029309359E-15));
#2682=DIRECTION('ref_axis',(-2.50523842159937E-15,-1.94289029309359E-15,
-1.));
#2683=DIRECTION('center_axis',(1.05591953896692E-15,1.,-1.94289029309359E-15));
#2684=DIRECTION('ref_axis',(-2.50523842159937E-15,-1.94289029309359E-15,
-1.));
#2685=DIRECTION('center_axis',(1.05591953896692E-15,1.,-1.94289029309359E-15));
#2686=DIRECTION('ref_axis',(-2.50523842159937E-15,-1.94289029309359E-15,
-1.));
#2687=DIRECTION('center_axis',(1.05591953896692E-15,1.,-1.94289029309359E-15));
#2688=DIRECTION('ref_axis',(-2.50523842159937E-15,-1.94289029309359E-15,
-1.));
#2689=DIRECTION('center_axis',(1.05591953896692E-15,1.,-1.94289029309359E-15));
#2690=DIRECTION('ref_axis',(-2.50523842159937E-15,-1.94289029309359E-15,
-1.));
#2691=DIRECTION('center_axis',(1.05591953896692E-15,1.,-1.94289029309359E-15));
#2692=DIRECTION('ref_axis',(-2.50523842159937E-15,-1.94289029309359E-15,
-1.));
#2693=DIRECTION('center_axis',(1.05591953896692E-15,1.,-1.94289029309359E-15));
#2694=DIRECTION('ref_axis',(-2.50523842159937E-15,-1.94289029309359E-15,
-1.));
#2695=DIRECTION('center_axis',(1.05591953896692E-15,1.,-1.94289029309359E-15));
#2696=DIRECTION('ref_axis',(-2.50523842159937E-15,-1.94289029309359E-15,
-1.));
#2697=DIRECTION('center_axis',(-1.05591953896692E-15,-1.,1.94289029309359E-15));
#2698=DIRECTION('ref_axis',(-1.,1.05591953896692E-15,2.50523842159937E-15));
#2699=DIRECTION('center_axis',(1.05591953896692E-15,1.,-1.94289029309359E-15));
#2700=DIRECTION('ref_axis',(-1.,1.05591953896692E-15,2.50523842159937E-15));
#2701=DIRECTION('',(0.707106781186548,-0.707106781186547,-3.11044569430455E-16));
#2702=DIRECTION('center_axis',(1.05591953896692E-15,1.,-1.94289029309359E-15));
#2703=DIRECTION('ref_axis',(-1.,1.05591953896692E-15,2.50523842159937E-15));
#2704=DIRECTION('',(1.05591953896692E-15,1.,-1.94289029309359E-15));
#2705=DIRECTION('center_axis',(1.05591953896692E-15,1.,-1.94289029309359E-15));
#2706=DIRECTION('ref_axis',(-1.,1.05591953896692E-15,2.50523842159937E-15));
#2707=DIRECTION('center_axis',(-1.05591953896692E-15,-1.,1.94289029309359E-15));
#2708=DIRECTION('ref_axis',(-2.50523842159937E-15,-1.94289029309359E-15,
-1.));
#2709=DIRECTION('',(-1.05591953896692E-15,-1.,1.94289029309359E-15));
#2710=DIRECTION('center_axis',(-1.05591953896692E-15,-1.,1.94289029309359E-15));
#2711=DIRECTION('ref_axis',(-2.50523842159937E-15,-1.94289029309359E-15,
-1.));
#2712=DIRECTION('',(-1.05591953896692E-15,-1.,1.94289029309359E-15));
#2713=DIRECTION('center_axis',(-1.05591953896692E-15,-1.,1.94289029309359E-15));
#2714=DIRECTION('ref_axis',(-2.50523842159937E-15,-1.94289029309359E-15,
-1.));
#2715=DIRECTION('',(-1.05591953896692E-15,-1.,1.94289029309359E-15));
#2716=DIRECTION('center_axis',(-1.05591953896692E-15,-1.,1.94289029309359E-15));
#2717=DIRECTION('ref_axis',(-2.50523842159937E-15,-1.94289029309359E-15,
-1.));
#2718=DIRECTION('',(-1.05591953896692E-15,-1.,1.94289029309359E-15));
#2719=DIRECTION('center_axis',(-1.05591953896692E-15,-1.,1.94289029309359E-15));
#2720=DIRECTION('ref_axis',(-2.50523842159937E-15,-1.94289029309359E-15,
-1.));
#2721=DIRECTION('',(-1.05591953896692E-15,-1.,1.94289029309359E-15));
#2722=DIRECTION('center_axis',(-1.05591953896692E-15,-1.,1.94289029309359E-15));
#2723=DIRECTION('ref_axis',(-2.50523842159937E-15,-1.94289029309359E-15,
-1.));
#2724=DIRECTION('',(-1.05591953896692E-15,-1.,1.94289029309359E-15));
#2725=DIRECTION('center_axis',(-1.05591953896692E-15,-1.,1.94289029309359E-15));
#2726=DIRECTION('ref_axis',(-2.50523842159937E-15,-1.94289029309359E-15,
-1.));
#2727=DIRECTION('',(-1.05591953896692E-15,-1.,1.94289029309359E-15));
#2728=DIRECTION('center_axis',(-1.05591953896692E-15,-1.,1.94289029309359E-15));
#2729=DIRECTION('ref_axis',(-2.50523842159937E-15,-1.94289029309359E-15,
-1.));
#2730=DIRECTION('',(-1.05591953896692E-15,-1.,1.94289029309359E-15));
#2731=DIRECTION('center_axis',(1.05591953896692E-15,1.,-1.94289029309359E-15));
#2732=DIRECTION('ref_axis',(-1.,1.05591953896692E-15,2.50523842159937E-15));
#2733=DIRECTION('center_axis',(1.05591953896692E-15,1.,-1.94289029309359E-15));
#2734=DIRECTION('ref_axis',(-1.,1.05591953896692E-15,2.50523842159937E-15));
#2735=DIRECTION('',(0.780430407338332,3.90706171910234E-16,0.625242656335702));
#2736=DIRECTION('center_axis',(1.05591953896692E-15,1.,-1.94289029309359E-15));
#2737=DIRECTION('ref_axis',(-0.876306680043862,1.86130388265994E-15,0.481753674101718));
#2738=DIRECTION('',(0.10973431109105,1.81528648889179E-15,0.993960955455179));
#2739=DIRECTION('center_axis',(1.05591953896692E-15,1.,-1.94289029309359E-15));
#2740=DIRECTION('ref_axis',(-1.,1.05591953896692E-15,2.50523842159937E-15));
#2741=DIRECTION('',(0.911403276635447,-1.62841274875345E-16,0.411514358605105));
#2742=DIRECTION('center_axis',(1.05591953896692E-15,1.,-1.94289029309359E-15));
#2743=DIRECTION('ref_axis',(-0.728968627421409,2.09973214426233E-15,0.684547105928692));
#2744=DIRECTION('',(0.353474843779261,1.44422413315189E-15,0.935444030829866));
#2745=DIRECTION('center_axis',(1.05591953896692E-15,1.,-1.94289029309359E-15));
#2746=DIRECTION('ref_axis',(-1.,1.05591953896692E-15,2.50523842159937E-15));
#2747=DIRECTION('',(0.985109326154775,-7.06156805472187E-16,0.171929100279406));
#2748=DIRECTION('center_axis',(1.05591953896692E-15,1.,-1.94289029309359E-15));
#2749=DIRECTION('ref_axis',(-0.535826794978993,2.20622651296606E-15,0.844327925502017));
#2750=DIRECTION('',(0.575005252043283,9.82415863641238E-16,0.81814971742502));
#2751=DIRECTION('center_axis',(1.05591953896692E-15,1.,-1.94289029309359E-15));
#2752=DIRECTION('ref_axis',(-1.,1.05591953896692E-15,2.50523842159937E-15));
#2753=DIRECTION('',(0.996917333733128,-1.20510190691815E-15,-0.07845909572785));
#2754=DIRECTION('center_axis',(1.05591953896692E-15,1.,-1.94289029309359E-15));
#2755=DIRECTION('ref_axis',(-0.309016994374942,2.17409555592659E-15,0.951056516295155));
#2756=DIRECTION('',(0.760405965600035,4.58878792345201E-16,0.649448048330179));
#2757=DIRECTION('center_axis',(1.05591953896692E-15,1.,-1.94289029309359E-15));
#2758=DIRECTION('ref_axis',(-1.,1.05591953896692E-15,2.50523842159937E-15));
#2759=DIRECTION('',(0.946085358827544,-1.62832602349766E-15,-0.323917418198155));
#2760=DIRECTION('center_axis',(1.05591953896692E-15,1.,-1.94289029309359E-15));
#2761=DIRECTION('ref_axis',(-0.0627905195293075,2.00535817934412E-15,0.998026728428272));
#2762=DIRECTION('',(0.898027575760618,-9.34913211120294E-17,0.43993916985591));
#2763=DIRECTION('center_axis',(1.05591953896692E-15,1.,-1.94289029309359E-15));
#2764=DIRECTION('ref_axis',(-1.,1.05591953896692E-15,2.50523842159937E-15));
#2765=DIRECTION('',(0.835807361368267,-1.9492364274566E-15,-0.549022817998137));
#2766=DIRECTION('center_axis',(1.05591953896692E-15,1.,-1.94289029309359E-15));
#2767=DIRECTION('ref_axis',(0.187381314585731,1.71061677316198E-15,0.982287250728687));
#2768=DIRECTION('',(0.979222810621767,-6.39987031026766E-16,0.202787295356505));
#2769=DIRECTION('center_axis',(1.05591953896692E-15,1.,-1.94289029309359E-15));
#2770=DIRECTION('ref_axis',(-1.,1.05591953896692E-15,2.50523842159937E-15));
#2771=DIRECTION('',(0.673012513509768,-2.14766913788833E-15,-0.739631094978614));
#2772=DIRECTION('center_axis',(1.05591953896692E-15,1.,-1.94289029309359E-15));
#2773=DIRECTION('ref_axis',(0.425779291565079,1.30839102391365E-15,0.904827052466016));
#2774=DIRECTION('',(0.99888987496197,-1.14627000207443E-15,-0.04710645070965));
#2775=DIRECTION('center_axis',(1.05591953896692E-15,1.,-1.94289029309359E-15));
#2776=DIRECTION('ref_axis',(-1.,1.05591953896692E-15,2.50523842159937E-15));
#2777=DIRECTION('',(0.467929814260567,-2.21115589781196E-15,-0.883765630088697));
#2778=DIRECTION('center_axis',(1.05591953896692E-15,1.,-1.94289029309359E-15));
#2779=DIRECTION('ref_axis',(0.637423989748696,8.23954254707241E-16,0.770513242775784));
#2780=DIRECTION('',(0.955793014798328,-1.58052861320559E-15,-0.294040325232311));
#2781=DIRECTION('center_axis',(1.05591953896692E-15,1.,-1.94289029309359E-15));
#2782=DIRECTION('ref_axis',(-1.,1.05591953896692E-15,2.50523842159937E-15));
#2783=DIRECTION('',(0.233445363855898,-2.13570760061352E-15,-0.972369920397678));
#2784=DIRECTION('center_axis',(1.05591953896692E-15,1.,-1.94289029309359E-15));
#2785=DIRECTION('ref_axis',(0.809016994374952,2.87745409385802E-16,0.587785252292467));
#2786=DIRECTION('',(0.852640164354088,-1.91547679879141E-15,-0.522498564715956));
#2787=DIRECTION('center_axis',(1.05591953896692E-15,1.,-1.94289029309359E-15));
#2788=DIRECTION('ref_axis',(-1.,1.05591953896692E-15,2.50523842159937E-15));
#2789=DIRECTION('',(-0.0157073173118294,-1.92606494028541E-15,-0.99987663248166));
#2790=DIRECTION('center_axis',(1.05591953896692E-15,1.,-1.94289029309359E-15));
#2791=DIRECTION('ref_axis',(0.929776485888255,-2.66543538260941E-16,0.36812455268467));
#2792=DIRECTION('',(0.695912796592308,-2.13006853247828E-15,-0.718126297763195));
#2793=DIRECTION('center_axis',(1.05591953896692E-15,1.,-1.94289029309359E-15));
#2794=DIRECTION('ref_axis',(-1.,1.05591953896692E-15,2.50523842159937E-15));
#2795=DIRECTION('',(-0.263873049965382,-1.59540053618782E-15,-0.964557418457796));
#2796=DIRECTION('center_axis',(1.05591953896692E-15,1.,-1.94289029309359E-15));
#2797=DIRECTION('ref_axis',(0.992114701314479,-8.04084575120183E-16,0.125333233564295));
#2798=DIRECTION('',(0.495458668432399,-2.21082022642546E-15,-0.868631514438196));
#2799=DIRECTION('center_axis',(1.05591953896692E-15,1.,-1.94289029309359E-15));
#2800=DIRECTION('ref_axis',(-1.,1.05591953896692E-15,2.50523842159937E-15));
#2801=DIRECTION('',(-0.495458668432415,-1.16449124892882E-15,-0.868631514438187));
#2802=DIRECTION('center_axis',(1.05591953896692E-15,1.,-1.94289029309359E-15));
#2803=DIRECTION('ref_axis',(0.992114701314477,-1.29110202090842E-15,-0.125333233564314));
#2804=DIRECTION('',(0.263873049965364,-2.15265795471829E-15,-0.964557418457801));
#2805=DIRECTION('center_axis',(1.05591953896692E-15,1.,-1.94289029309359E-15));
#2806=DIRECTION('ref_axis',(-1.,1.05591953896692E-15,2.50523842159937E-15));
#2807=DIRECTION('',(-0.695912796592321,-6.60412693800383E-16,-0.718126297763182));
#2808=DIRECTION('center_axis',(1.05591953896692E-15,1.,-1.94289029309359E-15));
#2809=DIRECTION('ref_axis',(0.929776485888248,-1.6969947783819E-15,-0.368124552684687));
#2810=DIRECTION('',(0.01570731731181,-1.95923626679402E-15,-0.999876632481661));
#2811=DIRECTION('center_axis',(1.05591953896692E-15,1.,-1.94289029309359E-15));
#2812=DIRECTION('ref_axis',(-1.,1.05591953896692E-15,2.50523842159937E-15));
#2813=DIRECTION('',(-0.852640164354098,-1.14837980292478E-16,-0.52249856471594));
#2814=DIRECTION('center_axis',(1.05591953896692E-15,1.,-1.94289029309359E-15));
#2815=DIRECTION('ref_axis',(0.809016994374941,-1.99625911281942E-15,-0.587785252292482));
#2816=DIRECTION('',(-0.233445363855917,-1.64270855866013E-15,-0.972369920397674));
#2817=DIRECTION('center_axis',(1.05591953896692E-15,1.,-1.94289029309359E-15));
#2818=DIRECTION('ref_axis',(-1.,1.05591953896692E-15,2.50523842159937E-15));
#2819=DIRECTION('',(-0.955793014798334,4.37952425861751E-16,-0.294040325232293));
#2820=DIRECTION('center_axis',(1.05591953896692E-15,1.,-1.94289029309359E-15));
#2821=DIRECTION('ref_axis',(0.637423989748681,-2.17009114547104E-15,-0.770513242775796));
#2822=DIRECTION('',(-0.467929814260584,-1.22296343032614E-15,-0.883765630088688));
#2823=DIRECTION('center_axis',(1.05591953896692E-15,1.,-1.94289029309359E-15));
#2824=DIRECTION('ref_axis',(-1.,1.05591953896692E-15,2.50523842159937E-15));
#2825=DIRECTION('',(-0.998889874961971,9.6322467042273E-16,-0.047106450709631));
#2826=DIRECTION('center_axis',(1.05591953896692E-15,1.,-1.94289029309359E-15));
#2827=DIRECTION('ref_axis',(0.425779291565062,-2.20756837041576E-15,-0.904827052466025));
#2828=DIRECTION('',(-0.673012513509783,-7.26375011919893E-16,-0.739631094978601));
#2829=DIRECTION('center_axis',(1.05591953896692E-15,1.,-1.94289029309359E-15));
#2830=DIRECTION('ref_axis',(-1.,1.05591953896692E-15,2.50523842159937E-15));
#2831=DIRECTION('',(-0.979222810621763,1.42797396644851E-15,0.202787295356524));
#2832=DIRECTION('center_axis',(1.05591953896692E-15,1.,-1.94289029309359E-15));
#2833=DIRECTION('ref_axis',(0.187381314585713,-2.10633595577872E-15,-0.982287250728691));
#2834=DIRECTION('',(-0.835807361368277,-1.84145780094292E-16,-0.549022817998121));
#2835=DIRECTION('center_axis',(1.05591953896692E-15,1.,-1.94289029309359E-15));
#2836=DIRECTION('ref_axis',(-1.,1.05591953896692E-15,2.50523842159937E-15));
#2837=DIRECTION('',(-0.89802757576061,1.80299840644145E-15,0.439939169855927));
#2838=DIRECTION('center_axis',(1.05591953896692E-15,1.,-1.94289029309359E-15));
#2839=DIRECTION('ref_axis',(-0.0627905195293269,-1.87275470647834E-15,-0.998026728428271));
#2840=DIRECTION('',(-0.94608535882755,3.69654008335439E-16,-0.323917418198137));
#2841=DIRECTION('center_axis',(1.05591953896692E-15,1.,-1.94289029309359E-15));
#2842=DIRECTION('ref_axis',(-1.,1.05591953896692E-15,2.50523842159937E-15));
#2843=DIRECTION('',(-0.760405965600022,2.06473382559338E-15,0.649448048330194));
#2844=DIRECTION('center_axis',(1.05591953896692E-15,1.,-1.94289029309359E-15));
#2845=DIRECTION('ref_axis',(-0.30901699437496,-1.5215013914599E-15,-0.951056516295149));
#2846=DIRECTION('',(-0.996917333733129,9.00227075929109E-16,-0.0784590957278309));
#2847=DIRECTION('center_axis',(1.05591953896692E-15,1.,-1.94289029309359E-15));
#2848=DIRECTION('ref_axis',(-1.,1.05591953896692E-15,2.50523842159937E-15));
#2849=DIRECTION('',(-0.575005252043267,2.19673442492344E-15,0.818149717425032));
#2850=DIRECTION('center_axis',(1.05591953896692E-15,1.,-1.94289029309359E-15));
#2851=DIRECTION('ref_axis',(-0.535826794979009,-1.07464654832534E-15,-0.844327925502007));
#2852=DIRECTION('',(-0.985109326154771,1.37423556553856E-15,0.171929100279423));
#2853=DIRECTION('center_axis',(1.05591953896692E-15,1.,-1.94289029309359E-15));
#2854=DIRECTION('ref_axis',(-1.,1.05591953896692E-15,2.50523842159937E-15));
#2855=DIRECTION('',(-0.353474843779243,2.19070612131148E-15,0.935444030829873));
#2856=DIRECTION('center_axis',(1.05591953896692E-15,1.,-1.94289029309359E-15));
#2857=DIRECTION('ref_axis',(-0.728968627421422,-5.60267710285964E-16,-0.684547105928678));
#2858=DIRECTION('',(-0.911403276635439,1.76189578048036E-15,0.411514358605123));
#2859=DIRECTION('center_axis',(1.05591953896692E-15,1.,-1.94289029309359E-15));
#2860=DIRECTION('ref_axis',(-1.,1.05591953896692E-15,2.50523842159937E-15));
#2861=DIRECTION('',(-0.10973431109103,2.04702769524399E-15,0.993960955455181));
#2862=DIRECTION('center_axis',(1.05591953896692E-15,1.,-1.94289029309359E-15));
#2863=DIRECTION('ref_axis',(-0.876306680043871,-1.06851914888164E-17,-0.481753674101702));
#2864=DIRECTION('',(-0.780430407338319,2.03884960373516E-15,0.625242656335718));
#2865=DIRECTION('center_axis',(1.05591953896692E-15,1.,-1.94289029309359E-15));
#2866=DIRECTION('ref_axis',(-1.,1.05591953896692E-15,2.50523842159937E-15));
#2867=DIRECTION('',(0.140901231937598,1.77472699064309E-15,0.990023657716555));
#2868=DIRECTION('center_axis',(1.05591953896692E-15,1.,-1.94289029309359E-15));
#2869=DIRECTION('ref_axis',(-0.968583161128635,5.39568717186959E-16,-0.24868988716484));
#2870=DIRECTION('',(-0.600420225325871,2.18769500802296E-15,0.7996846584871));
#2871=DIRECTION('center_axis',(1.05591953896692E-15,1.,-1.94289029309359E-15));
#2872=DIRECTION('ref_axis',(-1.,1.05591953896692E-15,2.50523842159937E-15));
#2873=DIRECTION('',(0.382683432365092,1.3909136622308E-15,0.923879532511286));
#2874=DIRECTION('center_axis',(1.05591953896692E-15,1.,-1.94289029309359E-15));
#2875=DIRECTION('ref_axis',(-1.,1.05591953896692E-15,2.50523842159937E-15));
#2876=DIRECTION('',(-0.382683432365088,2.19907948917725E-15,0.923879532511288));
#2877=DIRECTION('center_axis',(1.05591953896692E-15,1.,-1.94289029309359E-15));
#2878=DIRECTION('ref_axis',(-1.,1.05591953896692E-15,2.50523842159937E-15));
#2879=DIRECTION('',(0.600420225325886,9.19704112997907E-16,0.799684658487089));
#2880=DIRECTION('center_axis',(1.05591953896692E-15,1.,-1.94289029309359E-15));
#2881=DIRECTION('ref_axis',(-0.96858316112863,1.5059230527132E-15,0.248689887164857));
#2882=DIRECTION('',(-0.14090123193758,2.07228771837791E-15,0.990023657716558));
#2883=DIRECTION('center_axis',(-1.05591953896692E-15,-1.,1.94289029309359E-15));
#2884=DIRECTION('ref_axis',(-1.,1.05591953896692E-15,2.50523842159937E-15));
#2885=DIRECTION('',(-0.707106781186548,0.707106781186547,3.11044569430455E-16));
#2886=DIRECTION('center_axis',(-1.05591953896692E-15,-1.,1.94289029309359E-15));
#2887=DIRECTION('ref_axis',(-1.,1.05591953896692E-15,2.50523842159937E-15));
#2888=DIRECTION('center_axis',(1.05591953896692E-15,1.,-1.94289029309359E-15));
#2889=DIRECTION('ref_axis',(-1.,1.05591953896692E-15,2.50523842159937E-15));
#2890=DIRECTION('',(0.01570731731181,-1.95923626679402E-15,-0.999876632481661));
#2891=DIRECTION('center_axis',(1.05591953896692E-15,1.,-1.94289029309359E-15));
#2892=DIRECTION('ref_axis',(-1.,1.05591953896692E-15,2.50523842159937E-15));
#2893=DIRECTION('',(-0.695912796592321,-6.60412693800383E-16,-0.718126297763182));
#2894=DIRECTION('center_axis',(1.05591953896692E-15,1.,-1.94289029309359E-15));
#2895=DIRECTION('ref_axis',(-1.,1.05591953896692E-15,2.50523842159937E-15));
#2896=DIRECTION('',(0.263873049965364,-2.15265795471829E-15,-0.964557418457801));
#2897=DIRECTION('center_axis',(1.05591953896692E-15,1.,-1.94289029309359E-15));
#2898=DIRECTION('ref_axis',(-1.,1.05591953896692E-15,2.50523842159937E-15));
#2899=DIRECTION('',(-0.495458668432415,-1.16449124892882E-15,-0.868631514438187));
#2900=DIRECTION('center_axis',(1.05591953896692E-15,1.,-1.94289029309359E-15));
#2901=DIRECTION('ref_axis',(-1.,1.05591953896692E-15,2.50523842159937E-15));
#2902=DIRECTION('',(0.495458668432399,-2.21082022642546E-15,-0.868631514438196));
#2903=DIRECTION('center_axis',(1.05591953896692E-15,1.,-1.94289029309359E-15));
#2904=DIRECTION('ref_axis',(-1.,1.05591953896692E-15,2.50523842159937E-15));
#2905=DIRECTION('',(-0.263873049965382,-1.59540053618782E-15,-0.964557418457796));
#2906=DIRECTION('center_axis',(1.05591953896692E-15,1.,-1.94289029309359E-15));
#2907=DIRECTION('ref_axis',(-1.,1.05591953896692E-15,2.50523842159937E-15));
#2908=DIRECTION('',(0.695912796592308,-2.13006853247828E-15,-0.718126297763195));
#2909=DIRECTION('center_axis',(1.05591953896692E-15,1.,-1.94289029309359E-15));
#2910=DIRECTION('ref_axis',(-1.,1.05591953896692E-15,2.50523842159937E-15));
#2911=DIRECTION('',(-0.0157073173118294,-1.92606494028541E-15,-0.99987663248166));
#2912=DIRECTION('center_axis',(1.05591953896692E-15,1.,-1.94289029309359E-15));
#2913=DIRECTION('ref_axis',(-1.,1.05591953896692E-15,2.50523842159937E-15));
#2914=DIRECTION('',(0.852640164354088,-1.91547679879141E-15,-0.522498564715956));
#2915=DIRECTION('center_axis',(1.05591953896692E-15,1.,-1.94289029309359E-15));
#2916=DIRECTION('ref_axis',(-1.,1.05591953896692E-15,2.50523842159937E-15));
#2917=DIRECTION('',(0.233445363855898,-2.13570760061352E-15,-0.972369920397678));
#2918=DIRECTION('center_axis',(1.05591953896692E-15,1.,-1.94289029309359E-15));
#2919=DIRECTION('ref_axis',(-1.,1.05591953896692E-15,2.50523842159937E-15));
#2920=DIRECTION('',(0.955793014798328,-1.58052861320559E-15,-0.294040325232311));
#2921=DIRECTION('center_axis',(1.05591953896692E-15,1.,-1.94289029309359E-15));
#2922=DIRECTION('ref_axis',(-1.,1.05591953896692E-15,2.50523842159937E-15));
#2923=DIRECTION('',(0.467929814260567,-2.21115589781196E-15,-0.883765630088697));
#2924=DIRECTION('center_axis',(1.05591953896692E-15,1.,-1.94289029309359E-15));
#2925=DIRECTION('ref_axis',(-1.,1.05591953896692E-15,2.50523842159937E-15));
#2926=DIRECTION('',(0.99888987496197,-1.14627000207443E-15,-0.04710645070965));
#2927=DIRECTION('center_axis',(1.05591953896692E-15,1.,-1.94289029309359E-15));
#2928=DIRECTION('ref_axis',(-1.,1.05591953896692E-15,2.50523842159937E-15));
#2929=DIRECTION('',(0.673012513509768,-2.14766913788833E-15,-0.739631094978614));
#2930=DIRECTION('center_axis',(1.05591953896692E-15,1.,-1.94289029309359E-15));
#2931=DIRECTION('ref_axis',(-1.,1.05591953896692E-15,2.50523842159937E-15));
#2932=DIRECTION('',(0.979222810621767,-6.39987031026766E-16,0.202787295356505));
#2933=DIRECTION('center_axis',(1.05591953896692E-15,1.,-1.94289029309359E-15));
#2934=DIRECTION('ref_axis',(-1.,1.05591953896692E-15,2.50523842159937E-15));
#2935=DIRECTION('',(0.835807361368267,-1.9492364274566E-15,-0.549022817998137));
#2936=DIRECTION('center_axis',(1.05591953896692E-15,1.,-1.94289029309359E-15));
#2937=DIRECTION('ref_axis',(-1.,1.05591953896692E-15,2.50523842159937E-15));
#2938=DIRECTION('',(0.898027575760618,-9.34913211120293E-17,0.43993916985591));
#2939=DIRECTION('center_axis',(1.05591953896692E-15,1.,-1.94289029309359E-15));
#2940=DIRECTION('ref_axis',(-1.,1.05591953896692E-15,2.50523842159937E-15));
#2941=DIRECTION('',(0.946085358827544,-1.62832602349766E-15,-0.323917418198155));
#2942=DIRECTION('center_axis',(1.05591953896692E-15,1.,-1.94289029309359E-15));
#2943=DIRECTION('ref_axis',(-1.,1.05591953896692E-15,2.50523842159937E-15));
#2944=DIRECTION('',(0.760405965600035,4.58878792345201E-16,0.649448048330179));
#2945=DIRECTION('center_axis',(1.05591953896692E-15,1.,-1.94289029309359E-15));
#2946=DIRECTION('ref_axis',(-1.,1.05591953896692E-15,2.50523842159937E-15));
#2947=DIRECTION('',(0.996917333733128,-1.20510190691815E-15,-0.07845909572785));
#2948=DIRECTION('center_axis',(1.05591953896692E-15,1.,-1.94289029309359E-15));
#2949=DIRECTION('ref_axis',(-1.,1.05591953896692E-15,2.50523842159937E-15));
#2950=DIRECTION('',(0.575005252043283,9.82415863641238E-16,0.81814971742502));
#2951=DIRECTION('center_axis',(1.05591953896692E-15,1.,-1.94289029309359E-15));
#2952=DIRECTION('ref_axis',(-1.,1.05591953896692E-15,2.50523842159937E-15));
#2953=DIRECTION('',(0.985109326154775,-7.06156805472187E-16,0.171929100279406));
#2954=DIRECTION('center_axis',(1.05591953896692E-15,1.,-1.94289029309359E-15));
#2955=DIRECTION('ref_axis',(-1.,1.05591953896692E-15,2.50523842159937E-15));
#2956=DIRECTION('',(0.353474843779261,1.44422413315189E-15,0.935444030829866));
#2957=DIRECTION('center_axis',(1.05591953896692E-15,1.,-1.94289029309359E-15));
#2958=DIRECTION('ref_axis',(-1.,1.05591953896692E-15,2.50523842159937E-15));
#2959=DIRECTION('',(0.911403276635447,-1.62841274875345E-16,0.411514358605105));
#2960=DIRECTION('center_axis',(1.05591953896692E-15,1.,-1.94289029309359E-15));
#2961=DIRECTION('ref_axis',(-1.,1.05591953896692E-15,2.50523842159937E-15));
#2962=DIRECTION('',(0.10973431109105,1.81528648889179E-15,0.993960955455179));
#2963=DIRECTION('center_axis',(1.05591953896692E-15,1.,-1.94289029309359E-15));
#2964=DIRECTION('ref_axis',(-1.,1.05591953896692E-15,2.50523842159937E-15));
#2965=DIRECTION('',(0.780430407338332,3.90706171910234E-16,0.625242656335702));
#2966=DIRECTION('center_axis',(1.05591953896692E-15,1.,-1.94289029309359E-15));
#2967=DIRECTION('ref_axis',(-1.,1.05591953896692E-15,2.50523842159937E-15));
#2968=DIRECTION('',(-0.14090123193758,2.07228771837791E-15,0.990023657716558));
#2969=DIRECTION('center_axis',(1.05591953896692E-15,1.,-1.94289029309359E-15));
#2970=DIRECTION('ref_axis',(-1.,1.05591953896692E-15,2.50523842159937E-15));
#2971=DIRECTION('',(0.600420225325886,9.19704112997907E-16,0.799684658487089));
#2972=DIRECTION('center_axis',(1.05591953896692E-15,1.,-1.94289029309359E-15));
#2973=DIRECTION('ref_axis',(-1.,1.05591953896692E-15,2.50523842159937E-15));
#2974=DIRECTION('',(-0.382683432365088,2.19907948917725E-15,0.923879532511288));
#2975=DIRECTION('center_axis',(1.05591953896692E-15,1.,-1.94289029309359E-15));
#2976=DIRECTION('ref_axis',(-1.,1.05591953896692E-15,2.50523842159937E-15));
#2977=DIRECTION('',(0.382683432365092,1.3909136622308E-15,0.923879532511286));
#2978=DIRECTION('center_axis',(1.05591953896692E-15,1.,-1.94289029309359E-15));
#2979=DIRECTION('ref_axis',(-1.,1.05591953896692E-15,2.50523842159937E-15));
#2980=DIRECTION('',(-0.600420225325871,2.18769500802296E-15,0.7996846584871));
#2981=DIRECTION('center_axis',(1.05591953896692E-15,1.,-1.94289029309359E-15));
#2982=DIRECTION('ref_axis',(-1.,1.05591953896692E-15,2.50523842159937E-15));
#2983=DIRECTION('',(0.140901231937598,1.77472699064309E-15,0.990023657716555));
#2984=DIRECTION('center_axis',(1.05591953896692E-15,1.,-1.94289029309359E-15));
#2985=DIRECTION('ref_axis',(-1.,1.05591953896692E-15,2.50523842159937E-15));
#2986=DIRECTION('',(-0.780430407338319,2.03884960373516E-15,0.625242656335718));
#2987=DIRECTION('center_axis',(1.05591953896692E-15,1.,-1.94289029309359E-15));
#2988=DIRECTION('ref_axis',(-1.,1.05591953896692E-15,2.50523842159937E-15));
#2989=DIRECTION('',(-0.10973431109103,2.04702769524399E-15,0.993960955455181));
#2990=DIRECTION('center_axis',(1.05591953896692E-15,1.,-1.94289029309359E-15));
#2991=DIRECTION('ref_axis',(-1.,1.05591953896692E-15,2.50523842159937E-15));
#2992=DIRECTION('',(-0.911403276635439,1.76189578048036E-15,0.411514358605123));
#2993=DIRECTION('center_axis',(1.05591953896692E-15,1.,-1.94289029309359E-15));
#2994=DIRECTION('ref_axis',(-1.,1.05591953896692E-15,2.50523842159937E-15));
#2995=DIRECTION('',(-0.353474843779243,2.19070612131148E-15,0.935444030829873));
#2996=DIRECTION('center_axis',(1.05591953896692E-15,1.,-1.94289029309359E-15));
#2997=DIRECTION('ref_axis',(-1.,1.05591953896692E-15,2.50523842159937E-15));
#2998=DIRECTION('',(-0.985109326154771,1.37423556553856E-15,0.171929100279423));
#2999=DIRECTION('center_axis',(1.05591953896692E-15,1.,-1.94289029309359E-15));
#3000=DIRECTION('ref_axis',(-1.,1.05591953896692E-15,2.50523842159937E-15));
#3001=DIRECTION('',(-0.575005252043267,2.19673442492344E-15,0.818149717425032));
#3002=DIRECTION('center_axis',(1.05591953896692E-15,1.,-1.94289029309359E-15));
#3003=DIRECTION('ref_axis',(-1.,1.05591953896692E-15,2.50523842159937E-15));
#3004=DIRECTION('',(-0.996917333733129,9.00227075929109E-16,-0.0784590957278309));
#3005=DIRECTION('center_axis',(1.05591953896692E-15,1.,-1.94289029309359E-15));
#3006=DIRECTION('ref_axis',(-1.,1.05591953896692E-15,2.50523842159937E-15));
#3007=DIRECTION('',(-0.760405965600022,2.06473382559338E-15,0.649448048330194));
#3008=DIRECTION('center_axis',(1.05591953896692E-15,1.,-1.94289029309359E-15));
#3009=DIRECTION('ref_axis',(-1.,1.05591953896692E-15,2.50523842159937E-15));
#3010=DIRECTION('',(-0.94608535882755,3.69654008335439E-16,-0.323917418198137));
#3011=DIRECTION('center_axis',(1.05591953896692E-15,1.,-1.94289029309359E-15));
#3012=DIRECTION('ref_axis',(-1.,1.05591953896692E-15,2.50523842159937E-15));
#3013=DIRECTION('',(-0.89802757576061,1.80299840644145E-15,0.439939169855927));
#3014=DIRECTION('center_axis',(1.05591953896692E-15,1.,-1.94289029309359E-15));
#3015=DIRECTION('ref_axis',(-1.,1.05591953896692E-15,2.50523842159937E-15));
#3016=DIRECTION('',(-0.835807361368277,-1.84145780094292E-16,-0.549022817998121));
#3017=DIRECTION('center_axis',(1.05591953896692E-15,1.,-1.94289029309359E-15));
#3018=DIRECTION('ref_axis',(-1.,1.05591953896692E-15,2.50523842159937E-15));
#3019=DIRECTION('',(-0.979222810621763,1.42797396644851E-15,0.202787295356524));
#3020=DIRECTION('center_axis',(1.05591953896692E-15,1.,-1.94289029309359E-15));
#3021=DIRECTION('ref_axis',(-1.,1.05591953896692E-15,2.50523842159937E-15));
#3022=DIRECTION('',(-0.673012513509783,-7.26375011919893E-16,-0.739631094978601));
#3023=DIRECTION('center_axis',(1.05591953896692E-15,1.,-1.94289029309359E-15));
#3024=DIRECTION('ref_axis',(-1.,1.05591953896692E-15,2.50523842159937E-15));
#3025=DIRECTION('',(-0.998889874961971,9.6322467042273E-16,-0.047106450709631));
#3026=DIRECTION('center_axis',(1.05591953896692E-15,1.,-1.94289029309359E-15));
#3027=DIRECTION('ref_axis',(-1.,1.05591953896692E-15,2.50523842159937E-15));
#3028=DIRECTION('',(-0.467929814260584,-1.22296343032614E-15,-0.883765630088688));
#3029=DIRECTION('center_axis',(1.05591953896692E-15,1.,-1.94289029309359E-15));
#3030=DIRECTION('ref_axis',(-1.,1.05591953896692E-15,2.50523842159937E-15));
#3031=DIRECTION('',(-0.955793014798333,4.37952425861749E-16,-0.294040325232293));
#3032=DIRECTION('center_axis',(1.05591953896692E-15,1.,-1.94289029309359E-15));
#3033=DIRECTION('ref_axis',(-1.,1.05591953896692E-15,2.50523842159937E-15));
#3034=DIRECTION('',(-0.233445363855917,-1.64270855866013E-15,-0.972369920397674));
#3035=DIRECTION('center_axis',(1.05591953896692E-15,1.,-1.94289029309359E-15));
#3036=DIRECTION('ref_axis',(-1.,1.05591953896692E-15,2.50523842159937E-15));
#3037=DIRECTION('',(-0.852640164354098,-1.14837980292478E-16,-0.52249856471594));
#3038=DIRECTION('center_axis',(1.05591953896692E-15,1.,-1.94289029309359E-15));
#3039=DIRECTION('ref_axis',(-1.,1.05591953896692E-15,2.50523842159937E-15));
#3040=DIRECTION('center_axis',(-1.05591953896692E-15,-1.,1.94289029309359E-15));
#3041=DIRECTION('ref_axis',(1.,-1.05591953896692E-15,-2.50523842159937E-15));
#3042=DIRECTION('',(-1.05591953896692E-15,-1.,1.94289029309359E-15));
#3043=DIRECTION('',(-1.05591953896692E-15,-1.,1.94289029309359E-15));
#3044=DIRECTION('center_axis',(-1.05591953896692E-15,-1.,1.94289029309359E-15));
#3045=DIRECTION('ref_axis',(1.,-1.05591953896692E-15,-2.50523842159937E-15));
#3046=DIRECTION('',(-1.05591953896692E-15,-1.,1.94289029309359E-15));
#3047=DIRECTION('',(-1.05591953896692E-15,-1.,1.94289029309359E-15));
#3048=DIRECTION('center_axis',(-1.05591953896692E-15,-1.,1.94289029309359E-15));
#3049=DIRECTION('ref_axis',(1.,-1.05591953896692E-15,-2.50523842159937E-15));
#3050=DIRECTION('',(-1.05591953896692E-15,-1.,1.94289029309359E-15));
#3051=DIRECTION('',(-1.05591953896692E-15,-1.,1.94289029309359E-15));
#3052=DIRECTION('center_axis',(-1.05591953896692E-15,-1.,1.94289029309359E-15));
#3053=DIRECTION('ref_axis',(1.,-1.05591953896692E-15,-2.50523842159937E-15));
#3054=DIRECTION('',(-1.05591953896692E-15,-1.,1.94289029309359E-15));
#3055=DIRECTION('',(-1.05591953896692E-15,-1.,1.94289029309359E-15));
#3056=DIRECTION('center_axis',(-1.05591953896692E-15,-1.,1.94289029309359E-15));
#3057=DIRECTION('ref_axis',(1.,-1.05591953896692E-15,-2.50523842159937E-15));
#3058=DIRECTION('',(-1.05591953896692E-15,-1.,1.94289029309359E-15));
#3059=DIRECTION('',(-1.05591953896692E-15,-1.,1.94289029309359E-15));
#3060=DIRECTION('center_axis',(-1.05591953896692E-15,-1.,1.94289029309359E-15));
#3061=DIRECTION('ref_axis',(1.,-1.05591953896692E-15,-2.50523842159937E-15));
#3062=DIRECTION('',(-1.05591953896692E-15,-1.,1.94289029309359E-15));
#3063=DIRECTION('',(-1.05591953896692E-15,-1.,1.94289029309359E-15));
#3064=DIRECTION('center_axis',(-1.05591953896692E-15,-1.,1.94289029309359E-15));
#3065=DIRECTION('ref_axis',(1.,-1.05591953896692E-15,-2.50523842159937E-15));
#3066=DIRECTION('',(-1.05591953896692E-15,-1.,1.94289029309359E-15));
#3067=DIRECTION('',(-1.05591953896692E-15,-1.,1.94289029309359E-15));
#3068=DIRECTION('center_axis',(-1.05591953896692E-15,-1.,1.94289029309359E-15));
#3069=DIRECTION('ref_axis',(1.,-1.05591953896692E-15,-2.50523842159937E-15));
#3070=DIRECTION('',(-1.05591953896692E-15,-1.,1.94289029309359E-15));
#3071=DIRECTION('',(-1.05591953896692E-15,-1.,1.94289029309359E-15));
#3072=DIRECTION('center_axis',(-1.05591953896692E-15,-1.,1.94289029309359E-15));
#3073=DIRECTION('ref_axis',(1.,-1.05591953896692E-15,-2.50523842159937E-15));
#3074=DIRECTION('',(-1.05591953896692E-15,-1.,1.94289029309359E-15));
#3075=DIRECTION('',(-1.05591953896692E-15,-1.,1.94289029309359E-15));
#3076=DIRECTION('center_axis',(-1.05591953896692E-15,-1.,1.94289029309359E-15));
#3077=DIRECTION('ref_axis',(1.,-1.05591953896692E-15,-2.50523842159937E-15));
#3078=DIRECTION('',(-1.05591953896692E-15,-1.,1.94289029309359E-15));
#3079=DIRECTION('',(-1.05591953896692E-15,-1.,1.94289029309359E-15));
#3080=DIRECTION('center_axis',(-1.05591953896692E-15,-1.,1.94289029309359E-15));
#3081=DIRECTION('ref_axis',(1.,-1.05591953896692E-15,-2.50523842159937E-15));
#3082=DIRECTION('',(-1.05591953896692E-15,-1.,1.94289029309359E-15));
#3083=DIRECTION('',(-1.05591953896692E-15,-1.,1.94289029309359E-15));
#3084=DIRECTION('center_axis',(-1.05591953896692E-15,-1.,1.94289029309359E-15));
#3085=DIRECTION('ref_axis',(1.,-1.05591953896692E-15,-2.50523842159937E-15));
#3086=DIRECTION('',(-1.05591953896692E-15,-1.,1.94289029309359E-15));
#3087=DIRECTION('',(-1.05591953896692E-15,-1.,1.94289029309359E-15));
#3088=DIRECTION('center_axis',(-1.05591953896692E-15,-1.,1.94289029309359E-15));
#3089=DIRECTION('ref_axis',(1.,-1.05591953896692E-15,-2.50523842159937E-15));
#3090=DIRECTION('',(-1.05591953896692E-15,-1.,1.94289029309359E-15));
#3091=DIRECTION('',(-1.05591953896692E-15,-1.,1.94289029309359E-15));
#3092=DIRECTION('center_axis',(-1.05591953896692E-15,-1.,1.94289029309359E-15));
#3093=DIRECTION('ref_axis',(1.,-1.05591953896692E-15,-2.50523842159937E-15));
#3094=DIRECTION('',(-1.05591953896692E-15,-1.,1.94289029309359E-15));
#3095=DIRECTION('',(-1.05591953896692E-15,-1.,1.94289029309359E-15));
#3096=DIRECTION('center_axis',(-1.05591953896692E-15,-1.,1.94289029309359E-15));
#3097=DIRECTION('ref_axis',(1.,-1.05591953896692E-15,-2.50523842159937E-15));
#3098=DIRECTION('',(-1.05591953896692E-15,-1.,1.94289029309359E-15));
#3099=DIRECTION('',(-1.05591953896692E-15,-1.,1.94289029309359E-15));
#3100=DIRECTION('center_axis',(-1.05591953896692E-15,-1.,1.94289029309359E-15));
#3101=DIRECTION('ref_axis',(1.,-1.05591953896692E-15,-2.50523842159937E-15));
#3102=DIRECTION('',(-1.05591953896692E-15,-1.,1.94289029309359E-15));
#3103=DIRECTION('',(-1.05591953896692E-15,-1.,1.94289029309359E-15));
#3104=DIRECTION('center_axis',(-1.05591953896692E-15,-1.,1.94289029309359E-15));
#3105=DIRECTION('ref_axis',(1.,-1.05591953896692E-15,-2.50523842159937E-15));
#3106=DIRECTION('',(-1.05591953896692E-15,-1.,1.94289029309359E-15));
#3107=DIRECTION('',(-1.05591953896692E-15,-1.,1.94289029309359E-15));
#3108=DIRECTION('center_axis',(-1.05591953896692E-15,-1.,1.94289029309359E-15));
#3109=DIRECTION('ref_axis',(1.,-1.05591953896692E-15,-2.50523842159937E-15));
#3110=DIRECTION('',(-1.05591953896692E-15,-1.,1.94289029309359E-15));
#3111=DIRECTION('',(-1.05591953896692E-15,-1.,1.94289029309359E-15));
#3112=DIRECTION('center_axis',(-1.05591953896692E-15,-1.,1.94289029309359E-15));
#3113=DIRECTION('ref_axis',(1.,-1.05591953896692E-15,-2.50523842159937E-15));
#3114=DIRECTION('',(-1.05591953896692E-15,-1.,1.94289029309359E-15));
#3115=DIRECTION('',(-1.05591953896692E-15,-1.,1.94289029309359E-15));
#3116=DIRECTION('center_axis',(-1.05591953896692E-15,-1.,1.94289029309359E-15));
#3117=DIRECTION('ref_axis',(1.,-1.05591953896692E-15,-2.50523842159937E-15));
#3118=DIRECTION('',(-1.05591953896692E-15,-1.,1.94289029309359E-15));
#3119=DIRECTION('',(-1.05591953896692E-15,-1.,1.94289029309359E-15));
#3120=DIRECTION('center_axis',(-1.05591953896692E-15,-1.,1.94289029309359E-15));
#3121=DIRECTION('ref_axis',(1.,-1.05591953896692E-15,-2.50523842159937E-15));
#3122=DIRECTION('',(-1.05591953896692E-15,-1.,1.94289029309359E-15));
#3123=DIRECTION('',(-1.05591953896692E-15,-1.,1.94289029309359E-15));
#3124=DIRECTION('center_axis',(-1.05591953896692E-15,-1.,1.94289029309359E-15));
#3125=DIRECTION('ref_axis',(1.,-1.05591953896692E-15,-2.50523842159937E-15));
#3126=DIRECTION('',(-1.05591953896692E-15,-1.,1.94289029309359E-15));
#3127=DIRECTION('',(-1.05591953896692E-15,-1.,1.94289029309359E-15));
#3128=DIRECTION('center_axis',(-1.05591953896692E-15,-1.,1.94289029309359E-15));
#3129=DIRECTION('ref_axis',(1.,-1.05591953896692E-15,-2.50523842159937E-15));
#3130=DIRECTION('',(-1.05591953896692E-15,-1.,1.94289029309359E-15));
#3131=DIRECTION('',(-1.05591953896692E-15,-1.,1.94289029309359E-15));
#3132=DIRECTION('center_axis',(-1.05591953896692E-15,-1.,1.94289029309359E-15));
#3133=DIRECTION('ref_axis',(1.,-1.05591953896692E-15,-2.50523842159937E-15));
#3134=DIRECTION('',(-1.05591953896692E-15,-1.,1.94289029309359E-15));
#3135=DIRECTION('',(-1.05591953896692E-15,-1.,1.94289029309359E-15));
#3136=DIRECTION('center_axis',(0.923879532511288,-2.32030523960422E-16,
0.382683432365088));
#3137=DIRECTION('ref_axis',(0.382683432365088,-2.19907948917725E-15,-0.923879532511288));
#3138=DIRECTION('',(-1.05591953896692E-15,-1.,1.94289029309359E-15));
#3139=DIRECTION('center_axis',(-1.05591953896692E-15,-1.,1.94289029309359E-15));
#3140=DIRECTION('ref_axis',(1.,-1.05591953896692E-15,-2.50523842159937E-15));
#3141=DIRECTION('',(-1.05591953896692E-15,-1.,1.94289029309359E-15));
#3142=DIRECTION('center_axis',(0.923879532511286,-1.71905437610016E-15,
-0.382683432365092));
#3143=DIRECTION('ref_axis',(-0.382683432365092,-1.3909136622308E-15,-0.923879532511286));
#3144=DIRECTION('',(-1.05591953896692E-15,-1.,1.94289029309359E-15));
#3145=DIRECTION('center_axis',(-1.05591953896692E-15,-1.,1.94289029309359E-15));
#3146=DIRECTION('ref_axis',(1.,-1.05591953896692E-15,-2.50523842159937E-15));
#3147=DIRECTION('',(-1.05591953896692E-15,-1.,1.94289029309359E-15));
#3148=DIRECTION('center_axis',(0.993960955455179,-1.26274452167346E-15,
-0.109734311091049));
#3149=DIRECTION('ref_axis',(-0.109734311091049,-1.81528648889179E-15,-0.993960955455179));
#3150=DIRECTION('',(-1.05591953896692E-15,-1.,1.94289029309359E-15));
#3151=DIRECTION('center_axis',(0.625242656335702,-2.17649660027317E-15,
-0.780430407338332));
#3152=DIRECTION('ref_axis',(-0.780430407338332,-3.90706171910234E-16,-0.625242656335702));
#3153=DIRECTION('',(-1.05591953896692E-15,-1.,1.94289029309359E-15));
#3154=DIRECTION('center_axis',(-1.05591953896692E-15,-1.,1.94289029309359E-15));
#3155=DIRECTION('ref_axis',(1.,-1.05591953896692E-15,-2.50523842159937E-15));
#3156=DIRECTION('center_axis',(0.81814971742502,-1.98107239510207E-15,-0.575005252043283));
#3157=DIRECTION('ref_axis',(-0.575005252043283,-9.82415863641238E-16,-0.81814971742502));
#3158=DIRECTION('',(-1.05591953896692E-15,-1.,1.94289029309359E-15));
#3159=DIRECTION('center_axis',(0.171929100279406,-2.09550264372411E-15,
-0.985109326154775));
#3160=DIRECTION('ref_axis',(-0.985109326154775,7.06156805472187E-16,-0.171929100279406));
#3161=DIRECTION('',(-1.05591953896692E-15,-1.,1.94289029309359E-15));
#3162=DIRECTION('center_axis',(-1.05591953896692E-15,-1.,1.94289029309359E-15));
#3163=DIRECTION('ref_axis',(1.,-1.05591953896692E-15,-2.50523842159937E-15));
#3164=DIRECTION('center_axis',(0.43993916985591,-2.20930942528341E-15,-0.898027575760618));
#3165=DIRECTION('ref_axis',(-0.898027575760618,9.34913211120293E-17,-0.43993916985591));
#3166=DIRECTION('',(-1.05591953896692E-15,-1.,1.94289029309359E-15));
#3167=DIRECTION('center_axis',(-0.323917418198155,-1.49610932921685E-15,
-0.946085358827544));
#3168=DIRECTION('ref_axis',(-0.946085358827544,1.62832602349766E-15,0.323917418198155));
#3169=DIRECTION('',(-1.05591953896692E-15,-1.,1.94289029309359E-15));
#3170=DIRECTION('center_axis',(-1.05591953896692E-15,-1.,1.94289029309359E-15));
#3171=DIRECTION('ref_axis',(1.,-1.05591953896692E-15,-2.50523842159937E-15));
#3172=DIRECTION('center_axis',(-0.04710645070965,-1.89099282021738E-15,
-0.99888987496197));
#3173=DIRECTION('ref_axis',(-0.99888987496197,1.14627000207443E-15,0.04710645070965));
#3174=DIRECTION('',(-1.05591953896692E-15,-1.,1.94289029309359E-15));
#3175=DIRECTION('center_axis',(-0.739631094978615,-5.26598554813234E-16,
-0.673012513509768));
#3176=DIRECTION('ref_axis',(-0.673012513509768,2.14766913788833E-15,0.739631094978615));
#3177=DIRECTION('',(-1.05591953896692E-15,-1.,1.94289029309359E-15));
#3178=DIRECTION('center_axis',(-1.05591953896692E-15,-1.,1.94289029309359E-15));
#3179=DIRECTION('ref_axis',(1.,-1.05591953896692E-15,-2.50523842159937E-15));
#3180=DIRECTION('center_axis',(-0.522498564715956,-1.10486985525953E-15,
-0.852640164354088));
#3181=DIRECTION('ref_axis',(-0.852640164354088,1.91547679879141E-15,0.522498564715956));
#3182=DIRECTION('',(-1.05591953896692E-15,-1.,1.94289029309359E-15));
#3183=DIRECTION('center_axis',(-0.972369920397679,5.73185666648289E-16,
-0.233445363855898));
#3184=DIRECTION('ref_axis',(-0.233445363855898,2.13570760061352E-15,0.972369920397679));
#3185=DIRECTION('',(-1.05591953896692E-15,-1.,1.94289029309359E-15));
#3186=DIRECTION('center_axis',(-1.05591953896692E-15,-1.,1.94289029309359E-15));
#3187=DIRECTION('ref_axis',(1.,-1.05591953896692E-15,-2.50523842159937E-15));
#3188=DIRECTION('center_axis',(-0.868631514438196,-4.54168492686696E-17,
-0.495458668432399));
#3189=DIRECTION('ref_axis',(-0.495458668432399,2.21082022642546E-15,0.868631514438196));
#3190=DIRECTION('',(-1.05591953896692E-15,-1.,1.94289029309359E-15));
#3191=DIRECTION('center_axis',(-0.964557418457796,1.53117141199181E-15,
0.263873049965382));
#3192=DIRECTION('ref_axis',(0.263873049965382,1.59540053618782E-15,0.964557418457796));
#3193=DIRECTION('',(-1.05591953896692E-15,-1.,1.94289029309359E-15));
#3194=DIRECTION('center_axis',(-1.05591953896692E-15,-1.,1.94289029309359E-15));
#3195=DIRECTION('ref_axis',(1.,-1.05591953896692E-15,-2.50523842159937E-15));
#3196=DIRECTION('center_axis',(-0.999876632481661,1.02527167845817E-15,
-0.01570731731181));
#3197=DIRECTION('ref_axis',(-0.01570731731181,1.95923626679402E-15,0.999876632481661));
#3198=DIRECTION('',(-1.05591953896692E-15,-1.,1.94289029309359E-15));
#3199=DIRECTION('center_axis',(-0.718126297763182,2.11036580659295E-15,
0.695912796592321));
#3200=DIRECTION('ref_axis',(0.695912796592322,6.60412693800382E-16,0.718126297763182));
#3201=DIRECTION('',(-1.05591953896692E-15,-1.,1.94289029309359E-15));
#3202=DIRECTION('center_axis',(-1.05591953896692E-15,-1.,1.94289029309359E-15));
#3203=DIRECTION('ref_axis',(1.,-1.05591953896692E-15,-2.50523842159937E-15));
#3204=DIRECTION('center_axis',(-0.883765630088688,1.84232169065403E-15,
0.467929814260584));
#3205=DIRECTION('ref_axis',(0.467929814260584,1.22296343032614E-15,0.883765630088688));
#3206=DIRECTION('',(-1.05591953896692E-15,-1.,1.94289029309359E-15));
#3207=DIRECTION('center_axis',(-0.294040325232294,2.16748389531531E-15,
0.955793014798333));
#3208=DIRECTION('ref_axis',(0.955793014798333,-4.37952425861749E-16,0.294040325232294));
#3209=DIRECTION('',(-1.05591953896692E-15,-1.,1.94289029309359E-15));
#3210=DIRECTION('center_axis',(-1.05591953896692E-15,-1.,1.94289029309359E-15));
#3211=DIRECTION('ref_axis',(1.,-1.05591953896692E-15,-2.50523842159937E-15));
#3212=DIRECTION('center_axis',(-0.549022817998121,2.20360593016149E-15,
0.835807361368277));
#3213=DIRECTION('ref_axis',(0.835807361368277,1.84145780094292E-16,0.549022817998121));
#3214=DIRECTION('',(-1.05591953896692E-15,-1.,1.94289029309359E-15));
#3215=DIRECTION('center_axis',(0.202787295356524,1.68839542611164E-15,0.979222810621763));
#3216=DIRECTION('ref_axis',(0.979222810621763,-1.42797396644851E-15,-0.202787295356524));
#3217=DIRECTION('',(-1.05591953896692E-15,-1.,1.94289029309359E-15));
#3218=DIRECTION('center_axis',(-1.05591953896692E-15,-1.,1.94289029309359E-15));
#3219=DIRECTION('ref_axis',(1.,-1.05591953896692E-15,-2.50523842159937E-15));
#3220=DIRECTION('center_axis',(-0.0784590957278309,2.01974750291553E-15,
0.996917333733129));
#3221=DIRECTION('ref_axis',(0.996917333733129,-9.00227075929109E-16,0.0784590957278309));
#3222=DIRECTION('',(-1.05591953896692E-15,-1.,1.94289029309359E-15));
#3223=DIRECTION('center_axis',(0.649448048330194,7.91620485598961E-16,0.760405965600022));
#3224=DIRECTION('ref_axis',(0.760405965600022,-2.06473382559338E-15,-0.649448048330194));
#3225=DIRECTION('',(-1.05591953896692E-15,-1.,1.94289029309359E-15));
#3226=DIRECTION('center_axis',(-1.05591953896692E-15,-1.,1.94289029309359E-15));
#3227=DIRECTION('ref_axis',(1.,-1.05591953896692E-15,-2.50523842159937E-15));
#3228=DIRECTION('center_axis',(0.411514358605123,1.3362305274521E-15,0.911403276635439));
#3229=DIRECTION('ref_axis',(0.911403276635439,-1.76189578048036E-15,-0.411514358605123));
#3230=DIRECTION('',(-1.05591953896692E-15,-1.,1.94289029309359E-15));
#3231=DIRECTION('center_axis',(0.935444030829873,-3.00990786931769E-16,
0.353474843779243));
#3232=DIRECTION('ref_axis',(0.353474843779243,-2.19070612131148E-15,-0.935444030829873));
#3233=DIRECTION('',(-1.05591953896692E-15,-1.,1.94289029309359E-15));
#3234=DIRECTION('center_axis',(-1.05591953896692E-15,-1.,1.94289029309359E-15));
#3235=DIRECTION('ref_axis',(1.,-1.05591953896692E-15,-2.50523842159937E-15));
#3236=DIRECTION('center_axis',(0.7996846584871,3.22147971654087E-16,0.600420225325871));
#3237=DIRECTION('ref_axis',(0.600420225325871,-2.18769500802296E-15,-0.7996846584871));
#3238=DIRECTION('',(-1.05591953896692E-15,-1.,1.94289029309359E-15));
#3239=DIRECTION('center_axis',(0.990023657716555,-1.31914096003889E-15,
-0.140901231937598));
#3240=DIRECTION('ref_axis',(-0.140901231937598,-1.77472699064309E-15,-0.990023657716555));
#3241=DIRECTION('',(-1.05591953896692E-15,-1.,1.94289029309359E-15));
#3242=DIRECTION('center_axis',(-1.05591953896692E-15,-1.,1.94289029309359E-15));
#3243=DIRECTION('ref_axis',(1.,-1.05591953896692E-15,-2.50523842159937E-15));
#3244=DIRECTION('center_axis',(0.625242656335718,8.56084725432237E-16,0.78043040733832));
#3245=DIRECTION('ref_axis',(0.78043040733832,-2.03884960373516E-15,-0.625242656335718));
#3246=DIRECTION('',(-1.05591953896692E-15,-1.,1.94289029309359E-15));
#3247=DIRECTION('center_axis',(0.993960955455181,-8.36341065997277E-16,
0.10973431109103));
#3248=DIRECTION('ref_axis',(0.10973431109103,-2.047027695244E-15,-0.993960955455181));
#3249=DIRECTION('',(-1.05591953896692E-15,-1.,1.94289029309359E-15));
#3250=DIRECTION('center_axis',(-1.05591953896692E-15,-1.,1.94289029309359E-15));
#3251=DIRECTION('ref_axis',(1.,-1.05591953896692E-15,-2.50523842159937E-15));
#3252=DIRECTION('center_axis',(0.171929100279423,1.73241605112003E-15,0.985109326154772));
#3253=DIRECTION('ref_axis',(0.985109326154772,-1.37423556553856E-15,-0.171929100279423));
#3254=DIRECTION('',(-1.05591953896692E-15,-1.,1.94289029309359E-15));
#3255=DIRECTION('center_axis',(0.818149717425032,2.53271850243345E-16,0.575005252043267));
#3256=DIRECTION('ref_axis',(0.575005252043267,-2.19673442492344E-15,-0.818149717425032));
#3257=DIRECTION('',(-1.05591953896692E-15,-1.,1.94289029309359E-15));
#3258=DIRECTION('center_axis',(-1.05591953896692E-15,-1.,1.94289029309359E-15));
#3259=DIRECTION('ref_axis',(1.,-1.05591953896692E-15,-2.50523842159937E-15));
#3260=DIRECTION('center_axis',(-0.323917418198137,2.18017079099114E-15,
0.94608535882755));
#3261=DIRECTION('ref_axis',(0.94608535882755,-3.69654008335439E-16,0.323917418198137));
#3262=DIRECTION('',(-1.05591953896692E-15,-1.,1.94289029309359E-15));
#3263=DIRECTION('center_axis',(0.439939169855927,1.2802286944679E-15,0.89802757576061));
#3264=DIRECTION('ref_axis',(0.89802757576061,-1.80299840644145E-15,-0.439939169855927));
#3265=DIRECTION('',(-1.05591953896692E-15,-1.,1.94289029309359E-15));
#3266=DIRECTION('center_axis',(-1.05591953896692E-15,-1.,1.94289029309359E-15));
#3267=DIRECTION('ref_axis',(1.,-1.05591953896692E-15,-2.50523842159937E-15));
#3268=DIRECTION('center_axis',(-0.739631094978601,2.08858040444408E-15,
0.673012513509783));
#3269=DIRECTION('ref_axis',(0.673012513509783,7.26375011919893E-16,0.739631094978601));
#3270=DIRECTION('',(-1.05591953896692E-15,-1.,1.94289029309359E-15));
#3271=DIRECTION('center_axis',(-0.047106450709631,1.99047406364876E-15,
0.998889874961971));
#3272=DIRECTION('ref_axis',(0.99888987496197,-9.6322467042273E-16,0.047106450709631));
#3273=DIRECTION('',(-1.05591953896692E-15,-1.,1.94289029309359E-15));
#3274=DIRECTION('center_axis',(-1.05591953896692E-15,-1.,1.94289029309359E-15));
#3275=DIRECTION('ref_axis',(1.,-1.05591953896692E-15,-2.50523842159937E-15));
#3276=DIRECTION('center_axis',(-0.972369920397674,1.48030312945497E-15,
0.233445363855917));
#3277=DIRECTION('ref_axis',(0.233445363855917,1.64270855866012E-15,0.972369920397674));
#3278=DIRECTION('',(-1.05591953896692E-15,-1.,1.94289029309359E-15));
#3279=DIRECTION('center_axis',(-0.52249856471594,2.20830274239103E-15,0.852640164354098));
#3280=DIRECTION('ref_axis',(0.852640164354098,1.14837980292478E-16,0.52249856471594));
#3281=DIRECTION('',(-1.05591953896692E-15,-1.,1.94289029309359E-15));
#3282=DIRECTION('center_axis',(-1.05591953896692E-15,-1.,1.94289029309359E-15));
#3283=DIRECTION('ref_axis',(1.,-1.05591953896692E-15,-2.50523842159937E-15));
#3284=DIRECTION('center_axis',(-0.964557418457801,5.05818637218374E-16,
-0.263873049965364));
#3285=DIRECTION('ref_axis',(-0.263873049965364,2.15265795471829E-15,0.964557418457801));
#3286=DIRECTION('',(-1.05591953896692E-15,-1.,1.94289029309359E-15));
#3287=DIRECTION('center_axis',(-0.868631514438187,1.87982682578412E-15,
0.495458668432415));
#3288=DIRECTION('ref_axis',(0.495458668432415,1.16449124892882E-15,0.868631514438187));
#3289=DIRECTION('',(-1.05591953896692E-15,-1.,1.94289029309359E-15));
#3290=DIRECTION('center_axis',(-1.05591953896692E-15,-1.,1.94289029309359E-15));
#3291=DIRECTION('ref_axis',(1.,-1.05591953896692E-15,-2.50523842159937E-15));
#3292=DIRECTION('center_axis',(-0.718126297763195,-5.93798628084679E-16,
-0.695912796592308));
#3293=DIRECTION('ref_axis',(-0.695912796592308,2.13006853247828E-15,0.718126297763195));
#3294=DIRECTION('',(-1.05591953896692E-15,-1.,1.94289029309359E-15));
#3295=DIRECTION('center_axis',(-0.99987663248166,1.08630686712952E-15,0.0157073173118294));
#3296=DIRECTION('ref_axis',(0.0157073173118294,1.92606494028541E-15,0.99987663248166));
#3297=DIRECTION('',(-1.05591953896692E-15,-1.,1.94289029309359E-15));
#3298=DIRECTION('center_axis',(-1.05591953896692E-15,-1.,1.94289029309359E-15));
#3299=DIRECTION('ref_axis',(1.,-1.05591953896692E-15,-2.50523842159937E-15));
#3300=DIRECTION('center_axis',(-0.294040325232311,-1.54651804600135E-15,
-0.955793014798328));
#3301=DIRECTION('ref_axis',(-0.955793014798328,1.58052861320559E-15,0.294040325232311));
#3302=DIRECTION('',(-1.05591953896692E-15,-1.,1.94289029309359E-15));
#3303=DIRECTION('center_axis',(-0.883765630088697,2.4049102702121E-17,-0.467929814260567));
#3304=DIRECTION('ref_axis',(-0.467929814260567,2.21115589781196E-15,0.883765630088697));
#3305=DIRECTION('',(-1.05591953896692E-15,-1.,1.94289029309359E-15));
#3306=DIRECTION('center_axis',(-1.05591953896692E-15,-1.,1.94289029309359E-15));
#3307=DIRECTION('ref_axis',(1.,-1.05591953896692E-15,-2.50523842159937E-15));
#3308=DIRECTION('center_axis',(0.202787295356505,-2.11664956095404E-15,
-0.979222810621767));
#3309=DIRECTION('ref_axis',(-0.979222810621767,6.39987031026767E-16,-0.202787295356506));
#3310=DIRECTION('',(-1.05591953896692E-15,-1.,1.94289029309359E-15));
#3311=DIRECTION('center_axis',(-0.549022817998137,-1.04415808843566E-15,
-0.835807361368267));
#3312=DIRECTION('ref_axis',(-0.835807361368267,1.9492364274566E-15,0.549022817998137));
#3313=DIRECTION('',(-1.05591953896692E-15,-1.,1.94289029309359E-15));
#3314=DIRECTION('center_axis',(-1.05591953896692E-15,-1.,1.94289029309359E-15));
#3315=DIRECTION('ref_axis',(1.,-1.05591953896692E-15,-2.50523842159937E-15));
#3316=DIRECTION('center_axis',(0.649448048330179,-2.16315025315053E-15,
-0.760405965600035));
#3317=DIRECTION('ref_axis',(-0.760405965600035,-4.58878792345201E-16,-0.649448048330179));
#3318=DIRECTION('',(-1.05591953896692E-15,-1.,1.94289029309359E-15));
#3319=DIRECTION('center_axis',(-0.07845909572785,-1.85405451853812E-15,
-0.996917333733128));
#3320=DIRECTION('ref_axis',(-0.996917333733128,1.20510190691815E-15,0.07845909572785));
#3321=DIRECTION('',(-1.05591953896692E-15,-1.,1.94289029309359E-15));
#3322=DIRECTION('center_axis',(-1.05591953896692E-15,-1.,1.94289029309359E-15));
#3323=DIRECTION('ref_axis',(1.,-1.05591953896692E-15,-2.50523842159937E-15));
#3324=DIRECTION('center_axis',(0.935444030829866,-1.67451647259473E-15,
-0.353474843779261));
#3325=DIRECTION('ref_axis',(-0.353474843779261,-1.44422413315189E-15,-0.935444030829866));
#3326=DIRECTION('',(-1.05591953896692E-15,-1.,1.94289029309359E-15));
#3327=DIRECTION('center_axis',(0.411514358605105,-2.20528263108527E-15,
-0.911403276635447));
#3328=DIRECTION('ref_axis',(-0.911403276635447,1.62841274875345E-16,-0.411514358605105));
#3329=DIRECTION('',(-1.05591953896692E-15,-1.,1.94289029309359E-15));
#3330=DIRECTION('center_axis',(-1.05591953896692E-15,-1.,1.94289029309359E-15));
#3331=DIRECTION('ref_axis',(1.,-1.05591953896692E-15,-2.50523842159937E-15));
#3332=DIRECTION('center_axis',(0.990023657716558,-7.71629688405956E-16,
0.140901231937579));
#3333=DIRECTION('ref_axis',(0.14090123193758,-2.07228771837791E-15,-0.990023657716558));
#3334=DIRECTION('',(-1.05591953896692E-15,-1.,1.94289029309359E-15));
#3335=DIRECTION('center_axis',(-1.05591953896692E-15,-1.,1.94289029309359E-15));
#3336=DIRECTION('ref_axis',(1.,-1.05591953896692E-15,-2.50523842159937E-15));
#3337=DIRECTION('',(-1.05591953896692E-15,-1.,1.94289029309359E-15));
#3338=DIRECTION('center_axis',(0.799684658487089,-2.01095328347133E-15,
-0.600420225325886));
#3339=DIRECTION('ref_axis',(-0.600420225325886,-9.19704112997907E-16,-0.799684658487089));
#3340=CARTESIAN_POINT('',(0.,0.,0.));
#3341=CARTESIAN_POINT('Origin',(116.040840753909,63.8582545838004,24.3414531333718));
#3342=CARTESIAN_POINT('',(121.040840753909,63.8582545838004,24.3414531333718));
#3343=CARTESIAN_POINT('',(111.040840753909,63.8582545838004,24.3414531333718));
#3344=CARTESIAN_POINT('Origin',(116.040840753909,63.8582545838004,24.3414531333718));
#3345=CARTESIAN_POINT('Origin',(116.040840753909,63.8582545838004,24.3414531333718));
#3346=CARTESIAN_POINT('',(122.040840753909,62.8582545838004,24.3414531333718));
#3347=CARTESIAN_POINT('Origin',(122.040840753909,63.8582545838004,24.3414531333718));
#3348=CARTESIAN_POINT('Origin',(116.040840753909,62.8582545838004,24.3414531333718));
#3349=CARTESIAN_POINT('Origin',(116.040840753909,62.8582545838004,24.3414531333718));
#3350=CARTESIAN_POINT('',(116.040840753909,62.8582545838004,38.3414531333718));
#3351=CARTESIAN_POINT('Origin',(116.040840753909,62.8582545838004,24.3414531333718));
#3352=CARTESIAN_POINT('',(116.040840753909,62.8582545838004,37.4054531333718));
#3353=CARTESIAN_POINT('Origin',(116.040840753909,62.8582545838004,35.6554531333718));
#3354=CARTESIAN_POINT('',(108.040634631564,62.8582545838004,34.0916592557164));
#3355=CARTESIAN_POINT('Origin',(108.040634631564,62.8582545838004,32.3416592557164));
#3356=CARTESIAN_POINT('',(104.726840753909,62.8582545838004,26.0914531333718));
#3357=CARTESIAN_POINT('Origin',(104.726840753909,62.8582545838004,24.3414531333718));
#3358=CARTESIAN_POINT('',(127.354840753909,62.8582545838004,26.0914531333718));
#3359=CARTESIAN_POINT('Origin',(127.354840753909,62.8582545838004,24.3414531333718));
#3360=CARTESIAN_POINT('',(124.041046876253,62.8582545838004,34.0916592557164));
#3361=CARTESIAN_POINT('Origin',(124.041046876253,62.8582545838004,32.3416592557164));
#3362=CARTESIAN_POINT('',(116.040840753909,62.8582545838004,14.7774531333718));
#3363=CARTESIAN_POINT('Origin',(116.040840753909,62.8582545838004,13.0274531333718));
#3364=CARTESIAN_POINT('',(108.040634631564,62.8582545838004,18.0912470110272));
#3365=CARTESIAN_POINT('Origin',(108.040634631564,62.8582545838004,16.3412470110272));
#3366=CARTESIAN_POINT('',(124.041046876253,62.8582545838004,18.0912470110272));
#3367=CARTESIAN_POINT('Origin',(124.041046876253,62.8582545838004,16.3412470110272));
#3368=CARTESIAN_POINT('Origin',(116.040840753909,67.3582545838004,24.3414531333718));
#3369=CARTESIAN_POINT('',(111.040840753909,66.8582545838004,24.3414531333718));
#3370=CARTESIAN_POINT('',(111.040840753909,67.3582545838004,24.3414531333718));
#3371=CARTESIAN_POINT('',(121.040840753909,66.8582545838004,24.3414531333718));
#3372=CARTESIAN_POINT('Origin',(116.040840753909,66.8582545838004,24.3414531333718));
#3373=CARTESIAN_POINT('Origin',(116.040840753909,66.8582545838004,24.3414531333718));
#3374=CARTESIAN_POINT('Origin',(116.040840753909,62.6082545838004,24.3414531333718));
#3375=CARTESIAN_POINT('',(116.040840753909,62.3582545838004,38.8414531333718));
#3376=CARTESIAN_POINT('Origin',(116.040840753909,62.3582545838004,24.3414531333718));
#3377=CARTESIAN_POINT('',(116.040840753909,62.6082545838004,38.5914531333718));
#3378=CARTESIAN_POINT('Origin',(116.040840753909,62.8582545838004,24.3414531333718));
#3379=CARTESIAN_POINT('',(116.040840753909,60.3582545838004,38.8414531333718));
#3380=CARTESIAN_POINT('Origin',(116.040840753909,60.3582545838004,24.3414531333718));
#3381=CARTESIAN_POINT('',(116.040840753909,62.8582545838004,38.8414531333718));
#3382=CARTESIAN_POINT('Origin',(116.040840753909,60.1082545838004,24.3414531333718));
#3383=CARTESIAN_POINT('',(116.040840753909,59.8582545838004,38.3414531333718));
#3384=CARTESIAN_POINT('',(116.040840753909,60.1082545838004,38.5914531333718));
#3385=CARTESIAN_POINT('Origin',(116.040840753909,59.8582545838004,24.3414531333718));
#3386=CARTESIAN_POINT('Origin',(116.040840753909,59.8582545838004,24.3414531333718));
#3387=CARTESIAN_POINT('',(118.040840753909,59.8582545838004,24.3414531333718));
#3388=CARTESIAN_POINT('Origin',(116.040840753909,59.8582545838004,24.3414531333718));
#3389=CARTESIAN_POINT('',(124.041046876253,59.8582545838004,18.0912470110272));
#3390=CARTESIAN_POINT('Origin',(124.041046876253,59.8582545838004,16.3412470110272));
#3391=CARTESIAN_POINT('',(108.040634631564,59.8582545838004,18.0912470110272));
#3392=CARTESIAN_POINT('Origin',(108.040634631564,59.8582545838004,16.3412470110272));
#3393=CARTESIAN_POINT('',(116.040840753909,59.8582545838004,14.7774531333718));
#3394=CARTESIAN_POINT('Origin',(116.040840753909,59.8582545838004,13.0274531333718));
#3395=CARTESIAN_POINT('',(124.041046876253,59.8582545838004,34.0916592557164));
#3396=CARTESIAN_POINT('Origin',(124.041046876253,59.8582545838004,32.3416592557164));
#3397=CARTESIAN_POINT('',(127.354840753909,59.8582545838004,26.0914531333718));
#3398=CARTESIAN_POINT('Origin',(127.354840753909,59.8582545838004,24.3414531333718));
#3399=CARTESIAN_POINT('',(104.726840753909,59.8582545838004,26.0914531333718));
#3400=CARTESIAN_POINT('Origin',(104.726840753909,59.8582545838004,24.3414531333718));
#3401=CARTESIAN_POINT('',(108.040634631564,59.8582545838004,34.0916592557164));
#3402=CARTESIAN_POINT('Origin',(108.040634631564,59.8582545838004,32.3416592557164));
#3403=CARTESIAN_POINT('',(116.040840753909,59.8582545838004,37.4054531333718));
#3404=CARTESIAN_POINT('Origin',(116.040840753909,59.8582545838004,35.6554531333718));
#3405=CARTESIAN_POINT('Origin',(116.040840753909,60.1082545838004,24.3414531333718));
#3406=CARTESIAN_POINT('',(117.540840753909,60.3582545838004,24.3414531333718));
#3407=CARTESIAN_POINT('Origin',(116.040840753909,60.3582545838004,24.3414531333718));
#3408=CARTESIAN_POINT('',(117.790840753909,60.1082545838004,24.3414531333718));
#3409=CARTESIAN_POINT('Origin',(116.040840753909,32.8582545838004,24.3414531333718));
#3410=CARTESIAN_POINT('',(117.540840753909,64.4582545838004,24.3414531333718));
#3411=CARTESIAN_POINT('',(117.540840753909,32.8582545838004,24.3414531333718));
#3412=CARTESIAN_POINT('Origin',(116.040840753909,64.4582545838004,24.3414531333718));
#3413=CARTESIAN_POINT('Origin',(124.041046876253,62.8582545838004,16.3412470110272));
#3414=CARTESIAN_POINT('',(124.041046876253,62.8582545838004,18.0912470110272));
#3415=CARTESIAN_POINT('Origin',(108.040634631564,62.8582545838004,16.3412470110272));
#3416=CARTESIAN_POINT('',(108.040634631564,62.8582545838004,18.0912470110272));
#3417=CARTESIAN_POINT('Origin',(116.040840753909,62.8582545838004,13.0274531333718));
#3418=CARTESIAN_POINT('',(116.040840753909,62.8582545838004,14.7774531333718));
#3419=CARTESIAN_POINT('Origin',(124.041046876253,62.8582545838004,32.3416592557164));
#3420=CARTESIAN_POINT('',(124.041046876253,62.8582545838004,34.0916592557164));
#3421=CARTESIAN_POINT('Origin',(127.354840753909,62.8582545838004,24.3414531333718));
#3422=CARTESIAN_POINT('',(127.354840753909,62.8582545838004,26.0914531333717));
#3423=CARTESIAN_POINT('Origin',(104.726840753909,62.8582545838004,24.3414531333718));
#3424=CARTESIAN_POINT('',(104.726840753909,62.8582545838004,26.0914531333718));
#3425=CARTESIAN_POINT('Origin',(108.040634631564,62.8582545838004,32.3416592557164));
#3426=CARTESIAN_POINT('',(108.040634631564,62.8582545838004,34.0916592557164));
#3427=CARTESIAN_POINT('Origin',(116.040840753909,62.8582545838004,35.6554531333718));
#3428=CARTESIAN_POINT('',(116.040840753909,62.8582545838004,37.4054531333718));
#3429=CARTESIAN_POINT('Origin',(116.040840753909,64.4582545838004,24.3414531333718));
#3430=CARTESIAN_POINT('',(116.922081350259,64.4582545838004,26.8406360020998));
#3431=CARTESIAN_POINT('',(117.109252405933,64.4582545838004,26.7665297387222));
#3432=CARTESIAN_POINT('Origin',(116.040840753909,64.4582545838004,24.3414531333718));
#3433=CARTESIAN_POINT('',(117.455203538085,64.4582545838004,27.0436888586067));
#3434=CARTESIAN_POINT('',(115.275176735388,64.4582545838004,25.2971580517792));
#3435=CARTESIAN_POINT('',(117.564560360431,64.4582545838004,26.9835694367733));
#3436=CARTESIAN_POINT('Origin',(116.040840753909,64.4582545838004,24.3414531333718));
#3437=CARTESIAN_POINT('',(117.515917062065,64.4582545838004,26.5429639521314));
#3438=CARTESIAN_POINT('',(117.258032402134,64.4582545838004,24.2070739243588));
#3439=CARTESIAN_POINT('',(117.678778316564,64.4582545838004,26.4246383245735));
#3440=CARTESIAN_POINT('Origin',(116.040840753909,64.4582545838004,24.3414531333718));
#3441=CARTESIAN_POINT('',(118.082787427991,64.4582545838004,26.6070554330275));
#3442=CARTESIAN_POINT('',(115.536905626809,64.4582545838004,25.457545722721));
#3443=CARTESIAN_POINT('',(118.173757512437,64.4582545838004,26.5216288375731));
#3444=CARTESIAN_POINT('Origin',(116.040840753909,64.4582545838004,24.3414531333718));
#3445=CARTESIAN_POINT('',(118.017068304478,64.4582545838004,26.1069628808299));
#3446=CARTESIAN_POINT('',(117.18637333792,64.4582545838004,23.9085924406609));
#3447=CARTESIAN_POINT('',(118.14538658622,64.4582545838004,25.9518527234424));
#3448=CARTESIAN_POINT('Origin',(116.040840753909,64.4582545838004,24.3414531333718));
#3449=CARTESIAN_POINT('',(118.582068298609,64.4582545838004,26.0280658826585));
#3450=CARTESIAN_POINT('',(115.83029861561,64.4582545838004,25.5478051915726));
#3451=CARTESIAN_POINT('',(118.648935660185,64.4582545838004,25.9226997807525));
#3452=CARTESIAN_POINT('Origin',(116.040840753909,64.4582545838004,24.3414531333718));
#3453=CARTESIAN_POINT('',(118.394045901833,64.4582545838004,25.560028339005));
#3454=CARTESIAN_POINT('',(117.042736248477,64.4582545838004,23.6373091862362));
#3455=CARTESIAN_POINT('',(118.479758501254,64.4582545838004,25.3778797934318));
#3456=CARTESIAN_POINT('Origin',(116.040840753909,64.4582545838004,24.3414531333718));
#3457=CARTESIAN_POINT('',(118.921674496612,64.4582545838004,25.343100250324));
#3458=CARTESIAN_POINT('',(116.136920741279,64.4582545838004,25.562265123955));
#3459=CARTESIAN_POINT('',(118.960237613071,64.4582545838004,25.2244151816586));
#3460=CARTESIAN_POINT('Origin',(116.040840753909,64.4582545838004,24.3414531333718));
#3461=CARTESIAN_POINT('',(118.62316296526,64.4582545838004,24.936526235404));
#3462=CARTESIAN_POINT('',(116.836146380398,64.4582545838004,23.4102698856703));
#3463=CARTESIAN_POINT('',(118.66088424451,64.4582545838004,24.738784364659));
#3464=CARTESIAN_POINT('Origin',(116.040840753909,64.4582545838004,24.3414531333718));
#3465=CARTESIAN_POINT('',(119.080267315597,64.4582545838004,24.595197445831));
#3466=CARTESIAN_POINT('',(116.437505807985,64.4582545838004,25.5000169491365));
#3467=CARTESIAN_POINT('',(119.088103124504,64.4582545838004,24.4706508297636));
#3468=CARTESIAN_POINT('Origin',(116.040840753909,64.4582545838004,24.3414531333718));
#3469=CARTESIAN_POINT('',(118.690023227031,64.4582545838004,24.2756335002765));
#3470=CARTESIAN_POINT('',(116.579584534876,64.4582545838004,23.2417402532099));
#3471=CARTESIAN_POINT('',(118.677383019406,64.4582545838004,24.0747231533423));
#3472=CARTESIAN_POINT('Origin',(116.040840753909,64.4582545838004,24.3414531333718));
#3473=CARTESIAN_POINT('',(119.047881785481,64.4582545838004,23.8313509529799));
#3474=CARTESIAN_POINT('',(116.713166950511,64.4582545838004,25.3649719488739));
#3475=CARTESIAN_POINT('',(119.024497934146,64.4582545838004,23.7087685114484));
#3476=CARTESIAN_POINT('Origin',(116.040840753909,64.4582545838004,24.3414531333718));
#3477=CARTESIAN_POINT('',(118.590425611004,64.4582545838004,23.6188764547641));
#3478=CARTESIAN_POINT('',(116.289171436235,64.4582545838004,23.1423096254712));
#3479=CARTESIAN_POINT('',(118.528218147236,64.4582545838004,23.4274215676352));
#3480=CARTESIAN_POINT('Origin',(116.040840753909,64.4582545838004,24.3414531333718));
#3481=CARTESIAN_POINT('',(118.826552808228,64.4582545838004,23.0995560561474));
#3482=CARTESIAN_POINT('',(116.946583365462,64.4582545838004,25.1656154971944));
#3483=CARTESIAN_POINT('',(118.77341859003,64.4582545838004,22.98664009478));
#3484=CARTESIAN_POINT('Origin',(116.040840753909,64.4582545838004,24.3414531333718));
#3485=CARTESIAN_POINT('',(118.330628201689,64.4582545838004,23.0075215594198));
#3486=CARTESIAN_POINT('',(115.983154807527,64.4582545838004,23.1182255944752));
#3487=CARTESIAN_POINT('',(118.22276220551,64.4582545838004,22.8375519467762));
#3488=CARTESIAN_POINT('Origin',(116.040840753909,64.4582545838004,24.3414531333718));
#3489=CARTESIAN_POINT('',(118.43018729747,64.4582545838004,22.4457941200548));
#3490=CARTESIAN_POINT('',(117.12308864104,64.4582545838004,24.9144738931388));
#3491=CARTESIAN_POINT('',(118.350641330752,64.4582545838004,22.34963956398));
#3492=CARTESIAN_POINT('Origin',(116.040840753909,64.4582545838004,24.3414531333718));
#3493=CARTESIAN_POINT('',(117.926955025781,64.4582545838004,22.479982490724));
#3494=CARTESIAN_POINT('',(115.680762798985,64.4582545838004,23.1710014484643));
#3495=CARTESIAN_POINT('',(117.780208114433,64.4582545838004,22.3421779684327));
#3496=CARTESIAN_POINT('Origin',(116.040840753909,64.4582545838004,24.3414531333718));
#3497=CARTESIAN_POINT('',(117.883690355979,64.4582545838004,21.9111434115152));
#3498=CARTESIAN_POINT('',(117.231592301641,64.4582545838004,24.6273272873241));
#3499=CARTESIAN_POINT('',(117.782730806379,64.4582545838004,21.8377920051229));
#3500=CARTESIAN_POINT('Origin',(116.040840753909,64.4582545838004,24.3414531333718));
#3501=CARTESIAN_POINT('',(117.404770353528,64.4582545838004,22.0694064685159));
#3502=CARTESIAN_POINT('',(115.400995812624,64.4582545838004,23.2973210864362));
#3503=CARTESIAN_POINT('',(117.228363175149,64.4582545838004,21.9724258015221));
#3504=CARTESIAN_POINT('Origin',(116.040840753909,64.4582545838004,24.3414531333718));
#3505=CARTESIAN_POINT('',(117.221400396462,64.4582545838004,21.5291980008537));
#3506=CARTESIAN_POINT('',(117.26527666322,64.4582545838004,24.3222181570449));
#3507=CARTESIAN_POINT('',(117.105370923786,64.4582545838004,21.4832586827751));
#3508=CARTESIAN_POINT('Origin',(116.040840753909,64.4582545838004,24.3414531333718));
#3509=CARTESIAN_POINT('',(116.796884968348,64.4582545838004,21.8015914942638));
#3510=CARTESIAN_POINT('',(115.16143263711,64.4582545838004,23.4892473809662));
#3511=CARTESIAN_POINT('',(116.601901834737,64.4582545838004,21.7515283345446));
#3512=CARTESIAN_POINT('Origin',(116.040840753909,64.4582545838004,24.3414531333718));
#3513=CARTESIAN_POINT('',(116.484931532809,64.4582545838004,21.3239569229192));
#3514=CARTESIAN_POINT('',(117.222025213456,64.4582545838004,24.0183176310697));
#3515=CARTESIAN_POINT('',(116.361122695551,64.4582545838004,21.3083162294622));
#3516=CARTESIAN_POINT('Origin',(116.040840753909,64.4582545838004,24.3414531333718));
#3517=CARTESIAN_POINT('',(116.141494544639,64.4582545838004,21.6933653677546));
#3518=CARTESIAN_POINT('',(114.97712590781,64.4582545838004,23.7347208971134));
#3519=CARTESIAN_POINT('',(115.940186963178,64.4582545838004,21.6933653677546));
#3520=CARTESIAN_POINT('Origin',(116.040840753909,64.4582545838004,24.3414531333718));
#3521=CARTESIAN_POINT('',(115.720558812266,64.4582545838004,21.3083162294623));
#3522=CARTESIAN_POINT('',(117.104555600007,64.4582545838004,23.7347208971134));
#3523=CARTESIAN_POINT('',(115.596749975008,64.4582545838004,21.3239569229192));
#3524=CARTESIAN_POINT('Origin',(116.040840753909,64.4582545838004,24.3414531333718));
#3525=CARTESIAN_POINT('',(115.47977967308,64.4582545838004,21.7515283345446));
#3526=CARTESIAN_POINT('',(114.859656294361,64.4582545838004,24.0183176310697));
#3527=CARTESIAN_POINT('',(115.284796539469,64.4582545838004,21.8015914942638));
#3528=CARTESIAN_POINT('Origin',(116.040840753909,64.4582545838004,24.3414531333718));
#3529=CARTESIAN_POINT('',(114.976310584031,64.4582545838004,21.4832586827751));
#3530=CARTESIAN_POINT('',(116.920248870707,64.4582545838004,23.4892473809662));
#3531=CARTESIAN_POINT('',(114.860281111355,64.4582545838004,21.5291980008537));
#3532=CARTESIAN_POINT('Origin',(116.040840753909,64.4582545838004,24.3414531333718));
#3533=CARTESIAN_POINT('',(114.853318332668,64.4582545838004,21.9724258015221));
#3534=CARTESIAN_POINT('',(114.816404844597,64.4582545838004,24.322218157045));
#3535=CARTESIAN_POINT('',(114.676911154289,64.4582545838004,22.0694064685159));
#3536=CARTESIAN_POINT('Origin',(116.040840753909,64.4582545838004,24.3414531333718));
#3537=CARTESIAN_POINT('',(114.298950701438,64.4582545838004,21.8377920051229));
#3538=CARTESIAN_POINT('',(116.680685695193,64.4582545838004,23.2973210864362));
#3539=CARTESIAN_POINT('',(114.197991151839,64.4582545838004,21.9111434115152));
#3540=CARTESIAN_POINT('Origin',(116.040840753909,64.4582545838004,24.3414531333718));
#3541=CARTESIAN_POINT('',(114.301473393384,64.4582545838004,22.3421779684328));
#3542=CARTESIAN_POINT('',(114.850089206176,64.4582545838004,24.6273272873241));
#3543=CARTESIAN_POINT('',(114.154726482036,64.4582545838004,22.479982490724));
#3544=CARTESIAN_POINT('Origin',(116.040840753909,64.4582545838004,24.3414531333718));
#3545=CARTESIAN_POINT('',(113.731040177065,64.4582545838004,22.3496395639801));
#3546=CARTESIAN_POINT('',(116.400918708832,64.4582545838004,23.1710014484642));
#3547=CARTESIAN_POINT('',(113.651494210347,64.4582545838004,22.4457941200549));
#3548=CARTESIAN_POINT('Origin',(116.040840753909,64.4582545838004,24.3414531333718));
#3549=CARTESIAN_POINT('',(113.858919302308,64.4582545838004,22.8375519467763));
#3550=CARTESIAN_POINT('',(114.958592866777,64.4582545838004,24.9144738931388));
#3551=CARTESIAN_POINT('',(113.751053306128,64.4582545838004,23.0075215594198));
#3552=CARTESIAN_POINT('Origin',(116.040840753909,64.4582545838004,24.3414531333718));
#3553=CARTESIAN_POINT('',(113.308262917787,64.4582545838004,22.98664009478));
#3554=CARTESIAN_POINT('',(116.09852670029,64.4582545838004,23.1182255944752));
#3555=CARTESIAN_POINT('',(113.255128699589,64.4582545838004,23.0995560561474));
#3556=CARTESIAN_POINT('Origin',(116.040840753909,64.4582545838004,24.3414531333718));
#3557=CARTESIAN_POINT('',(113.553463360581,64.4582545838004,23.4274215676352));
#3558=CARTESIAN_POINT('',(115.135098142355,64.4582545838004,25.1656154971944));
#3559=CARTESIAN_POINT('',(113.491255896813,64.4582545838004,23.6188764547642));
#3560=CARTESIAN_POINT('Origin',(116.040840753909,64.4582545838004,24.3414531333718));
#3561=CARTESIAN_POINT('',(113.057183573671,64.4582545838004,23.7087685114485));
#3562=CARTESIAN_POINT('',(115.792510071582,64.4582545838004,23.1423096254712));
#3563=CARTESIAN_POINT('',(113.033799722336,64.4582545838004,23.8313509529799));
#3564=CARTESIAN_POINT('Origin',(116.040840753909,64.4582545838004,24.3414531333718));
#3565=CARTESIAN_POINT('',(113.404298488411,64.4582545838004,24.0747231533424));
#3566=CARTESIAN_POINT('',(115.368514557306,64.4582545838004,25.3649719488739));
#3567=CARTESIAN_POINT('',(113.391658280786,64.4582545838004,24.2756335002766));
#3568=CARTESIAN_POINT('Origin',(116.040840753909,64.4582545838004,24.3414531333718));
#3569=CARTESIAN_POINT('',(112.993578383313,64.4582545838004,24.4706508297637));
#3570=CARTESIAN_POINT('',(115.502096972941,64.4582545838004,23.2417402532099));
#3571=CARTESIAN_POINT('',(113.001414192221,64.4582545838004,24.595197445831));
#3572=CARTESIAN_POINT('Origin',(116.040840753909,64.4582545838004,24.3414531333718));
#3573=CARTESIAN_POINT('',(113.420797263307,64.4582545838004,24.738784364659));
#3574=CARTESIAN_POINT('',(115.644175699832,64.4582545838004,25.5000169491365));
#3575=CARTESIAN_POINT('',(113.458518542557,64.4582545838004,24.9365262354041));
#3576=CARTESIAN_POINT('Origin',(116.040840753909,64.4582545838004,24.3414531333718));
#3577=CARTESIAN_POINT('',(113.121443894747,64.4582545838004,25.2244151816587));
#3578=CARTESIAN_POINT('',(115.24553512742,64.4582545838004,23.4102698856703));
#3579=CARTESIAN_POINT('',(113.160007011205,64.4582545838004,25.343100250324));
#3580=CARTESIAN_POINT('Origin',(116.040840753909,64.4582545838004,24.3414531333718));
#3581=CARTESIAN_POINT('',(113.601923006563,64.4582545838004,25.3778797934318));
#3582=CARTESIAN_POINT('',(115.944760766538,64.4582545838004,25.562265123955));
#3583=CARTESIAN_POINT('',(113.687635605985,64.4582545838004,25.560028339005));
#3584=CARTESIAN_POINT('Origin',(116.040840753909,64.4582545838004,24.3414531333718));
#3585=CARTESIAN_POINT('',(113.432745847632,64.4582545838004,25.9226997807525));
#3586=CARTESIAN_POINT('',(115.03894525934,64.4582545838004,23.6373091862362));
#3587=CARTESIAN_POINT('',(113.499613209208,64.4582545838004,26.0280658826585));
#3588=CARTESIAN_POINT('Origin',(116.040840753909,64.4582545838004,24.3414531333718));
#3589=CARTESIAN_POINT('',(113.936294921597,64.4582545838004,25.9518527234424));
#3590=CARTESIAN_POINT('',(116.251382892207,64.4582545838004,25.5478051915726));
#3591=CARTESIAN_POINT('',(114.064613203339,64.4582545838004,26.10696288083));
#3592=CARTESIAN_POINT('Origin',(116.040840753909,64.4582545838004,24.3414531333718));
#3593=CARTESIAN_POINT('',(113.90792399538,64.4582545838004,26.5216288375731));
#3594=CARTESIAN_POINT('',(114.895308169898,64.4582545838004,23.9085924406609));
#3595=CARTESIAN_POINT('',(113.998894079827,64.4582545838004,26.6070554330275));
#3596=CARTESIAN_POINT('Origin',(116.040840753909,64.4582545838004,24.3414531333718));
#3597=CARTESIAN_POINT('',(114.402903191253,64.4582545838004,26.4246383245735));
#3598=CARTESIAN_POINT('',(116.544775881008,64.4582545838004,25.457545722721));
#3599=CARTESIAN_POINT('',(114.565764445752,64.4582545838004,26.5429639521315));
#3600=CARTESIAN_POINT('Origin',(116.040840753909,64.4582545838004,24.3414531333718));
#3601=CARTESIAN_POINT('',(114.517121147387,64.4582545838004,26.9835694367733));
#3602=CARTESIAN_POINT('',(114.823649105683,64.4582545838004,24.2070739243589));
#3603=CARTESIAN_POINT('',(114.626477969732,64.4582545838004,27.0436888586067));
#3604=CARTESIAN_POINT('Origin',(116.040840753909,64.4582545838004,24.3414531333718));
#3605=CARTESIAN_POINT('',(114.972429101884,64.4582545838004,26.7665297387222));
#3606=CARTESIAN_POINT('',(116.806504772429,64.4582545838004,25.2971580517792));
#3607=CARTESIAN_POINT('',(115.159600157558,64.4582545838004,26.8406360020999));
#3608=CARTESIAN_POINT('Origin',(116.040840753909,64.4582545838004,24.3414531333718));
#3609=CARTESIAN_POINT('',(115.222059206119,64.4582545838004,27.2794961516068));
#3610=CARTESIAN_POINT('',(114.828470669244,64.4582545838004,24.5139989479713));
#3611=CARTESIAN_POINT('',(115.34293147503,64.4582545838004,27.3105308754416));
#3612=CARTESIAN_POINT('Origin',(116.040840753909,64.4582545838004,24.3414531333718));
#3613=CARTESIAN_POINT('',(115.609087245955,64.4582545838004,26.9560446709488));
#3614=CARTESIAN_POINT('',(117.020124177651,64.4582545838004,25.076719925977));
#3615=CARTESIAN_POINT('',(115.808807457009,64.4582545838004,26.9812752010744));
#3616=CARTESIAN_POINT('Origin',(116.040840753909,64.4582545838004,24.3414531333718));
#3617=CARTESIAN_POINT('',(115.978444320767,64.4582545838004,27.3908148182382));
#3618=CARTESIAN_POINT('',(114.90946990401,64.4582545838004,24.8100822834733));
#3619=CARTESIAN_POINT('',(116.10323718705,64.4582545838004,27.3908148182382));
#3620=CARTESIAN_POINT('Origin',(116.040840753909,64.4582545838004,24.3414531333718));
#3621=CARTESIAN_POINT('',(116.272874050808,64.4582545838004,26.9812752010744));
#3622=CARTESIAN_POINT('',(117.172211603807,64.4582545838004,24.8100822834733));
#3623=CARTESIAN_POINT('',(116.472594261863,64.4582545838004,26.9560446709488));
#3624=CARTESIAN_POINT('Origin',(116.040840753909,64.4582545838004,24.3414531333718));
#3625=CARTESIAN_POINT('',(116.738750032788,64.4582545838004,27.3105308754416));
#3626=CARTESIAN_POINT('',(115.061557330166,64.4582545838004,25.076719925977));
#3627=CARTESIAN_POINT('',(116.859622301698,64.4582545838004,27.2794961516068));
#3628=CARTESIAN_POINT('Origin',(116.040840753909,64.4582545838004,24.3414531333718));
#3629=CARTESIAN_POINT('',(117.253210838573,64.4582545838004,24.5139989479713));
#3630=CARTESIAN_POINT('Origin',(116.040840753909,67.1082545838004,24.3414531333718));
#3631=CARTESIAN_POINT('',(120.540840753909,67.3582545838004,24.3414531333718));
#3632=CARTESIAN_POINT('',(120.790840753909,67.1082545838004,24.3414531333718));
#3633=CARTESIAN_POINT('Origin',(116.040840753909,67.3582545838004,24.3414531333718));
#3634=CARTESIAN_POINT('Origin',(116.040840753909,67.3582545838004,24.3414531333718));
#3635=CARTESIAN_POINT('',(114.853318332668,67.3582545838004,21.9724258015221));
#3636=CARTESIAN_POINT('',(114.860281111355,67.3582545838004,21.5291980008537));
#3637=CARTESIAN_POINT('',(114.816404844597,67.3582545838004,24.3222181570449));
#3638=CARTESIAN_POINT('',(114.976310584031,67.3582545838004,21.4832586827751));
#3639=CARTESIAN_POINT('Origin',(116.040840753909,67.3582545838004,24.3414531333718));
#3640=CARTESIAN_POINT('',(115.284796539469,67.3582545838004,21.8015914942638));
#3641=CARTESIAN_POINT('',(116.920248870707,67.3582545838004,23.4892473809662));
#3642=CARTESIAN_POINT('',(115.47977967308,67.3582545838004,21.7515283345446));
#3643=CARTESIAN_POINT('Origin',(116.040840753909,67.3582545838004,24.3414531333718));
#3644=CARTESIAN_POINT('',(115.596749975008,67.3582545838004,21.3239569229192));
#3645=CARTESIAN_POINT('',(114.859656294361,67.3582545838004,24.0183176310697));
#3646=CARTESIAN_POINT('',(115.720558812266,67.3582545838004,21.3083162294622));
#3647=CARTESIAN_POINT('Origin',(116.040840753909,67.3582545838004,24.3414531333718));
#3648=CARTESIAN_POINT('',(115.940186963178,67.3582545838004,21.6933653677546));
#3649=CARTESIAN_POINT('',(117.104555600007,67.3582545838004,23.7347208971134));
#3650=CARTESIAN_POINT('',(116.141494544639,67.3582545838004,21.6933653677546));
#3651=CARTESIAN_POINT('Origin',(116.040840753909,67.3582545838004,24.3414531333718));
#3652=CARTESIAN_POINT('',(116.361122695551,67.3582545838004,21.3083162294622));
#3653=CARTESIAN_POINT('',(114.97712590781,67.3582545838004,23.7347208971134));
#3654=CARTESIAN_POINT('',(116.484931532809,67.3582545838004,21.3239569229192));
#3655=CARTESIAN_POINT('Origin',(116.040840753909,67.3582545838004,24.3414531333718));
#3656=CARTESIAN_POINT('',(116.601901834737,67.3582545838004,21.7515283345446));
#3657=CARTESIAN_POINT('',(117.222025213456,67.3582545838004,24.0183176310697));
#3658=CARTESIAN_POINT('',(116.796884968348,67.3582545838004,21.8015914942638));
#3659=CARTESIAN_POINT('Origin',(116.040840753909,67.3582545838004,24.3414531333718));
#3660=CARTESIAN_POINT('',(117.105370923786,67.3582545838004,21.4832586827751));
#3661=CARTESIAN_POINT('',(115.16143263711,67.3582545838004,23.4892473809662));
#3662=CARTESIAN_POINT('',(117.221400396462,67.3582545838004,21.5291980008537));
#3663=CARTESIAN_POINT('Origin',(116.040840753909,67.3582545838004,24.3414531333718));
#3664=CARTESIAN_POINT('',(117.228363175149,67.3582545838004,21.9724258015221));
#3665=CARTESIAN_POINT('',(117.26527666322,67.3582545838004,24.3222181570449));
#3666=CARTESIAN_POINT('',(117.404770353528,67.3582545838004,22.0694064685159));
#3667=CARTESIAN_POINT('Origin',(116.040840753909,67.3582545838004,24.3414531333718));
#3668=CARTESIAN_POINT('',(117.782730806379,67.3582545838004,21.8377920051229));
#3669=CARTESIAN_POINT('',(115.400995812624,67.3582545838004,23.2973210864362));
#3670=CARTESIAN_POINT('',(117.883690355979,67.3582545838004,21.9111434115152));
#3671=CARTESIAN_POINT('Origin',(116.040840753909,67.3582545838004,24.3414531333718));
#3672=CARTESIAN_POINT('',(117.780208114433,67.3582545838004,22.3421779684327));
#3673=CARTESIAN_POINT('',(117.231592301641,67.3582545838004,24.6273272873241));
#3674=CARTESIAN_POINT('',(117.926955025781,67.3582545838004,22.479982490724));
#3675=CARTESIAN_POINT('Origin',(116.040840753909,67.3582545838004,24.3414531333718));
#3676=CARTESIAN_POINT('',(118.350641330752,67.3582545838004,22.34963956398));
#3677=CARTESIAN_POINT('',(115.680762798985,67.3582545838004,23.1710014484642));
#3678=CARTESIAN_POINT('',(118.43018729747,67.3582545838004,22.4457941200548));
#3679=CARTESIAN_POINT('Origin',(116.040840753909,67.3582545838004,24.3414531333718));
#3680=CARTESIAN_POINT('',(118.22276220551,67.3582545838004,22.8375519467762));
#3681=CARTESIAN_POINT('',(117.12308864104,67.3582545838004,24.9144738931388));
#3682=CARTESIAN_POINT('',(118.330628201689,67.3582545838004,23.0075215594198));
#3683=CARTESIAN_POINT('Origin',(116.040840753909,67.3582545838004,24.3414531333718));
#3684=CARTESIAN_POINT('',(118.77341859003,67.3582545838004,22.98664009478));
#3685=CARTESIAN_POINT('',(115.983154807527,67.3582545838004,23.1182255944752));
#3686=CARTESIAN_POINT('',(118.826552808228,67.3582545838004,23.0995560561474));
#3687=CARTESIAN_POINT('Origin',(116.040840753909,67.3582545838004,24.3414531333718));
#3688=CARTESIAN_POINT('',(118.528218147236,67.3582545838004,23.4274215676352));
#3689=CARTESIAN_POINT('',(116.946583365462,67.3582545838004,25.1656154971944));
#3690=CARTESIAN_POINT('',(118.590425611004,67.3582545838004,23.6188764547641));
#3691=CARTESIAN_POINT('Origin',(116.040840753909,67.3582545838004,24.3414531333718));
#3692=CARTESIAN_POINT('',(119.024497934146,67.3582545838004,23.7087685114484));
#3693=CARTESIAN_POINT('',(116.289171436235,67.3582545838004,23.1423096254712));
#3694=CARTESIAN_POINT('',(119.047881785481,67.3582545838004,23.8313509529799));
#3695=CARTESIAN_POINT('Origin',(116.040840753909,67.3582545838004,24.3414531333718));
#3696=CARTESIAN_POINT('',(118.677383019406,67.3582545838004,24.0747231533423));
#3697=CARTESIAN_POINT('',(116.713166950511,67.3582545838004,25.3649719488739));
#3698=CARTESIAN_POINT('',(118.690023227031,67.3582545838004,24.2756335002765));
#3699=CARTESIAN_POINT('Origin',(116.040840753909,67.3582545838004,24.3414531333718));
#3700=CARTESIAN_POINT('',(119.088103124504,67.3582545838004,24.4706508297636));
#3701=CARTESIAN_POINT('',(116.579584534876,67.3582545838004,23.2417402532099));
#3702=CARTESIAN_POINT('',(119.080267315597,67.3582545838004,24.595197445831));
#3703=CARTESIAN_POINT('Origin',(116.040840753909,67.3582545838004,24.3414531333718));
#3704=CARTESIAN_POINT('',(118.66088424451,67.3582545838004,24.738784364659));
#3705=CARTESIAN_POINT('',(116.437505807985,67.3582545838004,25.5000169491365));
#3706=CARTESIAN_POINT('',(118.62316296526,67.3582545838004,24.936526235404));
#3707=CARTESIAN_POINT('Origin',(116.040840753909,67.3582545838004,24.3414531333718));
#3708=CARTESIAN_POINT('',(118.960237613071,67.3582545838004,25.2244151816586));
#3709=CARTESIAN_POINT('',(116.836146380398,67.3582545838004,23.4102698856703));
#3710=CARTESIAN_POINT('',(118.921674496612,67.3582545838004,25.343100250324));
#3711=CARTESIAN_POINT('Origin',(116.040840753909,67.3582545838004,24.3414531333718));
#3712=CARTESIAN_POINT('',(118.479758501254,67.3582545838004,25.3778797934318));
#3713=CARTESIAN_POINT('',(116.136920741279,67.3582545838004,25.562265123955));
#3714=CARTESIAN_POINT('',(118.394045901833,67.3582545838004,25.560028339005));
#3715=CARTESIAN_POINT('Origin',(116.040840753909,67.3582545838004,24.3414531333718));
#3716=CARTESIAN_POINT('',(118.648935660185,67.3582545838004,25.9226997807525));
#3717=CARTESIAN_POINT('',(117.042736248477,67.3582545838004,23.6373091862362));
#3718=CARTESIAN_POINT('',(118.582068298609,67.3582545838004,26.0280658826585));
#3719=CARTESIAN_POINT('Origin',(116.040840753909,67.3582545838004,24.3414531333718));
#3720=CARTESIAN_POINT('',(118.14538658622,67.3582545838004,25.9518527234424));
#3721=CARTESIAN_POINT('',(115.83029861561,67.3582545838004,25.5478051915726));
#3722=CARTESIAN_POINT('',(118.017068304478,67.3582545838004,26.1069628808299));
#3723=CARTESIAN_POINT('Origin',(116.040840753909,67.3582545838004,24.3414531333718));
#3724=CARTESIAN_POINT('',(118.173757512437,67.3582545838004,26.5216288375731));
#3725=CARTESIAN_POINT('',(117.18637333792,67.3582545838004,23.9085924406609));
#3726=CARTESIAN_POINT('',(118.082787427991,67.3582545838004,26.6070554330275));
#3727=CARTESIAN_POINT('Origin',(116.040840753909,67.3582545838004,24.3414531333718));
#3728=CARTESIAN_POINT('',(117.678778316564,67.3582545838004,26.4246383245735));
#3729=CARTESIAN_POINT('',(115.536905626809,67.3582545838004,25.457545722721));
#3730=CARTESIAN_POINT('',(117.515917062065,67.3582545838004,26.5429639521314));
#3731=CARTESIAN_POINT('Origin',(116.040840753909,67.3582545838004,24.3414531333718));
#3732=CARTESIAN_POINT('',(117.564560360431,67.3582545838004,26.9835694367733));
#3733=CARTESIAN_POINT('',(117.258032402134,67.3582545838004,24.2070739243588));
#3734=CARTESIAN_POINT('',(117.455203538085,67.3582545838004,27.0436888586067));
#3735=CARTESIAN_POINT('Origin',(116.040840753909,67.3582545838004,24.3414531333718));
#3736=CARTESIAN_POINT('',(117.109252405933,67.3582545838004,26.7665297387222));
#3737=CARTESIAN_POINT('',(115.275176735388,67.3582545838004,25.2971580517792));
#3738=CARTESIAN_POINT('',(116.922081350259,67.3582545838004,26.8406360020998));
#3739=CARTESIAN_POINT('Origin',(116.040840753909,67.3582545838004,24.3414531333718));
#3740=CARTESIAN_POINT('',(116.859622301698,67.3582545838004,27.2794961516068));
#3741=CARTESIAN_POINT('',(117.253210838573,67.3582545838004,24.5139989479713));
#3742=CARTESIAN_POINT('',(116.738750032788,67.3582545838004,27.3105308754416));
#3743=CARTESIAN_POINT('Origin',(116.040840753909,67.3582545838004,24.3414531333718));
#3744=CARTESIAN_POINT('',(116.472594261863,67.3582545838004,26.9560446709488));
#3745=CARTESIAN_POINT('',(115.061557330166,67.3582545838004,25.076719925977));
#3746=CARTESIAN_POINT('',(116.272874050808,67.3582545838004,26.9812752010744));
#3747=CARTESIAN_POINT('Origin',(116.040840753909,67.3582545838004,24.3414531333718));
#3748=CARTESIAN_POINT('',(116.10323718705,67.3582545838004,27.3908148182382));
#3749=CARTESIAN_POINT('',(117.172211603807,67.3582545838004,24.8100822834733));
#3750=CARTESIAN_POINT('',(115.978444320767,67.3582545838004,27.3908148182382));
#3751=CARTESIAN_POINT('Origin',(116.040840753909,67.3582545838004,24.3414531333718));
#3752=CARTESIAN_POINT('',(115.808807457009,67.3582545838004,26.9812752010744));
#3753=CARTESIAN_POINT('',(114.90946990401,67.3582545838004,24.8100822834733));
#3754=CARTESIAN_POINT('',(115.609087245955,67.3582545838004,26.9560446709488));
#3755=CARTESIAN_POINT('Origin',(116.040840753909,67.3582545838004,24.3414531333718));
#3756=CARTESIAN_POINT('',(115.34293147503,67.3582545838004,27.3105308754416));
#3757=CARTESIAN_POINT('',(117.020124177651,67.3582545838004,25.076719925977));
#3758=CARTESIAN_POINT('',(115.222059206119,67.3582545838004,27.2794961516068));
#3759=CARTESIAN_POINT('Origin',(116.040840753909,67.3582545838004,24.3414531333718));
#3760=CARTESIAN_POINT('',(115.159600157558,67.3582545838004,26.8406360020999));
#3761=CARTESIAN_POINT('',(114.828470669244,67.3582545838004,24.5139989479713));
#3762=CARTESIAN_POINT('',(114.972429101884,67.3582545838004,26.7665297387222));
#3763=CARTESIAN_POINT('Origin',(116.040840753909,67.3582545838004,24.3414531333718));
#3764=CARTESIAN_POINT('',(114.626477969732,67.3582545838004,27.0436888586067));
#3765=CARTESIAN_POINT('',(116.806504772429,67.3582545838004,25.2971580517792));
#3766=CARTESIAN_POINT('',(114.517121147387,67.3582545838004,26.9835694367733));
#3767=CARTESIAN_POINT('Origin',(116.040840753909,67.3582545838004,24.3414531333718));
#3768=CARTESIAN_POINT('',(114.565764445752,67.3582545838004,26.5429639521315));
#3769=CARTESIAN_POINT('',(114.823649105683,67.3582545838004,24.2070739243589));
#3770=CARTESIAN_POINT('',(114.402903191253,67.3582545838004,26.4246383245735));
#3771=CARTESIAN_POINT('Origin',(116.040840753909,67.3582545838004,24.3414531333718));
#3772=CARTESIAN_POINT('',(113.998894079827,67.3582545838004,26.6070554330275));
#3773=CARTESIAN_POINT('',(116.544775881008,67.3582545838004,25.457545722721));
#3774=CARTESIAN_POINT('',(113.90792399538,67.3582545838004,26.5216288375731));
#3775=CARTESIAN_POINT('Origin',(116.040840753909,67.3582545838004,24.3414531333718));
#3776=CARTESIAN_POINT('',(114.064613203339,67.3582545838004,26.10696288083));
#3777=CARTESIAN_POINT('',(114.895308169898,67.3582545838004,23.9085924406609));
#3778=CARTESIAN_POINT('',(113.936294921597,67.3582545838004,25.9518527234424));
#3779=CARTESIAN_POINT('Origin',(116.040840753909,67.3582545838004,24.3414531333718));
#3780=CARTESIAN_POINT('',(113.499613209208,67.3582545838004,26.0280658826585));
#3781=CARTESIAN_POINT('',(116.251382892207,67.3582545838004,25.5478051915726));
#3782=CARTESIAN_POINT('',(113.432745847632,67.3582545838004,25.9226997807525));
#3783=CARTESIAN_POINT('Origin',(116.040840753909,67.3582545838004,24.3414531333718));
#3784=CARTESIAN_POINT('',(113.687635605985,67.3582545838004,25.560028339005));
#3785=CARTESIAN_POINT('',(115.03894525934,67.3582545838004,23.6373091862362));
#3786=CARTESIAN_POINT('',(113.601923006563,67.3582545838004,25.3778797934318));
#3787=CARTESIAN_POINT('Origin',(116.040840753909,67.3582545838004,24.3414531333718));
#3788=CARTESIAN_POINT('',(113.160007011205,67.3582545838004,25.343100250324));
#3789=CARTESIAN_POINT('',(115.944760766538,67.3582545838004,25.562265123955));
#3790=CARTESIAN_POINT('',(113.121443894747,67.3582545838004,25.2244151816587));
#3791=CARTESIAN_POINT('Origin',(116.040840753909,67.3582545838004,24.3414531333718));
#3792=CARTESIAN_POINT('',(113.458518542557,67.3582545838004,24.936526235404));
#3793=CARTESIAN_POINT('',(115.24553512742,67.3582545838004,23.4102698856703));
#3794=CARTESIAN_POINT('',(113.420797263307,67.3582545838004,24.738784364659));
#3795=CARTESIAN_POINT('Origin',(116.040840753909,67.3582545838004,24.3414531333718));
#3796=CARTESIAN_POINT('',(113.001414192221,67.3582545838004,24.595197445831));
#3797=CARTESIAN_POINT('',(115.644175699832,67.3582545838004,25.5000169491365));
#3798=CARTESIAN_POINT('',(112.993578383313,67.3582545838004,24.4706508297637));
#3799=CARTESIAN_POINT('Origin',(116.040840753909,67.3582545838004,24.3414531333718));
#3800=CARTESIAN_POINT('',(113.391658280786,67.3582545838004,24.2756335002766));
#3801=CARTESIAN_POINT('',(115.502096972941,67.3582545838004,23.2417402532099));
#3802=CARTESIAN_POINT('',(113.404298488411,67.3582545838004,24.0747231533424));
#3803=CARTESIAN_POINT('Origin',(116.040840753909,67.3582545838004,24.3414531333718));
#3804=CARTESIAN_POINT('',(113.033799722336,67.3582545838004,23.8313509529799));
#3805=CARTESIAN_POINT('',(115.368514557306,67.3582545838004,25.3649719488739));
#3806=CARTESIAN_POINT('',(113.057183573671,67.3582545838004,23.7087685114485));
#3807=CARTESIAN_POINT('Origin',(116.040840753909,67.3582545838004,24.3414531333718));
#3808=CARTESIAN_POINT('',(113.491255896813,67.3582545838004,23.6188764547642));
#3809=CARTESIAN_POINT('',(115.792510071582,67.3582545838004,23.1423096254712));
#3810=CARTESIAN_POINT('',(113.553463360581,67.3582545838004,23.4274215676352));
#3811=CARTESIAN_POINT('Origin',(116.040840753909,67.3582545838004,24.3414531333718));
#3812=CARTESIAN_POINT('',(113.255128699589,67.3582545838004,23.0995560561474));
#3813=CARTESIAN_POINT('',(115.135098142355,67.3582545838004,25.1656154971944));
#3814=CARTESIAN_POINT('',(113.308262917787,67.3582545838004,22.98664009478));
#3815=CARTESIAN_POINT('Origin',(116.040840753909,67.3582545838004,24.3414531333718));
#3816=CARTESIAN_POINT('',(113.751053306128,67.3582545838004,23.0075215594198));
#3817=CARTESIAN_POINT('',(116.09852670029,67.3582545838004,23.1182255944752));
#3818=CARTESIAN_POINT('',(113.858919302308,67.3582545838004,22.8375519467763));
#3819=CARTESIAN_POINT('Origin',(116.040840753909,67.3582545838004,24.3414531333718));
#3820=CARTESIAN_POINT('',(113.651494210347,67.3582545838004,22.4457941200549));
#3821=CARTESIAN_POINT('',(114.958592866777,67.3582545838004,24.9144738931388));
#3822=CARTESIAN_POINT('',(113.731040177065,67.3582545838004,22.3496395639801));
#3823=CARTESIAN_POINT('Origin',(116.040840753909,67.3582545838004,24.3414531333718));
#3824=CARTESIAN_POINT('',(114.154726482036,67.3582545838004,22.479982490724));
#3825=CARTESIAN_POINT('',(116.400918708832,67.3582545838004,23.1710014484642));
#3826=CARTESIAN_POINT('',(114.301473393384,67.3582545838004,22.3421779684328));
#3827=CARTESIAN_POINT('Origin',(116.040840753909,67.3582545838004,24.3414531333718));
#3828=CARTESIAN_POINT('',(114.197991151839,67.3582545838004,21.9111434115152));
#3829=CARTESIAN_POINT('',(114.850089206176,67.3582545838004,24.6273272873241));
#3830=CARTESIAN_POINT('',(114.298950701438,67.3582545838004,21.8377920051229));
#3831=CARTESIAN_POINT('Origin',(116.040840753909,67.3582545838004,24.3414531333718));
#3832=CARTESIAN_POINT('',(114.676911154289,67.3582545838004,22.0694064685159));
#3833=CARTESIAN_POINT('',(116.680685695193,67.3582545838004,23.2973210864362));
#3834=CARTESIAN_POINT('Origin',(116.040840753909,67.3582545838004,24.3414531333718));
#3835=CARTESIAN_POINT('Origin',(116.040840753909,78.5415700727164,24.3414531333717));
#3836=CARTESIAN_POINT('',(116.472594261863,78.482504364292,26.9560446709488));
#3837=CARTESIAN_POINT('',(116.272874050808,78.5415700727164,26.9812752010744));
#3838=CARTESIAN_POINT('Origin',(116.040840753909,78.5415700727164,24.3414531333717));
#3839=CARTESIAN_POINT('',(117.678778316564,78.2535864643778,26.4246383245735));
#3840=CARTESIAN_POINT('',(117.515917062065,78.2906132620951,26.5429639521314));
#3841=CARTESIAN_POINT('Origin',(116.040840753909,78.5415700727164,24.3414531333717));
#3842=CARTESIAN_POINT('',(118.479758501254,78.446439114289,25.3778797934317));
#3843=CARTESIAN_POINT('',(118.394045901833,78.2535864643778,25.560028339005));
#3844=CARTESIAN_POINT('Origin',(116.040840753909,78.5415700727164,24.3414531333717));
#3845=CARTESIAN_POINT('',(118.677383019406,78.5101648795206,24.0747231533423));
#3846=CARTESIAN_POINT('',(118.690023227031,78.5395654321988,24.2756335002765));
#3847=CARTESIAN_POINT('Origin',(116.040840753909,78.5415700727164,24.3414531333717));
#3848=CARTESIAN_POINT('',(118.22276220551,78.2535864643778,22.8375519467762));
#3849=CARTESIAN_POINT('',(118.330628201689,78.3501558962172,23.0075215594197));
#3850=CARTESIAN_POINT('Origin',(116.040840753909,78.5415700727164,24.3414531333717));
#3851=CARTESIAN_POINT('',(117.228363175149,78.4022199229149,21.9724258015221));
#3852=CARTESIAN_POINT('',(117.404770353528,78.2535864643778,22.0694064685159));
#3853=CARTESIAN_POINT('Origin',(116.040840753909,78.5415700727164,24.3414531333717));
#3854=CARTESIAN_POINT('',(115.940186963178,78.5292291088248,21.6933653677545));
#3855=CARTESIAN_POINT('',(116.14149454464,78.5292291088248,21.6933653677545));
#3856=CARTESIAN_POINT('Origin',(116.040840753909,78.5415700727164,24.3414531333717));
#3857=CARTESIAN_POINT('',(114.676911154289,78.2535864643778,22.0694064685159));
#3858=CARTESIAN_POINT('',(114.853318332668,78.4022199229149,21.9724258015221));
#3859=CARTESIAN_POINT('Origin',(116.040840753909,78.5415700727164,24.3414531333717));
#3860=CARTESIAN_POINT('',(113.751053306128,78.3501558962172,23.0075215594198));
#3861=CARTESIAN_POINT('',(113.858919302308,78.2535864643778,22.8375519467763));
#3862=CARTESIAN_POINT('Origin',(116.040840753909,78.5415700727164,24.3414531333717));
#3863=CARTESIAN_POINT('',(113.391658280786,78.5395654321988,24.2756335002766));
#3864=CARTESIAN_POINT('',(113.404298488411,78.5101648795206,24.0747231533424));
#3865=CARTESIAN_POINT('Origin',(116.040840753909,78.5415700727164,24.3414531333717));
#3866=CARTESIAN_POINT('',(113.687635605985,78.2535864643778,25.560028339005));
#3867=CARTESIAN_POINT('',(113.601923006563,78.446439114289,25.3778797934318));
#3868=CARTESIAN_POINT('Origin',(116.040840753909,78.5415700727164,24.3414531333717));
#3869=CARTESIAN_POINT('',(114.565764445752,78.2906132620951,26.5429639521314));
#3870=CARTESIAN_POINT('',(114.402903191253,78.2535864643778,26.4246383245735));
#3871=CARTESIAN_POINT('Origin',(116.040840753909,78.5415700727164,24.3414531333717));
#3872=CARTESIAN_POINT('',(115.159600157558,78.482504364292,26.8406360020998));
#3873=CARTESIAN_POINT('',(114.972429101884,78.2906132620951,26.7665297387221));
#3874=CARTESIAN_POINT('Origin',(116.040840753909,78.5415700727164,24.3414531333717));
#3875=CARTESIAN_POINT('',(114.064613203339,78.2535864643778,26.1069628808299));
#3876=CARTESIAN_POINT('',(113.936294921597,78.2535864643778,25.9518527234424));
#3877=CARTESIAN_POINT('Origin',(116.040840753909,78.5415700727164,24.3414531333717));
#3878=CARTESIAN_POINT('',(113.458518542557,78.446439114289,24.936526235404));
#3879=CARTESIAN_POINT('',(113.420797263307,78.5395654321988,24.738784364659));
#3880=CARTESIAN_POINT('Origin',(116.040840753909,78.5415700727164,24.3414531333717));
#3881=CARTESIAN_POINT('',(113.491255896813,78.5101648795206,23.6188764547641));
#3882=CARTESIAN_POINT('',(113.553463360581,78.3501558962172,23.4274215676352));
#3883=CARTESIAN_POINT('Origin',(116.040840753909,78.5415700727164,24.3414531333717));
#3884=CARTESIAN_POINT('',(114.154726482036,78.2535864643778,22.479982490724));
#3885=CARTESIAN_POINT('',(114.301473393384,78.2535864643778,22.3421779684328));
#3886=CARTESIAN_POINT('Origin',(116.040840753909,78.5415700727164,24.3414531333717));
#3887=CARTESIAN_POINT('',(115.284796539469,78.4022199229149,21.8015914942638));
#3888=CARTESIAN_POINT('',(115.47977967308,78.5292291088248,21.7515283345446));
#3889=CARTESIAN_POINT('Origin',(116.040840753909,78.5415700727164,24.3414531333717));
#3890=CARTESIAN_POINT('',(116.601901834737,78.5292291088248,21.7515283345446));
#3891=CARTESIAN_POINT('',(116.796884968348,78.4022199229149,21.8015914942638));
#3892=CARTESIAN_POINT('Origin',(116.040840753909,78.5415700727164,24.3414531333717));
#3893=CARTESIAN_POINT('',(117.780208114433,78.2535864643778,22.3421779684327));
#3894=CARTESIAN_POINT('',(117.926955025781,78.2535864643778,22.4799824907239));
#3895=CARTESIAN_POINT('Origin',(116.040840753909,78.5415700727164,24.3414531333717));
#3896=CARTESIAN_POINT('',(118.528218147236,78.3501558962172,23.4274215676352));
#3897=CARTESIAN_POINT('',(118.590425611004,78.5101648795206,23.6188764547641));
#3898=CARTESIAN_POINT('Origin',(116.040840753909,78.5415700727164,24.3414531333717));
#3899=CARTESIAN_POINT('',(118.66088424451,78.5395654321988,24.7387843646589));
#3900=CARTESIAN_POINT('',(118.62316296526,78.446439114289,24.936526235404));
#3901=CARTESIAN_POINT('Origin',(116.040840753909,78.5415700727164,24.3414531333717));
#3902=CARTESIAN_POINT('',(118.14538658622,78.2535864643778,25.9518527234424));
#3903=CARTESIAN_POINT('',(118.017068304478,78.2535864643778,26.1069628808299));
#3904=CARTESIAN_POINT('Origin',(116.040840753909,78.5415700727164,24.3414531333717));
#3905=CARTESIAN_POINT('',(117.109252405933,78.2906132620951,26.7665297387221));
#3906=CARTESIAN_POINT('',(116.922081350259,78.482504364292,26.8406360020998));
#3907=CARTESIAN_POINT('Origin',(117.172211603807,78.5415700727164,24.8100822834733));
#3908=CARTESIAN_POINT('',(116.10323718705,78.5415700727164,27.3908148182381));
#3909=CARTESIAN_POINT('Origin',(116.040840753909,78.5415700727164,24.3414531333717));
#3910=CARTESIAN_POINT('',(115.978444320767,78.5415700727164,27.3908148182381));
#3911=CARTESIAN_POINT('Origin',(114.90946990401,78.5415700727164,24.8100822834733));
#3912=CARTESIAN_POINT('',(115.808807457009,78.5415700727164,26.9812752010744));
#3913=CARTESIAN_POINT('Origin',(116.040840753909,78.5415700727164,24.3414531333717));
#3914=CARTESIAN_POINT('',(115.609087245955,78.482504364292,26.9560446709488));
#3915=CARTESIAN_POINT('Origin',(117.258032402134,78.2906132620951,24.2070739243588));
#3916=CARTESIAN_POINT('',(117.564560360431,78.2906132620951,26.9835694367733));
#3917=CARTESIAN_POINT('Origin',(115.275176735388,78.2906132620951,25.2971580517792));
#3918=CARTESIAN_POINT('',(117.455203538085,78.2906132620951,27.0436888586067));
#3919=CARTESIAN_POINT('Origin',(116.040840753909,78.2906132620951,24.3414531333717));
#3920=CARTESIAN_POINT('Origin',(117.042736248477,78.2535864643778,23.6373091862361));
#3921=CARTESIAN_POINT('',(118.648935660185,78.2535864643778,25.9226997807525));
#3922=CARTESIAN_POINT('Origin',(115.83029861561,78.2535864643778,25.5478051915726));
#3923=CARTESIAN_POINT('',(118.582068298609,78.2535864643778,26.0280658826584));
#3924=CARTESIAN_POINT('Origin',(116.040840753909,78.2535864643778,24.3414531333717));
#3925=CARTESIAN_POINT('Origin',(116.579584534876,78.5395654321988,23.2417402532099));
#3926=CARTESIAN_POINT('',(119.088103124504,78.5395654321988,24.4706508297636));
#3927=CARTESIAN_POINT('Origin',(116.437505807985,78.5395654321988,25.5000169491365));
#3928=CARTESIAN_POINT('',(119.080267315597,78.5395654321988,24.5951974458309));
#3929=CARTESIAN_POINT('Origin',(116.040840753909,78.5395654321988,24.3414531333717));
#3930=CARTESIAN_POINT('Origin',(115.983154807527,78.3501558962172,23.1182255944752));
#3931=CARTESIAN_POINT('',(118.77341859003,78.3501558962172,22.9866400947799));
#3932=CARTESIAN_POINT('Origin',(116.946583365462,78.3501558962172,25.1656154971944));
#3933=CARTESIAN_POINT('',(118.826552808228,78.3501558962172,23.0995560561473));
#3934=CARTESIAN_POINT('Origin',(116.040840753909,78.3501558962172,24.3414531333717));
#3935=CARTESIAN_POINT('Origin',(115.400995812624,78.2535864643778,23.2973210864362));
#3936=CARTESIAN_POINT('',(117.782730806379,78.2535864643778,21.8377920051228));
#3937=CARTESIAN_POINT('Origin',(117.231592301641,78.2535864643778,24.627327287324));
#3938=CARTESIAN_POINT('',(117.883690355979,78.2535864643778,21.9111434115151));
#3939=CARTESIAN_POINT('Origin',(116.040840753909,78.2535864643778,24.3414531333717));
#3940=CARTESIAN_POINT('Origin',(114.97712590781,78.5292291088248,23.7347208971134));
#3941=CARTESIAN_POINT('',(116.361122695551,78.5292291088248,21.3083162294622));
#3942=CARTESIAN_POINT('Origin',(117.222025213456,78.5292291088248,24.0183176310697));
#3943=CARTESIAN_POINT('',(116.484931532809,78.5292291088248,21.3239569229192));
#3944=CARTESIAN_POINT('Origin',(116.040840753909,78.5292291088248,24.3414531333717));
#3945=CARTESIAN_POINT('Origin',(114.816404844597,78.4022199229149,24.3222181570449));
#3946=CARTESIAN_POINT('',(114.860281111355,78.4022199229149,21.5291980008537));
#3947=CARTESIAN_POINT('Origin',(116.920248870707,78.4022199229149,23.4892473809662));
#3948=CARTESIAN_POINT('',(114.976310584031,78.4022199229149,21.4832586827751));
#3949=CARTESIAN_POINT('Origin',(116.040840753909,78.4022199229149,24.3414531333717));
#3950=CARTESIAN_POINT('Origin',(114.958592866777,78.2535864643778,24.9144738931388));
#3951=CARTESIAN_POINT('',(113.651494210347,78.2535864643778,22.4457941200549));
#3952=CARTESIAN_POINT('Origin',(116.400918708832,78.2535864643778,23.1710014484642));
#3953=CARTESIAN_POINT('',(113.731040177065,78.2535864643778,22.3496395639801));
#3954=CARTESIAN_POINT('Origin',(116.040840753909,78.2535864643778,24.3414531333717));
#3955=CARTESIAN_POINT('Origin',(115.368514557306,78.5101648795206,25.3649719488739));
#3956=CARTESIAN_POINT('',(113.033799722336,78.5101648795206,23.8313509529799));
#3957=CARTESIAN_POINT('Origin',(115.792510071582,78.5101648795206,23.1423096254712));
#3958=CARTESIAN_POINT('',(113.057183573671,78.5101648795206,23.7087685114485));
#3959=CARTESIAN_POINT('Origin',(116.040840753909,78.5101648795206,24.3414531333717));
#3960=CARTESIAN_POINT('Origin',(115.944760766538,78.446439114289,25.5622651239549));
#3961=CARTESIAN_POINT('',(113.160007011205,78.446439114289,25.343100250324));
#3962=CARTESIAN_POINT('Origin',(115.24553512742,78.446439114289,23.4102698856703));
#3963=CARTESIAN_POINT('',(113.121443894747,78.446439114289,25.2244151816586));
#3964=CARTESIAN_POINT('Origin',(116.040840753909,78.446439114289,24.3414531333717));
#3965=CARTESIAN_POINT('Origin',(116.544775881008,78.2535864643778,25.457545722721));
#3966=CARTESIAN_POINT('',(113.998894079827,78.2535864643778,26.6070554330275));
#3967=CARTESIAN_POINT('Origin',(114.895308169898,78.2535864643778,23.9085924406609));
#3968=CARTESIAN_POINT('',(113.90792399538,78.2535864643778,26.5216288375731));
#3969=CARTESIAN_POINT('Origin',(116.040840753909,78.2535864643778,24.3414531333717));
#3970=CARTESIAN_POINT('Origin',(117.020124177651,78.482504364292,25.0767199259769));
#3971=CARTESIAN_POINT('',(115.34293147503,78.482504364292,27.3105308754416));
#3972=CARTESIAN_POINT('Origin',(114.828470669244,78.482504364292,24.5139989479713));
#3973=CARTESIAN_POINT('',(115.222059206119,78.482504364292,27.2794961516068));
#3974=CARTESIAN_POINT('Origin',(116.040840753909,78.482504364292,24.3414531333717));
#3975=CARTESIAN_POINT('Origin',(116.806504772429,78.2906132620951,25.2971580517791));
#3976=CARTESIAN_POINT('',(114.626477969732,78.2906132620951,27.0436888586067));
#3977=CARTESIAN_POINT('Origin',(114.823649105683,78.2906132620951,24.2070739243588));
#3978=CARTESIAN_POINT('',(114.517121147387,78.2906132620951,26.9835694367733));
#3979=CARTESIAN_POINT('Origin',(116.040840753909,78.2906132620951,24.3414531333717));
#3980=CARTESIAN_POINT('Origin',(116.251382892207,78.2535864643778,25.5478051915726));
#3981=CARTESIAN_POINT('',(113.499613209208,78.2535864643778,26.0280658826585));
#3982=CARTESIAN_POINT('Origin',(115.03894525934,78.2535864643778,23.6373091862362));
#3983=CARTESIAN_POINT('',(113.432745847632,78.2535864643778,25.9226997807525));
#3984=CARTESIAN_POINT('Origin',(116.040840753909,78.2535864643778,24.3414531333717));
#3985=CARTESIAN_POINT('Origin',(115.644175699832,78.5395654321988,25.5000169491365));
#3986=CARTESIAN_POINT('',(113.001414192221,78.5395654321988,24.595197445831));
#3987=CARTESIAN_POINT('Origin',(115.502096972941,78.5395654321988,23.2417402532099));
#3988=CARTESIAN_POINT('',(112.993578383313,78.5395654321988,24.4706508297637));
#3989=CARTESIAN_POINT('Origin',(116.040840753909,78.5395654321988,24.3414531333717));
#3990=CARTESIAN_POINT('Origin',(115.135098142355,78.3501558962172,25.1656154971944));
#3991=CARTESIAN_POINT('',(113.255128699589,78.3501558962172,23.0995560561474));
#3992=CARTESIAN_POINT('Origin',(116.09852670029,78.3501558962172,23.1182255944752));
#3993=CARTESIAN_POINT('',(113.308262917787,78.3501558962172,22.98664009478));
#3994=CARTESIAN_POINT('Origin',(116.040840753909,78.3501558962172,24.3414531333717));
#3995=CARTESIAN_POINT('Origin',(114.850089206176,78.2535864643778,24.6273272873241));
#3996=CARTESIAN_POINT('',(114.197991151839,78.2535864643778,21.9111434115152));
#3997=CARTESIAN_POINT('Origin',(116.680685695193,78.2535864643778,23.2973210864362));
#3998=CARTESIAN_POINT('',(114.298950701438,78.2535864643778,21.8377920051229));
#3999=CARTESIAN_POINT('Origin',(116.040840753909,78.2535864643778,24.3414531333717));
#4000=CARTESIAN_POINT('Origin',(114.859656294361,78.5292291088248,24.0183176310697));
#4001=CARTESIAN_POINT('',(115.596749975008,78.5292291088248,21.3239569229192));
#4002=CARTESIAN_POINT('Origin',(117.104555600007,78.5292291088248,23.7347208971133));
#4003=CARTESIAN_POINT('',(115.720558812266,78.5292291088248,21.3083162294622));
#4004=CARTESIAN_POINT('Origin',(116.040840753909,78.5292291088248,24.3414531333717));
#4005=CARTESIAN_POINT('Origin',(115.16143263711,78.4022199229149,23.4892473809662));
#4006=CARTESIAN_POINT('',(117.105370923786,78.4022199229149,21.4832586827751));
#4007=CARTESIAN_POINT('Origin',(117.26527666322,78.4022199229149,24.3222181570449));
#4008=CARTESIAN_POINT('',(117.221400396462,78.4022199229149,21.5291980008537));
#4009=CARTESIAN_POINT('Origin',(116.040840753909,78.4022199229149,24.3414531333717));
#4010=CARTESIAN_POINT('Origin',(115.680762798985,78.2535864643778,23.1710014484642));
#4011=CARTESIAN_POINT('',(118.350641330752,78.2535864643778,22.34963956398));
#4012=CARTESIAN_POINT('Origin',(117.12308864104,78.2535864643778,24.9144738931388));
#4013=CARTESIAN_POINT('',(118.43018729747,78.2535864643778,22.4457941200548));
#4014=CARTESIAN_POINT('Origin',(116.040840753909,78.2535864643778,24.3414531333717));
#4015=CARTESIAN_POINT('Origin',(116.289171436235,78.5101648795206,23.1423096254712));
#4016=CARTESIAN_POINT('',(119.024497934146,78.5101648795206,23.7087685114484));
#4017=CARTESIAN_POINT('Origin',(116.713166950511,78.5101648795206,25.3649719488739));
#4018=CARTESIAN_POINT('',(119.047881785481,78.5101648795206,23.8313509529798));
#4019=CARTESIAN_POINT('Origin',(116.040840753909,78.5101648795206,24.3414531333717));
#4020=CARTESIAN_POINT('Origin',(116.836146380398,78.446439114289,23.4102698856703));
#4021=CARTESIAN_POINT('',(118.960237613071,78.446439114289,25.2244151816586));
#4022=CARTESIAN_POINT('Origin',(116.136920741279,78.446439114289,25.5622651239549));
#4023=CARTESIAN_POINT('',(118.921674496613,78.446439114289,25.3431002503239));
#4024=CARTESIAN_POINT('Origin',(116.040840753909,78.446439114289,24.3414531333717));
#4025=CARTESIAN_POINT('Origin',(117.18637333792,78.2535864643778,23.9085924406608));
#4026=CARTESIAN_POINT('',(118.173757512437,78.2535864643778,26.521628837573));
#4027=CARTESIAN_POINT('Origin',(115.536905626809,78.2535864643778,25.457545722721));
#4028=CARTESIAN_POINT('',(118.082787427991,78.2535864643778,26.6070554330274));
#4029=CARTESIAN_POINT('Origin',(116.040840753909,78.2535864643778,24.3414531333717));
#4030=CARTESIAN_POINT('Origin',(117.253210838573,78.482504364292,24.5139989479712));
#4031=CARTESIAN_POINT('',(116.859622301698,78.482504364292,27.2794961516068));
#4032=CARTESIAN_POINT('Origin',(116.040840753909,78.482504364292,24.3414531333717));
#4033=CARTESIAN_POINT('',(116.738750032788,78.482504364292,27.3105308754416));
#4034=CARTESIAN_POINT('Origin',(115.061557330166,78.482504364292,25.076719925977));
#4035=UNCERTAINTY_MEASURE_WITH_UNIT(LENGTH_MEASURE(0.01),#4039,
'DISTANCE_ACCURACY_VALUE',
'Maximum model space distance between geometric entities at asserted c
onnectivities');
#4036=UNCERTAINTY_MEASURE_WITH_UNIT(LENGTH_MEASURE(0.01),#4039,
'DISTANCE_ACCURACY_VALUE',
'Maximum model space distance between geometric entities at asserted c
onnectivities');
#4037=(
GEOMETRIC_REPRESENTATION_CONTEXT(3)
GLOBAL_UNCERTAINTY_ASSIGNED_CONTEXT((#4035))
GLOBAL_UNIT_ASSIGNED_CONTEXT((#4039,#4041,#4042))
REPRESENTATION_CONTEXT('','3D')
);
#4038=(
GEOMETRIC_REPRESENTATION_CONTEXT(3)
GLOBAL_UNCERTAINTY_ASSIGNED_CONTEXT((#4036))
GLOBAL_UNIT_ASSIGNED_CONTEXT((#4039,#4041,#4042))
REPRESENTATION_CONTEXT('','3D')
);
#4039=(
LENGTH_UNIT()
NAMED_UNIT(*)
SI_UNIT(.MILLI.,.METRE.)
);
#4040=(
LENGTH_UNIT()
NAMED_UNIT(*)
SI_UNIT($,.METRE.)
);
#4041=(
NAMED_UNIT(*)
PLANE_ANGLE_UNIT()
SI_UNIT($,.RADIAN.)
);
#4042=(
NAMED_UNIT(*)
SI_UNIT($,.STERADIAN.)
SOLID_ANGLE_UNIT()
);
#4043=SHAPE_DEFINITION_REPRESENTATION(#4044,#4045);
#4044=PRODUCT_DEFINITION_SHAPE('',$,#4047);
#4045=SHAPE_REPRESENTATION('',(#2372),#4037);
#4046=PRODUCT_DEFINITION_CONTEXT('part definition',#4051,'design');
#4047=PRODUCT_DEFINITION('2026-06-20-16-37-39-857',
'76148 - Servo Horn 25T',#4048,#4046);
#4048=PRODUCT_DEFINITION_FORMATION('',$,#4053);
#4049=PRODUCT_RELATED_PRODUCT_CATEGORY('76148 - Servo Horn 25T',
'76148 - Servo Horn 25T',(#4053));
#4050=APPLICATION_PROTOCOL_DEFINITION('international standard',
'automotive_design',2009,#4051);
#4051=APPLICATION_CONTEXT(
'Core Data for Automotive Mechanical Design Process');
#4052=PRODUCT_CONTEXT('part definition',#4051,'mechanical');
#4053=PRODUCT('2026-06-20-16-37-39-857','76148 - Servo Horn 25T',
'STEP AP203',(#4052));
#4054=PRESENTATION_STYLE_ASSIGNMENT((#4056));
#4055=PRESENTATION_STYLE_ASSIGNMENT((#4057));
#4056=SURFACE_STYLE_USAGE(.BOTH.,#4058);
#4057=SURFACE_STYLE_USAGE(.BOTH.,#4059);
#4058=SURFACE_SIDE_STYLE('',(#4060));
#4059=SURFACE_SIDE_STYLE('',(#4061));
#4060=SURFACE_STYLE_FILL_AREA(#4062);
#4061=SURFACE_STYLE_FILL_AREA(#4063);
#4062=FILL_AREA_STYLE('Aluminum - Flat',(#4064));
#4063=FILL_AREA_STYLE('Opaque(0,94,184)',(#4065));
#4064=FILL_AREA_STYLE_COLOUR('Aluminum - Flat',#4066);
#4065=FILL_AREA_STYLE_COLOUR('Opaque(0,94,184)',#4067);
#4066=COLOUR_RGB('Aluminum - Flat',0.996078431372549,0.996078431372549,
1.);
#4067=COLOUR_RGB('Opaque(0,94,184)',0.,0.368627450980392,0.72156862745098);
ENDSEC;
END-ISO-10303-21;
