ISO-10303-21;
HEADER;
/* Generated by software containing ST-Developer
 * from STEP Tools, Inc. (www.steptools.com) 
 */

FILE_DESCRIPTION(
/* description */ (''),
/* implementation_level */ '2;1');

FILE_NAME(
/* name */ 'Camera mount x2.step',
/* time_stamp */ '2026-06-20T12:30:30-05:00',
/* author */ (''),
/* organization */ (''),
/* preprocessor_version */ 'ST-DEVELOPER v20.1',
/* originating_system */ 'Autodesk Translation Framework v15.8.0.0',
/* authorisation */ '');

FILE_SCHEMA (('AUTOMOTIVE_DESIGN { 1 0 10303 214 3 1 1 }'));
ENDSEC;

DATA;
#10=MECHANICAL_DESIGN_GEOMETRIC_PRESENTATION_REPRESENTATION('',(#13),#2383);
#11=SHAPE_REPRESENTATION_RELATIONSHIP('SRR','None',#2390,#12);
#12=ADVANCED_BREP_SHAPE_REPRESENTATION('',(#14),#2382);
#13=STYLED_ITEM('',(#2399),#14);
#14=MANIFOLD_SOLID_BREP('Body1',#1366);
#15=FACE_BOUND('',#167,.T.);
#16=FACE_BOUND('',#170,.T.);
#17=FACE_BOUND('',#182,.T.);
#18=FACE_BOUND('',#183,.T.);
#19=FACE_BOUND('',#184,.T.);
#20=FACE_BOUND('',#218,.T.);
#21=FACE_BOUND('',#219,.T.);
#22=FACE_BOUND('',#220,.T.);
#23=FACE_BOUND('',#221,.T.);
#24=PLANE('',#1395);
#25=PLANE('',#1396);
#26=PLANE('',#1399);
#27=PLANE('',#1416);
#28=PLANE('',#1417);
#29=PLANE('',#1420);
#30=PLANE('',#1429);
#31=PLANE('',#1437);
#32=PLANE('',#1447);
#33=PLANE('',#1451);
#34=PLANE('',#1452);
#35=PLANE('',#1453);
#36=PLANE('',#1457);
#37=PLANE('',#1467);
#38=PLANE('',#1470);
#39=PLANE('',#1473);
#40=PLANE('',#1476);
#41=PLANE('',#1490);
#42=PLANE('',#1491);
#43=PLANE('',#1494);
#44=PLANE('',#1497);
#45=PLANE('',#1500);
#46=PLANE('',#1505);
#47=PLANE('',#1514);
#48=PLANE('',#1517);
#49=PLANE('',#1525);
#50=PLANE('',#1536);
#51=PLANE('',#1537);
#52=PLANE('',#1538);
#53=PLANE('',#1540);
#54=PLANE('',#1541);
#55=TOROIDAL_SURFACE('',#1383,3.,1.5);
#56=TOROIDAL_SURFACE('',#1389,3.,1.5);
#57=TOROIDAL_SURFACE('',#1404,3.,1.5);
#58=TOROIDAL_SURFACE('',#1410,3.,1.5);
#59=TOROIDAL_SURFACE('',#1424,2.,1.5);
#60=TOROIDAL_SURFACE('',#1432,2.,1.5);
#61=FACE_OUTER_BOUND('',#137,.T.);
#62=FACE_OUTER_BOUND('',#138,.T.);
#63=FACE_OUTER_BOUND('',#139,.T.);
#64=FACE_OUTER_BOUND('',#140,.T.);
#65=FACE_OUTER_BOUND('',#141,.T.);
#66=FACE_OUTER_BOUND('',#142,.T.);
#67=FACE_OUTER_BOUND('',#143,.T.);
#68=FACE_OUTER_BOUND('',#144,.T.);
#69=FACE_OUTER_BOUND('',#145,.T.);
#70=FACE_OUTER_BOUND('',#146,.T.);
#71=FACE_OUTER_BOUND('',#147,.T.);
#72=FACE_OUTER_BOUND('',#148,.T.);
#73=FACE_OUTER_BOUND('',#149,.T.);
#74=FACE_OUTER_BOUND('',#150,.T.);
#75=FACE_OUTER_BOUND('',#151,.T.);
#76=FACE_OUTER_BOUND('',#152,.T.);
#77=FACE_OUTER_BOUND('',#153,.T.);
#78=FACE_OUTER_BOUND('',#154,.T.);
#79=FACE_OUTER_BOUND('',#155,.T.);
#80=FACE_OUTER_BOUND('',#156,.T.);
#81=FACE_OUTER_BOUND('',#157,.T.);
#82=FACE_OUTER_BOUND('',#158,.T.);
#83=FACE_OUTER_BOUND('',#159,.T.);
#84=FACE_OUTER_BOUND('',#160,.T.);
#85=FACE_OUTER_BOUND('',#161,.T.);
#86=FACE_OUTER_BOUND('',#162,.T.);
#87=FACE_OUTER_BOUND('',#163,.T.);
#88=FACE_OUTER_BOUND('',#164,.T.);
#89=FACE_OUTER_BOUND('',#165,.T.);
#90=FACE_OUTER_BOUND('',#166,.T.);
#91=FACE_OUTER_BOUND('',#168,.T.);
#92=FACE_OUTER_BOUND('',#169,.T.);
#93=FACE_OUTER_BOUND('',#171,.T.);
#94=FACE_OUTER_BOUND('',#172,.T.);
#95=FACE_OUTER_BOUND('',#173,.T.);
#96=FACE_OUTER_BOUND('',#174,.T.);
#97=FACE_OUTER_BOUND('',#175,.T.);
#98=FACE_OUTER_BOUND('',#176,.T.);
#99=FACE_OUTER_BOUND('',#177,.T.);
#100=FACE_OUTER_BOUND('',#178,.T.);
#101=FACE_OUTER_BOUND('',#179,.T.);
#102=FACE_OUTER_BOUND('',#180,.T.);
#103=FACE_OUTER_BOUND('',#181,.T.);
#104=FACE_OUTER_BOUND('',#185,.T.);
#105=FACE_OUTER_BOUND('',#186,.T.);
#106=FACE_OUTER_BOUND('',#187,.T.);
#107=FACE_OUTER_BOUND('',#188,.T.);
#108=FACE_OUTER_BOUND('',#189,.T.);
#109=FACE_OUTER_BOUND('',#190,.T.);
#110=FACE_OUTER_BOUND('',#191,.T.);
#111=FACE_OUTER_BOUND('',#192,.T.);
#112=FACE_OUTER_BOUND('',#193,.T.);
#113=FACE_OUTER_BOUND('',#194,.T.);
#114=FACE_OUTER_BOUND('',#195,.T.);
#115=FACE_OUTER_BOUND('',#196,.T.);
#116=FACE_OUTER_BOUND('',#197,.T.);
#117=FACE_OUTER_BOUND('',#198,.T.);
#118=FACE_OUTER_BOUND('',#199,.T.);
#119=FACE_OUTER_BOUND('',#200,.T.);
#120=FACE_OUTER_BOUND('',#201,.T.);
#121=FACE_OUTER_BOUND('',#202,.T.);
#122=FACE_OUTER_BOUND('',#203,.T.);
#123=FACE_OUTER_BOUND('',#204,.T.);
#124=FACE_OUTER_BOUND('',#205,.T.);
#125=FACE_OUTER_BOUND('',#206,.T.);
#126=FACE_OUTER_BOUND('',#207,.T.);
#127=FACE_OUTER_BOUND('',#208,.T.);
#128=FACE_OUTER_BOUND('',#209,.T.);
#129=FACE_OUTER_BOUND('',#210,.T.);
#130=FACE_OUTER_BOUND('',#211,.T.);
#131=FACE_OUTER_BOUND('',#212,.T.);
#132=FACE_OUTER_BOUND('',#213,.T.);
#133=FACE_OUTER_BOUND('',#214,.T.);
#134=FACE_OUTER_BOUND('',#215,.T.);
#135=FACE_OUTER_BOUND('',#216,.T.);
#136=FACE_OUTER_BOUND('',#217,.T.);
#137=EDGE_LOOP('',(#855,#856,#857,#858));
#138=EDGE_LOOP('',(#859,#860,#861,#862));
#139=EDGE_LOOP('',(#863,#864,#865,#866,#867));
#140=EDGE_LOOP('',(#868,#869,#870,#871));
#141=EDGE_LOOP('',(#872,#873,#874,#875));
#142=EDGE_LOOP('',(#876,#877,#878,#879,#880,#881,#882,#883,#884,#885));
#143=EDGE_LOOP('',(#886,#887,#888,#889));
#144=EDGE_LOOP('',(#890,#891,#892,#893));
#145=EDGE_LOOP('',(#894,#895,#896));
#146=EDGE_LOOP('',(#897,#898,#899,#900));
#147=EDGE_LOOP('',(#901,#902,#903,#904));
#148=EDGE_LOOP('',(#905,#906,#907,#908,#909));
#149=EDGE_LOOP('',(#910,#911,#912,#913));
#150=EDGE_LOOP('',(#914,#915,#916,#917));
#151=EDGE_LOOP('',(#918,#919,#920,#921,#922,#923,#924,#925,#926,#927));
#152=EDGE_LOOP('',(#928,#929,#930,#931));
#153=EDGE_LOOP('',(#932,#933,#934,#935));
#154=EDGE_LOOP('',(#936,#937,#938));
#155=EDGE_LOOP('',(#939,#940,#941,#942));
#156=EDGE_LOOP('',(#943,#944,#945,#946));
#157=EDGE_LOOP('',(#947,#948,#949,#950));
#158=EDGE_LOOP('',(#951,#952,#953,#954));
#159=EDGE_LOOP('',(#955,#956,#957,#958));
#160=EDGE_LOOP('',(#959,#960,#961,#962));
#161=EDGE_LOOP('',(#963,#964,#965,#966));
#162=EDGE_LOOP('',(#967,#968,#969,#970));
#163=EDGE_LOOP('',(#971,#972,#973,#974));
#164=EDGE_LOOP('',(#975,#976,#977,#978));
#165=EDGE_LOOP('',(#979,#980,#981,#982,#983,#984));
#166=EDGE_LOOP('',(#985));
#167=EDGE_LOOP('',(#986));
#168=EDGE_LOOP('',(#987,#988,#989,#990,#991,#992));
#169=EDGE_LOOP('',(#993));
#170=EDGE_LOOP('',(#994));
#171=EDGE_LOOP('',(#995,#996,#997));
#172=EDGE_LOOP('',(#998,#999,#1000));
#173=EDGE_LOOP('',(#1001,#1002,#1003,#1004));
#174=EDGE_LOOP('',(#1005,#1006,#1007,#1008,#1009,#1010,#1011,#1012,#1013,
#1014,#1015,#1016,#1017,#1018,#1019,#1020,#1021,#1022,#1023,#1024));
#175=EDGE_LOOP('',(#1025,#1026,#1027,#1028));
#176=EDGE_LOOP('',(#1029,#1030,#1031,#1032));
#177=EDGE_LOOP('',(#1033,#1034,#1035,#1036));
#178=EDGE_LOOP('',(#1037,#1038,#1039,#1040));
#179=EDGE_LOOP('',(#1041,#1042,#1043,#1044));
#180=EDGE_LOOP('',(#1045,#1046,#1047,#1048));
#181=EDGE_LOOP('',(#1049,#1050,#1051,#1052,#1053,#1054,#1055,#1056,#1057,
#1058,#1059,#1060,#1061));
#182=EDGE_LOOP('',(#1062,#1063,#1064,#1065,#1066,#1067,#1068,#1069,#1070,
#1071,#1072,#1073,#1074,#1075));
#183=EDGE_LOOP('',(#1076));
#184=EDGE_LOOP('',(#1077));
#185=EDGE_LOOP('',(#1078,#1079,#1080,#1081));
#186=EDGE_LOOP('',(#1082,#1083,#1084,#1085,#1086,#1087));
#187=EDGE_LOOP('',(#1088,#1089,#1090,#1091));
#188=EDGE_LOOP('',(#1092,#1093,#1094,#1095,#1096,#1097));
#189=EDGE_LOOP('',(#1098,#1099,#1100,#1101));
#190=EDGE_LOOP('',(#1102,#1103,#1104,#1105,#1106,#1107,#1108,#1109));
#191=EDGE_LOOP('',(#1110,#1111,#1112,#1113));
#192=EDGE_LOOP('',(#1114,#1115,#1116,#1117));
#193=EDGE_LOOP('',(#1118,#1119,#1120,#1121));
#194=EDGE_LOOP('',(#1122,#1123,#1124,#1125));
#195=EDGE_LOOP('',(#1126,#1127,#1128,#1129));
#196=EDGE_LOOP('',(#1130,#1131,#1132,#1133));
#197=EDGE_LOOP('',(#1134,#1135,#1136,#1137,#1138));
#198=EDGE_LOOP('',(#1139,#1140,#1141,#1142));
#199=EDGE_LOOP('',(#1143,#1144,#1145,#1146));
#200=EDGE_LOOP('',(#1147,#1148,#1149,#1150));
#201=EDGE_LOOP('',(#1151,#1152,#1153,#1154));
#202=EDGE_LOOP('',(#1155,#1156,#1157,#1158,#1159,#1160,#1161,#1162,#1163,
#1164,#1165,#1166,#1167,#1168));
#203=EDGE_LOOP('',(#1169,#1170,#1171,#1172));
#204=EDGE_LOOP('',(#1173,#1174,#1175,#1176));
#205=EDGE_LOOP('',(#1177,#1178,#1179,#1180));
#206=EDGE_LOOP('',(#1181,#1182,#1183,#1184));
#207=EDGE_LOOP('',(#1185,#1186,#1187,#1188));
#208=EDGE_LOOP('',(#1189,#1190,#1191,#1192));
#209=EDGE_LOOP('',(#1193,#1194,#1195,#1196));
#210=EDGE_LOOP('',(#1197,#1198,#1199,#1200));
#211=EDGE_LOOP('',(#1201,#1202,#1203,#1204));
#212=EDGE_LOOP('',(#1205,#1206,#1207,#1208));
#213=EDGE_LOOP('',(#1209,#1210,#1211,#1212));
#214=EDGE_LOOP('',(#1213,#1214,#1215,#1216));
#215=EDGE_LOOP('',(#1217,#1218,#1219,#1220));
#216=EDGE_LOOP('',(#1221,#1222,#1223,#1224,#1225,#1226));
#217=EDGE_LOOP('',(#1227,#1228,#1229,#1230,#1231,#1232,#1233,#1234,#1235,
#1236,#1237,#1238,#1239,#1240,#1241,#1242,#1243,#1244,#1245,#1246));
#218=EDGE_LOOP('',(#1247));
#219=EDGE_LOOP('',(#1248));
#220=EDGE_LOOP('',(#1249));
#221=EDGE_LOOP('',(#1250));
#222=LINE('',#1986,#334);
#223=LINE('',#1989,#335);
#224=LINE('',#2000,#336);
#225=LINE('',#2002,#337);
#226=LINE('',#2003,#338);
#227=LINE('',#2014,#339);
#228=LINE('',#2015,#340);
#229=LINE('',#2018,#341);
#230=LINE('',#2020,#342);
#231=LINE('',#2022,#343);
#232=LINE('',#2024,#344);
#233=LINE('',#2025,#345);
#234=LINE('',#2028,#346);
#235=LINE('',#2030,#347);
#236=LINE('',#2031,#348);
#237=LINE('',#2034,#349);
#238=LINE('',#2043,#350);
#239=LINE('',#2046,#351);
#240=LINE('',#2057,#352);
#241=LINE('',#2059,#353);
#242=LINE('',#2060,#354);
#243=LINE('',#2071,#355);
#244=LINE('',#2072,#356);
#245=LINE('',#2075,#357);
#246=LINE('',#2077,#358);
#247=LINE('',#2079,#359);
#248=LINE('',#2081,#360);
#249=LINE('',#2082,#361);
#250=LINE('',#2085,#362);
#251=LINE('',#2087,#363);
#252=LINE('',#2088,#364);
#253=LINE('',#2091,#365);
#254=LINE('',#2097,#366);
#255=LINE('',#2100,#367);
#256=LINE('',#2106,#368);
#257=LINE('',#2109,#369);
#258=LINE('',#2112,#370);
#259=LINE('',#2115,#371);
#260=LINE('',#2121,#372);
#261=LINE('',#2124,#373);
#262=LINE('',#2129,#374);
#263=LINE('',#2135,#375);
#264=LINE('',#2140,#376);
#265=LINE('',#2145,#377);
#266=LINE('',#2154,#378);
#267=LINE('',#2158,#379);
#268=LINE('',#2162,#380);
#269=LINE('',#2166,#381);
#270=LINE('',#2170,#382);
#271=LINE('',#2172,#383);
#272=LINE('',#2176,#384);
#273=LINE('',#2181,#385);
#274=LINE('',#2188,#386);
#275=LINE('',#2191,#387);
#276=LINE('',#2194,#388);
#277=LINE('',#2195,#389);
#278=LINE('',#2200,#390);
#279=LINE('',#2201,#391);
#280=LINE('',#2203,#392);
#281=LINE('',#2207,#393);
#282=LINE('',#2210,#394);
#283=LINE('',#2211,#395);
#284=LINE('',#2215,#396);
#285=LINE('',#2218,#397);
#286=LINE('',#2222,#398);
#287=LINE('',#2226,#399);
#288=LINE('',#2227,#400);
#289=LINE('',#2230,#401);
#290=LINE('',#2234,#402);
#291=LINE('',#2242,#403);
#292=LINE('',#2246,#404);
#293=LINE('',#2250,#405);
#294=LINE('',#2261,#406);
#295=LINE('',#2264,#407);
#296=LINE('',#2266,#408);
#297=LINE('',#2267,#409);
#298=LINE('',#2270,#410);
#299=LINE('',#2273,#411);
#300=LINE('',#2276,#412);
#301=LINE('',#2278,#413);
#302=LINE('',#2280,#414);
#303=LINE('',#2281,#415);
#304=LINE('',#2286,#416);
#305=LINE('',#2287,#417);
#306=LINE('',#2290,#418);
#307=LINE('',#2293,#419);
#308=LINE('',#2295,#420);
#309=LINE('',#2298,#421);
#310=LINE('',#2302,#422);
#311=LINE('',#2305,#423);
#312=LINE('',#2306,#424);
#313=LINE('',#2317,#425);
#314=LINE('',#2318,#426);
#315=LINE('',#2321,#427);
#316=LINE('',#2322,#428);
#317=LINE('',#2327,#429);
#318=LINE('',#2328,#430);
#319=LINE('',#2331,#431);
#320=LINE('',#2338,#432);
#321=LINE('',#2340,#433);
#322=LINE('',#2344,#434);
#323=LINE('',#2351,#435);
#324=LINE('',#2353,#436);
#325=LINE('',#2355,#437);
#326=LINE('',#2356,#438);
#327=LINE('',#2358,#439);
#328=LINE('',#2360,#440);
#329=LINE('',#2362,#441);
#330=LINE('',#2364,#442);
#331=LINE('',#2365,#443);
#332=LINE('',#2368,#444);
#333=LINE('',#2372,#445);
#334=VECTOR('',#1548,10.);
#335=VECTOR('',#1551,10.);
#336=VECTOR('',#1564,10.);
#337=VECTOR('',#1565,10.);
#338=VECTOR('',#1566,10.);
#339=VECTOR('',#1579,10.);
#340=VECTOR('',#1580,10.);
#341=VECTOR('',#1583,10.);
#342=VECTOR('',#1584,10.);
#343=VECTOR('',#1585,10.);
#344=VECTOR('',#1586,10.);
#345=VECTOR('',#1587,10.);
#346=VECTOR('',#1590,10.);
#347=VECTOR('',#1591,10.);
#348=VECTOR('',#1592,10.);
#349=VECTOR('',#1595,10.);
#350=VECTOR('',#1606,10.);
#351=VECTOR('',#1609,10.);
#352=VECTOR('',#1622,10.);
#353=VECTOR('',#1623,10.);
#354=VECTOR('',#1624,10.);
#355=VECTOR('',#1637,10.);
#356=VECTOR('',#1638,10.);
#357=VECTOR('',#1641,10.);
#358=VECTOR('',#1642,10.);
#359=VECTOR('',#1643,10.);
#360=VECTOR('',#1644,10.);
#361=VECTOR('',#1645,10.);
#362=VECTOR('',#1648,10.);
#363=VECTOR('',#1649,10.);
#364=VECTOR('',#1650,10.);
#365=VECTOR('',#1653,10.);
#366=VECTOR('',#1662,10.);
#367=VECTOR('',#1665,10.);
#368=VECTOR('',#1674,10.);
#369=VECTOR('',#1679,10.);
#370=VECTOR('',#1682,10.);
#371=VECTOR('',#1685,10.);
#372=VECTOR('',#1694,10.);
#373=VECTOR('',#1699,10.);
#374=VECTOR('',#1704,0.499999999999998);
#375=VECTOR('',#1711,0.5);
#376=VECTOR('',#1718,2.);
#377=VECTOR('',#1725,2.);
#378=VECTOR('',#1738,10.);
#379=VECTOR('',#1741,10.);
#380=VECTOR('',#1746,10.);
#381=VECTOR('',#1749,10.);
#382=VECTOR('',#1752,10.);
#383=VECTOR('',#1753,10.);
#384=VECTOR('',#1756,10.);
#385=VECTOR('',#1761,10.);
#386=VECTOR('',#1768,10.);
#387=VECTOR('',#1771,10.);
#388=VECTOR('',#1774,10.);
#389=VECTOR('',#1775,10.);
#390=VECTOR('',#1780,10.);
#391=VECTOR('',#1781,10.);
#392=VECTOR('',#1784,10.);
#393=VECTOR('',#1789,10.);
#394=VECTOR('',#1792,10.);
#395=VECTOR('',#1793,10.);
#396=VECTOR('',#1798,10.);
#397=VECTOR('',#1801,10.);
#398=VECTOR('',#1804,10.);
#399=VECTOR('',#1807,10.);
#400=VECTOR('',#1808,10.);
#401=VECTOR('',#1809,10.);
#402=VECTOR('',#1812,10.);
#403=VECTOR('',#1819,10.);
#404=VECTOR('',#1822,10.);
#405=VECTOR('',#1825,10.);
#406=VECTOR('',#1838,10.);
#407=VECTOR('',#1841,10.);
#408=VECTOR('',#1842,10.);
#409=VECTOR('',#1843,10.);
#410=VECTOR('',#1846,10.);
#411=VECTOR('',#1849,10.);
#412=VECTOR('',#1852,10.);
#413=VECTOR('',#1853,10.);
#414=VECTOR('',#1854,10.);
#415=VECTOR('',#1855,10.);
#416=VECTOR('',#1860,10.);
#417=VECTOR('',#1861,10.);
#418=VECTOR('',#1864,10.);
#419=VECTOR('',#1869,10.);
#420=VECTOR('',#1872,10.);
#421=VECTOR('',#1877,10.);
#422=VECTOR('',#1882,10.);
#423=VECTOR('',#1885,10.);
#424=VECTOR('',#1886,10.);
#425=VECTOR('',#1903,10.);
#426=VECTOR('',#1904,10.);
#427=VECTOR('',#1907,10.);
#428=VECTOR('',#1908,10.);
#429=VECTOR('',#1913,10.);
#430=VECTOR('',#1914,10.);
#431=VECTOR('',#1917,10.);
#432=VECTOR('',#1924,10.);
#433=VECTOR('',#1925,10.);
#434=VECTOR('',#1928,10.);
#435=VECTOR('',#1937,10.);
#436=VECTOR('',#1940,10.);
#437=VECTOR('',#1943,10.);
#438=VECTOR('',#1944,10.);
#439=VECTOR('',#1947,10.);
#440=VECTOR('',#1950,10.);
#441=VECTOR('',#1953,10.);
#442=VECTOR('',#1956,10.);
#443=VECTOR('',#1957,10.);
#444=VECTOR('',#1960,0.5);
#445=VECTOR('',#1965,0.5);
#446=CIRCLE('',#1381,1.5);
#447=CIRCLE('',#1382,1.5);
#448=CIRCLE('',#1384,1.5);
#449=CIRCLE('',#1385,3.);
#450=CIRCLE('',#1386,1.5);
#451=CIRCLE('',#1388,1.5);
#452=CIRCLE('',#1390,1.5);
#453=CIRCLE('',#1391,3.);
#454=CIRCLE('',#1392,1.5);
#455=CIRCLE('',#1394,1.5);
#456=CIRCLE('',#1398,1.50000005215406);
#457=CIRCLE('',#1400,2.);
#458=CIRCLE('',#1402,1.5);
#459=CIRCLE('',#1403,1.5);
#460=CIRCLE('',#1405,1.5);
#461=CIRCLE('',#1406,3.);
#462=CIRCLE('',#1407,1.5);
#463=CIRCLE('',#1409,1.5);
#464=CIRCLE('',#1411,1.5);
#465=CIRCLE('',#1412,3.);
#466=CIRCLE('',#1413,1.5);
#467=CIRCLE('',#1415,1.5);
#468=CIRCLE('',#1419,1.5);
#469=CIRCLE('',#1421,2.);
#470=CIRCLE('',#1423,1.5);
#471=CIRCLE('',#1425,3.5);
#472=CIRCLE('',#1426,2.);
#473=CIRCLE('',#1428,3.5);
#474=CIRCLE('',#1431,1.5);
#475=CIRCLE('',#1433,3.5);
#476=CIRCLE('',#1434,2.);
#477=CIRCLE('',#1436,3.5);
#478=CIRCLE('',#1439,0.499999999999998);
#479=CIRCLE('',#1440,0.499999999999998);
#480=CIRCLE('',#1442,0.5);
#481=CIRCLE('',#1443,0.5);
#482=CIRCLE('',#1445,2.);
#483=CIRCLE('',#1446,2.);
#484=CIRCLE('',#1449,2.);
#485=CIRCLE('',#1450,2.);
#486=CIRCLE('',#1455,4.642905283975);
#487=CIRCLE('',#1456,4.642905283975);
#488=CIRCLE('',#1458,0.5);
#489=CIRCLE('',#1459,0.5);
#490=CIRCLE('',#1460,1.);
#491=CIRCLE('',#1461,2.);
#492=CIRCLE('',#1462,2.);
#493=CIRCLE('',#1463,2.);
#494=CIRCLE('',#1464,2.);
#495=CIRCLE('',#1465,1.);
#496=CIRCLE('',#1466,0.5);
#497=CIRCLE('',#1469,0.5);
#498=CIRCLE('',#1472,0.5);
#499=CIRCLE('',#1475,0.5);
#500=CIRCLE('',#1477,1.);
#501=CIRCLE('',#1478,1.);
#502=CIRCLE('',#1479,1.);
#503=CIRCLE('',#1480,4.);
#504=CIRCLE('',#1481,1.75);
#505=CIRCLE('',#1482,4.);
#506=CIRCLE('',#1483,1.);
#507=CIRCLE('',#1484,1.);
#508=CIRCLE('',#1485,0.5);
#509=CIRCLE('',#1486,1.75);
#510=CIRCLE('',#1487,0.5);
#511=CIRCLE('',#1488,0.5);
#512=CIRCLE('',#1489,0.5);
#513=CIRCLE('',#1493,1.);
#514=CIRCLE('',#1496,1.);
#515=CIRCLE('',#1498,1.);
#516=CIRCLE('',#1499,1.);
#517=CIRCLE('',#1504,2.);
#518=CIRCLE('',#1507,2.);
#519=CIRCLE('',#1509,2.);
#520=CIRCLE('',#1511,2.);
#521=CIRCLE('',#1513,1.);
#522=CIRCLE('',#1516,1.);
#523=CIRCLE('',#1518,0.5);
#524=CIRCLE('',#1519,1.75);
#525=CIRCLE('',#1520,0.5);
#526=CIRCLE('',#1521,1.);
#527=CIRCLE('',#1522,4.);
#528=CIRCLE('',#1523,1.75);
#529=CIRCLE('',#1524,4.);
#530=CIRCLE('',#1533,0.5);
#531=CIRCLE('',#1535,0.5);
#532=VERTEX_POINT('',#1982);
#533=VERTEX_POINT('',#1983);
#534=VERTEX_POINT('',#1985);
#535=VERTEX_POINT('',#1987);
#536=VERTEX_POINT('',#1991);
#537=VERTEX_POINT('',#1992);
#538=VERTEX_POINT('',#1997);
#539=VERTEX_POINT('',#1998);
#540=VERTEX_POINT('',#2001);
#541=VERTEX_POINT('',#2005);
#542=VERTEX_POINT('',#2006);
#543=VERTEX_POINT('',#2011);
#544=VERTEX_POINT('',#2012);
#545=VERTEX_POINT('',#2017);
#546=VERTEX_POINT('',#2019);
#547=VERTEX_POINT('',#2021);
#548=VERTEX_POINT('',#2023);
#549=VERTEX_POINT('',#2027);
#550=VERTEX_POINT('',#2029);
#551=VERTEX_POINT('',#2033);
#552=VERTEX_POINT('',#2039);
#553=VERTEX_POINT('',#2040);
#554=VERTEX_POINT('',#2042);
#555=VERTEX_POINT('',#2044);
#556=VERTEX_POINT('',#2048);
#557=VERTEX_POINT('',#2049);
#558=VERTEX_POINT('',#2054);
#559=VERTEX_POINT('',#2055);
#560=VERTEX_POINT('',#2058);
#561=VERTEX_POINT('',#2062);
#562=VERTEX_POINT('',#2063);
#563=VERTEX_POINT('',#2068);
#564=VERTEX_POINT('',#2069);
#565=VERTEX_POINT('',#2074);
#566=VERTEX_POINT('',#2076);
#567=VERTEX_POINT('',#2078);
#568=VERTEX_POINT('',#2080);
#569=VERTEX_POINT('',#2084);
#570=VERTEX_POINT('',#2086);
#571=VERTEX_POINT('',#2090);
#572=VERTEX_POINT('',#2096);
#573=VERTEX_POINT('',#2098);
#574=VERTEX_POINT('',#2105);
#575=VERTEX_POINT('',#2111);
#576=VERTEX_POINT('',#2113);
#577=VERTEX_POINT('',#2120);
#578=VERTEX_POINT('',#2126);
#579=VERTEX_POINT('',#2128);
#580=VERTEX_POINT('',#2132);
#581=VERTEX_POINT('',#2134);
#582=VERTEX_POINT('',#2139);
#583=VERTEX_POINT('',#2144);
#584=VERTEX_POINT('',#2152);
#585=VERTEX_POINT('',#2153);
#586=VERTEX_POINT('',#2155);
#587=VERTEX_POINT('',#2157);
#588=VERTEX_POINT('',#2161);
#589=VERTEX_POINT('',#2163);
#590=VERTEX_POINT('',#2165);
#591=VERTEX_POINT('',#2167);
#592=VERTEX_POINT('',#2169);
#593=VERTEX_POINT('',#2171);
#594=VERTEX_POINT('',#2173);
#595=VERTEX_POINT('',#2175);
#596=VERTEX_POINT('',#2178);
#597=VERTEX_POINT('',#2180);
#598=VERTEX_POINT('',#2183);
#599=VERTEX_POINT('',#2185);
#600=VERTEX_POINT('',#2187);
#601=VERTEX_POINT('',#2189);
#602=VERTEX_POINT('',#2193);
#603=VERTEX_POINT('',#2197);
#604=VERTEX_POINT('',#2198);
#605=VERTEX_POINT('',#2205);
#606=VERTEX_POINT('',#2209);
#607=VERTEX_POINT('',#2213);
#608=VERTEX_POINT('',#2217);
#609=VERTEX_POINT('',#2219);
#610=VERTEX_POINT('',#2221);
#611=VERTEX_POINT('',#2223);
#612=VERTEX_POINT('',#2225);
#613=VERTEX_POINT('',#2228);
#614=VERTEX_POINT('',#2229);
#615=VERTEX_POINT('',#2231);
#616=VERTEX_POINT('',#2233);
#617=VERTEX_POINT('',#2235);
#618=VERTEX_POINT('',#2237);
#619=VERTEX_POINT('',#2239);
#620=VERTEX_POINT('',#2241);
#621=VERTEX_POINT('',#2243);
#622=VERTEX_POINT('',#2245);
#623=VERTEX_POINT('',#2247);
#624=VERTEX_POINT('',#2249);
#625=VERTEX_POINT('',#2251);
#626=VERTEX_POINT('',#2253);
#627=VERTEX_POINT('',#2256);
#628=VERTEX_POINT('',#2258);
#629=VERTEX_POINT('',#2263);
#630=VERTEX_POINT('',#2265);
#631=VERTEX_POINT('',#2269);
#632=VERTEX_POINT('',#2271);
#633=VERTEX_POINT('',#2275);
#634=VERTEX_POINT('',#2277);
#635=VERTEX_POINT('',#2279);
#636=VERTEX_POINT('',#2283);
#637=VERTEX_POINT('',#2284);
#638=VERTEX_POINT('',#2289);
#639=VERTEX_POINT('',#2300);
#640=VERTEX_POINT('',#2304);
#641=VERTEX_POINT('',#2314);
#642=VERTEX_POINT('',#2315);
#643=VERTEX_POINT('',#2320);
#644=VERTEX_POINT('',#2324);
#645=VERTEX_POINT('',#2325);
#646=VERTEX_POINT('',#2330);
#647=VERTEX_POINT('',#2332);
#648=VERTEX_POINT('',#2334);
#649=VERTEX_POINT('',#2336);
#650=VERTEX_POINT('',#2339);
#651=VERTEX_POINT('',#2341);
#652=VERTEX_POINT('',#2343);
#653=VERTEX_POINT('',#2345);
#654=VERTEX_POINT('',#2347);
#655=VERTEX_POINT('',#2367);
#656=VERTEX_POINT('',#2371);
#657=EDGE_CURVE('',#532,#533,#446,.T.);
#658=EDGE_CURVE('',#533,#534,#222,.T.);
#659=EDGE_CURVE('',#534,#535,#447,.T.);
#660=EDGE_CURVE('',#535,#532,#223,.T.);
#661=EDGE_CURVE('',#536,#537,#448,.T.);
#662=EDGE_CURVE('',#537,#533,#449,.T.);
#663=EDGE_CURVE('',#532,#536,#450,.T.);
#664=EDGE_CURVE('',#538,#539,#451,.T.);
#665=EDGE_CURVE('',#539,#537,#224,.T.);
#666=EDGE_CURVE('',#536,#540,#225,.T.);
#667=EDGE_CURVE('',#540,#538,#226,.T.);
#668=EDGE_CURVE('',#541,#542,#452,.T.);
#669=EDGE_CURVE('',#542,#539,#453,.T.);
#670=EDGE_CURVE('',#538,#541,#454,.T.);
#671=EDGE_CURVE('',#543,#544,#455,.T.);
#672=EDGE_CURVE('',#544,#542,#227,.T.);
#673=EDGE_CURVE('',#541,#543,#228,.T.);
#674=EDGE_CURVE('',#545,#544,#229,.T.);
#675=EDGE_CURVE('',#546,#545,#230,.T.);
#676=EDGE_CURVE('',#547,#546,#231,.T.);
#677=EDGE_CURVE('',#548,#547,#232,.T.);
#678=EDGE_CURVE('',#534,#548,#233,.T.);
#679=EDGE_CURVE('',#549,#541,#234,.T.);
#680=EDGE_CURVE('',#549,#550,#235,.T.);
#681=EDGE_CURVE('',#543,#550,#236,.T.);
#682=EDGE_CURVE('',#538,#551,#237,.T.);
#683=EDGE_CURVE('',#549,#551,#456,.T.);
#684=EDGE_CURVE('',#540,#551,#457,.T.);
#685=EDGE_CURVE('',#552,#553,#458,.T.);
#686=EDGE_CURVE('',#553,#554,#238,.T.);
#687=EDGE_CURVE('',#554,#555,#459,.T.);
#688=EDGE_CURVE('',#555,#552,#239,.T.);
#689=EDGE_CURVE('',#556,#557,#460,.T.);
#690=EDGE_CURVE('',#557,#553,#461,.T.);
#691=EDGE_CURVE('',#552,#556,#462,.T.);
#692=EDGE_CURVE('',#558,#559,#463,.T.);
#693=EDGE_CURVE('',#559,#557,#240,.T.);
#694=EDGE_CURVE('',#556,#560,#241,.T.);
#695=EDGE_CURVE('',#560,#558,#242,.T.);
#696=EDGE_CURVE('',#561,#562,#464,.T.);
#697=EDGE_CURVE('',#562,#559,#465,.T.);
#698=EDGE_CURVE('',#558,#561,#466,.T.);
#699=EDGE_CURVE('',#563,#564,#467,.T.);
#700=EDGE_CURVE('',#564,#562,#243,.T.);
#701=EDGE_CURVE('',#561,#563,#244,.T.);
#702=EDGE_CURVE('',#565,#564,#245,.T.);
#703=EDGE_CURVE('',#566,#565,#246,.T.);
#704=EDGE_CURVE('',#567,#566,#247,.T.);
#705=EDGE_CURVE('',#568,#567,#248,.T.);
#706=EDGE_CURVE('',#554,#568,#249,.T.);
#707=EDGE_CURVE('',#569,#561,#250,.T.);
#708=EDGE_CURVE('',#569,#570,#251,.T.);
#709=EDGE_CURVE('',#563,#570,#252,.T.);
#710=EDGE_CURVE('',#558,#571,#253,.T.);
#711=EDGE_CURVE('',#569,#571,#468,.T.);
#712=EDGE_CURVE('',#560,#571,#469,.T.);
#713=EDGE_CURVE('',#552,#572,#254,.T.);
#714=EDGE_CURVE('',#572,#573,#470,.T.);
#715=EDGE_CURVE('',#573,#556,#255,.T.);
#716=EDGE_CURVE('',#572,#569,#471,.T.);
#717=EDGE_CURVE('',#571,#573,#472,.T.);
#718=EDGE_CURVE('',#574,#572,#256,.T.);
#719=EDGE_CURVE('',#570,#574,#473,.T.);
#720=EDGE_CURVE('',#574,#555,#257,.T.);
#721=EDGE_CURVE('',#532,#575,#258,.T.);
#722=EDGE_CURVE('',#575,#576,#474,.T.);
#723=EDGE_CURVE('',#576,#536,#259,.T.);
#724=EDGE_CURVE('',#575,#549,#475,.T.);
#725=EDGE_CURVE('',#551,#576,#476,.T.);
#726=EDGE_CURVE('',#577,#575,#260,.T.);
#727=EDGE_CURVE('',#550,#577,#477,.T.);
#728=EDGE_CURVE('',#577,#535,#261,.T.);
#729=EDGE_CURVE('',#578,#578,#478,.T.);
#730=EDGE_CURVE('',#578,#579,#262,.T.);
#731=EDGE_CURVE('',#579,#579,#479,.T.);
#732=EDGE_CURVE('',#580,#580,#480,.T.);
#733=EDGE_CURVE('',#580,#581,#263,.T.);
#734=EDGE_CURVE('',#581,#581,#481,.T.);
#735=EDGE_CURVE('',#573,#560,#482,.T.);
#736=EDGE_CURVE('',#573,#582,#264,.T.);
#737=EDGE_CURVE('',#582,#582,#483,.T.);
#738=EDGE_CURVE('',#551,#583,#265,.T.);
#739=EDGE_CURVE('',#583,#583,#484,.T.);
#740=EDGE_CURVE('',#576,#540,#485,.T.);
#741=EDGE_CURVE('',#584,#585,#266,.T.);
#742=EDGE_CURVE('',#584,#586,#486,.T.);
#743=EDGE_CURVE('',#587,#586,#267,.T.);
#744=EDGE_CURVE('',#585,#587,#487,.T.);
#745=EDGE_CURVE('',#587,#588,#268,.T.);
#746=EDGE_CURVE('',#589,#588,#488,.T.);
#747=EDGE_CURVE('',#589,#590,#269,.T.);
#748=EDGE_CURVE('',#591,#590,#489,.T.);
#749=EDGE_CURVE('',#591,#592,#270,.T.);
#750=EDGE_CURVE('',#592,#593,#271,.T.);
#751=EDGE_CURVE('',#594,#593,#490,.T.);
#752=EDGE_CURVE('',#594,#595,#272,.T.);
#753=EDGE_CURVE('',#567,#595,#491,.T.);
#754=EDGE_CURVE('',#596,#566,#492,.T.);
#755=EDGE_CURVE('',#596,#597,#273,.T.);
#756=EDGE_CURVE('',#547,#597,#493,.T.);
#757=EDGE_CURVE('',#598,#546,#494,.T.);
#758=EDGE_CURVE('',#599,#598,#495,.T.);
#759=EDGE_CURVE('',#599,#600,#274,.T.);
#760=EDGE_CURVE('',#601,#600,#496,.T.);
#761=EDGE_CURVE('',#601,#585,#275,.T.);
#762=EDGE_CURVE('',#586,#602,#276,.T.);
#763=EDGE_CURVE('',#588,#602,#277,.T.);
#764=EDGE_CURVE('',#603,#604,#497,.T.);
#765=EDGE_CURVE('',#603,#601,#278,.T.);
#766=EDGE_CURVE('',#600,#604,#279,.T.);
#767=EDGE_CURVE('',#603,#584,#280,.T.);
#768=EDGE_CURVE('',#605,#602,#498,.T.);
#769=EDGE_CURVE('',#605,#589,#281,.T.);
#770=EDGE_CURVE('',#605,#606,#282,.T.);
#771=EDGE_CURVE('',#590,#606,#283,.T.);
#772=EDGE_CURVE('',#607,#606,#499,.T.);
#773=EDGE_CURVE('',#607,#591,#284,.T.);
#774=EDGE_CURVE('',#608,#604,#285,.T.);
#775=EDGE_CURVE('',#609,#608,#500,.T.);
#776=EDGE_CURVE('',#609,#610,#286,.T.);
#777=EDGE_CURVE('',#611,#610,#501,.T.);
#778=EDGE_CURVE('',#612,#611,#287,.T.);
#779=EDGE_CURVE('',#607,#612,#288,.T.);
#780=EDGE_CURVE('',#613,#614,#289,.T.);
#781=EDGE_CURVE('',#615,#614,#502,.T.);
#782=EDGE_CURVE('',#615,#616,#290,.T.);
#783=EDGE_CURVE('',#617,#616,#503,.T.);
#784=EDGE_CURVE('',#617,#618,#504,.T.);
#785=EDGE_CURVE('',#619,#618,#505,.T.);
#786=EDGE_CURVE('',#619,#620,#291,.T.);
#787=EDGE_CURVE('',#621,#620,#506,.T.);
#788=EDGE_CURVE('',#621,#622,#292,.T.);
#789=EDGE_CURVE('',#623,#622,#507,.T.);
#790=EDGE_CURVE('',#623,#624,#293,.T.);
#791=EDGE_CURVE('',#625,#624,#508,.T.);
#792=EDGE_CURVE('',#625,#626,#509,.T.);
#793=EDGE_CURVE('',#613,#626,#510,.T.);
#794=EDGE_CURVE('',#627,#627,#511,.T.);
#795=EDGE_CURVE('',#628,#628,#512,.T.);
#796=EDGE_CURVE('',#612,#592,#294,.T.);
#797=EDGE_CURVE('',#629,#599,#295,.T.);
#798=EDGE_CURVE('',#630,#629,#296,.T.);
#799=EDGE_CURVE('',#608,#630,#297,.T.);
#800=EDGE_CURVE('',#593,#631,#298,.T.);
#801=EDGE_CURVE('',#631,#632,#513,.F.);
#802=EDGE_CURVE('',#632,#594,#299,.T.);
#803=EDGE_CURVE('',#632,#633,#300,.T.);
#804=EDGE_CURVE('',#634,#633,#301,.T.);
#805=EDGE_CURVE('',#635,#634,#302,.T.);
#806=EDGE_CURVE('',#595,#635,#303,.T.);
#807=EDGE_CURVE('',#636,#637,#514,.T.);
#808=EDGE_CURVE('',#636,#611,#304,.T.);
#809=EDGE_CURVE('',#610,#637,#305,.T.);
#810=EDGE_CURVE('',#637,#638,#306,.T.);
#811=EDGE_CURVE('',#638,#630,#515,.T.);
#812=EDGE_CURVE('',#633,#629,#516,.F.);
#813=EDGE_CURVE('',#631,#636,#307,.T.);
#814=EDGE_CURVE('',#638,#609,#308,.T.);
#815=EDGE_CURVE('',#633,#598,#309,.T.);
#816=EDGE_CURVE('',#565,#639,#517,.T.);
#817=EDGE_CURVE('',#639,#596,#310,.T.);
#818=EDGE_CURVE('',#640,#639,#311,.T.);
#819=EDGE_CURVE('',#597,#640,#312,.T.);
#820=EDGE_CURVE('',#640,#548,#518,.T.);
#821=EDGE_CURVE('',#545,#634,#519,.T.);
#822=EDGE_CURVE('',#635,#568,#520,.T.);
#823=EDGE_CURVE('',#641,#642,#521,.T.);
#824=EDGE_CURVE('',#641,#615,#313,.T.);
#825=EDGE_CURVE('',#614,#642,#314,.T.);
#826=EDGE_CURVE('',#643,#641,#315,.T.);
#827=EDGE_CURVE('',#616,#643,#316,.T.);
#828=EDGE_CURVE('',#644,#645,#522,.T.);
#829=EDGE_CURVE('',#644,#623,#317,.T.);
#830=EDGE_CURVE('',#622,#645,#318,.T.);
#831=EDGE_CURVE('',#642,#646,#319,.T.);
#832=EDGE_CURVE('',#646,#647,#523,.T.);
#833=EDGE_CURVE('',#647,#648,#524,.T.);
#834=EDGE_CURVE('',#648,#649,#525,.T.);
#835=EDGE_CURVE('',#649,#644,#320,.T.);
#836=EDGE_CURVE('',#645,#650,#321,.T.);
#837=EDGE_CURVE('',#650,#651,#526,.T.);
#838=EDGE_CURVE('',#651,#652,#322,.T.);
#839=EDGE_CURVE('',#652,#653,#527,.T.);
#840=EDGE_CURVE('',#653,#654,#528,.T.);
#841=EDGE_CURVE('',#654,#643,#529,.T.);
#842=EDGE_CURVE('',#650,#621,#323,.T.);
#843=EDGE_CURVE('',#620,#651,#324,.T.);
#844=EDGE_CURVE('',#646,#613,#325,.T.);
#845=EDGE_CURVE('',#626,#647,#326,.T.);
#846=EDGE_CURVE('',#648,#625,#327,.T.);
#847=EDGE_CURVE('',#624,#649,#328,.T.);
#848=EDGE_CURVE('',#654,#617,#329,.T.);
#849=EDGE_CURVE('',#652,#619,#330,.T.);
#850=EDGE_CURVE('',#653,#618,#331,.T.);
#851=EDGE_CURVE('',#628,#655,#332,.T.);
#852=EDGE_CURVE('',#655,#655,#530,.T.);
#853=EDGE_CURVE('',#627,#656,#333,.T.);
#854=EDGE_CURVE('',#656,#656,#531,.T.);
#855=ORIENTED_EDGE('',*,*,#657,.T.);
#856=ORIENTED_EDGE('',*,*,#658,.T.);
#857=ORIENTED_EDGE('',*,*,#659,.T.);
#858=ORIENTED_EDGE('',*,*,#660,.T.);
#859=ORIENTED_EDGE('',*,*,#661,.T.);
#860=ORIENTED_EDGE('',*,*,#662,.T.);
#861=ORIENTED_EDGE('',*,*,#657,.F.);
#862=ORIENTED_EDGE('',*,*,#663,.T.);
#863=ORIENTED_EDGE('',*,*,#664,.T.);
#864=ORIENTED_EDGE('',*,*,#665,.T.);
#865=ORIENTED_EDGE('',*,*,#661,.F.);
#866=ORIENTED_EDGE('',*,*,#666,.T.);
#867=ORIENTED_EDGE('',*,*,#667,.T.);
#868=ORIENTED_EDGE('',*,*,#668,.T.);
#869=ORIENTED_EDGE('',*,*,#669,.T.);
#870=ORIENTED_EDGE('',*,*,#664,.F.);
#871=ORIENTED_EDGE('',*,*,#670,.T.);
#872=ORIENTED_EDGE('',*,*,#671,.T.);
#873=ORIENTED_EDGE('',*,*,#672,.T.);
#874=ORIENTED_EDGE('',*,*,#668,.F.);
#875=ORIENTED_EDGE('',*,*,#673,.T.);
#876=ORIENTED_EDGE('',*,*,#658,.F.);
#877=ORIENTED_EDGE('',*,*,#662,.F.);
#878=ORIENTED_EDGE('',*,*,#665,.F.);
#879=ORIENTED_EDGE('',*,*,#669,.F.);
#880=ORIENTED_EDGE('',*,*,#672,.F.);
#881=ORIENTED_EDGE('',*,*,#674,.F.);
#882=ORIENTED_EDGE('',*,*,#675,.F.);
#883=ORIENTED_EDGE('',*,*,#676,.F.);
#884=ORIENTED_EDGE('',*,*,#677,.F.);
#885=ORIENTED_EDGE('',*,*,#678,.F.);
#886=ORIENTED_EDGE('',*,*,#673,.F.);
#887=ORIENTED_EDGE('',*,*,#679,.F.);
#888=ORIENTED_EDGE('',*,*,#680,.T.);
#889=ORIENTED_EDGE('',*,*,#681,.F.);
#890=ORIENTED_EDGE('',*,*,#670,.F.);
#891=ORIENTED_EDGE('',*,*,#682,.T.);
#892=ORIENTED_EDGE('',*,*,#683,.F.);
#893=ORIENTED_EDGE('',*,*,#679,.T.);
#894=ORIENTED_EDGE('',*,*,#667,.F.);
#895=ORIENTED_EDGE('',*,*,#684,.T.);
#896=ORIENTED_EDGE('',*,*,#682,.F.);
#897=ORIENTED_EDGE('',*,*,#685,.T.);
#898=ORIENTED_EDGE('',*,*,#686,.T.);
#899=ORIENTED_EDGE('',*,*,#687,.T.);
#900=ORIENTED_EDGE('',*,*,#688,.T.);
#901=ORIENTED_EDGE('',*,*,#689,.T.);
#902=ORIENTED_EDGE('',*,*,#690,.T.);
#903=ORIENTED_EDGE('',*,*,#685,.F.);
#904=ORIENTED_EDGE('',*,*,#691,.T.);
#905=ORIENTED_EDGE('',*,*,#692,.T.);
#906=ORIENTED_EDGE('',*,*,#693,.T.);
#907=ORIENTED_EDGE('',*,*,#689,.F.);
#908=ORIENTED_EDGE('',*,*,#694,.T.);
#909=ORIENTED_EDGE('',*,*,#695,.T.);
#910=ORIENTED_EDGE('',*,*,#696,.T.);
#911=ORIENTED_EDGE('',*,*,#697,.T.);
#912=ORIENTED_EDGE('',*,*,#692,.F.);
#913=ORIENTED_EDGE('',*,*,#698,.T.);
#914=ORIENTED_EDGE('',*,*,#699,.T.);
#915=ORIENTED_EDGE('',*,*,#700,.T.);
#916=ORIENTED_EDGE('',*,*,#696,.F.);
#917=ORIENTED_EDGE('',*,*,#701,.T.);
#918=ORIENTED_EDGE('',*,*,#686,.F.);
#919=ORIENTED_EDGE('',*,*,#690,.F.);
#920=ORIENTED_EDGE('',*,*,#693,.F.);
#921=ORIENTED_EDGE('',*,*,#697,.F.);
#922=ORIENTED_EDGE('',*,*,#700,.F.);
#923=ORIENTED_EDGE('',*,*,#702,.F.);
#924=ORIENTED_EDGE('',*,*,#703,.F.);
#925=ORIENTED_EDGE('',*,*,#704,.F.);
#926=ORIENTED_EDGE('',*,*,#705,.F.);
#927=ORIENTED_EDGE('',*,*,#706,.F.);
#928=ORIENTED_EDGE('',*,*,#701,.F.);
#929=ORIENTED_EDGE('',*,*,#707,.F.);
#930=ORIENTED_EDGE('',*,*,#708,.T.);
#931=ORIENTED_EDGE('',*,*,#709,.F.);
#932=ORIENTED_EDGE('',*,*,#698,.F.);
#933=ORIENTED_EDGE('',*,*,#710,.T.);
#934=ORIENTED_EDGE('',*,*,#711,.F.);
#935=ORIENTED_EDGE('',*,*,#707,.T.);
#936=ORIENTED_EDGE('',*,*,#695,.F.);
#937=ORIENTED_EDGE('',*,*,#712,.T.);
#938=ORIENTED_EDGE('',*,*,#710,.F.);
#939=ORIENTED_EDGE('',*,*,#691,.F.);
#940=ORIENTED_EDGE('',*,*,#713,.T.);
#941=ORIENTED_EDGE('',*,*,#714,.T.);
#942=ORIENTED_EDGE('',*,*,#715,.T.);
#943=ORIENTED_EDGE('',*,*,#714,.F.);
#944=ORIENTED_EDGE('',*,*,#716,.T.);
#945=ORIENTED_EDGE('',*,*,#711,.T.);
#946=ORIENTED_EDGE('',*,*,#717,.T.);
#947=ORIENTED_EDGE('',*,*,#716,.F.);
#948=ORIENTED_EDGE('',*,*,#718,.F.);
#949=ORIENTED_EDGE('',*,*,#719,.F.);
#950=ORIENTED_EDGE('',*,*,#708,.F.);
#951=ORIENTED_EDGE('',*,*,#688,.F.);
#952=ORIENTED_EDGE('',*,*,#720,.F.);
#953=ORIENTED_EDGE('',*,*,#718,.T.);
#954=ORIENTED_EDGE('',*,*,#713,.F.);
#955=ORIENTED_EDGE('',*,*,#663,.F.);
#956=ORIENTED_EDGE('',*,*,#721,.T.);
#957=ORIENTED_EDGE('',*,*,#722,.T.);
#958=ORIENTED_EDGE('',*,*,#723,.T.);
#959=ORIENTED_EDGE('',*,*,#722,.F.);
#960=ORIENTED_EDGE('',*,*,#724,.T.);
#961=ORIENTED_EDGE('',*,*,#683,.T.);
#962=ORIENTED_EDGE('',*,*,#725,.T.);
#963=ORIENTED_EDGE('',*,*,#724,.F.);
#964=ORIENTED_EDGE('',*,*,#726,.F.);
#965=ORIENTED_EDGE('',*,*,#727,.F.);
#966=ORIENTED_EDGE('',*,*,#680,.F.);
#967=ORIENTED_EDGE('',*,*,#660,.F.);
#968=ORIENTED_EDGE('',*,*,#728,.F.);
#969=ORIENTED_EDGE('',*,*,#726,.T.);
#970=ORIENTED_EDGE('',*,*,#721,.F.);
#971=ORIENTED_EDGE('',*,*,#729,.T.);
#972=ORIENTED_EDGE('',*,*,#730,.T.);
#973=ORIENTED_EDGE('',*,*,#731,.F.);
#974=ORIENTED_EDGE('',*,*,#730,.F.);
#975=ORIENTED_EDGE('',*,*,#732,.T.);
#976=ORIENTED_EDGE('',*,*,#733,.T.);
#977=ORIENTED_EDGE('',*,*,#734,.F.);
#978=ORIENTED_EDGE('',*,*,#733,.F.);
#979=ORIENTED_EDGE('',*,*,#735,.F.);
#980=ORIENTED_EDGE('',*,*,#736,.T.);
#981=ORIENTED_EDGE('',*,*,#737,.T.);
#982=ORIENTED_EDGE('',*,*,#736,.F.);
#983=ORIENTED_EDGE('',*,*,#717,.F.);
#984=ORIENTED_EDGE('',*,*,#712,.F.);
#985=ORIENTED_EDGE('',*,*,#737,.F.);
#986=ORIENTED_EDGE('',*,*,#729,.F.);
#987=ORIENTED_EDGE('',*,*,#725,.F.);
#988=ORIENTED_EDGE('',*,*,#738,.T.);
#989=ORIENTED_EDGE('',*,*,#739,.T.);
#990=ORIENTED_EDGE('',*,*,#738,.F.);
#991=ORIENTED_EDGE('',*,*,#684,.F.);
#992=ORIENTED_EDGE('',*,*,#740,.F.);
#993=ORIENTED_EDGE('',*,*,#739,.F.);
#994=ORIENTED_EDGE('',*,*,#732,.F.);
#995=ORIENTED_EDGE('',*,*,#694,.F.);
#996=ORIENTED_EDGE('',*,*,#715,.F.);
#997=ORIENTED_EDGE('',*,*,#735,.T.);
#998=ORIENTED_EDGE('',*,*,#666,.F.);
#999=ORIENTED_EDGE('',*,*,#723,.F.);
#1000=ORIENTED_EDGE('',*,*,#740,.T.);
#1001=ORIENTED_EDGE('',*,*,#741,.F.);
#1002=ORIENTED_EDGE('',*,*,#742,.T.);
#1003=ORIENTED_EDGE('',*,*,#743,.F.);
#1004=ORIENTED_EDGE('',*,*,#744,.F.);
#1005=ORIENTED_EDGE('',*,*,#744,.T.);
#1006=ORIENTED_EDGE('',*,*,#745,.T.);
#1007=ORIENTED_EDGE('',*,*,#746,.F.);
#1008=ORIENTED_EDGE('',*,*,#747,.T.);
#1009=ORIENTED_EDGE('',*,*,#748,.F.);
#1010=ORIENTED_EDGE('',*,*,#749,.T.);
#1011=ORIENTED_EDGE('',*,*,#750,.T.);
#1012=ORIENTED_EDGE('',*,*,#751,.F.);
#1013=ORIENTED_EDGE('',*,*,#752,.T.);
#1014=ORIENTED_EDGE('',*,*,#753,.F.);
#1015=ORIENTED_EDGE('',*,*,#704,.T.);
#1016=ORIENTED_EDGE('',*,*,#754,.F.);
#1017=ORIENTED_EDGE('',*,*,#755,.T.);
#1018=ORIENTED_EDGE('',*,*,#756,.F.);
#1019=ORIENTED_EDGE('',*,*,#676,.T.);
#1020=ORIENTED_EDGE('',*,*,#757,.F.);
#1021=ORIENTED_EDGE('',*,*,#758,.F.);
#1022=ORIENTED_EDGE('',*,*,#759,.T.);
#1023=ORIENTED_EDGE('',*,*,#760,.F.);
#1024=ORIENTED_EDGE('',*,*,#761,.T.);
#1025=ORIENTED_EDGE('',*,*,#743,.T.);
#1026=ORIENTED_EDGE('',*,*,#762,.T.);
#1027=ORIENTED_EDGE('',*,*,#763,.F.);
#1028=ORIENTED_EDGE('',*,*,#745,.F.);
#1029=ORIENTED_EDGE('',*,*,#764,.F.);
#1030=ORIENTED_EDGE('',*,*,#765,.T.);
#1031=ORIENTED_EDGE('',*,*,#760,.T.);
#1032=ORIENTED_EDGE('',*,*,#766,.T.);
#1033=ORIENTED_EDGE('',*,*,#741,.T.);
#1034=ORIENTED_EDGE('',*,*,#761,.F.);
#1035=ORIENTED_EDGE('',*,*,#765,.F.);
#1036=ORIENTED_EDGE('',*,*,#767,.T.);
#1037=ORIENTED_EDGE('',*,*,#768,.F.);
#1038=ORIENTED_EDGE('',*,*,#769,.T.);
#1039=ORIENTED_EDGE('',*,*,#746,.T.);
#1040=ORIENTED_EDGE('',*,*,#763,.T.);
#1041=ORIENTED_EDGE('',*,*,#769,.F.);
#1042=ORIENTED_EDGE('',*,*,#770,.T.);
#1043=ORIENTED_EDGE('',*,*,#771,.F.);
#1044=ORIENTED_EDGE('',*,*,#747,.F.);
#1045=ORIENTED_EDGE('',*,*,#772,.F.);
#1046=ORIENTED_EDGE('',*,*,#773,.T.);
#1047=ORIENTED_EDGE('',*,*,#748,.T.);
#1048=ORIENTED_EDGE('',*,*,#771,.T.);
#1049=ORIENTED_EDGE('',*,*,#767,.F.);
#1050=ORIENTED_EDGE('',*,*,#764,.T.);
#1051=ORIENTED_EDGE('',*,*,#774,.F.);
#1052=ORIENTED_EDGE('',*,*,#775,.F.);
#1053=ORIENTED_EDGE('',*,*,#776,.T.);
#1054=ORIENTED_EDGE('',*,*,#777,.F.);
#1055=ORIENTED_EDGE('',*,*,#778,.F.);
#1056=ORIENTED_EDGE('',*,*,#779,.F.);
#1057=ORIENTED_EDGE('',*,*,#772,.T.);
#1058=ORIENTED_EDGE('',*,*,#770,.F.);
#1059=ORIENTED_EDGE('',*,*,#768,.T.);
#1060=ORIENTED_EDGE('',*,*,#762,.F.);
#1061=ORIENTED_EDGE('',*,*,#742,.F.);
#1062=ORIENTED_EDGE('',*,*,#780,.T.);
#1063=ORIENTED_EDGE('',*,*,#781,.F.);
#1064=ORIENTED_EDGE('',*,*,#782,.T.);
#1065=ORIENTED_EDGE('',*,*,#783,.F.);
#1066=ORIENTED_EDGE('',*,*,#784,.T.);
#1067=ORIENTED_EDGE('',*,*,#785,.F.);
#1068=ORIENTED_EDGE('',*,*,#786,.T.);
#1069=ORIENTED_EDGE('',*,*,#787,.F.);
#1070=ORIENTED_EDGE('',*,*,#788,.T.);
#1071=ORIENTED_EDGE('',*,*,#789,.F.);
#1072=ORIENTED_EDGE('',*,*,#790,.T.);
#1073=ORIENTED_EDGE('',*,*,#791,.F.);
#1074=ORIENTED_EDGE('',*,*,#792,.T.);
#1075=ORIENTED_EDGE('',*,*,#793,.F.);
#1076=ORIENTED_EDGE('',*,*,#794,.T.);
#1077=ORIENTED_EDGE('',*,*,#795,.T.);
#1078=ORIENTED_EDGE('',*,*,#773,.F.);
#1079=ORIENTED_EDGE('',*,*,#779,.T.);
#1080=ORIENTED_EDGE('',*,*,#796,.T.);
#1081=ORIENTED_EDGE('',*,*,#749,.F.);
#1082=ORIENTED_EDGE('',*,*,#766,.F.);
#1083=ORIENTED_EDGE('',*,*,#759,.F.);
#1084=ORIENTED_EDGE('',*,*,#797,.F.);
#1085=ORIENTED_EDGE('',*,*,#798,.F.);
#1086=ORIENTED_EDGE('',*,*,#799,.F.);
#1087=ORIENTED_EDGE('',*,*,#774,.T.);
#1088=ORIENTED_EDGE('',*,*,#751,.T.);
#1089=ORIENTED_EDGE('',*,*,#800,.T.);
#1090=ORIENTED_EDGE('',*,*,#801,.T.);
#1091=ORIENTED_EDGE('',*,*,#802,.T.);
#1092=ORIENTED_EDGE('',*,*,#802,.F.);
#1093=ORIENTED_EDGE('',*,*,#803,.T.);
#1094=ORIENTED_EDGE('',*,*,#804,.F.);
#1095=ORIENTED_EDGE('',*,*,#805,.F.);
#1096=ORIENTED_EDGE('',*,*,#806,.F.);
#1097=ORIENTED_EDGE('',*,*,#752,.F.);
#1098=ORIENTED_EDGE('',*,*,#807,.F.);
#1099=ORIENTED_EDGE('',*,*,#808,.T.);
#1100=ORIENTED_EDGE('',*,*,#777,.T.);
#1101=ORIENTED_EDGE('',*,*,#809,.T.);
#1102=ORIENTED_EDGE('',*,*,#807,.T.);
#1103=ORIENTED_EDGE('',*,*,#810,.T.);
#1104=ORIENTED_EDGE('',*,*,#811,.T.);
#1105=ORIENTED_EDGE('',*,*,#798,.T.);
#1106=ORIENTED_EDGE('',*,*,#812,.F.);
#1107=ORIENTED_EDGE('',*,*,#803,.F.);
#1108=ORIENTED_EDGE('',*,*,#801,.F.);
#1109=ORIENTED_EDGE('',*,*,#813,.T.);
#1110=ORIENTED_EDGE('',*,*,#809,.F.);
#1111=ORIENTED_EDGE('',*,*,#776,.F.);
#1112=ORIENTED_EDGE('',*,*,#814,.F.);
#1113=ORIENTED_EDGE('',*,*,#810,.F.);
#1114=ORIENTED_EDGE('',*,*,#811,.F.);
#1115=ORIENTED_EDGE('',*,*,#814,.T.);
#1116=ORIENTED_EDGE('',*,*,#775,.T.);
#1117=ORIENTED_EDGE('',*,*,#799,.T.);
#1118=ORIENTED_EDGE('',*,*,#758,.T.);
#1119=ORIENTED_EDGE('',*,*,#815,.F.);
#1120=ORIENTED_EDGE('',*,*,#812,.T.);
#1121=ORIENTED_EDGE('',*,*,#797,.T.);
#1122=ORIENTED_EDGE('',*,*,#754,.T.);
#1123=ORIENTED_EDGE('',*,*,#703,.T.);
#1124=ORIENTED_EDGE('',*,*,#816,.T.);
#1125=ORIENTED_EDGE('',*,*,#817,.T.);
#1126=ORIENTED_EDGE('',*,*,#817,.F.);
#1127=ORIENTED_EDGE('',*,*,#818,.F.);
#1128=ORIENTED_EDGE('',*,*,#819,.F.);
#1129=ORIENTED_EDGE('',*,*,#755,.F.);
#1130=ORIENTED_EDGE('',*,*,#756,.T.);
#1131=ORIENTED_EDGE('',*,*,#819,.T.);
#1132=ORIENTED_EDGE('',*,*,#820,.T.);
#1133=ORIENTED_EDGE('',*,*,#677,.T.);
#1134=ORIENTED_EDGE('',*,*,#821,.T.);
#1135=ORIENTED_EDGE('',*,*,#804,.T.);
#1136=ORIENTED_EDGE('',*,*,#815,.T.);
#1137=ORIENTED_EDGE('',*,*,#757,.T.);
#1138=ORIENTED_EDGE('',*,*,#675,.T.);
#1139=ORIENTED_EDGE('',*,*,#753,.T.);
#1140=ORIENTED_EDGE('',*,*,#806,.T.);
#1141=ORIENTED_EDGE('',*,*,#822,.T.);
#1142=ORIENTED_EDGE('',*,*,#705,.T.);
#1143=ORIENTED_EDGE('',*,*,#823,.F.);
#1144=ORIENTED_EDGE('',*,*,#824,.T.);
#1145=ORIENTED_EDGE('',*,*,#781,.T.);
#1146=ORIENTED_EDGE('',*,*,#825,.T.);
#1147=ORIENTED_EDGE('',*,*,#824,.F.);
#1148=ORIENTED_EDGE('',*,*,#826,.F.);
#1149=ORIENTED_EDGE('',*,*,#827,.F.);
#1150=ORIENTED_EDGE('',*,*,#782,.F.);
#1151=ORIENTED_EDGE('',*,*,#828,.F.);
#1152=ORIENTED_EDGE('',*,*,#829,.T.);
#1153=ORIENTED_EDGE('',*,*,#789,.T.);
#1154=ORIENTED_EDGE('',*,*,#830,.T.);
#1155=ORIENTED_EDGE('',*,*,#823,.T.);
#1156=ORIENTED_EDGE('',*,*,#831,.T.);
#1157=ORIENTED_EDGE('',*,*,#832,.T.);
#1158=ORIENTED_EDGE('',*,*,#833,.T.);
#1159=ORIENTED_EDGE('',*,*,#834,.T.);
#1160=ORIENTED_EDGE('',*,*,#835,.T.);
#1161=ORIENTED_EDGE('',*,*,#828,.T.);
#1162=ORIENTED_EDGE('',*,*,#836,.T.);
#1163=ORIENTED_EDGE('',*,*,#837,.T.);
#1164=ORIENTED_EDGE('',*,*,#838,.T.);
#1165=ORIENTED_EDGE('',*,*,#839,.T.);
#1166=ORIENTED_EDGE('',*,*,#840,.T.);
#1167=ORIENTED_EDGE('',*,*,#841,.T.);
#1168=ORIENTED_EDGE('',*,*,#826,.T.);
#1169=ORIENTED_EDGE('',*,*,#830,.F.);
#1170=ORIENTED_EDGE('',*,*,#788,.F.);
#1171=ORIENTED_EDGE('',*,*,#842,.F.);
#1172=ORIENTED_EDGE('',*,*,#836,.F.);
#1173=ORIENTED_EDGE('',*,*,#837,.F.);
#1174=ORIENTED_EDGE('',*,*,#842,.T.);
#1175=ORIENTED_EDGE('',*,*,#787,.T.);
#1176=ORIENTED_EDGE('',*,*,#843,.T.);
#1177=ORIENTED_EDGE('',*,*,#832,.F.);
#1178=ORIENTED_EDGE('',*,*,#844,.T.);
#1179=ORIENTED_EDGE('',*,*,#793,.T.);
#1180=ORIENTED_EDGE('',*,*,#845,.T.);
#1181=ORIENTED_EDGE('',*,*,#845,.F.);
#1182=ORIENTED_EDGE('',*,*,#792,.F.);
#1183=ORIENTED_EDGE('',*,*,#846,.F.);
#1184=ORIENTED_EDGE('',*,*,#833,.F.);
#1185=ORIENTED_EDGE('',*,*,#834,.F.);
#1186=ORIENTED_EDGE('',*,*,#846,.T.);
#1187=ORIENTED_EDGE('',*,*,#791,.T.);
#1188=ORIENTED_EDGE('',*,*,#847,.T.);
#1189=ORIENTED_EDGE('',*,*,#841,.F.);
#1190=ORIENTED_EDGE('',*,*,#848,.T.);
#1191=ORIENTED_EDGE('',*,*,#783,.T.);
#1192=ORIENTED_EDGE('',*,*,#827,.T.);
#1193=ORIENTED_EDGE('',*,*,#839,.F.);
#1194=ORIENTED_EDGE('',*,*,#849,.T.);
#1195=ORIENTED_EDGE('',*,*,#785,.T.);
#1196=ORIENTED_EDGE('',*,*,#850,.F.);
#1197=ORIENTED_EDGE('',*,*,#795,.F.);
#1198=ORIENTED_EDGE('',*,*,#851,.T.);
#1199=ORIENTED_EDGE('',*,*,#852,.F.);
#1200=ORIENTED_EDGE('',*,*,#851,.F.);
#1201=ORIENTED_EDGE('',*,*,#794,.F.);
#1202=ORIENTED_EDGE('',*,*,#853,.T.);
#1203=ORIENTED_EDGE('',*,*,#854,.F.);
#1204=ORIENTED_EDGE('',*,*,#853,.F.);
#1205=ORIENTED_EDGE('',*,*,#825,.F.);
#1206=ORIENTED_EDGE('',*,*,#780,.F.);
#1207=ORIENTED_EDGE('',*,*,#844,.F.);
#1208=ORIENTED_EDGE('',*,*,#831,.F.);
#1209=ORIENTED_EDGE('',*,*,#829,.F.);
#1210=ORIENTED_EDGE('',*,*,#835,.F.);
#1211=ORIENTED_EDGE('',*,*,#847,.F.);
#1212=ORIENTED_EDGE('',*,*,#790,.F.);
#1213=ORIENTED_EDGE('',*,*,#843,.F.);
#1214=ORIENTED_EDGE('',*,*,#786,.F.);
#1215=ORIENTED_EDGE('',*,*,#849,.F.);
#1216=ORIENTED_EDGE('',*,*,#838,.F.);
#1217=ORIENTED_EDGE('',*,*,#840,.F.);
#1218=ORIENTED_EDGE('',*,*,#850,.T.);
#1219=ORIENTED_EDGE('',*,*,#784,.F.);
#1220=ORIENTED_EDGE('',*,*,#848,.F.);
#1221=ORIENTED_EDGE('',*,*,#800,.F.);
#1222=ORIENTED_EDGE('',*,*,#750,.F.);
#1223=ORIENTED_EDGE('',*,*,#796,.F.);
#1224=ORIENTED_EDGE('',*,*,#778,.T.);
#1225=ORIENTED_EDGE('',*,*,#808,.F.);
#1226=ORIENTED_EDGE('',*,*,#813,.F.);
#1227=ORIENTED_EDGE('',*,*,#816,.F.);
#1228=ORIENTED_EDGE('',*,*,#702,.T.);
#1229=ORIENTED_EDGE('',*,*,#699,.F.);
#1230=ORIENTED_EDGE('',*,*,#709,.T.);
#1231=ORIENTED_EDGE('',*,*,#719,.T.);
#1232=ORIENTED_EDGE('',*,*,#720,.T.);
#1233=ORIENTED_EDGE('',*,*,#687,.F.);
#1234=ORIENTED_EDGE('',*,*,#706,.T.);
#1235=ORIENTED_EDGE('',*,*,#822,.F.);
#1236=ORIENTED_EDGE('',*,*,#805,.T.);
#1237=ORIENTED_EDGE('',*,*,#821,.F.);
#1238=ORIENTED_EDGE('',*,*,#674,.T.);
#1239=ORIENTED_EDGE('',*,*,#671,.F.);
#1240=ORIENTED_EDGE('',*,*,#681,.T.);
#1241=ORIENTED_EDGE('',*,*,#727,.T.);
#1242=ORIENTED_EDGE('',*,*,#728,.T.);
#1243=ORIENTED_EDGE('',*,*,#659,.F.);
#1244=ORIENTED_EDGE('',*,*,#678,.T.);
#1245=ORIENTED_EDGE('',*,*,#820,.F.);
#1246=ORIENTED_EDGE('',*,*,#818,.T.);
#1247=ORIENTED_EDGE('',*,*,#731,.T.);
#1248=ORIENTED_EDGE('',*,*,#734,.T.);
#1249=ORIENTED_EDGE('',*,*,#852,.T.);
#1250=ORIENTED_EDGE('',*,*,#854,.T.);
#1251=CYLINDRICAL_SURFACE('',#1380,1.5);
#1252=CYLINDRICAL_SURFACE('',#1387,1.5);
#1253=CYLINDRICAL_SURFACE('',#1393,1.5);
#1254=CYLINDRICAL_SURFACE('',#1397,1.5);
#1255=CYLINDRICAL_SURFACE('',#1401,1.5);
#1256=CYLINDRICAL_SURFACE('',#1408,1.5);
#1257=CYLINDRICAL_SURFACE('',#1414,1.5);
#1258=CYLINDRICAL_SURFACE('',#1418,1.5);
#1259=CYLINDRICAL_SURFACE('',#1422,1.5);
#1260=CYLINDRICAL_SURFACE('',#1427,3.5);
#1261=CYLINDRICAL_SURFACE('',#1430,1.5);
#1262=CYLINDRICAL_SURFACE('',#1435,3.5);
#1263=CYLINDRICAL_SURFACE('',#1438,0.499999999999998);
#1264=CYLINDRICAL_SURFACE('',#1441,0.5);
#1265=CYLINDRICAL_SURFACE('',#1444,2.);
#1266=CYLINDRICAL_SURFACE('',#1448,2.);
#1267=CYLINDRICAL_SURFACE('',#1454,4.642905283975);
#1268=CYLINDRICAL_SURFACE('',#1468,0.5);
#1269=CYLINDRICAL_SURFACE('',#1471,0.5);
#1270=CYLINDRICAL_SURFACE('',#1474,0.5);
#1271=CYLINDRICAL_SURFACE('',#1492,1.);
#1272=CYLINDRICAL_SURFACE('',#1495,1.);
#1273=CYLINDRICAL_SURFACE('',#1501,1.);
#1274=CYLINDRICAL_SURFACE('',#1502,1.);
#1275=CYLINDRICAL_SURFACE('',#1503,2.);
#1276=CYLINDRICAL_SURFACE('',#1506,2.);
#1277=CYLINDRICAL_SURFACE('',#1508,2.);
#1278=CYLINDRICAL_SURFACE('',#1510,2.);
#1279=CYLINDRICAL_SURFACE('',#1512,1.);
#1280=CYLINDRICAL_SURFACE('',#1515,1.);
#1281=CYLINDRICAL_SURFACE('',#1526,1.);
#1282=CYLINDRICAL_SURFACE('',#1527,0.5);
#1283=CYLINDRICAL_SURFACE('',#1528,1.75);
#1284=CYLINDRICAL_SURFACE('',#1529,0.5);
#1285=CYLINDRICAL_SURFACE('',#1530,4.);
#1286=CYLINDRICAL_SURFACE('',#1531,4.);
#1287=CYLINDRICAL_SURFACE('',#1532,0.5);
#1288=CYLINDRICAL_SURFACE('',#1534,0.5);
#1289=CYLINDRICAL_SURFACE('',#1539,1.75);
#1290=ADVANCED_FACE('',(#61),#1251,.F.);
#1291=ADVANCED_FACE('',(#62),#55,.F.);
#1292=ADVANCED_FACE('',(#63),#1252,.F.);
#1293=ADVANCED_FACE('',(#64),#56,.F.);
#1294=ADVANCED_FACE('',(#65),#1253,.F.);
#1295=ADVANCED_FACE('',(#66),#24,.T.);
#1296=ADVANCED_FACE('',(#67),#25,.T.);
#1297=ADVANCED_FACE('',(#68),#1254,.T.);
#1298=ADVANCED_FACE('',(#69),#26,.T.);
#1299=ADVANCED_FACE('',(#70),#1255,.F.);
#1300=ADVANCED_FACE('',(#71),#57,.F.);
#1301=ADVANCED_FACE('',(#72),#1256,.F.);
#1302=ADVANCED_FACE('',(#73),#58,.F.);
#1303=ADVANCED_FACE('',(#74),#1257,.F.);
#1304=ADVANCED_FACE('',(#75),#27,.T.);
#1305=ADVANCED_FACE('',(#76),#28,.T.);
#1306=ADVANCED_FACE('',(#77),#1258,.T.);
#1307=ADVANCED_FACE('',(#78),#29,.T.);
#1308=ADVANCED_FACE('',(#79),#1259,.T.);
#1309=ADVANCED_FACE('',(#80),#59,.T.);
#1310=ADVANCED_FACE('',(#81),#1260,.T.);
#1311=ADVANCED_FACE('',(#82),#30,.T.);
#1312=ADVANCED_FACE('',(#83),#1261,.T.);
#1313=ADVANCED_FACE('',(#84),#60,.T.);
#1314=ADVANCED_FACE('',(#85),#1262,.T.);
#1315=ADVANCED_FACE('',(#86),#31,.T.);
#1316=ADVANCED_FACE('',(#87),#1263,.F.);
#1317=ADVANCED_FACE('',(#88),#1264,.F.);
#1318=ADVANCED_FACE('',(#89),#1265,.F.);
#1319=ADVANCED_FACE('',(#90,#15),#32,.T.);
#1320=ADVANCED_FACE('',(#91),#1266,.F.);
#1321=ADVANCED_FACE('',(#92,#16),#33,.T.);
#1322=ADVANCED_FACE('',(#93),#34,.T.);
#1323=ADVANCED_FACE('',(#94),#35,.T.);
#1324=ADVANCED_FACE('',(#95),#1267,.F.);
#1325=ADVANCED_FACE('',(#96),#36,.T.);
#1326=ADVANCED_FACE('',(#97),#37,.T.);
#1327=ADVANCED_FACE('',(#98),#1268,.F.);
#1328=ADVANCED_FACE('',(#99),#38,.T.);
#1329=ADVANCED_FACE('',(#100),#1269,.F.);
#1330=ADVANCED_FACE('',(#101),#39,.T.);
#1331=ADVANCED_FACE('',(#102),#1270,.F.);
#1332=ADVANCED_FACE('',(#103,#17,#18,#19),#40,.T.);
#1333=ADVANCED_FACE('',(#104),#41,.T.);
#1334=ADVANCED_FACE('',(#105),#42,.T.);
#1335=ADVANCED_FACE('',(#106),#1271,.T.);
#1336=ADVANCED_FACE('',(#107),#43,.T.);
#1337=ADVANCED_FACE('',(#108),#1272,.F.);
#1338=ADVANCED_FACE('',(#109),#44,.T.);
#1339=ADVANCED_FACE('',(#110),#45,.T.);
#1340=ADVANCED_FACE('',(#111),#1273,.F.);
#1341=ADVANCED_FACE('',(#112),#1274,.T.);
#1342=ADVANCED_FACE('',(#113),#1275,.T.);
#1343=ADVANCED_FACE('',(#114),#46,.T.);
#1344=ADVANCED_FACE('',(#115),#1276,.T.);
#1345=ADVANCED_FACE('',(#116),#1277,.T.);
#1346=ADVANCED_FACE('',(#117),#1278,.T.);
#1347=ADVANCED_FACE('',(#118),#1279,.F.);
#1348=ADVANCED_FACE('',(#119),#47,.T.);
#1349=ADVANCED_FACE('',(#120),#1280,.F.);
#1350=ADVANCED_FACE('',(#121),#48,.T.);
#1351=ADVANCED_FACE('',(#122),#49,.T.);
#1352=ADVANCED_FACE('',(#123),#1281,.F.);
#1353=ADVANCED_FACE('',(#124),#1282,.F.);
#1354=ADVANCED_FACE('',(#125),#1283,.T.);
#1355=ADVANCED_FACE('',(#126),#1284,.F.);
#1356=ADVANCED_FACE('',(#127),#1285,.F.);
#1357=ADVANCED_FACE('',(#128),#1286,.F.);
#1358=ADVANCED_FACE('',(#129),#1287,.F.);
#1359=ADVANCED_FACE('',(#130),#1288,.F.);
#1360=ADVANCED_FACE('',(#131),#50,.T.);
#1361=ADVANCED_FACE('',(#132),#51,.T.);
#1362=ADVANCED_FACE('',(#133),#52,.T.);
#1363=ADVANCED_FACE('',(#134),#1289,.T.);
#1364=ADVANCED_FACE('',(#135),#53,.T.);
#1365=ADVANCED_FACE('',(#136,#20,#21,#22,#23),#54,.T.);
#1366=CLOSED_SHELL('',(#1290,#1291,#1292,#1293,#1294,#1295,#1296,#1297,
#1298,#1299,#1300,#1301,#1302,#1303,#1304,#1305,#1306,#1307,#1308,#1309,
#1310,#1311,#1312,#1313,#1314,#1315,#1316,#1317,#1318,#1319,#1320,#1321,
#1322,#1323,#1324,#1325,#1326,#1327,#1328,#1329,#1330,#1331,#1332,#1333,
#1334,#1335,#1336,#1337,#1338,#1339,#1340,#1341,#1342,#1343,#1344,#1345,
#1346,#1347,#1348,#1349,#1350,#1351,#1352,#1353,#1354,#1355,#1356,#1357,
#1358,#1359,#1360,#1361,#1362,#1363,#1364,#1365));
#1367=DERIVED_UNIT_ELEMENT(#1369,1.);
#1368=DERIVED_UNIT_ELEMENT(#2385,-3.);
#1369=(
MASS_UNIT()
NAMED_UNIT(*)
SI_UNIT(.KILO.,.GRAM.)
);
#1370=DERIVED_UNIT((#1367,#1368));
#1371=MEASURE_REPRESENTATION_ITEM('density measure',
POSITIVE_RATIO_MEASURE(7850.),#1370);
#1372=PROPERTY_DEFINITION_REPRESENTATION(#1377,#1374);
#1373=PROPERTY_DEFINITION_REPRESENTATION(#1378,#1375);
#1374=REPRESENTATION('material name',(#1376),#2382);
#1375=REPRESENTATION('density',(#1371),#2382);
#1376=DESCRIPTIVE_REPRESENTATION_ITEM('Steel','Steel');
#1377=PROPERTY_DEFINITION('material property','material name',#2392);
#1378=PROPERTY_DEFINITION('material property','density of part',#2392);
#1379=AXIS2_PLACEMENT_3D('',#1980,#1542,#1543);
#1380=AXIS2_PLACEMENT_3D('',#1981,#1544,#1545);
#1381=AXIS2_PLACEMENT_3D('',#1984,#1546,#1547);
#1382=AXIS2_PLACEMENT_3D('',#1988,#1549,#1550);
#1383=AXIS2_PLACEMENT_3D('',#1990,#1552,#1553);
#1384=AXIS2_PLACEMENT_3D('',#1993,#1554,#1555);
#1385=AXIS2_PLACEMENT_3D('',#1994,#1556,#1557);
#1386=AXIS2_PLACEMENT_3D('',#1995,#1558,#1559);
#1387=AXIS2_PLACEMENT_3D('',#1996,#1560,#1561);
#1388=AXIS2_PLACEMENT_3D('',#1999,#1562,#1563);
#1389=AXIS2_PLACEMENT_3D('',#2004,#1567,#1568);
#1390=AXIS2_PLACEMENT_3D('',#2007,#1569,#1570);
#1391=AXIS2_PLACEMENT_3D('',#2008,#1571,#1572);
#1392=AXIS2_PLACEMENT_3D('',#2009,#1573,#1574);
#1393=AXIS2_PLACEMENT_3D('',#2010,#1575,#1576);
#1394=AXIS2_PLACEMENT_3D('',#2013,#1577,#1578);
#1395=AXIS2_PLACEMENT_3D('',#2016,#1581,#1582);
#1396=AXIS2_PLACEMENT_3D('',#2026,#1588,#1589);
#1397=AXIS2_PLACEMENT_3D('',#2032,#1593,#1594);
#1398=AXIS2_PLACEMENT_3D('',#2035,#1596,#1597);
#1399=AXIS2_PLACEMENT_3D('',#2036,#1598,#1599);
#1400=AXIS2_PLACEMENT_3D('',#2037,#1600,#1601);
#1401=AXIS2_PLACEMENT_3D('',#2038,#1602,#1603);
#1402=AXIS2_PLACEMENT_3D('',#2041,#1604,#1605);
#1403=AXIS2_PLACEMENT_3D('',#2045,#1607,#1608);
#1404=AXIS2_PLACEMENT_3D('',#2047,#1610,#1611);
#1405=AXIS2_PLACEMENT_3D('',#2050,#1612,#1613);
#1406=AXIS2_PLACEMENT_3D('',#2051,#1614,#1615);
#1407=AXIS2_PLACEMENT_3D('',#2052,#1616,#1617);
#1408=AXIS2_PLACEMENT_3D('',#2053,#1618,#1619);
#1409=AXIS2_PLACEMENT_3D('',#2056,#1620,#1621);
#1410=AXIS2_PLACEMENT_3D('',#2061,#1625,#1626);
#1411=AXIS2_PLACEMENT_3D('',#2064,#1627,#1628);
#1412=AXIS2_PLACEMENT_3D('',#2065,#1629,#1630);
#1413=AXIS2_PLACEMENT_3D('',#2066,#1631,#1632);
#1414=AXIS2_PLACEMENT_3D('',#2067,#1633,#1634);
#1415=AXIS2_PLACEMENT_3D('',#2070,#1635,#1636);
#1416=AXIS2_PLACEMENT_3D('',#2073,#1639,#1640);
#1417=AXIS2_PLACEMENT_3D('',#2083,#1646,#1647);
#1418=AXIS2_PLACEMENT_3D('',#2089,#1651,#1652);
#1419=AXIS2_PLACEMENT_3D('',#2092,#1654,#1655);
#1420=AXIS2_PLACEMENT_3D('',#2093,#1656,#1657);
#1421=AXIS2_PLACEMENT_3D('',#2094,#1658,#1659);
#1422=AXIS2_PLACEMENT_3D('',#2095,#1660,#1661);
#1423=AXIS2_PLACEMENT_3D('',#2099,#1663,#1664);
#1424=AXIS2_PLACEMENT_3D('',#2101,#1666,#1667);
#1425=AXIS2_PLACEMENT_3D('',#2102,#1668,#1669);
#1426=AXIS2_PLACEMENT_3D('',#2103,#1670,#1671);
#1427=AXIS2_PLACEMENT_3D('',#2104,#1672,#1673);
#1428=AXIS2_PLACEMENT_3D('',#2107,#1675,#1676);
#1429=AXIS2_PLACEMENT_3D('',#2108,#1677,#1678);
#1430=AXIS2_PLACEMENT_3D('',#2110,#1680,#1681);
#1431=AXIS2_PLACEMENT_3D('',#2114,#1683,#1684);
#1432=AXIS2_PLACEMENT_3D('',#2116,#1686,#1687);
#1433=AXIS2_PLACEMENT_3D('',#2117,#1688,#1689);
#1434=AXIS2_PLACEMENT_3D('',#2118,#1690,#1691);
#1435=AXIS2_PLACEMENT_3D('',#2119,#1692,#1693);
#1436=AXIS2_PLACEMENT_3D('',#2122,#1695,#1696);
#1437=AXIS2_PLACEMENT_3D('',#2123,#1697,#1698);
#1438=AXIS2_PLACEMENT_3D('',#2125,#1700,#1701);
#1439=AXIS2_PLACEMENT_3D('',#2127,#1702,#1703);
#1440=AXIS2_PLACEMENT_3D('',#2130,#1705,#1706);
#1441=AXIS2_PLACEMENT_3D('',#2131,#1707,#1708);
#1442=AXIS2_PLACEMENT_3D('',#2133,#1709,#1710);
#1443=AXIS2_PLACEMENT_3D('',#2136,#1712,#1713);
#1444=AXIS2_PLACEMENT_3D('',#2137,#1714,#1715);
#1445=AXIS2_PLACEMENT_3D('',#2138,#1716,#1717);
#1446=AXIS2_PLACEMENT_3D('',#2141,#1719,#1720);
#1447=AXIS2_PLACEMENT_3D('',#2142,#1721,#1722);
#1448=AXIS2_PLACEMENT_3D('',#2143,#1723,#1724);
#1449=AXIS2_PLACEMENT_3D('',#2146,#1726,#1727);
#1450=AXIS2_PLACEMENT_3D('',#2147,#1728,#1729);
#1451=AXIS2_PLACEMENT_3D('',#2148,#1730,#1731);
#1452=AXIS2_PLACEMENT_3D('',#2149,#1732,#1733);
#1453=AXIS2_PLACEMENT_3D('',#2150,#1734,#1735);
#1454=AXIS2_PLACEMENT_3D('',#2151,#1736,#1737);
#1455=AXIS2_PLACEMENT_3D('',#2156,#1739,#1740);
#1456=AXIS2_PLACEMENT_3D('',#2159,#1742,#1743);
#1457=AXIS2_PLACEMENT_3D('',#2160,#1744,#1745);
#1458=AXIS2_PLACEMENT_3D('',#2164,#1747,#1748);
#1459=AXIS2_PLACEMENT_3D('',#2168,#1750,#1751);
#1460=AXIS2_PLACEMENT_3D('',#2174,#1754,#1755);
#1461=AXIS2_PLACEMENT_3D('',#2177,#1757,#1758);
#1462=AXIS2_PLACEMENT_3D('',#2179,#1759,#1760);
#1463=AXIS2_PLACEMENT_3D('',#2182,#1762,#1763);
#1464=AXIS2_PLACEMENT_3D('',#2184,#1764,#1765);
#1465=AXIS2_PLACEMENT_3D('',#2186,#1766,#1767);
#1466=AXIS2_PLACEMENT_3D('',#2190,#1769,#1770);
#1467=AXIS2_PLACEMENT_3D('',#2192,#1772,#1773);
#1468=AXIS2_PLACEMENT_3D('',#2196,#1776,#1777);
#1469=AXIS2_PLACEMENT_3D('',#2199,#1778,#1779);
#1470=AXIS2_PLACEMENT_3D('',#2202,#1782,#1783);
#1471=AXIS2_PLACEMENT_3D('',#2204,#1785,#1786);
#1472=AXIS2_PLACEMENT_3D('',#2206,#1787,#1788);
#1473=AXIS2_PLACEMENT_3D('',#2208,#1790,#1791);
#1474=AXIS2_PLACEMENT_3D('',#2212,#1794,#1795);
#1475=AXIS2_PLACEMENT_3D('',#2214,#1796,#1797);
#1476=AXIS2_PLACEMENT_3D('',#2216,#1799,#1800);
#1477=AXIS2_PLACEMENT_3D('',#2220,#1802,#1803);
#1478=AXIS2_PLACEMENT_3D('',#2224,#1805,#1806);
#1479=AXIS2_PLACEMENT_3D('',#2232,#1810,#1811);
#1480=AXIS2_PLACEMENT_3D('',#2236,#1813,#1814);
#1481=AXIS2_PLACEMENT_3D('',#2238,#1815,#1816);
#1482=AXIS2_PLACEMENT_3D('',#2240,#1817,#1818);
#1483=AXIS2_PLACEMENT_3D('',#2244,#1820,#1821);
#1484=AXIS2_PLACEMENT_3D('',#2248,#1823,#1824);
#1485=AXIS2_PLACEMENT_3D('',#2252,#1826,#1827);
#1486=AXIS2_PLACEMENT_3D('',#2254,#1828,#1829);
#1487=AXIS2_PLACEMENT_3D('',#2255,#1830,#1831);
#1488=AXIS2_PLACEMENT_3D('',#2257,#1832,#1833);
#1489=AXIS2_PLACEMENT_3D('',#2259,#1834,#1835);
#1490=AXIS2_PLACEMENT_3D('',#2260,#1836,#1837);
#1491=AXIS2_PLACEMENT_3D('',#2262,#1839,#1840);
#1492=AXIS2_PLACEMENT_3D('',#2268,#1844,#1845);
#1493=AXIS2_PLACEMENT_3D('',#2272,#1847,#1848);
#1494=AXIS2_PLACEMENT_3D('',#2274,#1850,#1851);
#1495=AXIS2_PLACEMENT_3D('',#2282,#1856,#1857);
#1496=AXIS2_PLACEMENT_3D('',#2285,#1858,#1859);
#1497=AXIS2_PLACEMENT_3D('',#2288,#1862,#1863);
#1498=AXIS2_PLACEMENT_3D('',#2291,#1865,#1866);
#1499=AXIS2_PLACEMENT_3D('',#2292,#1867,#1868);
#1500=AXIS2_PLACEMENT_3D('',#2294,#1870,#1871);
#1501=AXIS2_PLACEMENT_3D('',#2296,#1873,#1874);
#1502=AXIS2_PLACEMENT_3D('',#2297,#1875,#1876);
#1503=AXIS2_PLACEMENT_3D('',#2299,#1878,#1879);
#1504=AXIS2_PLACEMENT_3D('',#2301,#1880,#1881);
#1505=AXIS2_PLACEMENT_3D('',#2303,#1883,#1884);
#1506=AXIS2_PLACEMENT_3D('',#2307,#1887,#1888);
#1507=AXIS2_PLACEMENT_3D('',#2308,#1889,#1890);
#1508=AXIS2_PLACEMENT_3D('',#2309,#1891,#1892);
#1509=AXIS2_PLACEMENT_3D('',#2310,#1893,#1894);
#1510=AXIS2_PLACEMENT_3D('',#2311,#1895,#1896);
#1511=AXIS2_PLACEMENT_3D('',#2312,#1897,#1898);
#1512=AXIS2_PLACEMENT_3D('',#2313,#1899,#1900);
#1513=AXIS2_PLACEMENT_3D('',#2316,#1901,#1902);
#1514=AXIS2_PLACEMENT_3D('',#2319,#1905,#1906);
#1515=AXIS2_PLACEMENT_3D('',#2323,#1909,#1910);
#1516=AXIS2_PLACEMENT_3D('',#2326,#1911,#1912);
#1517=AXIS2_PLACEMENT_3D('',#2329,#1915,#1916);
#1518=AXIS2_PLACEMENT_3D('',#2333,#1918,#1919);
#1519=AXIS2_PLACEMENT_3D('',#2335,#1920,#1921);
#1520=AXIS2_PLACEMENT_3D('',#2337,#1922,#1923);
#1521=AXIS2_PLACEMENT_3D('',#2342,#1926,#1927);
#1522=AXIS2_PLACEMENT_3D('',#2346,#1929,#1930);
#1523=AXIS2_PLACEMENT_3D('',#2348,#1931,#1932);
#1524=AXIS2_PLACEMENT_3D('',#2349,#1933,#1934);
#1525=AXIS2_PLACEMENT_3D('',#2350,#1935,#1936);
#1526=AXIS2_PLACEMENT_3D('',#2352,#1938,#1939);
#1527=AXIS2_PLACEMENT_3D('',#2354,#1941,#1942);
#1528=AXIS2_PLACEMENT_3D('',#2357,#1945,#1946);
#1529=AXIS2_PLACEMENT_3D('',#2359,#1948,#1949);
#1530=AXIS2_PLACEMENT_3D('',#2361,#1951,#1952);
#1531=AXIS2_PLACEMENT_3D('',#2363,#1954,#1955);
#1532=AXIS2_PLACEMENT_3D('',#2366,#1958,#1959);
#1533=AXIS2_PLACEMENT_3D('',#2369,#1961,#1962);
#1534=AXIS2_PLACEMENT_3D('',#2370,#1963,#1964);
#1535=AXIS2_PLACEMENT_3D('',#2373,#1966,#1967);
#1536=AXIS2_PLACEMENT_3D('',#2374,#1968,#1969);
#1537=AXIS2_PLACEMENT_3D('',#2375,#1970,#1971);
#1538=AXIS2_PLACEMENT_3D('',#2376,#1972,#1973);
#1539=AXIS2_PLACEMENT_3D('',#2377,#1974,#1975);
#1540=AXIS2_PLACEMENT_3D('',#2378,#1976,#1977);
#1541=AXIS2_PLACEMENT_3D('',#2379,#1978,#1979);
#1542=DIRECTION('axis',(0.,0.,1.));
#1543=DIRECTION('refdir',(1.,0.,0.));
#1544=DIRECTION('center_axis',(0.,0.,1.));
#1545=DIRECTION('ref_axis',(0.707106781186547,0.707106781186548,0.));
#1546=DIRECTION('center_axis',(0.,0.,1.));
#1547=DIRECTION('ref_axis',(1.,0.,0.));
#1548=DIRECTION('',(0.,0.,-1.));
#1549=DIRECTION('center_axis',(0.,0.,-1.));
#1550=DIRECTION('ref_axis',(0.707106781186547,0.707106781186548,0.));
#1551=DIRECTION('',(0.,0.,1.));
#1552=DIRECTION('center_axis',(0.,-1.,0.));
#1553=DIRECTION('ref_axis',(0.,0.,-1.));
#1554=DIRECTION('center_axis',(1.,0.,0.));
#1555=DIRECTION('ref_axis',(0.,0.,-1.));
#1556=DIRECTION('center_axis',(0.,-1.,0.));
#1557=DIRECTION('ref_axis',(-0.707106781186547,0.,0.707106781186547));
#1558=DIRECTION('center_axis',(0.,1.,0.));
#1559=DIRECTION('ref_axis',(-0.707106781186547,0.,0.707106781186547));
#1560=DIRECTION('center_axis',(1.,0.,0.));
#1561=DIRECTION('ref_axis',(0.,0.707106781186548,-0.707106781186548));
#1562=DIRECTION('center_axis',(1.,0.,0.));
#1563=DIRECTION('ref_axis',(0.,0.,-1.));
#1564=DIRECTION('',(-1.,0.,0.));
#1565=DIRECTION('',(1.,0.,0.));
#1566=DIRECTION('',(1.,0.,0.));
#1567=DIRECTION('center_axis',(0.,-1.,0.));
#1568=DIRECTION('ref_axis',(0.,0.,-1.));
#1569=DIRECTION('center_axis',(0.,0.,-1.));
#1570=DIRECTION('ref_axis',(-1.,0.,0.));
#1571=DIRECTION('center_axis',(0.,-1.,0.));
#1572=DIRECTION('ref_axis',(0.707106781186547,0.,0.707106781186547));
#1573=DIRECTION('center_axis',(0.,1.,0.));
#1574=DIRECTION('ref_axis',(0.707106781186547,0.,0.707106781186547));
#1575=DIRECTION('center_axis',(0.,0.,-1.));
#1576=DIRECTION('ref_axis',(-0.707106781186547,0.707106781186548,0.));
#1577=DIRECTION('center_axis',(0.,0.,-1.));
#1578=DIRECTION('ref_axis',(-0.707106781186547,0.707106781186548,0.));
#1579=DIRECTION('',(0.,0.,1.));
#1580=DIRECTION('',(0.,0.,-1.));
#1581=DIRECTION('center_axis',(0.,-1.,0.));
#1582=DIRECTION('ref_axis',(-1.,0.,0.));
#1583=DIRECTION('',(-1.,0.,0.));
#1584=DIRECTION('',(0.,0.,-1.));
#1585=DIRECTION('',(1.,0.,0.));
#1586=DIRECTION('',(0.,0.,1.));
#1587=DIRECTION('',(-1.,0.,0.));
#1588=DIRECTION('center_axis',(1.,0.,0.));
#1589=DIRECTION('ref_axis',(0.,-1.,0.));
#1590=DIRECTION('',(0.,1.,0.));
#1591=DIRECTION('',(0.,0.,-1.));
#1592=DIRECTION('',(0.,-1.,0.));
#1593=DIRECTION('center_axis',(0.,1.,0.));
#1594=DIRECTION('ref_axis',(0.707106781186547,0.,0.707106781186548));
#1595=DIRECTION('',(0.,-1.,0.));
#1596=DIRECTION('center_axis',(0.,-1.,0.));
#1597=DIRECTION('ref_axis',(1.,0.,0.));
#1598=DIRECTION('center_axis',(0.,0.,1.));
#1599=DIRECTION('ref_axis',(1.,0.,0.));
#1600=DIRECTION('center_axis',(0.,0.,-1.));
#1601=DIRECTION('ref_axis',(-1.,0.,0.));
#1602=DIRECTION('center_axis',(0.,0.,1.));
#1603=DIRECTION('ref_axis',(-0.707106781186548,-0.707106781186548,0.));
#1604=DIRECTION('center_axis',(0.,0.,1.));
#1605=DIRECTION('ref_axis',(-1.,0.,0.));
#1606=DIRECTION('',(0.,0.,-1.));
#1607=DIRECTION('center_axis',(0.,0.,-1.));
#1608=DIRECTION('ref_axis',(-0.707106781186548,-0.707106781186548,0.));
#1609=DIRECTION('',(0.,0.,1.));
#1610=DIRECTION('center_axis',(0.,1.,0.));
#1611=DIRECTION('ref_axis',(0.,0.,1.));
#1612=DIRECTION('center_axis',(-1.,0.,0.));
#1613=DIRECTION('ref_axis',(0.,0.,-1.));
#1614=DIRECTION('center_axis',(0.,1.,0.));
#1615=DIRECTION('ref_axis',(0.707106781186547,0.,0.707106781186547));
#1616=DIRECTION('center_axis',(0.,-1.,0.));
#1617=DIRECTION('ref_axis',(0.707106781186547,0.,0.707106781186547));
#1618=DIRECTION('center_axis',(-1.,0.,0.));
#1619=DIRECTION('ref_axis',(0.,-0.707106781186548,-0.707106781186547));
#1620=DIRECTION('center_axis',(-1.,0.,0.));
#1621=DIRECTION('ref_axis',(0.,0.,-1.));
#1622=DIRECTION('',(1.,0.,0.));
#1623=DIRECTION('',(-1.,0.,0.));
#1624=DIRECTION('',(-1.,0.,0.));
#1625=DIRECTION('center_axis',(0.,1.,0.));
#1626=DIRECTION('ref_axis',(0.,0.,1.));
#1627=DIRECTION('center_axis',(0.,0.,-1.));
#1628=DIRECTION('ref_axis',(1.,0.,0.));
#1629=DIRECTION('center_axis',(0.,1.,0.));
#1630=DIRECTION('ref_axis',(-0.707106781186547,0.,0.707106781186547));
#1631=DIRECTION('center_axis',(0.,-1.,0.));
#1632=DIRECTION('ref_axis',(-0.707106781186547,0.,0.707106781186547));
#1633=DIRECTION('center_axis',(0.,0.,-1.));
#1634=DIRECTION('ref_axis',(0.707106781186548,-0.707106781186548,0.));
#1635=DIRECTION('center_axis',(0.,0.,-1.));
#1636=DIRECTION('ref_axis',(0.707106781186548,-0.707106781186548,0.));
#1637=DIRECTION('',(0.,0.,1.));
#1638=DIRECTION('',(0.,0.,-1.));
#1639=DIRECTION('center_axis',(0.,1.,0.));
#1640=DIRECTION('ref_axis',(1.,0.,0.));
#1641=DIRECTION('',(1.,0.,0.));
#1642=DIRECTION('',(0.,0.,-1.));
#1643=DIRECTION('',(-1.,0.,0.));
#1644=DIRECTION('',(0.,0.,1.));
#1645=DIRECTION('',(1.,0.,0.));
#1646=DIRECTION('center_axis',(-1.,0.,0.));
#1647=DIRECTION('ref_axis',(0.,1.,0.));
#1648=DIRECTION('',(0.,-1.,0.));
#1649=DIRECTION('',(0.,0.,-1.));
#1650=DIRECTION('',(0.,1.,0.));
#1651=DIRECTION('center_axis',(0.,-1.,0.));
#1652=DIRECTION('ref_axis',(-0.707106781186548,0.,0.707106781186547));
#1653=DIRECTION('',(0.,1.,0.));
#1654=DIRECTION('center_axis',(0.,1.,0.));
#1655=DIRECTION('ref_axis',(-1.,0.,0.));
#1656=DIRECTION('center_axis',(0.,0.,1.));
#1657=DIRECTION('ref_axis',(1.,0.,0.));
#1658=DIRECTION('center_axis',(0.,0.,-1.));
#1659=DIRECTION('ref_axis',(-1.,0.,0.));
#1660=DIRECTION('center_axis',(0.,1.,0.));
#1661=DIRECTION('ref_axis',(0.707106781186548,0.,0.707106781186547));
#1662=DIRECTION('',(0.,1.,0.));
#1663=DIRECTION('center_axis',(0.,-1.,0.));
#1664=DIRECTION('ref_axis',(1.,0.,0.));
#1665=DIRECTION('',(0.,-1.,0.));
#1666=DIRECTION('center_axis',(0.,0.,1.));
#1667=DIRECTION('ref_axis',(1.,0.,0.));
#1668=DIRECTION('center_axis',(0.,0.,1.));
#1669=DIRECTION('ref_axis',(0.,1.,0.));
#1670=DIRECTION('center_axis',(0.,0.,-1.));
#1671=DIRECTION('ref_axis',(-1.,0.,0.));
#1672=DIRECTION('center_axis',(0.,0.,-1.));
#1673=DIRECTION('ref_axis',(1.,0.,0.));
#1674=DIRECTION('',(0.,0.,1.));
#1675=DIRECTION('center_axis',(0.,0.,-1.));
#1676=DIRECTION('ref_axis',(1.,0.,0.));
#1677=DIRECTION('center_axis',(1.,0.,0.));
#1678=DIRECTION('ref_axis',(0.,-1.,0.));
#1679=DIRECTION('',(0.,-1.,0.));
#1680=DIRECTION('center_axis',(0.,-1.,0.));
#1681=DIRECTION('ref_axis',(-0.707106781186547,0.,0.707106781186548));
#1682=DIRECTION('',(0.,-1.,0.));
#1683=DIRECTION('center_axis',(0.,1.,0.));
#1684=DIRECTION('ref_axis',(-1.,0.,0.));
#1685=DIRECTION('',(0.,1.,0.));
#1686=DIRECTION('center_axis',(0.,0.,1.));
#1687=DIRECTION('ref_axis',(1.,0.,0.));
#1688=DIRECTION('center_axis',(0.,0.,1.));
#1689=DIRECTION('ref_axis',(0.,-1.,0.));
#1690=DIRECTION('center_axis',(0.,0.,-1.));
#1691=DIRECTION('ref_axis',(-1.,0.,0.));
#1692=DIRECTION('center_axis',(0.,0.,-1.));
#1693=DIRECTION('ref_axis',(1.,0.,0.));
#1694=DIRECTION('',(0.,0.,1.));
#1695=DIRECTION('center_axis',(0.,0.,-1.));
#1696=DIRECTION('ref_axis',(1.,0.,0.));
#1697=DIRECTION('center_axis',(-1.,0.,0.));
#1698=DIRECTION('ref_axis',(0.,1.,0.));
#1699=DIRECTION('',(0.,1.,0.));
#1700=DIRECTION('center_axis',(0.,0.,-1.));
#1701=DIRECTION('ref_axis',(-1.,0.,0.));
#1702=DIRECTION('center_axis',(0.,0.,1.));
#1703=DIRECTION('ref_axis',(-1.,0.,0.));
#1704=DIRECTION('',(0.,0.,-1.));
#1705=DIRECTION('center_axis',(0.,0.,1.));
#1706=DIRECTION('ref_axis',(-1.,0.,0.));
#1707=DIRECTION('center_axis',(0.,0.,-1.));
#1708=DIRECTION('ref_axis',(-1.,0.,0.));
#1709=DIRECTION('center_axis',(0.,0.,1.));
#1710=DIRECTION('ref_axis',(-1.,0.,0.));
#1711=DIRECTION('',(0.,0.,-1.));
#1712=DIRECTION('center_axis',(0.,0.,1.));
#1713=DIRECTION('ref_axis',(-1.,0.,0.));
#1714=DIRECTION('center_axis',(0.,0.,-1.));
#1715=DIRECTION('ref_axis',(-1.,0.,0.));
#1716=DIRECTION('center_axis',(0.,0.,-1.));
#1717=DIRECTION('ref_axis',(-1.,0.,0.));
#1718=DIRECTION('',(0.,0.,-1.));
#1719=DIRECTION('center_axis',(0.,0.,-1.));
#1720=DIRECTION('ref_axis',(-1.,0.,0.));
#1721=DIRECTION('center_axis',(0.,0.,1.));
#1722=DIRECTION('ref_axis',(-1.,0.,0.));
#1723=DIRECTION('center_axis',(0.,0.,-1.));
#1724=DIRECTION('ref_axis',(-1.,0.,0.));
#1725=DIRECTION('',(0.,0.,-1.));
#1726=DIRECTION('center_axis',(0.,0.,-1.));
#1727=DIRECTION('ref_axis',(-1.,0.,0.));
#1728=DIRECTION('center_axis',(0.,0.,-1.));
#1729=DIRECTION('ref_axis',(-1.,0.,0.));
#1730=DIRECTION('center_axis',(0.,0.,1.));
#1731=DIRECTION('ref_axis',(-1.,0.,0.));
#1732=DIRECTION('center_axis',(0.,0.,1.));
#1733=DIRECTION('ref_axis',(1.,0.,0.));
#1734=DIRECTION('center_axis',(0.,0.,1.));
#1735=DIRECTION('ref_axis',(1.,0.,0.));
#1736=DIRECTION('center_axis',(0.,0.,-1.));
#1737=DIRECTION('ref_axis',(-1.,0.,0.));
#1738=DIRECTION('',(0.,0.,1.));
#1739=DIRECTION('center_axis',(0.,0.,-1.));
#1740=DIRECTION('ref_axis',(-1.,0.,0.));
#1741=DIRECTION('',(0.,0.,-1.));
#1742=DIRECTION('center_axis',(0.,0.,-1.));
#1743=DIRECTION('ref_axis',(-1.,0.,0.));
#1744=DIRECTION('center_axis',(0.,0.,1.));
#1745=DIRECTION('ref_axis',(1.,0.,0.));
#1746=DIRECTION('',(0.,1.,0.));
#1747=DIRECTION('center_axis',(0.,0.,1.));
#1748=DIRECTION('ref_axis',(-0.707106781186546,0.707106781186549,0.));
#1749=DIRECTION('',(1.,0.,0.));
#1750=DIRECTION('center_axis',(0.,0.,1.));
#1751=DIRECTION('ref_axis',(0.707106781186548,0.707106781186548,0.));
#1752=DIRECTION('',(0.,-1.,0.));
#1753=DIRECTION('',(1.,0.,0.));
#1754=DIRECTION('center_axis',(0.,0.,-1.));
#1755=DIRECTION('ref_axis',(0.707106781186549,-0.707106781186546,0.));
#1756=DIRECTION('',(0.,1.,0.));
#1757=DIRECTION('center_axis',(0.,0.,-1.));
#1758=DIRECTION('ref_axis',(0.707106781186548,0.707106781186548,0.));
#1759=DIRECTION('center_axis',(0.,0.,-1.));
#1760=DIRECTION('ref_axis',(-0.707106781186547,0.707106781186548,0.));
#1761=DIRECTION('',(-1.03759160096184E-16,-1.,0.));
#1762=DIRECTION('center_axis',(0.,0.,-1.));
#1763=DIRECTION('ref_axis',(-0.707106781186548,-0.707106781186547,0.));
#1764=DIRECTION('center_axis',(0.,0.,-1.));
#1765=DIRECTION('ref_axis',(0.707106781186548,-0.707106781186547,0.));
#1766=DIRECTION('center_axis',(0.,0.,-1.));
#1767=DIRECTION('ref_axis',(0.707106781186546,0.707106781186549,0.));
#1768=DIRECTION('',(-1.,-5.70632713969584E-18,0.));
#1769=DIRECTION('center_axis',(0.,0.,1.));
#1770=DIRECTION('ref_axis',(-0.707106781186548,-0.707106781186547,0.));
#1771=DIRECTION('',(0.,1.,0.));
#1772=DIRECTION('center_axis',(1.,0.,0.));
#1773=DIRECTION('ref_axis',(0.,1.,0.));
#1774=DIRECTION('',(0.,1.,0.));
#1775=DIRECTION('',(0.,0.,-1.));
#1776=DIRECTION('center_axis',(0.,0.,1.));
#1777=DIRECTION('ref_axis',(-0.707106781186548,-0.707106781186547,0.));
#1778=DIRECTION('center_axis',(0.,0.,1.));
#1779=DIRECTION('ref_axis',(-0.707106781186548,-0.707106781186547,0.));
#1780=DIRECTION('',(0.,0.,1.));
#1781=DIRECTION('',(0.,0.,-1.));
#1782=DIRECTION('center_axis',(1.,0.,0.));
#1783=DIRECTION('ref_axis',(0.,1.,0.));
#1784=DIRECTION('',(0.,1.,0.));
#1785=DIRECTION('center_axis',(0.,0.,1.));
#1786=DIRECTION('ref_axis',(-0.707106781186546,0.707106781186549,0.));
#1787=DIRECTION('center_axis',(0.,0.,1.));
#1788=DIRECTION('ref_axis',(-0.707106781186546,0.707106781186549,0.));
#1789=DIRECTION('',(0.,0.,1.));
#1790=DIRECTION('center_axis',(0.,-1.,0.));
#1791=DIRECTION('ref_axis',(1.,0.,0.));
#1792=DIRECTION('',(1.,0.,0.));
#1793=DIRECTION('',(0.,0.,-1.));
#1794=DIRECTION('center_axis',(0.,0.,1.));
#1795=DIRECTION('ref_axis',(0.707106781186548,0.707106781186548,0.));
#1796=DIRECTION('center_axis',(0.,0.,1.));
#1797=DIRECTION('ref_axis',(0.707106781186548,0.707106781186548,0.));
#1798=DIRECTION('',(0.,0.,1.));
#1799=DIRECTION('center_axis',(0.,0.,1.));
#1800=DIRECTION('ref_axis',(1.,0.,0.));
#1801=DIRECTION('',(-1.,-5.70632713969584E-18,0.));
#1802=DIRECTION('center_axis',(0.,0.,1.));
#1803=DIRECTION('ref_axis',(-0.707106781186546,-0.707106781186549,0.));
#1804=DIRECTION('',(0.,1.,0.));
#1805=DIRECTION('center_axis',(0.,0.,1.));
#1806=DIRECTION('ref_axis',(-0.707106781186547,0.707106781186548,0.));
#1807=DIRECTION('',(1.,0.,0.));
#1808=DIRECTION('',(0.,-1.,0.));
#1809=DIRECTION('',(0.,1.,0.));
#1810=DIRECTION('center_axis',(0.,0.,1.));
#1811=DIRECTION('ref_axis',(-0.707106781186548,0.707106781186548,0.));
#1812=DIRECTION('',(1.,0.,0.));
#1813=DIRECTION('center_axis',(0.,0.,1.));
#1814=DIRECTION('ref_axis',(0.707106781186548,0.707106781186547,0.));
#1815=DIRECTION('center_axis',(0.,0.,1.));
#1816=DIRECTION('ref_axis',(1.,0.,0.));
#1817=DIRECTION('center_axis',(0.,0.,1.));
#1818=DIRECTION('ref_axis',(-0.707106781186548,0.707106781186547,0.));
#1819=DIRECTION('',(1.,0.,0.));
#1820=DIRECTION('center_axis',(0.,0.,1.));
#1821=DIRECTION('ref_axis',(0.707106781186549,0.707106781186546,0.));
#1822=DIRECTION('',(0.,-1.,0.));
#1823=DIRECTION('center_axis',(0.,0.,1.));
#1824=DIRECTION('ref_axis',(0.707106781186546,-0.707106781186549,0.));
#1825=DIRECTION('',(-1.,0.,0.));
#1826=DIRECTION('center_axis',(0.,0.,1.));
#1827=DIRECTION('ref_axis',(-0.623609564462323,-0.781735959970572,0.));
#1828=DIRECTION('center_axis',(0.,0.,1.));
#1829=DIRECTION('ref_axis',(1.,0.,0.));
#1830=DIRECTION('center_axis',(0.,0.,1.));
#1831=DIRECTION('ref_axis',(-0.781735959970572,-0.623609564462323,0.));
#1832=DIRECTION('center_axis',(0.,0.,-1.));
#1833=DIRECTION('ref_axis',(-1.,0.,0.));
#1834=DIRECTION('center_axis',(0.,0.,-1.));
#1835=DIRECTION('ref_axis',(-1.,0.,0.));
#1836=DIRECTION('center_axis',(-1.,0.,0.));
#1837=DIRECTION('ref_axis',(0.,-1.,0.));
#1838=DIRECTION('',(0.,0.,1.));
#1839=DIRECTION('center_axis',(-5.70632713969584E-18,1.,0.));
#1840=DIRECTION('ref_axis',(-1.,-5.70632713969584E-18,0.));
#1841=DIRECTION('',(0.,0.,1.));
#1842=DIRECTION('',(1.,5.70632713969584E-18,0.));
#1843=DIRECTION('',(0.,0.,-1.));
#1844=DIRECTION('center_axis',(0.,0.,1.));
#1845=DIRECTION('ref_axis',(0.707106781186549,-0.707106781186546,0.));
#1846=DIRECTION('',(0.,0.,-1.));
#1847=DIRECTION('center_axis',(0.,0.,-1.));
#1848=DIRECTION('ref_axis',(0.707106781186549,-0.707106781186546,0.));
#1849=DIRECTION('',(0.,0.,1.));
#1850=DIRECTION('center_axis',(1.,0.,0.));
#1851=DIRECTION('ref_axis',(0.,-1.,0.));
#1852=DIRECTION('',(0.,-1.,0.));
#1853=DIRECTION('',(0.,0.,1.));
#1854=DIRECTION('',(0.,-1.,0.));
#1855=DIRECTION('',(0.,0.,-1.));
#1856=DIRECTION('center_axis',(0.,0.,1.));
#1857=DIRECTION('ref_axis',(-0.707106781186547,0.707106781186548,0.));
#1858=DIRECTION('center_axis',(0.,0.,1.));
#1859=DIRECTION('ref_axis',(-0.707106781186547,0.707106781186548,0.));
#1860=DIRECTION('',(0.,0.,1.));
#1861=DIRECTION('',(0.,0.,-1.));
#1862=DIRECTION('center_axis',(0.,0.,1.));
#1863=DIRECTION('ref_axis',(1.,0.,0.));
#1864=DIRECTION('',(0.,-1.,0.));
#1865=DIRECTION('center_axis',(0.,0.,1.));
#1866=DIRECTION('ref_axis',(-0.707106781186546,-0.707106781186549,0.));
#1867=DIRECTION('center_axis',(0.,0.,-1.));
#1868=DIRECTION('ref_axis',(0.707106781186546,0.707106781186549,0.));
#1869=DIRECTION('',(-1.,0.,0.));
#1870=DIRECTION('center_axis',(1.,0.,0.));
#1871=DIRECTION('ref_axis',(0.,1.,0.));
#1872=DIRECTION('',(0.,0.,1.));
#1873=DIRECTION('center_axis',(0.,0.,1.));
#1874=DIRECTION('ref_axis',(-0.707106781186546,-0.707106781186549,0.));
#1875=DIRECTION('center_axis',(0.,0.,1.));
#1876=DIRECTION('ref_axis',(0.707106781186546,0.707106781186549,0.));
#1877=DIRECTION('',(0.,0.,1.));
#1878=DIRECTION('center_axis',(0.,0.,1.));
#1879=DIRECTION('ref_axis',(-0.707106781186547,0.707106781186548,0.));
#1880=DIRECTION('center_axis',(0.,0.,1.));
#1881=DIRECTION('ref_axis',(-0.707106781186547,0.707106781186548,0.));
#1882=DIRECTION('',(0.,0.,1.));
#1883=DIRECTION('center_axis',(-1.,1.03759160096184E-16,0.));
#1884=DIRECTION('ref_axis',(1.03759160096184E-16,1.,0.));
#1885=DIRECTION('',(1.03759160096184E-16,1.,0.));
#1886=DIRECTION('',(0.,0.,-1.));
#1887=DIRECTION('center_axis',(0.,0.,1.));
#1888=DIRECTION('ref_axis',(-0.707106781186548,-0.707106781186547,0.));
#1889=DIRECTION('center_axis',(0.,0.,1.));
#1890=DIRECTION('ref_axis',(-0.707106781186548,-0.707106781186547,0.));
#1891=DIRECTION('center_axis',(0.,0.,-1.));
#1892=DIRECTION('ref_axis',(0.707106781186548,-0.707106781186547,0.));
#1893=DIRECTION('center_axis',(0.,0.,1.));
#1894=DIRECTION('ref_axis',(0.707106781186548,-0.707106781186547,0.));
#1895=DIRECTION('center_axis',(0.,0.,1.));
#1896=DIRECTION('ref_axis',(0.707106781186548,0.707106781186548,0.));
#1897=DIRECTION('center_axis',(0.,0.,1.));
#1898=DIRECTION('ref_axis',(0.707106781186548,0.707106781186548,0.));
#1899=DIRECTION('center_axis',(0.,0.,1.));
#1900=DIRECTION('ref_axis',(-0.707106781186548,0.707106781186548,0.));
#1901=DIRECTION('center_axis',(0.,0.,1.));
#1902=DIRECTION('ref_axis',(-0.707106781186548,0.707106781186548,0.));
#1903=DIRECTION('',(0.,0.,1.));
#1904=DIRECTION('',(0.,0.,-1.));
#1905=DIRECTION('center_axis',(0.,-1.,0.));
#1906=DIRECTION('ref_axis',(1.,0.,0.));
#1907=DIRECTION('',(-1.,0.,0.));
#1908=DIRECTION('',(0.,0.,-1.));
#1909=DIRECTION('center_axis',(0.,0.,1.));
#1910=DIRECTION('ref_axis',(0.707106781186546,-0.707106781186549,0.));
#1911=DIRECTION('center_axis',(0.,0.,1.));
#1912=DIRECTION('ref_axis',(0.707106781186546,-0.707106781186549,0.));
#1913=DIRECTION('',(0.,0.,1.));
#1914=DIRECTION('',(0.,0.,-1.));
#1915=DIRECTION('center_axis',(0.,0.,1.));
#1916=DIRECTION('ref_axis',(1.,0.,0.));
#1917=DIRECTION('',(0.,-1.,0.));
#1918=DIRECTION('center_axis',(0.,0.,1.));
#1919=DIRECTION('ref_axis',(-0.781735959970572,-0.623609564462323,0.));
#1920=DIRECTION('center_axis',(0.,0.,-1.));
#1921=DIRECTION('ref_axis',(1.,0.,0.));
#1922=DIRECTION('center_axis',(0.,0.,1.));
#1923=DIRECTION('ref_axis',(-0.623609564462323,-0.781735959970572,0.));
#1924=DIRECTION('',(1.,0.,0.));
#1925=DIRECTION('',(0.,1.,0.));
#1926=DIRECTION('center_axis',(0.,0.,1.));
#1927=DIRECTION('ref_axis',(0.707106781186549,0.707106781186546,0.));
#1928=DIRECTION('',(-1.,0.,0.));
#1929=DIRECTION('center_axis',(0.,0.,1.));
#1930=DIRECTION('ref_axis',(-0.707106781186548,0.707106781186547,0.));
#1931=DIRECTION('center_axis',(0.,0.,-1.));
#1932=DIRECTION('ref_axis',(1.,0.,0.));
#1933=DIRECTION('center_axis',(0.,0.,1.));
#1934=DIRECTION('ref_axis',(0.707106781186548,0.707106781186547,0.));
#1935=DIRECTION('center_axis',(-1.,0.,0.));
#1936=DIRECTION('ref_axis',(0.,-1.,0.));
#1937=DIRECTION('',(0.,0.,1.));
#1938=DIRECTION('center_axis',(0.,0.,1.));
#1939=DIRECTION('ref_axis',(0.707106781186549,0.707106781186546,0.));
#1940=DIRECTION('',(0.,0.,-1.));
#1941=DIRECTION('center_axis',(0.,0.,1.));
#1942=DIRECTION('ref_axis',(-0.781735959970572,-0.623609564462323,0.));
#1943=DIRECTION('',(0.,0.,1.));
#1944=DIRECTION('',(0.,0.,-1.));
#1945=DIRECTION('center_axis',(0.,0.,1.));
#1946=DIRECTION('ref_axis',(1.,0.,0.));
#1947=DIRECTION('',(0.,0.,1.));
#1948=DIRECTION('center_axis',(0.,0.,1.));
#1949=DIRECTION('ref_axis',(-0.623609564462323,-0.781735959970572,0.));
#1950=DIRECTION('',(0.,0.,-1.));
#1951=DIRECTION('center_axis',(0.,0.,1.));
#1952=DIRECTION('ref_axis',(0.707106781186548,0.707106781186547,0.));
#1953=DIRECTION('',(0.,0.,1.));
#1954=DIRECTION('center_axis',(0.,0.,1.));
#1955=DIRECTION('ref_axis',(-0.707106781186548,0.707106781186547,0.));
#1956=DIRECTION('',(0.,0.,1.));
#1957=DIRECTION('',(0.,0.,1.));
#1958=DIRECTION('center_axis',(0.,0.,-1.));
#1959=DIRECTION('ref_axis',(-1.,0.,0.));
#1960=DIRECTION('',(0.,0.,-1.));
#1961=DIRECTION('center_axis',(0.,0.,1.));
#1962=DIRECTION('ref_axis',(-1.,0.,0.));
#1963=DIRECTION('center_axis',(0.,0.,-1.));
#1964=DIRECTION('ref_axis',(-1.,0.,0.));
#1965=DIRECTION('',(0.,0.,-1.));
#1966=DIRECTION('center_axis',(0.,0.,1.));
#1967=DIRECTION('ref_axis',(-1.,0.,0.));
#1968=DIRECTION('center_axis',(1.,0.,0.));
#1969=DIRECTION('ref_axis',(0.,1.,0.));
#1970=DIRECTION('center_axis',(0.,1.,0.));
#1971=DIRECTION('ref_axis',(-1.,0.,0.));
#1972=DIRECTION('center_axis',(0.,-1.,0.));
#1973=DIRECTION('ref_axis',(1.,0.,0.));
#1974=DIRECTION('center_axis',(0.,0.,1.));
#1975=DIRECTION('ref_axis',(1.,0.,0.));
#1976=DIRECTION('center_axis',(0.,-1.,0.));
#1977=DIRECTION('ref_axis',(1.,0.,0.));
#1978=DIRECTION('center_axis',(0.,0.,-1.));
#1979=DIRECTION('ref_axis',(-1.,0.,0.));
#1980=CARTESIAN_POINT('',(0.,0.,0.));
#1981=CARTESIAN_POINT('Origin',(10.0000001713634,-4.7,0.));
#1982=CARTESIAN_POINT('',(11.5000001713634,-4.7,0.));
#1983=CARTESIAN_POINT('',(10.0000001713634,-3.2,0.));
#1984=CARTESIAN_POINT('Origin',(10.0000001713634,-4.7,0.));
#1985=CARTESIAN_POINT('',(10.0000001713634,-3.2,-2.));
#1986=CARTESIAN_POINT('',(10.0000001713634,-3.2,0.));
#1987=CARTESIAN_POINT('',(11.5000001713634,-4.7,-2.));
#1988=CARTESIAN_POINT('Origin',(10.0000001713634,-4.7,-2.));
#1989=CARTESIAN_POINT('',(11.5000001713634,-4.7,0.));
#1990=CARTESIAN_POINT('Origin',(13.0000001713634,-4.7,0.));
#1991=CARTESIAN_POINT('',(13.0000001713634,-4.7,1.5));
#1992=CARTESIAN_POINT('',(13.0000001713634,-3.2,3.));
#1993=CARTESIAN_POINT('Origin',(13.0000001713634,-4.7,3.));
#1994=CARTESIAN_POINT('Origin',(13.0000001713634,-3.2,0.));
#1995=CARTESIAN_POINT('Origin',(13.0000001713634,-4.7,0.));
#1996=CARTESIAN_POINT('Origin',(24.1000003352761,-4.7,3.));
#1997=CARTESIAN_POINT('',(17.0000002756715,-4.7,1.5));
#1998=CARTESIAN_POINT('',(17.0000002756715,-3.2,3.));
#1999=CARTESIAN_POINT('Origin',(17.0000002756715,-4.7,3.));
#2000=CARTESIAN_POINT('',(24.1000003352761,-3.2,3.));
#2001=CARTESIAN_POINT('',(15.0000002235174,-4.7,1.5));
#2002=CARTESIAN_POINT('',(24.1000003352761,-4.7,1.5));
#2003=CARTESIAN_POINT('',(24.1000003352761,-4.7,1.5));
#2004=CARTESIAN_POINT('Origin',(17.0000002756715,-4.7,0.));
#2005=CARTESIAN_POINT('',(18.5000002756715,-4.7,0.));
#2006=CARTESIAN_POINT('',(20.0000002756715,-3.2,0.));
#2007=CARTESIAN_POINT('Origin',(20.0000002756715,-4.7,0.));
#2008=CARTESIAN_POINT('Origin',(17.0000002756715,-3.2,0.));
#2009=CARTESIAN_POINT('Origin',(17.0000002756715,-4.7,0.));
#2010=CARTESIAN_POINT('Origin',(20.0000002756715,-4.7,0.));
#2011=CARTESIAN_POINT('',(18.5000002756715,-4.7,-2.));
#2012=CARTESIAN_POINT('',(20.0000002756715,-3.2,-2.));
#2013=CARTESIAN_POINT('Origin',(20.0000002756715,-4.7,-2.));
#2014=CARTESIAN_POINT('',(20.0000002756715,-3.2,0.));
#2015=CARTESIAN_POINT('',(18.5000002756715,-4.7,0.));
#2016=CARTESIAN_POINT('Origin',(33.2000004470348,-3.2,0.));
#2017=CARTESIAN_POINT('',(31.2000004470348,-3.2,-2.));
#2018=CARTESIAN_POINT('',(33.2000004470348,-3.2,-2.));
#2019=CARTESIAN_POINT('',(31.2000004470348,-3.2,3.5));
#2020=CARTESIAN_POINT('',(31.2000004470348,-3.2,0.));
#2021=CARTESIAN_POINT('',(-1.2,-3.2,3.5));
#2022=CARTESIAN_POINT('',(33.2000004470348,-3.2,3.5));
#2023=CARTESIAN_POINT('',(-1.2,-3.2,-2.));
#2024=CARTESIAN_POINT('',(-1.2,-3.2,0.));
#2025=CARTESIAN_POINT('',(33.2000004470348,-3.2,-2.));
#2026=CARTESIAN_POINT('Origin',(18.5000002756715,-3.2,0.));
#2027=CARTESIAN_POINT('',(18.5000002756715,-6.7,0.));
#2028=CARTESIAN_POINT('',(18.5000002756715,-4.95,0.));
#2029=CARTESIAN_POINT('',(18.5000002756715,-6.7,-2.));
#2030=CARTESIAN_POINT('',(18.5000002756715,-6.7,0.));
#2031=CARTESIAN_POINT('',(18.5000002756715,-6.7,-2.));
#2032=CARTESIAN_POINT('Origin',(17.0000002756715,-4.95,0.));
#2033=CARTESIAN_POINT('',(17.0000002235174,-6.7,1.5));
#2034=CARTESIAN_POINT('',(17.0000002756715,-4.95,1.5));
#2035=CARTESIAN_POINT('Origin',(17.0000002235174,-6.7,0.));
#2036=CARTESIAN_POINT('Origin',(15.0000002235174,-6.7,1.5));
#2037=CARTESIAN_POINT('Origin',(15.0000002235174,-6.7,1.5));
#2038=CARTESIAN_POINT('Origin',(20.0000002235174,19.7000002235174,0.));
#2039=CARTESIAN_POINT('',(18.5000002235174,19.7000002235174,0.));
#2040=CARTESIAN_POINT('',(20.0000002235174,18.2000002235174,0.));
#2041=CARTESIAN_POINT('Origin',(20.0000002235174,19.7000002235174,0.));
#2042=CARTESIAN_POINT('',(20.0000002235174,18.2000002235174,-2.));
#2043=CARTESIAN_POINT('',(20.0000002235174,18.2000002235174,0.));
#2044=CARTESIAN_POINT('',(18.5000002235174,19.7000002235174,-2.));
#2045=CARTESIAN_POINT('Origin',(20.0000002235174,19.7000002235174,-2.));
#2046=CARTESIAN_POINT('',(18.5000002235174,19.7000002235174,0.));
#2047=CARTESIAN_POINT('Origin',(17.0000002235174,19.7000002235174,0.));
#2048=CARTESIAN_POINT('',(17.0000002235174,19.7000002235174,1.5));
#2049=CARTESIAN_POINT('',(17.0000002235174,18.2000002235174,3.));
#2050=CARTESIAN_POINT('Origin',(17.0000002235174,19.7000002235174,3.));
#2051=CARTESIAN_POINT('Origin',(17.0000002235174,18.2000002235174,0.));
#2052=CARTESIAN_POINT('Origin',(17.0000002235174,19.7000002235174,0.));
#2053=CARTESIAN_POINT('Origin',(5.90000011175871,19.7000002235174,3.));
#2054=CARTESIAN_POINT('',(13.0000002235174,19.7000002235174,1.5));
#2055=CARTESIAN_POINT('',(13.0000002235174,18.2000002235174,3.));
#2056=CARTESIAN_POINT('Origin',(13.0000002235174,19.7000002235174,3.));
#2057=CARTESIAN_POINT('',(5.90000011175871,18.2000002235174,3.));
#2058=CARTESIAN_POINT('',(15.0000002235174,19.7000002235174,1.5));
#2059=CARTESIAN_POINT('',(5.90000011175871,19.7000002235174,1.5));
#2060=CARTESIAN_POINT('',(5.90000011175871,19.7000002235174,1.5));
#2061=CARTESIAN_POINT('Origin',(13.0000002235174,19.7000002235174,0.));
#2062=CARTESIAN_POINT('',(11.5000002235174,19.7000002235174,0.));
#2063=CARTESIAN_POINT('',(10.0000002235174,18.2000002235174,0.));
#2064=CARTESIAN_POINT('Origin',(10.0000002235174,19.7000002235174,0.));
#2065=CARTESIAN_POINT('Origin',(13.0000002235174,18.2000002235174,0.));
#2066=CARTESIAN_POINT('Origin',(13.0000002235174,19.7000002235174,0.));
#2067=CARTESIAN_POINT('Origin',(10.0000002235174,19.7000002235174,0.));
#2068=CARTESIAN_POINT('',(11.5000002235174,19.7000002235174,-2.));
#2069=CARTESIAN_POINT('',(10.0000002235174,18.2000002235174,-2.));
#2070=CARTESIAN_POINT('Origin',(10.0000002235174,19.7000002235174,-2.));
#2071=CARTESIAN_POINT('',(10.0000002235174,18.2000002235174,0.));
#2072=CARTESIAN_POINT('',(11.5000002235174,19.7000002235174,0.));
#2073=CARTESIAN_POINT('Origin',(-3.2,18.2000002235174,0.));
#2074=CARTESIAN_POINT('',(-1.2,18.2000002235174,-2.));
#2075=CARTESIAN_POINT('',(-3.2,18.2000002235174,-2.));
#2076=CARTESIAN_POINT('',(-1.2,18.2000002235174,3.5));
#2077=CARTESIAN_POINT('',(-1.2,18.2000002235174,0.));
#2078=CARTESIAN_POINT('',(31.2000004470348,18.2000002235174,3.5));
#2079=CARTESIAN_POINT('',(-3.2,18.2000002235174,3.5));
#2080=CARTESIAN_POINT('',(31.2000004470348,18.2000002235174,-2.));
#2081=CARTESIAN_POINT('',(31.2000004470348,18.2000002235174,0.));
#2082=CARTESIAN_POINT('',(-3.2,18.2000002235174,-2.));
#2083=CARTESIAN_POINT('Origin',(11.5000002235174,18.2000002235174,0.));
#2084=CARTESIAN_POINT('',(11.5000002235174,21.7000002235174,0.));
#2085=CARTESIAN_POINT('',(11.5000002235174,19.9500002235174,0.));
#2086=CARTESIAN_POINT('',(11.5000002235174,21.7000002235174,-2.));
#2087=CARTESIAN_POINT('',(11.5000002235174,21.7000002235174,0.));
#2088=CARTESIAN_POINT('',(11.5000002235174,21.7000002235174,-2.));
#2089=CARTESIAN_POINT('Origin',(13.0000002235174,19.9500002235174,0.));
#2090=CARTESIAN_POINT('',(13.0000002235174,21.7000002235174,1.5));
#2091=CARTESIAN_POINT('',(13.0000002235174,19.9500002235174,1.5));
#2092=CARTESIAN_POINT('Origin',(13.0000002235174,21.7000002235174,0.));
#2093=CARTESIAN_POINT('Origin',(15.0000002235174,21.7000002235174,1.5));
#2094=CARTESIAN_POINT('Origin',(15.0000002235174,21.7000002235174,1.5));
#2095=CARTESIAN_POINT('Origin',(17.0000002235174,21.7000002235174,0.));
#2096=CARTESIAN_POINT('',(18.5000002235174,21.7000002235174,0.));
#2097=CARTESIAN_POINT('',(18.5000002235174,21.7000002235174,0.));
#2098=CARTESIAN_POINT('',(17.0000002235174,21.7000002235174,1.5));
#2099=CARTESIAN_POINT('Origin',(17.0000002235174,21.7000002235174,0.));
#2100=CARTESIAN_POINT('',(17.0000002235174,21.7000002235174,1.5));
#2101=CARTESIAN_POINT('Origin',(15.0000002235174,21.7000002235174,0.));
#2102=CARTESIAN_POINT('Origin',(15.0000002235174,21.7000002235174,0.));
#2103=CARTESIAN_POINT('Origin',(15.0000002235174,21.7000002235174,1.5));
#2104=CARTESIAN_POINT('Origin',(15.0000002235174,21.7000002235174,0.));
#2105=CARTESIAN_POINT('',(18.5000002235174,21.7000002235174,-2.));
#2106=CARTESIAN_POINT('',(18.5000002235174,21.7000002235174,0.));
#2107=CARTESIAN_POINT('Origin',(15.0000002235174,21.7000002235174,-2.));
#2108=CARTESIAN_POINT('Origin',(18.5000002235174,21.7000002235174,0.));
#2109=CARTESIAN_POINT('',(18.5000002235174,21.7000002235174,-2.));
#2110=CARTESIAN_POINT('Origin',(13.0000001713634,-6.7,0.));
#2111=CARTESIAN_POINT('',(11.5000001713634,-6.7,0.));
#2112=CARTESIAN_POINT('',(11.5000001713634,-6.7,0.));
#2113=CARTESIAN_POINT('',(13.0000001713634,-6.7,1.5));
#2114=CARTESIAN_POINT('Origin',(13.0000001713634,-6.7,0.));
#2115=CARTESIAN_POINT('',(13.0000001713634,-6.7,1.5));
#2116=CARTESIAN_POINT('Origin',(15.0000002235174,-6.7,0.));
#2117=CARTESIAN_POINT('Origin',(15.0000002235174,-6.7,0.));
#2118=CARTESIAN_POINT('Origin',(15.0000002235174,-6.7,1.5));
#2119=CARTESIAN_POINT('Origin',(15.0000002235174,-6.7,0.));
#2120=CARTESIAN_POINT('',(11.5000001713634,-6.7,-2.));
#2121=CARTESIAN_POINT('',(11.5000001713634,-6.7,0.));
#2122=CARTESIAN_POINT('Origin',(15.0000002235174,-6.7,-2.));
#2123=CARTESIAN_POINT('Origin',(11.5000001713634,-6.7,0.));
#2124=CARTESIAN_POINT('',(11.5000001713634,-6.7,-2.));
#2125=CARTESIAN_POINT('Origin',(15.0000002235174,21.7000002235174,1.5));
#2126=CARTESIAN_POINT('',(15.5000002235174,21.7000002235174,-0.5));
#2127=CARTESIAN_POINT('Origin',(15.0000002235174,21.7000002235174,-0.5));
#2128=CARTESIAN_POINT('',(15.5000002235174,21.7000002235174,-2.));
#2129=CARTESIAN_POINT('',(15.5000002235174,21.7000002235174,1.5));
#2130=CARTESIAN_POINT('Origin',(15.0000002235174,21.7000002235174,-2.));
#2131=CARTESIAN_POINT('Origin',(15.0000002235174,-6.7,1.5));
#2132=CARTESIAN_POINT('',(15.5000002235174,-6.7,-0.5));
#2133=CARTESIAN_POINT('Origin',(15.0000002235174,-6.7,-0.5));
#2134=CARTESIAN_POINT('',(15.5000002235174,-6.7,-2.));
#2135=CARTESIAN_POINT('',(15.5000002235174,-6.7,1.5));
#2136=CARTESIAN_POINT('Origin',(15.0000002235174,-6.7,-2.));
#2137=CARTESIAN_POINT('Origin',(15.0000002235174,21.7000002235174,1.5));
#2138=CARTESIAN_POINT('Origin',(15.0000002235174,21.7000002235174,1.5));
#2139=CARTESIAN_POINT('',(17.0000002235174,21.7000002235174,-0.5));
#2140=CARTESIAN_POINT('',(17.0000002235174,21.7000002235174,1.5));
#2141=CARTESIAN_POINT('Origin',(15.0000002235174,21.7000002235174,-0.5));
#2142=CARTESIAN_POINT('Origin',(15.0000002235174,21.7000002235174,-0.5));
#2143=CARTESIAN_POINT('Origin',(15.0000002235174,-6.7,1.5));
#2144=CARTESIAN_POINT('',(17.0000002235174,-6.7,-0.5));
#2145=CARTESIAN_POINT('',(17.0000002235174,-6.7,1.5));
#2146=CARTESIAN_POINT('Origin',(15.0000002235174,-6.7,-0.5));
#2147=CARTESIAN_POINT('Origin',(15.0000002235174,-6.7,1.5));
#2148=CARTESIAN_POINT('Origin',(15.0000002235174,-6.7,-0.5));
#2149=CARTESIAN_POINT('Origin',(15.0000002235174,21.7000002235174,1.5));
#2150=CARTESIAN_POINT('Origin',(15.0000002235174,-6.7,1.5));
#2151=CARTESIAN_POINT('Origin',(3.90005693346196,10.2554809656468,16.57));
#2152=CARTESIAN_POINT('',(-0.19999999998691,8.07692579797758,2.));
#2153=CARTESIAN_POINT('',(-0.199999999986909,8.07692579797758,3.5));
#2154=CARTESIAN_POINT('',(-0.2,8.07692579803381,16.57));
#2155=CARTESIAN_POINT('',(-0.19999999998691,12.4340361333161,2.));
#2156=CARTESIAN_POINT('Origin',(3.90005693346196,10.2554809656468,2.));
#2157=CARTESIAN_POINT('',(-0.199999999986909,12.4340361333161,3.5));
#2158=CARTESIAN_POINT('',(-0.2,12.4340361332599,16.57));
#2159=CARTESIAN_POINT('Origin',(3.90005693346196,10.2554809656468,3.5));
#2160=CARTESIAN_POINT('Origin',(15.0000002235174,7.50000011175871,3.5));
#2161=CARTESIAN_POINT('',(-0.2,14.7000002235174,3.5));
#2162=CARTESIAN_POINT('',(-0.2,-0.2,3.5));
#2163=CARTESIAN_POINT('',(0.3,15.2000002235174,3.5));
#2164=CARTESIAN_POINT('Origin',(0.3,14.7000002235174,3.5));
#2165=CARTESIAN_POINT('',(29.7000004470348,15.2000002235174,3.5));
#2166=CARTESIAN_POINT('',(-0.2,15.2000002235174,3.5));
#2167=CARTESIAN_POINT('',(30.2000004470348,14.7000002235174,3.5));
#2168=CARTESIAN_POINT('Origin',(29.7000004470348,14.7000002235174,3.5));
#2169=CARTESIAN_POINT('',(30.2000004470348,9.8,3.5));
#2170=CARTESIAN_POINT('',(30.2000004470348,15.2000002235174,3.5));
#2171=CARTESIAN_POINT('',(32.2000004470348,9.8,3.5));
#2172=CARTESIAN_POINT('',(33.2000004470348,9.8,3.5));
#2173=CARTESIAN_POINT('',(33.2000004470348,10.8,3.5));
#2174=CARTESIAN_POINT('Origin',(32.2000004470348,10.8,3.5));
#2175=CARTESIAN_POINT('',(33.2000004470348,16.2000002235174,3.5));
#2176=CARTESIAN_POINT('',(33.2000004470348,18.2000002235174,3.5));
#2177=CARTESIAN_POINT('Origin',(31.2000004470348,16.2000002235174,3.5));
#2178=CARTESIAN_POINT('',(-3.2,16.2000002235174,3.5));
#2179=CARTESIAN_POINT('Origin',(-1.2,16.2000002235174,3.5));
#2180=CARTESIAN_POINT('',(-3.2,-1.2,3.5));
#2181=CARTESIAN_POINT('',(-3.2,-3.2,3.5));
#2182=CARTESIAN_POINT('Origin',(-1.2,-1.2,3.5));
#2183=CARTESIAN_POINT('',(33.2000004470348,-1.2,3.5));
#2184=CARTESIAN_POINT('Origin',(31.2000004470348,-1.2,3.5));
#2185=CARTESIAN_POINT('',(32.2000004470348,-0.2,3.5));
#2186=CARTESIAN_POINT('Origin',(32.2000004470348,-1.2,3.5));
#2187=CARTESIAN_POINT('',(0.299999999999998,-0.2,3.5));
#2188=CARTESIAN_POINT('',(30.2000004470348,-0.2,3.5));
#2189=CARTESIAN_POINT('',(-0.2,0.3,3.5));
#2190=CARTESIAN_POINT('Origin',(0.3,0.3,3.5));
#2191=CARTESIAN_POINT('',(-0.2,-0.2,3.5));
#2192=CARTESIAN_POINT('Origin',(-0.2,-0.2,0.));
#2193=CARTESIAN_POINT('',(-0.2,14.7000002235174,2.));
#2194=CARTESIAN_POINT('',(-0.2,3.65000005587935,2.));
#2195=CARTESIAN_POINT('',(-0.2,14.7000002235174,0.));
#2196=CARTESIAN_POINT('Origin',(0.3,0.3,0.));
#2197=CARTESIAN_POINT('',(-0.2,0.3,2.));
#2198=CARTESIAN_POINT('',(0.300000000000002,-0.2,2.));
#2199=CARTESIAN_POINT('Origin',(0.3,0.3,2.));
#2200=CARTESIAN_POINT('',(-0.2,0.3,0.));
#2201=CARTESIAN_POINT('',(0.3,-0.2,0.));
#2202=CARTESIAN_POINT('Origin',(-0.2,-0.2,0.));
#2203=CARTESIAN_POINT('',(-0.2,3.65000005587935,2.));
#2204=CARTESIAN_POINT('Origin',(0.3,14.7000002235174,0.));
#2205=CARTESIAN_POINT('',(0.3,15.2000002235174,2.));
#2206=CARTESIAN_POINT('Origin',(0.3,14.7000002235174,2.));
#2207=CARTESIAN_POINT('',(0.3,15.2000002235174,0.));
#2208=CARTESIAN_POINT('Origin',(-0.2,15.2000002235174,0.));
#2209=CARTESIAN_POINT('',(29.7000004470348,15.2000002235174,2.));
#2210=CARTESIAN_POINT('',(7.40000011175871,15.2000002235174,2.));
#2211=CARTESIAN_POINT('',(29.7000004470348,15.2000002235174,0.));
#2212=CARTESIAN_POINT('Origin',(29.7000004470348,14.7000002235174,0.));
#2213=CARTESIAN_POINT('',(30.2000004470348,14.7000002235174,2.));
#2214=CARTESIAN_POINT('Origin',(29.7000004470348,14.7000002235174,2.));
#2215=CARTESIAN_POINT('',(30.2000004470348,14.7000002235174,0.));
#2216=CARTESIAN_POINT('Origin',(15.0000002235174,7.50000011175871,2.));
#2217=CARTESIAN_POINT('',(31.2000004470348,-0.2,2.));
#2218=CARTESIAN_POINT('',(24.1000003352761,-0.2,2.));
#2219=CARTESIAN_POINT('',(30.2000004470348,0.800000000000001,2.));
#2220=CARTESIAN_POINT('Origin',(31.2000004470348,0.8,2.));
#2221=CARTESIAN_POINT('',(30.2000004470348,8.8,2.));
#2222=CARTESIAN_POINT('',(30.2000004470348,15.2000002235174,2.));
#2223=CARTESIAN_POINT('',(31.2000004470348,9.8,2.));
#2224=CARTESIAN_POINT('Origin',(31.2000004470348,8.8,2.));
#2225=CARTESIAN_POINT('',(30.2000004470348,9.8,2.));
#2226=CARTESIAN_POINT('',(22.6000003352761,9.8,2.));
#2227=CARTESIAN_POINT('',(30.2000004470348,11.3500001676381,2.));
#2228=CARTESIAN_POINT('',(2.,4.19374112665035,2.));
#2229=CARTESIAN_POINT('',(2.,11.9999996602535,2.));
#2230=CARTESIAN_POINT('',(2.,3.75000002980232,2.));
#2231=CARTESIAN_POINT('',(3.,12.9999996602535,2.));
#2232=CARTESIAN_POINT('Origin',(3.,11.9999996602535,2.));
#2233=CARTESIAN_POINT('',(13.2500002831221,12.9999996602535,2.));
#2234=CARTESIAN_POINT('',(1.99999995529652,12.9999996602535,2.));
#2235=CARTESIAN_POINT('',(17.2500002831221,9.00000013411045,2.));
#2236=CARTESIAN_POINT('Origin',(13.2500002831221,8.99999966025353,2.));
#2237=CARTESIAN_POINT('',(20.7500002831221,9.00000013411045,2.));
#2238=CARTESIAN_POINT('Origin',(19.0000002831221,9.00000013411045,2.));
#2239=CARTESIAN_POINT('',(24.7500002831221,12.9999996602535,2.));
#2240=CARTESIAN_POINT('Origin',(24.7500002831221,8.99999966025353,2.));
#2241=CARTESIAN_POINT('',(27.0000004172325,12.9999996602535,2.));
#2242=CARTESIAN_POINT('',(1.99999995529652,12.9999996602535,2.));
#2243=CARTESIAN_POINT('',(28.0000004172325,11.9999996602535,2.));
#2244=CARTESIAN_POINT('Origin',(27.0000004172325,11.9999996602535,2.));
#2245=CARTESIAN_POINT('',(28.0000004172325,3.00000002980232,2.));
#2246=CARTESIAN_POINT('',(28.0000004172325,12.9999996602535,2.));
#2247=CARTESIAN_POINT('',(27.0000004172325,2.00000002980232,2.));
#2248=CARTESIAN_POINT('Origin',(27.0000004172325,3.00000002980232,2.));
#2249=CARTESIAN_POINT('',(4.19374109684803,2.00000002980232,2.));
#2250=CARTESIAN_POINT('',(3.75,2.00000002980232,2.));
#2251=CARTESIAN_POINT('',(3.70624307532625,2.38888891869121,2.));
#2252=CARTESIAN_POINT('Origin',(4.19374109684803,2.50000002980232,2.));
#2253=CARTESIAN_POINT('',(2.38888888888889,3.70624310512857,2.));
#2254=CARTESIAN_POINT('Origin',(2.,2.00000002980232,2.));
#2255=CARTESIAN_POINT('Origin',(2.5,4.19374112665035,2.));
#2256=CARTESIAN_POINT('',(19.5000002831221,9.00000013411045,2.));
#2257=CARTESIAN_POINT('Origin',(19.0000002831221,9.00000013411045,2.));
#2258=CARTESIAN_POINT('',(2.5,2.00000002980232,2.));
#2259=CARTESIAN_POINT('Origin',(2.,2.00000002980232,2.));
#2260=CARTESIAN_POINT('Origin',(30.2000004470348,15.2000002235174,0.));
#2261=CARTESIAN_POINT('',(30.2000004470348,9.8,0.));
#2262=CARTESIAN_POINT('Origin',(33.2000004470348,-0.2,0.));
#2263=CARTESIAN_POINT('',(32.2000004470348,-0.2,0.));
#2264=CARTESIAN_POINT('',(32.2000004470348,-0.2,0.));
#2265=CARTESIAN_POINT('',(31.2000004470348,-0.2,0.));
#2266=CARTESIAN_POINT('',(24.1000003352761,-0.2,0.));
#2267=CARTESIAN_POINT('',(31.2000004470348,-0.2,0.));
#2268=CARTESIAN_POINT('Origin',(32.2000004470348,10.8,0.));
#2269=CARTESIAN_POINT('',(32.2000004470348,9.8,0.));
#2270=CARTESIAN_POINT('',(32.2000004470348,9.8,0.));
#2271=CARTESIAN_POINT('',(33.2000004470348,10.8,0.));
#2272=CARTESIAN_POINT('Origin',(32.2000004470348,10.8,0.));
#2273=CARTESIAN_POINT('',(33.2000004470348,10.8,0.));
#2274=CARTESIAN_POINT('Origin',(33.2000004470348,18.2000002235174,0.));
#2275=CARTESIAN_POINT('',(33.2000004470348,-1.2,0.));
#2276=CARTESIAN_POINT('',(33.2000004470348,18.2000002235174,0.));
#2277=CARTESIAN_POINT('',(33.2000004470348,-1.2,-2.));
#2278=CARTESIAN_POINT('',(33.2000004470348,-1.2,0.));
#2279=CARTESIAN_POINT('',(33.2000004470348,16.2000002235174,-2.));
#2280=CARTESIAN_POINT('',(33.2000004470348,18.2000002235174,-2.));
#2281=CARTESIAN_POINT('',(33.2000004470348,16.2000002235174,0.));
#2282=CARTESIAN_POINT('Origin',(31.2000004470348,8.8,0.));
#2283=CARTESIAN_POINT('',(31.2000004470348,9.8,0.));
#2284=CARTESIAN_POINT('',(30.2000004470348,8.8,0.));
#2285=CARTESIAN_POINT('Origin',(31.2000004470348,8.8,0.));
#2286=CARTESIAN_POINT('',(31.2000004470348,9.8,0.));
#2287=CARTESIAN_POINT('',(30.2000004470348,8.8,0.));
#2288=CARTESIAN_POINT('Origin',(15.0000002235174,7.50000011175871,0.));
#2289=CARTESIAN_POINT('',(30.2000004470348,0.8,0.));
#2290=CARTESIAN_POINT('',(30.2000004470348,3.65000005587935,0.));
#2291=CARTESIAN_POINT('Origin',(31.2000004470348,0.8,0.));
#2292=CARTESIAN_POINT('Origin',(32.2000004470348,-1.2,0.));
#2293=CARTESIAN_POINT('',(22.6000003352761,9.8,0.));
#2294=CARTESIAN_POINT('Origin',(30.2000004470348,-0.2,0.));
#2295=CARTESIAN_POINT('',(30.2000004470348,0.8,0.));
#2296=CARTESIAN_POINT('Origin',(31.2000004470348,0.8,0.));
#2297=CARTESIAN_POINT('Origin',(32.2000004470348,-1.2,0.));
#2298=CARTESIAN_POINT('',(33.2000004470348,-1.2,0.));
#2299=CARTESIAN_POINT('Origin',(-1.2,16.2000002235174,0.));
#2300=CARTESIAN_POINT('',(-3.2,16.2000002235174,-2.));
#2301=CARTESIAN_POINT('Origin',(-1.2,16.2000002235174,-2.));
#2302=CARTESIAN_POINT('',(-3.2,16.2000002235174,0.));
#2303=CARTESIAN_POINT('Origin',(-3.2,-3.2,0.));
#2304=CARTESIAN_POINT('',(-3.2,-1.2,-2.));
#2305=CARTESIAN_POINT('',(-3.2,-3.2,-2.));
#2306=CARTESIAN_POINT('',(-3.2,-1.2,0.));
#2307=CARTESIAN_POINT('Origin',(-1.2,-1.2,0.));
#2308=CARTESIAN_POINT('Origin',(-1.2,-1.2,-2.));
#2309=CARTESIAN_POINT('Origin',(31.2000004470348,-1.2,0.));
#2310=CARTESIAN_POINT('Origin',(31.2000004470348,-1.2,-2.));
#2311=CARTESIAN_POINT('Origin',(31.2000004470348,16.2000002235174,0.));
#2312=CARTESIAN_POINT('Origin',(31.2000004470348,16.2000002235174,-2.));
#2313=CARTESIAN_POINT('Origin',(3.,11.9999996602535,0.));
#2314=CARTESIAN_POINT('',(3.,12.9999996602535,0.));
#2315=CARTESIAN_POINT('',(2.,11.9999996602535,0.));
#2316=CARTESIAN_POINT('Origin',(3.,11.9999996602535,0.));
#2317=CARTESIAN_POINT('',(3.,12.9999996602535,0.));
#2318=CARTESIAN_POINT('',(2.,11.9999996602535,0.));
#2319=CARTESIAN_POINT('Origin',(1.99999995529652,12.9999996602535,0.));
#2320=CARTESIAN_POINT('',(13.2500002831221,12.9999996602535,0.));
#2321=CARTESIAN_POINT('',(8.50000008940697,12.9999996602535,0.));
#2322=CARTESIAN_POINT('',(13.2500002831221,12.9999996602535,0.));
#2323=CARTESIAN_POINT('Origin',(27.0000004172325,3.00000002980232,0.));
#2324=CARTESIAN_POINT('',(27.0000004172325,2.00000002980232,0.));
#2325=CARTESIAN_POINT('',(28.0000004172325,3.00000002980232,0.));
#2326=CARTESIAN_POINT('Origin',(27.0000004172325,3.00000002980232,0.));
#2327=CARTESIAN_POINT('',(27.0000004172325,2.00000002980232,0.));
#2328=CARTESIAN_POINT('',(28.0000004172325,3.00000002980232,0.));
#2329=CARTESIAN_POINT('Origin',(15.0000002235174,7.50000011175871,0.));
#2330=CARTESIAN_POINT('',(2.,4.19374112665035,0.));
#2331=CARTESIAN_POINT('',(2.,5.62500007078052,0.));
#2332=CARTESIAN_POINT('',(2.38888888888889,3.70624310512857,0.));
#2333=CARTESIAN_POINT('Origin',(2.5,4.19374112665035,0.));
#2334=CARTESIAN_POINT('',(3.70624307532625,2.38888891869121,0.));
#2335=CARTESIAN_POINT('Origin',(2.,2.00000002980232,0.));
#2336=CARTESIAN_POINT('',(4.19374109684803,2.00000002980232,0.));
#2337=CARTESIAN_POINT('Origin',(4.19374109684803,2.50000002980232,0.));
#2338=CARTESIAN_POINT('',(21.500000320375,2.00000002980232,0.));
#2339=CARTESIAN_POINT('',(28.0000004172325,11.9999996602535,0.));
#2340=CARTESIAN_POINT('',(28.0000004172325,10.2499998860061,0.));
#2341=CARTESIAN_POINT('',(27.0000004172325,12.9999996602535,0.));
#2342=CARTESIAN_POINT('Origin',(27.0000004172325,11.9999996602535,0.));
#2343=CARTESIAN_POINT('',(24.7500002831221,12.9999996602535,0.));
#2344=CARTESIAN_POINT('',(17.8750002533197,12.9999996602535,0.));
#2345=CARTESIAN_POINT('',(20.7500002831221,9.00000013411045,0.));
#2346=CARTESIAN_POINT('Origin',(24.7500002831221,8.99999966025353,0.));
#2347=CARTESIAN_POINT('',(17.2500002831221,9.00000013411045,0.));
#2348=CARTESIAN_POINT('Origin',(19.0000002831221,9.00000013411045,0.));
#2349=CARTESIAN_POINT('Origin',(13.2500002831221,8.99999966025353,0.));
#2350=CARTESIAN_POINT('Origin',(28.0000004172325,12.9999996602535,0.));
#2351=CARTESIAN_POINT('',(28.0000004172325,11.9999996602535,0.));
#2352=CARTESIAN_POINT('Origin',(27.0000004172325,11.9999996602535,0.));
#2353=CARTESIAN_POINT('',(27.0000004172325,12.9999996602535,0.));
#2354=CARTESIAN_POINT('Origin',(2.5,4.19374112665035,0.));
#2355=CARTESIAN_POINT('',(2.,4.19374112665035,0.));
#2356=CARTESIAN_POINT('',(2.38888888888889,3.70624310512857,0.));
#2357=CARTESIAN_POINT('Origin',(2.,2.00000002980232,0.));
#2358=CARTESIAN_POINT('',(3.70624307532625,2.38888891869121,0.));
#2359=CARTESIAN_POINT('Origin',(4.19374109684803,2.50000002980232,0.));
#2360=CARTESIAN_POINT('',(4.19374109684803,2.00000002980232,0.));
#2361=CARTESIAN_POINT('Origin',(13.2500002831221,8.99999966025353,0.));
#2362=CARTESIAN_POINT('',(17.2500002831221,9.00000013411045,0.));
#2363=CARTESIAN_POINT('Origin',(24.7500002831221,8.99999966025353,0.));
#2364=CARTESIAN_POINT('',(24.7500002831221,12.9999996602535,0.));
#2365=CARTESIAN_POINT('',(20.7500002831221,9.00000013411045,0.));
#2366=CARTESIAN_POINT('Origin',(2.,2.00000002980232,2.));
#2367=CARTESIAN_POINT('',(2.5,2.00000002980232,-2.));
#2368=CARTESIAN_POINT('',(2.5,2.00000002980232,2.));
#2369=CARTESIAN_POINT('Origin',(2.,2.00000002980232,-2.));
#2370=CARTESIAN_POINT('Origin',(19.0000002831221,9.00000013411045,2.));
#2371=CARTESIAN_POINT('',(19.5000002831221,9.00000013411045,-2.));
#2372=CARTESIAN_POINT('',(19.5000002831221,9.00000013411045,2.));
#2373=CARTESIAN_POINT('Origin',(19.0000002831221,9.00000013411045,-2.));
#2374=CARTESIAN_POINT('Origin',(2.,3.75000002980232,0.));
#2375=CARTESIAN_POINT('Origin',(28.0000004172325,2.00000002980232,0.));
#2376=CARTESIAN_POINT('Origin',(20.7500002831221,12.9999996602535,0.));
#2377=CARTESIAN_POINT('Origin',(19.0000002831221,9.00000013411045,0.));
#2378=CARTESIAN_POINT('Origin',(30.2000004470348,9.8,0.));
#2379=CARTESIAN_POINT('Origin',(15.0000002235174,7.50000011175871,-2.));
#2380=UNCERTAINTY_MEASURE_WITH_UNIT(LENGTH_MEASURE(0.01),#2384,
'DISTANCE_ACCURACY_VALUE',
'Maximum model space distance between geometric entities at asserted c
onnectivities');
#2381=UNCERTAINTY_MEASURE_WITH_UNIT(LENGTH_MEASURE(0.01),#2384,
'DISTANCE_ACCURACY_VALUE',
'Maximum model space distance between geometric entities at asserted c
onnectivities');
#2382=(
GEOMETRIC_REPRESENTATION_CONTEXT(3)
GLOBAL_UNCERTAINTY_ASSIGNED_CONTEXT((#2380))
GLOBAL_UNIT_ASSIGNED_CONTEXT((#2384,#2386,#2387))
REPRESENTATION_CONTEXT('','3D')
);
#2383=(
GEOMETRIC_REPRESENTATION_CONTEXT(3)
GLOBAL_UNCERTAINTY_ASSIGNED_CONTEXT((#2381))
GLOBAL_UNIT_ASSIGNED_CONTEXT((#2384,#2386,#2387))
REPRESENTATION_CONTEXT('','3D')
);
#2384=(
LENGTH_UNIT()
NAMED_UNIT(*)
SI_UNIT(.MILLI.,.METRE.)
);
#2385=(
LENGTH_UNIT()
NAMED_UNIT(*)
SI_UNIT($,.METRE.)
);
#2386=(
NAMED_UNIT(*)
PLANE_ANGLE_UNIT()
SI_UNIT($,.RADIAN.)
);
#2387=(
NAMED_UNIT(*)
SI_UNIT($,.STERADIAN.)
SOLID_ANGLE_UNIT()
);
#2388=SHAPE_DEFINITION_REPRESENTATION(#2389,#2390);
#2389=PRODUCT_DEFINITION_SHAPE('',$,#2392);
#2390=SHAPE_REPRESENTATION('',(#1379),#2382);
#2391=PRODUCT_DEFINITION_CONTEXT('part definition',#2396,'design');
#2392=PRODUCT_DEFINITION('2026-06-20-12-30-30-464','FusionComponent',#2393,
#2391);
#2393=PRODUCT_DEFINITION_FORMATION('',$,#2398);
#2394=PRODUCT_RELATED_PRODUCT_CATEGORY('FusionComponent',
'FusionComponent',(#2398));
#2395=APPLICATION_PROTOCOL_DEFINITION('international standard',
'automotive_design',2009,#2396);
#2396=APPLICATION_CONTEXT(
'Core Data for Automotive Mechanical Design Process');
#2397=PRODUCT_CONTEXT('part definition',#2396,'mechanical');
#2398=PRODUCT('2026-06-20-12-30-30-464','FusionComponent',$,(#2397));
#2399=PRESENTATION_STYLE_ASSIGNMENT((#2400));
#2400=SURFACE_STYLE_USAGE(.BOTH.,#2401);
#2401=SURFACE_SIDE_STYLE('',(#2402));
#2402=SURFACE_STYLE_FILL_AREA(#2403);
#2403=FILL_AREA_STYLE('Steel - Satin',(#2404));
#2404=FILL_AREA_STYLE_COLOUR('Steel - Satin',#2405);
#2405=COLOUR_RGB('Steel - Satin',0.627450980392157,0.627450980392157,0.627450980392157);
ENDSEC;
END-ISO-10303-21;
