ISO-10303-21;
HEADER;
/* Generated by software containing ST-Developer
 * from STEP Tools, Inc. (www.steptools.com) 
 */

FILE_DESCRIPTION(
/* description */ (''),
/* implementation_level */ '2;1');

FILE_NAME(
/* name */ 'Middle Segment x6.step',
/* time_stamp */ '2026-06-20T16:40:01-05:00',
/* author */ (''),
/* organization */ (''),
/* preprocessor_version */ 'ST-DEVELOPER v20.1',
/* originating_system */ 'Autodesk Translation Framework v15.8.0.0',
/* authorisation */ '');

FILE_SCHEMA (('AUTOMOTIVE_DESIGN { 1 0 10303 214 3 1 1 }'));
ENDSEC;

DATA;
#10=MECHANICAL_DESIGN_GEOMETRIC_PRESENTATION_REPRESENTATION('',(#13),#4942);
#11=SHAPE_REPRESENTATION_RELATIONSHIP('SRR','None',#4949,#12);
#12=ADVANCED_BREP_SHAPE_REPRESENTATION('',(#14),#4941);
#13=STYLED_ITEM('',(#4958),#14);
#14=MANIFOLD_SOLID_BREP('Body1',#2486);
#15=B_SPLINE_SURFACE_WITH_KNOTS('',3,3,((#4040,#4041,#4042,#4043,#4044,
#4045,#4046),(#4047,#4048,#4049,#4050,#4051,#4052,#4053),(#4054,#4055,#4056,
#4057,#4058,#4059,#4060),(#4061,#4062,#4063,#4064,#4065,#4066,#4067)),
 .UNSPECIFIED.,.F.,.F.,.F.,(4,4),(4,1,1,1,4),(0.,1.),(-0.727963161622049,
-0.247730647843347,0.232501865935354,0.712734379714055,0.952850636603406),
 .UNSPECIFIED.);
#16=B_SPLINE_SURFACE_WITH_KNOTS('',3,3,((#4084,#4085,#4086,#4087),(#4088,
#4089,#4090,#4091),(#4092,#4093,#4094,#4095),(#4096,#4097,#4098,#4099)),
 .UNSPECIFIED.,.F.,.F.,.F.,(4,4),(4,4),(0.,1.),(-1.24010954844735,-0.952850607825711),
 .UNSPECIFIED.);
#17=B_SPLINE_SURFACE_WITH_KNOTS('',3,3,((#4102,#4103,#4104,#4105),(#4106,
#4107,#4108,#4109),(#4110,#4111,#4112,#4113),(#4114,#4115,#4116,#4117)),
 .UNSPECIFIED.,.F.,.F.,.F.,(4,4),(4,4),(0.,1.),(0.727963161622048,0.96913054317265),
 .UNSPECIFIED.);
#18=B_SPLINE_SURFACE_WITH_KNOTS('',3,3,((#4130,#4131,#4132,#4133,#4134,
#4135,#4136,#4137),(#4138,#4139,#4140,#4141,#4142,#4143,#4144,#4145),(#4146,
#4147,#4148,#4149,#4150,#4151,#4152,#4153),(#4154,#4155,#4156,#4157,#4158,
#4159,#4160,#4161)),.UNSPECIFIED.,.F.,.F.,.F.,(4,4),(4,1,1,1,1,4),(0.,1.),
(0.0790936198258706,0.154104229486166,0.229114839146461,0.379136058467051,
0.454146668127347,0.604167887447937),.UNSPECIFIED.);
#19=B_SPLINE_SURFACE_WITH_KNOTS('',3,3,((#4181,#4182,#4183,#4184),(#4185,
#4186,#4187,#4188),(#4189,#4190,#4191,#4192),(#4193,#4194,#4195,#4196)),
 .UNSPECIFIED.,.F.,.F.,.F.,(4,4),(4,4),(0.,1.),(-3.99292364849891E-9,0.0790936263185894),
 .UNSPECIFIED.);
#20=B_SPLINE_SURFACE_WITH_KNOTS('',3,3,((#4203,#4204,#4205,#4206),(#4207,
#4208,#4209,#4210),(#4211,#4212,#4213,#4214),(#4215,#4216,#4217,#4218)),
 .UNSPECIFIED.,.F.,.F.,.F.,(4,4),(4,4),(0.,1.),(0.604167887447922,0.701090754377942),
 .UNSPECIFIED.);
#21=B_SPLINE_SURFACE_WITH_KNOTS('',3,3,((#4227,#4228,#4229,#4230,#4231,
#4232,#4233),(#4234,#4235,#4236,#4237,#4238,#4239,#4240),(#4241,#4242,#4243,
#4244,#4245,#4246,#4247),(#4248,#4249,#4250,#4251,#4252,#4253,#4254)),
 .UNSPECIFIED.,.F.,.F.,.F.,(4,4),(4,1,1,1,4),(0.,1.),(-0.727963161622046,
-0.247730647843343,-0.00761439095399208,0.47261812282471,0.952850636603413),
 .UNSPECIFIED.);
#22=B_SPLINE_SURFACE_WITH_KNOTS('',3,3,((#4272,#4273,#4274,#4275),(#4276,
#4277,#4278,#4279),(#4280,#4281,#4282,#4283),(#4284,#4285,#4286,#4287)),
 .UNSPECIFIED.,.F.,.F.,.F.,(4,4),(4,4),(0.,1.),(-0.969130543172654,-0.727963129048891),
 .UNSPECIFIED.);
#23=B_SPLINE_SURFACE_WITH_KNOTS('',3,3,((#4292,#4293,#4294,#4295),(#4296,
#4297,#4298,#4299),(#4300,#4301,#4302,#4303),(#4304,#4305,#4306,#4307)),
 .UNSPECIFIED.,.F.,.F.,.F.,(4,4),(4,4),(0.,1.),(0.952850636603338,1.24010954844735),
 .UNSPECIFIED.);
#24=B_SPLINE_SURFACE_WITH_KNOTS('',3,3,((#4314,#4315,#4316,#4317,#4318,
#4319,#4320),(#4321,#4322,#4323,#4324,#4325,#4326,#4327),(#4328,#4329,#4330,
#4331,#4332,#4333,#4334),(#4335,#4336,#4337,#4338,#4339,#4340,#4341)),
 .UNSPECIFIED.,.F.,.F.,.F.,(4,4),(4,1,1,1,4),(0.,1.),(-0.727963157499988,
-0.247730651479655,-0.00761439846948786,0.472618107550846,0.952850613571179),
 .UNSPECIFIED.);
#25=B_SPLINE_SURFACE_WITH_KNOTS('',3,3,((#4358,#4359,#4360,#4361),(#4362,
#4363,#4364,#4365),(#4366,#4367,#4368,#4369),(#4370,#4371,#4372,#4373)),
 .UNSPECIFIED.,.F.,.F.,.F.,(4,4),(4,4),(0.,1.),(-1.24010946733745,-0.952850613571101),
 .UNSPECIFIED.);
#26=B_SPLINE_SURFACE_WITH_KNOTS('',3,3,((#4376,#4377,#4378,#4379),(#4380,
#4381,#4382,#4383),(#4384,#4385,#4386,#4387),(#4388,#4389,#4390,#4391)),
 .UNSPECIFIED.,.F.,.F.,.F.,(4,4),(4,4),(0.,1.),(0.727963157499986,0.969130583599675),
 .UNSPECIFIED.);
#27=B_SPLINE_SURFACE_WITH_KNOTS('',3,3,((#4400,#4401,#4402,#4403,#4404,
#4405,#4406),(#4407,#4408,#4409,#4410,#4411,#4412,#4413),(#4414,#4415,#4416,
#4417,#4418,#4419,#4420),(#4421,#4422,#4423,#4424,#4425,#4426,#4427)),
 .UNSPECIFIED.,.F.,.F.,.F.,(4,4),(4,1,1,1,4),(0.,1.),(-0.727963190073146,
-0.487846932409671,-0.00761441708272137,0.472618098244228,0.952850613571178),
 .UNSPECIFIED.);
#28=B_SPLINE_SURFACE_WITH_KNOTS('',3,3,((#4437,#4438,#4439,#4440),(#4441,
#4442,#4443,#4444),(#4445,#4446,#4447,#4448),(#4449,#4450,#4451,#4452)),
 .UNSPECIFIED.,.F.,.F.,.F.,(4,4),(4,4),(0.,1.),(-1.24010937950199,-0.952850613571102),
 .UNSPECIFIED.);
#29=B_SPLINE_SURFACE_WITH_KNOTS('',3,3,((#4453,#4454,#4455,#4456),(#4457,
#4458,#4459,#4460),(#4461,#4462,#4463,#4464),(#4465,#4466,#4467,#4468)),
 .UNSPECIFIED.,.F.,.F.,.F.,(4,4),(4,4),(0.,1.),(0.727963157499987,0.969130643176681),
 .UNSPECIFIED.);
#30=B_SPLINE_SURFACE_WITH_KNOTS('',3,3,((#4493,#4494,#4495,#4496,#4497,
#4498,#4499),(#4500,#4501,#4502,#4503,#4504,#4505,#4506),(#4507,#4508,#4509,
#4510,#4511,#4512,#4513),(#4514,#4515,#4516,#4517,#4518,#4519,#4520)),
 .UNSPECIFIED.,.F.,.F.,.F.,(4,4),(4,1,1,1,4),(0.,1.),(-0.952850613571183,
-0.472618107550847,0.00761439846948864,0.487846904489824,0.727963157499993),
 .UNSPECIFIED.);
#31=B_SPLINE_SURFACE_WITH_KNOTS('',3,3,((#4523,#4524,#4525,#4526),(#4527,
#4528,#4529,#4530),(#4531,#4532,#4533,#4534),(#4535,#4536,#4537,#4538)),
 .UNSPECIFIED.,.F.,.F.,.F.,(4,4),(4,4),(0.,1.),(-0.96913058359968,-0.727963157499988),
 .UNSPECIFIED.);
#32=B_SPLINE_SURFACE_WITH_KNOTS('',3,3,((#4539,#4540,#4541,#4542),(#4543,
#4544,#4545,#4546),(#4547,#4548,#4549,#4550),(#4551,#4552,#4553,#4554)),
 .UNSPECIFIED.,.F.,.F.,.F.,(4,4),(4,4),(0.,1.),(0.952850613571102,1.24010946733746),
 .UNSPECIFIED.);
#33=B_SPLINE_SURFACE_WITH_KNOTS('',3,3,((#4641,#4642,#4643,#4644,#4645,
#4646,#4647,#4648,#4649,#4650,#4651,#4652,#4653),(#4654,#4655,#4656,#4657,
#4658,#4659,#4660,#4661,#4662,#4663,#4664,#4665,#4666),(#4667,#4668,#4669,
#4670,#4671,#4672,#4673,#4674,#4675,#4676,#4677,#4678,#4679),(#4680,#4681,
#4682,#4683,#4684,#4685,#4686,#4687,#4688,#4689,#4690,#4691,#4692)),
 .UNSPECIFIED.,.F.,.T.,.F.,(4,4),(4,1,1,1,1,1,1,1,1,1,4),(0.,1.),(-3.14159265358979,
-2.69279370307697,-2.24399475256414,-1.34639685153848,-0.448798950512828,
0.,0.448798950512828,1.34639685153848,2.24399475256414,2.69279370307697,
3.14159265358979),.UNSPECIFIED.);
#34=B_SPLINE_SURFACE_WITH_KNOTS('',3,3,((#4710,#4711,#4712,#4713,#4714,
#4715,#4716,#4717,#4718,#4719,#4720,#4721,#4722,#4723),(#4724,#4725,#4726,
#4727,#4728,#4729,#4730,#4731,#4732,#4733,#4734,#4735,#4736,#4737),(#4738,
#4739,#4740,#4741,#4742,#4743,#4744,#4745,#4746,#4747,#4748,#4749,#4750,
#4751),(#4752,#4753,#4754,#4755,#4756,#4757,#4758,#4759,#4760,#4761,#4762,
#4763,#4764,#4765)),.UNSPECIFIED.,.F.,.T.,.F.,(4,4),(4,1,1,1,1,1,1,1,1,
1,1,4),(0.,1.),(-3.14159265358979,-2.69279370307697,-2.24399475256414,-1.34639685153848,
-0.897597901025655,-0.448798950512828,0.,0.448798950512828,1.34639685153848,
2.24399475256414,2.69279370307697,3.14159265358979),.UNSPECIFIED.);
#35=B_SPLINE_SURFACE_WITH_KNOTS('',3,3,((#4784,#4785,#4786,#4787,#4788,
#4789,#4790,#4791,#4792,#4793),(#4794,#4795,#4796,#4797,#4798,#4799,#4800,
#4801,#4802,#4803),(#4804,#4805,#4806,#4807,#4808,#4809,#4810,#4811,#4812,
#4813),(#4814,#4815,#4816,#4817,#4818,#4819,#4820,#4821,#4822,#4823)),
 .UNSPECIFIED.,.F.,.T.,.F.,(4,4),(4,1,1,1,1,1,1,4),(0.,1.),(-3.14159265358979,
-2.24399475256414,-1.34639685153848,-0.448798950512828,0.448798950512828,
1.34639685153848,2.24399475256414,3.14159265358979),.UNSPECIFIED.);
#36=B_SPLINE_SURFACE_WITH_KNOTS('',3,3,((#4838,#4839,#4840,#4841,#4842,
#4843,#4844,#4845,#4846,#4847,#4848,#4849),(#4850,#4851,#4852,#4853,#4854,
#4855,#4856,#4857,#4858,#4859,#4860,#4861),(#4862,#4863,#4864,#4865,#4866,
#4867,#4868,#4869,#4870,#4871,#4872,#4873),(#4874,#4875,#4876,#4877,#4878,
#4879,#4880,#4881,#4882,#4883,#4884,#4885)),.UNSPECIFIED.,.F.,.T.,.F.,(4,
4),(4,1,1,1,1,1,1,1,1,4),(0.,1.),(-3.14159265358979,-2.69279370307697,-2.24399475256414,
-1.34639685153848,-0.448798950512828,0.448798950512828,1.34639685153848,
2.24399475256414,2.69279370307697,3.14159265358979),.UNSPECIFIED.);
#37=ELLIPSE('',#2513,0.528642065881543,0.5);
#38=ELLIPSE('',#2514,0.60650617052006,0.5);
#39=ELLIPSE('',#2515,1.047056856868,0.5);
#40=ELLIPSE('',#2516,0.846221108229425,0.5);
#41=ELLIPSE('',#2518,0.792963098822314,0.75);
#42=ELLIPSE('',#2522,0.90975925578009,0.75);
#43=ELLIPSE('',#2523,0.792963098822314,0.75);
#44=ELLIPSE('',#2526,0.90975925578009,0.75);
#45=ELLIPSE('',#2536,0.846221108229423,0.5);
#46=ELLIPSE('',#2538,0.528642065881543,0.5);
#47=ELLIPSE('',#2539,1.047056856868,0.5);
#48=ELLIPSE('',#2540,0.60650617052006,0.5);
#49=ELLIPSE('',#2544,0.90975925578009,0.75);
#50=ELLIPSE('',#2545,0.792963098822314,0.75);
#51=ELLIPSE('',#2548,0.909759252588533,0.75);
#52=ELLIPSE('',#2549,0.792963100653136,0.75);
#53=ELLIPSE('',#2552,0.52864206710209,0.5);
#54=ELLIPSE('',#2553,0.606506168392355,0.5);
#55=ELLIPSE('',#2554,1.0470568519132,0.5);
#56=ELLIPSE('',#2555,0.846221112002524,0.5);
#57=ELLIPSE('',#2559,1.79157271428523,0.5);
#58=ELLIPSE('',#2560,3.11453345624353,0.5);
#59=ELLIPSE('',#2564,1.79157270596409,0.5);
#60=ELLIPSE('',#2565,3.11453344390825,0.5);
#61=ELLIPSE('',#2567,0.60650617052006,0.5);
#62=ELLIPSE('',#2569,1.7915727059641,0.5);
#63=ELLIPSE('',#2571,3.11453344390828,0.5);
#64=ELLIPSE('',#2573,0.528642065881543,0.5);
#65=ELLIPSE('',#2574,0.846221108229425,0.5);
#66=ELLIPSE('',#2575,1.04705685686801,0.5);
#67=ELLIPSE('',#2579,0.606506168392356,0.5);
#68=ELLIPSE('',#2580,0.52864206710209,0.5);
#69=ELLIPSE('',#2581,0.846221112002525,0.5);
#70=ELLIPSE('',#2582,1.0470568519132,0.5);
#71=ELLIPSE('',#2584,3.11453345624355,0.5);
#72=ELLIPSE('',#2585,1.79157271428525,0.5);
#73=ELLIPSE('',#2590,0.528642065881543,0.5);
#74=ELLIPSE('',#2591,0.60650617052006,0.5);
#75=ELLIPSE('',#2592,1.04705685686801,0.5);
#76=ELLIPSE('',#2593,0.846221108229426,0.5);
#77=ELLIPSE('',#2595,0.90975925578009,0.75);
#78=ELLIPSE('',#2598,0.792963098822314,0.75);
#79=ELLIPSE('',#2602,0.909759252588534,0.75);
#80=ELLIPSE('',#2603,0.792963100653136,0.75);
#81=PLANE('',#2505);
#82=PLANE('',#2517);
#83=PLANE('',#2519);
#84=PLANE('',#2520);
#85=PLANE('',#2524);
#86=PLANE('',#2527);
#87=PLANE('',#2531);
#88=PLANE('',#2534);
#89=PLANE('',#2535);
#90=PLANE('',#2541);
#91=PLANE('',#2542);
#92=PLANE('',#2546);
#93=PLANE('',#2550);
#94=PLANE('',#2556);
#95=PLANE('',#2557);
#96=PLANE('',#2561);
#97=PLANE('',#2562);
#98=PLANE('',#2566);
#99=PLANE('',#2568);
#100=PLANE('',#2570);
#101=PLANE('',#2576);
#102=PLANE('',#2577);
#103=PLANE('',#2586);
#104=PLANE('',#2587);
#105=PLANE('',#2588);
#106=PLANE('',#2594);
#107=PLANE('',#2596);
#108=PLANE('',#2597);
#109=PLANE('',#2600);
#110=PLANE('',#2604);
#111=PLANE('',#2606);
#112=PLANE('',#2607);
#113=PLANE('',#2608);
#114=PLANE('',#2609);
#115=PLANE('',#2610);
#116=PLANE('',#2611);
#117=PLANE('',#2612);
#118=PLANE('',#2613);
#119=PLANE('',#2614);
#120=PLANE('',#2615);
#121=PLANE('',#2616);
#122=PLANE('',#2617);
#123=PLANE('',#2618);
#124=PLANE('',#2619);
#125=PLANE('',#2620);
#126=PLANE('',#2621);
#127=PLANE('',#2622);
#128=PLANE('',#2623);
#129=PLANE('',#2624);
#130=PLANE('',#2625);
#131=PLANE('',#2627);
#132=PLANE('',#2628);
#133=PLANE('',#2630);
#134=PLANE('',#2632);
#135=PLANE('',#2633);
#136=PLANE('',#2636);
#137=PLANE('',#2637);
#138=PLANE('',#2638);
#139=PLANE('',#2639);
#140=PLANE('',#2643);
#141=PLANE('',#2644);
#142=PLANE('',#2654);
#143=PLANE('',#2663);
#144=PLANE('',#2666);
#145=PLANE('',#2669);
#146=PLANE('',#2672);
#147=PLANE('',#2673);
#148=PLANE('',#2675);
#149=PLANE('',#2677);
#150=FACE_BOUND('',#393,.T.);
#151=FACE_BOUND('',#394,.T.);
#152=FACE_BOUND('',#395,.T.);
#153=FACE_BOUND('',#396,.T.);
#154=FACE_BOUND('',#398,.T.);
#155=FACE_BOUND('',#399,.T.);
#156=FACE_BOUND('',#400,.T.);
#157=FACE_BOUND('',#401,.T.);
#158=FACE_BOUND('',#412,.T.);
#159=FACE_BOUND('',#496,.T.);
#160=FACE_BOUND('',#497,.T.);
#161=FACE_BOUND('',#503,.T.);
#162=FACE_BOUND('',#504,.T.);
#163=FACE_BOUND('',#505,.T.);
#164=FACE_BOUND('',#507,.T.);
#165=FACE_BOUND('',#508,.T.);
#166=FACE_BOUND('',#534,.T.);
#167=FACE_BOUND('',#535,.T.);
#168=FACE_BOUND('',#536,.T.);
#169=FACE_BOUND('',#537,.T.);
#170=B_SPLINE_CURVE_WITH_KNOTS('',3,(#3289,#3290,#3291,#3292,#3293,#3294,
#3295,#3296,#3297,#3298,#3299,#3300,#3301,#3302,#3303,#3304,#3305,#3306),
 .UNSPECIFIED.,.F.,.F.,(4,2,2,2,2,2,2,2,4),(0.,0.0604725062708894,0.120945012541779,
0.181413108865741,0.241881205189702,0.302349301513664,0.362817397837626,
0.423289904108515,0.483762410379404),.UNSPECIFIED.);
#171=B_SPLINE_CURVE_WITH_KNOTS('',3,(#3307,#3308,#3309,#3310,#3311,#3312,
#3313,#3314,#3315,#3316,#3317,#3318,#3319,#3320,#3321,#3322,#3323,#3324),
 .UNSPECIFIED.,.F.,.F.,(4,2,2,2,2,2,2,2,4),(0.483762410379404,0.544234916650294,
0.604707422921183,0.665175519245145,0.725643615569107,0.786111711893068,
0.84657980821703,0.90705231448792,0.967524820758809),.UNSPECIFIED.);
#172=B_SPLINE_CURVE_WITH_KNOTS('',3,(#3327,#3328,#3329,#3330,#3331,#3332,
#3333,#3334,#3335,#3336,#3337,#3338,#3339,#3340,#3341,#3342,#3343,#3344),
 .UNSPECIFIED.,.F.,.F.,(4,2,2,2,2,2,2,2,4),(0.,0.0604725062708894,0.120945012541779,
0.18141310886574,0.241881205189702,0.302349301513664,0.362817397837626,
0.423289904108515,0.483762410379404),.UNSPECIFIED.);
#173=B_SPLINE_CURVE_WITH_KNOTS('',3,(#3345,#3346,#3347,#3348,#3349,#3350,
#3351,#3352,#3353,#3354,#3355,#3356,#3357,#3358,#3359,#3360,#3361,#3362),
 .UNSPECIFIED.,.F.,.F.,(4,2,2,2,2,2,2,2,4),(0.483762410379404,0.544234916650294,
0.604707422921183,0.665175519245145,0.725643615569107,0.786111711893068,
0.84657980821703,0.90705231448792,0.967524820758809),.UNSPECIFIED.);
#174=B_SPLINE_CURVE_WITH_KNOTS('',3,(#3364,#3365,#3366,#3367,#3368,#3369,
#3370,#3371,#3372,#3373,#3374,#3375,#3376,#3377,#3378,#3379,#3380,#3381,
#3382,#3383,#3384,#3385,#3386,#3387,#3388,#3389,#3390,#3391,#3392,#3393,
#3394,#3395,#3396,#3397),.UNSPECIFIED.,.T.,.F.,(4,2,2,2,2,2,2,2,2,2,2,2,
2,2,2,2,4),(0.,0.0604725062708894,0.120945012541779,0.181413108865741,0.241881205189702,
0.302349301513664,0.362817397837626,0.423289904108515,0.483762410379404,
0.544234916650294,0.604707422921183,0.665175519245145,0.725643615569107,
0.786111711893068,0.84657980821703,0.907052314487919,0.967524820758809),
 .UNSPECIFIED.);
#175=B_SPLINE_CURVE_WITH_KNOTS('',3,(#3399,#3400,#3401,#3402,#3403,#3404,
#3405,#3406,#3407,#3408,#3409,#3410,#3411,#3412,#3413,#3414,#3415,#3416,
#3417,#3418,#3419,#3420,#3421,#3422,#3423,#3424,#3425,#3426,#3427,#3428,
#3429,#3430,#3431,#3432),.UNSPECIFIED.,.T.,.F.,(4,2,2,2,2,2,2,2,2,2,2,2,
2,2,2,2,4),(0.,0.0604725062708894,0.120945012541779,0.18141310886574,0.241881205189702,
0.302349301513664,0.362817397837626,0.423289904108515,0.483762410379404,
0.544234916650294,0.604707422921183,0.665175519245145,0.725643615569107,
0.786111711893068,0.84657980821703,0.907052314487919,0.967524820758809),
 .UNSPECIFIED.);
#176=B_SPLINE_CURVE_WITH_KNOTS('',3,(#3471,#3472,#3473,#3474),
 .UNSPECIFIED.,.F.,.F.,(4,4),(0.952850636603338,1.24010952909071),
 .UNSPECIFIED.);
#177=B_SPLINE_CURVE_WITH_KNOTS('',3,(#3478,#3479,#3480,#3481),
 .UNSPECIFIED.,.F.,.F.,(4,4),(-1.24010946733745,-0.952850613571101),
 .UNSPECIFIED.);
#178=B_SPLINE_CURVE_WITH_KNOTS('',3,(#3570,#3571,#3572,#3573),
 .UNSPECIFIED.,.F.,.F.,(4,4),(0.952850613571101,1.24010946733745),
 .UNSPECIFIED.);
#179=B_SPLINE_CURVE_WITH_KNOTS('',3,(#3577,#3578,#3579,#3580),
 .UNSPECIFIED.,.F.,.F.,(4,4),(-1.24010937950199,-0.952850613571102),
 .UNSPECIFIED.);
#180=B_SPLINE_CURVE_WITH_KNOTS('',3,(#3625,#3626,#3627,#3628,#3629,#3630,
#3631,#3632,#3633,#3634),.UNSPECIFIED.,.F.,.F.,(4,2,2,2,4),(-0.129062568804391,
-0.119018231827528,-0.102749963817978,-0.0883141178820424,-0.0843606898007732),
 .UNSPECIFIED.);
#181=B_SPLINE_CURVE_WITH_KNOTS('',3,(#3644,#3645,#3646,#3647),
 .UNSPECIFIED.,.F.,.F.,(4,4),(0.727963161622048,0.969130535061543),
 .UNSPECIFIED.);
#182=B_SPLINE_CURVE_WITH_KNOTS('',3,(#3651,#3652,#3653,#3654),
 .UNSPECIFIED.,.F.,.F.,(4,4),(-0.96913062102513,-0.727963190073144),
 .UNSPECIFIED.);
#183=B_SPLINE_CURVE_WITH_KNOTS('',3,(#3664,#3665,#3666,#3667),
 .UNSPECIFIED.,.F.,.F.,(4,4),(0.952850613571102,1.24010937950199),
 .UNSPECIFIED.);
#184=B_SPLINE_CURVE_WITH_KNOTS('',3,(#3671,#3672,#3673,#3674),
 .UNSPECIFIED.,.F.,.F.,(4,4),(-1.24010954844735,-0.952850607825711),
 .UNSPECIFIED.);
#185=B_SPLINE_CURVE_WITH_KNOTS('',3,(#3701,#3702,#3703,#3704,#3705,#3706,
#3707,#3708,#3709,#3710),.UNSPECIFIED.,.F.,.F.,(4,2,2,2,4),(-0.0553282889679982,
-0.0546123495916233,-0.038344081537803,-0.0191720407689015,-0.0106303169214298),
 .UNSPECIFIED.);
#186=B_SPLINE_CURVE_WITH_KNOTS('',3,(#3718,#3719,#3720,#3721),
 .UNSPECIFIED.,.F.,.F.,(4,4),(0.727963157499988,0.96913058359968),
 .UNSPECIFIED.);
#187=B_SPLINE_CURVE_WITH_KNOTS('',3,(#3725,#3726,#3727,#3728),
 .UNSPECIFIED.,.F.,.F.,(4,4),(-0.96913054317265,-0.727963161622048),
 .UNSPECIFIED.);
#188=B_SPLINE_CURVE_WITH_KNOTS('',3,(#3764,#3765,#3766,#3767),
 .UNSPECIFIED.,.F.,.F.,(4,4),(0.952850636603405,1.24010952909071),
 .UNSPECIFIED.);
#189=B_SPLINE_CURVE_WITH_KNOTS('',3,(#3771,#3772,#3773,#3774),
 .UNSPECIFIED.,.F.,.F.,(4,4),(-1.24010946733746,-0.952850613571102),
 .UNSPECIFIED.);
#190=B_SPLINE_CURVE_WITH_KNOTS('',3,(#3793,#3794,#3795,#3796,#3797,#3798,
#3799,#3800,#3801,#3802),.UNSPECIFIED.,.F.,.F.,(4,2,2,2,4),(0.0843606898007726,
0.0883141178820421,0.102749963817978,0.119018231827528,0.12906256880439),
 .UNSPECIFIED.);
#191=B_SPLINE_CURVE_WITH_KNOTS('',3,(#3836,#3837,#3838,#3839,#3840,#3841,
#3842,#3843,#3844,#3845),.UNSPECIFIED.,.F.,.F.,(4,2,2,2,4),(0.185662058018191,
0.195706395211966,0.211974663265786,0.226410509250073,0.230363935936911),
 .UNSPECIFIED.);
#192=B_SPLINE_CURVE_WITH_KNOTS('',3,(#3861,#3862,#3863,#3864),
 .UNSPECIFIED.,.F.,.F.,(4,4),(-0.0790936198258707,3.99292364849891E-9),
 .UNSPECIFIED.);
#193=B_SPLINE_CURVE_WITH_KNOTS('',3,(#3867,#3868,#3869,#3870),
 .UNSPECIFIED.,.F.,.F.,(4,4),(-0.96913058359968,-0.727963157499988),
 .UNSPECIFIED.);
#194=B_SPLINE_CURVE_WITH_KNOTS('',3,(#3882,#3883,#3884,#3885),
 .UNSPECIFIED.,.F.,.F.,(4,4),(0.952850613571102,1.24010946733746),
 .UNSPECIFIED.);
#195=B_SPLINE_CURVE_WITH_KNOTS('',3,(#3889,#3890,#3891,#3892),
 .UNSPECIFIED.,.F.,.F.,(4,4),(-0.701090458458626,-0.604167887447922),
 .UNSPECIFIED.);
#196=B_SPLINE_CURVE_WITH_KNOTS('',3,(#3976,#3977,#3978,#3979),
 .UNSPECIFIED.,.F.,.F.,(4,4),(0.604167887447922,0.701090754377942),
 .UNSPECIFIED.);
#197=B_SPLINE_CURVE_WITH_KNOTS('',3,(#3982,#3983,#3984,#3985),
 .UNSPECIFIED.,.F.,.F.,(4,4),(-1.24010954844735,-0.952850636603338),
 .UNSPECIFIED.);
#198=B_SPLINE_CURVE_WITH_KNOTS('',3,(#4001,#4002,#4003,#4004),
 .UNSPECIFIED.,.F.,.F.,(4,4),(0.727963157499986,0.969130583599675),
 .UNSPECIFIED.);
#199=B_SPLINE_CURVE_WITH_KNOTS('',3,(#4007,#4008,#4009,#4010),
 .UNSPECIFIED.,.F.,.F.,(4,4),(-0.969130543172654,-0.727963129048891),
 .UNSPECIFIED.);
#200=B_SPLINE_CURVE_WITH_KNOTS('',3,(#4020,#4021,#4022,#4023),
 .UNSPECIFIED.,.F.,.F.,(4,4),(0.727963157499987,0.969130637247345),
 .UNSPECIFIED.);
#201=B_SPLINE_CURVE_WITH_KNOTS('',3,(#4027,#4028,#4029,#4030),
 .UNSPECIFIED.,.F.,.F.,(4,4),(-0.969130583599675,-0.727963157499986),
 .UNSPECIFIED.);
#202=B_SPLINE_CURVE_WITH_KNOTS('',3,(#4069,#4070,#4071,#4072,#4073,#4074,
#4075),.UNSPECIFIED.,.F.,.F.,(4,1,1,1,4),(-0.952850607825788,-0.712734379714055,
-0.232501865935354,0.247730647843347,0.727963161622049),.UNSPECIFIED.);
#203=B_SPLINE_CURVE_WITH_KNOTS('',3,(#4077,#4078,#4079,#4080,#4081,#4082,
#4083),.UNSPECIFIED.,.F.,.F.,(4,1,1,1,4),(-0.727963129048887,-0.247730647843347,
0.232501865935354,0.712734379714055,0.952850636603406),.UNSPECIFIED.);
#204=B_SPLINE_CURVE_WITH_KNOTS('',3,(#4119,#4120,#4121,#4122,#4123,#4124,
#4125),.UNSPECIFIED.,.F.,.F.,(4,1,1,1,4),(-0.952850613571183,-0.472618107550847,
0.00761439846948864,0.487846904489824,0.727963157499993),.UNSPECIFIED.);
#205=B_SPLINE_CURVE_WITH_KNOTS('',3,(#4163,#4164,#4165,#4166,#4167,#4168,
#4169,#4170),.UNSPECIFIED.,.F.,.F.,(4,1,1,1,1,4),(-0.604167869619263,-0.454146668127347,
-0.379136058467051,-0.229114839146461,-0.154104229486166,-0.0790936198258706),
 .UNSPECIFIED.);
#206=B_SPLINE_CURVE_WITH_KNOTS('',3,(#4173,#4174,#4175,#4176,#4177,#4178,
#4179,#4180),.UNSPECIFIED.,.F.,.F.,(4,1,1,1,1,4),(0.0790936263185886,0.154104229486166,
0.229114839146461,0.379136058467051,0.454146668127347,0.604167887447937),
 .UNSPECIFIED.);
#207=B_SPLINE_CURVE_WITH_KNOTS('',3,(#4197,#4198,#4199,#4200),
 .UNSPECIFIED.,.F.,.F.,(4,4),(-3.99292364849891E-9,0.0790936263185894),
 .UNSPECIFIED.);
#208=B_SPLINE_CURVE_WITH_KNOTS('',3,(#4220,#4221,#4222,#4223,#4224,#4225,
#4226),.UNSPECIFIED.,.F.,.F.,(4,1,1,1,4),(-0.727963157499993,-0.487846904489824,
-0.00761439846948864,0.472618107550847,0.952850613571183),.UNSPECIFIED.);
#209=B_SPLINE_CURVE_WITH_KNOTS('',3,(#4257,#4258,#4259,#4260,#4261,#4262,
#4263),.UNSPECIFIED.,.F.,.F.,(4,1,1,1,4),(-0.952850607825786,-0.47261812282471,
0.00761439095399208,0.247730647843343,0.727963161622046),.UNSPECIFIED.);
#210=B_SPLINE_CURVE_WITH_KNOTS('',3,(#4265,#4266,#4267,#4268,#4269,#4270,
#4271),.UNSPECIFIED.,.F.,.F.,(4,1,1,1,4),(-0.727963129048892,-0.247730647843343,
-0.00761439095399208,0.47261812282471,0.952850636603413),.UNSPECIFIED.);
#211=B_SPLINE_CURVE_WITH_KNOTS('',3,(#4288,#4289,#4290,#4291),
 .UNSPECIFIED.,.F.,.F.,(4,4),(0.727963161622046,0.969130535061544),
 .UNSPECIFIED.);
#212=B_SPLINE_CURVE_WITH_KNOTS('',3,(#4343,#4344,#4345,#4346,#4347,#4348,
#4349),.UNSPECIFIED.,.F.,.F.,(4,1,1,1,4),(-0.952850613571179,-0.472618107550846,
0.00761439846948786,0.247730651479655,0.727963157499988),.UNSPECIFIED.);
#213=B_SPLINE_CURVE_WITH_KNOTS('',3,(#4351,#4352,#4353,#4354,#4355,#4356,
#4357),.UNSPECIFIED.,.F.,.F.,(4,1,1,1,4),(-0.727963157499988,-0.247730651479655,
-0.00761439846948786,0.472618107550846,0.952850613571179),.UNSPECIFIED.);
#214=B_SPLINE_CURVE_WITH_KNOTS('',3,(#4393,#4394,#4395,#4396,#4397,#4398,
#4399),.UNSPECIFIED.,.F.,.F.,(4,1,1,1,4),(-0.952850613571178,-0.472618098244228,
0.00761441708272137,0.487846932409671,0.727963157499989),.UNSPECIFIED.);
#215=B_SPLINE_CURVE_WITH_KNOTS('',3,(#4430,#4431,#4432,#4433,#4434,#4435,
#4436),.UNSPECIFIED.,.F.,.F.,(4,1,1,1,4),(-0.727963190073146,-0.487846932409671,
-0.00761441708272137,0.472618098244228,0.952850584793555),.UNSPECIFIED.);
#216=B_SPLINE_CURVE_WITH_KNOTS('',3,(#4481,#4482,#4483,#4484,#4485,#4486,
#4487,#4488,#4489,#4490,#4491,#4492),.UNSPECIFIED.,.T.,.F.,(4,1,1,1,1,1,
1,1,1,4),(-3.14159265358979,-2.69279370307697,-2.24399475256414,-1.34639685153848,
-0.448798950512828,0.448798950512828,1.34639685153848,2.24399475256414,
2.69279370307697,3.14159265358979),.UNSPECIFIED.);
#217=B_SPLINE_CURVE_WITH_KNOTS('',3,(#4568,#4569,#4570,#4571,#4572,#4573,
#4574,#4575,#4576,#4577,#4578,#4579,#4580,#4581),.UNSPECIFIED.,.T.,.F.,
(4,1,1,1,1,1,1,1,1,1,1,4),(-3.14159265358979,-2.69279370307697,-2.24399475256414,
-1.34639685153848,-0.448798950512828,0.,0.448798950512828,0.897597901025655,
1.34639685153848,2.24399475256414,2.69279370307697,3.14159265358979),
 .UNSPECIFIED.);
#218=B_SPLINE_CURVE_WITH_KNOTS('',3,(#4583,#4584,#4585,#4586,#4587,#4588,
#4589,#4590,#4591,#4592,#4593,#4594,#4595),.UNSPECIFIED.,.T.,.F.,(4,1,1,
1,1,1,1,1,1,1,4),(-3.14159265358979,-2.69279370307697,-2.24399475256414,
-1.34639685153848,-0.448798950512828,0.,0.448798950512828,1.34639685153848,
2.24399475256414,2.69279370307697,3.14159265358979),.UNSPECIFIED.);
#219=B_SPLINE_CURVE_WITH_KNOTS('',3,(#4606,#4607,#4608,#4609,#4610,#4611,
#4612,#4613,#4614,#4615),.UNSPECIFIED.,.T.,.F.,(4,1,1,1,1,1,1,4),(-3.14159265358979,
-2.24399475256414,-1.34639685153848,-0.448798950512828,0.448798950512828,
1.34639685153848,2.24399475256414,3.14159265358979),.UNSPECIFIED.);
#220=B_SPLINE_CURVE_WITH_KNOTS('',3,(#4695,#4696,#4697,#4698,#4699,#4700,
#4701,#4702,#4703,#4704,#4705,#4706,#4707),.UNSPECIFIED.,.T.,.F.,(4,1,1,
1,1,1,1,1,1,1,4),(-3.14159265358979,-2.69279370307697,-2.24399475256414,
-1.34639685153848,-0.448798950512828,0.,0.448798950512828,1.34639685153848,
2.24399475256414,2.69279370307697,3.14159265358979),.UNSPECIFIED.);
#221=B_SPLINE_CURVE_WITH_KNOTS('',3,(#4768,#4769,#4770,#4771,#4772,#4773,
#4774,#4775,#4776,#4777,#4778,#4779,#4780,#4781),.UNSPECIFIED.,.T.,.F.,
(4,1,1,1,1,1,1,1,1,1,1,4),(-3.14159265358979,-2.69279370307697,-2.24399475256414,
-1.34639685153848,-0.897597901025655,-0.448798950512828,0.,0.448798950512828,
1.34639685153848,2.24399475256414,2.69279370307697,3.14159265358979),
 .UNSPECIFIED.);
#222=B_SPLINE_CURVE_WITH_KNOTS('',3,(#4826,#4827,#4828,#4829,#4830,#4831,
#4832,#4833,#4834,#4835),.UNSPECIFIED.,.T.,.F.,(4,1,1,1,1,1,1,4),(-3.14159265358979,
-2.24399475256414,-1.34639685153848,-0.448798950512828,0.448798950512828,
1.34639685153848,2.24399475256414,3.14159265358979),.UNSPECIFIED.);
#223=B_SPLINE_CURVE_WITH_KNOTS('',3,(#4888,#4889,#4890,#4891,#4892,#4893,
#4894,#4895,#4896,#4897,#4898,#4899),.UNSPECIFIED.,.T.,.F.,(4,1,1,1,1,1,
1,1,1,4),(-3.14159265358979,-2.69279370307697,-2.24399475256414,-1.34639685153848,
-0.448798950512828,0.448798950512828,1.34639685153848,2.24399475256414,
2.69279370307697,3.14159265358979),.UNSPECIFIED.);
#224=CYLINDRICAL_SURFACE('',#2503,7.5);
#225=CYLINDRICAL_SURFACE('',#2512,0.5);
#226=CYLINDRICAL_SURFACE('',#2521,0.75);
#227=CYLINDRICAL_SURFACE('',#2525,0.75);
#228=CYLINDRICAL_SURFACE('',#2532,3.9);
#229=CYLINDRICAL_SURFACE('',#2537,0.5);
#230=CYLINDRICAL_SURFACE('',#2543,0.75);
#231=CYLINDRICAL_SURFACE('',#2547,0.75);
#232=CYLINDRICAL_SURFACE('',#2551,0.5);
#233=CYLINDRICAL_SURFACE('',#2558,0.5);
#234=CYLINDRICAL_SURFACE('',#2563,0.5);
#235=CYLINDRICAL_SURFACE('',#2572,0.5);
#236=CYLINDRICAL_SURFACE('',#2578,0.5);
#237=CYLINDRICAL_SURFACE('',#2583,0.5);
#238=CYLINDRICAL_SURFACE('',#2589,0.5);
#239=CYLINDRICAL_SURFACE('',#2599,0.5);
#240=CYLINDRICAL_SURFACE('',#2601,0.75);
#241=CYLINDRICAL_SURFACE('',#2605,0.75);
#242=CYLINDRICAL_SURFACE('',#2626,3.);
#243=CYLINDRICAL_SURFACE('',#2629,3.);
#244=CYLINDRICAL_SURFACE('',#2631,3.);
#245=CYLINDRICAL_SURFACE('',#2634,3.);
#246=CYLINDRICAL_SURFACE('',#2635,3.);
#247=CYLINDRICAL_SURFACE('',#2640,2.);
#248=CYLINDRICAL_SURFACE('',#2645,2.);
#249=CYLINDRICAL_SURFACE('',#2648,2.);
#250=CYLINDRICAL_SURFACE('',#2650,2.);
#251=CYLINDRICAL_SURFACE('',#2652,2.);
#252=CYLINDRICAL_SURFACE('',#2655,2.);
#253=CYLINDRICAL_SURFACE('',#2658,3.);
#254=CYLINDRICAL_SURFACE('',#2659,1.6);
#255=CYLINDRICAL_SURFACE('',#2660,1.6);
#256=CYLINDRICAL_SURFACE('',#2661,1.6);
#257=CYLINDRICAL_SURFACE('',#2662,1.6);
#258=FACE_OUTER_BOUND('',#391,.T.);
#259=FACE_OUTER_BOUND('',#392,.T.);
#260=FACE_OUTER_BOUND('',#397,.T.);
#261=FACE_OUTER_BOUND('',#402,.T.);
#262=FACE_OUTER_BOUND('',#403,.T.);
#263=FACE_OUTER_BOUND('',#404,.T.);
#264=FACE_OUTER_BOUND('',#405,.T.);
#265=FACE_OUTER_BOUND('',#406,.T.);
#266=FACE_OUTER_BOUND('',#407,.T.);
#267=FACE_OUTER_BOUND('',#408,.T.);
#268=FACE_OUTER_BOUND('',#409,.T.);
#269=FACE_OUTER_BOUND('',#410,.T.);
#270=FACE_OUTER_BOUND('',#411,.T.);
#271=FACE_OUTER_BOUND('',#413,.T.);
#272=FACE_OUTER_BOUND('',#414,.T.);
#273=FACE_OUTER_BOUND('',#415,.T.);
#274=FACE_OUTER_BOUND('',#416,.T.);
#275=FACE_OUTER_BOUND('',#417,.T.);
#276=FACE_OUTER_BOUND('',#418,.T.);
#277=FACE_OUTER_BOUND('',#419,.T.);
#278=FACE_OUTER_BOUND('',#420,.T.);
#279=FACE_OUTER_BOUND('',#421,.T.);
#280=FACE_OUTER_BOUND('',#422,.T.);
#281=FACE_OUTER_BOUND('',#423,.T.);
#282=FACE_OUTER_BOUND('',#424,.T.);
#283=FACE_OUTER_BOUND('',#425,.T.);
#284=FACE_OUTER_BOUND('',#426,.T.);
#285=FACE_OUTER_BOUND('',#427,.T.);
#286=FACE_OUTER_BOUND('',#428,.T.);
#287=FACE_OUTER_BOUND('',#429,.T.);
#288=FACE_OUTER_BOUND('',#430,.T.);
#289=FACE_OUTER_BOUND('',#431,.T.);
#290=FACE_OUTER_BOUND('',#432,.T.);
#291=FACE_OUTER_BOUND('',#433,.T.);
#292=FACE_OUTER_BOUND('',#434,.T.);
#293=FACE_OUTER_BOUND('',#435,.T.);
#294=FACE_OUTER_BOUND('',#436,.T.);
#295=FACE_OUTER_BOUND('',#437,.T.);
#296=FACE_OUTER_BOUND('',#438,.T.);
#297=FACE_OUTER_BOUND('',#439,.T.);
#298=FACE_OUTER_BOUND('',#440,.T.);
#299=FACE_OUTER_BOUND('',#441,.T.);
#300=FACE_OUTER_BOUND('',#442,.T.);
#301=FACE_OUTER_BOUND('',#443,.T.);
#302=FACE_OUTER_BOUND('',#444,.T.);
#303=FACE_OUTER_BOUND('',#445,.T.);
#304=FACE_OUTER_BOUND('',#446,.T.);
#305=FACE_OUTER_BOUND('',#447,.T.);
#306=FACE_OUTER_BOUND('',#448,.T.);
#307=FACE_OUTER_BOUND('',#449,.T.);
#308=FACE_OUTER_BOUND('',#450,.T.);
#309=FACE_OUTER_BOUND('',#451,.T.);
#310=FACE_OUTER_BOUND('',#452,.T.);
#311=FACE_OUTER_BOUND('',#453,.T.);
#312=FACE_OUTER_BOUND('',#454,.T.);
#313=FACE_OUTER_BOUND('',#455,.T.);
#314=FACE_OUTER_BOUND('',#456,.T.);
#315=FACE_OUTER_BOUND('',#457,.T.);
#316=FACE_OUTER_BOUND('',#458,.T.);
#317=FACE_OUTER_BOUND('',#459,.T.);
#318=FACE_OUTER_BOUND('',#460,.T.);
#319=FACE_OUTER_BOUND('',#461,.T.);
#320=FACE_OUTER_BOUND('',#462,.T.);
#321=FACE_OUTER_BOUND('',#463,.T.);
#322=FACE_OUTER_BOUND('',#464,.T.);
#323=FACE_OUTER_BOUND('',#465,.T.);
#324=FACE_OUTER_BOUND('',#466,.T.);
#325=FACE_OUTER_BOUND('',#467,.T.);
#326=FACE_OUTER_BOUND('',#468,.T.);
#327=FACE_OUTER_BOUND('',#469,.T.);
#328=FACE_OUTER_BOUND('',#470,.T.);
#329=FACE_OUTER_BOUND('',#471,.T.);
#330=FACE_OUTER_BOUND('',#472,.T.);
#331=FACE_OUTER_BOUND('',#473,.T.);
#332=FACE_OUTER_BOUND('',#474,.T.);
#333=FACE_OUTER_BOUND('',#475,.T.);
#334=FACE_OUTER_BOUND('',#476,.T.);
#335=FACE_OUTER_BOUND('',#477,.T.);
#336=FACE_OUTER_BOUND('',#478,.T.);
#337=FACE_OUTER_BOUND('',#479,.T.);
#338=FACE_OUTER_BOUND('',#480,.T.);
#339=FACE_OUTER_BOUND('',#481,.T.);
#340=FACE_OUTER_BOUND('',#482,.T.);
#341=FACE_OUTER_BOUND('',#483,.T.);
#342=FACE_OUTER_BOUND('',#484,.T.);
#343=FACE_OUTER_BOUND('',#485,.T.);
#344=FACE_OUTER_BOUND('',#486,.T.);
#345=FACE_OUTER_BOUND('',#487,.T.);
#346=FACE_OUTER_BOUND('',#488,.T.);
#347=FACE_OUTER_BOUND('',#489,.T.);
#348=FACE_OUTER_BOUND('',#490,.T.);
#349=FACE_OUTER_BOUND('',#491,.T.);
#350=FACE_OUTER_BOUND('',#492,.T.);
#351=FACE_OUTER_BOUND('',#493,.T.);
#352=FACE_OUTER_BOUND('',#494,.T.);
#353=FACE_OUTER_BOUND('',#495,.T.);
#354=FACE_OUTER_BOUND('',#498,.T.);
#355=FACE_OUTER_BOUND('',#499,.T.);
#356=FACE_OUTER_BOUND('',#500,.T.);
#357=FACE_OUTER_BOUND('',#501,.T.);
#358=FACE_OUTER_BOUND('',#502,.T.);
#359=FACE_OUTER_BOUND('',#506,.T.);
#360=FACE_OUTER_BOUND('',#509,.T.);
#361=FACE_OUTER_BOUND('',#510,.T.);
#362=FACE_OUTER_BOUND('',#511,.T.);
#363=FACE_OUTER_BOUND('',#512,.T.);
#364=FACE_OUTER_BOUND('',#513,.T.);
#365=FACE_OUTER_BOUND('',#514,.T.);
#366=FACE_OUTER_BOUND('',#515,.T.);
#367=FACE_OUTER_BOUND('',#516,.T.);
#368=FACE_OUTER_BOUND('',#517,.T.);
#369=FACE_OUTER_BOUND('',#518,.T.);
#370=FACE_OUTER_BOUND('',#519,.T.);
#371=FACE_OUTER_BOUND('',#520,.T.);
#372=FACE_OUTER_BOUND('',#521,.T.);
#373=FACE_OUTER_BOUND('',#522,.T.);
#374=FACE_OUTER_BOUND('',#523,.T.);
#375=FACE_OUTER_BOUND('',#524,.T.);
#376=FACE_OUTER_BOUND('',#525,.T.);
#377=FACE_OUTER_BOUND('',#526,.T.);
#378=FACE_OUTER_BOUND('',#527,.T.);
#379=FACE_OUTER_BOUND('',#528,.T.);
#380=FACE_OUTER_BOUND('',#529,.T.);
#381=FACE_OUTER_BOUND('',#530,.T.);
#382=FACE_OUTER_BOUND('',#531,.T.);
#383=FACE_OUTER_BOUND('',#532,.T.);
#384=FACE_OUTER_BOUND('',#533,.T.);
#385=FACE_OUTER_BOUND('',#538,.T.);
#386=FACE_OUTER_BOUND('',#539,.T.);
#387=FACE_OUTER_BOUND('',#540,.T.);
#388=FACE_OUTER_BOUND('',#541,.T.);
#389=FACE_OUTER_BOUND('',#542,.T.);
#390=FACE_OUTER_BOUND('',#543,.T.);
#391=EDGE_LOOP('',(#1627,#1628,#1629,#1630));
#392=EDGE_LOOP('',(#1631,#1632,#1633,#1634));
#393=EDGE_LOOP('',(#1635,#1636));
#394=EDGE_LOOP('',(#1637,#1638));
#395=EDGE_LOOP('',(#1639));
#396=EDGE_LOOP('',(#1640));
#397=EDGE_LOOP('',(#1641,#1642,#1643,#1644,#1645,#1646));
#398=EDGE_LOOP('',(#1647));
#399=EDGE_LOOP('',(#1648));
#400=EDGE_LOOP('',(#1649));
#401=EDGE_LOOP('',(#1650));
#402=EDGE_LOOP('',(#1651,#1652,#1653,#1654,#1655,#1656));
#403=EDGE_LOOP('',(#1657,#1658,#1659,#1660,#1661,#1662,#1663,#1664,#1665,
#1666));
#404=EDGE_LOOP('',(#1667,#1668,#1669,#1670,#1671,#1672));
#405=EDGE_LOOP('',(#1673,#1674,#1675,#1676));
#406=EDGE_LOOP('',(#1677,#1678,#1679,#1680));
#407=EDGE_LOOP('',(#1681,#1682,#1683,#1684,#1685,#1686,#1687,#1688));
#408=EDGE_LOOP('',(#1689,#1690,#1691,#1692));
#409=EDGE_LOOP('',(#1693,#1694,#1695,#1696));
#410=EDGE_LOOP('',(#1697,#1698,#1699,#1700));
#411=EDGE_LOOP('',(#1701));
#412=EDGE_LOOP('',(#1702));
#413=EDGE_LOOP('',(#1703,#1704,#1705,#1706));
#414=EDGE_LOOP('',(#1707,#1708,#1709,#1710));
#415=EDGE_LOOP('',(#1711,#1712,#1713,#1714,#1715,#1716));
#416=EDGE_LOOP('',(#1717,#1718,#1719,#1720,#1721,#1722));
#417=EDGE_LOOP('',(#1723,#1724,#1725,#1726,#1727,#1728,#1729,#1730,#1731,
#1732));
#418=EDGE_LOOP('',(#1733,#1734,#1735,#1736));
#419=EDGE_LOOP('',(#1737,#1738,#1739,#1740));
#420=EDGE_LOOP('',(#1741,#1742,#1743,#1744,#1745,#1746,#1747,#1748));
#421=EDGE_LOOP('',(#1749,#1750,#1751,#1752));
#422=EDGE_LOOP('',(#1753,#1754,#1755,#1756));
#423=EDGE_LOOP('',(#1757,#1758,#1759,#1760,#1761,#1762,#1763));
#424=EDGE_LOOP('',(#1764,#1765,#1766,#1767,#1768,#1769,#1770,#1771,#1772,
#1773));
#425=EDGE_LOOP('',(#1774,#1775,#1776,#1777,#1778,#1779,#1780,#1781,#1782,
#1783));
#426=EDGE_LOOP('',(#1784,#1785,#1786,#1787,#1788));
#427=EDGE_LOOP('',(#1789,#1790,#1791,#1792,#1793));
#428=EDGE_LOOP('',(#1794,#1795,#1796,#1797,#1798));
#429=EDGE_LOOP('',(#1799,#1800,#1801,#1802,#1803));
#430=EDGE_LOOP('',(#1804,#1805,#1806,#1807,#1808,#1809,#1810,#1811,#1812,
#1813));
#431=EDGE_LOOP('',(#1814,#1815,#1816,#1817,#1818,#1819));
#432=EDGE_LOOP('',(#1820,#1821,#1822,#1823,#1824,#1825));
#433=EDGE_LOOP('',(#1826,#1827,#1828,#1829,#1830,#1831,#1832));
#434=EDGE_LOOP('',(#1833,#1834,#1835,#1836,#1837,#1838,#1839,#1840,#1841,
#1842));
#435=EDGE_LOOP('',(#1843,#1844,#1845,#1846));
#436=EDGE_LOOP('',(#1847,#1848,#1849,#1850,#1851,#1852,#1853));
#437=EDGE_LOOP('',(#1854,#1855,#1856,#1857,#1858));
#438=EDGE_LOOP('',(#1859,#1860,#1861,#1862,#1863));
#439=EDGE_LOOP('',(#1864,#1865,#1866,#1867));
#440=EDGE_LOOP('',(#1868,#1869,#1870,#1871,#1872));
#441=EDGE_LOOP('',(#1873,#1874,#1875,#1876,#1877,#1878,#1879));
#442=EDGE_LOOP('',(#1880,#1881,#1882,#1883,#1884,#1885,#1886,#1887,#1888,
#1889));
#443=EDGE_LOOP('',(#1890,#1891,#1892,#1893));
#444=EDGE_LOOP('',(#1894,#1895,#1896,#1897,#1898,#1899,#1900,#1901,#1902,
#1903));
#445=EDGE_LOOP('',(#1904,#1905,#1906,#1907,#1908));
#446=EDGE_LOOP('',(#1909,#1910,#1911,#1912,#1913));
#447=EDGE_LOOP('',(#1914,#1915,#1916,#1917));
#448=EDGE_LOOP('',(#1918,#1919,#1920,#1921,#1922,#1923,#1924,#1925));
#449=EDGE_LOOP('',(#1926,#1927,#1928,#1929));
#450=EDGE_LOOP('',(#1930,#1931,#1932,#1933,#1934,#1935));
#451=EDGE_LOOP('',(#1936,#1937,#1938,#1939));
#452=EDGE_LOOP('',(#1940,#1941,#1942,#1943,#1944,#1945));
#453=EDGE_LOOP('',(#1946,#1947,#1948,#1949,#1950,#1951));
#454=EDGE_LOOP('',(#1952,#1953,#1954,#1955,#1956,#1957));
#455=EDGE_LOOP('',(#1958,#1959,#1960,#1961));
#456=EDGE_LOOP('',(#1962,#1963,#1964,#1965,#1966,#1967));
#457=EDGE_LOOP('',(#1968,#1969,#1970,#1971));
#458=EDGE_LOOP('',(#1972,#1973,#1974,#1975,#1976,#1977));
#459=EDGE_LOOP('',(#1978,#1979,#1980,#1981,#1982,#1983));
#460=EDGE_LOOP('',(#1984,#1985,#1986,#1987,#1988,#1989,#1990,#1991,#1992,
#1993));
#461=EDGE_LOOP('',(#1994,#1995,#1996,#1997,#1998,#1999));
#462=EDGE_LOOP('',(#2000,#2001,#2002,#2003,#2004,#2005));
#463=EDGE_LOOP('',(#2006,#2007,#2008,#2009,#2010,#2011,#2012,#2013,#2014,
#2015));
#464=EDGE_LOOP('',(#2016,#2017,#2018,#2019,#2020,#2021));
#465=EDGE_LOOP('',(#2022,#2023,#2024,#2025,#2026,#2027,#2028,#2029,#2030,
#2031));
#466=EDGE_LOOP('',(#2032,#2033,#2034,#2035,#2036,#2037));
#467=EDGE_LOOP('',(#2038,#2039,#2040,#2041,#2042));
#468=EDGE_LOOP('',(#2043,#2044,#2045,#2046));
#469=EDGE_LOOP('',(#2047,#2048,#2049,#2050));
#470=EDGE_LOOP('',(#2051,#2052,#2053,#2054));
#471=EDGE_LOOP('',(#2055,#2056,#2057,#2058));
#472=EDGE_LOOP('',(#2059,#2060,#2061,#2062));
#473=EDGE_LOOP('',(#2063,#2064,#2065,#2066));
#474=EDGE_LOOP('',(#2067,#2068,#2069,#2070));
#475=EDGE_LOOP('',(#2071,#2072,#2073,#2074));
#476=EDGE_LOOP('',(#2075,#2076,#2077,#2078));
#477=EDGE_LOOP('',(#2079,#2080,#2081,#2082));
#478=EDGE_LOOP('',(#2083,#2084,#2085,#2086));
#479=EDGE_LOOP('',(#2087,#2088,#2089,#2090));
#480=EDGE_LOOP('',(#2091,#2092,#2093,#2094));
#481=EDGE_LOOP('',(#2095,#2096,#2097,#2098));
#482=EDGE_LOOP('',(#2099,#2100,#2101,#2102));
#483=EDGE_LOOP('',(#2103,#2104,#2105,#2106,#2107,#2108,#2109,#2110,#2111,
#2112));
#484=EDGE_LOOP('',(#2113,#2114,#2115,#2116));
#485=EDGE_LOOP('',(#2117,#2118,#2119,#2120));
#486=EDGE_LOOP('',(#2121,#2122,#2123,#2124));
#487=EDGE_LOOP('',(#2125,#2126,#2127,#2128));
#488=EDGE_LOOP('',(#2129,#2130,#2131,#2132));
#489=EDGE_LOOP('',(#2133,#2134,#2135,#2136));
#490=EDGE_LOOP('',(#2137,#2138,#2139,#2140));
#491=EDGE_LOOP('',(#2141,#2142,#2143,#2144));
#492=EDGE_LOOP('',(#2145,#2146,#2147,#2148));
#493=EDGE_LOOP('',(#2149,#2150,#2151,#2152));
#494=EDGE_LOOP('',(#2153,#2154,#2155,#2156));
#495=EDGE_LOOP('',(#2157,#2158,#2159,#2160));
#496=EDGE_LOOP('',(#2161,#2162,#2163,#2164,#2165,#2166,#2167,#2168));
#497=EDGE_LOOP('',(#2169));
#498=EDGE_LOOP('',(#2170,#2171,#2172,#2173));
#499=EDGE_LOOP('',(#2174,#2175,#2176,#2177));
#500=EDGE_LOOP('',(#2178,#2179,#2180,#2181));
#501=EDGE_LOOP('',(#2182,#2183,#2184,#2185));
#502=EDGE_LOOP('',(#2186,#2187,#2188,#2189));
#503=EDGE_LOOP('',(#2190,#2191,#2192,#2193,#2194,#2195,#2196,#2197));
#504=EDGE_LOOP('',(#2198));
#505=EDGE_LOOP('',(#2199));
#506=EDGE_LOOP('',(#2200,#2201,#2202,#2203));
#507=EDGE_LOOP('',(#2204,#2205,#2206,#2207,#2208,#2209,#2210,#2211));
#508=EDGE_LOOP('',(#2212));
#509=EDGE_LOOP('',(#2213,#2214,#2215,#2216));
#510=EDGE_LOOP('',(#2217,#2218,#2219,#2220));
#511=EDGE_LOOP('',(#2221,#2222,#2223,#2224));
#512=EDGE_LOOP('',(#2225,#2226,#2227,#2228));
#513=EDGE_LOOP('',(#2229,#2230,#2231,#2232));
#514=EDGE_LOOP('',(#2233,#2234,#2235,#2236));
#515=EDGE_LOOP('',(#2237,#2238,#2239,#2240));
#516=EDGE_LOOP('',(#2241,#2242,#2243,#2244));
#517=EDGE_LOOP('',(#2245,#2246,#2247,#2248));
#518=EDGE_LOOP('',(#2249,#2250,#2251,#2252));
#519=EDGE_LOOP('',(#2253,#2254,#2255,#2256));
#520=EDGE_LOOP('',(#2257,#2258,#2259,#2260));
#521=EDGE_LOOP('',(#2261,#2262,#2263,#2264));
#522=EDGE_LOOP('',(#2265,#2266,#2267,#2268,#2269));
#523=EDGE_LOOP('',(#2270,#2271,#2272,#2273));
#524=EDGE_LOOP('',(#2274,#2275,#2276,#2277,#2278));
#525=EDGE_LOOP('',(#2279,#2280,#2281,#2282));
#526=EDGE_LOOP('',(#2283,#2284,#2285,#2286));
#527=EDGE_LOOP('',(#2287,#2288,#2289,#2290));
#528=EDGE_LOOP('',(#2291,#2292,#2293,#2294));
#529=EDGE_LOOP('',(#2295,#2296,#2297,#2298));
#530=EDGE_LOOP('',(#2299,#2300,#2301,#2302));
#531=EDGE_LOOP('',(#2303,#2304,#2305,#2306));
#532=EDGE_LOOP('',(#2307,#2308,#2309,#2310));
#533=EDGE_LOOP('',(#2311,#2312,#2313,#2314,#2315,#2316));
#534=EDGE_LOOP('',(#2317));
#535=EDGE_LOOP('',(#2318));
#536=EDGE_LOOP('',(#2319));
#537=EDGE_LOOP('',(#2320));
#538=EDGE_LOOP('',(#2321,#2322,#2323,#2324));
#539=EDGE_LOOP('',(#2325,#2326,#2327,#2328));
#540=EDGE_LOOP('',(#2329,#2330,#2331,#2332));
#541=EDGE_LOOP('',(#2333,#2334,#2335,#2336));
#542=EDGE_LOOP('',(#2337,#2338,#2339,#2340));
#543=EDGE_LOOP('',(#2341,#2342,#2343,#2344));
#544=LINE('',#3281,#781);
#545=LINE('',#3285,#782);
#546=LINE('',#3436,#783);
#547=LINE('',#3440,#784);
#548=LINE('',#3444,#785);
#549=LINE('',#3457,#786);
#550=LINE('',#3463,#787);
#551=LINE('',#3467,#788);
#552=LINE('',#3469,#789);
#553=LINE('',#3476,#790);
#554=LINE('',#3483,#791);
#555=LINE('',#3485,#792);
#556=LINE('',#3488,#793);
#557=LINE('',#3491,#794);
#558=LINE('',#3493,#795);
#559=LINE('',#3495,#796);
#560=LINE('',#3496,#797);
#561=LINE('',#3499,#798);
#562=LINE('',#3500,#799);
#563=LINE('',#3506,#800);
#564=LINE('',#3509,#801);
#565=LINE('',#3512,#802);
#566=LINE('',#3514,#803);
#567=LINE('',#3516,#804);
#568=LINE('',#3517,#805);
#569=LINE('',#3519,#806);
#570=LINE('',#3520,#807);
#571=LINE('',#3524,#808);
#572=LINE('',#3526,#809);
#573=LINE('',#3531,#810);
#574=LINE('',#3537,#811);
#575=LINE('',#3541,#812);
#576=LINE('',#3543,#813);
#577=LINE('',#3545,#814);
#578=LINE('',#3546,#815);
#579=LINE('',#3551,#816);
#580=LINE('',#3553,#817);
#581=LINE('',#3555,#818);
#582=LINE('',#3556,#819);
#583=LINE('',#3560,#820);
#584=LINE('',#3566,#821);
#585=LINE('',#3568,#822);
#586=LINE('',#3575,#823);
#587=LINE('',#3581,#824);
#588=LINE('',#3583,#825);
#589=LINE('',#3589,#826);
#590=LINE('',#3592,#827);
#591=LINE('',#3595,#828);
#592=LINE('',#3597,#829);
#593=LINE('',#3599,#830);
#594=LINE('',#3601,#831);
#595=LINE('',#3603,#832);
#596=LINE('',#3605,#833);
#597=LINE('',#3606,#834);
#598=LINE('',#3611,#835);
#599=LINE('',#3615,#836);
#600=LINE('',#3617,#837);
#601=LINE('',#3618,#838);
#602=LINE('',#3638,#839);
#603=LINE('',#3642,#840);
#604=LINE('',#3649,#841);
#605=LINE('',#3656,#842);
#606=LINE('',#3657,#843);
#607=LINE('',#3660,#844);
#608=LINE('',#3662,#845);
#609=LINE('',#3669,#846);
#610=LINE('',#3675,#847);
#611=LINE('',#3681,#848);
#612=LINE('',#3684,#849);
#613=LINE('',#3686,#850);
#614=LINE('',#3687,#851);
#615=LINE('',#3690,#852);
#616=LINE('',#3692,#853);
#617=LINE('',#3693,#854);
#618=LINE('',#3699,#855);
#619=LINE('',#3712,#856);
#620=LINE('',#3716,#857);
#621=LINE('',#3723,#858);
#622=LINE('',#3729,#859);
#623=LINE('',#3731,#860);
#624=LINE('',#3735,#861);
#625=LINE('',#3739,#862);
#626=LINE('',#3740,#863);
#627=LINE('',#3743,#864);
#628=LINE('',#3745,#865);
#629=LINE('',#3747,#866);
#630=LINE('',#3751,#867);
#631=LINE('',#3757,#868);
#632=LINE('',#3760,#869);
#633=LINE('',#3762,#870);
#634=LINE('',#3769,#871);
#635=LINE('',#3776,#872);
#636=LINE('',#3777,#873);
#637=LINE('',#3784,#874);
#638=LINE('',#3790,#875);
#639=LINE('',#3805,#876);
#640=LINE('',#3810,#877);
#641=LINE('',#3813,#878);
#642=LINE('',#3815,#879);
#643=LINE('',#3816,#880);
#644=LINE('',#3819,#881);
#645=LINE('',#3820,#882);
#646=LINE('',#3823,#883);
#647=LINE('',#3825,#884);
#648=LINE('',#3826,#885);
#649=LINE('',#3832,#886);
#650=LINE('',#3849,#887);
#651=LINE('',#3853,#888);
#652=LINE('',#3857,#889);
#653=LINE('',#3859,#890);
#654=LINE('',#3866,#891);
#655=LINE('',#3871,#892);
#656=LINE('',#3874,#893);
#657=LINE('',#3875,#894);
#658=LINE('',#3878,#895);
#659=LINE('',#3880,#896);
#660=LINE('',#3887,#897);
#661=LINE('',#3894,#898);
#662=LINE('',#3896,#899);
#663=LINE('',#3899,#900);
#664=LINE('',#3902,#901);
#665=LINE('',#3903,#902);
#666=LINE('',#3909,#903);
#667=LINE('',#3912,#904);
#668=LINE('',#3915,#905);
#669=LINE('',#3916,#906);
#670=LINE('',#3917,#907);
#671=LINE('',#3919,#908);
#672=LINE('',#3920,#909);
#673=LINE('',#3924,#910);
#674=LINE('',#3926,#911);
#675=LINE('',#3928,#912);
#676=LINE('',#3929,#913);
#677=LINE('',#3932,#914);
#678=LINE('',#3934,#915);
#679=LINE('',#3935,#916);
#680=LINE('',#3937,#917);
#681=LINE('',#3939,#918);
#682=LINE('',#3940,#919);
#683=LINE('',#3942,#920);
#684=LINE('',#3945,#921);
#685=LINE('',#3947,#922);
#686=LINE('',#3949,#923);
#687=LINE('',#3950,#924);
#688=LINE('',#3952,#925);
#689=LINE('',#3953,#926);
#690=LINE('',#3955,#927);
#691=LINE('',#3958,#928);
#692=LINE('',#3960,#929);
#693=LINE('',#3961,#930);
#694=LINE('',#3964,#931);
#695=LINE('',#3965,#932);
#696=LINE('',#3966,#933);
#697=LINE('',#3969,#934);
#698=LINE('',#3970,#935);
#699=LINE('',#3972,#936);
#700=LINE('',#3974,#937);
#701=LINE('',#3981,#938);
#702=LINE('',#3988,#939);
#703=LINE('',#3989,#940);
#704=LINE('',#3990,#941);
#705=LINE('',#3993,#942);
#706=LINE('',#3995,#943);
#707=LINE('',#3996,#944);
#708=LINE('',#3999,#945);
#709=LINE('',#4006,#946);
#710=LINE('',#4012,#947);
#711=LINE('',#4014,#948);
#712=LINE('',#4015,#949);
#713=LINE('',#4018,#950);
#714=LINE('',#4025,#951);
#715=LINE('',#4031,#952);
#716=LINE('',#4033,#953);
#717=LINE('',#4036,#954);
#718=LINE('',#4037,#955);
#719=LINE('',#4039,#956);
#720=LINE('',#4068,#957);
#721=LINE('',#4076,#958);
#722=LINE('',#4101,#959);
#723=LINE('',#4128,#960);
#724=LINE('',#4129,#961);
#725=LINE('',#4162,#962);
#726=LINE('',#4172,#963);
#727=LINE('',#4202,#964);
#728=LINE('',#4255,#965);
#729=LINE('',#4264,#966);
#730=LINE('',#4309,#967);
#731=LINE('',#4310,#968);
#732=LINE('',#4313,#969);
#733=LINE('',#4342,#970);
#734=LINE('',#4350,#971);
#735=LINE('',#4375,#972);
#736=LINE('',#4428,#973);
#737=LINE('',#4429,#974);
#738=LINE('',#4473,#975);
#739=LINE('',#4475,#976);
#740=LINE('',#4477,#977);
#741=LINE('',#4478,#978);
#742=LINE('',#4479,#979);
#743=LINE('',#4521,#980);
#744=LINE('',#4522,#981);
#745=LINE('',#4556,#982);
#746=LINE('',#4560,#983);
#747=LINE('',#4562,#984);
#748=LINE('',#4564,#985);
#749=LINE('',#4565,#986);
#750=LINE('',#4566,#987);
#751=LINE('',#4599,#988);
#752=LINE('',#4601,#989);
#753=LINE('',#4603,#990);
#754=LINE('',#4604,#991);
#755=LINE('',#4626,#992);
#756=LINE('',#4630,#993);
#757=LINE('',#4634,#994);
#758=LINE('',#4694,#995);
#759=LINE('',#4709,#996);
#760=LINE('',#4767,#997);
#761=LINE('',#4783,#998);
#762=LINE('',#4825,#999);
#763=LINE('',#4837,#1000);
#764=LINE('',#4887,#1001);
#765=LINE('',#4901,#1002);
#766=LINE('',#4904,#1003);
#767=LINE('',#4906,#1004);
#768=LINE('',#4907,#1005);
#769=LINE('',#4910,#1006);
#770=LINE('',#4914,#1007);
#771=LINE('',#4915,#1008);
#772=LINE('',#4918,#1009);
#773=LINE('',#4922,#1010);
#774=LINE('',#4923,#1011);
#775=LINE('',#4928,#1012);
#776=LINE('',#4929,#1013);
#777=LINE('',#4931,#1014);
#778=LINE('',#4933,#1015);
#779=LINE('',#4935,#1016);
#780=LINE('',#4937,#1017);
#781=VECTOR('',#2685,8.);
#782=VECTOR('',#2690,4.5);
#783=VECTOR('',#2695,10.);
#784=VECTOR('',#2698,10.);
#785=VECTOR('',#2701,10.);
#786=VECTOR('',#2714,10.);
#787=VECTOR('',#2719,10.);
#788=VECTOR('',#2724,10.);
#789=VECTOR('',#2725,10.);
#790=VECTOR('',#2726,10.);
#791=VECTOR('',#2727,10.);
#792=VECTOR('',#2728,10.);
#793=VECTOR('',#2731,10.);
#794=VECTOR('',#2734,10.);
#795=VECTOR('',#2735,10.);
#796=VECTOR('',#2736,10.);
#797=VECTOR('',#2737,10.);
#798=VECTOR('',#2740,10.);
#799=VECTOR('',#2741,10.);
#800=VECTOR('',#2746,10.);
#801=VECTOR('',#2749,10.);
#802=VECTOR('',#2752,10.);
#803=VECTOR('',#2753,10.);
#804=VECTOR('',#2754,10.);
#805=VECTOR('',#2755,10.);
#806=VECTOR('',#2756,10.);
#807=VECTOR('',#2757,10.);
#808=VECTOR('',#2762,10.);
#809=VECTOR('',#2765,10.);
#810=VECTOR('',#2770,4.15);
#811=VECTOR('',#2779,1.9);
#812=VECTOR('',#2782,10.);
#813=VECTOR('',#2783,10.);
#814=VECTOR('',#2784,10.);
#815=VECTOR('',#2785,10.);
#816=VECTOR('',#2790,10.);
#817=VECTOR('',#2791,10.);
#818=VECTOR('',#2792,10.);
#819=VECTOR('',#2793,10.);
#820=VECTOR('',#2796,10.);
#821=VECTOR('',#2805,10.);
#822=VECTOR('',#2806,10.);
#823=VECTOR('',#2807,10.);
#824=VECTOR('',#2808,10.);
#825=VECTOR('',#2811,10.);
#826=VECTOR('',#2816,10.);
#827=VECTOR('',#2819,10.);
#828=VECTOR('',#2822,10.);
#829=VECTOR('',#2823,10.);
#830=VECTOR('',#2824,10.);
#831=VECTOR('',#2825,10.);
#832=VECTOR('',#2826,10.);
#833=VECTOR('',#2827,10.);
#834=VECTOR('',#2828,10.);
#835=VECTOR('',#2833,10.);
#836=VECTOR('',#2838,10.);
#837=VECTOR('',#2839,10.);
#838=VECTOR('',#2840,10.);
#839=VECTOR('',#2849,10.);
#840=VECTOR('',#2854,10.);
#841=VECTOR('',#2855,10.);
#842=VECTOR('',#2856,10.);
#843=VECTOR('',#2857,10.);
#844=VECTOR('',#2860,10.);
#845=VECTOR('',#2861,10.);
#846=VECTOR('',#2862,10.);
#847=VECTOR('',#2863,10.);
#848=VECTOR('',#2870,10.);
#849=VECTOR('',#2873,10.);
#850=VECTOR('',#2874,10.);
#851=VECTOR('',#2875,10.);
#852=VECTOR('',#2878,10.);
#853=VECTOR('',#2879,10.);
#854=VECTOR('',#2880,10.);
#855=VECTOR('',#2885,10.);
#856=VECTOR('',#2886,10.);
#857=VECTOR('',#2891,10.);
#858=VECTOR('',#2892,10.);
#859=VECTOR('',#2893,10.);
#860=VECTOR('',#2894,10.);
#861=VECTOR('',#2899,10.);
#862=VECTOR('',#2902,10.);
#863=VECTOR('',#2903,10.);
#864=VECTOR('',#2906,10.);
#865=VECTOR('',#2907,10.);
#866=VECTOR('',#2908,10.);
#867=VECTOR('',#2913,10.);
#868=VECTOR('',#2918,10.);
#869=VECTOR('',#2923,10.);
#870=VECTOR('',#2924,10.);
#871=VECTOR('',#2925,10.);
#872=VECTOR('',#2926,10.);
#873=VECTOR('',#2927,10.);
#874=VECTOR('',#2934,10.);
#875=VECTOR('',#2939,10.);
#876=VECTOR('',#2944,10.);
#877=VECTOR('',#2949,10.);
#878=VECTOR('',#2952,10.);
#879=VECTOR('',#2953,10.);
#880=VECTOR('',#2954,10.);
#881=VECTOR('',#2957,10.);
#882=VECTOR('',#2958,10.);
#883=VECTOR('',#2961,10.);
#884=VECTOR('',#2962,10.);
#885=VECTOR('',#2963,10.);
#886=VECTOR('',#2968,10.);
#887=VECTOR('',#2973,10.);
#888=VECTOR('',#2978,10.);
#889=VECTOR('',#2981,10.);
#890=VECTOR('',#2982,10.);
#891=VECTOR('',#2983,10.);
#892=VECTOR('',#2984,10.);
#893=VECTOR('',#2987,10.);
#894=VECTOR('',#2988,10.);
#895=VECTOR('',#2991,10.);
#896=VECTOR('',#2992,10.);
#897=VECTOR('',#2993,10.);
#898=VECTOR('',#2994,10.);
#899=VECTOR('',#2995,10.);
#900=VECTOR('',#3000,10.);
#901=VECTOR('',#3003,10.);
#902=VECTOR('',#3004,10.);
#903=VECTOR('',#3009,10.);
#904=VECTOR('',#3012,10.);
#905=VECTOR('',#3015,10.);
#906=VECTOR('',#3016,10.);
#907=VECTOR('',#3017,10.);
#908=VECTOR('',#3018,10.);
#909=VECTOR('',#3019,10.);
#910=VECTOR('',#3024,10.);
#911=VECTOR('',#3025,10.);
#912=VECTOR('',#3026,10.);
#913=VECTOR('',#3027,10.);
#914=VECTOR('',#3030,10.);
#915=VECTOR('',#3031,10.);
#916=VECTOR('',#3032,10.);
#917=VECTOR('',#3035,10.);
#918=VECTOR('',#3036,10.);
#919=VECTOR('',#3037,10.);
#920=VECTOR('',#3040,10.);
#921=VECTOR('',#3043,10.);
#922=VECTOR('',#3044,10.);
#923=VECTOR('',#3045,10.);
#924=VECTOR('',#3046,10.);
#925=VECTOR('',#3049,10.);
#926=VECTOR('',#3050,10.);
#927=VECTOR('',#3053,10.);
#928=VECTOR('',#3056,10.);
#929=VECTOR('',#3057,10.);
#930=VECTOR('',#3058,10.);
#931=VECTOR('',#3061,10.);
#932=VECTOR('',#3062,10.);
#933=VECTOR('',#3063,10.);
#934=VECTOR('',#3066,10.);
#935=VECTOR('',#3067,10.);
#936=VECTOR('',#3070,10.);
#937=VECTOR('',#3071,10.);
#938=VECTOR('',#3072,10.);
#939=VECTOR('',#3075,10.);
#940=VECTOR('',#3076,10.);
#941=VECTOR('',#3077,10.);
#942=VECTOR('',#3080,10.);
#943=VECTOR('',#3081,10.);
#944=VECTOR('',#3082,10.);
#945=VECTOR('',#3085,10.);
#946=VECTOR('',#3086,10.);
#947=VECTOR('',#3089,10.);
#948=VECTOR('',#3090,10.);
#949=VECTOR('',#3091,10.);
#950=VECTOR('',#3094,10.);
#951=VECTOR('',#3095,10.);
#952=VECTOR('',#3096,10.);
#953=VECTOR('',#3099,10.);
#954=VECTOR('',#3102,10.);
#955=VECTOR('',#3103,10.);
#956=VECTOR('',#3106,10.);
#957=VECTOR('',#3107,10.);
#958=VECTOR('',#3108,10.);
#959=VECTOR('',#3111,10.);
#960=VECTOR('',#3116,10.);
#961=VECTOR('',#3117,10.);
#962=VECTOR('',#3118,10.);
#963=VECTOR('',#3119,10.);
#964=VECTOR('',#3122,10.);
#965=VECTOR('',#3125,10.);
#966=VECTOR('',#3126,10.);
#967=VECTOR('',#3129,10.);
#968=VECTOR('',#3130,10.);
#969=VECTOR('',#3135,10.);
#970=VECTOR('',#3136,10.);
#971=VECTOR('',#3137,10.);
#972=VECTOR('',#3140,10.);
#973=VECTOR('',#3143,10.);
#974=VECTOR('',#3144,10.);
#975=VECTOR('',#3149,10.);
#976=VECTOR('',#3150,10.);
#977=VECTOR('',#3151,10.);
#978=VECTOR('',#3152,10.);
#979=VECTOR('',#3153,10.);
#980=VECTOR('',#3154,10.);
#981=VECTOR('',#3155,10.);
#982=VECTOR('',#3158,10.);
#983=VECTOR('',#3161,10.);
#984=VECTOR('',#3162,10.);
#985=VECTOR('',#3163,10.);
#986=VECTOR('',#3164,10.);
#987=VECTOR('',#3165,10.);
#988=VECTOR('',#3168,10.);
#989=VECTOR('',#3169,10.);
#990=VECTOR('',#3170,10.);
#991=VECTOR('',#3171,10.);
#992=VECTOR('',#3190,2.);
#993=VECTOR('',#3195,2.);
#994=VECTOR('',#3200,2.);
#995=VECTOR('',#3213,10.);
#996=VECTOR('',#3216,1.6);
#997=VECTOR('',#3217,10.);
#998=VECTOR('',#3220,1.6);
#999=VECTOR('',#3221,10.);
#1000=VECTOR('',#3224,1.6);
#1001=VECTOR('',#3225,10.);
#1002=VECTOR('',#3228,1.6);
#1003=VECTOR('',#3231,10.);
#1004=VECTOR('',#3232,10.);
#1005=VECTOR('',#3233,10.);
#1006=VECTOR('',#3236,10.);
#1007=VECTOR('',#3241,10.);
#1008=VECTOR('',#3242,10.);
#1009=VECTOR('',#3245,10.);
#1010=VECTOR('',#3250,10.);
#1011=VECTOR('',#3251,10.);
#1012=VECTOR('',#3260,10.);
#1013=VECTOR('',#3261,10.);
#1014=VECTOR('',#3264,10.);
#1015=VECTOR('',#3267,10.);
#1016=VECTOR('',#3270,10.);
#1017=VECTOR('',#3273,10.);
#1018=CIRCLE('',#2501,8.5);
#1019=CIRCLE('',#2502,7.5);
#1020=CIRCLE('',#2504,7.5);
#1021=CIRCLE('',#2506,0.999999999999999);
#1022=CIRCLE('',#2507,1.);
#1023=CIRCLE('',#2508,1.);
#1024=CIRCLE('',#2509,2.);
#1025=CIRCLE('',#2510,2.);
#1026=CIRCLE('',#2511,2.);
#1027=CIRCLE('',#2529,3.9);
#1028=CIRCLE('',#2530,4.4);
#1029=CIRCLE('',#2533,3.9);
#1030=CIRCLE('',#2641,2.);
#1031=CIRCLE('',#2642,2.);
#1032=CIRCLE('',#2646,2.);
#1033=CIRCLE('',#2647,2.);
#1034=CIRCLE('',#2649,2.);
#1035=CIRCLE('',#2651,2.);
#1036=CIRCLE('',#2653,2.);
#1037=CIRCLE('',#2656,2.);
#1038=CIRCLE('',#2657,2.);
#1039=CIRCLE('',#2665,1.);
#1040=CIRCLE('',#2668,0.999999999999999);
#1041=CIRCLE('',#2671,1.);
#1042=VERTEX_POINT('',#3278);
#1043=VERTEX_POINT('',#3280);
#1044=VERTEX_POINT('',#3284);
#1045=VERTEX_POINT('',#3287);
#1046=VERTEX_POINT('',#3288);
#1047=VERTEX_POINT('',#3325);
#1048=VERTEX_POINT('',#3326);
#1049=VERTEX_POINT('',#3363);
#1050=VERTEX_POINT('',#3398);
#1051=VERTEX_POINT('',#3434);
#1052=VERTEX_POINT('',#3435);
#1053=VERTEX_POINT('',#3437);
#1054=VERTEX_POINT('',#3439);
#1055=VERTEX_POINT('',#3441);
#1056=VERTEX_POINT('',#3443);
#1057=VERTEX_POINT('',#3446);
#1058=VERTEX_POINT('',#3448);
#1059=VERTEX_POINT('',#3450);
#1060=VERTEX_POINT('',#3453);
#1061=VERTEX_POINT('',#3454);
#1062=VERTEX_POINT('',#3456);
#1063=VERTEX_POINT('',#3458);
#1064=VERTEX_POINT('',#3460);
#1065=VERTEX_POINT('',#3462);
#1066=VERTEX_POINT('',#3466);
#1067=VERTEX_POINT('',#3468);
#1068=VERTEX_POINT('',#3470);
#1069=VERTEX_POINT('',#3475);
#1070=VERTEX_POINT('',#3477);
#1071=VERTEX_POINT('',#3482);
#1072=VERTEX_POINT('',#3484);
#1073=VERTEX_POINT('',#3486);
#1074=VERTEX_POINT('',#3490);
#1075=VERTEX_POINT('',#3492);
#1076=VERTEX_POINT('',#3494);
#1077=VERTEX_POINT('',#3498);
#1078=VERTEX_POINT('',#3502);
#1079=VERTEX_POINT('',#3503);
#1080=VERTEX_POINT('',#3505);
#1081=VERTEX_POINT('',#3507);
#1082=VERTEX_POINT('',#3511);
#1083=VERTEX_POINT('',#3513);
#1084=VERTEX_POINT('',#3515);
#1085=VERTEX_POINT('',#3518);
#1086=VERTEX_POINT('',#3522);
#1087=VERTEX_POINT('',#3528);
#1088=VERTEX_POINT('',#3530);
#1089=VERTEX_POINT('',#3535);
#1090=VERTEX_POINT('',#3539);
#1091=VERTEX_POINT('',#3540);
#1092=VERTEX_POINT('',#3542);
#1093=VERTEX_POINT('',#3544);
#1094=VERTEX_POINT('',#3548);
#1095=VERTEX_POINT('',#3550);
#1096=VERTEX_POINT('',#3552);
#1097=VERTEX_POINT('',#3554);
#1098=VERTEX_POINT('',#3558);
#1099=VERTEX_POINT('',#3559);
#1100=VERTEX_POINT('',#3562);
#1101=VERTEX_POINT('',#3567);
#1102=VERTEX_POINT('',#3569);
#1103=VERTEX_POINT('',#3574);
#1104=VERTEX_POINT('',#3576);
#1105=VERTEX_POINT('',#3585);
#1106=VERTEX_POINT('',#3586);
#1107=VERTEX_POINT('',#3588);
#1108=VERTEX_POINT('',#3590);
#1109=VERTEX_POINT('',#3594);
#1110=VERTEX_POINT('',#3596);
#1111=VERTEX_POINT('',#3598);
#1112=VERTEX_POINT('',#3600);
#1113=VERTEX_POINT('',#3602);
#1114=VERTEX_POINT('',#3604);
#1115=VERTEX_POINT('',#3608);
#1116=VERTEX_POINT('',#3610);
#1117=VERTEX_POINT('',#3614);
#1118=VERTEX_POINT('',#3616);
#1119=VERTEX_POINT('',#3620);
#1120=VERTEX_POINT('',#3622);
#1121=VERTEX_POINT('',#3624);
#1122=VERTEX_POINT('',#3635);
#1123=VERTEX_POINT('',#3637);
#1124=VERTEX_POINT('',#3641);
#1125=VERTEX_POINT('',#3643);
#1126=VERTEX_POINT('',#3648);
#1127=VERTEX_POINT('',#3650);
#1128=VERTEX_POINT('',#3655);
#1129=VERTEX_POINT('',#3659);
#1130=VERTEX_POINT('',#3661);
#1131=VERTEX_POINT('',#3663);
#1132=VERTEX_POINT('',#3668);
#1133=VERTEX_POINT('',#3670);
#1134=VERTEX_POINT('',#3677);
#1135=VERTEX_POINT('',#3679);
#1136=VERTEX_POINT('',#3683);
#1137=VERTEX_POINT('',#3685);
#1138=VERTEX_POINT('',#3689);
#1139=VERTEX_POINT('',#3691);
#1140=VERTEX_POINT('',#3695);
#1141=VERTEX_POINT('',#3696);
#1142=VERTEX_POINT('',#3698);
#1143=VERTEX_POINT('',#3700);
#1144=VERTEX_POINT('',#3711);
#1145=VERTEX_POINT('',#3715);
#1146=VERTEX_POINT('',#3717);
#1147=VERTEX_POINT('',#3722);
#1148=VERTEX_POINT('',#3724);
#1149=VERTEX_POINT('',#3730);
#1150=VERTEX_POINT('',#3734);
#1151=VERTEX_POINT('',#3736);
#1152=VERTEX_POINT('',#3738);
#1153=VERTEX_POINT('',#3742);
#1154=VERTEX_POINT('',#3744);
#1155=VERTEX_POINT('',#3746);
#1156=VERTEX_POINT('',#3750);
#1157=VERTEX_POINT('',#3752);
#1158=VERTEX_POINT('',#3754);
#1159=VERTEX_POINT('',#3756);
#1160=VERTEX_POINT('',#3761);
#1161=VERTEX_POINT('',#3763);
#1162=VERTEX_POINT('',#3768);
#1163=VERTEX_POINT('',#3770);
#1164=VERTEX_POINT('',#3775);
#1165=VERTEX_POINT('',#3780);
#1166=VERTEX_POINT('',#3781);
#1167=VERTEX_POINT('',#3783);
#1168=VERTEX_POINT('',#3785);
#1169=VERTEX_POINT('',#3787);
#1170=VERTEX_POINT('',#3789);
#1171=VERTEX_POINT('',#3791);
#1172=VERTEX_POINT('',#3804);
#1173=VERTEX_POINT('',#3806);
#1174=VERTEX_POINT('',#3808);
#1175=VERTEX_POINT('',#3812);
#1176=VERTEX_POINT('',#3814);
#1177=VERTEX_POINT('',#3818);
#1178=VERTEX_POINT('',#3822);
#1179=VERTEX_POINT('',#3824);
#1180=VERTEX_POINT('',#3828);
#1181=VERTEX_POINT('',#3829);
#1182=VERTEX_POINT('',#3831);
#1183=VERTEX_POINT('',#3833);
#1184=VERTEX_POINT('',#3835);
#1185=VERTEX_POINT('',#3846);
#1186=VERTEX_POINT('',#3848);
#1187=VERTEX_POINT('',#3852);
#1188=VERTEX_POINT('',#3854);
#1189=VERTEX_POINT('',#3856);
#1190=VERTEX_POINT('',#3858);
#1191=VERTEX_POINT('',#3860);
#1192=VERTEX_POINT('',#3865);
#1193=VERTEX_POINT('',#3873);
#1194=VERTEX_POINT('',#3877);
#1195=VERTEX_POINT('',#3879);
#1196=VERTEX_POINT('',#3881);
#1197=VERTEX_POINT('',#3886);
#1198=VERTEX_POINT('',#3888);
#1199=VERTEX_POINT('',#3893);
#1200=VERTEX_POINT('',#3895);
#1201=VERTEX_POINT('',#3901);
#1202=VERTEX_POINT('',#3905);
#1203=VERTEX_POINT('',#3906);
#1204=VERTEX_POINT('',#3908);
#1205=VERTEX_POINT('',#3910);
#1206=VERTEX_POINT('',#3914);
#1207=VERTEX_POINT('',#3918);
#1208=VERTEX_POINT('',#3923);
#1209=VERTEX_POINT('',#3925);
#1210=VERTEX_POINT('',#3927);
#1211=VERTEX_POINT('',#3931);
#1212=VERTEX_POINT('',#3933);
#1213=VERTEX_POINT('',#3938);
#1214=VERTEX_POINT('',#3944);
#1215=VERTEX_POINT('',#3946);
#1216=VERTEX_POINT('',#3948);
#1217=VERTEX_POINT('',#3957);
#1218=VERTEX_POINT('',#3959);
#1219=VERTEX_POINT('',#3963);
#1220=VERTEX_POINT('',#3968);
#1221=VERTEX_POINT('',#3973);
#1222=VERTEX_POINT('',#3975);
#1223=VERTEX_POINT('',#3980);
#1224=VERTEX_POINT('',#3987);
#1225=VERTEX_POINT('',#3992);
#1226=VERTEX_POINT('',#3994);
#1227=VERTEX_POINT('',#3998);
#1228=VERTEX_POINT('',#4000);
#1229=VERTEX_POINT('',#4005);
#1230=VERTEX_POINT('',#4013);
#1231=VERTEX_POINT('',#4017);
#1232=VERTEX_POINT('',#4019);
#1233=VERTEX_POINT('',#4024);
#1234=VERTEX_POINT('',#4026);
#1235=VERTEX_POINT('',#4035);
#1236=VERTEX_POINT('',#4127);
#1237=VERTEX_POINT('',#4171);
#1238=VERTEX_POINT('',#4256);
#1239=VERTEX_POINT('',#4471);
#1240=VERTEX_POINT('',#4472);
#1241=VERTEX_POINT('',#4474);
#1242=VERTEX_POINT('',#4476);
#1243=VERTEX_POINT('',#4480);
#1244=VERTEX_POINT('',#4558);
#1245=VERTEX_POINT('',#4559);
#1246=VERTEX_POINT('',#4561);
#1247=VERTEX_POINT('',#4563);
#1248=VERTEX_POINT('',#4567);
#1249=VERTEX_POINT('',#4582);
#1250=VERTEX_POINT('',#4597);
#1251=VERTEX_POINT('',#4598);
#1252=VERTEX_POINT('',#4600);
#1253=VERTEX_POINT('',#4602);
#1254=VERTEX_POINT('',#4605);
#1255=VERTEX_POINT('',#4625);
#1256=VERTEX_POINT('',#4629);
#1257=VERTEX_POINT('',#4633);
#1258=VERTEX_POINT('',#4693);
#1259=VERTEX_POINT('',#4766);
#1260=VERTEX_POINT('',#4824);
#1261=VERTEX_POINT('',#4886);
#1262=VERTEX_POINT('',#4903);
#1263=VERTEX_POINT('',#4905);
#1264=VERTEX_POINT('',#4909);
#1265=VERTEX_POINT('',#4913);
#1266=VERTEX_POINT('',#4917);
#1267=VERTEX_POINT('',#4921);
#1268=EDGE_CURVE('',#1042,#1042,#1018,.T.);
#1269=EDGE_CURVE('',#1042,#1043,#544,.T.);
#1270=EDGE_CURVE('',#1043,#1043,#1019,.T.);
#1271=EDGE_CURVE('',#1043,#1044,#545,.T.);
#1272=EDGE_CURVE('',#1044,#1044,#1020,.T.);
#1273=EDGE_CURVE('',#1045,#1046,#170,.T.);
#1274=EDGE_CURVE('',#1046,#1045,#171,.T.);
#1275=EDGE_CURVE('',#1047,#1048,#172,.T.);
#1276=EDGE_CURVE('',#1048,#1047,#173,.T.);
#1277=EDGE_CURVE('',#1049,#1049,#174,.T.);
#1278=EDGE_CURVE('',#1050,#1050,#175,.T.);
#1279=EDGE_CURVE('',#1051,#1052,#546,.T.);
#1280=EDGE_CURVE('',#1053,#1051,#1021,.T.);
#1281=EDGE_CURVE('',#1054,#1053,#547,.T.);
#1282=EDGE_CURVE('',#1055,#1054,#1022,.T.);
#1283=EDGE_CURVE('',#1056,#1055,#548,.T.);
#1284=EDGE_CURVE('',#1052,#1056,#1023,.T.);
#1285=EDGE_CURVE('',#1057,#1057,#1024,.T.);
#1286=EDGE_CURVE('',#1058,#1058,#1025,.T.);
#1287=EDGE_CURVE('',#1059,#1059,#1026,.T.);
#1288=EDGE_CURVE('',#1060,#1061,#37,.T.);
#1289=EDGE_CURVE('',#1060,#1062,#549,.T.);
#1290=EDGE_CURVE('',#1063,#1062,#38,.T.);
#1291=EDGE_CURVE('',#1064,#1063,#39,.T.);
#1292=EDGE_CURVE('',#1064,#1065,#550,.T.);
#1293=EDGE_CURVE('',#1061,#1065,#40,.T.);
#1294=EDGE_CURVE('',#1066,#1061,#551,.T.);
#1295=EDGE_CURVE('',#1067,#1066,#552,.T.);
#1296=EDGE_CURVE('',#1068,#1067,#176,.T.);
#1297=EDGE_CURVE('',#1069,#1068,#553,.T.);
#1298=EDGE_CURVE('',#1070,#1069,#177,.T.);
#1299=EDGE_CURVE('',#1071,#1070,#554,.T.);
#1300=EDGE_CURVE('',#1071,#1072,#555,.T.);
#1301=EDGE_CURVE('',#1073,#1072,#41,.F.);
#1302=EDGE_CURVE('',#1073,#1060,#556,.T.);
#1303=EDGE_CURVE('',#1065,#1074,#557,.T.);
#1304=EDGE_CURVE('',#1074,#1075,#558,.T.);
#1305=EDGE_CURVE('',#1075,#1076,#559,.T.);
#1306=EDGE_CURVE('',#1076,#1066,#560,.T.);
#1307=EDGE_CURVE('',#1077,#1064,#561,.T.);
#1308=EDGE_CURVE('',#1077,#1074,#562,.T.);
#1309=EDGE_CURVE('',#1078,#1079,#42,.F.);
#1310=EDGE_CURVE('',#1079,#1080,#563,.T.);
#1311=EDGE_CURVE('',#1080,#1081,#43,.F.);
#1312=EDGE_CURVE('',#1081,#1078,#564,.T.);
#1313=EDGE_CURVE('',#1082,#1079,#565,.T.);
#1314=EDGE_CURVE('',#1083,#1082,#566,.F.);
#1315=EDGE_CURVE('',#1084,#1083,#567,.T.);
#1316=EDGE_CURVE('',#1072,#1084,#568,.T.);
#1317=EDGE_CURVE('',#1085,#1071,#569,.F.);
#1318=EDGE_CURVE('',#1080,#1085,#570,.T.);
#1319=EDGE_CURVE('',#1084,#1086,#44,.F.);
#1320=EDGE_CURVE('',#1086,#1073,#571,.T.);
#1321=EDGE_CURVE('',#1062,#1086,#572,.T.);
#1322=EDGE_CURVE('',#1087,#1087,#1027,.T.);
#1323=EDGE_CURVE('',#1087,#1088,#573,.T.);
#1324=EDGE_CURVE('',#1088,#1088,#1028,.T.);
#1325=EDGE_CURVE('',#1089,#1089,#1029,.F.);
#1326=EDGE_CURVE('',#1089,#1087,#574,.T.);
#1327=EDGE_CURVE('',#1090,#1091,#575,.T.);
#1328=EDGE_CURVE('',#1092,#1090,#576,.F.);
#1329=EDGE_CURVE('',#1093,#1092,#577,.T.);
#1330=EDGE_CURVE('',#1093,#1091,#578,.T.);
#1331=EDGE_CURVE('',#1093,#1094,#45,.T.);
#1332=EDGE_CURVE('',#1094,#1095,#579,.T.);
#1333=EDGE_CURVE('',#1095,#1096,#580,.T.);
#1334=EDGE_CURVE('',#1097,#1096,#581,.T.);
#1335=EDGE_CURVE('',#1097,#1091,#582,.T.);
#1336=EDGE_CURVE('',#1098,#1099,#583,.T.);
#1337=EDGE_CURVE('',#1094,#1099,#46,.T.);
#1338=EDGE_CURVE('',#1100,#1092,#47,.T.);
#1339=EDGE_CURVE('',#1098,#1100,#48,.T.);
#1340=EDGE_CURVE('',#1099,#1081,#584,.T.);
#1341=EDGE_CURVE('',#1101,#1085,#585,.T.);
#1342=EDGE_CURVE('',#1102,#1101,#178,.T.);
#1343=EDGE_CURVE('',#1103,#1102,#586,.T.);
#1344=EDGE_CURVE('',#1104,#1103,#179,.T.);
#1345=EDGE_CURVE('',#1095,#1104,#587,.T.);
#1346=EDGE_CURVE('',#1078,#1098,#588,.T.);
#1347=EDGE_CURVE('',#1105,#1106,#49,.F.);
#1348=EDGE_CURVE('',#1106,#1107,#589,.T.);
#1349=EDGE_CURVE('',#1107,#1108,#50,.F.);
#1350=EDGE_CURVE('',#1108,#1105,#590,.T.);
#1351=EDGE_CURVE('',#1109,#1106,#591,.T.);
#1352=EDGE_CURVE('',#1110,#1109,#592,.F.);
#1353=EDGE_CURVE('',#1111,#1110,#593,.T.);
#1354=EDGE_CURVE('',#1112,#1111,#594,.T.);
#1355=EDGE_CURVE('',#1113,#1112,#595,.T.);
#1356=EDGE_CURVE('',#1114,#1113,#596,.F.);
#1357=EDGE_CURVE('',#1107,#1114,#597,.T.);
#1358=EDGE_CURVE('',#1111,#1115,#51,.F.);
#1359=EDGE_CURVE('',#1115,#1116,#598,.T.);
#1360=EDGE_CURVE('',#1116,#1112,#52,.F.);
#1361=EDGE_CURVE('',#1117,#1115,#599,.T.);
#1362=EDGE_CURVE('',#1118,#1117,#600,.T.);
#1363=EDGE_CURVE('',#1116,#1118,#601,.T.);
#1364=EDGE_CURVE('',#1118,#1119,#53,.T.);
#1365=EDGE_CURVE('',#1120,#1117,#54,.T.);
#1366=EDGE_CURVE('',#1121,#1120,#180,.T.);
#1367=EDGE_CURVE('',#1122,#1121,#55,.T.);
#1368=EDGE_CURVE('',#1122,#1123,#602,.T.);
#1369=EDGE_CURVE('',#1119,#1123,#56,.T.);
#1370=EDGE_CURVE('',#1124,#1110,#603,.T.);
#1371=EDGE_CURVE('',#1125,#1124,#181,.T.);
#1372=EDGE_CURVE('',#1126,#1125,#604,.T.);
#1373=EDGE_CURVE('',#1127,#1126,#182,.T.);
#1374=EDGE_CURVE('',#1128,#1127,#605,.T.);
#1375=EDGE_CURVE('',#1120,#1128,#606,.T.);
#1376=EDGE_CURVE('',#1129,#1119,#607,.T.);
#1377=EDGE_CURVE('',#1130,#1129,#608,.T.);
#1378=EDGE_CURVE('',#1131,#1130,#183,.T.);
#1379=EDGE_CURVE('',#1132,#1131,#609,.T.);
#1380=EDGE_CURVE('',#1133,#1132,#184,.T.);
#1381=EDGE_CURVE('',#1113,#1133,#610,.T.);
#1382=EDGE_CURVE('',#1128,#1134,#57,.T.);
#1383=EDGE_CURVE('',#1134,#1135,#58,.T.);
#1384=EDGE_CURVE('',#1135,#1121,#611,.T.);
#1385=EDGE_CURVE('',#1136,#1135,#612,.T.);
#1386=EDGE_CURVE('',#1136,#1137,#613,.T.);
#1387=EDGE_CURVE('',#1137,#1122,#614,.F.);
#1388=EDGE_CURVE('',#1134,#1138,#615,.T.);
#1389=EDGE_CURVE('',#1139,#1138,#616,.T.);
#1390=EDGE_CURVE('',#1139,#1136,#617,.T.);
#1391=EDGE_CURVE('',#1140,#1141,#59,.T.);
#1392=EDGE_CURVE('',#1141,#1142,#618,.T.);
#1393=EDGE_CURVE('',#1142,#1143,#185,.F.);
#1394=EDGE_CURVE('',#1143,#1144,#619,.T.);
#1395=EDGE_CURVE('',#1144,#1140,#60,.T.);
#1396=EDGE_CURVE('',#1145,#1141,#620,.T.);
#1397=EDGE_CURVE('',#1146,#1145,#186,.T.);
#1398=EDGE_CURVE('',#1147,#1146,#621,.T.);
#1399=EDGE_CURVE('',#1148,#1147,#187,.T.);
#1400=EDGE_CURVE('',#1109,#1148,#622,.T.);
#1401=EDGE_CURVE('',#1105,#1149,#623,.T.);
#1402=EDGE_CURVE('',#1149,#1142,#61,.T.);
#1403=EDGE_CURVE('',#1150,#1140,#624,.T.);
#1404=EDGE_CURVE('',#1151,#1150,#62,.T.);
#1405=EDGE_CURVE('',#1151,#1152,#625,.T.);
#1406=EDGE_CURVE('',#1152,#1145,#626,.T.);
#1407=EDGE_CURVE('',#1153,#1144,#627,.T.);
#1408=EDGE_CURVE('',#1153,#1154,#628,.T.);
#1409=EDGE_CURVE('',#1154,#1155,#629,.T.);
#1410=EDGE_CURVE('',#1150,#1155,#63,.T.);
#1411=EDGE_CURVE('',#1149,#1156,#630,.T.);
#1412=EDGE_CURVE('',#1157,#1156,#64,.T.);
#1413=EDGE_CURVE('',#1158,#1157,#65,.T.);
#1414=EDGE_CURVE('',#1158,#1159,#631,.T.);
#1415=EDGE_CURVE('',#1143,#1159,#66,.T.);
#1416=EDGE_CURVE('',#1156,#1108,#632,.T.);
#1417=EDGE_CURVE('',#1160,#1114,#633,.T.);
#1418=EDGE_CURVE('',#1161,#1160,#188,.T.);
#1419=EDGE_CURVE('',#1162,#1161,#634,.T.);
#1420=EDGE_CURVE('',#1163,#1162,#189,.T.);
#1421=EDGE_CURVE('',#1164,#1163,#635,.T.);
#1422=EDGE_CURVE('',#1157,#1164,#636,.T.);
#1423=EDGE_CURVE('',#1165,#1166,#67,.T.);
#1424=EDGE_CURVE('',#1165,#1167,#637,.T.);
#1425=EDGE_CURVE('',#1168,#1167,#68,.T.);
#1426=EDGE_CURVE('',#1169,#1168,#69,.T.);
#1427=EDGE_CURVE('',#1169,#1170,#638,.T.);
#1428=EDGE_CURVE('',#1171,#1170,#70,.T.);
#1429=EDGE_CURVE('',#1166,#1171,#190,.T.);
#1430=EDGE_CURVE('',#1171,#1172,#639,.T.);
#1431=EDGE_CURVE('',#1172,#1173,#71,.T.);
#1432=EDGE_CURVE('',#1173,#1174,#72,.T.);
#1433=EDGE_CURVE('',#1174,#1166,#640,.T.);
#1434=EDGE_CURVE('',#1170,#1175,#641,.F.);
#1435=EDGE_CURVE('',#1175,#1176,#642,.T.);
#1436=EDGE_CURVE('',#1176,#1172,#643,.T.);
#1437=EDGE_CURVE('',#1177,#1169,#644,.F.);
#1438=EDGE_CURVE('',#1175,#1177,#645,.T.);
#1439=EDGE_CURVE('',#1176,#1178,#646,.T.);
#1440=EDGE_CURVE('',#1178,#1179,#647,.T.);
#1441=EDGE_CURVE('',#1179,#1173,#648,.T.);
#1442=EDGE_CURVE('',#1180,#1181,#73,.T.);
#1443=EDGE_CURVE('',#1180,#1182,#649,.T.);
#1444=EDGE_CURVE('',#1183,#1182,#74,.T.);
#1445=EDGE_CURVE('',#1184,#1183,#191,.T.);
#1446=EDGE_CURVE('',#1185,#1184,#75,.T.);
#1447=EDGE_CURVE('',#1185,#1186,#650,.T.);
#1448=EDGE_CURVE('',#1181,#1186,#76,.T.);
#1449=EDGE_CURVE('',#1182,#1187,#651,.T.);
#1450=EDGE_CURVE('',#1188,#1187,#77,.F.);
#1451=EDGE_CURVE('',#1188,#1189,#652,.T.);
#1452=EDGE_CURVE('',#1190,#1189,#653,.T.);
#1453=EDGE_CURVE('',#1191,#1190,#192,.T.);
#1454=EDGE_CURVE('',#1192,#1191,#654,.T.);
#1455=EDGE_CURVE('',#1152,#1192,#193,.T.);
#1456=EDGE_CURVE('',#1183,#1151,#655,.T.);
#1457=EDGE_CURVE('',#1193,#1180,#656,.T.);
#1458=EDGE_CURVE('',#1187,#1193,#657,.T.);
#1459=EDGE_CURVE('',#1194,#1181,#658,.T.);
#1460=EDGE_CURVE('',#1195,#1194,#659,.T.);
#1461=EDGE_CURVE('',#1196,#1195,#194,.T.);
#1462=EDGE_CURVE('',#1197,#1196,#660,.T.);
#1463=EDGE_CURVE('',#1198,#1197,#195,.T.);
#1464=EDGE_CURVE('',#1199,#1198,#661,.T.);
#1465=EDGE_CURVE('',#1199,#1200,#662,.T.);
#1466=EDGE_CURVE('',#1193,#1200,#78,.F.);
#1467=EDGE_CURVE('',#1155,#1184,#663,.T.);
#1468=EDGE_CURVE('',#1154,#1201,#664,.T.);
#1469=EDGE_CURVE('',#1201,#1185,#665,.F.);
#1470=EDGE_CURVE('',#1202,#1203,#79,.F.);
#1471=EDGE_CURVE('',#1203,#1204,#666,.T.);
#1472=EDGE_CURVE('',#1204,#1205,#80,.F.);
#1473=EDGE_CURVE('',#1205,#1202,#667,.T.);
#1474=EDGE_CURVE('',#1206,#1203,#668,.T.);
#1475=EDGE_CURVE('',#1189,#1206,#669,.F.);
#1476=EDGE_CURVE('',#1200,#1188,#670,.T.);
#1477=EDGE_CURVE('',#1207,#1199,#671,.F.);
#1478=EDGE_CURVE('',#1204,#1207,#672,.T.);
#1479=EDGE_CURVE('',#1186,#1208,#673,.F.);
#1480=EDGE_CURVE('',#1208,#1209,#674,.T.);
#1481=EDGE_CURVE('',#1209,#1210,#675,.T.);
#1482=EDGE_CURVE('',#1210,#1194,#676,.T.);
#1483=EDGE_CURVE('',#1209,#1211,#677,.T.);
#1484=EDGE_CURVE('',#1211,#1212,#678,.T.);
#1485=EDGE_CURVE('',#1212,#1210,#679,.T.);
#1486=EDGE_CURVE('',#1164,#1212,#680,.T.);
#1487=EDGE_CURVE('',#1211,#1213,#681,.T.);
#1488=EDGE_CURVE('',#1213,#1158,#682,.F.);
#1489=EDGE_CURVE('',#1163,#1195,#683,.T.);
#1490=EDGE_CURVE('',#1123,#1214,#684,.F.);
#1491=EDGE_CURVE('',#1214,#1215,#685,.T.);
#1492=EDGE_CURVE('',#1215,#1216,#686,.T.);
#1493=EDGE_CURVE('',#1216,#1129,#687,.T.);
#1494=EDGE_CURVE('',#1215,#1097,#688,.T.);
#1495=EDGE_CURVE('',#1096,#1216,#689,.T.);
#1496=EDGE_CURVE('',#1104,#1130,#690,.T.);
#1497=EDGE_CURVE('',#1075,#1217,#691,.T.);
#1498=EDGE_CURVE('',#1217,#1218,#692,.T.);
#1499=EDGE_CURVE('',#1218,#1076,#693,.T.);
#1500=EDGE_CURVE('',#1168,#1219,#694,.T.);
#1501=EDGE_CURVE('',#1219,#1218,#695,.T.);
#1502=EDGE_CURVE('',#1217,#1177,#696,.T.);
#1503=EDGE_CURVE('',#1219,#1220,#697,.T.);
#1504=EDGE_CURVE('',#1220,#1067,#698,.T.);
#1505=EDGE_CURVE('',#1167,#1205,#699,.T.);
#1506=EDGE_CURVE('',#1221,#1207,#700,.T.);
#1507=EDGE_CURVE('',#1222,#1221,#196,.T.);
#1508=EDGE_CURVE('',#1223,#1222,#701,.T.);
#1509=EDGE_CURVE('',#1220,#1223,#197,.T.);
#1510=EDGE_CURVE('',#1063,#1224,#702,.T.);
#1511=EDGE_CURVE('',#1224,#1179,#703,.T.);
#1512=EDGE_CURVE('',#1178,#1077,#704,.T.);
#1513=EDGE_CURVE('',#1224,#1225,#705,.T.);
#1514=EDGE_CURVE('',#1225,#1226,#706,.T.);
#1515=EDGE_CURVE('',#1226,#1174,#707,.T.);
#1516=EDGE_CURVE('',#1227,#1083,#708,.T.);
#1517=EDGE_CURVE('',#1228,#1227,#198,.T.);
#1518=EDGE_CURVE('',#1229,#1228,#709,.T.);
#1519=EDGE_CURVE('',#1225,#1229,#199,.T.);
#1520=EDGE_CURVE('',#1090,#1139,#710,.T.);
#1521=EDGE_CURVE('',#1138,#1230,#711,.T.);
#1522=EDGE_CURVE('',#1230,#1100,#712,.T.);
#1523=EDGE_CURVE('',#1231,#1230,#713,.T.);
#1524=EDGE_CURVE('',#1232,#1231,#200,.T.);
#1525=EDGE_CURVE('',#1233,#1232,#714,.T.);
#1526=EDGE_CURVE('',#1234,#1233,#201,.T.);
#1527=EDGE_CURVE('',#1082,#1234,#715,.T.);
#1528=EDGE_CURVE('',#1127,#1231,#716,.T.);
#1529=EDGE_CURVE('',#1159,#1235,#717,.F.);
#1530=EDGE_CURVE('',#1235,#1153,#718,.T.);
#1531=EDGE_CURVE('',#1133,#1160,#719,.T.);
#1532=EDGE_CURVE('',#1161,#1132,#720,.T.);
#1533=EDGE_CURVE('',#1132,#1125,#202,.T.);
#1534=EDGE_CURVE('',#1125,#1147,#721,.T.);
#1535=EDGE_CURVE('',#1147,#1161,#203,.T.);
#1536=EDGE_CURVE('',#1148,#1124,#722,.T.);
#1537=EDGE_CURVE('',#1162,#1146,#204,.T.);
#1538=EDGE_CURVE('',#1206,#1236,#723,.T.);
#1539=EDGE_CURVE('',#1236,#1190,#724,.T.);
#1540=EDGE_CURVE('',#1222,#1197,#725,.T.);
#1541=EDGE_CURVE('',#1197,#1191,#205,.T.);
#1542=EDGE_CURVE('',#1191,#1237,#726,.T.);
#1543=EDGE_CURVE('',#1237,#1222,#206,.T.);
#1544=EDGE_CURVE('',#1236,#1237,#207,.T.);
#1545=EDGE_CURVE('',#1198,#1221,#727,.T.);
#1546=EDGE_CURVE('',#1192,#1196,#208,.T.);
#1547=EDGE_CURVE('',#1068,#1223,#728,.T.);
#1548=EDGE_CURVE('',#1223,#1238,#209,.T.);
#1549=EDGE_CURVE('',#1238,#1229,#729,.T.);
#1550=EDGE_CURVE('',#1229,#1068,#210,.T.);
#1551=EDGE_CURVE('',#1238,#1226,#211,.T.);
#1552=EDGE_CURVE('',#1237,#1238,#730,.T.);
#1553=EDGE_CURVE('',#1202,#1165,#731,.T.);
#1554=EDGE_CURVE('',#1070,#1101,#732,.T.);
#1555=EDGE_CURVE('',#1102,#1069,#733,.T.);
#1556=EDGE_CURVE('',#1069,#1228,#212,.T.);
#1557=EDGE_CURVE('',#1228,#1233,#734,.T.);
#1558=EDGE_CURVE('',#1233,#1102,#213,.T.);
#1559=EDGE_CURVE('',#1234,#1227,#735,.T.);
#1560=EDGE_CURVE('',#1103,#1232,#214,.T.);
#1561=EDGE_CURVE('',#1131,#1103,#736,.T.);
#1562=EDGE_CURVE('',#1232,#1126,#737,.T.);
#1563=EDGE_CURVE('',#1126,#1131,#215,.T.);
#1564=EDGE_CURVE('',#1239,#1240,#738,.T.);
#1565=EDGE_CURVE('',#1241,#1239,#739,.T.);
#1566=EDGE_CURVE('',#1242,#1241,#740,.T.);
#1567=EDGE_CURVE('',#1240,#1242,#741,.T.);
#1568=EDGE_CURVE('',#1137,#1214,#742,.T.);
#1569=EDGE_CURVE('',#1243,#1243,#216,.T.);
#1570=EDGE_CURVE('',#1196,#1162,#743,.T.);
#1571=EDGE_CURVE('',#1146,#1192,#744,.T.);
#1572=EDGE_CURVE('',#1201,#1208,#745,.T.);
#1573=EDGE_CURVE('',#1244,#1245,#746,.T.);
#1574=EDGE_CURVE('',#1246,#1244,#747,.T.);
#1575=EDGE_CURVE('',#1247,#1246,#748,.T.);
#1576=EDGE_CURVE('',#1245,#1247,#749,.T.);
#1577=EDGE_CURVE('',#1235,#1213,#750,.T.);
#1578=EDGE_CURVE('',#1248,#1248,#217,.T.);
#1579=EDGE_CURVE('',#1249,#1249,#218,.T.);
#1580=EDGE_CURVE('',#1250,#1251,#751,.T.);
#1581=EDGE_CURVE('',#1252,#1250,#752,.T.);
#1582=EDGE_CURVE('',#1253,#1252,#753,.T.);
#1583=EDGE_CURVE('',#1251,#1253,#754,.T.);
#1584=EDGE_CURVE('',#1254,#1254,#219,.T.);
#1585=EDGE_CURVE('',#1250,#1245,#1030,.T.);
#1586=EDGE_CURVE('',#1244,#1251,#1031,.T.);
#1587=EDGE_CURVE('',#1241,#1252,#1032,.T.);
#1588=EDGE_CURVE('',#1253,#1239,#1033,.T.);
#1589=EDGE_CURVE('',#1057,#1255,#755,.T.);
#1590=EDGE_CURVE('',#1255,#1255,#1034,.T.);
#1591=EDGE_CURVE('',#1059,#1256,#756,.T.);
#1592=EDGE_CURVE('',#1256,#1256,#1035,.T.);
#1593=EDGE_CURVE('',#1058,#1257,#757,.T.);
#1594=EDGE_CURVE('',#1257,#1257,#1036,.T.);
#1595=EDGE_CURVE('',#1240,#1246,#1037,.T.);
#1596=EDGE_CURVE('',#1247,#1242,#1038,.T.);
#1597=EDGE_CURVE('',#1249,#1258,#758,.T.);
#1598=EDGE_CURVE('',#1258,#1258,#220,.T.);
#1599=EDGE_CURVE('',#1049,#1258,#759,.T.);
#1600=EDGE_CURVE('',#1248,#1259,#760,.T.);
#1601=EDGE_CURVE('',#1259,#1259,#221,.T.);
#1602=EDGE_CURVE('',#1259,#1048,#761,.T.);
#1603=EDGE_CURVE('',#1254,#1260,#762,.T.);
#1604=EDGE_CURVE('',#1260,#1260,#222,.T.);
#1605=EDGE_CURVE('',#1046,#1260,#763,.T.);
#1606=EDGE_CURVE('',#1243,#1261,#764,.T.);
#1607=EDGE_CURVE('',#1261,#1261,#223,.T.);
#1608=EDGE_CURVE('',#1261,#1050,#765,.T.);
#1609=EDGE_CURVE('',#1262,#1246,#766,.T.);
#1610=EDGE_CURVE('',#1244,#1263,#767,.T.);
#1611=EDGE_CURVE('',#1263,#1262,#768,.T.);
#1612=EDGE_CURVE('',#1264,#1240,#769,.T.);
#1613=EDGE_CURVE('',#1262,#1264,#1039,.T.);
#1614=EDGE_CURVE('',#1265,#1239,#770,.T.);
#1615=EDGE_CURVE('',#1264,#1265,#771,.T.);
#1616=EDGE_CURVE('',#1266,#1253,#772,.T.);
#1617=EDGE_CURVE('',#1265,#1266,#1040,.T.);
#1618=EDGE_CURVE('',#1267,#1251,#773,.T.);
#1619=EDGE_CURVE('',#1266,#1267,#774,.T.);
#1620=EDGE_CURVE('',#1267,#1263,#1041,.T.);
#1621=EDGE_CURVE('',#1241,#1051,#775,.T.);
#1622=EDGE_CURVE('',#1052,#1242,#776,.T.);
#1623=EDGE_CURVE('',#1252,#1053,#777,.T.);
#1624=EDGE_CURVE('',#1250,#1054,#778,.T.);
#1625=EDGE_CURVE('',#1245,#1055,#779,.T.);
#1626=EDGE_CURVE('',#1247,#1056,#780,.T.);
#1627=ORIENTED_EDGE('',*,*,#1268,.T.);
#1628=ORIENTED_EDGE('',*,*,#1269,.T.);
#1629=ORIENTED_EDGE('',*,*,#1270,.T.);
#1630=ORIENTED_EDGE('',*,*,#1269,.F.);
#1631=ORIENTED_EDGE('',*,*,#1270,.F.);
#1632=ORIENTED_EDGE('',*,*,#1271,.T.);
#1633=ORIENTED_EDGE('',*,*,#1272,.T.);
#1634=ORIENTED_EDGE('',*,*,#1271,.F.);
#1635=ORIENTED_EDGE('',*,*,#1273,.T.);
#1636=ORIENTED_EDGE('',*,*,#1274,.T.);
#1637=ORIENTED_EDGE('',*,*,#1275,.T.);
#1638=ORIENTED_EDGE('',*,*,#1276,.T.);
#1639=ORIENTED_EDGE('',*,*,#1277,.T.);
#1640=ORIENTED_EDGE('',*,*,#1278,.T.);
#1641=ORIENTED_EDGE('',*,*,#1279,.F.);
#1642=ORIENTED_EDGE('',*,*,#1280,.F.);
#1643=ORIENTED_EDGE('',*,*,#1281,.F.);
#1644=ORIENTED_EDGE('',*,*,#1282,.F.);
#1645=ORIENTED_EDGE('',*,*,#1283,.F.);
#1646=ORIENTED_EDGE('',*,*,#1284,.F.);
#1647=ORIENTED_EDGE('',*,*,#1285,.T.);
#1648=ORIENTED_EDGE('',*,*,#1286,.T.);
#1649=ORIENTED_EDGE('',*,*,#1287,.T.);
#1650=ORIENTED_EDGE('',*,*,#1268,.F.);
#1651=ORIENTED_EDGE('',*,*,#1288,.F.);
#1652=ORIENTED_EDGE('',*,*,#1289,.T.);
#1653=ORIENTED_EDGE('',*,*,#1290,.F.);
#1654=ORIENTED_EDGE('',*,*,#1291,.F.);
#1655=ORIENTED_EDGE('',*,*,#1292,.T.);
#1656=ORIENTED_EDGE('',*,*,#1293,.F.);
#1657=ORIENTED_EDGE('',*,*,#1288,.T.);
#1658=ORIENTED_EDGE('',*,*,#1294,.F.);
#1659=ORIENTED_EDGE('',*,*,#1295,.F.);
#1660=ORIENTED_EDGE('',*,*,#1296,.F.);
#1661=ORIENTED_EDGE('',*,*,#1297,.F.);
#1662=ORIENTED_EDGE('',*,*,#1298,.F.);
#1663=ORIENTED_EDGE('',*,*,#1299,.F.);
#1664=ORIENTED_EDGE('',*,*,#1300,.T.);
#1665=ORIENTED_EDGE('',*,*,#1301,.F.);
#1666=ORIENTED_EDGE('',*,*,#1302,.T.);
#1667=ORIENTED_EDGE('',*,*,#1293,.T.);
#1668=ORIENTED_EDGE('',*,*,#1303,.T.);
#1669=ORIENTED_EDGE('',*,*,#1304,.T.);
#1670=ORIENTED_EDGE('',*,*,#1305,.T.);
#1671=ORIENTED_EDGE('',*,*,#1306,.T.);
#1672=ORIENTED_EDGE('',*,*,#1294,.T.);
#1673=ORIENTED_EDGE('',*,*,#1292,.F.);
#1674=ORIENTED_EDGE('',*,*,#1307,.F.);
#1675=ORIENTED_EDGE('',*,*,#1308,.T.);
#1676=ORIENTED_EDGE('',*,*,#1303,.F.);
#1677=ORIENTED_EDGE('',*,*,#1309,.T.);
#1678=ORIENTED_EDGE('',*,*,#1310,.T.);
#1679=ORIENTED_EDGE('',*,*,#1311,.T.);
#1680=ORIENTED_EDGE('',*,*,#1312,.T.);
#1681=ORIENTED_EDGE('',*,*,#1310,.F.);
#1682=ORIENTED_EDGE('',*,*,#1313,.F.);
#1683=ORIENTED_EDGE('',*,*,#1314,.F.);
#1684=ORIENTED_EDGE('',*,*,#1315,.F.);
#1685=ORIENTED_EDGE('',*,*,#1316,.F.);
#1686=ORIENTED_EDGE('',*,*,#1300,.F.);
#1687=ORIENTED_EDGE('',*,*,#1317,.F.);
#1688=ORIENTED_EDGE('',*,*,#1318,.F.);
#1689=ORIENTED_EDGE('',*,*,#1319,.T.);
#1690=ORIENTED_EDGE('',*,*,#1320,.T.);
#1691=ORIENTED_EDGE('',*,*,#1301,.T.);
#1692=ORIENTED_EDGE('',*,*,#1316,.T.);
#1693=ORIENTED_EDGE('',*,*,#1289,.F.);
#1694=ORIENTED_EDGE('',*,*,#1302,.F.);
#1695=ORIENTED_EDGE('',*,*,#1320,.F.);
#1696=ORIENTED_EDGE('',*,*,#1321,.F.);
#1697=ORIENTED_EDGE('',*,*,#1322,.T.);
#1698=ORIENTED_EDGE('',*,*,#1323,.T.);
#1699=ORIENTED_EDGE('',*,*,#1324,.T.);
#1700=ORIENTED_EDGE('',*,*,#1323,.F.);
#1701=ORIENTED_EDGE('',*,*,#1272,.F.);
#1702=ORIENTED_EDGE('',*,*,#1324,.F.);
#1703=ORIENTED_EDGE('',*,*,#1325,.F.);
#1704=ORIENTED_EDGE('',*,*,#1326,.T.);
#1705=ORIENTED_EDGE('',*,*,#1322,.F.);
#1706=ORIENTED_EDGE('',*,*,#1326,.F.);
#1707=ORIENTED_EDGE('',*,*,#1327,.F.);
#1708=ORIENTED_EDGE('',*,*,#1328,.F.);
#1709=ORIENTED_EDGE('',*,*,#1329,.F.);
#1710=ORIENTED_EDGE('',*,*,#1330,.T.);
#1711=ORIENTED_EDGE('',*,*,#1330,.F.);
#1712=ORIENTED_EDGE('',*,*,#1331,.T.);
#1713=ORIENTED_EDGE('',*,*,#1332,.T.);
#1714=ORIENTED_EDGE('',*,*,#1333,.T.);
#1715=ORIENTED_EDGE('',*,*,#1334,.F.);
#1716=ORIENTED_EDGE('',*,*,#1335,.T.);
#1717=ORIENTED_EDGE('',*,*,#1336,.T.);
#1718=ORIENTED_EDGE('',*,*,#1337,.F.);
#1719=ORIENTED_EDGE('',*,*,#1331,.F.);
#1720=ORIENTED_EDGE('',*,*,#1329,.T.);
#1721=ORIENTED_EDGE('',*,*,#1338,.F.);
#1722=ORIENTED_EDGE('',*,*,#1339,.F.);
#1723=ORIENTED_EDGE('',*,*,#1337,.T.);
#1724=ORIENTED_EDGE('',*,*,#1340,.T.);
#1725=ORIENTED_EDGE('',*,*,#1311,.F.);
#1726=ORIENTED_EDGE('',*,*,#1318,.T.);
#1727=ORIENTED_EDGE('',*,*,#1341,.F.);
#1728=ORIENTED_EDGE('',*,*,#1342,.F.);
#1729=ORIENTED_EDGE('',*,*,#1343,.F.);
#1730=ORIENTED_EDGE('',*,*,#1344,.F.);
#1731=ORIENTED_EDGE('',*,*,#1345,.F.);
#1732=ORIENTED_EDGE('',*,*,#1332,.F.);
#1733=ORIENTED_EDGE('',*,*,#1312,.F.);
#1734=ORIENTED_EDGE('',*,*,#1340,.F.);
#1735=ORIENTED_EDGE('',*,*,#1336,.F.);
#1736=ORIENTED_EDGE('',*,*,#1346,.F.);
#1737=ORIENTED_EDGE('',*,*,#1347,.T.);
#1738=ORIENTED_EDGE('',*,*,#1348,.T.);
#1739=ORIENTED_EDGE('',*,*,#1349,.T.);
#1740=ORIENTED_EDGE('',*,*,#1350,.T.);
#1741=ORIENTED_EDGE('',*,*,#1348,.F.);
#1742=ORIENTED_EDGE('',*,*,#1351,.F.);
#1743=ORIENTED_EDGE('',*,*,#1352,.F.);
#1744=ORIENTED_EDGE('',*,*,#1353,.F.);
#1745=ORIENTED_EDGE('',*,*,#1354,.F.);
#1746=ORIENTED_EDGE('',*,*,#1355,.F.);
#1747=ORIENTED_EDGE('',*,*,#1356,.F.);
#1748=ORIENTED_EDGE('',*,*,#1357,.F.);
#1749=ORIENTED_EDGE('',*,*,#1358,.T.);
#1750=ORIENTED_EDGE('',*,*,#1359,.T.);
#1751=ORIENTED_EDGE('',*,*,#1360,.T.);
#1752=ORIENTED_EDGE('',*,*,#1354,.T.);
#1753=ORIENTED_EDGE('',*,*,#1359,.F.);
#1754=ORIENTED_EDGE('',*,*,#1361,.F.);
#1755=ORIENTED_EDGE('',*,*,#1362,.F.);
#1756=ORIENTED_EDGE('',*,*,#1363,.F.);
#1757=ORIENTED_EDGE('',*,*,#1364,.F.);
#1758=ORIENTED_EDGE('',*,*,#1362,.T.);
#1759=ORIENTED_EDGE('',*,*,#1365,.F.);
#1760=ORIENTED_EDGE('',*,*,#1366,.F.);
#1761=ORIENTED_EDGE('',*,*,#1367,.F.);
#1762=ORIENTED_EDGE('',*,*,#1368,.T.);
#1763=ORIENTED_EDGE('',*,*,#1369,.F.);
#1764=ORIENTED_EDGE('',*,*,#1365,.T.);
#1765=ORIENTED_EDGE('',*,*,#1361,.T.);
#1766=ORIENTED_EDGE('',*,*,#1358,.F.);
#1767=ORIENTED_EDGE('',*,*,#1353,.T.);
#1768=ORIENTED_EDGE('',*,*,#1370,.F.);
#1769=ORIENTED_EDGE('',*,*,#1371,.F.);
#1770=ORIENTED_EDGE('',*,*,#1372,.F.);
#1771=ORIENTED_EDGE('',*,*,#1373,.F.);
#1772=ORIENTED_EDGE('',*,*,#1374,.F.);
#1773=ORIENTED_EDGE('',*,*,#1375,.F.);
#1774=ORIENTED_EDGE('',*,*,#1364,.T.);
#1775=ORIENTED_EDGE('',*,*,#1376,.F.);
#1776=ORIENTED_EDGE('',*,*,#1377,.F.);
#1777=ORIENTED_EDGE('',*,*,#1378,.F.);
#1778=ORIENTED_EDGE('',*,*,#1379,.F.);
#1779=ORIENTED_EDGE('',*,*,#1380,.F.);
#1780=ORIENTED_EDGE('',*,*,#1381,.F.);
#1781=ORIENTED_EDGE('',*,*,#1355,.T.);
#1782=ORIENTED_EDGE('',*,*,#1360,.F.);
#1783=ORIENTED_EDGE('',*,*,#1363,.T.);
#1784=ORIENTED_EDGE('',*,*,#1366,.T.);
#1785=ORIENTED_EDGE('',*,*,#1375,.T.);
#1786=ORIENTED_EDGE('',*,*,#1382,.T.);
#1787=ORIENTED_EDGE('',*,*,#1383,.T.);
#1788=ORIENTED_EDGE('',*,*,#1384,.T.);
#1789=ORIENTED_EDGE('',*,*,#1367,.T.);
#1790=ORIENTED_EDGE('',*,*,#1384,.F.);
#1791=ORIENTED_EDGE('',*,*,#1385,.F.);
#1792=ORIENTED_EDGE('',*,*,#1386,.T.);
#1793=ORIENTED_EDGE('',*,*,#1387,.T.);
#1794=ORIENTED_EDGE('',*,*,#1383,.F.);
#1795=ORIENTED_EDGE('',*,*,#1388,.T.);
#1796=ORIENTED_EDGE('',*,*,#1389,.F.);
#1797=ORIENTED_EDGE('',*,*,#1390,.T.);
#1798=ORIENTED_EDGE('',*,*,#1385,.T.);
#1799=ORIENTED_EDGE('',*,*,#1391,.T.);
#1800=ORIENTED_EDGE('',*,*,#1392,.T.);
#1801=ORIENTED_EDGE('',*,*,#1393,.T.);
#1802=ORIENTED_EDGE('',*,*,#1394,.T.);
#1803=ORIENTED_EDGE('',*,*,#1395,.T.);
#1804=ORIENTED_EDGE('',*,*,#1392,.F.);
#1805=ORIENTED_EDGE('',*,*,#1396,.F.);
#1806=ORIENTED_EDGE('',*,*,#1397,.F.);
#1807=ORIENTED_EDGE('',*,*,#1398,.F.);
#1808=ORIENTED_EDGE('',*,*,#1399,.F.);
#1809=ORIENTED_EDGE('',*,*,#1400,.F.);
#1810=ORIENTED_EDGE('',*,*,#1351,.T.);
#1811=ORIENTED_EDGE('',*,*,#1347,.F.);
#1812=ORIENTED_EDGE('',*,*,#1401,.T.);
#1813=ORIENTED_EDGE('',*,*,#1402,.T.);
#1814=ORIENTED_EDGE('',*,*,#1391,.F.);
#1815=ORIENTED_EDGE('',*,*,#1403,.F.);
#1816=ORIENTED_EDGE('',*,*,#1404,.F.);
#1817=ORIENTED_EDGE('',*,*,#1405,.T.);
#1818=ORIENTED_EDGE('',*,*,#1406,.T.);
#1819=ORIENTED_EDGE('',*,*,#1396,.T.);
#1820=ORIENTED_EDGE('',*,*,#1395,.F.);
#1821=ORIENTED_EDGE('',*,*,#1407,.F.);
#1822=ORIENTED_EDGE('',*,*,#1408,.T.);
#1823=ORIENTED_EDGE('',*,*,#1409,.T.);
#1824=ORIENTED_EDGE('',*,*,#1410,.F.);
#1825=ORIENTED_EDGE('',*,*,#1403,.T.);
#1826=ORIENTED_EDGE('',*,*,#1402,.F.);
#1827=ORIENTED_EDGE('',*,*,#1411,.T.);
#1828=ORIENTED_EDGE('',*,*,#1412,.F.);
#1829=ORIENTED_EDGE('',*,*,#1413,.F.);
#1830=ORIENTED_EDGE('',*,*,#1414,.T.);
#1831=ORIENTED_EDGE('',*,*,#1415,.F.);
#1832=ORIENTED_EDGE('',*,*,#1393,.F.);
#1833=ORIENTED_EDGE('',*,*,#1412,.T.);
#1834=ORIENTED_EDGE('',*,*,#1416,.T.);
#1835=ORIENTED_EDGE('',*,*,#1349,.F.);
#1836=ORIENTED_EDGE('',*,*,#1357,.T.);
#1837=ORIENTED_EDGE('',*,*,#1417,.F.);
#1838=ORIENTED_EDGE('',*,*,#1418,.F.);
#1839=ORIENTED_EDGE('',*,*,#1419,.F.);
#1840=ORIENTED_EDGE('',*,*,#1420,.F.);
#1841=ORIENTED_EDGE('',*,*,#1421,.F.);
#1842=ORIENTED_EDGE('',*,*,#1422,.F.);
#1843=ORIENTED_EDGE('',*,*,#1350,.F.);
#1844=ORIENTED_EDGE('',*,*,#1416,.F.);
#1845=ORIENTED_EDGE('',*,*,#1411,.F.);
#1846=ORIENTED_EDGE('',*,*,#1401,.F.);
#1847=ORIENTED_EDGE('',*,*,#1423,.F.);
#1848=ORIENTED_EDGE('',*,*,#1424,.T.);
#1849=ORIENTED_EDGE('',*,*,#1425,.F.);
#1850=ORIENTED_EDGE('',*,*,#1426,.F.);
#1851=ORIENTED_EDGE('',*,*,#1427,.T.);
#1852=ORIENTED_EDGE('',*,*,#1428,.F.);
#1853=ORIENTED_EDGE('',*,*,#1429,.F.);
#1854=ORIENTED_EDGE('',*,*,#1429,.T.);
#1855=ORIENTED_EDGE('',*,*,#1430,.T.);
#1856=ORIENTED_EDGE('',*,*,#1431,.T.);
#1857=ORIENTED_EDGE('',*,*,#1432,.T.);
#1858=ORIENTED_EDGE('',*,*,#1433,.T.);
#1859=ORIENTED_EDGE('',*,*,#1428,.T.);
#1860=ORIENTED_EDGE('',*,*,#1434,.T.);
#1861=ORIENTED_EDGE('',*,*,#1435,.T.);
#1862=ORIENTED_EDGE('',*,*,#1436,.T.);
#1863=ORIENTED_EDGE('',*,*,#1430,.F.);
#1864=ORIENTED_EDGE('',*,*,#1427,.F.);
#1865=ORIENTED_EDGE('',*,*,#1437,.F.);
#1866=ORIENTED_EDGE('',*,*,#1438,.F.);
#1867=ORIENTED_EDGE('',*,*,#1434,.F.);
#1868=ORIENTED_EDGE('',*,*,#1431,.F.);
#1869=ORIENTED_EDGE('',*,*,#1436,.F.);
#1870=ORIENTED_EDGE('',*,*,#1439,.T.);
#1871=ORIENTED_EDGE('',*,*,#1440,.T.);
#1872=ORIENTED_EDGE('',*,*,#1441,.T.);
#1873=ORIENTED_EDGE('',*,*,#1442,.F.);
#1874=ORIENTED_EDGE('',*,*,#1443,.T.);
#1875=ORIENTED_EDGE('',*,*,#1444,.F.);
#1876=ORIENTED_EDGE('',*,*,#1445,.F.);
#1877=ORIENTED_EDGE('',*,*,#1446,.F.);
#1878=ORIENTED_EDGE('',*,*,#1447,.T.);
#1879=ORIENTED_EDGE('',*,*,#1448,.F.);
#1880=ORIENTED_EDGE('',*,*,#1444,.T.);
#1881=ORIENTED_EDGE('',*,*,#1449,.T.);
#1882=ORIENTED_EDGE('',*,*,#1450,.F.);
#1883=ORIENTED_EDGE('',*,*,#1451,.T.);
#1884=ORIENTED_EDGE('',*,*,#1452,.F.);
#1885=ORIENTED_EDGE('',*,*,#1453,.F.);
#1886=ORIENTED_EDGE('',*,*,#1454,.F.);
#1887=ORIENTED_EDGE('',*,*,#1455,.F.);
#1888=ORIENTED_EDGE('',*,*,#1405,.F.);
#1889=ORIENTED_EDGE('',*,*,#1456,.F.);
#1890=ORIENTED_EDGE('',*,*,#1443,.F.);
#1891=ORIENTED_EDGE('',*,*,#1457,.F.);
#1892=ORIENTED_EDGE('',*,*,#1458,.F.);
#1893=ORIENTED_EDGE('',*,*,#1449,.F.);
#1894=ORIENTED_EDGE('',*,*,#1442,.T.);
#1895=ORIENTED_EDGE('',*,*,#1459,.F.);
#1896=ORIENTED_EDGE('',*,*,#1460,.F.);
#1897=ORIENTED_EDGE('',*,*,#1461,.F.);
#1898=ORIENTED_EDGE('',*,*,#1462,.F.);
#1899=ORIENTED_EDGE('',*,*,#1463,.F.);
#1900=ORIENTED_EDGE('',*,*,#1464,.F.);
#1901=ORIENTED_EDGE('',*,*,#1465,.T.);
#1902=ORIENTED_EDGE('',*,*,#1466,.F.);
#1903=ORIENTED_EDGE('',*,*,#1457,.T.);
#1904=ORIENTED_EDGE('',*,*,#1445,.T.);
#1905=ORIENTED_EDGE('',*,*,#1456,.T.);
#1906=ORIENTED_EDGE('',*,*,#1404,.T.);
#1907=ORIENTED_EDGE('',*,*,#1410,.T.);
#1908=ORIENTED_EDGE('',*,*,#1467,.T.);
#1909=ORIENTED_EDGE('',*,*,#1446,.T.);
#1910=ORIENTED_EDGE('',*,*,#1467,.F.);
#1911=ORIENTED_EDGE('',*,*,#1409,.F.);
#1912=ORIENTED_EDGE('',*,*,#1468,.T.);
#1913=ORIENTED_EDGE('',*,*,#1469,.T.);
#1914=ORIENTED_EDGE('',*,*,#1470,.T.);
#1915=ORIENTED_EDGE('',*,*,#1471,.T.);
#1916=ORIENTED_EDGE('',*,*,#1472,.T.);
#1917=ORIENTED_EDGE('',*,*,#1473,.T.);
#1918=ORIENTED_EDGE('',*,*,#1471,.F.);
#1919=ORIENTED_EDGE('',*,*,#1474,.F.);
#1920=ORIENTED_EDGE('',*,*,#1475,.F.);
#1921=ORIENTED_EDGE('',*,*,#1451,.F.);
#1922=ORIENTED_EDGE('',*,*,#1476,.F.);
#1923=ORIENTED_EDGE('',*,*,#1465,.F.);
#1924=ORIENTED_EDGE('',*,*,#1477,.F.);
#1925=ORIENTED_EDGE('',*,*,#1478,.F.);
#1926=ORIENTED_EDGE('',*,*,#1450,.T.);
#1927=ORIENTED_EDGE('',*,*,#1458,.T.);
#1928=ORIENTED_EDGE('',*,*,#1466,.T.);
#1929=ORIENTED_EDGE('',*,*,#1476,.T.);
#1930=ORIENTED_EDGE('',*,*,#1448,.T.);
#1931=ORIENTED_EDGE('',*,*,#1479,.T.);
#1932=ORIENTED_EDGE('',*,*,#1480,.T.);
#1933=ORIENTED_EDGE('',*,*,#1481,.T.);
#1934=ORIENTED_EDGE('',*,*,#1482,.T.);
#1935=ORIENTED_EDGE('',*,*,#1459,.T.);
#1936=ORIENTED_EDGE('',*,*,#1483,.T.);
#1937=ORIENTED_EDGE('',*,*,#1484,.T.);
#1938=ORIENTED_EDGE('',*,*,#1485,.T.);
#1939=ORIENTED_EDGE('',*,*,#1481,.F.);
#1940=ORIENTED_EDGE('',*,*,#1413,.T.);
#1941=ORIENTED_EDGE('',*,*,#1422,.T.);
#1942=ORIENTED_EDGE('',*,*,#1486,.T.);
#1943=ORIENTED_EDGE('',*,*,#1484,.F.);
#1944=ORIENTED_EDGE('',*,*,#1487,.T.);
#1945=ORIENTED_EDGE('',*,*,#1488,.T.);
#1946=ORIENTED_EDGE('',*,*,#1482,.F.);
#1947=ORIENTED_EDGE('',*,*,#1485,.F.);
#1948=ORIENTED_EDGE('',*,*,#1486,.F.);
#1949=ORIENTED_EDGE('',*,*,#1421,.T.);
#1950=ORIENTED_EDGE('',*,*,#1489,.T.);
#1951=ORIENTED_EDGE('',*,*,#1460,.T.);
#1952=ORIENTED_EDGE('',*,*,#1369,.T.);
#1953=ORIENTED_EDGE('',*,*,#1490,.T.);
#1954=ORIENTED_EDGE('',*,*,#1491,.T.);
#1955=ORIENTED_EDGE('',*,*,#1492,.T.);
#1956=ORIENTED_EDGE('',*,*,#1493,.T.);
#1957=ORIENTED_EDGE('',*,*,#1376,.T.);
#1958=ORIENTED_EDGE('',*,*,#1494,.T.);
#1959=ORIENTED_EDGE('',*,*,#1334,.T.);
#1960=ORIENTED_EDGE('',*,*,#1495,.T.);
#1961=ORIENTED_EDGE('',*,*,#1492,.F.);
#1962=ORIENTED_EDGE('',*,*,#1493,.F.);
#1963=ORIENTED_EDGE('',*,*,#1495,.F.);
#1964=ORIENTED_EDGE('',*,*,#1333,.F.);
#1965=ORIENTED_EDGE('',*,*,#1345,.T.);
#1966=ORIENTED_EDGE('',*,*,#1496,.T.);
#1967=ORIENTED_EDGE('',*,*,#1377,.T.);
#1968=ORIENTED_EDGE('',*,*,#1497,.T.);
#1969=ORIENTED_EDGE('',*,*,#1498,.T.);
#1970=ORIENTED_EDGE('',*,*,#1499,.T.);
#1971=ORIENTED_EDGE('',*,*,#1305,.F.);
#1972=ORIENTED_EDGE('',*,*,#1426,.T.);
#1973=ORIENTED_EDGE('',*,*,#1500,.T.);
#1974=ORIENTED_EDGE('',*,*,#1501,.T.);
#1975=ORIENTED_EDGE('',*,*,#1498,.F.);
#1976=ORIENTED_EDGE('',*,*,#1502,.T.);
#1977=ORIENTED_EDGE('',*,*,#1437,.T.);
#1978=ORIENTED_EDGE('',*,*,#1306,.F.);
#1979=ORIENTED_EDGE('',*,*,#1499,.F.);
#1980=ORIENTED_EDGE('',*,*,#1501,.F.);
#1981=ORIENTED_EDGE('',*,*,#1503,.T.);
#1982=ORIENTED_EDGE('',*,*,#1504,.T.);
#1983=ORIENTED_EDGE('',*,*,#1295,.T.);
#1984=ORIENTED_EDGE('',*,*,#1425,.T.);
#1985=ORIENTED_EDGE('',*,*,#1505,.T.);
#1986=ORIENTED_EDGE('',*,*,#1472,.F.);
#1987=ORIENTED_EDGE('',*,*,#1478,.T.);
#1988=ORIENTED_EDGE('',*,*,#1506,.F.);
#1989=ORIENTED_EDGE('',*,*,#1507,.F.);
#1990=ORIENTED_EDGE('',*,*,#1508,.F.);
#1991=ORIENTED_EDGE('',*,*,#1509,.F.);
#1992=ORIENTED_EDGE('',*,*,#1503,.F.);
#1993=ORIENTED_EDGE('',*,*,#1500,.F.);
#1994=ORIENTED_EDGE('',*,*,#1291,.T.);
#1995=ORIENTED_EDGE('',*,*,#1510,.T.);
#1996=ORIENTED_EDGE('',*,*,#1511,.T.);
#1997=ORIENTED_EDGE('',*,*,#1440,.F.);
#1998=ORIENTED_EDGE('',*,*,#1512,.T.);
#1999=ORIENTED_EDGE('',*,*,#1307,.T.);
#2000=ORIENTED_EDGE('',*,*,#1432,.F.);
#2001=ORIENTED_EDGE('',*,*,#1441,.F.);
#2002=ORIENTED_EDGE('',*,*,#1511,.F.);
#2003=ORIENTED_EDGE('',*,*,#1513,.T.);
#2004=ORIENTED_EDGE('',*,*,#1514,.T.);
#2005=ORIENTED_EDGE('',*,*,#1515,.T.);
#2006=ORIENTED_EDGE('',*,*,#1290,.T.);
#2007=ORIENTED_EDGE('',*,*,#1321,.T.);
#2008=ORIENTED_EDGE('',*,*,#1319,.F.);
#2009=ORIENTED_EDGE('',*,*,#1315,.T.);
#2010=ORIENTED_EDGE('',*,*,#1516,.F.);
#2011=ORIENTED_EDGE('',*,*,#1517,.F.);
#2012=ORIENTED_EDGE('',*,*,#1518,.F.);
#2013=ORIENTED_EDGE('',*,*,#1519,.F.);
#2014=ORIENTED_EDGE('',*,*,#1513,.F.);
#2015=ORIENTED_EDGE('',*,*,#1510,.F.);
#2016=ORIENTED_EDGE('',*,*,#1338,.T.);
#2017=ORIENTED_EDGE('',*,*,#1328,.T.);
#2018=ORIENTED_EDGE('',*,*,#1520,.T.);
#2019=ORIENTED_EDGE('',*,*,#1389,.T.);
#2020=ORIENTED_EDGE('',*,*,#1521,.T.);
#2021=ORIENTED_EDGE('',*,*,#1522,.T.);
#2022=ORIENTED_EDGE('',*,*,#1339,.T.);
#2023=ORIENTED_EDGE('',*,*,#1522,.F.);
#2024=ORIENTED_EDGE('',*,*,#1523,.F.);
#2025=ORIENTED_EDGE('',*,*,#1524,.F.);
#2026=ORIENTED_EDGE('',*,*,#1525,.F.);
#2027=ORIENTED_EDGE('',*,*,#1526,.F.);
#2028=ORIENTED_EDGE('',*,*,#1527,.F.);
#2029=ORIENTED_EDGE('',*,*,#1313,.T.);
#2030=ORIENTED_EDGE('',*,*,#1309,.F.);
#2031=ORIENTED_EDGE('',*,*,#1346,.T.);
#2032=ORIENTED_EDGE('',*,*,#1382,.F.);
#2033=ORIENTED_EDGE('',*,*,#1374,.T.);
#2034=ORIENTED_EDGE('',*,*,#1528,.T.);
#2035=ORIENTED_EDGE('',*,*,#1523,.T.);
#2036=ORIENTED_EDGE('',*,*,#1521,.F.);
#2037=ORIENTED_EDGE('',*,*,#1388,.F.);
#2038=ORIENTED_EDGE('',*,*,#1394,.F.);
#2039=ORIENTED_EDGE('',*,*,#1415,.T.);
#2040=ORIENTED_EDGE('',*,*,#1529,.T.);
#2041=ORIENTED_EDGE('',*,*,#1530,.T.);
#2042=ORIENTED_EDGE('',*,*,#1407,.T.);
#2043=ORIENTED_EDGE('',*,*,#1356,.T.);
#2044=ORIENTED_EDGE('',*,*,#1381,.T.);
#2045=ORIENTED_EDGE('',*,*,#1531,.T.);
#2046=ORIENTED_EDGE('',*,*,#1417,.T.);
#2047=ORIENTED_EDGE('',*,*,#1532,.T.);
#2048=ORIENTED_EDGE('',*,*,#1533,.T.);
#2049=ORIENTED_EDGE('',*,*,#1534,.T.);
#2050=ORIENTED_EDGE('',*,*,#1535,.T.);
#2051=ORIENTED_EDGE('',*,*,#1532,.F.);
#2052=ORIENTED_EDGE('',*,*,#1418,.T.);
#2053=ORIENTED_EDGE('',*,*,#1531,.F.);
#2054=ORIENTED_EDGE('',*,*,#1380,.T.);
#2055=ORIENTED_EDGE('',*,*,#1352,.T.);
#2056=ORIENTED_EDGE('',*,*,#1400,.T.);
#2057=ORIENTED_EDGE('',*,*,#1536,.T.);
#2058=ORIENTED_EDGE('',*,*,#1370,.T.);
#2059=ORIENTED_EDGE('',*,*,#1536,.F.);
#2060=ORIENTED_EDGE('',*,*,#1399,.T.);
#2061=ORIENTED_EDGE('',*,*,#1534,.F.);
#2062=ORIENTED_EDGE('',*,*,#1371,.T.);
#2063=ORIENTED_EDGE('',*,*,#1535,.F.);
#2064=ORIENTED_EDGE('',*,*,#1398,.T.);
#2065=ORIENTED_EDGE('',*,*,#1537,.F.);
#2066=ORIENTED_EDGE('',*,*,#1419,.T.);
#2067=ORIENTED_EDGE('',*,*,#1475,.T.);
#2068=ORIENTED_EDGE('',*,*,#1538,.T.);
#2069=ORIENTED_EDGE('',*,*,#1539,.T.);
#2070=ORIENTED_EDGE('',*,*,#1452,.T.);
#2071=ORIENTED_EDGE('',*,*,#1540,.T.);
#2072=ORIENTED_EDGE('',*,*,#1541,.T.);
#2073=ORIENTED_EDGE('',*,*,#1542,.T.);
#2074=ORIENTED_EDGE('',*,*,#1543,.T.);
#2075=ORIENTED_EDGE('',*,*,#1542,.F.);
#2076=ORIENTED_EDGE('',*,*,#1453,.T.);
#2077=ORIENTED_EDGE('',*,*,#1539,.F.);
#2078=ORIENTED_EDGE('',*,*,#1544,.T.);
#2079=ORIENTED_EDGE('',*,*,#1477,.T.);
#2080=ORIENTED_EDGE('',*,*,#1464,.T.);
#2081=ORIENTED_EDGE('',*,*,#1545,.T.);
#2082=ORIENTED_EDGE('',*,*,#1506,.T.);
#2083=ORIENTED_EDGE('',*,*,#1545,.F.);
#2084=ORIENTED_EDGE('',*,*,#1463,.T.);
#2085=ORIENTED_EDGE('',*,*,#1540,.F.);
#2086=ORIENTED_EDGE('',*,*,#1507,.T.);
#2087=ORIENTED_EDGE('',*,*,#1541,.F.);
#2088=ORIENTED_EDGE('',*,*,#1462,.T.);
#2089=ORIENTED_EDGE('',*,*,#1546,.F.);
#2090=ORIENTED_EDGE('',*,*,#1454,.T.);
#2091=ORIENTED_EDGE('',*,*,#1547,.T.);
#2092=ORIENTED_EDGE('',*,*,#1548,.T.);
#2093=ORIENTED_EDGE('',*,*,#1549,.T.);
#2094=ORIENTED_EDGE('',*,*,#1550,.T.);
#2095=ORIENTED_EDGE('',*,*,#1549,.F.);
#2096=ORIENTED_EDGE('',*,*,#1551,.T.);
#2097=ORIENTED_EDGE('',*,*,#1514,.F.);
#2098=ORIENTED_EDGE('',*,*,#1519,.T.);
#2099=ORIENTED_EDGE('',*,*,#1504,.F.);
#2100=ORIENTED_EDGE('',*,*,#1509,.T.);
#2101=ORIENTED_EDGE('',*,*,#1547,.F.);
#2102=ORIENTED_EDGE('',*,*,#1296,.T.);
#2103=ORIENTED_EDGE('',*,*,#1423,.T.);
#2104=ORIENTED_EDGE('',*,*,#1433,.F.);
#2105=ORIENTED_EDGE('',*,*,#1515,.F.);
#2106=ORIENTED_EDGE('',*,*,#1551,.F.);
#2107=ORIENTED_EDGE('',*,*,#1552,.F.);
#2108=ORIENTED_EDGE('',*,*,#1544,.F.);
#2109=ORIENTED_EDGE('',*,*,#1538,.F.);
#2110=ORIENTED_EDGE('',*,*,#1474,.T.);
#2111=ORIENTED_EDGE('',*,*,#1470,.F.);
#2112=ORIENTED_EDGE('',*,*,#1553,.T.);
#2113=ORIENTED_EDGE('',*,*,#1543,.F.);
#2114=ORIENTED_EDGE('',*,*,#1552,.T.);
#2115=ORIENTED_EDGE('',*,*,#1548,.F.);
#2116=ORIENTED_EDGE('',*,*,#1508,.T.);
#2117=ORIENTED_EDGE('',*,*,#1317,.T.);
#2118=ORIENTED_EDGE('',*,*,#1299,.T.);
#2119=ORIENTED_EDGE('',*,*,#1554,.T.);
#2120=ORIENTED_EDGE('',*,*,#1341,.T.);
#2121=ORIENTED_EDGE('',*,*,#1555,.T.);
#2122=ORIENTED_EDGE('',*,*,#1556,.T.);
#2123=ORIENTED_EDGE('',*,*,#1557,.T.);
#2124=ORIENTED_EDGE('',*,*,#1558,.T.);
#2125=ORIENTED_EDGE('',*,*,#1555,.F.);
#2126=ORIENTED_EDGE('',*,*,#1342,.T.);
#2127=ORIENTED_EDGE('',*,*,#1554,.F.);
#2128=ORIENTED_EDGE('',*,*,#1298,.T.);
#2129=ORIENTED_EDGE('',*,*,#1314,.T.);
#2130=ORIENTED_EDGE('',*,*,#1527,.T.);
#2131=ORIENTED_EDGE('',*,*,#1559,.T.);
#2132=ORIENTED_EDGE('',*,*,#1516,.T.);
#2133=ORIENTED_EDGE('',*,*,#1559,.F.);
#2134=ORIENTED_EDGE('',*,*,#1526,.T.);
#2135=ORIENTED_EDGE('',*,*,#1557,.F.);
#2136=ORIENTED_EDGE('',*,*,#1517,.T.);
#2137=ORIENTED_EDGE('',*,*,#1558,.F.);
#2138=ORIENTED_EDGE('',*,*,#1525,.T.);
#2139=ORIENTED_EDGE('',*,*,#1560,.F.);
#2140=ORIENTED_EDGE('',*,*,#1343,.T.);
#2141=ORIENTED_EDGE('',*,*,#1561,.T.);
#2142=ORIENTED_EDGE('',*,*,#1560,.T.);
#2143=ORIENTED_EDGE('',*,*,#1562,.T.);
#2144=ORIENTED_EDGE('',*,*,#1563,.T.);
#2145=ORIENTED_EDGE('',*,*,#1561,.F.);
#2146=ORIENTED_EDGE('',*,*,#1378,.T.);
#2147=ORIENTED_EDGE('',*,*,#1496,.F.);
#2148=ORIENTED_EDGE('',*,*,#1344,.T.);
#2149=ORIENTED_EDGE('',*,*,#1528,.F.);
#2150=ORIENTED_EDGE('',*,*,#1373,.T.);
#2151=ORIENTED_EDGE('',*,*,#1562,.F.);
#2152=ORIENTED_EDGE('',*,*,#1524,.T.);
#2153=ORIENTED_EDGE('',*,*,#1533,.F.);
#2154=ORIENTED_EDGE('',*,*,#1379,.T.);
#2155=ORIENTED_EDGE('',*,*,#1563,.F.);
#2156=ORIENTED_EDGE('',*,*,#1372,.T.);
#2157=ORIENTED_EDGE('',*,*,#1564,.F.);
#2158=ORIENTED_EDGE('',*,*,#1565,.F.);
#2159=ORIENTED_EDGE('',*,*,#1566,.F.);
#2160=ORIENTED_EDGE('',*,*,#1567,.F.);
#2161=ORIENTED_EDGE('',*,*,#1335,.F.);
#2162=ORIENTED_EDGE('',*,*,#1494,.F.);
#2163=ORIENTED_EDGE('',*,*,#1491,.F.);
#2164=ORIENTED_EDGE('',*,*,#1568,.F.);
#2165=ORIENTED_EDGE('',*,*,#1386,.F.);
#2166=ORIENTED_EDGE('',*,*,#1390,.F.);
#2167=ORIENTED_EDGE('',*,*,#1520,.F.);
#2168=ORIENTED_EDGE('',*,*,#1327,.T.);
#2169=ORIENTED_EDGE('',*,*,#1569,.F.);
#2170=ORIENTED_EDGE('',*,*,#1570,.T.);
#2171=ORIENTED_EDGE('',*,*,#1537,.T.);
#2172=ORIENTED_EDGE('',*,*,#1571,.T.);
#2173=ORIENTED_EDGE('',*,*,#1546,.T.);
#2174=ORIENTED_EDGE('',*,*,#1571,.F.);
#2175=ORIENTED_EDGE('',*,*,#1397,.T.);
#2176=ORIENTED_EDGE('',*,*,#1406,.F.);
#2177=ORIENTED_EDGE('',*,*,#1455,.T.);
#2178=ORIENTED_EDGE('',*,*,#1489,.F.);
#2179=ORIENTED_EDGE('',*,*,#1420,.T.);
#2180=ORIENTED_EDGE('',*,*,#1570,.F.);
#2181=ORIENTED_EDGE('',*,*,#1461,.T.);
#2182=ORIENTED_EDGE('',*,*,#1447,.F.);
#2183=ORIENTED_EDGE('',*,*,#1469,.F.);
#2184=ORIENTED_EDGE('',*,*,#1572,.T.);
#2185=ORIENTED_EDGE('',*,*,#1479,.F.);
#2186=ORIENTED_EDGE('',*,*,#1573,.F.);
#2187=ORIENTED_EDGE('',*,*,#1574,.F.);
#2188=ORIENTED_EDGE('',*,*,#1575,.F.);
#2189=ORIENTED_EDGE('',*,*,#1576,.F.);
#2190=ORIENTED_EDGE('',*,*,#1572,.F.);
#2191=ORIENTED_EDGE('',*,*,#1468,.F.);
#2192=ORIENTED_EDGE('',*,*,#1408,.F.);
#2193=ORIENTED_EDGE('',*,*,#1530,.F.);
#2194=ORIENTED_EDGE('',*,*,#1577,.T.);
#2195=ORIENTED_EDGE('',*,*,#1487,.F.);
#2196=ORIENTED_EDGE('',*,*,#1483,.F.);
#2197=ORIENTED_EDGE('',*,*,#1480,.F.);
#2198=ORIENTED_EDGE('',*,*,#1578,.F.);
#2199=ORIENTED_EDGE('',*,*,#1579,.F.);
#2200=ORIENTED_EDGE('',*,*,#1580,.F.);
#2201=ORIENTED_EDGE('',*,*,#1581,.F.);
#2202=ORIENTED_EDGE('',*,*,#1582,.F.);
#2203=ORIENTED_EDGE('',*,*,#1583,.F.);
#2204=ORIENTED_EDGE('',*,*,#1308,.F.);
#2205=ORIENTED_EDGE('',*,*,#1512,.F.);
#2206=ORIENTED_EDGE('',*,*,#1439,.F.);
#2207=ORIENTED_EDGE('',*,*,#1435,.F.);
#2208=ORIENTED_EDGE('',*,*,#1438,.T.);
#2209=ORIENTED_EDGE('',*,*,#1502,.F.);
#2210=ORIENTED_EDGE('',*,*,#1497,.F.);
#2211=ORIENTED_EDGE('',*,*,#1304,.F.);
#2212=ORIENTED_EDGE('',*,*,#1584,.F.);
#2213=ORIENTED_EDGE('',*,*,#1573,.T.);
#2214=ORIENTED_EDGE('',*,*,#1585,.F.);
#2215=ORIENTED_EDGE('',*,*,#1580,.T.);
#2216=ORIENTED_EDGE('',*,*,#1586,.F.);
#2217=ORIENTED_EDGE('',*,*,#1368,.F.);
#2218=ORIENTED_EDGE('',*,*,#1387,.F.);
#2219=ORIENTED_EDGE('',*,*,#1568,.T.);
#2220=ORIENTED_EDGE('',*,*,#1490,.F.);
#2221=ORIENTED_EDGE('',*,*,#1414,.F.);
#2222=ORIENTED_EDGE('',*,*,#1488,.F.);
#2223=ORIENTED_EDGE('',*,*,#1577,.F.);
#2224=ORIENTED_EDGE('',*,*,#1529,.F.);
#2225=ORIENTED_EDGE('',*,*,#1582,.T.);
#2226=ORIENTED_EDGE('',*,*,#1587,.F.);
#2227=ORIENTED_EDGE('',*,*,#1565,.T.);
#2228=ORIENTED_EDGE('',*,*,#1588,.F.);
#2229=ORIENTED_EDGE('',*,*,#1285,.F.);
#2230=ORIENTED_EDGE('',*,*,#1589,.T.);
#2231=ORIENTED_EDGE('',*,*,#1590,.F.);
#2232=ORIENTED_EDGE('',*,*,#1589,.F.);
#2233=ORIENTED_EDGE('',*,*,#1287,.F.);
#2234=ORIENTED_EDGE('',*,*,#1591,.T.);
#2235=ORIENTED_EDGE('',*,*,#1592,.F.);
#2236=ORIENTED_EDGE('',*,*,#1591,.F.);
#2237=ORIENTED_EDGE('',*,*,#1286,.F.);
#2238=ORIENTED_EDGE('',*,*,#1593,.T.);
#2239=ORIENTED_EDGE('',*,*,#1594,.F.);
#2240=ORIENTED_EDGE('',*,*,#1593,.F.);
#2241=ORIENTED_EDGE('',*,*,#1424,.F.);
#2242=ORIENTED_EDGE('',*,*,#1553,.F.);
#2243=ORIENTED_EDGE('',*,*,#1473,.F.);
#2244=ORIENTED_EDGE('',*,*,#1505,.F.);
#2245=ORIENTED_EDGE('',*,*,#1575,.T.);
#2246=ORIENTED_EDGE('',*,*,#1595,.F.);
#2247=ORIENTED_EDGE('',*,*,#1567,.T.);
#2248=ORIENTED_EDGE('',*,*,#1596,.F.);
#2249=ORIENTED_EDGE('',*,*,#1550,.F.);
#2250=ORIENTED_EDGE('',*,*,#1518,.T.);
#2251=ORIENTED_EDGE('',*,*,#1556,.F.);
#2252=ORIENTED_EDGE('',*,*,#1297,.T.);
#2253=ORIENTED_EDGE('',*,*,#1597,.T.);
#2254=ORIENTED_EDGE('',*,*,#1598,.T.);
#2255=ORIENTED_EDGE('',*,*,#1597,.F.);
#2256=ORIENTED_EDGE('',*,*,#1579,.T.);
#2257=ORIENTED_EDGE('',*,*,#1277,.F.);
#2258=ORIENTED_EDGE('',*,*,#1599,.T.);
#2259=ORIENTED_EDGE('',*,*,#1598,.F.);
#2260=ORIENTED_EDGE('',*,*,#1599,.F.);
#2261=ORIENTED_EDGE('',*,*,#1600,.T.);
#2262=ORIENTED_EDGE('',*,*,#1601,.T.);
#2263=ORIENTED_EDGE('',*,*,#1600,.F.);
#2264=ORIENTED_EDGE('',*,*,#1578,.T.);
#2265=ORIENTED_EDGE('',*,*,#1601,.F.);
#2266=ORIENTED_EDGE('',*,*,#1602,.T.);
#2267=ORIENTED_EDGE('',*,*,#1275,.F.);
#2268=ORIENTED_EDGE('',*,*,#1276,.F.);
#2269=ORIENTED_EDGE('',*,*,#1602,.F.);
#2270=ORIENTED_EDGE('',*,*,#1603,.T.);
#2271=ORIENTED_EDGE('',*,*,#1604,.T.);
#2272=ORIENTED_EDGE('',*,*,#1603,.F.);
#2273=ORIENTED_EDGE('',*,*,#1584,.T.);
#2274=ORIENTED_EDGE('',*,*,#1273,.F.);
#2275=ORIENTED_EDGE('',*,*,#1274,.F.);
#2276=ORIENTED_EDGE('',*,*,#1605,.T.);
#2277=ORIENTED_EDGE('',*,*,#1604,.F.);
#2278=ORIENTED_EDGE('',*,*,#1605,.F.);
#2279=ORIENTED_EDGE('',*,*,#1606,.T.);
#2280=ORIENTED_EDGE('',*,*,#1607,.T.);
#2281=ORIENTED_EDGE('',*,*,#1606,.F.);
#2282=ORIENTED_EDGE('',*,*,#1569,.T.);
#2283=ORIENTED_EDGE('',*,*,#1607,.F.);
#2284=ORIENTED_EDGE('',*,*,#1608,.T.);
#2285=ORIENTED_EDGE('',*,*,#1278,.F.);
#2286=ORIENTED_EDGE('',*,*,#1608,.F.);
#2287=ORIENTED_EDGE('',*,*,#1609,.T.);
#2288=ORIENTED_EDGE('',*,*,#1574,.T.);
#2289=ORIENTED_EDGE('',*,*,#1610,.T.);
#2290=ORIENTED_EDGE('',*,*,#1611,.T.);
#2291=ORIENTED_EDGE('',*,*,#1612,.T.);
#2292=ORIENTED_EDGE('',*,*,#1595,.T.);
#2293=ORIENTED_EDGE('',*,*,#1609,.F.);
#2294=ORIENTED_EDGE('',*,*,#1613,.T.);
#2295=ORIENTED_EDGE('',*,*,#1614,.T.);
#2296=ORIENTED_EDGE('',*,*,#1564,.T.);
#2297=ORIENTED_EDGE('',*,*,#1612,.F.);
#2298=ORIENTED_EDGE('',*,*,#1615,.T.);
#2299=ORIENTED_EDGE('',*,*,#1616,.T.);
#2300=ORIENTED_EDGE('',*,*,#1588,.T.);
#2301=ORIENTED_EDGE('',*,*,#1614,.F.);
#2302=ORIENTED_EDGE('',*,*,#1617,.T.);
#2303=ORIENTED_EDGE('',*,*,#1618,.T.);
#2304=ORIENTED_EDGE('',*,*,#1583,.T.);
#2305=ORIENTED_EDGE('',*,*,#1616,.F.);
#2306=ORIENTED_EDGE('',*,*,#1619,.T.);
#2307=ORIENTED_EDGE('',*,*,#1610,.F.);
#2308=ORIENTED_EDGE('',*,*,#1586,.T.);
#2309=ORIENTED_EDGE('',*,*,#1618,.F.);
#2310=ORIENTED_EDGE('',*,*,#1620,.T.);
#2311=ORIENTED_EDGE('',*,*,#1611,.F.);
#2312=ORIENTED_EDGE('',*,*,#1620,.F.);
#2313=ORIENTED_EDGE('',*,*,#1619,.F.);
#2314=ORIENTED_EDGE('',*,*,#1617,.F.);
#2315=ORIENTED_EDGE('',*,*,#1615,.F.);
#2316=ORIENTED_EDGE('',*,*,#1613,.F.);
#2317=ORIENTED_EDGE('',*,*,#1325,.T.);
#2318=ORIENTED_EDGE('',*,*,#1592,.T.);
#2319=ORIENTED_EDGE('',*,*,#1594,.T.);
#2320=ORIENTED_EDGE('',*,*,#1590,.T.);
#2321=ORIENTED_EDGE('',*,*,#1621,.T.);
#2322=ORIENTED_EDGE('',*,*,#1279,.T.);
#2323=ORIENTED_EDGE('',*,*,#1622,.T.);
#2324=ORIENTED_EDGE('',*,*,#1566,.T.);
#2325=ORIENTED_EDGE('',*,*,#1621,.F.);
#2326=ORIENTED_EDGE('',*,*,#1587,.T.);
#2327=ORIENTED_EDGE('',*,*,#1623,.T.);
#2328=ORIENTED_EDGE('',*,*,#1280,.T.);
#2329=ORIENTED_EDGE('',*,*,#1624,.T.);
#2330=ORIENTED_EDGE('',*,*,#1281,.T.);
#2331=ORIENTED_EDGE('',*,*,#1623,.F.);
#2332=ORIENTED_EDGE('',*,*,#1581,.T.);
#2333=ORIENTED_EDGE('',*,*,#1624,.F.);
#2334=ORIENTED_EDGE('',*,*,#1585,.T.);
#2335=ORIENTED_EDGE('',*,*,#1625,.T.);
#2336=ORIENTED_EDGE('',*,*,#1282,.T.);
#2337=ORIENTED_EDGE('',*,*,#1626,.T.);
#2338=ORIENTED_EDGE('',*,*,#1283,.T.);
#2339=ORIENTED_EDGE('',*,*,#1625,.F.);
#2340=ORIENTED_EDGE('',*,*,#1576,.T.);
#2341=ORIENTED_EDGE('',*,*,#1626,.F.);
#2342=ORIENTED_EDGE('',*,*,#1596,.T.);
#2343=ORIENTED_EDGE('',*,*,#1622,.F.);
#2344=ORIENTED_EDGE('',*,*,#1284,.T.);
#2345=CONICAL_SURFACE('',#2500,8.,0.785398163397448);
#2346=CONICAL_SURFACE('',#2528,4.15,0.78539816339745);
#2347=CONICAL_SURFACE('',#2664,1.5,0.785398163397448);
#2348=CONICAL_SURFACE('',#2667,1.5,0.785398163397449);
#2349=CONICAL_SURFACE('',#2670,1.5,0.785398163397448);
#2350=CONICAL_SURFACE('',#2674,1.5,0.785398163397448);
#2351=CONICAL_SURFACE('',#2676,1.5,0.785398163397448);
#2352=CONICAL_SURFACE('',#2678,1.5,0.785398163397448);
#2353=ADVANCED_FACE('',(#258),#2345,.F.);
#2354=ADVANCED_FACE('',(#259,#150,#151,#152,#153),#224,.F.);
#2355=ADVANCED_FACE('',(#260,#154,#155,#156,#157),#81,.T.);
#2356=ADVANCED_FACE('',(#261),#225,.F.);
#2357=ADVANCED_FACE('',(#262),#82,.F.);
#2358=ADVANCED_FACE('',(#263),#83,.T.);
#2359=ADVANCED_FACE('',(#264),#84,.T.);
#2360=ADVANCED_FACE('',(#265),#226,.T.);
#2361=ADVANCED_FACE('',(#266),#85,.T.);
#2362=ADVANCED_FACE('',(#267),#227,.T.);
#2363=ADVANCED_FACE('',(#268),#86,.T.);
#2364=ADVANCED_FACE('',(#269),#2346,.F.);
#2365=ADVANCED_FACE('',(#270,#158),#87,.T.);
#2366=ADVANCED_FACE('',(#271),#228,.F.);
#2367=ADVANCED_FACE('',(#272),#88,.T.);
#2368=ADVANCED_FACE('',(#273),#89,.T.);
#2369=ADVANCED_FACE('',(#274),#229,.F.);
#2370=ADVANCED_FACE('',(#275),#90,.F.);
#2371=ADVANCED_FACE('',(#276),#91,.T.);
#2372=ADVANCED_FACE('',(#277),#230,.T.);
#2373=ADVANCED_FACE('',(#278),#92,.T.);
#2374=ADVANCED_FACE('',(#279),#231,.T.);
#2375=ADVANCED_FACE('',(#280),#93,.T.);
#2376=ADVANCED_FACE('',(#281),#232,.F.);
#2377=ADVANCED_FACE('',(#282),#94,.F.);
#2378=ADVANCED_FACE('',(#283),#95,.F.);
#2379=ADVANCED_FACE('',(#284),#233,.T.);
#2380=ADVANCED_FACE('',(#285),#96,.T.);
#2381=ADVANCED_FACE('',(#286),#97,.T.);
#2382=ADVANCED_FACE('',(#287),#234,.T.);
#2383=ADVANCED_FACE('',(#288),#98,.F.);
#2384=ADVANCED_FACE('',(#289),#99,.T.);
#2385=ADVANCED_FACE('',(#290),#100,.T.);
#2386=ADVANCED_FACE('',(#291),#235,.F.);
#2387=ADVANCED_FACE('',(#292),#101,.F.);
#2388=ADVANCED_FACE('',(#293),#102,.T.);
#2389=ADVANCED_FACE('',(#294),#236,.F.);
#2390=ADVANCED_FACE('',(#295),#237,.T.);
#2391=ADVANCED_FACE('',(#296),#103,.T.);
#2392=ADVANCED_FACE('',(#297),#104,.T.);
#2393=ADVANCED_FACE('',(#298),#105,.T.);
#2394=ADVANCED_FACE('',(#299),#238,.F.);
#2395=ADVANCED_FACE('',(#300),#106,.F.);
#2396=ADVANCED_FACE('',(#301),#107,.T.);
#2397=ADVANCED_FACE('',(#302),#108,.F.);
#2398=ADVANCED_FACE('',(#303),#239,.T.);
#2399=ADVANCED_FACE('',(#304),#109,.T.);
#2400=ADVANCED_FACE('',(#305),#240,.T.);
#2401=ADVANCED_FACE('',(#306),#110,.T.);
#2402=ADVANCED_FACE('',(#307),#241,.T.);
#2403=ADVANCED_FACE('',(#308),#111,.T.);
#2404=ADVANCED_FACE('',(#309),#112,.T.);
#2405=ADVANCED_FACE('',(#310),#113,.T.);
#2406=ADVANCED_FACE('',(#311),#114,.T.);
#2407=ADVANCED_FACE('',(#312),#115,.T.);
#2408=ADVANCED_FACE('',(#313),#116,.T.);
#2409=ADVANCED_FACE('',(#314),#117,.T.);
#2410=ADVANCED_FACE('',(#315),#118,.T.);
#2411=ADVANCED_FACE('',(#316),#119,.T.);
#2412=ADVANCED_FACE('',(#317),#120,.T.);
#2413=ADVANCED_FACE('',(#318),#121,.F.);
#2414=ADVANCED_FACE('',(#319),#122,.T.);
#2415=ADVANCED_FACE('',(#320),#123,.T.);
#2416=ADVANCED_FACE('',(#321),#124,.F.);
#2417=ADVANCED_FACE('',(#322),#125,.T.);
#2418=ADVANCED_FACE('',(#323),#126,.F.);
#2419=ADVANCED_FACE('',(#324),#127,.T.);
#2420=ADVANCED_FACE('',(#325),#128,.T.);
#2421=ADVANCED_FACE('',(#326),#129,.T.);
#2422=ADVANCED_FACE('',(#327),#15,.T.);
#2423=ADVANCED_FACE('',(#328),#16,.T.);
#2424=ADVANCED_FACE('',(#329),#130,.T.);
#2425=ADVANCED_FACE('',(#330),#17,.T.);
#2426=ADVANCED_FACE('',(#331),#242,.F.);
#2427=ADVANCED_FACE('',(#332),#131,.T.);
#2428=ADVANCED_FACE('',(#333),#18,.T.);
#2429=ADVANCED_FACE('',(#334),#19,.T.);
#2430=ADVANCED_FACE('',(#335),#132,.T.);
#2431=ADVANCED_FACE('',(#336),#20,.T.);
#2432=ADVANCED_FACE('',(#337),#243,.F.);
#2433=ADVANCED_FACE('',(#338),#21,.T.);
#2434=ADVANCED_FACE('',(#339),#22,.T.);
#2435=ADVANCED_FACE('',(#340),#23,.T.);
#2436=ADVANCED_FACE('',(#341),#133,.F.);
#2437=ADVANCED_FACE('',(#342),#244,.F.);
#2438=ADVANCED_FACE('',(#343),#134,.T.);
#2439=ADVANCED_FACE('',(#344),#24,.T.);
#2440=ADVANCED_FACE('',(#345),#25,.T.);
#2441=ADVANCED_FACE('',(#346),#135,.T.);
#2442=ADVANCED_FACE('',(#347),#26,.T.);
#2443=ADVANCED_FACE('',(#348),#245,.F.);
#2444=ADVANCED_FACE('',(#349),#27,.T.);
#2445=ADVANCED_FACE('',(#350),#28,.T.);
#2446=ADVANCED_FACE('',(#351),#29,.T.);
#2447=ADVANCED_FACE('',(#352),#246,.F.);
#2448=ADVANCED_FACE('',(#353,#159,#160),#136,.T.);
#2449=ADVANCED_FACE('',(#354),#30,.T.);
#2450=ADVANCED_FACE('',(#355),#31,.T.);
#2451=ADVANCED_FACE('',(#356),#32,.T.);
#2452=ADVANCED_FACE('',(#357),#137,.T.);
#2453=ADVANCED_FACE('',(#358,#161,#162,#163),#138,.T.);
#2454=ADVANCED_FACE('',(#359,#164,#165),#139,.T.);
#2455=ADVANCED_FACE('',(#360),#247,.T.);
#2456=ADVANCED_FACE('',(#361),#140,.T.);
#2457=ADVANCED_FACE('',(#362),#141,.T.);
#2458=ADVANCED_FACE('',(#363),#248,.T.);
#2459=ADVANCED_FACE('',(#364),#249,.F.);
#2460=ADVANCED_FACE('',(#365),#250,.F.);
#2461=ADVANCED_FACE('',(#366),#251,.F.);
#2462=ADVANCED_FACE('',(#367),#142,.T.);
#2463=ADVANCED_FACE('',(#368),#252,.T.);
#2464=ADVANCED_FACE('',(#369),#253,.F.);
#2465=ADVANCED_FACE('',(#370),#33,.T.);
#2466=ADVANCED_FACE('',(#371),#254,.F.);
#2467=ADVANCED_FACE('',(#372),#34,.T.);
#2468=ADVANCED_FACE('',(#373),#255,.F.);
#2469=ADVANCED_FACE('',(#374),#35,.T.);
#2470=ADVANCED_FACE('',(#375),#256,.F.);
#2471=ADVANCED_FACE('',(#376),#36,.T.);
#2472=ADVANCED_FACE('',(#377),#257,.F.);
#2473=ADVANCED_FACE('',(#378),#143,.T.);
#2474=ADVANCED_FACE('',(#379),#2347,.T.);
#2475=ADVANCED_FACE('',(#380),#144,.T.);
#2476=ADVANCED_FACE('',(#381),#2348,.T.);
#2477=ADVANCED_FACE('',(#382),#145,.T.);
#2478=ADVANCED_FACE('',(#383),#2349,.T.);
#2479=ADVANCED_FACE('',(#384,#166,#167,#168,#169),#146,.F.);
#2480=ADVANCED_FACE('',(#385),#147,.T.);
#2481=ADVANCED_FACE('',(#386),#2350,.T.);
#2482=ADVANCED_FACE('',(#387),#148,.T.);
#2483=ADVANCED_FACE('',(#388),#2351,.T.);
#2484=ADVANCED_FACE('',(#389),#149,.T.);
#2485=ADVANCED_FACE('',(#390),#2352,.T.);
#2486=CLOSED_SHELL('',(#2353,#2354,#2355,#2356,#2357,#2358,#2359,#2360,
#2361,#2362,#2363,#2364,#2365,#2366,#2367,#2368,#2369,#2370,#2371,#2372,
#2373,#2374,#2375,#2376,#2377,#2378,#2379,#2380,#2381,#2382,#2383,#2384,
#2385,#2386,#2387,#2388,#2389,#2390,#2391,#2392,#2393,#2394,#2395,#2396,
#2397,#2398,#2399,#2400,#2401,#2402,#2403,#2404,#2405,#2406,#2407,#2408,
#2409,#2410,#2411,#2412,#2413,#2414,#2415,#2416,#2417,#2418,#2419,#2420,
#2421,#2422,#2423,#2424,#2425,#2426,#2427,#2428,#2429,#2430,#2431,#2432,
#2433,#2434,#2435,#2436,#2437,#2438,#2439,#2440,#2441,#2442,#2443,#2444,
#2445,#2446,#2447,#2448,#2449,#2450,#2451,#2452,#2453,#2454,#2455,#2456,
#2457,#2458,#2459,#2460,#2461,#2462,#2463,#2464,#2465,#2466,#2467,#2468,
#2469,#2470,#2471,#2472,#2473,#2474,#2475,#2476,#2477,#2478,#2479,#2480,
#2481,#2482,#2483,#2484,#2485));
#2487=DERIVED_UNIT_ELEMENT(#2489,1.);
#2488=DERIVED_UNIT_ELEMENT(#4944,-3.);
#2489=(
MASS_UNIT()
NAMED_UNIT(*)
SI_UNIT(.KILO.,.GRAM.)
);
#2490=DERIVED_UNIT((#2487,#2488));
#2491=MEASURE_REPRESENTATION_ITEM('density measure',
POSITIVE_RATIO_MEASURE(7850.),#2490);
#2492=PROPERTY_DEFINITION_REPRESENTATION(#2497,#2494);
#2493=PROPERTY_DEFINITION_REPRESENTATION(#2498,#2495);
#2494=REPRESENTATION('material name',(#2496),#4941);
#2495=REPRESENTATION('density',(#2491),#4941);
#2496=DESCRIPTIVE_REPRESENTATION_ITEM('Steel','Steel');
#2497=PROPERTY_DEFINITION('material property','material name',#4951);
#2498=PROPERTY_DEFINITION('material property','density of part',#4951);
#2499=AXIS2_PLACEMENT_3D('',#3276,#2679,#2680);
#2500=AXIS2_PLACEMENT_3D('',#3277,#2681,#2682);
#2501=AXIS2_PLACEMENT_3D('',#3279,#2683,#2684);
#2502=AXIS2_PLACEMENT_3D('',#3282,#2686,#2687);
#2503=AXIS2_PLACEMENT_3D('',#3283,#2688,#2689);
#2504=AXIS2_PLACEMENT_3D('',#3286,#2691,#2692);
#2505=AXIS2_PLACEMENT_3D('',#3433,#2693,#2694);
#2506=AXIS2_PLACEMENT_3D('',#3438,#2696,#2697);
#2507=AXIS2_PLACEMENT_3D('',#3442,#2699,#2700);
#2508=AXIS2_PLACEMENT_3D('',#3445,#2702,#2703);
#2509=AXIS2_PLACEMENT_3D('',#3447,#2704,#2705);
#2510=AXIS2_PLACEMENT_3D('',#3449,#2706,#2707);
#2511=AXIS2_PLACEMENT_3D('',#3451,#2708,#2709);
#2512=AXIS2_PLACEMENT_3D('',#3452,#2710,#2711);
#2513=AXIS2_PLACEMENT_3D('',#3455,#2712,#2713);
#2514=AXIS2_PLACEMENT_3D('',#3459,#2715,#2716);
#2515=AXIS2_PLACEMENT_3D('',#3461,#2717,#2718);
#2516=AXIS2_PLACEMENT_3D('',#3464,#2720,#2721);
#2517=AXIS2_PLACEMENT_3D('',#3465,#2722,#2723);
#2518=AXIS2_PLACEMENT_3D('',#3487,#2729,#2730);
#2519=AXIS2_PLACEMENT_3D('',#3489,#2732,#2733);
#2520=AXIS2_PLACEMENT_3D('',#3497,#2738,#2739);
#2521=AXIS2_PLACEMENT_3D('',#3501,#2742,#2743);
#2522=AXIS2_PLACEMENT_3D('',#3504,#2744,#2745);
#2523=AXIS2_PLACEMENT_3D('',#3508,#2747,#2748);
#2524=AXIS2_PLACEMENT_3D('',#3510,#2750,#2751);
#2525=AXIS2_PLACEMENT_3D('',#3521,#2758,#2759);
#2526=AXIS2_PLACEMENT_3D('',#3523,#2760,#2761);
#2527=AXIS2_PLACEMENT_3D('',#3525,#2763,#2764);
#2528=AXIS2_PLACEMENT_3D('',#3527,#2766,#2767);
#2529=AXIS2_PLACEMENT_3D('',#3529,#2768,#2769);
#2530=AXIS2_PLACEMENT_3D('',#3532,#2771,#2772);
#2531=AXIS2_PLACEMENT_3D('',#3533,#2773,#2774);
#2532=AXIS2_PLACEMENT_3D('',#3534,#2775,#2776);
#2533=AXIS2_PLACEMENT_3D('',#3536,#2777,#2778);
#2534=AXIS2_PLACEMENT_3D('',#3538,#2780,#2781);
#2535=AXIS2_PLACEMENT_3D('',#3547,#2786,#2787);
#2536=AXIS2_PLACEMENT_3D('',#3549,#2788,#2789);
#2537=AXIS2_PLACEMENT_3D('',#3557,#2794,#2795);
#2538=AXIS2_PLACEMENT_3D('',#3561,#2797,#2798);
#2539=AXIS2_PLACEMENT_3D('',#3563,#2799,#2800);
#2540=AXIS2_PLACEMENT_3D('',#3564,#2801,#2802);
#2541=AXIS2_PLACEMENT_3D('',#3565,#2803,#2804);
#2542=AXIS2_PLACEMENT_3D('',#3582,#2809,#2810);
#2543=AXIS2_PLACEMENT_3D('',#3584,#2812,#2813);
#2544=AXIS2_PLACEMENT_3D('',#3587,#2814,#2815);
#2545=AXIS2_PLACEMENT_3D('',#3591,#2817,#2818);
#2546=AXIS2_PLACEMENT_3D('',#3593,#2820,#2821);
#2547=AXIS2_PLACEMENT_3D('',#3607,#2829,#2830);
#2548=AXIS2_PLACEMENT_3D('',#3609,#2831,#2832);
#2549=AXIS2_PLACEMENT_3D('',#3612,#2834,#2835);
#2550=AXIS2_PLACEMENT_3D('',#3613,#2836,#2837);
#2551=AXIS2_PLACEMENT_3D('',#3619,#2841,#2842);
#2552=AXIS2_PLACEMENT_3D('',#3621,#2843,#2844);
#2553=AXIS2_PLACEMENT_3D('',#3623,#2845,#2846);
#2554=AXIS2_PLACEMENT_3D('',#3636,#2847,#2848);
#2555=AXIS2_PLACEMENT_3D('',#3639,#2850,#2851);
#2556=AXIS2_PLACEMENT_3D('',#3640,#2852,#2853);
#2557=AXIS2_PLACEMENT_3D('',#3658,#2858,#2859);
#2558=AXIS2_PLACEMENT_3D('',#3676,#2864,#2865);
#2559=AXIS2_PLACEMENT_3D('',#3678,#2866,#2867);
#2560=AXIS2_PLACEMENT_3D('',#3680,#2868,#2869);
#2561=AXIS2_PLACEMENT_3D('',#3682,#2871,#2872);
#2562=AXIS2_PLACEMENT_3D('',#3688,#2876,#2877);
#2563=AXIS2_PLACEMENT_3D('',#3694,#2881,#2882);
#2564=AXIS2_PLACEMENT_3D('',#3697,#2883,#2884);
#2565=AXIS2_PLACEMENT_3D('',#3713,#2887,#2888);
#2566=AXIS2_PLACEMENT_3D('',#3714,#2889,#2890);
#2567=AXIS2_PLACEMENT_3D('',#3732,#2895,#2896);
#2568=AXIS2_PLACEMENT_3D('',#3733,#2897,#2898);
#2569=AXIS2_PLACEMENT_3D('',#3737,#2900,#2901);
#2570=AXIS2_PLACEMENT_3D('',#3741,#2904,#2905);
#2571=AXIS2_PLACEMENT_3D('',#3748,#2909,#2910);
#2572=AXIS2_PLACEMENT_3D('',#3749,#2911,#2912);
#2573=AXIS2_PLACEMENT_3D('',#3753,#2914,#2915);
#2574=AXIS2_PLACEMENT_3D('',#3755,#2916,#2917);
#2575=AXIS2_PLACEMENT_3D('',#3758,#2919,#2920);
#2576=AXIS2_PLACEMENT_3D('',#3759,#2921,#2922);
#2577=AXIS2_PLACEMENT_3D('',#3778,#2928,#2929);
#2578=AXIS2_PLACEMENT_3D('',#3779,#2930,#2931);
#2579=AXIS2_PLACEMENT_3D('',#3782,#2932,#2933);
#2580=AXIS2_PLACEMENT_3D('',#3786,#2935,#2936);
#2581=AXIS2_PLACEMENT_3D('',#3788,#2937,#2938);
#2582=AXIS2_PLACEMENT_3D('',#3792,#2940,#2941);
#2583=AXIS2_PLACEMENT_3D('',#3803,#2942,#2943);
#2584=AXIS2_PLACEMENT_3D('',#3807,#2945,#2946);
#2585=AXIS2_PLACEMENT_3D('',#3809,#2947,#2948);
#2586=AXIS2_PLACEMENT_3D('',#3811,#2950,#2951);
#2587=AXIS2_PLACEMENT_3D('',#3817,#2955,#2956);
#2588=AXIS2_PLACEMENT_3D('',#3821,#2959,#2960);
#2589=AXIS2_PLACEMENT_3D('',#3827,#2964,#2965);
#2590=AXIS2_PLACEMENT_3D('',#3830,#2966,#2967);
#2591=AXIS2_PLACEMENT_3D('',#3834,#2969,#2970);
#2592=AXIS2_PLACEMENT_3D('',#3847,#2971,#2972);
#2593=AXIS2_PLACEMENT_3D('',#3850,#2974,#2975);
#2594=AXIS2_PLACEMENT_3D('',#3851,#2976,#2977);
#2595=AXIS2_PLACEMENT_3D('',#3855,#2979,#2980);
#2596=AXIS2_PLACEMENT_3D('',#3872,#2985,#2986);
#2597=AXIS2_PLACEMENT_3D('',#3876,#2989,#2990);
#2598=AXIS2_PLACEMENT_3D('',#3897,#2996,#2997);
#2599=AXIS2_PLACEMENT_3D('',#3898,#2998,#2999);
#2600=AXIS2_PLACEMENT_3D('',#3900,#3001,#3002);
#2601=AXIS2_PLACEMENT_3D('',#3904,#3005,#3006);
#2602=AXIS2_PLACEMENT_3D('',#3907,#3007,#3008);
#2603=AXIS2_PLACEMENT_3D('',#3911,#3010,#3011);
#2604=AXIS2_PLACEMENT_3D('',#3913,#3013,#3014);
#2605=AXIS2_PLACEMENT_3D('',#3921,#3020,#3021);
#2606=AXIS2_PLACEMENT_3D('',#3922,#3022,#3023);
#2607=AXIS2_PLACEMENT_3D('',#3930,#3028,#3029);
#2608=AXIS2_PLACEMENT_3D('',#3936,#3033,#3034);
#2609=AXIS2_PLACEMENT_3D('',#3941,#3038,#3039);
#2610=AXIS2_PLACEMENT_3D('',#3943,#3041,#3042);
#2611=AXIS2_PLACEMENT_3D('',#3951,#3047,#3048);
#2612=AXIS2_PLACEMENT_3D('',#3954,#3051,#3052);
#2613=AXIS2_PLACEMENT_3D('',#3956,#3054,#3055);
#2614=AXIS2_PLACEMENT_3D('',#3962,#3059,#3060);
#2615=AXIS2_PLACEMENT_3D('',#3967,#3064,#3065);
#2616=AXIS2_PLACEMENT_3D('',#3971,#3068,#3069);
#2617=AXIS2_PLACEMENT_3D('',#3986,#3073,#3074);
#2618=AXIS2_PLACEMENT_3D('',#3991,#3078,#3079);
#2619=AXIS2_PLACEMENT_3D('',#3997,#3083,#3084);
#2620=AXIS2_PLACEMENT_3D('',#4011,#3087,#3088);
#2621=AXIS2_PLACEMENT_3D('',#4016,#3092,#3093);
#2622=AXIS2_PLACEMENT_3D('',#4032,#3097,#3098);
#2623=AXIS2_PLACEMENT_3D('',#4034,#3100,#3101);
#2624=AXIS2_PLACEMENT_3D('',#4038,#3104,#3105);
#2625=AXIS2_PLACEMENT_3D('',#4100,#3109,#3110);
#2626=AXIS2_PLACEMENT_3D('',#4118,#3112,#3113);
#2627=AXIS2_PLACEMENT_3D('',#4126,#3114,#3115);
#2628=AXIS2_PLACEMENT_3D('',#4201,#3120,#3121);
#2629=AXIS2_PLACEMENT_3D('',#4219,#3123,#3124);
#2630=AXIS2_PLACEMENT_3D('',#4308,#3127,#3128);
#2631=AXIS2_PLACEMENT_3D('',#4311,#3131,#3132);
#2632=AXIS2_PLACEMENT_3D('',#4312,#3133,#3134);
#2633=AXIS2_PLACEMENT_3D('',#4374,#3138,#3139);
#2634=AXIS2_PLACEMENT_3D('',#4392,#3141,#3142);
#2635=AXIS2_PLACEMENT_3D('',#4469,#3145,#3146);
#2636=AXIS2_PLACEMENT_3D('',#4470,#3147,#3148);
#2637=AXIS2_PLACEMENT_3D('',#4555,#3156,#3157);
#2638=AXIS2_PLACEMENT_3D('',#4557,#3159,#3160);
#2639=AXIS2_PLACEMENT_3D('',#4596,#3166,#3167);
#2640=AXIS2_PLACEMENT_3D('',#4616,#3172,#3173);
#2641=AXIS2_PLACEMENT_3D('',#4617,#3174,#3175);
#2642=AXIS2_PLACEMENT_3D('',#4618,#3176,#3177);
#2643=AXIS2_PLACEMENT_3D('',#4619,#3178,#3179);
#2644=AXIS2_PLACEMENT_3D('',#4620,#3180,#3181);
#2645=AXIS2_PLACEMENT_3D('',#4621,#3182,#3183);
#2646=AXIS2_PLACEMENT_3D('',#4622,#3184,#3185);
#2647=AXIS2_PLACEMENT_3D('',#4623,#3186,#3187);
#2648=AXIS2_PLACEMENT_3D('',#4624,#3188,#3189);
#2649=AXIS2_PLACEMENT_3D('',#4627,#3191,#3192);
#2650=AXIS2_PLACEMENT_3D('',#4628,#3193,#3194);
#2651=AXIS2_PLACEMENT_3D('',#4631,#3196,#3197);
#2652=AXIS2_PLACEMENT_3D('',#4632,#3198,#3199);
#2653=AXIS2_PLACEMENT_3D('',#4635,#3201,#3202);
#2654=AXIS2_PLACEMENT_3D('',#4636,#3203,#3204);
#2655=AXIS2_PLACEMENT_3D('',#4637,#3205,#3206);
#2656=AXIS2_PLACEMENT_3D('',#4638,#3207,#3208);
#2657=AXIS2_PLACEMENT_3D('',#4639,#3209,#3210);
#2658=AXIS2_PLACEMENT_3D('',#4640,#3211,#3212);
#2659=AXIS2_PLACEMENT_3D('',#4708,#3214,#3215);
#2660=AXIS2_PLACEMENT_3D('',#4782,#3218,#3219);
#2661=AXIS2_PLACEMENT_3D('',#4836,#3222,#3223);
#2662=AXIS2_PLACEMENT_3D('',#4900,#3226,#3227);
#2663=AXIS2_PLACEMENT_3D('',#4902,#3229,#3230);
#2664=AXIS2_PLACEMENT_3D('',#4908,#3234,#3235);
#2665=AXIS2_PLACEMENT_3D('',#4911,#3237,#3238);
#2666=AXIS2_PLACEMENT_3D('',#4912,#3239,#3240);
#2667=AXIS2_PLACEMENT_3D('',#4916,#3243,#3244);
#2668=AXIS2_PLACEMENT_3D('',#4919,#3246,#3247);
#2669=AXIS2_PLACEMENT_3D('',#4920,#3248,#3249);
#2670=AXIS2_PLACEMENT_3D('',#4924,#3252,#3253);
#2671=AXIS2_PLACEMENT_3D('',#4925,#3254,#3255);
#2672=AXIS2_PLACEMENT_3D('',#4926,#3256,#3257);
#2673=AXIS2_PLACEMENT_3D('',#4927,#3258,#3259);
#2674=AXIS2_PLACEMENT_3D('',#4930,#3262,#3263);
#2675=AXIS2_PLACEMENT_3D('',#4932,#3265,#3266);
#2676=AXIS2_PLACEMENT_3D('',#4934,#3268,#3269);
#2677=AXIS2_PLACEMENT_3D('',#4936,#3271,#3272);
#2678=AXIS2_PLACEMENT_3D('',#4938,#3274,#3275);
#2679=DIRECTION('axis',(0.,0.,1.));
#2680=DIRECTION('refdir',(1.,0.,0.));
#2681=DIRECTION('center_axis',(0.,0.,1.));
#2682=DIRECTION('ref_axis',(-1.,0.,0.));
#2683=DIRECTION('center_axis',(0.,0.,1.));
#2684=DIRECTION('ref_axis',(-1.,0.,0.));
#2685=DIRECTION('',(-0.707106781186547,-8.65956056235493E-17,-0.707106781186548));
#2686=DIRECTION('center_axis',(0.,0.,-1.));
#2687=DIRECTION('ref_axis',(-1.,0.,0.));
#2688=DIRECTION('center_axis',(0.,0.,-1.));
#2689=DIRECTION('ref_axis',(-1.,0.,0.));
#2690=DIRECTION('',(0.,0.,-1.));
#2691=DIRECTION('center_axis',(0.,0.,-1.));
#2692=DIRECTION('ref_axis',(-1.,0.,0.));
#2693=DIRECTION('center_axis',(0.,0.,1.));
#2694=DIRECTION('ref_axis',(1.,0.,0.));
#2695=DIRECTION('',(0.5,-0.866025403784439,0.));
#2696=DIRECTION('center_axis',(0.,0.,-1.));
#2697=DIRECTION('ref_axis',(1.94289029309402E-15,1.,0.));
#2698=DIRECTION('',(0.5,0.866025403784439,0.));
#2699=DIRECTION('center_axis',(0.,0.,-1.));
#2700=DIRECTION('ref_axis',(-0.866025403784442,-0.499999999999994,0.));
#2701=DIRECTION('',(-1.,3.17242050050906E-16,0.));
#2702=DIRECTION('center_axis',(0.,0.,-1.));
#2703=DIRECTION('ref_axis',(0.86602540378444,-0.499999999999997,0.));
#2704=DIRECTION('center_axis',(0.,0.,-1.));
#2705=DIRECTION('ref_axis',(-1.,0.,0.));
#2706=DIRECTION('center_axis',(0.,0.,-1.));
#2707=DIRECTION('ref_axis',(-1.,0.,0.));
#2708=DIRECTION('center_axis',(0.,0.,-1.));
#2709=DIRECTION('ref_axis',(-1.,0.,0.));
#2710=DIRECTION('center_axis',(5.76888805915068E-17,9.99200722162638E-17,
-1.));
#2711=DIRECTION('ref_axis',(1.,0.,0.));
#2712=DIRECTION('center_axis',(-0.162346375018362,0.281192169956432,0.94581954836723));
#2713=DIRECTION('ref_axis',(0.472909774183617,-0.819103756281945,0.324692750036722));
#2714=DIRECTION('',(-5.76888805915068E-17,-9.99200722162638E-17,1.));
#2715=DIRECTION('center_axis',(-0.283008243293453,0.490184656345073,-0.824393920957582));
#2716=DIRECTION('ref_axis',(0.412196960478792,-0.713946078274726,-0.566016486586905));
#2717=DIRECTION('center_axis',(-0.665576078812463,0.573563030592215,-0.477528986817031));
#2718=DIRECTION('ref_axis',(0.361741502951547,-0.311732286253535,-0.878615995045333));
#2719=DIRECTION('',(5.76888805915068E-17,9.99200722162638E-17,-1.));
#2720=DIRECTION('center_axis',(-0.64243325574573,0.488017893385248,0.590862122366772));
#2721=DIRECTION('ref_axis',(0.470503707066674,-0.357413359129571,0.8067725530484));
#2722=DIRECTION('center_axis',(0.162346375018362,-0.281192169956432,-0.94581954836723));
#2723=DIRECTION('ref_axis',(0.472909774183616,-0.819103756281945,0.324692750036722));
#2724=DIRECTION('',(0.492793252460842,0.853542950889295,-0.169172223831988));
#2725=DIRECTION('',(-0.830116207950838,0.4792678371112,-0.284972668177271));
#2726=DIRECTION('',(-0.866025403784438,-0.500000000000001,-1.72086207540795E-16));
#2727=DIRECTION('',(8.66318578469894E-16,-0.958535643586611,0.284972665310205));
#2728=DIRECTION('',(-0.985586504921683,0.,-0.169172223831989));
#2729=DIRECTION('center_axis',(0.162346375018362,-0.281192169956432,-0.94581954836723));
#2730=DIRECTION('ref_axis',(-0.472909774183611,0.819103756281948,-0.324692750036722));
#2731=DIRECTION('',(0.492793252460842,0.853542950889295,-0.169172223831988));
#2732=DIRECTION('center_axis',(-0.64243325574573,0.488017893385248,0.590862122366772));
#2733=DIRECTION('ref_axis',(0.676947021638982,0.,0.736031745167361));
#2734=DIRECTION('',(-0.310991329090147,0.538652782697506,-0.783031016577873));
#2735=DIRECTION('',(-0.492793252460842,-0.853542950889295,0.169172223831988));
#2736=DIRECTION('',(0.541601446644045,-0.256342861435204,0.800597408429661));
#2737=DIRECTION('',(0.6316011108095,0.773831656459133,0.0475878585977624));
#2738=DIRECTION('center_axis',(-0.866025403784438,-0.500000000000001,-9.99200722162639E-17));
#2739=DIRECTION('ref_axis',(1.15377761183014E-16,0.,-1.));
#2740=DIRECTION('',(0.249456076803853,-0.432070599281076,-0.86665256186232));
#2741=DIRECTION('',(1.15377761183014E-16,0.,-1.));
#2742=DIRECTION('center_axis',(0.,0.,-1.));
#2743=DIRECTION('ref_axis',(0.866025403784441,-0.499999999999996,0.));
#2744=DIRECTION('center_axis',(-0.283008243293452,-0.490184656345074,0.824393920957582));
#2745=DIRECTION('ref_axis',(-0.412196960478788,-0.713946078274729,-0.566016486586905));
#2746=DIRECTION('',(0.,0.,-1.));
#2747=DIRECTION('center_axis',(-0.162346375018361,-0.281192169956432,-0.94581954836723));
#2748=DIRECTION('ref_axis',(-0.472909774183611,-0.819103756281948,0.324692750036722));
#2749=DIRECTION('',(0.,0.,1.));
#2750=DIRECTION('center_axis',(0.,-1.,0.));
#2751=DIRECTION('ref_axis',(-1.,0.,0.));
#2752=DIRECTION('',(0.945819548536076,0.,0.324692749544879));
#2753=DIRECTION('',(-1.,0.,2.31509288804685E-15));
#2754=DIRECTION('',(0.945819548536076,0.,-0.32469274954488));
#2755=DIRECTION('',(0.,0.,1.));
#2756=DIRECTION('',(1.,0.,-1.35321721774933E-15));
#2757=DIRECTION('',(-0.985586504921683,0.,0.169172223831989));
#2758=DIRECTION('center_axis',(0.,0.,-1.));
#2759=DIRECTION('ref_axis',(-0.866025403784441,-0.499999999999996,0.));
#2760=DIRECTION('center_axis',(0.283008243293453,-0.490184656345073,0.824393920957582));
#2761=DIRECTION('ref_axis',(-0.412196960478788,0.713946078274728,0.566016486586905));
#2762=DIRECTION('',(0.,0.,-1.));
#2763=DIRECTION('center_axis',(-0.866025403784439,0.5,0.));
#2764=DIRECTION('ref_axis',(0.5,0.866025403784439,0.));
#2765=DIRECTION('',(-0.472909774268038,-0.819103756428171,-0.324692749544879));
#2766=DIRECTION('center_axis',(0.,0.,1.));
#2767=DIRECTION('ref_axis',(1.,0.,0.));
#2768=DIRECTION('center_axis',(0.,0.,-1.));
#2769=DIRECTION('ref_axis',(1.,0.,0.));
#2770=DIRECTION('',(-0.707106781186549,8.65956056235495E-17,0.707106781186546));
#2771=DIRECTION('center_axis',(0.,0.,1.));
#2772=DIRECTION('ref_axis',(1.,0.,0.));
#2773=DIRECTION('center_axis',(0.,0.,1.));
#2774=DIRECTION('ref_axis',(-1.,0.,0.));
#2775=DIRECTION('center_axis',(0.,0.,1.));
#2776=DIRECTION('ref_axis',(1.,0.,0.));
#2777=DIRECTION('center_axis',(0.,0.,-1.));
#2778=DIRECTION('ref_axis',(1.,0.,0.));
#2779=DIRECTION('',(0.,0.,1.));
#2780=DIRECTION('center_axis',(-0.5,-0.866025403784439,-5.65391355133182E-17));
#2781=DIRECTION('ref_axis',(-0.866025403784438,0.5,1.34886909533898E-16));
#2782=DIRECTION('',(1.13078271026636E-16,0.,-1.));
#2783=DIRECTION('',(-0.740476766382576,0.427514460399644,-0.518580316437874));
#2784=DIRECTION('',(5.65391355133181E-17,-9.7928655325089E-17,1.));
#2785=DIRECTION('',(0.765626332918645,-0.442034569409246,-0.467356135927122));
#2786=DIRECTION('center_axis',(0.642433255745729,0.488017893385247,0.590862122366774));
#2787=DIRECTION('ref_axis',(0.676947021638984,0.,-0.73603174516736));
#2788=DIRECTION('center_axis',(0.642433255745729,0.488017893385247,0.590862122366774));
#2789=DIRECTION('ref_axis',(-0.470503707066675,-0.357413359129572,0.806772553048399));
#2790=DIRECTION('',(0.492793252460841,-0.853542950889295,0.169172223831989));
#2791=DIRECTION('',(0.631601110809498,-0.773831656459134,-0.0475878585977589));
#2792=DIRECTION('',(-0.54160144664404,-0.256342861435217,0.80059740842966));
#2793=DIRECTION('',(-0.492793252460841,0.853542950889295,-0.169172223831989));
#2794=DIRECTION('center_axis',(5.65391355133181E-17,-9.7928655325089E-17,
1.));
#2795=DIRECTION('ref_axis',(-0.707106781186541,0.707106781186554,0.));
#2796=DIRECTION('',(-5.65391355133181E-17,9.7928655325089E-17,-1.));
#2797=DIRECTION('center_axis',(0.162346375018361,0.281192169956432,0.94581954836723));
#2798=DIRECTION('ref_axis',(0.472909774183615,0.819103756281945,-0.324692750036722));
#2799=DIRECTION('center_axis',(0.665576078812464,0.573563030592215,-0.477528986817029));
#2800=DIRECTION('ref_axis',(-0.361741502951546,-0.311732286253533,-0.878615995045334));
#2801=DIRECTION('center_axis',(0.283008243293452,0.490184656345074,-0.824393920957582));
#2802=DIRECTION('ref_axis',(0.412196960478791,0.713946078274727,0.566016486586905));
#2803=DIRECTION('center_axis',(-0.162346375018361,-0.281192169956432,-0.94581954836723));
#2804=DIRECTION('ref_axis',(0.472909774183615,0.819103756281945,-0.324692750036722));
#2805=DIRECTION('',(0.492793252460841,-0.853542950889295,0.169172223831989));
#2806=DIRECTION('',(-8.57306544294403E-16,0.958535643586611,-0.284972665310205));
#2807=DIRECTION('',(-0.866025403784439,0.5,1.47656392994862E-16));
#2808=DIRECTION('',(-0.830116207950837,-0.479267837111202,0.284972668177271));
#2809=DIRECTION('center_axis',(0.866025403784439,0.5,0.));
#2810=DIRECTION('ref_axis',(0.5,-0.866025403784439,0.));
#2811=DIRECTION('',(-0.472909774268038,0.819103756428171,0.324692749544879));
#2812=DIRECTION('center_axis',(0.,0.,-1.));
#2813=DIRECTION('ref_axis',(-0.866025403784438,-0.5,0.));
#2814=DIRECTION('center_axis',(-0.283008243293451,0.490184656345074,0.824393920957582));
#2815=DIRECTION('ref_axis',(-0.412196960478791,0.713946078274727,-0.566016486586905));
#2816=DIRECTION('',(0.,0.,-1.));
#2817=DIRECTION('center_axis',(-0.16234637501836,0.281192169956433,-0.94581954836723));
#2818=DIRECTION('ref_axis',(-0.472909774183615,0.819103756281945,0.324692750036722));
#2819=DIRECTION('',(0.,0.,1.));
#2820=DIRECTION('center_axis',(-0.866025403784438,0.500000000000001,0.));
#2821=DIRECTION('ref_axis',(0.500000000000001,0.866025403784438,0.));
#2822=DIRECTION('',(-0.472909774268039,-0.81910375642817,0.324692749544879));
#2823=DIRECTION('',(0.500000000000001,0.866025403784438,-1.27738472848002E-9));
#2824=DIRECTION('',(-0.472909774813974,-0.819103757373758,-0.324692746364294));
#2825=DIRECTION('',(0.,0.,1.));
#2826=DIRECTION('',(0.492793252151976,0.853542950354321,-0.169172227430862));
#2827=DIRECTION('',(-0.500000000000001,-0.866025403784438,1.68139306494966E-9));
#2828=DIRECTION('',(0.492793252460843,0.853542950889294,0.169172223831989));
#2829=DIRECTION('center_axis',(0.,0.,-1.));
#2830=DIRECTION('ref_axis',(0.,1.,0.));
#2831=DIRECTION('center_axis',(-0.566016482374632,0.,0.824393923849666));
#2832=DIRECTION('ref_axis',(0.824393923849666,0.,0.566016482374632));
#2833=DIRECTION('',(0.,0.,-1.));
#2834=DIRECTION('center_axis',(-0.324692756397893,0.,-0.945819546183488));
#2835=DIRECTION('ref_axis',(0.945819546183488,0.,-0.324692756397893));
#2836=DIRECTION('center_axis',(0.866025403784439,0.5,0.));
#2837=DIRECTION('ref_axis',(0.5,-0.866025403784439,0.));
#2838=DIRECTION('',(-0.472909774813973,0.819103757373759,-0.324692746364294));
#2839=DIRECTION('',(-1.70803542250024E-16,2.95840413289779E-16,1.));
#2840=DIRECTION('',(0.492793252151975,-0.853542950354322,-0.169172227430861));
#2841=DIRECTION('center_axis',(1.70803542250024E-16,-2.95840413289779E-16,
-1.));
#2842=DIRECTION('ref_axis',(0.258819045102492,-0.965925826289076,0.));
#2843=DIRECTION('center_axis',(0.324692756397893,0.,0.945819546183488));
#2844=DIRECTION('ref_axis',(0.945819546183488,-5.57850026072757E-16,-0.324692756397894));
#2845=DIRECTION('center_axis',(0.566016482374632,0.,-0.824393923849666));
#2846=DIRECTION('ref_axis',(0.824393923849666,4.57630557809488E-16,0.566016482374632));
#2847=DIRECTION('center_axis',(0.829508193146036,0.289624277461215,-0.477528989076755));
#2848=DIRECTION('ref_axis',(-0.450838832540463,-0.157411189190029,-0.87861599381717));
#2849=DIRECTION('',(1.70803542250024E-16,-2.95840413289779E-16,-1.));
#2850=DIRECTION('center_axis',(0.74385252342051,0.312354572347585,0.590862119732258));
#2851=DIRECTION('ref_axis',(-0.544780900198686,-0.228761481270792,0.806772554977859));
#2852=DIRECTION('center_axis',(-0.566016482374632,0.,0.824393923849666));
#2853=DIRECTION('ref_axis',(0.824393923849666,0.,0.566016482374632));
#2854=DIRECTION('',(0.744378139803929,-0.429766909982695,0.511078847210456));
#2855=DIRECTION('',(0.,-1.,0.));
#2856=DIRECTION('',(-0.744378139803929,-0.429766909982694,-0.511078847210456));
#2857=DIRECTION('',(-0.472909774813973,0.819103757373759,-0.324692746364294));
#2858=DIRECTION('center_axis',(-0.324692756397893,0.,-0.945819546183488));
#2859=DIRECTION('ref_axis',(-0.945819546183487,0.,0.324692756397893));
#2860=DIRECTION('',(0.492793252151975,-0.853542950354322,-0.169172227430861));
#2861=DIRECTION('',(0.830116207950837,0.479267837111202,-0.284972668177271));
#2862=DIRECTION('',(0.,1.,0.));
#2863=DIRECTION('',(-0.830116207950837,0.479267837111203,0.284972668177271));
#2864=DIRECTION('center_axis',(-0.472909774813973,0.819103757373759,-0.324692746364294));
#2865=DIRECTION('ref_axis',(0.722926698123653,0.1500346975401,-0.674437972443785));
#2866=DIRECTION('center_axis',(-0.442607264472142,-0.255539424556087,0.859533834083354));
#2867=DIRECTION('ref_axis',(0.621113525890092,-0.778728228950633,0.0883194961024344));
#2868=DIRECTION('center_axis',(-0.752764616084265,-0.434608854461959,0.49442954644193));
#2869=DIRECTION('ref_axis',(0.60155926320865,-0.759179433243722,0.248541829452525));
#2870=DIRECTION('',(0.472909774813973,-0.819103757373759,0.324692746364294));
#2871=DIRECTION('center_axis',(0.829508193146036,0.289624277461215,-0.477528989076755));
#2872=DIRECTION('ref_axis',(-0.498912156024531,0.,-0.866652560471008));
#2873=DIRECTION('',(-0.391479377445206,-0.30828426736869,-0.867009058504041));
#2874=DIRECTION('',(0.472909774813973,-0.819103757373759,0.324692746364294));
#2875=DIRECTION('',(-8.85753547615572E-17,0.855028921605946,0.518580315107866));
#2876=DIRECTION('center_axis',(0.752764616084265,0.434608854461959,-0.49442954644193));
#2877=DIRECTION('ref_axis',(-0.548988390897894,0.,-0.83582997473131));
#2878=DIRECTION('',(-0.5,0.866025403784439,1.27738708575432E-9));
#2879=DIRECTION('',(-0.46272170303084,-0.184888938891366,-0.867009057518931));
#2880=DIRECTION('',(0.5,-0.866025403784439,-1.27738708575432E-9));
#2881=DIRECTION('center_axis',(0.945819548536076,-2.74870915932394E-16,
0.324692749544878));
#2882=DIRECTION('ref_axis',(0.231529491096431,-0.701090236657424,-0.67443796958376));
#2883=DIRECTION('center_axis',(1.8823465886337E-15,0.511078849277748,0.859533832854143));
#2884=DIRECTION('ref_axis',(0.984955191428824,-0.148535978928613,0.0883194986462614));
#2885=DIRECTION('',(0.945819548536076,-2.4766020134278E-16,0.324692749544878));
#2886=DIRECTION('',(-0.945819548536076,2.50912655343105E-16,-0.324692749544878));
#2887=DIRECTION('center_axis',(1.26526911346024E-15,0.869217708424578,0.494429545396637));
#2888=DIRECTION('ref_axis',(0.958248305920964,-0.141375887870127,0.248541832552461));
#2889=DIRECTION('center_axis',(-0.283008243293451,0.490184656345074,0.824393920957582));
#2890=DIRECTION('ref_axis',(-0.412196960478789,0.713946078274728,-0.566016486586905));
#2891=DIRECTION('',(-1.0382478587188E-15,-0.859533832854143,0.511078849277748));
#2892=DIRECTION('',(-0.86602540378444,-0.499999999999998,-1.3581958747923E-16));
#2893=DIRECTION('',(-0.744378139803929,0.429766909982695,-0.511078847210456));
#2894=DIRECTION('',(0.945819548536076,-1.66508807093932E-16,0.324692749544878));
#2895=DIRECTION('center_axis',(0.283008243293451,-0.490184656345074,-0.824393920957582));
#2896=DIRECTION('ref_axis',(0.41219696047879,-0.713946078274728,0.566016486586905));
#2897=DIRECTION('center_axis',(-1.8823465886337E-15,-0.511078849277748,
-0.859533832854143));
#2898=DIRECTION('ref_axis',(-1.,0.,2.18996218262083E-15));
#2899=DIRECTION('',(1.,-3.17242050050906E-16,-2.00133004775285E-15));
#2900=DIRECTION('center_axis',(1.8823465886337E-15,0.511078849277748,0.859533832854143));
#2901=DIRECTION('ref_axis',(-0.984955191428824,-0.148535978928611,0.0883194986462647));
#2902=DIRECTION('',(1.00682763193249E-15,0.859533832854143,-0.511078849277748));
#2903=DIRECTION('',(1.,-1.73631966603514E-15,-1.15754644402343E-15));
#2904=DIRECTION('center_axis',(-1.26526911346024E-15,-0.869217708424578,
-0.494429545396637));
#2905=DIRECTION('ref_axis',(0.,0.494429545396637,-0.869217708424578));
#2906=DIRECTION('',(0.071242326106408,0.493173218334141,-0.867009058596791));
#2907=DIRECTION('',(-1.,3.17242050050906E-16,2.00133004775285E-15));
#2908=DIRECTION('',(-0.0712423261064131,0.493173218334142,-0.86700905859679));
#2909=DIRECTION('center_axis',(1.26526911346024E-15,0.869217708424578,0.494429545396637));
#2910=DIRECTION('ref_axis',(-0.958248305920964,-0.141375887870125,0.248541832552462));
#2911=DIRECTION('center_axis',(-2.28833356051337E-17,4.02854531801379E-33,
1.));
#2912=DIRECTION('ref_axis',(0.965925826289071,0.258819045102512,0.));
#2913=DIRECTION('',(2.28833356051337E-17,-4.02854531801379E-33,-1.));
#2914=DIRECTION('center_axis',(0.16234637501836,-0.281192169956433,0.94581954836723));
#2915=DIRECTION('ref_axis',(0.472909774183613,-0.819103756281947,-0.324692750036722));
#2916=DIRECTION('center_axis',(0.101419265300125,-0.800372466404371,0.590862122366772));
#2917=DIRECTION('ref_axis',(-0.0742771951248015,0.586174842459277,0.8067725530484));
#2918=DIRECTION('',(-2.28833356051337E-17,5.36286872421259E-33,1.));
#2919=DIRECTION('center_axis',(0.163932115758216,-0.863187307698937,-0.477528986817026));
#2920=DIRECTION('ref_axis',(-0.0890973275995879,0.469143474285966,-0.878615995045335));
#2921=DIRECTION('center_axis',(-0.16234637501836,0.281192169956433,-0.94581954836723));
#2922=DIRECTION('ref_axis',(0.472909774183613,-0.819103756281947,-0.324692750036722));
#2923=DIRECTION('',(-0.985586504921683,1.7350966521721E-16,0.169172223831988));
#2924=DIRECTION('',(0.830116207950837,-0.479267837111203,-0.284972668177271));
#2925=DIRECTION('',(0.86602540378444,0.499999999999998,1.45834441547348E-16));
#2926=DIRECTION('',(1.55937344124582E-15,0.95853564358661,0.284972665310206));
#2927=DIRECTION('',(-0.985586504921683,3.12669483323862E-16,0.169172223831988));
#2928=DIRECTION('center_axis',(-1.76047119507788E-16,-1.,0.));
#2929=DIRECTION('ref_axis',(-1.,1.76047119507788E-16,0.));
#2930=DIRECTION('center_axis',(1.77635683940025E-16,3.0767402982137E-16,
1.));
#2931=DIRECTION('ref_axis',(-0.258819045102492,-0.965925826289076,0.));
#2932=DIRECTION('center_axis',(-0.566016482374632,0.,-0.824393923849666));
#2933=DIRECTION('ref_axis',(-0.824393923849665,4.57630557809488E-16,0.566016482374632));
#2934=DIRECTION('',(-1.77635683940025E-16,-3.0767402982137E-16,-1.));
#2935=DIRECTION('center_axis',(-0.324692756397893,0.,0.945819546183488));
#2936=DIRECTION('ref_axis',(-0.945819546183488,-8.20367685401113E-16,-0.324692756397893));
#2937=DIRECTION('center_axis',(-0.74385252342051,0.312354572347585,0.590862119732258));
#2938=DIRECTION('ref_axis',(0.544780900198686,-0.228761481270792,0.806772554977859));
#2939=DIRECTION('',(1.77635683940025E-16,3.0767402982137E-16,1.));
#2940=DIRECTION('center_axis',(-0.829508193146036,0.289624277461216,-0.477528989076754));
#2941=DIRECTION('ref_axis',(0.450838832540463,-0.157411189190029,-0.87861599381717));
#2942=DIRECTION('center_axis',(-0.472909774813973,-0.819103757373759,0.324692746364294));
#2943=DIRECTION('ref_axis',(-0.722926698123653,0.150034697540098,-0.674437972443785));
#2944=DIRECTION('',(0.472909774813973,0.819103757373759,-0.324692746364294));
#2945=DIRECTION('center_axis',(0.752764616084266,-0.434608854461957,0.494429546441931));
#2946=DIRECTION('ref_axis',(-0.601559263208649,-0.759179433243722,0.248541829452526));
#2947=DIRECTION('center_axis',(0.442607264472144,-0.255539424556084,0.859533834083354));
#2948=DIRECTION('ref_axis',(-0.621113525890091,-0.778728228950634,0.0883194961024375));
#2949=DIRECTION('',(-0.472909774813973,-0.819103757373759,0.324692746364294));
#2950=DIRECTION('center_axis',(-0.829508193146036,0.289624277461216,-0.477528989076754));
#2951=DIRECTION('ref_axis',(-0.49891215602453,0.,0.866652560471009));
#2952=DIRECTION('',(-9.21183689520197E-17,-0.855028921605945,-0.518580315107867));
#2953=DIRECTION('',(0.472909774813974,0.819103757373759,-0.324692746364294));
#2954=DIRECTION('',(0.391479377445205,-0.308284267368693,-0.867009058504041));
#2955=DIRECTION('center_axis',(1.,0.,-1.77635683940025E-16));
#2956=DIRECTION('ref_axis',(0.,-1.,0.));
#2957=DIRECTION('',(-8.30191269987932E-17,0.884069138372654,-0.467356136770486));
#2958=DIRECTION('',(-1.77635683940025E-16,8.88178419700125E-17,-1.));
#2959=DIRECTION('center_axis',(-0.752764616084266,0.434608854461957,-0.494429546441931));
#2960=DIRECTION('ref_axis',(-0.548988390897894,0.,0.83582997473131));
#2961=DIRECTION('',(0.5,0.866025403784439,1.27738279099429E-9));
#2962=DIRECTION('',(0.462721703030826,-0.184888938891388,-0.867009057518933));
#2963=DIRECTION('',(-0.5,-0.866025403784439,-1.27738276713744E-9));
#2964=DIRECTION('center_axis',(-2.37986690293401E-17,4.18968713073451E-33,
-1.));
#2965=DIRECTION('ref_axis',(-0.965925826289066,0.258819045102528,0.));
#2966=DIRECTION('center_axis',(-0.162346375018361,-0.281192169956432,0.94581954836723));
#2967=DIRECTION('ref_axis',(-0.472909774183615,-0.819103756281946,-0.324692750036722));
#2968=DIRECTION('',(2.37986690293401E-17,-4.18968713073451E-33,1.));
#2969=DIRECTION('center_axis',(-0.283008243293453,-0.490184656345073,-0.824393920957582));
#2970=DIRECTION('ref_axis',(-0.412196960478792,-0.713946078274727,0.566016486586905));
#2971=DIRECTION('center_axis',(-0.163932115758217,-0.863187307698938,-0.477528986817025));
#2972=DIRECTION('ref_axis',(0.0890973275995883,0.469143474285965,-0.878615995045336));
#2973=DIRECTION('',(-2.37986690293401E-17,4.18968713073451E-33,-1.));
#2974=DIRECTION('center_axis',(-0.101419265300125,-0.800372466404372,0.590862122366771));
#2975=DIRECTION('ref_axis',(0.0742771951248019,0.586174842459276,0.806772553048401));
#2976=DIRECTION('center_axis',(0.283008243293453,0.490184656345073,0.824393920957582));
#2977=DIRECTION('ref_axis',(-0.412196960478791,-0.713946078274727,0.566016486586905));
#2978=DIRECTION('',(0.945819548536076,-1.66508807093932E-16,-0.324692749544879));
#2979=DIRECTION('center_axis',(0.283008243293453,0.490184656345073,0.824393920957582));
#2980=DIRECTION('ref_axis',(-0.412196960478788,-0.713946078274729,0.566016486586905));
#2981=DIRECTION('',(-0.472909774268038,0.819103756428171,-0.324692749544879));
#2982=DIRECTION('',(-0.744378139803929,-0.429766909982694,0.511078847210456));
#2983=DIRECTION('',(-0.866025403784439,0.5,1.30282902949427E-16));
#2984=DIRECTION('',(0.945819548536076,-3.02081630522007E-16,-0.324692749544879));
#2985=DIRECTION('center_axis',(-1.76047119507788E-16,-1.,0.));
#2986=DIRECTION('ref_axis',(-1.,1.76047119507788E-16,0.));
#2987=DIRECTION('',(-0.985586504921683,1.7350966521721E-16,-0.169172223831989));
#2988=DIRECTION('',(0.,0.,-1.));
#2989=DIRECTION('center_axis',(0.162346375018361,0.281192169956432,-0.94581954836723));
#2990=DIRECTION('ref_axis',(0.472909774183615,0.819103756281946,0.324692750036722));
#2991=DIRECTION('',(-0.985586504921683,3.12669483323862E-16,-0.169172223831989));
#2992=DIRECTION('',(-1.55937344124582E-15,-0.95853564358661,-0.284972665310206));
#2993=DIRECTION('',(0.866025403784439,-0.5,-1.17760724106387E-16));
#2994=DIRECTION('',(0.830116207950838,0.479267837111201,0.284972668177271));
#2995=DIRECTION('',(0.492793252460842,-0.853542950889294,-0.169172223831989));
#2996=DIRECTION('center_axis',(0.162346375018361,0.281192169956432,-0.94581954836723));
#2997=DIRECTION('ref_axis',(-0.472909774183611,-0.819103756281948,-0.324692750036722));
#2998=DIRECTION('center_axis',(0.945819548536076,-2.74870915932393E-16,
-0.324692749544879));
#2999=DIRECTION('ref_axis',(-0.231529491096434,-0.701090236657425,-0.674437969583757));
#3000=DIRECTION('',(-0.945819548536076,2.74870915932393E-16,0.324692749544879));
#3001=DIRECTION('center_axis',(-0.163932115758217,-0.863187307698938,-0.477528986817025));
#3002=DIRECTION('ref_axis',(-0.945819548536076,0.,0.32469274954488));
#3003=DIRECTION('',(-0.945819548536076,3.00053732555807E-16,0.324692749544879));
#3004=DIRECTION('',(0.740476766382572,-0.427514460399642,0.51858031643788));
#3005=DIRECTION('center_axis',(0.,0.,-1.));
#3006=DIRECTION('ref_axis',(0.,1.,0.));
#3007=DIRECTION('center_axis',(0.566016482374632,0.,0.824393923849666));
#3008=DIRECTION('ref_axis',(0.824393923849665,0.,-0.566016482374632));
#3009=DIRECTION('',(0.,0.,-1.));
#3010=DIRECTION('center_axis',(0.324692756397893,0.,-0.945819546183488));
#3011=DIRECTION('ref_axis',(0.945819546183488,0.,0.324692756397893));
#3012=DIRECTION('',(0.,0.,1.));
#3013=DIRECTION('center_axis',(0.866025403784439,0.5,0.));
#3014=DIRECTION('ref_axis',(0.5,-0.866025403784438,0.));
#3015=DIRECTION('',(-0.472909774813974,0.819103757373759,0.324692746364294));
#3016=DIRECTION('',(0.5,-0.866025403784439,1.27738527743431E-9));
#3017=DIRECTION('',(0.,0.,1.));
#3018=DIRECTION('',(-0.5,0.866025403784438,-1.68139038649866E-9));
#3019=DIRECTION('',(0.492793252151975,-0.853542950354322,0.169172227430861));
#3020=DIRECTION('center_axis',(0.,0.,-1.));
#3021=DIRECTION('ref_axis',(0.866025403784441,-0.499999999999996,0.));
#3022=DIRECTION('center_axis',(-0.101419265300125,-0.800372466404372,0.590862122366771));
#3023=DIRECTION('ref_axis',(0.985586504921683,0.,0.169172223831989));
#3024=DIRECTION('',(-0.765626332918644,0.442034569409245,0.467356135927125));
#3025=DIRECTION('',(0.985586504921683,-3.12669483323862E-16,0.169172223831989));
#3026=DIRECTION('',(-0.0488013083380224,0.597212043033334,0.800597406915891));
#3027=DIRECTION('',(-0.985958428607168,0.160066776803173,0.0475878558282239));
#3028=DIRECTION('center_axis',(-4.97907094832923E-16,-0.801552451593221,
0.597924466253805));
#3029=DIRECTION('ref_axis',(1.,0.,8.32725742019684E-16));
#3030=DIRECTION('',(1.,-3.17242050050906E-16,4.07444360643957E-16));
#3031=DIRECTION('',(0.0488013083380162,0.597212043033335,0.800597406915891));
#3032=DIRECTION('',(-1.,3.17242050050906E-16,-4.07444360643957E-16));
#3033=DIRECTION('center_axis',(0.101419265300125,-0.800372466404371,0.590862122366772));
#3034=DIRECTION('ref_axis',(0.985586504921684,0.,-0.169172223831988));
#3035=DIRECTION('',(-0.985958428607168,-0.160066776803173,-0.0475878558282249));
#3036=DIRECTION('',(0.985586504921683,-3.12669483323862E-16,-0.169172223831988));
#3037=DIRECTION('',(-0.765626332918646,-0.442034569409244,-0.467356135927122));
#3038=DIRECTION('center_axis',(-4.8095525500707E-16,-0.284972665310206,
0.95853564358661));
#3039=DIRECTION('ref_axis',(1.,0.,5.01760428237651E-16));
#3040=DIRECTION('',(-1.,1.68772416990777E-15,0.));
#3041=DIRECTION('center_axis',(0.74385252342051,0.312354572347585,0.590862119732258));
#3042=DIRECTION('ref_axis',(0.621982655262448,0.,-0.783031018895595));
#3043=DIRECTION('',(-7.98260836526856E-17,-0.884069138372654,0.467356136770485));
#3044=DIRECTION('',(-0.492793252151975,0.853542950354322,0.169172227430861));
#3045=DIRECTION('',(-0.492800137204957,-0.340869207207554,0.800597407158223));
#3046=DIRECTION('',(0.354357318311871,-0.933898435063931,0.0475878550048255));
#3047=DIRECTION('center_axis',(0.694164786822517,0.400776225373068,0.597924465055049));
#3048=DIRECTION('ref_axis',(0.652630587755824,0.,-0.75767626063213));
#3049=DIRECTION('',(-0.5,0.866025403784439,1.68138972050544E-9));
#3050=DIRECTION('',(0.5,-0.866025403784439,-1.68138972050544E-9));
#3051=DIRECTION('center_axis',(0.246793570831586,0.142486332692887,0.958535642734232));
#3052=DIRECTION('ref_axis',(0.968416620694559,0.,-0.249337620030614));
#3053=DIRECTION('',(0.500000014693517,-0.866025395301132,-6.72556394162415E-9));
#3054=DIRECTION('center_axis',(-0.694164786822518,0.400776225373067,0.597924465055048));
#3055=DIRECTION('ref_axis',(0.652630587755823,0.,0.757676260632131));
#3056=DIRECTION('',(-0.5,-0.866025403784439,-1.68139283329984E-9));
#3057=DIRECTION('',(0.492800137204963,-0.340869207207543,0.800597407158224));
#3058=DIRECTION('',(0.5,0.866025403784439,1.68139283329984E-9));
#3059=DIRECTION('center_axis',(-0.74385252342051,0.312354572347585,0.590862119732258));
#3060=DIRECTION('ref_axis',(0.621982655262448,0.,0.783031018895595));
#3061=DIRECTION('',(0.492793252151975,0.853542950354322,0.169172227430861));
#3062=DIRECTION('',(0.354357318311874,0.93389843506393,-0.0475878550048215));
#3063=DIRECTION('',(-0.492793252151975,-0.853542950354322,-0.169172227430861));
#3064=DIRECTION('center_axis',(-0.246793570831588,0.142486332692884,0.958535642734232));
#3065=DIRECTION('ref_axis',(0.968416620694559,0.,0.249337620030615));
#3066=DIRECTION('',(0.830116207950838,-0.4792678371112,0.284972668177271));
#3067=DIRECTION('',(0.500000014693514,0.866025395301134,6.72556619192304E-9));
#3068=DIRECTION('center_axis',(0.324692756397893,0.,-0.945819546183488));
#3069=DIRECTION('ref_axis',(-0.945819546183488,0.,-0.324692756397893));
#3070=DIRECTION('',(0.492793252151975,0.853542950354322,0.169172227430861));
#3071=DIRECTION('',(-0.830116207950838,-0.479267837111201,-0.284972668177271));
#3072=DIRECTION('',(0.,-1.,0.));
#3073=DIRECTION('center_axis',(-0.665576078812463,0.573563030592215,-0.477528986817031));
#3074=DIRECTION('ref_axis',(-0.582948572505053,0.,0.812509053373759));
#3075=DIRECTION('',(-0.472909774268038,-0.819103756428171,-0.324692749544879));
#3076=DIRECTION('',(-0.707717171280467,-0.688178007826618,0.159835650023897));
#3077=DIRECTION('',(0.472909774268038,0.819103756428171,0.324692749544879));
#3078=DIRECTION('center_axis',(-0.442607264472144,0.255539424556084,-0.859533834083354));
#3079=DIRECTION('ref_axis',(-0.889051558526754,0.,0.457807084131679));
#3080=DIRECTION('',(0.74437813980393,-0.429766909982693,-0.511078847210457));
#3081=DIRECTION('',(-0.499999994418527,-0.866025407006904,-5.10953848991933E-9));
#3082=DIRECTION('',(-0.74437813980393,0.429766909982693,0.511078847210457));
#3083=DIRECTION('center_axis',(0.283008243293453,-0.490184656345073,0.824393920957582));
#3084=DIRECTION('ref_axis',(-0.412196960478792,0.713946078274726,0.566016486586905));
#3085=DIRECTION('',(1.88797435671972E-16,0.859533832854143,0.511078849277748));
#3086=DIRECTION('',(0.866025403784438,0.500000000000001,9.00565318588237E-17));
#3087=DIRECTION('center_axis',(0.665576078812464,0.573563030592215,-0.477528986817029));
#3088=DIRECTION('ref_axis',(-0.58294857250505,0.,-0.81250905337376));
#3089=DIRECTION('',(0.472909774268038,-0.819103756428171,-0.324692749544879));
#3090=DIRECTION('',(-0.707717171280464,0.688178007826622,-0.15983565002389));
#3091=DIRECTION('',(-0.472909774268038,0.819103756428171,0.324692749544879));
#3092=DIRECTION('center_axis',(-0.283008243293452,-0.490184656345074,0.824393920957582));
#3093=DIRECTION('ref_axis',(-0.412196960478791,-0.713946078274727,-0.566016486586905));
#3094=DIRECTION('',(0.744378139803929,0.429766909982694,0.511078847210456));
#3095=DIRECTION('',(0.866025403784439,-0.5,-1.64237799819235E-16));
#3096=DIRECTION('',(-2.20217662458283E-16,-0.859533832854143,-0.511078849277748));
#3097=DIRECTION('center_axis',(0.442607264472142,0.255539424556087,-0.859533834083354));
#3098=DIRECTION('ref_axis',(-0.889051558526755,0.,-0.457807084131677));
#3099=DIRECTION('',(-0.499999994418529,0.866025407006902,5.10954080501222E-9));
#3100=DIRECTION('center_axis',(0.163932115758216,-0.863187307698937,-0.477528986817026));
#3101=DIRECTION('ref_axis',(-0.945819548536076,0.,-0.324692749544878));
#3102=DIRECTION('',(0.740476766382575,0.427514460399641,-0.518580316437878));
#3103=DIRECTION('',(-0.945819548536076,3.00053732555807E-16,-0.324692749544878));
#3104=DIRECTION('center_axis',(0.246793570831588,-0.142486332692884,0.958535642734232));
#3105=DIRECTION('ref_axis',(0.968416620694559,0.,-0.249337620030615));
#3106=DIRECTION('',(-0.500000014693517,-0.866025395301133,6.72556619192304E-9));
#3107=DIRECTION('',(0.499999991882344,0.866025408471169,3.76741066273706E-8));
#3108=DIRECTION('',(-0.500000007302077,-0.866025399568582,-3.94385098848853E-8));
#3109=DIRECTION('center_axis',(0.442607264472142,-0.255539424556086,-0.859533834083354));
#3110=DIRECTION('ref_axis',(-0.889051558526754,0.,-0.457807084131678));
#3111=DIRECTION('',(0.499999994418529,0.866025407006902,-5.10953964746578E-9));
#3112=DIRECTION('center_axis',(-0.86602540378444,-0.499999999999998,-1.38255240946522E-16));
#3113=DIRECTION('ref_axis',(-0.495417669193479,0.858088574010463,-0.135075283466635));
#3114=DIRECTION('center_axis',(-0.442607264472143,-0.255539424556086,-0.859533834083354));
#3115=DIRECTION('ref_axis',(-0.889051558526754,0.,0.457807084131678));
#3116=DIRECTION('',(0.744378139803929,0.429766909982694,-0.511078847210456));
#3117=DIRECTION('',(0.499999994418529,-0.866025407006902,5.10953964746578E-9));
#3118=DIRECTION('',(0.499999944633059,-0.866025435750554,-3.76741069429246E-8));
#3119=DIRECTION('',(-0.500000036288288,0.866025382833384,3.9438509032093E-8));
#3120=DIRECTION('center_axis',(-0.246793570831586,-0.142486332692886,0.958535642734232));
#3121=DIRECTION('ref_axis',(0.968416620694559,0.,0.249337620030614));
#3122=DIRECTION('',(-0.500000014693516,0.866025395301133,-6.72556394162415E-9));
#3123=DIRECTION('center_axis',(-0.866025403784439,0.5,1.20973335828207E-16));
#3124=DIRECTION('ref_axis',(0.495417669193482,0.858088574010461,-0.135075283466633));
#3125=DIRECTION('',(-0.499999991882337,-0.866025408471173,3.76741060569247E-8));
#3126=DIRECTION('',(0.50000000730207,0.866025399568586,-3.94385081189893E-8));
#3127=DIRECTION('center_axis',(0.566016482374632,0.,0.824393923849666));
#3128=DIRECTION('ref_axis',(0.824393923849666,0.,-0.566016482374632));
#3129=DIRECTION('',(0.,1.,0.));
#3130=DIRECTION('',(-0.472909774813973,-0.819103757373759,0.324692746364294));
#3131=DIRECTION('center_axis',(0.,-1.,0.));
#3132=DIRECTION('ref_axis',(0.990835339186278,0.,-0.135075277603317));
#3133=DIRECTION('center_axis',(1.29710693672784E-15,0.284972665310205,0.958535643586611));
#3134=DIRECTION('ref_axis',(1.,0.,-1.35321721774933E-15));
#3135=DIRECTION('',(1.,1.12514944660518E-15,-1.68772416990777E-15));
#3136=DIRECTION('',(-1.,1.71133780548493E-15,0.));
#3137=DIRECTION('',(1.,-1.17726402437338E-15,-1.17726402437338E-15));
#3138=DIRECTION('center_axis',(-1.98990066347628E-15,0.511078849277748,
-0.859533832854143));
#3139=DIRECTION('ref_axis',(-1.,0.,2.31509288804685E-15));
#3140=DIRECTION('',(-1.,0.,2.31509288804685E-15));
#3141=DIRECTION('center_axis',(-0.866025403784439,0.5,1.55537146064837E-16));
#3142=DIRECTION('ref_axis',(-0.495417669193482,-0.85808857401046,-0.135075283466638));
#3143=DIRECTION('',(-0.499999991882341,0.86602540847117,-3.76741055469043E-8));
#3144=DIRECTION('',(0.500000007302073,-0.866025399568584,3.94385099452018E-8));
#3145=DIRECTION('center_axis',(0.,1.,0.));
#3146=DIRECTION('ref_axis',(-0.990835339186278,0.,-0.135075277603317));
#3147=DIRECTION('center_axis',(0.866025403784439,0.5,0.));
#3148=DIRECTION('ref_axis',(-0.5,0.866025403784439,0.));
#3149=DIRECTION('',(0.5,-0.866025403784439,0.));
#3150=DIRECTION('',(0.,0.,-1.));
#3151=DIRECTION('',(-0.5,0.866025403784439,0.));
#3152=DIRECTION('',(0.,0.,1.));
#3153=DIRECTION('',(1.70803542250024E-16,8.5401771125012E-17,-1.));
#3154=DIRECTION('',(1.,-2.85222967580821E-15,0.));
#3155=DIRECTION('',(-1.,5.88632012186691E-15,5.88632012186691E-16));
#3156=DIRECTION('center_axis',(0.5,0.866025403784439,-1.189933451467E-17));
#3157=DIRECTION('ref_axis',(0.866025403784438,-0.5,-1.24510993415905E-16));
#3158=DIRECTION('',(-1.77635683940025E-16,8.88178419700125E-17,-1.));
#3159=DIRECTION('center_axis',(-3.17242050050906E-16,-1.,0.));
#3160=DIRECTION('ref_axis',(1.,-3.17242050050906E-16,0.));
#3161=DIRECTION('',(0.,0.,1.));
#3162=DIRECTION('',(-1.,3.17242050050906E-16,0.));
#3163=DIRECTION('',(0.,0.,-1.));
#3164=DIRECTION('',(1.,-3.17242050050906E-16,0.));
#3165=DIRECTION('',(1.70803542250024E-16,8.5401771125012E-17,-1.));
#3166=DIRECTION('center_axis',(-0.866025403784439,0.5,0.));
#3167=DIRECTION('ref_axis',(-0.5,-0.866025403784439,0.));
#3168=DIRECTION('',(0.,0.,-1.));
#3169=DIRECTION('',(-0.5,-0.866025403784439,0.));
#3170=DIRECTION('',(0.,0.,1.));
#3171=DIRECTION('',(0.5,0.866025403784439,0.));
#3172=DIRECTION('center_axis',(0.,0.,1.));
#3173=DIRECTION('ref_axis',(-0.866025403784442,-0.499999999999994,0.));
#3174=DIRECTION('center_axis',(0.,0.,1.));
#3175=DIRECTION('ref_axis',(-0.866025403784442,-0.499999999999994,0.));
#3176=DIRECTION('center_axis',(0.,0.,-1.));
#3177=DIRECTION('ref_axis',(-0.866025403784442,-0.499999999999994,0.));
#3178=DIRECTION('center_axis',(-1.,0.,-1.70803542250024E-16));
#3179=DIRECTION('ref_axis',(0.,1.,0.));
#3180=DIRECTION('center_axis',(-0.499999999999998,0.86602540378444,-1.14416678025668E-17));
#3181=DIRECTION('ref_axis',(0.86602540378444,0.499999999999998,1.35027124616573E-16));
#3182=DIRECTION('center_axis',(0.,0.,1.));
#3183=DIRECTION('ref_axis',(1.94289029309402E-15,1.,0.));
#3184=DIRECTION('center_axis',(0.,0.,1.));
#3185=DIRECTION('ref_axis',(1.94289029309402E-15,1.,0.));
#3186=DIRECTION('center_axis',(0.,0.,-1.));
#3187=DIRECTION('ref_axis',(1.94289029309402E-15,1.,0.));
#3188=DIRECTION('center_axis',(0.,0.,-1.));
#3189=DIRECTION('ref_axis',(-1.,0.,0.));
#3190=DIRECTION('',(0.,0.,-1.));
#3191=DIRECTION('center_axis',(0.,0.,1.));
#3192=DIRECTION('ref_axis',(-1.,0.,0.));
#3193=DIRECTION('center_axis',(0.,0.,-1.));
#3194=DIRECTION('ref_axis',(-1.,0.,0.));
#3195=DIRECTION('',(0.,0.,-1.));
#3196=DIRECTION('center_axis',(0.,0.,1.));
#3197=DIRECTION('ref_axis',(-1.,0.,0.));
#3198=DIRECTION('center_axis',(0.,0.,-1.));
#3199=DIRECTION('ref_axis',(-1.,0.,0.));
#3200=DIRECTION('',(0.,0.,-1.));
#3201=DIRECTION('center_axis',(0.,0.,1.));
#3202=DIRECTION('ref_axis',(-1.,0.,0.));
#3203=DIRECTION('center_axis',(-0.866025403784439,0.5,0.));
#3204=DIRECTION('ref_axis',(0.5,0.866025403784439,0.));
#3205=DIRECTION('center_axis',(0.,0.,1.));
#3206=DIRECTION('ref_axis',(0.866025403784441,-0.499999999999997,0.));
#3207=DIRECTION('center_axis',(0.,0.,-1.));
#3208=DIRECTION('ref_axis',(0.866025403784441,-0.499999999999997,0.));
#3209=DIRECTION('center_axis',(0.,0.,1.));
#3210=DIRECTION('ref_axis',(0.866025403784441,-0.499999999999997,0.));
#3211=DIRECTION('center_axis',(-0.866025403784438,-0.500000000000001,-1.38255240946522E-16));
#3212=DIRECTION('ref_axis',(0.495417669193483,-0.85808857401046,-0.135075283466637));
#3213=DIRECTION('',(0.923879532511291,0.38268343236508,0.));
#3214=DIRECTION('center_axis',(-0.707106781186547,-0.707106781186548,0.));
#3215=DIRECTION('ref_axis',(0.707106781186548,-0.707106781186547,0.));
#3216=DIRECTION('',(-0.707106781186547,-0.707106781186548,0.));
#3217=DIRECTION('',(0.382683432365086,0.923879532511288,0.));
#3218=DIRECTION('center_axis',(-0.707106781186548,0.707106781186547,0.));
#3219=DIRECTION('ref_axis',(0.707106781186547,0.707106781186548,0.));
#3220=DIRECTION('',(-0.707106781186548,0.707106781186547,0.));
#3221=DIRECTION('',(0.991444861373812,0.130526192220035,0.));
#3222=DIRECTION('center_axis',(-0.707106781186548,0.707106781186547,0.));
#3223=DIRECTION('ref_axis',(0.707106781186547,0.707106781186548,0.));
#3224=DIRECTION('',(-0.707106781186548,0.707106781186547,0.));
#3225=DIRECTION('',(-0.13052619222005,-0.991444861373811,0.));
#3226=DIRECTION('center_axis',(-0.707106781186547,-0.707106781186548,0.));
#3227=DIRECTION('ref_axis',(0.707106781186548,-0.707106781186547,0.));
#3228=DIRECTION('',(-0.707106781186547,-0.707106781186548,0.));
#3229=DIRECTION('center_axis',(-2.24324004868517E-16,-0.707106781186547,
-0.707106781186548));
#3230=DIRECTION('ref_axis',(-1.,0.,3.17242050050905E-16));
#3231=DIRECTION('',(3.14018491736755E-15,-0.707106781186549,0.707106781186546));
#3232=DIRECTION('',(0.,0.707106781186548,-0.707106781186547));
#3233=DIRECTION('',(1.,-3.17242050050906E-16,0.));
#3234=DIRECTION('center_axis',(0.,0.,1.));
#3235=DIRECTION('ref_axis',(0.86602540378444,-0.499999999999997,0.));
#3236=DIRECTION('',(0.612372435695798,0.353553390593276,0.707106781186544));
#3237=DIRECTION('center_axis',(0.,0.,1.));
#3238=DIRECTION('ref_axis',(0.86602540378444,-0.499999999999997,0.));
#3239=DIRECTION('center_axis',(0.612372435695795,0.353553390593274,-0.707106781186547));
#3240=DIRECTION('ref_axis',(-0.755928946018454,0.,-0.654653670707977));
#3241=DIRECTION('',(0.612372435695793,0.353553390593276,0.707106781186548));
#3242=DIRECTION('',(-0.5,0.866025403784439,0.));
#3243=DIRECTION('center_axis',(0.,0.,1.));
#3244=DIRECTION('ref_axis',(1.94289029309402E-15,1.,0.));
#3245=DIRECTION('',(-0.612372435695794,0.353553390593276,0.707106781186547));
#3246=DIRECTION('center_axis',(0.,0.,1.));
#3247=DIRECTION('ref_axis',(1.94289029309402E-15,1.,0.));
#3248=DIRECTION('center_axis',(-0.612372435695794,0.353553390593273,-0.707106781186549));
#3249=DIRECTION('ref_axis',(-0.755928946018456,0.,0.654653670707976));
#3250=DIRECTION('',(-0.612372435695796,0.353553390593276,0.707106781186545));
#3251=DIRECTION('',(-0.5,-0.866025403784439,0.));
#3252=DIRECTION('center_axis',(0.,0.,1.));
#3253=DIRECTION('ref_axis',(-0.866025403784442,-0.499999999999994,0.));
#3254=DIRECTION('center_axis',(0.,0.,1.));
#3255=DIRECTION('ref_axis',(-0.866025403784442,-0.499999999999994,0.));
#3256=DIRECTION('center_axis',(0.,0.,1.));
#3257=DIRECTION('ref_axis',(1.,0.,0.));
#3258=DIRECTION('center_axis',(0.612372435695795,0.353553390593274,0.707106781186547));
#3259=DIRECTION('ref_axis',(0.755928946018454,0.,-0.654653670707978));
#3260=DIRECTION('',(-0.612372435695793,-0.353553390593276,0.707106781186548));
#3261=DIRECTION('',(0.612372435695795,0.353553390593271,-0.707106781186549));
#3262=DIRECTION('center_axis',(0.,0.,-1.));
#3263=DIRECTION('ref_axis',(1.94289029309402E-15,1.,0.));
#3264=DIRECTION('',(0.612372435695793,-0.353553390593275,0.707106781186548));
#3265=DIRECTION('center_axis',(-0.612372435695794,0.353553390593273,0.707106781186549));
#3266=DIRECTION('ref_axis',(0.755928946018456,0.,0.654653670707976));
#3267=DIRECTION('',(0.612372435695795,-0.353553390593276,0.707106781186546));
#3268=DIRECTION('center_axis',(0.,0.,-1.));
#3269=DIRECTION('ref_axis',(-0.866025403784442,-0.499999999999994,0.));
#3270=DIRECTION('',(0.,0.707106781186544,0.707106781186551));
#3271=DIRECTION('center_axis',(-2.24324004868518E-16,-0.707106781186548,
0.707106781186548));
#3272=DIRECTION('ref_axis',(1.,0.,3.17242050050906E-16));
#3273=DIRECTION('',(-3.14018491736754E-15,0.707106781186548,0.707106781186547));
#3274=DIRECTION('center_axis',(0.,0.,-1.));
#3275=DIRECTION('ref_axis',(0.86602540378444,-0.499999999999997,0.));
#3276=CARTESIAN_POINT('',(0.,0.,0.));
#3277=CARTESIAN_POINT('Origin',(0.,0.,34.5));
#3278=CARTESIAN_POINT('',(8.5,1.04094977927525E-15,35.));
#3279=CARTESIAN_POINT('Origin',(0.,0.,35.));
#3280=CARTESIAN_POINT('',(7.5,-9.18485099360515E-16,34.));
#3281=CARTESIAN_POINT('',(8.,9.79717439317883E-16,34.5));
#3282=CARTESIAN_POINT('Origin',(0.,0.,34.));
#3283=CARTESIAN_POINT('Origin',(0.,0.,35.));
#3284=CARTESIAN_POINT('',(7.5,-9.18485099360515E-16,25.));
#3285=CARTESIAN_POINT('',(7.5,-9.18485099360515E-16,35.));
#3286=CARTESIAN_POINT('Origin',(0.,0.,25.));
#3287=CARTESIAN_POINT('',(-4.04984522357308,6.31258692337003,31.000000461936));
#3288=CARTESIAN_POINT('',(-6.31258692337003,4.04984522357308,31.000000461936));
#3289=CARTESIAN_POINT('Ctrl Pts',(-4.04984522357308,6.31258692337003,31.000000461936));
#3290=CARTESIAN_POINT('Ctrl Pts',(-4.04984522357308,6.31258692337003,30.798425441033));
#3291=CARTESIAN_POINT('Ctrl Pts',(-4.08491313232029,6.29050360720378,30.5838539040435));
#3292=CARTESIAN_POINT('Ctrl Pts',(-4.22373996093314,6.19814258747924,30.1898400288998));
#3293=CARTESIAN_POINT('Ctrl Pts',(-4.32711700976455,6.12752873859695,30.0103421045242));
#3294=CARTESIAN_POINT('Ctrl Pts',(-4.55810227142295,5.95770515758078,29.7269274539095));
#3295=CARTESIAN_POINT('Ctrl Pts',(-4.70124692416227,5.84699523412562,29.6038892238037));
#3296=CARTESIAN_POINT('Ctrl Pts',(-5.00272233590783,5.59122930465725,29.4404088540216));
#3297=CARTESIAN_POINT('Ctrl Pts',(-5.16077618904539,5.44582552875282,29.400000461936));
#3298=CARTESIAN_POINT('Ctrl Pts',(-5.44582552875282,5.16077618904539,29.400000461936));
#3299=CARTESIAN_POINT('Ctrl Pts',(-5.59122930465725,5.00272233590783,29.4404088540216));
#3300=CARTESIAN_POINT('Ctrl Pts',(-5.84699523412561,4.70124692416227,29.6038892238037));
#3301=CARTESIAN_POINT('Ctrl Pts',(-5.95770515758078,4.55810227142295,29.7269274539095));
#3302=CARTESIAN_POINT('Ctrl Pts',(-6.12752873859695,4.32711700976455,30.0103421045242));
#3303=CARTESIAN_POINT('Ctrl Pts',(-6.19814258747924,4.22373996093314,30.1898400288998));
#3304=CARTESIAN_POINT('Ctrl Pts',(-6.29050360720378,4.08491313232029,30.5838539040435));
#3305=CARTESIAN_POINT('Ctrl Pts',(-6.31258692337003,4.04984522357308,30.798425441033));
#3306=CARTESIAN_POINT('Ctrl Pts',(-6.31258692337003,4.04984522357308,31.000000461936));
#3307=CARTESIAN_POINT('Ctrl Pts',(-6.31258692337003,4.04984522357308,31.000000461936));
#3308=CARTESIAN_POINT('Ctrl Pts',(-6.31258692337003,4.04984522357308,31.201575482839));
#3309=CARTESIAN_POINT('Ctrl Pts',(-6.29050360720378,4.08491313232029,31.4161470198285));
#3310=CARTESIAN_POINT('Ctrl Pts',(-6.19814258747924,4.22373996093314,31.8101608949722));
#3311=CARTESIAN_POINT('Ctrl Pts',(-6.12752873859695,4.32711700976455,31.9896588193478));
#3312=CARTESIAN_POINT('Ctrl Pts',(-5.95770515758078,4.55810227142295,32.2730734699625));
#3313=CARTESIAN_POINT('Ctrl Pts',(-5.84699523412561,4.70124692416227,32.3961117000683));
#3314=CARTESIAN_POINT('Ctrl Pts',(-5.59122930465725,5.00272233590783,32.5595920698504));
#3315=CARTESIAN_POINT('Ctrl Pts',(-5.44582552875282,5.16077618904539,32.600000461936));
#3316=CARTESIAN_POINT('Ctrl Pts',(-5.16077618904539,5.44582552875282,32.600000461936));
#3317=CARTESIAN_POINT('Ctrl Pts',(-5.00272233590783,5.59122930465725,32.5595920698504));
#3318=CARTESIAN_POINT('Ctrl Pts',(-4.70124692416227,5.84699523412562,32.3961117000683));
#3319=CARTESIAN_POINT('Ctrl Pts',(-4.55810227142295,5.95770515758078,32.2730734699625));
#3320=CARTESIAN_POINT('Ctrl Pts',(-4.32711700976455,6.12752873859695,31.9896588193478));
#3321=CARTESIAN_POINT('Ctrl Pts',(-4.22373996093314,6.19814258747924,31.8101608949722));
#3322=CARTESIAN_POINT('Ctrl Pts',(-4.08491313232029,6.29050360720378,31.4161470198285));
#3323=CARTESIAN_POINT('Ctrl Pts',(-4.04984522357308,6.31258692337003,31.201575482839));
#3324=CARTESIAN_POINT('Ctrl Pts',(-4.04984522357308,6.31258692337003,31.000000461936));
#3325=CARTESIAN_POINT('',(6.31258692337003,-4.04984522357308,31.000000461936));
#3326=CARTESIAN_POINT('',(4.04984522357308,-6.31258692337003,31.000000461936));
#3327=CARTESIAN_POINT('Ctrl Pts',(6.31258692337003,-4.04984522357308,31.000000461936));
#3328=CARTESIAN_POINT('Ctrl Pts',(6.31258692337003,-4.04984522357308,31.201575482839));
#3329=CARTESIAN_POINT('Ctrl Pts',(6.29050360720378,-4.08491313232029,31.4161470198285));
#3330=CARTESIAN_POINT('Ctrl Pts',(6.19814258747924,-4.22373996093314,31.8101608949722));
#3331=CARTESIAN_POINT('Ctrl Pts',(6.12752873859695,-4.32711700976455,31.9896588193478));
#3332=CARTESIAN_POINT('Ctrl Pts',(5.95770515758078,-4.55810227142295,32.2730734699625));
#3333=CARTESIAN_POINT('Ctrl Pts',(5.84699523412562,-4.70124692416227,32.3961117000683));
#3334=CARTESIAN_POINT('Ctrl Pts',(5.59122930465725,-5.00272233590783,32.5595920698504));
#3335=CARTESIAN_POINT('Ctrl Pts',(5.44582552875282,-5.16077618904539,32.600000461936));
#3336=CARTESIAN_POINT('Ctrl Pts',(5.16077618904539,-5.44582552875282,32.600000461936));
#3337=CARTESIAN_POINT('Ctrl Pts',(5.00272233590783,-5.59122930465725,32.5595920698504));
#3338=CARTESIAN_POINT('Ctrl Pts',(4.70124692416227,-5.84699523412562,32.3961117000683));
#3339=CARTESIAN_POINT('Ctrl Pts',(4.55810227142295,-5.95770515758078,32.2730734699625));
#3340=CARTESIAN_POINT('Ctrl Pts',(4.32711700976455,-6.12752873859695,31.9896588193478));
#3341=CARTESIAN_POINT('Ctrl Pts',(4.22373996093315,-6.19814258747924,31.8101608949722));
#3342=CARTESIAN_POINT('Ctrl Pts',(4.08491313232029,-6.29050360720378,31.4161470198285));
#3343=CARTESIAN_POINT('Ctrl Pts',(4.04984522357308,-6.31258692337003,31.201575482839));
#3344=CARTESIAN_POINT('Ctrl Pts',(4.04984522357308,-6.31258692337003,31.000000461936));
#3345=CARTESIAN_POINT('Ctrl Pts',(4.04984522357308,-6.31258692337003,31.000000461936));
#3346=CARTESIAN_POINT('Ctrl Pts',(4.04984522357308,-6.31258692337003,30.798425441033));
#3347=CARTESIAN_POINT('Ctrl Pts',(4.08491313232029,-6.29050360720378,30.5838539040435));
#3348=CARTESIAN_POINT('Ctrl Pts',(4.22373996093315,-6.19814258747924,30.1898400288998));
#3349=CARTESIAN_POINT('Ctrl Pts',(4.32711700976455,-6.12752873859695,30.0103421045242));
#3350=CARTESIAN_POINT('Ctrl Pts',(4.55810227142295,-5.95770515758078,29.7269274539095));
#3351=CARTESIAN_POINT('Ctrl Pts',(4.70124692416227,-5.84699523412562,29.6038892238037));
#3352=CARTESIAN_POINT('Ctrl Pts',(5.00272233590783,-5.59122930465725,29.4404088540216));
#3353=CARTESIAN_POINT('Ctrl Pts',(5.16077618904539,-5.44582552875282,29.400000461936));
#3354=CARTESIAN_POINT('Ctrl Pts',(5.44582552875282,-5.16077618904539,29.400000461936));
#3355=CARTESIAN_POINT('Ctrl Pts',(5.59122930465725,-5.00272233590783,29.4404088540216));
#3356=CARTESIAN_POINT('Ctrl Pts',(5.84699523412561,-4.70124692416227,29.6038892238037));
#3357=CARTESIAN_POINT('Ctrl Pts',(5.95770515758078,-4.55810227142295,29.7269274539095));
#3358=CARTESIAN_POINT('Ctrl Pts',(6.12752873859695,-4.32711700976455,30.0103421045242));
#3359=CARTESIAN_POINT('Ctrl Pts',(6.19814258747924,-4.22373996093314,30.1898400288998));
#3360=CARTESIAN_POINT('Ctrl Pts',(6.29050360720378,-4.08491313232029,30.5838539040435));
#3361=CARTESIAN_POINT('Ctrl Pts',(6.31258692337003,-4.04984522357308,30.798425441033));
#3362=CARTESIAN_POINT('Ctrl Pts',(6.31258692337003,-4.04984522357308,31.000000461936));
#3363=CARTESIAN_POINT('',(-6.31258692337003,-4.04984522357308,31.000000461936));
#3364=CARTESIAN_POINT('Ctrl Pts',(-6.31258692337003,-4.04984522357308,31.000000461936));
#3365=CARTESIAN_POINT('Ctrl Pts',(-6.31258692337003,-4.04984522357308,30.798425441033));
#3366=CARTESIAN_POINT('Ctrl Pts',(-6.29050360720378,-4.08491313232029,30.5838539040435));
#3367=CARTESIAN_POINT('Ctrl Pts',(-6.19814258747924,-4.22373996093315,30.1898400288998));
#3368=CARTESIAN_POINT('Ctrl Pts',(-6.12752873859695,-4.32711700976455,30.0103421045242));
#3369=CARTESIAN_POINT('Ctrl Pts',(-5.95770515758078,-4.55810227142295,29.7269274539095));
#3370=CARTESIAN_POINT('Ctrl Pts',(-5.84699523412561,-4.70124692416227,29.6038892238037));
#3371=CARTESIAN_POINT('Ctrl Pts',(-5.59122930465725,-5.00272233590783,29.4404088540216));
#3372=CARTESIAN_POINT('Ctrl Pts',(-5.44582552875282,-5.16077618904539,29.400000461936));
#3373=CARTESIAN_POINT('Ctrl Pts',(-5.16077618904539,-5.44582552875282,29.400000461936));
#3374=CARTESIAN_POINT('Ctrl Pts',(-5.00272233590783,-5.59122930465725,29.4404088540216));
#3375=CARTESIAN_POINT('Ctrl Pts',(-4.70124692416227,-5.84699523412561,29.6038892238037));
#3376=CARTESIAN_POINT('Ctrl Pts',(-4.55810227142295,-5.95770515758078,29.7269274539095));
#3377=CARTESIAN_POINT('Ctrl Pts',(-4.32711700976455,-6.12752873859695,30.0103421045242));
#3378=CARTESIAN_POINT('Ctrl Pts',(-4.22373996093315,-6.19814258747924,30.1898400288998));
#3379=CARTESIAN_POINT('Ctrl Pts',(-4.08491313232029,-6.29050360720378,30.5838539040435));
#3380=CARTESIAN_POINT('Ctrl Pts',(-4.04984522357308,-6.31258692337003,30.798425441033));
#3381=CARTESIAN_POINT('Ctrl Pts',(-4.04984522357308,-6.31258692337003,31.201575482839));
#3382=CARTESIAN_POINT('Ctrl Pts',(-4.08491313232029,-6.29050360720378,31.4161470198285));
#3383=CARTESIAN_POINT('Ctrl Pts',(-4.22373996093315,-6.19814258747924,31.8101608949722));
#3384=CARTESIAN_POINT('Ctrl Pts',(-4.32711700976455,-6.12752873859695,31.9896588193478));
#3385=CARTESIAN_POINT('Ctrl Pts',(-4.55810227142295,-5.95770515758078,32.2730734699625));
#3386=CARTESIAN_POINT('Ctrl Pts',(-4.70124692416227,-5.84699523412561,32.3961117000683));
#3387=CARTESIAN_POINT('Ctrl Pts',(-5.00272233590783,-5.59122930465725,32.5595920698504));
#3388=CARTESIAN_POINT('Ctrl Pts',(-5.16077618904539,-5.44582552875282,32.600000461936));
#3389=CARTESIAN_POINT('Ctrl Pts',(-5.44582552875282,-5.16077618904539,32.600000461936));
#3390=CARTESIAN_POINT('Ctrl Pts',(-5.59122930465725,-5.00272233590783,32.5595920698504));
#3391=CARTESIAN_POINT('Ctrl Pts',(-5.84699523412562,-4.70124692416227,32.3961117000683));
#3392=CARTESIAN_POINT('Ctrl Pts',(-5.95770515758078,-4.55810227142295,32.2730734699625));
#3393=CARTESIAN_POINT('Ctrl Pts',(-6.12752873859695,-4.32711700976455,31.9896588193478));
#3394=CARTESIAN_POINT('Ctrl Pts',(-6.19814258747924,-4.22373996093315,31.8101608949722));
#3395=CARTESIAN_POINT('Ctrl Pts',(-6.29050360720378,-4.08491313232029,31.4161470198285));
#3396=CARTESIAN_POINT('Ctrl Pts',(-6.31258692337003,-4.04984522357308,31.201575482839));
#3397=CARTESIAN_POINT('Ctrl Pts',(-6.31258692337003,-4.04984522357308,31.000000461936));
#3398=CARTESIAN_POINT('',(4.04984522357308,6.31258692337003,31.000000461936));
#3399=CARTESIAN_POINT('Ctrl Pts',(4.04984522357308,6.31258692337003,31.000000461936));
#3400=CARTESIAN_POINT('Ctrl Pts',(4.04984522357308,6.31258692337003,31.201575482839));
#3401=CARTESIAN_POINT('Ctrl Pts',(4.08491313232029,6.29050360720378,31.4161470198285));
#3402=CARTESIAN_POINT('Ctrl Pts',(4.22373996093315,6.19814258747924,31.8101608949722));
#3403=CARTESIAN_POINT('Ctrl Pts',(4.32711700976455,6.12752873859695,31.9896588193478));
#3404=CARTESIAN_POINT('Ctrl Pts',(4.55810227142295,5.95770515758078,32.2730734699625));
#3405=CARTESIAN_POINT('Ctrl Pts',(4.70124692416227,5.84699523412561,32.3961117000683));
#3406=CARTESIAN_POINT('Ctrl Pts',(5.00272233590783,5.59122930465725,32.5595920698504));
#3407=CARTESIAN_POINT('Ctrl Pts',(5.16077618904539,5.44582552875282,32.600000461936));
#3408=CARTESIAN_POINT('Ctrl Pts',(5.44582552875282,5.16077618904539,32.600000461936));
#3409=CARTESIAN_POINT('Ctrl Pts',(5.59122930465725,5.00272233590783,32.5595920698504));
#3410=CARTESIAN_POINT('Ctrl Pts',(5.84699523412561,4.70124692416227,32.3961117000683));
#3411=CARTESIAN_POINT('Ctrl Pts',(5.95770515758078,4.55810227142295,32.2730734699625));
#3412=CARTESIAN_POINT('Ctrl Pts',(6.12752873859695,4.32711700976455,31.9896588193478));
#3413=CARTESIAN_POINT('Ctrl Pts',(6.19814258747924,4.22373996093315,31.8101608949722));
#3414=CARTESIAN_POINT('Ctrl Pts',(6.29050360720378,4.08491313232029,31.4161470198285));
#3415=CARTESIAN_POINT('Ctrl Pts',(6.31258692337003,4.04984522357308,31.201575482839));
#3416=CARTESIAN_POINT('Ctrl Pts',(6.31258692337003,4.04984522357308,30.798425441033));
#3417=CARTESIAN_POINT('Ctrl Pts',(6.29050360720378,4.08491313232029,30.5838539040435));
#3418=CARTESIAN_POINT('Ctrl Pts',(6.19814258747924,4.22373996093315,30.1898400288998));
#3419=CARTESIAN_POINT('Ctrl Pts',(6.12752873859695,4.32711700976455,30.0103421045242));
#3420=CARTESIAN_POINT('Ctrl Pts',(5.95770515758078,4.55810227142295,29.7269274539095));
#3421=CARTESIAN_POINT('Ctrl Pts',(5.84699523412561,4.70124692416227,29.6038892238037));
#3422=CARTESIAN_POINT('Ctrl Pts',(5.59122930465725,5.00272233590783,29.4404088540216));
#3423=CARTESIAN_POINT('Ctrl Pts',(5.44582552875282,5.16077618904539,29.400000461936));
#3424=CARTESIAN_POINT('Ctrl Pts',(5.16077618904539,5.44582552875282,29.400000461936));
#3425=CARTESIAN_POINT('Ctrl Pts',(5.00272233590783,5.59122930465725,29.4404088540216));
#3426=CARTESIAN_POINT('Ctrl Pts',(4.70124692416227,5.84699523412561,29.6038892238037));
#3427=CARTESIAN_POINT('Ctrl Pts',(4.55810227142295,5.95770515758078,29.7269274539095));
#3428=CARTESIAN_POINT('Ctrl Pts',(4.32711700976455,6.12752873859695,30.0103421045242));
#3429=CARTESIAN_POINT('Ctrl Pts',(4.22373996093315,6.19814258747924,30.1898400288998));
#3430=CARTESIAN_POINT('Ctrl Pts',(4.08491313232029,6.29050360720378,30.5838539040435));
#3431=CARTESIAN_POINT('Ctrl Pts',(4.04984522357308,6.31258692337003,30.798425441033));
#3432=CARTESIAN_POINT('Ctrl Pts',(4.04984522357308,6.31258692337003,31.000000461936));
#3433=CARTESIAN_POINT('Origin',(-1.33226762955019E-14,10.1025,35.));
#3434=CARTESIAN_POINT('',(0.866025403784443,36.91,35.));
#3435=CARTESIAN_POINT('',(32.3980103555758,-17.705,35.));
#3436=CARTESIAN_POINT('',(23.1937841109794,-1.76281250000001,35.));
#3437=CARTESIAN_POINT('',(-0.866025403784438,36.91,35.));
#3438=CARTESIAN_POINT('Origin',(0.,36.41,35.));
#3439=CARTESIAN_POINT('',(-32.3980103555758,-17.705,35.));
#3440=CARTESIAN_POINT('',(-5.69574082751478,28.5446875,35.));
#3441=CARTESIAN_POINT('',(-31.5319849517914,-19.205,35.));
#3442=CARTESIAN_POINT('Origin',(-31.5319849517914,-18.205,35.));
#3443=CARTESIAN_POINT('',(31.5319849517914,-19.205,35.));
#3444=CARTESIAN_POINT('',(-17.4980432834646,-19.205,35.));
#3445=CARTESIAN_POINT('Origin',(31.5319849517914,-18.205,35.));
#3446=CARTESIAN_POINT('',(26.6037817215159,-14.205,35.));
#3447=CARTESIAN_POINT('Origin',(24.6037817215159,-14.205,35.));
#3448=CARTESIAN_POINT('',(-22.6037817215159,-14.205,35.));
#3449=CARTESIAN_POINT('Origin',(-24.6037817215159,-14.205,35.));
#3450=CARTESIAN_POINT('',(2.,28.41,35.));
#3451=CARTESIAN_POINT('Origin',(0.,28.41,35.));
#3452=CARTESIAN_POINT('Origin',(-3.46410161513776,33.41,32.9661420657872));
#3453=CARTESIAN_POINT('',(-3.03108891324553,33.16,5.57095002890644));
#3454=CARTESIAN_POINT('',(-2.9676441088789,33.3505866641297,5.52517867249553));
#3455=CARTESIAN_POINT('Origin',(-3.46410161513776,33.41,5.42230001927096));
#3456=CARTESIAN_POINT('',(-3.03108891324554,33.16,28.9830999436974));
#3457=CARTESIAN_POINT('',(-3.03108891324554,33.16,32.9661420657872));
#3458=CARTESIAN_POINT('',(-2.97501346371277,33.5138883060584,29.1742716629679));
#3459=CARTESIAN_POINT('Origin',(-3.46410161513776,33.41,29.2803999624649));
#3460=CARTESIAN_POINT('',(-3.03108891324554,33.66,29.4279248382592));
#3461=CARTESIAN_POINT('Origin',(-3.46410161513776,33.41,29.7311779235192));
#3462=CARTESIAN_POINT('',(-3.03108891324554,33.66,5.20063883599694));
#3463=CARTESIAN_POINT('',(-3.03108891324554,33.66,32.9661420657872));
#3464=CARTESIAN_POINT('Origin',(-3.46410161513776,33.41,4.93631780305617));
#3465=CARTESIAN_POINT('Origin',(1.73205080756887,37.41,5.125));
#3466=CARTESIAN_POINT('',(-15.6802270530328,11.3317471094216,9.88931295512151));
#3467=CARTESIAN_POINT('',(0.548735105257394,39.4411341216929,4.31803208815937));
#3468=CARTESIAN_POINT('',(-12.0723568956566,9.24874221162289,11.1278677205111));
#3469=CARTESIAN_POINT('',(-5.92783072191557,5.70119821578702,13.2372374709687));
#3470=CARTESIAN_POINT('',(-11.1929853896792,8.70959409433426,11.4390972841486));
#3471=CARTESIAN_POINT('Ctrl Pts',(-11.1929853896896,8.70959409431948,11.4390972841512));
#3472=CARTESIAN_POINT('Ctrl Pts',(-11.4890489174087,8.90591051728385,11.329914214664));
#3473=CARTESIAN_POINT('Ctrl Pts',(-11.7777056993099,9.07862571439769,11.2290191301928));
#3474=CARTESIAN_POINT('Ctrl Pts',(-12.0723566866705,9.24874253734709,11.127867659545));
#3475=CARTESIAN_POINT('',(-1.94623706856733,14.048206726657,11.4390972841486));
#3476=CARTESIAN_POINT('',(10.9284320648523,21.481400416611,11.4390972841347));
#3477=CARTESIAN_POINT('',(-1.97346766329564,15.0793386637631,11.1278677100103));
#3478=CARTESIAN_POINT('Ctrl Pts',(-1.97346766329563,15.0793386637631,11.1278677100104));
#3479=CARTESIAN_POINT('Ctrl Pts',(-1.97346766329563,14.7391050698548,11.2290191640359));
#3480=CARTESIAN_POINT('Ctrl Pts',(-1.96822030704401,14.4027634181725,11.3299142325655));
#3481=CARTESIAN_POINT('Ctrl Pts',(-1.94623706854933,14.0482067266586,11.4390972841512));
#3482=CARTESIAN_POINT('',(-1.97346766329564,24.91,8.20521190530079));
#3483=CARTESIAN_POINT('',(-1.97346766329565,26.5484146890812,7.71811118666312));
#3484=CARTESIAN_POINT('',(-6.49519052838328,24.91,7.42907514934996));
#3485=CARTESIAN_POINT('',(6.54735455127718,24.91,9.66777905259634));
#3486=CARTESIAN_POINT('',(-7.14470958122161,26.035,6.98312512044352));
#3487=CARTESIAN_POINT('Origin',(-6.49519052838328,25.66,7.20610013489674));
#3488=CARTESIAN_POINT('',(-5.08044536496014,29.6104105028112,6.27447871285193));
#3489=CARTESIAN_POINT('Origin',(0.0790082927804887,39.5871948970603,3.68666923169918));
#3490=CARTESIAN_POINT('',(-3.46410161513776,34.41,4.11037571790366));
#3491=CARTESIAN_POINT('',(-0.512206608537763,29.2971678699599,11.5428187850836));
#3492=CARTESIAN_POINT('',(-16.5539096680585,11.7377873910171,8.60400854828099));
#3493=CARTESIAN_POINT('',(-0.390718519696416,39.7332556724277,3.05530637523898));
#3494=CARTESIAN_POINT('',(-15.6846299917487,11.3263526709042,9.88898121658996));
#3495=CARTESIAN_POINT('',(-16.5539096680585,11.7377873910171,8.60400854828099));
#3496=CARTESIAN_POINT('',(-5.72005727682952,23.5348521145018,10.639759942639));
#3497=CARTESIAN_POINT('Origin',(-3.46410161513776,34.41,30.9322841315744));
#3498=CARTESIAN_POINT('',(-3.46410161513776,34.41,30.9322841315744));
#3499=CARTESIAN_POINT('',(-2.86731356876166,33.3763327823268,28.8589416181052));
#3500=CARTESIAN_POINT('',(-3.46410161513776,34.41,29.875));
#3501=CARTESIAN_POINT('Origin',(6.49519052838328,25.66,35.));
#3502=CARTESIAN_POINT('',(7.14470958122161,26.035,26.1587497654057));
#3503=CARTESIAN_POINT('',(6.49519052838328,24.91,25.2668497091031));
#3504=CARTESIAN_POINT('Origin',(6.49519052838328,25.66,25.7127997372544));
#3505=CARTESIAN_POINT('',(6.49519052838328,24.91,7.42907514934996));
#3506=CARTESIAN_POINT('',(6.49519052838328,24.91,35.));
#3507=CARTESIAN_POINT('',(7.14470958122161,26.035,6.98312512044351));
#3508=CARTESIAN_POINT('Origin',(6.49519052838328,25.66,7.20610013489674));
#3509=CARTESIAN_POINT('',(7.14470958122161,26.035,35.));
#3510=CARTESIAN_POINT('Origin',(7.79422863405994,24.91,35.));
#3511=CARTESIAN_POINT('',(1.91823495352157,24.91,23.6956152252665));
#3512=CARTESIAN_POINT('',(5.59840522874511,24.91,24.9589900490425));
#3513=CARTESIAN_POINT('',(-1.91823495352152,24.91,23.6956152252665));
#3514=CARTESIAN_POINT('',(3.89711431702997,24.91,23.6956152252665));
#3515=CARTESIAN_POINT('',(-6.49519052838328,24.91,25.2668497091031));
#3516=CARTESIAN_POINT('',(9.28229600342208,24.91,19.8505570443467));
#3517=CARTESIAN_POINT('',(-6.49519052838328,24.91,35.));
#3518=CARTESIAN_POINT('',(1.97346766329565,24.91,8.20521190530079));
#3519=CARTESIAN_POINT('',(3.89711431702996,24.91,8.20521190530078));
#3520=CARTESIAN_POINT('',(-5.50001994780041,24.91,9.48800799944009));
#3521=CARTESIAN_POINT('Origin',(-6.49519052838328,25.66,35.));
#3522=CARTESIAN_POINT('',(-7.14470958122162,26.035,26.1587497654058));
#3523=CARTESIAN_POINT('Origin',(-6.49519052838328,25.66,25.7127997372544));
#3524=CARTESIAN_POINT('',(-7.14470958122161,26.035,35.));
#3525=CARTESIAN_POINT('Origin',(-7.79422863405994,24.91,35.));
#3526=CARTESIAN_POINT('',(-4.8215592043545,30.0588144863566,27.753789928487));
#3527=CARTESIAN_POINT('Origin',(0.,0.,24.75));
#3528=CARTESIAN_POINT('',(-3.9,4.77612251667468E-16,24.5));
#3529=CARTESIAN_POINT('Origin',(0.,0.,24.5));
#3530=CARTESIAN_POINT('',(-4.4,-5.38844591624835E-16,25.));
#3531=CARTESIAN_POINT('',(-4.15,5.08228421646152E-16,24.75));
#3532=CARTESIAN_POINT('Origin',(0.,0.,25.));
#3533=CARTESIAN_POINT('Origin',(0.,0.,25.));
#3534=CARTESIAN_POINT('Origin',(0.,0.,0.));
#3535=CARTESIAN_POINT('',(-3.9,4.77612251667468E-16,0.));
#3536=CARTESIAN_POINT('Origin',(0.,0.,0.));
#3537=CARTESIAN_POINT('',(-3.9,-4.77612251667468E-16,0.));
#3538=CARTESIAN_POINT('Origin',(3.46410161513775,34.41,29.875));
#3539=CARTESIAN_POINT('',(3.46410161513774,34.41,30.9322841315743));
#3540=CARTESIAN_POINT('',(3.46410161513775,34.41,4.11037571790366));
#3541=CARTESIAN_POINT('',(3.46410161513775,34.41,29.875));
#3542=CARTESIAN_POINT('',(3.34807621135332,34.4769872981078,30.8510277122767));
#3543=CARTESIAN_POINT('',(9.40340007166129,30.9809444373286,35.091770847207));
#3544=CARTESIAN_POINT('',(3.34807621135332,34.4769872981078,4.18120032522269));
#3545=CARTESIAN_POINT('',(3.34807621135332,34.4769872981078,32.4375));
#3546=CARTESIAN_POINT('',(7.64714273331834,31.9949200843872,1.55695004618649));
#3547=CARTESIAN_POINT('Origin',(20.1801688276077,4.49727080501101,10.6414926375544));
#3548=CARTESIAN_POINT('',(2.60161870509446,33.9845612603453,5.39952489938075));
#3549=CARTESIAN_POINT('Origin',(3.09807621135332,34.0439745962156,4.81066402994137));
#3550=CARTESIAN_POINT('',(15.6802270530327,11.3317471094217,9.88931295512151));
#3551=CARTESIAN_POINT('',(19.7104420151308,4.35121002964361,11.2728554940146));
#3552=CARTESIAN_POINT('',(15.6846299917486,11.3263526709042,9.88898121658996));
#3553=CARTESIAN_POINT('',(18.2315850563978,8.20584761973614,9.69708139976407));
#3554=CARTESIAN_POINT('',(16.5539096680584,11.7377873910171,8.60400854828099));
#3555=CARTESIAN_POINT('',(16.5539096680584,11.7377873910171,8.60400854828099));
#3556=CARTESIAN_POINT('',(20.6498956400846,4.64333158037841,10.0101297810943));
#3557=CARTESIAN_POINT('Origin',(3.09807621135332,34.0439745962156,32.4375));
#3558=CARTESIAN_POINT('',(2.6650635094611,33.7939745962156,29.2344074895014));
#3559=CARTESIAN_POINT('',(2.6650635094611,33.7939745962156,5.44529625579165));
#3560=CARTESIAN_POINT('',(2.6650635094611,33.7939745962156,32.4375));
#3561=CARTESIAN_POINT('Origin',(3.09807621135332,34.0439745962156,5.29664624615617));
#3562=CARTESIAN_POINT('',(2.60898805992833,34.147862902274,29.4255792087719));
#3563=CARTESIAN_POINT('Origin',(3.09807621135332,34.0439745962156,29.9824854693232));
#3564=CARTESIAN_POINT('Origin',(3.09807621135332,34.0439745962156,29.531707508269));
#3565=CARTESIAN_POINT('Origin',(-13.7480432834646,16.5976905283833,13.3750000093132));
#3566=CARTESIAN_POINT('',(4.97739827010552,29.7888933066718,6.23910341883374));
#3567=CARTESIAN_POINT('',(1.97346766329566,15.0793386637631,11.1278677100103));
#3568=CARTESIAN_POINT('',(1.97346766329565,26.5484146890812,7.71811118666311));
#3569=CARTESIAN_POINT('',(1.94623706856737,14.048206726657,11.4390972841486));
#3570=CARTESIAN_POINT('Ctrl Pts',(1.94623706854938,14.0482067266586,11.4390972841512));
#3571=CARTESIAN_POINT('Ctrl Pts',(1.96822030704405,14.4027634181725,11.3299142325655));
#3572=CARTESIAN_POINT('Ctrl Pts',(1.97346766329567,14.7391050698548,11.2290191640359));
#3573=CARTESIAN_POINT('Ctrl Pts',(1.97346766329567,15.0793386637631,11.1278677100103));
#3574=CARTESIAN_POINT('',(11.1929853633317,8.70959410954607,11.4390972841486));
#3575=CARTESIAN_POINT('',(-10.9284320648523,21.481400416611,11.4390972841347));
#3576=CARTESIAN_POINT('',(12.072356468483,9.24874196499415,11.1278678671566));
#3577=CARTESIAN_POINT('Ctrl Pts',(12.0723562478676,9.24874230884358,11.1278678027979));
#3578=CARTESIAN_POINT('Ctrl Pts',(11.7777054063833,9.07862556106607,11.229019226058));
#3579=CARTESIAN_POINT('Ctrl Pts',(11.4890487554999,8.90591043825421,11.3299142659506));
#3580=CARTESIAN_POINT('Ctrl Pts',(11.192985363342,8.70959410953129,11.4390972841512));
#3581=CARTESIAN_POINT('',(5.92783056194945,5.70119812343058,13.2372375258838));
#3582=CARTESIAN_POINT('Origin',(0.866025403784443,36.91,35.));
#3583=CARTESIAN_POINT('',(3.77926409096749,31.8641225792237,28.4694141016744));
#3584=CARTESIAN_POINT('Origin',(18.974616596917,-18.455,35.));
#3585=CARTESIAN_POINT('',(18.974616596917,-19.205,26.1587497654057));
#3586=CARTESIAN_POINT('',(18.3250975440787,-18.08,25.2668497091031));
#3587=CARTESIAN_POINT('Origin',(18.974616596917,-18.455,25.7127997372544));
#3588=CARTESIAN_POINT('',(18.3250975440787,-18.08,7.42907514934996));
#3589=CARTESIAN_POINT('',(18.3250975440787,-18.08,35.));
#3590=CARTESIAN_POINT('',(18.974616596917,-19.205,6.98312512044351));
#3591=CARTESIAN_POINT('Origin',(18.974616596917,-18.455,7.20610013489674));
#3592=CARTESIAN_POINT('',(18.974616596917,-19.205,35.));
#3593=CARTESIAN_POINT('Origin',(17.6755784912404,-19.205,35.));
#3594=CARTESIAN_POINT('',(20.6135752783536,-14.1162402922458,23.6956152617626));
#3595=CARTESIAN_POINT('',(18.7734901938978,-17.3033611487729,24.9589900490425));
#3596=CARTESIAN_POINT('',(22.5318102324966,-10.7937598908155,23.695615256862));
#3597=CARTESIAN_POINT('',(19.6241356211127,-15.8300000496106,23.6956152642904));
#3598=CARTESIAN_POINT('',(24.820288072462,-6.83000000000001,25.2668497595628));
#3599=CARTESIAN_POINT('',(16.9315447962837,-20.4937041622082,19.8505571470602));
#3600=CARTESIAN_POINT('',(24.820288072462,-6.83,7.42907519980966));
#3601=CARTESIAN_POINT('',(24.820288072462,-6.83000000000001,35.));
#3602=CARTESIAN_POINT('',(22.5594267475726,-10.7459266835759,8.20521193580106));
#3603=CARTESIAN_POINT('',(18.2990155219475,-18.1251753874953,9.66777915575189));
#3604=CARTESIAN_POINT('',(20.5859590848003,-14.1640729425918,8.2052119424374));
#3605=CARTESIAN_POINT('',(19.6241356848864,-15.8299999391512,8.20521194567181));
#3606=CARTESIAN_POINT('',(24.3227027821706,-7.69184300388368,9.48800799944009));
#3607=CARTESIAN_POINT('Origin',(25.4698071253003,-7.20500000000001,35.));
#3608=CARTESIAN_POINT('',(26.1193261781386,-6.83000000000001,26.158749806099));
#3609=CARTESIAN_POINT('Origin',(25.4698071253003,-7.20500000000001,25.7127997828309));
#3610=CARTESIAN_POINT('',(26.1193261781387,-6.83000000000001,6.98312516113682));
#3611=CARTESIAN_POINT('',(26.1193261781387,-6.83000000000001,35.));
#3612=CARTESIAN_POINT('Origin',(25.4698071253003,-7.20500000000001,7.20610018047324));
#3613=CARTESIAN_POINT('Origin',(25.4698071253003,-5.705,35.));
#3614=CARTESIAN_POINT('',(30.5989722498992,-14.5889745962156,29.234407496516));
#3615=CARTESIAN_POINT('',(28.4424765788732,-10.8538145276963,27.7537899681015));
#3616=CARTESIAN_POINT('',(30.5989722498992,-14.5889745962156,5.4452962628062));
#3617=CARTESIAN_POINT('',(30.5989722498992,-14.5889745962156,32.4375));
#3618=CARTESIAN_POINT('',(28.1835903713253,-10.4054104628444,6.27447874594716));
#3619=CARTESIAN_POINT('Origin',(31.0319849517914,-14.3389745962155,32.4375));
#3620=CARTESIAN_POINT('',(30.732302743758,-14.7392127430584,5.39952490426578));
#3621=CARTESIAN_POINT('Origin',(31.0319849517914,-14.3389745962156,5.29664624991525));
#3622=CARTESIAN_POINT('',(30.6583300110415,-14.6712124406181,29.275161643522));
#3623=CARTESIAN_POINT('Origin',(31.0319849517914,-14.3389745962155,29.531707512028));
#3624=CARTESIAN_POINT('',(30.968180688609,-14.8348869029793,29.5708782059616));
#3625=CARTESIAN_POINT('Ctrl Pts',(30.968180688609,-14.8348869029793,29.5708782059616));
#3626=CARTESIAN_POINT('Ctrl Pts',(30.9499999279601,-14.8325477595028,29.5407153938473));
#3627=CARTESIAN_POINT('Ctrl Pts',(30.9295021141446,-14.8288495198308,29.5126700477611));
#3628=CARTESIAN_POINT('Ctrl Pts',(30.8738831308332,-14.8146461516872,29.4463555987103));
#3629=CARTESIAN_POINT('Ctrl Pts',(30.828105618228,-14.7976434729344,29.4033459142265));
#3630=CARTESIAN_POINT('Ctrl Pts',(30.755328525358,-14.757294913517,29.3437606271959));
#3631=CARTESIAN_POINT('Ctrl Pts',(30.7183760829824,-14.7311556822393,29.3169087190357));
#3632=CARTESIAN_POINT('Ctrl Pts',(30.6757890499576,-14.6900960028971,29.2871802548222));
#3633=CARTESIAN_POINT('Ctrl Pts',(30.666884965685,-14.6808338643188,29.28103534685));
#3634=CARTESIAN_POINT('Ctrl Pts',(30.6583300110415,-14.6712124406181,29.275161643522));
#3635=CARTESIAN_POINT('',(31.5319849517914,-14.3389745962155,30.8510277113412));
#3636=CARTESIAN_POINT('Origin',(31.0319849517914,-14.3389745962155,29.9824854739895));
#3637=CARTESIAN_POINT('',(31.5319849517914,-14.3389745962156,4.18120032475029));
#3638=CARTESIAN_POINT('',(31.5319849517914,-14.3389745962155,32.4375));
#3639=CARTESIAN_POINT('Origin',(31.0319849517914,-14.3389745962156,4.81066403428508));
#3640=CARTESIAN_POINT('Origin',(7.49999999999999,-20.205,13.3750001899898));
#3641=CARTESIAN_POINT('',(13.1238454767667,-5.3620690255234,17.236248001368));
#3642=CARTESIAN_POINT('',(23.0837540977765,-11.1124248230336,24.0745716223275));
#3643=CARTESIAN_POINT('',(12.4152512349248,-4.99005974939391,16.749737840879));
#3644=CARTESIAN_POINT('Ctrl Pts',(12.4152512349247,-4.9900597493943,16.7497378408789));
#3645=CARTESIAN_POINT('Ctrl Pts',(12.6616967100341,-5.10489517807416,16.9189436014784));
#3646=CARTESIAN_POINT('Ctrl Pts',(12.8931421228102,-5.2288721512161,17.0778505446416));
#3647=CARTESIAN_POINT('Ctrl Pts',(13.1238455521408,-5.36206883342973,17.2362480531187));
#3648=CARTESIAN_POINT('',(12.4152512349248,4.99005978523041,16.749737840879));
#3649=CARTESIAN_POINT('',(12.4152512349258,-20.205,16.7497378408796));
#3650=CARTESIAN_POINT('',(13.1238456934486,5.36206915062478,17.2362481501385));
#3651=CARTESIAN_POINT('Ctrl Pts',(13.1238457334711,5.36206897586277,17.2362481776174));
#3652=CARTESIAN_POINT('Ctrl Pts',(12.8931422440099,5.22887225091063,17.0778506278555));
#3653=CARTESIAN_POINT('Ctrl Pts',(12.6616967737229,5.10489524279895,16.9189436452061));
#3654=CARTESIAN_POINT('Ctrl Pts',(12.4152512349247,4.99005978523081,16.7497378408789));
#3655=CARTESIAN_POINT('',(17.600043566559,7.9464031410137,20.3095383591682));
#3656=CARTESIAN_POINT('',(10.1562274372211,3.64871398906258,15.1987260410758));
#3657=CARTESIAN_POINT('',(26.2051179428517,-6.95802288163442,26.2176531428107));
#3658=CARTESIAN_POINT('Origin',(31.5319849517914,-20.205,5.125));
#3659=CARTESIAN_POINT('',(17.653694717203,7.91360085121287,9.88931294800527));
#3660=CARTESIAN_POINT('',(33.8826565539163,-20.1957856040709,4.31803206942592));
#3661=CARTESIAN_POINT('',(14.0458241892497,5.83059573946129,11.1278678406112));
#3662=CARTESIAN_POINT('',(7.90129828271616,2.28305189789772,13.2372374993385));
#3663=CARTESIAN_POINT('',(13.1392224128155,5.33861258329519,11.4390974307941));
#3664=CARTESIAN_POINT('Ctrl Pts',(13.1392225083937,5.33861263086917,11.4390973979828));
#3665=CARTESIAN_POINT('Ctrl Pts',(13.4572691175671,5.49685288568312,11.3299143824571));
#3666=CARTESIAN_POINT('Ctrl Pts',(13.7511731156408,5.66047931391539,11.2290193442482));
#3667=CARTESIAN_POINT('Ctrl Pts',(14.0458239520931,5.8305960489213,11.1278679220253));
#3668=CARTESIAN_POINT('',(13.1392224128155,-5.33861261371871,11.4390974307941));
#3669=CARTESIAN_POINT('',(13.139222412856,-20.205,11.4390974307802));
#3670=CARTESIAN_POINT('',(14.0458246164233,-5.83059598609005,11.1278676939657));
#3671=CARTESIAN_POINT('Ctrl Pts',(14.0458244289487,-5.83059634907332,11.1278677583244));
#3672=CARTESIAN_POINT('Ctrl Pts',(13.7511734049839,-5.66047949594067,11.2290192449188));
#3673=CARTESIAN_POINT('Ctrl Pts',(13.4572692298883,-5.49685296393134,11.329914343898));
#3674=CARTESIAN_POINT('Ctrl Pts',(13.1392224128079,-5.3386126137351,11.4390974307967));
#3675=CARTESIAN_POINT('',(23.9783354158125,-11.5651340210212,7.71811123204982));
#3676=CARTESIAN_POINT('Origin',(25.9221097016644,-6.95802288163442,26.6298501047356));
#3677=CARTESIAN_POINT('',(17.6632155200493,8.09734562606868,20.3869432484925));
#3678=CARTESIAN_POINT('Origin',(16.504420885987,9.35389263699196,20.1638064557765));
#3679=CARTESIAN_POINT('',(17.7361398547105,8.08368010915899,20.4859577683305));
#3680=CARTESIAN_POINT('Origin',(15.8685206493872,10.455304155328,19.7272069071278));
#3681=CARTESIAN_POINT('',(26.3368637982374,-6.81321074290382,26.3910856101972));
#3682=CARTESIAN_POINT('Origin',(27.5769651494178,-8.2263233701943,27.6881848893065));
#3683=CARTESIAN_POINT('',(18.3737272690566,8.58577084558021,21.8980220957895));
#3684=CARTESIAN_POINT('',(18.3737272690566,8.58577084558021,21.8980220957895));
#3685=CARTESIAN_POINT('',(31.5319849517914,-14.205,30.9322841303538));
#3686=CARTESIAN_POINT('',(27.8334240431174,-7.79890459128858,28.3929077778448));
#3687=CARTESIAN_POINT('',(31.5319849517914,-13.7042647766472,31.2359831320486));
#3688=CARTESIAN_POINT('Origin',(25.8748758056815,-5.26613336905838,21.1424826520697));
#3689=CARTESIAN_POINT('',(15.8158981652129,11.2969931423491,20.386943253212));
#3690=CARTESIAN_POINT('',(25.5026867373347,-5.4810168267434,20.3869432284645));
#3691=CARTESIAN_POINT('',(16.6223591490492,11.6192294121893,21.8980221002639));
#3692=CARTESIAN_POINT('',(16.6223591490492,11.6192294121893,21.8980221002639));
#3693=CARTESIAN_POINT('',(26.2470648740282,-5.05124991137335,21.8980220756749));
#3694=CARTESIAN_POINT('Origin',(15.1958471374749,-18.9701940815063,25.3284171445669));
#3695=CARTESIAN_POINT('',(1.81910090486151,-19.3454661671459,20.3869431993862));
#3696=CARTESIAN_POINT('',(1.91823495352146,-19.2152864096788,20.30953831071));
#3697=CARTESIAN_POINT('Origin',(0.151501963056762,-18.9701940815063,20.163806403179));
#3698=CARTESIAN_POINT('',(28.0348076970963,-19.2152864096788,29.2751616433268));
#3699=CARTESIAN_POINT('',(15.3373512591217,-19.2152864096788,24.9162201840881));
#3700=CARTESIAN_POINT('',(28.3314792657154,-19.4017877353557,29.5708782026777));
#3701=CARTESIAN_POINT('Ctrl Pts',(28.3314792657154,-19.4017877353557,29.5708782026776));
#3702=CARTESIAN_POINT('Ctrl Pts',(28.3307214984318,-19.4007941543826,29.5688220575926));
#3703=CARTESIAN_POINT('Ctrl Pts',(28.3299554145845,-19.3997973960405,29.56678164716));
#3704=CARTESIAN_POINT('Ctrl Pts',(28.3115927282332,-19.3760932016732,29.5187600820072));
#3705=CARTESIAN_POINT('Ctrl Pts',(28.2831261610507,-19.3449500521124,29.4692195580313));
#3706=CARTESIAN_POINT('Ctrl Pts',(28.2161880710628,-19.2896387852922,29.3891215959344));
#3707=CARTESIAN_POINT('Ctrl Pts',(28.1678873224659,-19.25914352791,29.349374961591));
#3708=CARTESIAN_POINT('Ctrl Pts',(28.0876106194793,-19.2284736237821,29.3012575546561));
#3709=CARTESIAN_POINT('Ctrl Pts',(28.0615086526602,-19.2207877856084,29.2875989992282));
#3710=CARTESIAN_POINT('Ctrl Pts',(28.0348076970963,-19.2152864096788,29.2751616433268));
#3711=CARTESIAN_POINT('',(1.86739775671602,-19.4017877353557,20.4859577200799));
#3712=CARTESIAN_POINT('',(15.2778131953541,-19.4017877353557,25.0896526511584));
#3713=CARTESIAN_POINT('Origin',(-1.12029850356142,-18.9701940815063,19.727206852009));
#3714=CARTESIAN_POINT('Origin',(33.2640357593603,-17.205,29.875));
#3715=CARTESIAN_POINT('',(1.91823495352147,-14.0466182219563,17.2362480122838));
#3716=CARTESIAN_POINT('',(1.91823495352147,-10.619908027396,15.1987260019764));
#3717=CARTESIAN_POINT('',(1.88610711215106,-13.2469528276713,16.7497376921085));
#3718=CARTESIAN_POINT('Ctrl Pts',(1.88610711215065,-13.2469528276714,16.7497376921084));
#3719=CARTESIAN_POINT('Ctrl Pts',(1.90987945645694,-13.5177986425072,16.9189434910872));
#3720=CARTESIAN_POINT('Ctrl Pts',(1.91823495352146,-13.7802247910184,17.077850468249));
#3721=CARTESIAN_POINT('Ctrl Pts',(1.91823495352146,-14.0466182219563,17.2362480122838));
#3722=CARTESIAN_POINT('',(10.5291440791016,-8.25689310818659,16.7497376921085));
#3723=CARTESIAN_POINT('',(23.7056688972516,-0.64942295744504,16.7497376921091));
#3724=CARTESIAN_POINT('',(11.2056105440369,-8.68454943931653,17.2362480209706));
#3725=CARTESIAN_POINT('Ctrl Pts',(11.2056106520964,-8.68454930383569,17.2362479775097));
#3726=CARTESIAN_POINT('Ctrl Pts',(10.9749072250706,-8.55135261444233,17.0778504666823));
#3727=CARTESIAN_POINT('Ctrl Pts',(10.7518173085505,-8.4129034958256,16.9189435222338));
#3728=CARTESIAN_POINT('Ctrl Pts',(10.5291441693276,-8.25689317140067,16.7497377606695));
#3729=CARTESIAN_POINT('',(21.1655191650466,-14.4349052368267,24.0745716419301));
#3730=CARTESIAN_POINT('',(27.9339087404381,-19.205,29.2344074895014));
#3731=CARTESIAN_POINT('',(25.7055075774253,-19.205,28.4694141016744));
#3732=CARTESIAN_POINT('Origin',(27.9339087404381,-19.705,29.531707508269));
#3733=CARTESIAN_POINT('Origin',(-7.78543896018391E-14,-10.619908027396,
15.1987260019764));
#3734=CARTESIAN_POINT('',(-1.81910090486169,-19.3454661671459,20.3869431993862));
#3735=CARTESIAN_POINT('',(-17.4980432834646,-19.3454661671459,20.3869431993863));
#3736=CARTESIAN_POINT('',(-1.91823495352164,-19.2152864096788,20.30953831071));
#3737=CARTESIAN_POINT('Origin',(-0.151501963056917,-18.9701940815063,20.1638064031791));
#3738=CARTESIAN_POINT('',(-1.91823495352163,-14.0466182219563,17.2362480122838));
#3739=CARTESIAN_POINT('',(-1.91823495352163,-10.619908027396,15.1987260019764));
#3740=CARTESIAN_POINT('',(-1.91823495352163,-14.0466182219563,17.2362480122838));
#3741=CARTESIAN_POINT('Origin',(-17.4980432834646,-19.7752330835729,21.1424826240251));
#3742=CARTESIAN_POINT('',(1.75136811852167,-20.205,21.898022048664));
#3743=CARTESIAN_POINT('',(1.75136811852167,-20.205,21.898022048664));
#3744=CARTESIAN_POINT('',(-1.75136811852185,-20.205,21.898022048664));
#3745=CARTESIAN_POINT('',(-17.4980432834646,-20.205,21.898022048664));
#3746=CARTESIAN_POINT('',(-1.86739775671621,-19.4017877353557,20.48595772008));
#3747=CARTESIAN_POINT('',(-1.75136811852185,-20.205,21.898022048664));
#3748=CARTESIAN_POINT('Origin',(1.12029850356126,-18.9701940815063,19.727206852009));
#3749=CARTESIAN_POINT('Origin',(27.9339087404381,-19.705,32.4375));
#3750=CARTESIAN_POINT('',(27.9339087404381,-19.205,5.44529625579165));
#3751=CARTESIAN_POINT('',(27.9339087404381,-19.205,32.4375));
#3752=CARTESIAN_POINT('',(28.1306840353803,-19.2453485197452,5.39952489938074));
#3753=CARTESIAN_POINT('Origin',(27.9339087404381,-19.705,5.29664624615617));
#3754=CARTESIAN_POINT('',(28.1839087404381,-20.1380127018922,4.1812003252227));
#3755=CARTESIAN_POINT('Origin',(27.9339087404381,-19.705,4.81066402994138));
#3756=CARTESIAN_POINT('',(28.1839087404381,-20.1380127018922,30.8510277122767));
#3757=CARTESIAN_POINT('',(28.1839087404381,-20.1380127018922,32.4375));
#3758=CARTESIAN_POINT('Origin',(27.9339087404381,-19.705,29.9824854693232));
#3759=CARTESIAN_POINT('Origin',(21.2480432834646,3.60730947161673,13.3750000093132));
#3760=CARTESIAN_POINT('',(23.3092392191493,-19.205,6.23910341883373));
#3761=CARTESIAN_POINT('',(12.0723568956566,-9.2487422116229,11.1278677205111));
#3762=CARTESIAN_POINT('',(22.0048676950457,-14.9832802465541,7.7181112585952));
#3763=CARTESIAN_POINT('',(11.1929853896792,-8.70959409433427,11.4390972841486));
#3764=CARTESIAN_POINT('Ctrl Pts',(11.1929853896898,-8.70959409431965,11.4390972841511));
#3765=CARTESIAN_POINT('Ctrl Pts',(11.4890489173109,-8.9059105177798,11.3299142145333));
#3766=CARTESIAN_POINT('Ctrl Pts',(11.7777056993099,-9.07862571439775,11.2290191301928));
#3767=CARTESIAN_POINT('Ctrl Pts',(12.0723566866704,-9.24874253734711,11.127867659545));
#3768=CARTESIAN_POINT('',(1.94623706856727,-14.0482067266569,11.4390972841486));
#3769=CARTESIAN_POINT('',(24.0676545020769,-1.27640041661097,11.4390972841347));
#3770=CARTESIAN_POINT('',(1.97346766329557,-15.0793386637631,11.1278677100103));
#3771=CARTESIAN_POINT('Ctrl Pts',(1.97346766329556,-15.0793386637631,11.1278677100103));
#3772=CARTESIAN_POINT('Ctrl Pts',(1.97346766329556,-14.7391050698548,11.2290191640359));
#3773=CARTESIAN_POINT('Ctrl Pts',(1.96822030704395,-14.4027634181725,11.3299142325655));
#3774=CARTESIAN_POINT('Ctrl Pts',(1.94623706854927,-14.0482067266585,11.4390972841512));
#3775=CARTESIAN_POINT('',(1.97346766329557,-19.2453485197452,9.88931289954383));
#3776=CARTESIAN_POINT('',(1.97346766329558,-7.98425101965592,13.2372374033326));
#3777=CARTESIAN_POINT('',(-6.08696258469238,-19.2453485197452,11.2728554940146));
#3778=CARTESIAN_POINT('Origin',(31.5319849517914,-19.205,35.));
#3779=CARTESIAN_POINT('Origin',(-31.0319849517914,-14.3389745962155,32.4375));
#3780=CARTESIAN_POINT('',(-30.5989722498992,-14.5889745962155,29.234407496516));
#3781=CARTESIAN_POINT('',(-30.6583300110416,-14.6712124406181,29.275161643522));
#3782=CARTESIAN_POINT('Origin',(-31.0319849517914,-14.3389745962155,29.531707512028));
#3783=CARTESIAN_POINT('',(-30.5989722498992,-14.5889745962155,5.44529626280621));
#3784=CARTESIAN_POINT('',(-30.5989722498992,-14.5889745962155,32.4375));
#3785=CARTESIAN_POINT('',(-30.732302743758,-14.7392127430584,5.39952490426578));
#3786=CARTESIAN_POINT('Origin',(-31.0319849517914,-14.3389745962155,5.29664624991526));
#3787=CARTESIAN_POINT('',(-31.5319849517914,-14.3389745962155,4.18120032475031));
#3788=CARTESIAN_POINT('Origin',(-31.0319849517914,-14.3389745962155,4.81066403428509));
#3789=CARTESIAN_POINT('',(-31.5319849517914,-14.3389745962155,30.8510277113412));
#3790=CARTESIAN_POINT('',(-31.5319849517914,-14.3389745962155,32.4375));
#3791=CARTESIAN_POINT('',(-30.968180688609,-14.8348869029793,29.5708782059616));
#3792=CARTESIAN_POINT('Origin',(-31.0319849517914,-14.3389745962155,29.9824854739895));
#3793=CARTESIAN_POINT('Ctrl Pts',(-30.6583300110416,-14.6712124406181,29.275161643522));
#3794=CARTESIAN_POINT('Ctrl Pts',(-30.666884965685,-14.6808338643188,29.2810353468501));
#3795=CARTESIAN_POINT('Ctrl Pts',(-30.6757890499576,-14.6900960028971,29.2871802548222));
#3796=CARTESIAN_POINT('Ctrl Pts',(-30.7183760829824,-14.7311556822393,29.3169087190357));
#3797=CARTESIAN_POINT('Ctrl Pts',(-30.755328525358,-14.757294913517,29.3437606271959));
#3798=CARTESIAN_POINT('Ctrl Pts',(-30.828105618228,-14.7976434729344,29.4033459142265));
#3799=CARTESIAN_POINT('Ctrl Pts',(-30.8738831308332,-14.8146461516871,29.4463555987103));
#3800=CARTESIAN_POINT('Ctrl Pts',(-30.9295021141446,-14.8288495198308,29.5126700477611));
#3801=CARTESIAN_POINT('Ctrl Pts',(-30.9499999279601,-14.8325477595028,29.5407153938473));
#3802=CARTESIAN_POINT('Ctrl Pts',(-30.968180688609,-14.8348869029793,29.5708782059616));
#3803=CARTESIAN_POINT('Origin',(-24.0265935538479,-3.67489260704894,25.3284171959857));
#3804=CARTESIAN_POINT('',(-17.7361398547106,8.08368010915892,20.4859577683305));
#3805=CARTESIAN_POINT('',(-24.4413476504209,-3.53008046831834,25.0896527014473));
#3806=CARTESIAN_POINT('',(-17.6632155200494,8.09734562606859,20.3869432484926));
#3807=CARTESIAN_POINT('Origin',(-15.8685206493873,10.4553041553279,19.7272069071279));
#3808=CARTESIAN_POINT('',(-17.600043566559,7.94640314101363,20.3095383591682));
#3809=CARTESIAN_POINT('Origin',(-16.5044208859871,9.3538926369919,20.1638064557765));
#3810=CARTESIAN_POINT('',(-24.3096017950352,-3.67489260704894,24.9162202340608));
#3811=CARTESIAN_POINT('Origin',(-15.8777507648267,12.0373103525582,19.6556800624993));
#3812=CARTESIAN_POINT('',(-31.5319849517914,-14.205,30.9322841303538));
#3813=CARTESIAN_POINT('',(-31.5319849517914,-7.34688882116319,35.0917708638389));
#3814=CARTESIAN_POINT('',(-18.3737272690567,8.58577084558013,21.8980220957895));
#3815=CARTESIAN_POINT('',(-16.1342096585263,12.464729131464,20.3604029510376));
#3816=CARTESIAN_POINT('',(-18.3737272690567,8.58577084558014,21.8980220957895));
#3817=CARTESIAN_POINT('Origin',(-31.5319849517914,-14.205,29.875));
#3818=CARTESIAN_POINT('',(-31.5319849517914,-14.205,4.11037571726774));
#3819=CARTESIAN_POINT('',(-31.5319849517914,-9.37484022274055,1.55695006818394));
#3820=CARTESIAN_POINT('',(-31.5319849517914,-14.205,29.875));
#3821=CARTESIAN_POINT('Origin',(-8.37683252221689,25.0413666309416,21.1424826967732));
#3822=CARTESIAN_POINT('',(-16.6223591490493,11.6192294121893,21.8980221002639));
#3823=CARTESIAN_POINT('',(-8.74902159056366,25.2562500886267,21.8980221203784));
#3824=CARTESIAN_POINT('',(-15.815898165213,11.296993142349,20.386943253212));
#3825=CARTESIAN_POINT('',(-16.6223591490493,11.6192294121893,21.8980221002639));
#3826=CARTESIAN_POINT('',(-8.00464345387012,24.8264831732566,20.3869432731679));
#3827=CARTESIAN_POINT('Origin',(-27.9339087404381,-19.705,32.4375));
#3828=CARTESIAN_POINT('',(-27.9339087404381,-19.205,5.44529625579165));
#3829=CARTESIAN_POINT('',(-28.1306840353803,-19.2453485197452,5.39952489938075));
#3830=CARTESIAN_POINT('Origin',(-27.9339087404381,-19.705,5.29664624615617));
#3831=CARTESIAN_POINT('',(-27.9339087404381,-19.205,29.2344074895014));
#3832=CARTESIAN_POINT('',(-27.9339087404381,-19.205,32.4375));
#3833=CARTESIAN_POINT('',(-28.0348076970963,-19.2152864096788,29.2751616433268));
#3834=CARTESIAN_POINT('Origin',(-27.9339087404381,-19.705,29.531707508269));
#3835=CARTESIAN_POINT('',(-28.3314792657154,-19.4017877353557,29.5708782026777));
#3836=CARTESIAN_POINT('Ctrl Pts',(-28.3314792657154,-19.4017877353557,29.5708782026777));
#3837=CARTESIAN_POINT('Ctrl Pts',(-28.3203631275953,-19.3872123062362,29.5407153898246));
#3838=CARTESIAN_POINT('Ctrl Pts',(-28.3069114509664,-19.3713097982297,29.5126700430662));
#3839=CARTESIAN_POINT('Ctrl Pts',(-28.266801481384,-19.3302440293939,29.446355593307));
#3840=CARTESIAN_POINT('Ctrl Pts',(-28.2291879733314,-19.2991008798331,29.4033459086425));
#3841=CARTESIAN_POINT('Ctrl Pts',(-28.1578565493606,-19.2562483481488,29.343760621281));
#3842=CARTESIAN_POINT('Ctrl Pts',(-28.1167430897821,-19.2373162098818,29.3169087129328));
#3843=CARTESIAN_POINT('Ctrl Pts',(-28.0598908521323,-19.220964598266,29.28718025074));
#3844=CARTESIAN_POINT('Ctrl Pts',(-28.0474175672012,-19.2178845053051,29.2810353448124));
#3845=CARTESIAN_POINT('Ctrl Pts',(-28.0348076970963,-19.2152864096788,29.2751616433268));
#3846=CARTESIAN_POINT('',(-28.1839087404381,-20.1380127018922,30.8510277122767));
#3847=CARTESIAN_POINT('Origin',(-27.9339087404381,-19.705,29.9824854693232));
#3848=CARTESIAN_POINT('',(-28.1839087404381,-20.1380127018922,4.1812003252227));
#3849=CARTESIAN_POINT('',(-28.1839087404381,-20.1380127018922,32.4375));
#3850=CARTESIAN_POINT('Origin',(-27.9339087404381,-19.705,4.81066402994137));
#3851=CARTESIAN_POINT('Origin',(-21.2480432834646,3.60730947161672,13.3750000093132));
#3852=CARTESIAN_POINT('',(-18.974616596917,-19.205,26.1587497654057));
#3853=CARTESIAN_POINT('',(-23.6209173506513,-19.205,27.753789928487));
#3854=CARTESIAN_POINT('',(-18.3250975440787,-18.08,25.2668497091031));
#3855=CARTESIAN_POINT('Origin',(-18.974616596917,-18.455,25.7127997372544));
#3856=CARTESIAN_POINT('',(-20.6135752783536,-14.1162402922458,23.6956152617626));
#3857=CARTESIAN_POINT('',(-26.2138408099814,-4.41629585558972,19.8505570443467));
#3858=CARTESIAN_POINT('',(-11.2056107607187,-8.6845495644179,17.2362481697411));
#3859=CARTESIAN_POINT('',(-21.1655192035849,-14.4349052590768,24.07457166839));
#3860=CARTESIAN_POINT('',(-10.5291439852765,-8.2568931623561,16.7497376921082));
#3861=CARTESIAN_POINT('Ctrl Pts',(-10.5291439852769,-8.25689316235566,16.7497376921081));
#3862=CARTESIAN_POINT('Ctrl Pts',(-10.7551437709441,-8.41523425008974,16.9214713383705));
#3863=CARTESIAN_POINT('Ctrl Pts',(-10.9778834192243,-8.5530710770958,17.0798939697474));
#3864=CARTESIAN_POINT('Ctrl Pts',(-11.2056103615821,-8.68454933397621,17.2362478956998));
#3865=CARTESIAN_POINT('',(-1.88610711215123,-13.2469528276713,16.7497376921085));
#3866=CARTESIAN_POINT('',(-23.7056688972516,-0.649422957445048,16.7497376921091));
#3867=CARTESIAN_POINT('Ctrl Pts',(-1.91823495352164,-14.0466182219563,17.2362480122838));
#3868=CARTESIAN_POINT('Ctrl Pts',(-1.91823495352164,-13.7802247910184,17.077850468249));
#3869=CARTESIAN_POINT('Ctrl Pts',(-1.90987945645711,-13.5177986425072,16.9189434910872));
#3870=CARTESIAN_POINT('Ctrl Pts',(-1.88610711215082,-13.2469528276714,16.7497376921084));
#3871=CARTESIAN_POINT('',(-19.128383462773,-19.2152864096788,26.2176530755122));
#3872=CARTESIAN_POINT('Origin',(-17.6755784912404,-19.205,35.));
#3873=CARTESIAN_POINT('',(-18.974616596917,-19.205,6.98312512044353));
#3874=CARTESIAN_POINT('',(-23.10314502944,-19.205,6.27447871285194));
#3875=CARTESIAN_POINT('',(-18.974616596917,-19.205,35.));
#3876=CARTESIAN_POINT('Origin',(-33.2640357593603,-17.205,5.125));
#3877=CARTESIAN_POINT('',(-1.97346766329573,-19.2453485197452,9.88931289954383));
#3878=CARTESIAN_POINT('',(-34.431391656084,-19.2453485197452,4.31803208815937));
#3879=CARTESIAN_POINT('',(-1.97346766329573,-15.0793386637631,11.1278677100103));
#3880=CARTESIAN_POINT('',(-1.97346766329572,-7.98425101965591,13.2372374033326));
#3881=CARTESIAN_POINT('',(-1.94623706856744,-14.0482067266569,11.4390972841486));
#3882=CARTESIAN_POINT('Ctrl Pts',(-1.94623706854945,-14.0482067266585,11.4390972841512));
#3883=CARTESIAN_POINT('Ctrl Pts',(-1.96822030704412,-14.4027634181725,11.3299142325655));
#3884=CARTESIAN_POINT('Ctrl Pts',(-1.97346766329574,-14.7391050698548,11.2290191640359));
#3885=CARTESIAN_POINT('Ctrl Pts',(-1.97346766329574,-15.0793386637631,11.1278677100103));
#3886=CARTESIAN_POINT('',(-11.1929855604451,-8.70959399576213,11.4390972841428));
#3887=CARTESIAN_POINT('',(-24.0676545020769,-1.27640041661097,11.4390972841347));
#3888=CARTESIAN_POINT('',(-12.0723568956566,-9.24874221162295,11.1278677205111));
#3889=CARTESIAN_POINT('Ctrl Pts',(-12.0723555623443,-9.24874144183546,11.127868178227));
#3890=CARTESIAN_POINT('Ctrl Pts',(-11.7812218179887,-9.08065543110073,11.2278121668056));
#3891=CARTESIAN_POINT('Ctrl Pts',(-11.4935154625394,-8.90887195885872,11.3282671123218));
#3892=CARTESIAN_POINT('Ctrl Pts',(-11.1929857262963,-8.70959410572355,11.4390972229835));
#3893=CARTESIAN_POINT('',(-20.5859590848003,-14.1640729425918,8.20521194243741));
#3894=CARTESIAN_POINT('',(-22.0048678550118,-14.9832803389105,7.71811120368004));
#3895=CARTESIAN_POINT('',(-18.3250975440787,-18.08,7.42907514934998));
#3896=CARTESIAN_POINT('',(-24.846370083909,-6.78482463101029,9.66777905259635));
#3897=CARTESIAN_POINT('Origin',(-18.974616596917,-18.455,7.20610013489675));
#3898=CARTESIAN_POINT('Origin',(-18.9868793411263,-18.9701940815063,26.629850035991));
#3899=CARTESIAN_POINT('',(-19.0688453990054,-19.4017877353557,26.3910855425825));
#3900=CARTESIAN_POINT('Origin',(-20.9126875034359,-19.7691906946026,27.6881848300308));
#3901=CARTESIAN_POINT('',(-28.0678833366537,-20.205,30.9322841315743));
#3902=CARTESIAN_POINT('',(-20.6707614267367,-20.205,28.3929077194807));
#3903=CARTESIAN_POINT('',(-27.6342339034971,-20.4553676169669,31.235983140752));
#3904=CARTESIAN_POINT('Origin',(-25.4698071253003,-7.205,35.));
#3905=CARTESIAN_POINT('',(-26.1193261781387,-6.82999999999999,26.158749806099));
#3906=CARTESIAN_POINT('',(-24.820288072462,-6.83,25.2668497595628));
#3907=CARTESIAN_POINT('Origin',(-25.4698071253003,-7.205,25.7127997828309));
#3908=CARTESIAN_POINT('',(-24.820288072462,-6.83,7.42907519980966));
#3909=CARTESIAN_POINT('',(-24.820288072462,-6.83,35.));
#3910=CARTESIAN_POINT('',(-26.1193261781387,-6.82999999999999,6.98312516113682));
#3911=CARTESIAN_POINT('Origin',(-25.4698071253003,-7.205,7.20610018047325));
#3912=CARTESIAN_POINT('',(-26.1193261781387,-6.82999999999999,35.));
#3913=CARTESIAN_POINT('Origin',(-25.4698071253003,-5.705,35.));
#3914=CARTESIAN_POINT('',(-22.5318102324966,-10.7937598908155,23.695615256862));
#3915=CARTESIAN_POINT('',(-24.3718954018029,-7.6066388873231,24.9589900885649));
#3916=CARTESIAN_POINT('',(-23.5212499381426,-9.08000004961061,23.6956152543342));
#3917=CARTESIAN_POINT('',(-18.3250975440787,-18.08,35.));
#3918=CARTESIAN_POINT('',(-22.5594267475726,-10.7459266835759,8.20521193580107));
#3919=CARTESIAN_POINT('',(-23.5212500019164,-9.07999993915118,8.20521193256667));
#3920=CARTESIAN_POINT('',(-18.8226828079671,-17.2181570418478,9.48800810405479));
#3921=CARTESIAN_POINT('Origin',(-18.974616596917,-18.455,35.));
#3922=CARTESIAN_POINT('Origin',(-34.3230205918102,-19.7251742598726,3.68666923169917));
#3923=CARTESIAN_POINT('',(-28.0678833366537,-20.205,4.11037571790366));
#3924=CARTESIAN_POINT('',(-35.1930198354385,-16.0913005244138,8.45972489628312));
#3925=CARTESIAN_POINT('',(-1.88826753556888,-20.205,8.60400849597067));
#3926=CARTESIAN_POINT('',(-34.2146495275363,-20.205,3.05530637523898));
#3927=CARTESIAN_POINT('',(-1.96659447830444,-19.2464643564134,9.88898116128088));
#3928=CARTESIAN_POINT('',(-1.88826753556888,-20.205,8.60400849597067));
#3929=CARTESIAN_POINT('',(-17.5217514548903,-16.7211410084231,10.6397598413038));
#3930=CARTESIAN_POINT('Origin',(-17.4980432834646,-19.7257321782067,9.24649482862577));
#3931=CARTESIAN_POINT('',(1.88826753556872,-20.205,8.60400849597067));
#3932=CARTESIAN_POINT('',(-17.4980432834646,-20.205,8.60400849597067));
#3933=CARTESIAN_POINT('',(1.96659447830427,-19.2464643564134,9.88898116128088));
#3934=CARTESIAN_POINT('',(1.88826753556872,-20.205,8.60400849597067));
#3935=CARTESIAN_POINT('',(-17.4980432834646,-19.2464643564134,9.88898116128087));
#3936=CARTESIAN_POINT('Origin',(-6.19533364896621,-19.7251742598726,10.6414926375544));
#3937=CARTESIAN_POINT('',(-2.00931978559641,-19.8919396245415,9.69708135162747));
#3938=CARTESIAN_POINT('',(28.0678833366536,-20.205,4.11037571790366));
#3939=CARTESIAN_POINT('',(-6.30370471324004,-20.205,10.0101297810942));
#3940=CARTESIAN_POINT('',(23.884842218473,-22.6200799156128,1.55695004618648));
#3941=CARTESIAN_POINT('Origin',(-6.6197047843275E-14,-7.98425101965592,
13.2372374033326));
#3942=CARTESIAN_POINT('',(1.97346766329557,-15.0793386637631,11.1278677100103));
#3943=CARTESIAN_POINT('Origin',(34.2440123000348,-19.8620206373144,3.68666921064667));
#3944=CARTESIAN_POINT('',(31.5319849517914,-14.205,4.11037571726773));
#3945=CARTESIAN_POINT('',(31.5319849517914,-22.4323989509244,8.45972490555799));
#3946=CARTESIAN_POINT('',(18.4421772021844,8.46721208362809,8.60400854193116));
#3947=CARTESIAN_POINT('',(34.6053680461532,-19.5282556705578,3.05530635186743));
#3948=CARTESIAN_POINT('',(17.6512244693181,7.92011111786953,9.88898120997673));
#3949=CARTESIAN_POINT('',(18.4421772021844,8.46721208362809,8.60400854193116));
#3950=CARTESIAN_POINT('',(23.2418087531329,-6.81371161964366,10.6397598747376));
#3951=CARTESIAN_POINT('Origin',(25.8320069530978,-5.2908841469721,9.24649484977368));
#3952=CARTESIAN_POINT('',(26.247065061078,-5.051250235353,8.60400851568505));
#3953=CARTESIAN_POINT('',(25.4169488451176,-5.5305180585912,9.88898118386231));
#3954=CARTESIAN_POINT('Origin',(6.9145644223328,3.99212501066415,13.2372375126112));
#3955=CARTESIAN_POINT('',(12.072356468483,9.24874196499415,11.1278678671566));
#3956=CARTESIAN_POINT('Origin',(-8.33396366963321,25.0166158530279,9.24649490861579));
#3957=CARTESIAN_POINT('',(-18.4421772021845,8.46721208362804,8.60400854193115));
#3958=CARTESIAN_POINT('',(-8.74902177761342,25.256249764647,8.60400857452716));
#3959=CARTESIAN_POINT('',(-17.6512244693182,7.92011111786949,9.88898120997672));
#3960=CARTESIAN_POINT('',(-18.4421772021845,8.46721208362804,8.60400854193115));
#3961=CARTESIAN_POINT('',(-7.918905561653,24.7769819414088,9.88898124270442));
#3962=CARTESIAN_POINT('Origin',(-13.9848351899797,15.2279034368374,10.6414927652666));
#3963=CARTESIAN_POINT('',(-17.6536947172031,7.91360085121282,9.88931294800526));
#3964=CARTESIAN_POINT('',(-13.6234794438613,14.8941384700809,11.2728556240459));
#3965=CARTESIAN_POINT('',(-16.2222653032027,11.6860915563799,9.69708140125014));
#3966=CARTESIAN_POINT('',(-14.3461909360981,15.561668403594,10.0101299064874));
#3967=CARTESIAN_POINT('Origin',(-6.91456458229892,3.99212510302059,13.237237457696));
#3968=CARTESIAN_POINT('',(-14.0458246164233,5.83059598609003,11.1278676939657));
#3969=CARTESIAN_POINT('',(-7.90129844268227,2.28305199025416,13.2372374444233));
#3970=CARTESIAN_POINT('',(-14.0458246164233,5.83059598609003,11.1278676939657));
#3971=CARTESIAN_POINT('Origin',(-7.50000000000001,-20.205,13.3750001899898));
#3972=CARTESIAN_POINT('',(-28.2866374509883,-10.5838932403923,6.23910345636942));
#3973=CARTESIAN_POINT('',(-14.0458246164233,-5.83059598609009,11.1278676939657));
#3974=CARTESIAN_POINT('',(-23.9783355757786,-11.5651341133777,7.71811117713467));
#3975=CARTESIAN_POINT('',(-13.1392224128324,-5.33861238615519,11.4390974307883));
#3976=CARTESIAN_POINT('Ctrl Pts',(-13.139222412828,-5.33861238616475,11.4390974307898));
#3977=CARTESIAN_POINT('Ctrl Pts',(-13.4620678735187,-5.49924019665475,11.3282670055304));
#3978=CARTESIAN_POINT('Ctrl Pts',(-13.7546906799792,-5.66250986610152,11.2278117907931));
#3979=CARTESIAN_POINT('Ctrl Pts',(-14.0458246164234,-5.83059598608987,11.1278676939657));
#3980=CARTESIAN_POINT('',(-13.1392224128155,5.33861261371868,11.4390974307941));
#3981=CARTESIAN_POINT('',(-13.139222412856,-20.205,11.4390974307802));
#3982=CARTESIAN_POINT('Ctrl Pts',(-14.0458244289487,5.83059634907329,11.1278677583244));
#3983=CARTESIAN_POINT('Ctrl Pts',(-13.7511734345021,5.66047951298296,11.2290192347855));
#3984=CARTESIAN_POINT('Ctrl Pts',(-13.4572692883945,5.49685299704819,11.3299143238133));
#3985=CARTESIAN_POINT('Ctrl Pts',(-13.1392225083938,5.33861266129267,11.4390973979828));
#3986=CARTESIAN_POINT('Origin',(-6.66427760206684,27.9955139866821,27.6881848300308));
#3987=CARTESIAN_POINT('',(-15.7840818677465,11.3279310326467,20.3797576446197));
#3988=CARTESIAN_POINT('',(-6.16589263403747,27.9871234622428,26.983461940581));
#3989=CARTESIAN_POINT('',(-9.37756196838431,17.5575751339306,18.9328657023867));
#3990=CARTESIAN_POINT('',(-7.16266257009621,28.0039045111215,28.3929077194807));
#3991=CARTESIAN_POINT('Origin',(-9.19711000939448,5.30995421820919,15.1987260773369));
#3992=CARTESIAN_POINT('',(-11.2056105440369,8.68454943931651,17.2362480209706));
#3993=CARTESIAN_POINT('',(-8.23799254302955,6.97119442510576,15.1987260871382));
#3994=CARTESIAN_POINT('',(-13.1238454767667,5.36206902552338,17.236248001368));
#3995=CARTESIAN_POINT('',(-11.2056105440369,8.68454943931651,17.2362480209706));
#3996=CARTESIAN_POINT('',(-10.1562274757594,3.64871401131262,15.1987260675356));
#3997=CARTESIAN_POINT('Origin',(13.7480432834646,16.5976905283833,13.3750000093132));
#3998=CARTESIAN_POINT('',(-1.91823495352153,14.0466182219563,17.2362480122838));
#3999=CARTESIAN_POINT('',(-1.91823495352152,25.547329897828,24.0745716064373));
#4000=CARTESIAN_POINT('',(-1.88610711215112,13.2469528276713,16.7497376921085));
#4001=CARTESIAN_POINT('Ctrl Pts',(-1.88610711215071,13.2469528276714,16.7497376921084));
#4002=CARTESIAN_POINT('Ctrl Pts',(-1.909879456457,13.5177986425072,16.9189434910872));
#4003=CARTESIAN_POINT('Ctrl Pts',(-1.91823495352152,13.7802247910184,17.077850468249));
#4004=CARTESIAN_POINT('Ctrl Pts',(-1.91823495352153,14.0466182219563,17.2362480122838));
#4005=CARTESIAN_POINT('',(-10.5291440791016,8.25689310818657,16.7497376921085));
#4006=CARTESIAN_POINT('',(11.2904176696776,20.8544229574451,16.7497376921091));
#4007=CARTESIAN_POINT('Ctrl Pts',(-11.2056106520964,8.68454930383566,17.2362479775097));
#4008=CARTESIAN_POINT('Ctrl Pts',(-10.9749071939108,8.55135259645216,17.0778504452884));
#4009=CARTESIAN_POINT('Ctrl Pts',(-10.7518172481422,8.41290345876881,16.9189434794621));
#4010=CARTESIAN_POINT('Ctrl Pts',(-10.5291440791019,8.25689310818627,16.7497376921084));
#4011=CARTESIAN_POINT('Origin',(18.3634919319035,7.73188035876721,19.6556799528605));
#4012=CARTESIAN_POINT('',(18.8618768999328,7.74027088320655,20.3604028423104));
#4013=CARTESIAN_POINT('',(15.7840818677465,11.3279310326468,20.3797576446197));
#4014=CARTESIAN_POINT('',(16.7876584311739,10.3520619310516,20.6064121880921));
#4015=CARTESIAN_POINT('',(17.8651069638741,7.72348983432786,18.9509570634107));
#4016=CARTESIAN_POINT('Origin',(-1.73205080756888,37.41,29.875));
#4017=CARTESIAN_POINT('',(11.2056107607187,8.68454956441791,17.2362481697411));
#4018=CARTESIAN_POINT('',(8.23799250449119,6.97119440285571,15.1987260606784));
#4019=CARTESIAN_POINT('',(10.5291441101369,8.25689309026837,16.7497376921085));
#4020=CARTESIAN_POINT('Ctrl Pts',(10.5291441101372,8.25689309026807,16.7497376921084));
#4021=CARTESIAN_POINT('Ctrl Pts',(10.7518173436742,8.41290348646722,16.918943528727));
#4022=CARTESIAN_POINT('Ctrl Pts',(10.9749073558548,8.5513526608798,17.0778505391912));
#4023=CARTESIAN_POINT('Ctrl Pts',(11.2056108893897,8.68454940309519,17.2362481179904));
#4024=CARTESIAN_POINT('',(1.88610711215116,13.2469528276713,16.7497376921085));
#4025=CARTESIAN_POINT('',(-11.2904176696776,20.8544229574451,16.7497376921091));
#4026=CARTESIAN_POINT('',(1.91823495352157,14.0466182219563,17.2362480122838));
#4027=CARTESIAN_POINT('Ctrl Pts',(1.91823495352157,14.0466182219563,17.2362480122838));
#4028=CARTESIAN_POINT('Ctrl Pts',(1.91823495352157,13.7802247910184,17.077850468249));
#4029=CARTESIAN_POINT('Ctrl Pts',(1.90987945645705,13.5177986425072,16.9189434910872));
#4030=CARTESIAN_POINT('Ctrl Pts',(1.88610711215076,13.2469528276714,16.7497376921084));
#4031=CARTESIAN_POINT('',(1.91823495352157,25.547329897828,24.0745716064373));
#4032=CARTESIAN_POINT('Origin',(9.19710997085612,5.30995419595915,15.1987260508771));
#4033=CARTESIAN_POINT('',(13.1238456934486,5.36206915062478,17.2362481501385));
#4034=CARTESIAN_POINT('Origin',(-2.48574115623741,-19.7691906946026,19.6556799528606));
#4035=CARTESIAN_POINT('',(28.0678833366536,-20.205,30.9322841315743));
#4036=CARTESIAN_POINT('',(22.1285848801301,-23.6340555626714,35.091770847207));
#4037=CARTESIAN_POINT('',(-2.72766723293655,-20.205,20.3604028423105));
#4038=CARTESIAN_POINT('Origin',(22.9916015554291,-13.2742071337876,7.71811124532251));
#4039=CARTESIAN_POINT('',(14.0458246164233,-5.83059598609005,11.1278676939657));
#4040=CARTESIAN_POINT('Ctrl Pts',(12.4152512349247,-4.9900597493943,16.7497378408789));
#4041=CARTESIAN_POINT('Ctrl Pts',(11.9245085265176,-4.76138990156509,16.4128012702322));
#4042=CARTESIAN_POINT('Ctrl Pts',(11.0749580598937,-4.39939155261773,15.3788894194503));
#4043=CARTESIAN_POINT('Ctrl Pts',(11.0527246950629,-4.39007540397813,13.2360369499581));
#4044=CARTESIAN_POINT('Ctrl Pts',(12.0914802284786,-4.83131184979227,11.918309806654));
#4045=CARTESIAN_POINT('Ctrl Pts',(12.8733710386907,-5.20634147421854,11.5303622035946));
#4046=CARTESIAN_POINT('Ctrl Pts',(13.139222508394,-5.33861266129281,11.4390973979827));
#4047=CARTESIAN_POINT('Ctrl Pts',(11.7865488797257,-6.07900422339643,16.7497378141424));
#4048=CARTESIAN_POINT('Ctrl Pts',(11.3115853231681,-5.82300408269928,16.4128012521968));
#4049=CARTESIAN_POINT('Ctrl Pts',(10.4991266723718,-5.39676080406355,15.3788894202534));
#4050=CARTESIAN_POINT('Ctrl Pts',(10.4779095104143,-5.38568447867254,13.236036951334));
#4051=CARTESIAN_POINT('Ctrl Pts',(11.4709131034948,-5.90616558316206,11.9183097848386));
#4052=CARTESIAN_POINT('Ctrl Pts',(12.2307505071262,-6.31939283449793,11.5303621691075));
#4053=CARTESIAN_POINT('Ctrl Pts',(12.4904768021593,-6.46227313896842,11.4390973600389));
#4054=CARTESIAN_POINT('Ctrl Pts',(11.1578465245266,-7.16794869739855,16.7497377874059));
#4055=CARTESIAN_POINT('Ctrl Pts',(10.6986621198187,-6.88461826383348,16.4128012341614));
#4056=CARTESIAN_POINT('Ctrl Pts',(9.92329528484983,-6.39413005550937,15.3788894210564));
#4057=CARTESIAN_POINT('Ctrl Pts',(9.90309432576566,-6.38129355336696,13.23603695271));
#4058=CARTESIAN_POINT('Ctrl Pts',(10.850345978511,-6.98101931653184,11.9183097630231));
#4059=CARTESIAN_POINT('Ctrl Pts',(11.5881299755618,-7.43244419477733,11.5303621346205));
#4060=CARTESIAN_POINT('Ctrl Pts',(11.8417310959245,-7.58593361664404,11.439097322095));
#4061=CARTESIAN_POINT('Ctrl Pts',(10.5291441693276,-8.25689317140068,16.7497377606695));
#4062=CARTESIAN_POINT('Ctrl Pts',(10.0857389164692,-7.94623244496768,16.4128012161259));
#4063=CARTESIAN_POINT('Ctrl Pts',(9.3474638973279,-7.39149930695519,15.3788894218595));
#4064=CARTESIAN_POINT('Ctrl Pts',(9.32827914111703,-7.37690262806137,13.2360369540859));
#4065=CARTESIAN_POINT('Ctrl Pts',(10.2297788535272,-8.05587304990163,11.9183097412077));
#4066=CARTESIAN_POINT('Ctrl Pts',(10.9455094439974,-8.54549555505672,11.5303621001334));
#4067=CARTESIAN_POINT('Ctrl Pts',(11.1929853896898,-8.70959409431965,11.4390972841511));
#4068=CARTESIAN_POINT('',(11.1929853896792,-8.70959409433427,11.4390972841486));
#4069=CARTESIAN_POINT('Ctrl Pts',(13.1392224128081,-5.33861261373523,11.4390974307966));
#4070=CARTESIAN_POINT('Ctrl Pts',(12.8733709762183,-5.206341444254,11.5303622345913));
#4071=CARTESIAN_POINT('Ctrl Pts',(12.0914802035799,-4.83131183921595,11.9183098382396));
#4072=CARTESIAN_POINT('Ctrl Pts',(11.0527246950629,-4.39007540397813,13.2360369499581));
#4073=CARTESIAN_POINT('Ctrl Pts',(11.0749580598937,-4.39939155261773,15.3788894194503));
#4074=CARTESIAN_POINT('Ctrl Pts',(11.9245085265176,-4.76138990156509,16.4128012702322));
#4075=CARTESIAN_POINT('Ctrl Pts',(12.4152512349247,-4.9900597493943,16.7497378408789));
#4076=CARTESIAN_POINT('',(12.4152512349248,-4.99005974939391,16.749737840879));
#4077=CARTESIAN_POINT('Ctrl Pts',(10.5291440791019,-8.25689310818628,16.7497376921084));
#4078=CARTESIAN_POINT('Ctrl Pts',(10.0857388663936,-7.9462324073413,16.4128011459979));
#4079=CARTESIAN_POINT('Ctrl Pts',(9.34746389689415,-7.39149930662517,15.3788893734111));
#4080=CARTESIAN_POINT('Ctrl Pts',(9.32827914111703,-7.37690262806137,13.2360369540859));
#4081=CARTESIAN_POINT('Ctrl Pts',(10.2297788535272,-8.05587304990163,11.9183097412077));
#4082=CARTESIAN_POINT('Ctrl Pts',(10.9455094439974,-8.54549555505672,11.5303621001334));
#4083=CARTESIAN_POINT('Ctrl Pts',(11.1929853896898,-8.70959409431965,11.4390972841511));
#4084=CARTESIAN_POINT('Ctrl Pts',(12.0723567462347,-9.24874257173655,11.127867639097));
#4085=CARTESIAN_POINT('Ctrl Pts',(11.7777057086934,-9.07862572063186,11.2290191267287));
#4086=CARTESIAN_POINT('Ctrl Pts',(11.4890488794254,-8.90591049640304,11.3299142273915));
#4087=CARTESIAN_POINT('Ctrl Pts',(11.1929853007106,-8.70959403531851,11.4390973169651));
#4088=CARTESIAN_POINT('Ctrl Pts',(12.7301793071394,-8.10936049751547,11.1278676788395));
#4089=CARTESIAN_POINT('Ctrl Pts',(12.4355282741235,-7.9392436457348,11.2290191661254));
#4090=CARTESIAN_POINT('Ctrl Pts',(12.1451223295797,-7.76955798557914,11.329914266227));
#4091=CARTESIAN_POINT('Ctrl Pts',(11.841731004743,-7.58593356145737,11.439097354909));
#4092=CARTESIAN_POINT('Ctrl Pts',(13.388001868044,-6.96997842329439,11.1278677185819));
#4093=CARTESIAN_POINT('Ctrl Pts',(13.0933508395537,-6.79986157083773,11.2290192055221));
#4094=CARTESIAN_POINT('Ctrl Pts',(12.801195779734,-6.63320547475524,11.3299143050625));
#4095=CARTESIAN_POINT('Ctrl Pts',(12.4904767087754,-6.46227308759624,11.4390973928529));
#4096=CARTESIAN_POINT('Ctrl Pts',(14.0458244289487,-5.83059634907332,11.1278677583244));
#4097=CARTESIAN_POINT('Ctrl Pts',(13.7511734049839,-5.66047949594067,11.2290192449188));
#4098=CARTESIAN_POINT('Ctrl Pts',(13.4572692298883,-5.49685296393134,11.329914343898));
#4099=CARTESIAN_POINT('Ctrl Pts',(13.1392224128079,-5.3386126137351,11.4390974307967));
#4100=CARTESIAN_POINT('Origin',(22.1246366314115,-12.7736650299301,24.0745716321288));
#4101=CARTESIAN_POINT('',(11.2056105440369,-8.68454943931653,17.2362480209706));
#4102=CARTESIAN_POINT('Ctrl Pts',(10.5291441693276,-8.25689317140067,16.7497377606695));
#4103=CARTESIAN_POINT('Ctrl Pts',(10.7518173085505,-8.4129034958256,16.9189435222338));
#4104=CARTESIAN_POINT('Ctrl Pts',(10.9749072250706,-8.55135261444233,17.0778504666823));
#4105=CARTESIAN_POINT('Ctrl Pts',(11.2056106520964,-8.68454930383569,17.2362479775097));
#4106=CARTESIAN_POINT('Ctrl Pts',(11.1578465245266,-7.16794869739855,16.7497377874059));
#4107=CARTESIAN_POINT('Ctrl Pts',(11.3884437784746,-7.31023405786253,16.9189435505456));
#4108=CARTESIAN_POINT('Ctrl Pts',(11.6143188628399,-7.44385912948004,17.0778504962317));
#4109=CARTESIAN_POINT('Ctrl Pts',(11.8450222932037,-7.57705581818013,17.23624800804));
#4110=CARTESIAN_POINT('Ctrl Pts',(11.7865488797257,-6.07900422339642,16.7497378141424));
#4111=CARTESIAN_POINT('Ctrl Pts',(12.0250702483987,-6.20756461989945,16.9189435788574));
#4112=CARTESIAN_POINT('Ctrl Pts',(12.2537305006092,-6.33636564451775,17.0778505257811));
#4113=CARTESIAN_POINT('Ctrl Pts',(12.484433934311,-6.46956233252457,17.2362480385703));
#4114=CARTESIAN_POINT('Ctrl Pts',(12.4152512349247,-4.9900597493943,16.7497378408789));
#4115=CARTESIAN_POINT('Ctrl Pts',(12.6616967183227,-5.10489518193638,16.9189436071692));
#4116=CARTESIAN_POINT('Ctrl Pts',(12.8931421383785,-5.22887215955546,17.0778505553305));
#4117=CARTESIAN_POINT('Ctrl Pts',(13.1238455754183,-5.36206884686902,17.2362480691007));
#4118=CARTESIAN_POINT('Origin',(24.554693627132,-2.11997692648026,14.2765559292364));
#4119=CARTESIAN_POINT('Ctrl Pts',(1.94623706854929,-14.0482067266588,11.4390972841511));
#4120=CARTESIAN_POINT('Ctrl Pts',(1.90948601432183,-13.4554672992814,11.6216269078436));
#4121=CARTESIAN_POINT('Ctrl Pts',(1.79841631752475,-12.3154414346576,12.3187746911041));
#4122=CARTESIAN_POINT('Ctrl Pts',(1.69665467642644,-11.5771558219106,14.31088468539));
#4123=CARTESIAN_POINT('Ctrl Pts',(1.78574416729469,-12.2281427215419,15.9582511398271));
#4124=CARTESIAN_POINT('Ctrl Pts',(1.86243838402929,-12.9772875447034,16.5812694080806));
#4125=CARTESIAN_POINT('Ctrl Pts',(1.88610711215065,-13.2469528276714,16.7497376921084));
#4126=CARTESIAN_POINT('Origin',(-22.1246366699498,-12.7736650521803,24.0745716585887));
#4127=CARTESIAN_POINT('',(-13.1238456934486,-5.36206915062477,17.2362481501385));
#4128=CARTESIAN_POINT('',(-23.0837541363148,-11.1124248452837,24.0745716487874));
#4129=CARTESIAN_POINT('',(-13.1238456934486,-5.36206915062477,17.2362481501385));
#4130=CARTESIAN_POINT('Ctrl Pts',(-10.5291439852769,-8.25689316235567,16.7497376921081));
#4131=CARTESIAN_POINT('Ctrl Pts',(-10.3148108836692,-8.10672604480651,16.5868693738652));
#4132=CARTESIAN_POINT('Ctrl Pts',(-9.91688518512744,-7.82071799523954,16.1757499801568));
#4133=CARTESIAN_POINT('Ctrl Pts',(-9.33957296035486,-7.38551897386972,15.027757978192));
#4134=CARTESIAN_POINT('Ctrl Pts',(-9.33440680234267,-7.38140457895654,13.5467580804617));
#4135=CARTESIAN_POINT('Ctrl Pts',(-10.0507669206991,-7.92176536427439,12.101265697728));
#4136=CARTESIAN_POINT('Ctrl Pts',(-10.7278119479734,-8.40114265098087,11.6106451442137));
#4137=CARTESIAN_POINT('Ctrl Pts',(-11.1929857262964,-8.70959410572365,11.4390972229835));
#4138=CARTESIAN_POINT('Ctrl Pts',(-11.1578464223587,-7.16794874899463,16.7497377557957));
#4139=CARTESIAN_POINT('Ctrl Pts',(-10.9358859834992,-7.0309925343304,16.5868694355642));
#4140=CARTESIAN_POINT('Ctrl Pts',(-10.5217178139368,-6.77311722646252,16.1757500383022));
#4141=CARTESIAN_POINT('Ctrl Pts',(-9.91499314977652,-6.388861988792,15.027758031791));
#4142=CARTESIAN_POINT('Ctrl Pts',(-9.90950029443539,-6.3853134169245,13.5467581342019));
#4143=CARTESIAN_POINT('Ctrl Pts',(-10.6624557717969,-6.86228910860164,12.1012657568568));
#4144=CARTESIAN_POINT('Ctrl Pts',(-11.365044253768,-7.2974237747322,11.6106452107111));
#4145=CARTESIAN_POINT('Ctrl Pts',(-11.8417312884736,-7.58593353253737,11.4390972922523));
#4146=CARTESIAN_POINT('Ctrl Pts',(-11.7865488594406,-6.0790043356336,16.7497378194833));
#4147=CARTESIAN_POINT('Ctrl Pts',(-11.5569610833292,-5.9552590238543,16.5868694972631));
#4148=CARTESIAN_POINT('Ctrl Pts',(-11.1265504427462,-5.7255164576855,16.1757500964475));
#4149=CARTESIAN_POINT('Ctrl Pts',(-10.4904133391982,-5.39220500371427,15.0277580853901));
#4150=CARTESIAN_POINT('Ctrl Pts',(-10.4845937865281,-5.38922225489247,13.5467581879421));
#4151=CARTESIAN_POINT('Ctrl Pts',(-11.2741446228947,-5.80281285292889,12.1012658159855));
#4152=CARTESIAN_POINT('Ctrl Pts',(-12.0022765595626,-6.19370489848354,11.6106452772084));
#4153=CARTESIAN_POINT('Ctrl Pts',(-12.4904768506509,-6.4622729593511,11.439097361521));
#4154=CARTESIAN_POINT('Ctrl Pts',(-12.4152512965224,-4.99005992227257,16.7497378831709));
#4155=CARTESIAN_POINT('Ctrl Pts',(-12.1780361831593,-4.8795255133782,16.586869558962));
#4156=CARTESIAN_POINT('Ctrl Pts',(-11.7313830715556,-4.67791568890848,16.1757501545929));
#4157=CARTESIAN_POINT('Ctrl Pts',(-11.0658335286198,-4.39554801863654,15.0277581389892));
#4158=CARTESIAN_POINT('Ctrl Pts',(-11.0596872786208,-4.39313109286043,13.5467582416823));
#4159=CARTESIAN_POINT('Ctrl Pts',(-11.8858334739925,-4.74333659725614,12.1012658751143));
#4160=CARTESIAN_POINT('Ctrl Pts',(-12.6395088653572,-5.08998602223487,11.6106453437057));
#4161=CARTESIAN_POINT('Ctrl Pts',(-13.1392224128281,-5.33861238616482,11.4390974307898));
#4162=CARTESIAN_POINT('',(-13.1392224128324,-5.33861238615519,11.4390974307883));
#4163=CARTESIAN_POINT('Ctrl Pts',(-11.1929855604512,-8.7095939957536,11.4390972841443));
#4164=CARTESIAN_POINT('Ctrl Pts',(-10.7278118406924,-8.4011425750213,11.6106452219549));
#4165=CARTESIAN_POINT('Ctrl Pts',(-10.0507668866459,-7.92176533858758,12.1012657664415));
#4166=CARTESIAN_POINT('Ctrl Pts',(-9.33440680234267,-7.38140457895654,13.5467580804617));
#4167=CARTESIAN_POINT('Ctrl Pts',(-9.33957296035486,-7.38551897386972,15.027757978192));
#4168=CARTESIAN_POINT('Ctrl Pts',(-9.91688518512744,-7.82071799523954,16.1757499801568));
#4169=CARTESIAN_POINT('Ctrl Pts',(-10.3148108836692,-8.10672604480651,16.5868693738652));
#4170=CARTESIAN_POINT('Ctrl Pts',(-10.5291439852769,-8.25689316235567,16.7497376921081));
#4171=CARTESIAN_POINT('',(-12.4152512349245,-4.99005989356932,16.7497378408787));
#4172=CARTESIAN_POINT('',(-10.5291439852765,-8.2568931623561,16.7497376921082));
#4173=CARTESIAN_POINT('Ctrl Pts',(-12.4152512349243,-4.99005989356988,16.7497378408786));
#4174=CARTESIAN_POINT('Ctrl Pts',(-12.1780361444982,-4.87952549592739,16.5868695233766));
#4175=CARTESIAN_POINT('Ctrl Pts',(-11.7313830571535,-4.67791568279823,16.1757501297511));
#4176=CARTESIAN_POINT('Ctrl Pts',(-11.0658335286198,-4.39554801863654,15.0277581389892));
#4177=CARTESIAN_POINT('Ctrl Pts',(-11.0596872786208,-4.39313109286043,13.5467582416823));
#4178=CARTESIAN_POINT('Ctrl Pts',(-11.8858334739925,-4.74333659725614,12.1012658751143));
#4179=CARTESIAN_POINT('Ctrl Pts',(-12.6395088653572,-5.08998602223487,11.6106453437057));
#4180=CARTESIAN_POINT('Ctrl Pts',(-13.1392224128281,-5.33861238616482,11.4390974307898));
#4181=CARTESIAN_POINT('Ctrl Pts',(-11.2056103615821,-8.68454933397621,17.2362478956998));
#4182=CARTESIAN_POINT('Ctrl Pts',(-10.9778834005304,-8.55307106630288,17.0798939569124));
#4183=CARTESIAN_POINT('Ctrl Pts',(-10.7551437343751,-8.41523422745996,16.9214713123609));
#4184=CARTESIAN_POINT('Ctrl Pts',(-10.5291439296206,-8.25689312336147,16.7497376498157));
#4185=CARTESIAN_POINT('Ctrl Pts',(-11.8450221388709,-7.57705593952573,17.2362479805127));
#4186=CARTESIAN_POINT('Ctrl Pts',(-11.617295145945,-7.44557765536288,17.0798940294116));
#4187=CARTESIAN_POINT('Ctrl Pts',(-11.3918886814032,-7.31235980939688,16.9214713798949));
#4188=CARTESIAN_POINT('Ctrl Pts',(-11.1578463647218,-7.16794871343094,16.7497377135033));
#4189=CARTESIAN_POINT('Ctrl Pts',(-12.4844339161598,-6.46956254507525,17.2362480653256));
#4190=CARTESIAN_POINT('Ctrl Pts',(-12.2567068913597,-6.33808424442288,17.0798941019108));
#4191=CARTESIAN_POINT('Ctrl Pts',(-12.0286336284313,-6.2094853913338,16.9214714474288));
#4192=CARTESIAN_POINT('Ctrl Pts',(-11.786548799823,-6.0790043035004,16.749737777191));
#4193=CARTESIAN_POINT('Ctrl Pts',(-13.1238456934486,-5.36206915062477,17.2362481501385));
#4194=CARTESIAN_POINT('Ctrl Pts',(-12.8961186367744,-5.23059083348288,17.07989417441));
#4195=CARTESIAN_POINT('Ctrl Pts',(-12.6653785754594,-5.10661097327072,16.9214715149628));
#4196=CARTESIAN_POINT('Ctrl Pts',(-12.4152512349243,-4.99005989356987,16.7497378408786));
#4197=CARTESIAN_POINT('Ctrl Pts',(-13.1238456934486,-5.36206915062477,17.2362481501385));
#4198=CARTESIAN_POINT('Ctrl Pts',(-12.8961186367744,-5.23059083348288,17.07989417441));
#4199=CARTESIAN_POINT('Ctrl Pts',(-12.6653785754594,-5.10661097327072,16.9214715149628));
#4200=CARTESIAN_POINT('Ctrl Pts',(-12.4152512349243,-4.99005989356987,16.7497378408786));
#4201=CARTESIAN_POINT('Origin',(-22.9916017153952,-13.2742072261441,7.71811119040735));
#4202=CARTESIAN_POINT('',(-12.0723568956566,-9.24874221162295,11.1278677205111));
#4203=CARTESIAN_POINT('Ctrl Pts',(-11.1929857262963,-8.70959410572355,11.4390972229835));
#4204=CARTESIAN_POINT('Ctrl Pts',(-11.4935163801023,-8.90887256728424,11.3282667739406));
#4205=CARTESIAN_POINT('Ctrl Pts',(-11.7812235748109,-9.08065648006249,11.2278115533973));
#4206=CARTESIAN_POINT('Ctrl Pts',(-12.0723582289709,-9.24874298141165,11.1278672627945));
#4207=CARTESIAN_POINT('Ctrl Pts',(-11.8417312884735,-7.58593353253729,11.4390972922523));
#4208=CARTESIAN_POINT('Ctrl Pts',(-12.1495136174054,-7.77265161365758,11.3282668537804));
#4209=CARTESIAN_POINT('Ctrl Pts',(-12.4388893809076,-7.94154541309553,11.2278116373248));
#4210=CARTESIAN_POINT('Ctrl Pts',(-12.7301803581218,-8.10936064963772,11.1278674065182));
#4211=CARTESIAN_POINT('Ctrl Pts',(-12.4904768506507,-6.46227295935102,11.4390973615211));
#4212=CARTESIAN_POINT('Ctrl Pts',(-12.8060706362156,-6.63546115028141,11.3282669256906));
#4213=CARTESIAN_POINT('Ctrl Pts',(-13.0970248738825,-6.80162093306847,11.2278117068656));
#4214=CARTESIAN_POINT('Ctrl Pts',(-13.3880024872726,-6.96997831786379,11.1278675502419));
#4215=CARTESIAN_POINT('Ctrl Pts',(-13.139222412828,-5.33861238616475,11.4390974307898));
#4216=CARTESIAN_POINT('Ctrl Pts',(-13.4620678735187,-5.49924019665475,11.3282670055304));
#4217=CARTESIAN_POINT('Ctrl Pts',(-13.7546906799792,-5.66250986610152,11.2278117907931));
#4218=CARTESIAN_POINT('Ctrl Pts',(-14.0458246164234,-5.83059598608987,11.1278676939657));
#4219=CARTESIAN_POINT('Origin',(-24.554693627132,-2.11997692648027,14.2765559292364));
#4220=CARTESIAN_POINT('Ctrl Pts',(-1.88610711215083,-13.2469528276714,16.7497376921084));
#4221=CARTESIAN_POINT('Ctrl Pts',(-1.86243838402946,-12.9772875447034,16.5812694080807));
#4222=CARTESIAN_POINT('Ctrl Pts',(-1.78574416729486,-12.2281427215418,15.9582511398271));
#4223=CARTESIAN_POINT('Ctrl Pts',(-1.69665467642661,-11.5771558219105,14.31088468539));
#4224=CARTESIAN_POINT('Ctrl Pts',(-1.79841631752493,-12.3154414346575,12.3187746911041));
#4225=CARTESIAN_POINT('Ctrl Pts',(-1.90948601432201,-13.4554672992814,11.6216269078436));
#4226=CARTESIAN_POINT('Ctrl Pts',(-1.94623706854947,-14.0482067266588,11.4390972841511));
#4227=CARTESIAN_POINT('Ctrl Pts',(-12.4152512349247,4.99005974939426,16.7497378408789));
#4228=CARTESIAN_POINT('Ctrl Pts',(-11.9245085265176,4.76138990156505,16.4128012702322));
#4229=CARTESIAN_POINT('Ctrl Pts',(-11.298564114369,4.49267226942462,15.6385257653559));
#4230=CARTESIAN_POINT('Ctrl Pts',(-10.9923509932764,4.36702824614092,13.9728169727621));
#4231=CARTESIAN_POINT('Ctrl Pts',(-11.5632735689632,4.59978454987582,12.3227653647662));
#4232=CARTESIAN_POINT('Ctrl Pts',(-12.6075195689874,5.07407028714425,11.6216270092065));
#4233=CARTESIAN_POINT('Ctrl Pts',(-13.139222508394,5.33861266129279,11.4390973979827));
#4234=CARTESIAN_POINT('Ctrl Pts',(-11.7865488797257,6.07900422339639,16.7497378141424));
#4235=CARTESIAN_POINT('Ctrl Pts',(-11.3115853231681,5.82300408269925,16.4128012521968));
#4236=CARTESIAN_POINT('Ctrl Pts',(-10.7123928762065,5.50795067258593,15.6385257611539));
#4237=CARTESIAN_POINT('Ctrl Pts',(-10.4209449570365,5.35673252447968,13.9728169755546));
#4238=CARTESIAN_POINT('Ctrl Pts',(-10.9639047143978,5.63792180564402,12.3227653542658));
#4239=CARTESIAN_POINT('Ctrl Pts',(-11.9710242120932,6.17651253002743,11.6216269781762));
#4240=CARTESIAN_POINT('Ctrl Pts',(-12.4904768021593,6.46227313896841,11.4390973600389));
#4241=CARTESIAN_POINT('Ctrl Pts',(-11.1578465245266,7.16794869739851,16.7497377874059));
#4242=CARTESIAN_POINT('Ctrl Pts',(-10.6986621198187,6.88461826383345,16.4128012341613));
#4243=CARTESIAN_POINT('Ctrl Pts',(-10.126221638044,6.52322907574725,15.6385257569519));
#4244=CARTESIAN_POINT('Ctrl Pts',(-9.8495389207965,6.34643680281844,13.972816978347));
#4245=CARTESIAN_POINT('Ctrl Pts',(-10.3645358598323,6.67605906141223,12.3227653437654));
#4246=CARTESIAN_POINT('Ctrl Pts',(-11.3345288551991,7.2789547729106,11.621626947146));
#4247=CARTESIAN_POINT('Ctrl Pts',(-11.8417310959246,7.58593361664402,11.439097322095));
#4248=CARTESIAN_POINT('Ctrl Pts',(-10.5291441693276,8.25689317140064,16.7497377606695));
#4249=CARTESIAN_POINT('Ctrl Pts',(-10.0857389164692,7.94623244496765,16.4128012161259));
#4250=CARTESIAN_POINT('Ctrl Pts',(-9.54005039988145,7.53850747890857,15.6385257527499));
#4251=CARTESIAN_POINT('Ctrl Pts',(-9.27813288455653,7.33614108115719,13.9728169811394));
#4252=CARTESIAN_POINT('Ctrl Pts',(-9.76516700526694,7.71419631718044,12.322765333265));
#4253=CARTESIAN_POINT('Ctrl Pts',(-10.6980334983049,8.38139701579377,11.6216269161157));
#4254=CARTESIAN_POINT('Ctrl Pts',(-11.1929853896899,8.70959409431963,11.4390972841511));
#4255=CARTESIAN_POINT('',(-11.1929853896792,8.70959409433426,11.4390972841486));
#4256=CARTESIAN_POINT('',(-12.4152512349249,4.99005974939387,16.749737840879));
#4257=CARTESIAN_POINT('Ctrl Pts',(-13.1392224128082,5.33861261373519,11.4390974307966));
#4258=CARTESIAN_POINT('Ctrl Pts',(-12.6075195064116,5.07407025872298,11.6216270512217));
#4259=CARTESIAN_POINT('Ctrl Pts',(-11.5632735552783,4.59978454429671,12.3227654043175));
#4260=CARTESIAN_POINT('Ctrl Pts',(-10.9923509932764,4.36702824614092,13.9728169727621));
#4261=CARTESIAN_POINT('Ctrl Pts',(-11.298564114369,4.49267226942462,15.6385257653559));
#4262=CARTESIAN_POINT('Ctrl Pts',(-11.9245085265176,4.76138990156505,16.4128012702322));
#4263=CARTESIAN_POINT('Ctrl Pts',(-12.4152512349247,4.99005974939426,16.7497378408789));
#4264=CARTESIAN_POINT('',(-12.4152512349249,4.99005974939387,16.749737840879));
#4265=CARTESIAN_POINT('Ctrl Pts',(-10.5291440791019,8.25689310818627,16.7497376921084));
#4266=CARTESIAN_POINT('Ctrl Pts',(-10.0857388671187,7.94623240809415,16.4128011461026));
#4267=CARTESIAN_POINT('Ctrl Pts',(-9.54005039277533,7.53850747341813,15.6385257075573));
#4268=CARTESIAN_POINT('Ctrl Pts',(-9.27813288455653,7.33614108115719,13.9728169811394));
#4269=CARTESIAN_POINT('Ctrl Pts',(-9.76516700526694,7.71419631718044,12.322765333265));
#4270=CARTESIAN_POINT('Ctrl Pts',(-10.6980334983049,8.38139701579377,11.6216269161157));
#4271=CARTESIAN_POINT('Ctrl Pts',(-11.1929853896899,8.70959409431963,11.4390972841511));
#4272=CARTESIAN_POINT('Ctrl Pts',(-13.1238455754184,5.362068846869,17.2362480691007));
#4273=CARTESIAN_POINT('Ctrl Pts',(-12.8931421072187,5.22887214156529,17.0778505339366));
#4274=CARTESIAN_POINT('Ctrl Pts',(-12.6616966560265,5.10489514814959,16.9189435643975));
#4275=CARTESIAN_POINT('Ctrl Pts',(-12.4152511350666,4.99005970286369,16.7497377723178));
#4276=CARTESIAN_POINT('Ctrl Pts',(-12.484433934311,6.46956233252455,17.2362480385704));
#4277=CARTESIAN_POINT('Ctrl Pts',(-12.2537304694494,6.33636562652758,17.0778505043872));
#4278=CARTESIAN_POINT('Ctrl Pts',(-12.0250701867317,6.20756458502266,16.9189435360857));
#4279=CARTESIAN_POINT('Ctrl Pts',(-11.7865487830784,6.07900417130455,16.7497377455813));
#4280=CARTESIAN_POINT('Ctrl Pts',(-11.8450222932037,7.57705581818011,17.23624800804));
#4281=CARTESIAN_POINT('Ctrl Pts',(-11.6143188316801,7.44385911148987,17.0778504748378));
#4282=CARTESIAN_POINT('Ctrl Pts',(-11.388443717437,7.31023402189574,16.9189435077739));
#4283=CARTESIAN_POINT('Ctrl Pts',(-11.1578464310901,7.16794863974541,16.7497377188449));
#4284=CARTESIAN_POINT('Ctrl Pts',(-11.2056106520964,8.68454930383566,17.2362479775097));
#4285=CARTESIAN_POINT('Ctrl Pts',(-10.9749071939108,8.55135259645216,17.0778504452884));
#4286=CARTESIAN_POINT('Ctrl Pts',(-10.7518172481422,8.41290345876881,16.9189434794621));
#4287=CARTESIAN_POINT('Ctrl Pts',(-10.5291440791019,8.25689310818627,16.7497376921084));
#4288=CARTESIAN_POINT('Ctrl Pts',(-12.4152512349247,4.99005974939427,16.7497378408789));
#4289=CARTESIAN_POINT('Ctrl Pts',(-12.661696710258,5.10489517777714,16.9189436016321));
#4290=CARTESIAN_POINT('Ctrl Pts',(-12.8931421228103,5.22887215121607,17.0778505446416));
#4291=CARTESIAN_POINT('Ctrl Pts',(-13.1238455521408,5.3620688334297,17.2362480531187));
#4292=CARTESIAN_POINT('Ctrl Pts',(-13.1392225083938,5.33861266129267,11.4390973979828));
#4293=CARTESIAN_POINT('Ctrl Pts',(-13.4572692883945,5.49685299704819,11.3299143238133));
#4294=CARTESIAN_POINT('Ctrl Pts',(-13.7511734345021,5.66047951298296,11.2290192347855));
#4295=CARTESIAN_POINT('Ctrl Pts',(-14.0458244289487,5.83059634907329,11.1278677583244));
#4296=CARTESIAN_POINT('Ctrl Pts',(-12.4904768021591,6.46227313896827,11.4390973600389));
#4297=CARTESIAN_POINT('Ctrl Pts',(-12.8011958380492,6.63320550820294,11.3299142849778));
#4298=CARTESIAN_POINT('Ctrl Pts',(-13.0933508690719,6.79986158788003,11.2290191953888));
#4299=CARTESIAN_POINT('Ctrl Pts',(-13.388001868044,6.96997842329437,11.1278677185819));
#4300=CARTESIAN_POINT('Ctrl Pts',(-11.8417310959244,7.58593361664388,11.4390973220951));
#4301=CARTESIAN_POINT('Ctrl Pts',(-12.1451223877039,7.76955801935768,11.3299142461423));
#4302=CARTESIAN_POINT('Ctrl Pts',(-12.4355283036417,7.93924366277709,11.2290191559921));
#4303=CARTESIAN_POINT('Ctrl Pts',(-12.7301793071394,8.10936049751545,11.1278676788395));
#4304=CARTESIAN_POINT('Ctrl Pts',(-11.1929853896896,8.70959409431948,11.4390972841512));
#4305=CARTESIAN_POINT('Ctrl Pts',(-11.4890489373586,8.90591053051243,11.3299142073068));
#4306=CARTESIAN_POINT('Ctrl Pts',(-11.7777057382115,9.07862573767416,11.2290191165954));
#4307=CARTESIAN_POINT('Ctrl Pts',(-12.0723567462347,9.24874257173652,11.127867639097));
#4308=CARTESIAN_POINT('Origin',(-31.5319849517914,-20.205,29.875));
#4309=CARTESIAN_POINT('',(-12.4152512349258,-20.205,16.7497378408796));
#4310=CARTESIAN_POINT('',(-29.484771639281,-12.6591225288006,28.469414097078));
#4311=CARTESIAN_POINT('Origin',(-14.1133006820497,-20.205,14.2765560693306));
#4312=CARTESIAN_POINT('Origin',(1.80411241501588E-15,26.5484146890812,7.71811118666312));
#4313=CARTESIAN_POINT('',(-1.97346766329564,15.0793386637631,11.1278677100103));
#4314=CARTESIAN_POINT('Ctrl Pts',(-1.88610711215071,13.2469528276714,16.7497376921084));
#4315=CARTESIAN_POINT('Ctrl Pts',(-1.83876965590798,12.7076222617354,16.4128011240529));
#4316=CARTESIAN_POINT('Ctrl Pts',(-1.75852331178941,12.0311863518699,15.6385909724362));
#4317=CARTESIAN_POINT('Ctrl Pts',(-1.71422091778012,11.7031616939069,13.9728300638659));
#4318=CARTESIAN_POINT('Ctrl Pts',(-1.79813233227597,12.3140410894654,12.3227494576915));
#4319=CARTESIAN_POINT('Ctrl Pts',(-1.90948601432189,13.4554672992814,11.6216269078436));
#4320=CARTESIAN_POINT('Ctrl Pts',(-1.94623706854935,14.0482067266589,11.4390972841511));
#4321=CARTESIAN_POINT('Ctrl Pts',(-0.628702370716889,13.2469528276714,16.7497376921084));
#4322=CARTESIAN_POINT('Ctrl Pts',(-0.61292321863598,12.7076222617354,16.4128011240529));
#4323=CARTESIAN_POINT('Ctrl Pts',(-0.586174437263122,12.0311863518699,15.6385909724362));
#4324=CARTESIAN_POINT('Ctrl Pts',(-0.571406972593358,11.7031616939069,13.9728300638659));
#4325=CARTESIAN_POINT('Ctrl Pts',(-0.599377444091976,12.3140410894654,12.3227494576915));
#4326=CARTESIAN_POINT('Ctrl Pts',(-0.636495338107283,13.4554672992814,11.6216269078436));
#4327=CARTESIAN_POINT('Ctrl Pts',(-0.648745689516437,14.0482067266589,11.4390972841511));
#4328=CARTESIAN_POINT('Ctrl Pts',(0.628702370716933,13.2469528276714,16.7497376921084));
#4329=CARTESIAN_POINT('Ctrl Pts',(0.612923218636025,12.7076222617354,16.4128011240529));
#4330=CARTESIAN_POINT('Ctrl Pts',(0.586174437263168,12.0311863518699,15.6385909724362));
#4331=CARTESIAN_POINT('Ctrl Pts',(0.571406972593404,11.7031616939069,13.9728300638659));
#4332=CARTESIAN_POINT('Ctrl Pts',(0.599377444092023,12.3140410894654,12.3227494576915));
#4333=CARTESIAN_POINT('Ctrl Pts',(0.636495338107327,13.4554672992814,11.6216269078436));
#4334=CARTESIAN_POINT('Ctrl Pts',(0.648745689516479,14.0482067266589,11.4390972841511));
#4335=CARTESIAN_POINT('Ctrl Pts',(1.88610711215075,13.2469528276714,16.7497376921084));
#4336=CARTESIAN_POINT('Ctrl Pts',(1.83876965590803,12.7076222617354,16.4128011240529));
#4337=CARTESIAN_POINT('Ctrl Pts',(1.75852331178946,12.0311863518699,15.6385909724362));
#4338=CARTESIAN_POINT('Ctrl Pts',(1.71422091778017,11.7031616939069,13.9728300638659));
#4339=CARTESIAN_POINT('Ctrl Pts',(1.79813233227602,12.3140410894654,12.3227494576915));
#4340=CARTESIAN_POINT('Ctrl Pts',(1.90948601432194,13.4554672992814,11.6216269078436));
#4341=CARTESIAN_POINT('Ctrl Pts',(1.94623706854939,14.0482067266589,11.4390972841511));
#4342=CARTESIAN_POINT('',(1.94623706856737,14.048206726657,11.4390972841486));
#4343=CARTESIAN_POINT('Ctrl Pts',(-1.94623706854935,14.0482067266589,11.4390972841511));
#4344=CARTESIAN_POINT('Ctrl Pts',(-1.90948601432189,13.4554672992814,11.6216269078436));
#4345=CARTESIAN_POINT('Ctrl Pts',(-1.79813233227597,12.3140410894654,12.3227494576915));
#4346=CARTESIAN_POINT('Ctrl Pts',(-1.71422091778012,11.7031616939069,13.9728300638659));
#4347=CARTESIAN_POINT('Ctrl Pts',(-1.75852331178941,12.0311863518699,15.6385909724362));
#4348=CARTESIAN_POINT('Ctrl Pts',(-1.83876965590798,12.7076222617354,16.4128011240529));
#4349=CARTESIAN_POINT('Ctrl Pts',(-1.88610711215071,13.2469528276714,16.7497376921084));
#4350=CARTESIAN_POINT('',(-1.88610711215112,13.2469528276713,16.7497376921085));
#4351=CARTESIAN_POINT('Ctrl Pts',(1.88610711215075,13.2469528276714,16.7497376921084));
#4352=CARTESIAN_POINT('Ctrl Pts',(1.83876965590803,12.7076222617354,16.4128011240529));
#4353=CARTESIAN_POINT('Ctrl Pts',(1.75852331178946,12.0311863518699,15.6385909724362));
#4354=CARTESIAN_POINT('Ctrl Pts',(1.71422091778017,11.7031616939069,13.9728300638659));
#4355=CARTESIAN_POINT('Ctrl Pts',(1.79813233227602,12.3140410894654,12.3227494576915));
#4356=CARTESIAN_POINT('Ctrl Pts',(1.90948601432194,13.4554672992814,11.6216269078436));
#4357=CARTESIAN_POINT('Ctrl Pts',(1.94623706854939,14.0482067266589,11.4390972841511));
#4358=CARTESIAN_POINT('Ctrl Pts',(1.97346766329567,15.0793386637631,11.1278677100103));
#4359=CARTESIAN_POINT('Ctrl Pts',(1.97346766329567,14.7391050698548,11.2290191640359));
#4360=CARTESIAN_POINT('Ctrl Pts',(1.96822030704405,14.4027634181725,11.3299142325655));
#4361=CARTESIAN_POINT('Ctrl Pts',(1.94623706854938,14.0482067266586,11.4390972841512));
#4362=CARTESIAN_POINT('Ctrl Pts',(0.657822554431904,15.0793386637631,11.1278677100103));
#4363=CARTESIAN_POINT('Ctrl Pts',(0.657822554431904,14.7391050698548,11.2290191640359));
#4364=CARTESIAN_POINT('Ctrl Pts',(0.656073435681366,14.4027634181725,11.3299142325655));
#4365=CARTESIAN_POINT('Ctrl Pts',(0.648745689516475,14.0482067266586,11.4390972841512));
#4366=CARTESIAN_POINT('Ctrl Pts',(-0.657822554431863,15.0793386637631,11.1278677100103));
#4367=CARTESIAN_POINT('Ctrl Pts',(-0.657822554431862,14.7391050698548,11.2290191640359));
#4368=CARTESIAN_POINT('Ctrl Pts',(-0.656073435681322,14.4027634181725,11.3299142325655));
#4369=CARTESIAN_POINT('Ctrl Pts',(-0.64874568951643,14.0482067266586,11.4390972841512));
#4370=CARTESIAN_POINT('Ctrl Pts',(-1.97346766329563,15.0793386637631,11.1278677100104));
#4371=CARTESIAN_POINT('Ctrl Pts',(-1.97346766329563,14.7391050698548,11.2290191640359));
#4372=CARTESIAN_POINT('Ctrl Pts',(-1.96822030704401,14.4027634181725,11.3299142325655));
#4373=CARTESIAN_POINT('Ctrl Pts',(-1.94623706854933,14.0482067266586,11.4390972841512));
#4374=CARTESIAN_POINT('Origin',(2.4008572907519E-14,25.547329897828,24.0745716064373));
#4375=CARTESIAN_POINT('',(1.91823495352157,14.0466182219563,17.2362480122838));
#4376=CARTESIAN_POINT('Ctrl Pts',(1.88610711215076,13.2469528276714,16.7497376921084));
#4377=CARTESIAN_POINT('Ctrl Pts',(1.90987945645705,13.5177986425072,16.9189434910872));
#4378=CARTESIAN_POINT('Ctrl Pts',(1.91823495352157,13.7802247910184,17.077850468249));
#4379=CARTESIAN_POINT('Ctrl Pts',(1.91823495352157,14.0466182219563,17.2362480122838));
#4380=CARTESIAN_POINT('Ctrl Pts',(0.628702370716936,13.2469528276714,16.7497376921084));
#4381=CARTESIAN_POINT('Ctrl Pts',(0.636626485485698,13.5177986425072,16.9189434910872));
#4382=CARTESIAN_POINT('Ctrl Pts',(0.639411651173873,13.7802247910184,17.077850468249));
#4383=CARTESIAN_POINT('Ctrl Pts',(0.639411651173873,14.0466182219563,17.2362480122838));
#4384=CARTESIAN_POINT('Ctrl Pts',(-0.628702370716887,13.2469528276714,16.7497376921084));
#4385=CARTESIAN_POINT('Ctrl Pts',(-0.63662648548565,13.5177986425072,16.9189434910872));
#4386=CARTESIAN_POINT('Ctrl Pts',(-0.639411651173826,13.7802247910184,17.077850468249));
#4387=CARTESIAN_POINT('Ctrl Pts',(-0.639411651173827,14.0466182219563,17.2362480122838));
#4388=CARTESIAN_POINT('Ctrl Pts',(-1.88610711215071,13.2469528276714,16.7497376921084));
#4389=CARTESIAN_POINT('Ctrl Pts',(-1.909879456457,13.5177986425072,16.9189434910872));
#4390=CARTESIAN_POINT('Ctrl Pts',(-1.91823495352152,13.7802247910184,17.077850468249));
#4391=CARTESIAN_POINT('Ctrl Pts',(-1.91823495352153,14.0466182219563,17.2362480122838));
#4392=CARTESIAN_POINT('Origin',(-10.4413929397972,22.3249769264803,14.2765559292364));
#4393=CARTESIAN_POINT('Ctrl Pts',(11.1929853633423,8.70959410953145,11.4390972841511));
#4394=CARTESIAN_POINT('Ctrl Pts',(10.6980334789307,8.38139704290564,11.6216269113809));
#4395=CARTESIAN_POINT('Ctrl Pts',(9.76622343701239,7.71513149852031,12.3188067918472));
#4396=CARTESIAN_POINT('Ctrl Pts',(9.17776666935407,7.25790438515854,14.3109081463225));
#4397=CARTESIAN_POINT('Ctrl Pts',(9.6969880053229,7.66054635990707,15.9582593422301));
#4398=CARTESIAN_POINT('Ctrl Pts',(10.3074415141227,8.10156274672975,16.5812694283027));
#4399=CARTESIAN_POINT('Ctrl Pts',(10.5291441101372,8.25689309026807,16.7497376921084));
#4400=CARTESIAN_POINT('Ctrl Pts',(10.5291442003629,8.25689315348245,16.7497377606695));
#4401=CARTESIAN_POINT('Ctrl Pts',(10.3074415693304,8.10156278661403,16.581269484646));
#4402=CARTESIAN_POINT('Ctrl Pts',(9.69698801940997,7.66054637083122,15.9582593869246));
#4403=CARTESIAN_POINT('Ctrl Pts',(9.17776666935407,7.25790438515854,14.3109081463225));
#4404=CARTESIAN_POINT('Ctrl Pts',(9.76622343701239,7.71513149852031,12.3188067918472));
#4405=CARTESIAN_POINT('Ctrl Pts',(10.6980334789307,8.38139704290564,11.6216269113809));
#4406=CARTESIAN_POINT('Ctrl Pts',(11.1929853633423,8.70959410953145,11.4390972841511));
#4407=CARTESIAN_POINT('Ctrl Pts',(11.1578465452168,7.16794869739857,16.7497377874059));
#4408=CARTESIAN_POINT('Ctrl Pts',(10.9282543379726,7.02628347746122,16.5812695070319));
#4409=CARTESIAN_POINT('Ctrl Pts',(10.2922325764246,6.62955251002341,15.9582593955162));
#4410=CARTESIAN_POINT('Ctrl Pts',(9.74331541398768,6.27834522417464,14.3109081406861));
#4411=CARTESIAN_POINT('Ctrl Pts',(10.3656861833322,6.67683161761162,12.3188068024114));
#4412=CARTESIAN_POINT('Ctrl Pts',(11.3345288468804,7.27895478087369,11.6216269424111));
#4413=CARTESIAN_POINT('Ctrl Pts',(11.8417310783595,7.58593361664406,11.439097322095));
#4414=CARTESIAN_POINT('Ctrl Pts',(11.7865488900708,6.07900424131469,16.7497378141424));
#4415=CARTESIAN_POINT('Ctrl Pts',(11.5490671066147,5.95100416830841,16.5812695294179));
#4416=CARTESIAN_POINT('Ctrl Pts',(10.8874771334393,5.59855864921561,15.9582594041078));
#4417=CARTESIAN_POINT('Ctrl Pts',(10.3088641586213,5.29878606319073,14.3109081350498));
#4418=CARTESIAN_POINT('Ctrl Pts',(10.9651489296521,5.63853173670293,12.3188068129756));
#4419=CARTESIAN_POINT('Ctrl Pts',(11.9710242148301,6.17651251884175,11.6216269734414));
#4420=CARTESIAN_POINT('Ctrl Pts',(12.4904767933768,6.46227312375668,11.4390973600389));
#4421=CARTESIAN_POINT('Ctrl Pts',(12.4152512349247,4.99005978523081,16.7497378408789));
#4422=CARTESIAN_POINT('Ctrl Pts',(12.1698798752569,4.8757248591556,16.5812695518038));
#4423=CARTESIAN_POINT('Ctrl Pts',(11.4827216904539,4.5675647884078,15.9582594126994));
#4424=CARTESIAN_POINT('Ctrl Pts',(10.8744129032549,4.31922690220683,14.3109081294135));
#4425=CARTESIAN_POINT('Ctrl Pts',(11.5646116759719,4.60023185579424,12.3188068235397));
#4426=CARTESIAN_POINT('Ctrl Pts',(12.6075195827798,5.0740702568098,11.6216270044716));
#4427=CARTESIAN_POINT('Ctrl Pts',(13.139222508394,5.3386126308693,11.4390973979827));
#4428=CARTESIAN_POINT('',(13.1392224128155,5.33861258329519,11.4390974307941));
#4429=CARTESIAN_POINT('',(10.5291441101369,8.25689309026837,16.7497376921085));
#4430=CARTESIAN_POINT('Ctrl Pts',(12.4152512349247,4.99005978523081,16.7497378408789));
#4431=CARTESIAN_POINT('Ctrl Pts',(12.1698798752569,4.8757248591556,16.5812695518038));
#4432=CARTESIAN_POINT('Ctrl Pts',(11.4827216904539,4.5675647884078,15.9582594126994));
#4433=CARTESIAN_POINT('Ctrl Pts',(10.8744129032549,4.31922690220683,14.3109081294135));
#4434=CARTESIAN_POINT('Ctrl Pts',(11.5646116621854,4.60023185018123,12.3188068633315));
#4435=CARTESIAN_POINT('Ctrl Pts',(12.6075195202842,5.07407022841534,11.6216270462497));
#4436=CARTESIAN_POINT('Ctrl Pts',(13.1392224128081,5.33861258331171,11.4390974307966));
#4437=CARTESIAN_POINT('Ctrl Pts',(14.0458239520931,5.8305960489213,11.1278679220253));
#4438=CARTESIAN_POINT('Ctrl Pts',(13.7511731156408,5.66047931391539,11.2290193442482));
#4439=CARTESIAN_POINT('Ctrl Pts',(13.4572691175671,5.49685288568312,11.3299143824571));
#4440=CARTESIAN_POINT('Ctrl Pts',(13.1392225083937,5.33861263086917,11.4390973979828));
#4441=CARTESIAN_POINT('Ctrl Pts',(13.388001384018,6.96997813556206,11.1278678822828));
#4442=CARTESIAN_POINT('Ctrl Pts',(13.0933505458883,6.79986139629895,11.2290193048515));
#4443=CARTESIAN_POINT('Ctrl Pts',(12.8011956635447,6.63320540320682,11.3299143436216));
#4444=CARTESIAN_POINT('Ctrl Pts',(12.4904767933765,6.46227312375655,11.4390973600389));
#4445=CARTESIAN_POINT('Ctrl Pts',(12.7301788159428,8.10936022220282,11.1278678425404));
#4446=CARTESIAN_POINT('Ctrl Pts',(12.4355279761358,7.93924347868251,11.2290192654548));
#4447=CARTESIAN_POINT('Ctrl Pts',(12.1451222095223,7.76955792073051,11.3299143047861));
#4448=CARTESIAN_POINT('Ctrl Pts',(11.8417310783593,7.58593361664392,11.4390973220951));
#4449=CARTESIAN_POINT('Ctrl Pts',(12.0723562478676,9.24874230884358,11.1278678027979));
#4450=CARTESIAN_POINT('Ctrl Pts',(11.7777054063833,9.07862556106607,11.229019226058));
#4451=CARTESIAN_POINT('Ctrl Pts',(11.4890487554999,8.90591043825421,11.3299142659506));
#4452=CARTESIAN_POINT('Ctrl Pts',(11.192985363342,8.70959410953129,11.4390972841512));
#4453=CARTESIAN_POINT('Ctrl Pts',(12.4152511350666,4.99005973870023,16.7497377723178));
#4454=CARTESIAN_POINT('Ctrl Pts',(12.6616967338391,5.10489521985695,16.9189436178225));
#4455=CARTESIAN_POINT('Ctrl Pts',(12.8931422553672,5.22887225569539,17.0778506356532));
#4456=CARTESIAN_POINT('Ctrl Pts',(13.1238457970424,5.36206901256566,17.2362482212645));
#4457=CARTESIAN_POINT('Ctrl Pts',(11.7865487934234,6.07900418922284,16.7497377455813));
#4458=CARTESIAN_POINT('Ctrl Pts',(12.0250702722757,6.20756464333893,16.9189435895107));
#4459=CARTESIAN_POINT('Ctrl Pts',(12.253730625853,6.33636572635947,17.0778506061038));
#4460=CARTESIAN_POINT('Ctrl Pts',(12.4844341668302,6.46956247935027,17.2362481907341));
#4461=CARTESIAN_POINT('Ctrl Pts',(11.1578464517803,7.16794863974545,16.7497377188448));
#4462=CARTESIAN_POINT('Ctrl Pts',(11.3884438107122,7.31023406682091,16.9189435611989));
#4463=CARTESIAN_POINT('Ctrl Pts',(11.6143189963388,7.44385919702354,17.0778505765544));
#4464=CARTESIAN_POINT('Ctrl Pts',(11.8450225366181,7.57705594613489,17.2362481602038));
#4465=CARTESIAN_POINT('Ctrl Pts',(10.5291441101372,8.25689309026807,16.7497376921084));
#4466=CARTESIAN_POINT('Ctrl Pts',(10.7518173491488,8.41290349030289,16.9189435328871));
#4467=CARTESIAN_POINT('Ctrl Pts',(10.9749073668246,8.55135266768762,17.077850547005));
#4468=CARTESIAN_POINT('Ctrl Pts',(11.2056109064059,8.6845494129195,17.2362481296734));
#4469=CARTESIAN_POINT('Origin',(14.1133006820497,-20.205,14.2765560693306));
#4470=CARTESIAN_POINT('Origin',(34.9960865669291,-20.205,0.));
#4471=CARTESIAN_POINT('',(1.73205080756888,37.41,1.));
#4472=CARTESIAN_POINT('',(33.2640357593603,-17.205,1.));
#4473=CARTESIAN_POINT('',(24.0598095147638,-1.26281250000001,1.));
#4474=CARTESIAN_POINT('',(1.73205080756888,37.41,34.));
#4475=CARTESIAN_POINT('',(1.73205080756888,37.41,0.));
#4476=CARTESIAN_POINT('',(33.2640357593603,-17.205,34.));
#4477=CARTESIAN_POINT('',(24.0598095147638,-1.26281250000001,34.));
#4478=CARTESIAN_POINT('',(33.2640357593603,-17.205,0.));
#4479=CARTESIAN_POINT('',(31.5319849517914,-14.205,29.875));
#4480=CARTESIAN_POINT('',(13.8128656226011,16.4854149435334,31.000000461936));
#4481=CARTESIAN_POINT('Ctrl Pts',(13.8128656226011,16.4854149435334,31.000000461936));
#4482=CARTESIAN_POINT('Ctrl Pts',(13.8128656226011,16.4854149435334,31.2858229885354));
#4483=CARTESIAN_POINT('Ctrl Pts',(13.8809027159053,16.3675712411312,31.855619832762));
#4484=CARTESIAN_POINT('Ctrl Pts',(14.2558430449141,15.7181555414814,32.7718288907373));
#4485=CARTESIAN_POINT('Ctrl Pts',(15.0365199067572,14.3659835524757,33.1187930303195));
#4486=CARTESIAN_POINT('Ctrl Pts',(15.7996946857637,13.0441260601813,31.9515914363245));
#4487=CARTESIAN_POINT('Ctrl Pts',(15.800226485459,13.0432049560896,30.0481849275606));
#4488=CARTESIAN_POINT('Ctrl Pts',(15.0365034547092,14.3660120482586,28.8819127824596));
#4489=CARTESIAN_POINT('Ctrl Pts',(14.2558932430179,15.7180685958151,29.228215312061));
#4490=CARTESIAN_POINT('Ctrl Pts',(13.8808268921077,16.367702571801,30.144116102843));
#4491=CARTESIAN_POINT('Ctrl Pts',(13.8128656226011,16.4854149435334,30.7141779353366));
#4492=CARTESIAN_POINT('Ctrl Pts',(13.8128656226011,16.4854149435334,31.000000461936));
#4493=CARTESIAN_POINT('Ctrl Pts',(-1.94623706854947,-14.0482067266588,11.4390972841511));
#4494=CARTESIAN_POINT('Ctrl Pts',(-1.90948601432201,-13.4554672992814,11.6216269078436));
#4495=CARTESIAN_POINT('Ctrl Pts',(-1.79841631752493,-12.3154414346575,12.3187746911041));
#4496=CARTESIAN_POINT('Ctrl Pts',(-1.69665467642661,-11.5771558219105,14.31088468539));
#4497=CARTESIAN_POINT('Ctrl Pts',(-1.78574416729486,-12.2281427215418,15.9582511398271));
#4498=CARTESIAN_POINT('Ctrl Pts',(-1.86243838402946,-12.9772875447034,16.5812694080807));
#4499=CARTESIAN_POINT('Ctrl Pts',(-1.88610711215083,-13.2469528276714,16.7497376921084));
#4500=CARTESIAN_POINT('Ctrl Pts',(-0.648745689516551,-14.0482067266588,
11.4390972841511));
#4501=CARTESIAN_POINT('Ctrl Pts',(-0.636495338107398,-13.4554672992814,
11.6216269078436));
#4502=CARTESIAN_POINT('Ctrl Pts',(-0.5994721058417,-12.3154414346575,12.3187746911041));
#4503=CARTESIAN_POINT('Ctrl Pts',(-0.565551558808925,-11.5771558219106,
14.3108846853901));
#4504=CARTESIAN_POINT('Ctrl Pts',(-0.595248055765009,-12.2281427215419,
15.9582511398271));
#4505=CARTESIAN_POINT('Ctrl Pts',(-0.620812794676545,-12.9772875447034,
16.5812694080806));
#4506=CARTESIAN_POINT('Ctrl Pts',(-0.628702370717,-13.2469528276714,16.7497376921084));
#4507=CARTESIAN_POINT('Ctrl Pts',(0.648745689516369,-14.0482067266588,11.4390972841511));
#4508=CARTESIAN_POINT('Ctrl Pts',(0.636495338107217,-13.4554672992814,11.6216269078436));
#4509=CARTESIAN_POINT('Ctrl Pts',(0.599472105841527,-12.3154414346576,12.3187746911041));
#4510=CARTESIAN_POINT('Ctrl Pts',(0.565551558808756,-11.5771558219106,14.31088468539));
#4511=CARTESIAN_POINT('Ctrl Pts',(0.595248055764839,-12.2281427215419,15.9582511398271));
#4512=CARTESIAN_POINT('Ctrl Pts',(0.620812794676373,-12.9772875447034,16.5812694080806));
#4513=CARTESIAN_POINT('Ctrl Pts',(0.628702370716827,-13.2469528276714,16.7497376921084));
#4514=CARTESIAN_POINT('Ctrl Pts',(1.94623706854929,-14.0482067266588,11.4390972841511));
#4515=CARTESIAN_POINT('Ctrl Pts',(1.90948601432183,-13.4554672992814,11.6216269078436));
#4516=CARTESIAN_POINT('Ctrl Pts',(1.79841631752475,-12.3154414346576,12.3187746911041));
#4517=CARTESIAN_POINT('Ctrl Pts',(1.69665467642644,-11.5771558219106,14.31088468539));
#4518=CARTESIAN_POINT('Ctrl Pts',(1.78574416729469,-12.2281427215419,15.9582511398271));
#4519=CARTESIAN_POINT('Ctrl Pts',(1.86243838402929,-12.9772875447034,16.5812694080806));
#4520=CARTESIAN_POINT('Ctrl Pts',(1.88610711215065,-13.2469528276714,16.7497376921084));
#4521=CARTESIAN_POINT('',(-1.94623706856744,-14.0482067266569,11.4390972841486));
#4522=CARTESIAN_POINT('',(1.88610711215106,-13.2469528276713,16.7497376921085));
#4523=CARTESIAN_POINT('Ctrl Pts',(1.91823495352146,-14.0466182219563,17.2362480122838));
#4524=CARTESIAN_POINT('Ctrl Pts',(1.91823495352146,-13.7802247910184,17.077850468249));
#4525=CARTESIAN_POINT('Ctrl Pts',(1.90987945645694,-13.5177986425072,16.9189434910872));
#4526=CARTESIAN_POINT('Ctrl Pts',(1.88610711215065,-13.2469528276714,16.7497376921084));
#4527=CARTESIAN_POINT('Ctrl Pts',(0.639411651173762,-14.0466182219563,17.2362480122838));
#4528=CARTESIAN_POINT('Ctrl Pts',(0.639411651173762,-13.7802247910184,17.077850468249));
#4529=CARTESIAN_POINT('Ctrl Pts',(0.636626485485587,-13.5177986425072,16.9189434910872));
#4530=CARTESIAN_POINT('Ctrl Pts',(0.628702370716825,-13.2469528276714,16.7497376921084));
#4531=CARTESIAN_POINT('Ctrl Pts',(-0.639411651173937,-14.0466182219563,
17.2362480122838));
#4532=CARTESIAN_POINT('Ctrl Pts',(-0.639411651173937,-13.7802247910184,
17.077850468249));
#4533=CARTESIAN_POINT('Ctrl Pts',(-0.636626485485762,-13.5177986425072,
16.9189434910872));
#4534=CARTESIAN_POINT('Ctrl Pts',(-0.628702370716999,-13.2469528276714,
16.7497376921084));
#4535=CARTESIAN_POINT('Ctrl Pts',(-1.91823495352164,-14.0466182219563,17.2362480122838));
#4536=CARTESIAN_POINT('Ctrl Pts',(-1.91823495352164,-13.7802247910184,17.077850468249));
#4537=CARTESIAN_POINT('Ctrl Pts',(-1.90987945645711,-13.5177986425072,16.9189434910872));
#4538=CARTESIAN_POINT('Ctrl Pts',(-1.88610711215082,-13.2469528276714,16.7497376921084));
#4539=CARTESIAN_POINT('Ctrl Pts',(1.94623706854927,-14.0482067266585,11.4390972841512));
#4540=CARTESIAN_POINT('Ctrl Pts',(1.96822030704395,-14.4027634181725,11.3299142325655));
#4541=CARTESIAN_POINT('Ctrl Pts',(1.97346766329556,-14.7391050698548,11.2290191640359));
#4542=CARTESIAN_POINT('Ctrl Pts',(1.97346766329556,-15.0793386637631,11.1278677100103));
#4543=CARTESIAN_POINT('Ctrl Pts',(0.648745689516365,-14.0482067266585,11.4390972841512));
#4544=CARTESIAN_POINT('Ctrl Pts',(0.656073435681256,-14.4027634181725,11.3299142325655));
#4545=CARTESIAN_POINT('Ctrl Pts',(0.657822554431795,-14.7391050698548,11.2290191640359));
#4546=CARTESIAN_POINT('Ctrl Pts',(0.657822554431795,-15.0793386637631,11.1278677100103));
#4547=CARTESIAN_POINT('Ctrl Pts',(-0.648745689516542,-14.0482067266585,
11.4390972841512));
#4548=CARTESIAN_POINT('Ctrl Pts',(-0.656073435681433,-14.4027634181725,
11.3299142325655));
#4549=CARTESIAN_POINT('Ctrl Pts',(-0.657822554431972,-14.7391050698548,
11.2290191640359));
#4550=CARTESIAN_POINT('Ctrl Pts',(-0.657822554431972,-15.0793386637631,
11.1278677100103));
#4551=CARTESIAN_POINT('Ctrl Pts',(-1.94623706854945,-14.0482067266585,11.4390972841512));
#4552=CARTESIAN_POINT('Ctrl Pts',(-1.96822030704412,-14.4027634181725,11.3299142325655));
#4553=CARTESIAN_POINT('Ctrl Pts',(-1.97346766329574,-14.7391050698548,11.2290191640359));
#4554=CARTESIAN_POINT('Ctrl Pts',(-1.97346766329574,-15.0793386637631,11.1278677100103));
#4555=CARTESIAN_POINT('Origin',(-29.7999341442225,-19.205,29.875));
#4556=CARTESIAN_POINT('',(-28.0678833366537,-20.205,29.875));
#4557=CARTESIAN_POINT('Origin',(-34.9960865669292,-20.205,0.));
#4558=CARTESIAN_POINT('',(-31.5319849517914,-20.205,1.));
#4559=CARTESIAN_POINT('',(-31.5319849517914,-20.205,34.));
#4560=CARTESIAN_POINT('',(-31.5319849517914,-20.205,0.));
#4561=CARTESIAN_POINT('',(31.5319849517914,-20.205,1.));
#4562=CARTESIAN_POINT('',(-17.4980432834646,-20.205,1.));
#4563=CARTESIAN_POINT('',(31.5319849517914,-20.205,34.));
#4564=CARTESIAN_POINT('',(31.5319849517914,-20.205,0.));
#4565=CARTESIAN_POINT('',(-17.4980432834646,-20.205,34.));
#4566=CARTESIAN_POINT('',(28.0678833366536,-20.205,29.875));
#4567=CARTESIAN_POINT('',(17.6422583002031,-20.205,31.000000461936));
#4568=CARTESIAN_POINT('Ctrl Pts',(17.6422583002031,-20.205,31.000000461936));
#4569=CARTESIAN_POINT('Ctrl Pts',(17.6422583002031,-20.205,30.6971712654031));
#4570=CARTESIAN_POINT('Ctrl Pts',(17.8429833537808,-20.205,30.0982280045764));
#4571=CARTESIAN_POINT('Ctrl Pts',(18.8517815669961,-20.205,29.2130656257133));
#4572=CARTESIAN_POINT('Ctrl Pts',(20.8195948545715,-20.205,28.9018868768152));
#4573=CARTESIAN_POINT('Ctrl Pts',(22.4688907843756,-20.205,29.7934883879197));
#4574=CARTESIAN_POINT('Ctrl Pts',(22.8680160470572,-20.205,30.9999146202297));
#4575=CARTESIAN_POINT('Ctrl Pts',(22.5676490720884,-20.205,31.905203967878));
#4576=CARTESIAN_POINT('Ctrl Pts',(21.8097698189252,-20.205,32.5624968552742));
#4577=CARTESIAN_POINT('Ctrl Pts',(20.4263792826949,-20.205,33.0342026566225));
#4578=CARTESIAN_POINT('Ctrl Pts',(18.8514841962384,-20.205,32.7880387930352));
#4579=CARTESIAN_POINT('Ctrl Pts',(17.8428965369901,-20.205,31.9018003088554));
#4580=CARTESIAN_POINT('Ctrl Pts',(17.6422583002031,-20.205,31.3028296584689));
#4581=CARTESIAN_POINT('Ctrl Pts',(17.6422583002031,-20.205,31.000000461936));
#4582=CARTESIAN_POINT('',(-22.7677416997969,-20.205,31.000000461936));
#4583=CARTESIAN_POINT('Ctrl Pts',(-22.7677416997969,-20.205,31.000000461936));
#4584=CARTESIAN_POINT('Ctrl Pts',(-22.7677416997969,-20.205,30.6971712654031));
#4585=CARTESIAN_POINT('Ctrl Pts',(-22.5670197341426,-20.205,30.0982385316031));
#4586=CARTESIAN_POINT('Ctrl Pts',(-21.5581678995386,-20.205,29.2130808048449));
#4587=CARTESIAN_POINT('Ctrl Pts',(-19.5904988628557,-20.205,28.9019015661898));
#4588=CARTESIAN_POINT('Ctrl Pts',(-17.9409258522716,-20.205,29.7934645922974));
#4589=CARTESIAN_POINT('Ctrl Pts',(-17.5421349788765,-20.205,31.0001039463285));
#4590=CARTESIAN_POINT('Ctrl Pts',(-17.9415394324869,-20.205,32.2070189427272));
#4591=CARTESIAN_POINT('Ctrl Pts',(-19.5895509240238,-20.205,33.0953300165155));
#4592=CARTESIAN_POINT('Ctrl Pts',(-21.5587160711342,-20.205,32.7881756198132));
#4593=CARTESIAN_POINT('Ctrl Pts',(-22.5670520239273,-20.205,31.9017560918274));
#4594=CARTESIAN_POINT('Ctrl Pts',(-22.7677416997969,-20.205,31.3028296584689));
#4595=CARTESIAN_POINT('Ctrl Pts',(-22.7677416997969,-20.205,31.000000461936));
#4596=CARTESIAN_POINT('Origin',(0.,40.41,0.));
#4597=CARTESIAN_POINT('',(-33.2640357593603,-17.205,34.));
#4598=CARTESIAN_POINT('',(-33.2640357593603,-17.205,1.));
#4599=CARTESIAN_POINT('',(-33.2640357593603,-17.205,0.));
#4600=CARTESIAN_POINT('',(-1.73205080756888,37.41,34.));
#4601=CARTESIAN_POINT('',(-6.56176623129922,29.0446875,34.));
#4602=CARTESIAN_POINT('',(-1.73205080756888,37.41,1.));
#4603=CARTESIAN_POINT('',(-1.73205080756888,37.41,0.));
#4604=CARTESIAN_POINT('',(-6.56176623129922,29.0446875,1.));
#4605=CARTESIAN_POINT('',(-15.7693075112572,13.096758190325,31.000000461936));
#4606=CARTESIAN_POINT('Ctrl Pts',(-15.7693075112572,13.096758190325,31.000000461936));
#4607=CARTESIAN_POINT('Ctrl Pts',(-15.7693075112572,13.096758190325,31.5716455151348));
#4608=CARTESIAN_POINT('Ctrl Pts',(-15.4846856009024,13.5897378000068,32.7023570690435));
#4609=CARTESIAN_POINT('Ctrl Pts',(-14.5442746446471,15.2185773562354,33.1207457894272));
#4610=CARTESIAN_POINT('Ctrl Pts',(-13.7838080451335,16.5357441440521,31.9511670415372));
#4611=CARTESIAN_POINT('Ctrl Pts',(-13.7812390376021,16.5401937956215,30.0466285033397));
#4612=CARTESIAN_POINT('Ctrl Pts',(-14.5452170446403,15.2169450715661,28.8839771778968));
#4613=CARTESIAN_POINT('Ctrl Pts',(-15.4843067473213,13.590393993658,29.2943784069281));
#4614=CARTESIAN_POINT('Ctrl Pts',(-15.7693075112572,13.096758190325,30.4283554087372));
#4615=CARTESIAN_POINT('Ctrl Pts',(-15.7693075112572,13.096758190325,31.000000461936));
#4616=CARTESIAN_POINT('Origin',(-31.5319849517914,-18.205,0.));
#4617=CARTESIAN_POINT('Origin',(-31.5319849517914,-18.205,34.));
#4618=CARTESIAN_POINT('Origin',(-31.5319849517914,-18.205,1.));
#4619=CARTESIAN_POINT('Origin',(31.5319849517914,-16.205,29.875));
#4620=CARTESIAN_POINT('Origin',(28.0678833366536,-20.205,29.875));
#4621=CARTESIAN_POINT('Origin',(0.,36.41,0.));
#4622=CARTESIAN_POINT('Origin',(0.,36.41,34.));
#4623=CARTESIAN_POINT('Origin',(0.,36.41,1.));
#4624=CARTESIAN_POINT('Origin',(24.6037817215159,-14.205,35.));
#4625=CARTESIAN_POINT('',(26.6037817215159,-14.205,0.));
#4626=CARTESIAN_POINT('',(26.6037817215159,-14.205,35.));
#4627=CARTESIAN_POINT('Origin',(24.6037817215159,-14.205,0.));
#4628=CARTESIAN_POINT('Origin',(0.,28.41,35.));
#4629=CARTESIAN_POINT('',(2.,28.41,0.));
#4630=CARTESIAN_POINT('',(2.,28.41,35.));
#4631=CARTESIAN_POINT('Origin',(0.,28.41,0.));
#4632=CARTESIAN_POINT('Origin',(-24.6037817215159,-14.205,35.));
#4633=CARTESIAN_POINT('',(-22.6037817215159,-14.205,0.));
#4634=CARTESIAN_POINT('',(-22.6037817215159,-14.205,35.));
#4635=CARTESIAN_POINT('Origin',(-24.6037817215159,-14.205,0.));
#4636=CARTESIAN_POINT('Origin',(-32.3980103555758,-17.705,35.));
#4637=CARTESIAN_POINT('Origin',(31.5319849517914,-18.205,0.));
#4638=CARTESIAN_POINT('Origin',(31.5319849517914,-18.205,1.));
#4639=CARTESIAN_POINT('Origin',(31.5319849517914,-18.205,34.));
#4640=CARTESIAN_POINT('Origin',(10.4413929397972,22.3249769264803,14.2765559292364));
#4641=CARTESIAN_POINT('Ctrl Pts',(-22.7677416997969,-20.205,31.000000461936));
#4642=CARTESIAN_POINT('Ctrl Pts',(-22.7677416997969,-20.205,31.3028296584689));
#4643=CARTESIAN_POINT('Ctrl Pts',(-22.5670520239273,-20.205,31.9017560918274));
#4644=CARTESIAN_POINT('Ctrl Pts',(-21.5587160711342,-20.205,32.7881756198132));
#4645=CARTESIAN_POINT('Ctrl Pts',(-19.5895509240238,-20.205,33.0953300165155));
#4646=CARTESIAN_POINT('Ctrl Pts',(-17.9415394324869,-20.205,32.2070189427272));
#4647=CARTESIAN_POINT('Ctrl Pts',(-17.5421349788765,-20.205,31.0001039463285));
#4648=CARTESIAN_POINT('Ctrl Pts',(-17.9409258522716,-20.205,29.7934645922974));
#4649=CARTESIAN_POINT('Ctrl Pts',(-19.5904988628557,-20.205,28.9019015661898));
#4650=CARTESIAN_POINT('Ctrl Pts',(-21.5581678995386,-20.205,29.2130808048449));
#4651=CARTESIAN_POINT('Ctrl Pts',(-22.5670197341426,-20.205,30.0982385316031));
#4652=CARTESIAN_POINT('Ctrl Pts',(-22.7677416997969,-20.205,30.6971712654031));
#4653=CARTESIAN_POINT('Ctrl Pts',(-22.7677416997969,-20.205,31.000000461936));
#4654=CARTESIAN_POINT('Ctrl Pts',(-22.5970310216783,-20.1342893218813,31.000000461936));
#4655=CARTESIAN_POINT('Ctrl Pts',(-22.5970310216783,-20.1342893218813,31.266713108032));
#4656=CARTESIAN_POINT('Ctrl Pts',(-22.4267297881573,-20.130215640208,31.7966725460592));
#4657=CARTESIAN_POINT('Ctrl Pts',(-21.5135317440142,-20.1114804937401,32.6432494745732));
#4658=CARTESIAN_POINT('Ctrl Pts',(-19.6171607629471,-20.097507826634,33.0059449159823));
#4659=CARTESIAN_POINT('Ctrl Pts',(-17.9747629230831,-20.1237993408097,32.1820171642301));
#4660=CARTESIAN_POINT('Ctrl Pts',(-17.5700931264398,-20.1378220828002,31.0000898168759));
#4661=CARTESIAN_POINT('Ctrl Pts',(-17.9739008578204,-20.1241775743616,29.8186380958562));
#4662=CARTESIAN_POINT('Ctrl Pts',(-19.6186405032496,-20.0968629770334,28.9906621252622));
#4663=CARTESIAN_POINT('Ctrl Pts',(-21.5127524245147,-20.1116732791288,29.3582841820836));
#4664=CARTESIAN_POINT('Ctrl Pts',(-22.4266911047577,-20.1301640564592,30.2033285308925));
#4665=CARTESIAN_POINT('Ctrl Pts',(-22.5970310216783,-20.1342893218813,30.73328781584));
#4666=CARTESIAN_POINT('Ctrl Pts',(-22.5970310216783,-20.1342893218813,31.000000461936));
#4667=CARTESIAN_POINT('Ctrl Pts',(-22.4263203435596,-20.0635786437627,31.000000461936));
#4668=CARTESIAN_POINT('Ctrl Pts',(-22.4263203435596,-20.0635786437627,31.2305965575951));
#4669=CARTESIAN_POINT('Ctrl Pts',(-22.2864075523874,-20.0554312804159,31.6915890002911));
#4670=CARTESIAN_POINT('Ctrl Pts',(-21.4683474168942,-20.0179609874803,32.4983233293332));
#4671=CARTESIAN_POINT('Ctrl Pts',(-19.6447706018705,-19.9900156532681,32.9165598154491));
#4672=CARTESIAN_POINT('Ctrl Pts',(-18.0079864136794,-20.0425986816194,32.157015385733));
#4673=CARTESIAN_POINT('Ctrl Pts',(-17.5980512740031,-20.0706441656004,31.0000756874233));
#4674=CARTESIAN_POINT('Ctrl Pts',(-18.0068758633692,-20.0433551487232,29.843811599415));
#4675=CARTESIAN_POINT('Ctrl Pts',(-19.6467821436434,-19.9887259540668,29.0794226843346));
#4676=CARTESIAN_POINT('Ctrl Pts',(-21.4673369494908,-20.0183465582576,29.5034875593223));
#4677=CARTESIAN_POINT('Ctrl Pts',(-22.2863624753728,-20.0553281129185,30.3084185301818));
#4678=CARTESIAN_POINT('Ctrl Pts',(-22.4263203435596,-20.0635786437627,30.7694043662769));
#4679=CARTESIAN_POINT('Ctrl Pts',(-22.4263203435596,-20.0635786437627,31.000000461936));
#4680=CARTESIAN_POINT('Ctrl Pts',(-22.255609665441,-19.992867965644,31.000000461936));
#4681=CARTESIAN_POINT('Ctrl Pts',(-22.255609665441,-19.992867965644,31.1944800071582));
#4682=CARTESIAN_POINT('Ctrl Pts',(-22.1460853166174,-19.9806469206239,31.5865054545229));
#4683=CARTESIAN_POINT('Ctrl Pts',(-21.4231630897742,-19.9244414812204,32.3533971840931));
#4684=CARTESIAN_POINT('Ctrl Pts',(-19.6723804407938,-19.8825234799021,32.8271747149159));
#4685=CARTESIAN_POINT('Ctrl Pts',(-18.0412099042756,-19.9613980224291,32.1320136072359));
#4686=CARTESIAN_POINT('Ctrl Pts',(-17.6260094215664,-20.0034662484007,31.0000615579708));
#4687=CARTESIAN_POINT('Ctrl Pts',(-18.039850868918,-19.9625327230848,29.8689851029738));
#4688=CARTESIAN_POINT('Ctrl Pts',(-19.6749237840373,-19.8805889311002,29.168183243407));
#4689=CARTESIAN_POINT('Ctrl Pts',(-21.4219214744669,-19.9250198373865,29.648690936561));
#4690=CARTESIAN_POINT('Ctrl Pts',(-22.1460338459879,-19.9804921693778,30.4135085294711));
#4691=CARTESIAN_POINT('Ctrl Pts',(-22.255609665441,-19.992867965644,30.8055209167138));
#4692=CARTESIAN_POINT('Ctrl Pts',(-22.255609665441,-19.992867965644,31.000000461936));
#4693=CARTESIAN_POINT('',(-22.255609665441,-19.992867965644,31.000000461936));
#4694=CARTESIAN_POINT('',(-22.7677416997969,-20.205,31.000000461936));
#4695=CARTESIAN_POINT('Ctrl Pts',(-22.255609665441,-19.992867965644,31.000000461936));
#4696=CARTESIAN_POINT('Ctrl Pts',(-22.255609665441,-19.992867965644,31.1944800071582));
#4697=CARTESIAN_POINT('Ctrl Pts',(-22.1460853166174,-19.9806469206239,31.5865054545229));
#4698=CARTESIAN_POINT('Ctrl Pts',(-21.4231630897742,-19.9244414812204,32.3533971840931));
#4699=CARTESIAN_POINT('Ctrl Pts',(-19.6723804407938,-19.8825234799021,32.8271747149159));
#4700=CARTESIAN_POINT('Ctrl Pts',(-18.0412099042756,-19.9613980224291,32.1320136072359));
#4701=CARTESIAN_POINT('Ctrl Pts',(-17.6260094215664,-20.0034662484007,31.0000615579708));
#4702=CARTESIAN_POINT('Ctrl Pts',(-18.039850868918,-19.9625327230848,29.8689851029738));
#4703=CARTESIAN_POINT('Ctrl Pts',(-19.6749237840373,-19.8805889311002,29.168183243407));
#4704=CARTESIAN_POINT('Ctrl Pts',(-21.4219214744669,-19.9250198373865,29.648690936561));
#4705=CARTESIAN_POINT('Ctrl Pts',(-22.1460338459879,-19.9804921693778,30.4135085294711));
#4706=CARTESIAN_POINT('Ctrl Pts',(-22.255609665441,-19.992867965644,30.8055209167138));
#4707=CARTESIAN_POINT('Ctrl Pts',(-22.255609665441,-19.992867965644,31.000000461936));
#4708=CARTESIAN_POINT('Origin',(3.18198051533946,3.18198051533946,31.000000461936));
#4709=CARTESIAN_POINT('',(2.05060966544099,4.31335136523794,31.000000461936));
#4710=CARTESIAN_POINT('Ctrl Pts',(17.6422583002031,-20.205,31.000000461936));
#4711=CARTESIAN_POINT('Ctrl Pts',(17.6422583002031,-20.205,31.3028296584689));
#4712=CARTESIAN_POINT('Ctrl Pts',(17.8428965369901,-20.205,31.9018003088554));
#4713=CARTESIAN_POINT('Ctrl Pts',(18.8514841962384,-20.205,32.7880387930352));
#4714=CARTESIAN_POINT('Ctrl Pts',(20.4263792826949,-20.205,33.0342026566225));
#4715=CARTESIAN_POINT('Ctrl Pts',(21.8097698189252,-20.205,32.5624968552742));
#4716=CARTESIAN_POINT('Ctrl Pts',(22.5676490720884,-20.205,31.905203967878));
#4717=CARTESIAN_POINT('Ctrl Pts',(22.8680160470572,-20.205,30.9999146202297));
#4718=CARTESIAN_POINT('Ctrl Pts',(22.4688907843756,-20.205,29.7934883879197));
#4719=CARTESIAN_POINT('Ctrl Pts',(20.8195948545715,-20.205,28.9018868768152));
#4720=CARTESIAN_POINT('Ctrl Pts',(18.8517815669961,-20.205,29.2130656257133));
#4721=CARTESIAN_POINT('Ctrl Pts',(17.8429833537808,-20.205,30.0982280045764));
#4722=CARTESIAN_POINT('Ctrl Pts',(17.6422583002031,-20.205,30.6971712654031));
#4723=CARTESIAN_POINT('Ctrl Pts',(17.6422583002031,-20.205,31.000000461936));
#4724=CARTESIAN_POINT('Ctrl Pts',(17.6715476220844,-20.1342893218813,31.000000461936));
#4725=CARTESIAN_POINT('Ctrl Pts',(17.6715476220844,-20.1342893218813,31.2966330380662));
#4726=CARTESIAN_POINT('Ctrl Pts',(17.8743944461438,-20.128039746237,31.8825433550946));
#4727=CARTESIAN_POINT('Ctrl Pts',(18.8831182683472,-20.1069913681604,32.7278232757115));
#4728=CARTESIAN_POINT('Ctrl Pts',(20.4288771224755,-20.1016295541924,32.9166220714397));
#4729=CARTESIAN_POINT('Ctrl Pts',(21.7401711027068,-20.1164883934118,32.4271913903172));
#4730=CARTESIAN_POINT('Ctrl Pts',(22.4279949607435,-20.130046228732,31.7991180945748));
#4731=CARTESIAN_POINT('Ctrl Pts',(22.680828178006,-20.1364507526684,31.0000735857362));
#4732=CARTESIAN_POINT('Ctrl Pts',(22.3464025228558,-20.1279184768165,29.9343169622146));
#4733=CARTESIAN_POINT('Ctrl Pts',(20.8203548633889,-20.0996815239659,29.0317303971205));
#4734=CARTESIAN_POINT('Ctrl Pts',(18.881667594252,-20.1072407259879,29.2740081582398));
#4735=CARTESIAN_POINT('Ctrl Pts',(17.8752376073952,-20.1280071762564,30.1172496196411));
#4736=CARTESIAN_POINT('Ctrl Pts',(17.6715476220844,-20.1342893218813,30.7033678858058));
#4737=CARTESIAN_POINT('Ctrl Pts',(17.6715476220844,-20.1342893218813,31.000000461936));
#4738=CARTESIAN_POINT('Ctrl Pts',(17.7008369439657,-20.0635786437627,31.000000461936));
#4739=CARTESIAN_POINT('Ctrl Pts',(17.7008369439657,-20.0635786437627,31.2904364176635));
#4740=CARTESIAN_POINT('Ctrl Pts',(17.9058923552974,-20.051079492474,31.8632864013338));
#4741=CARTESIAN_POINT('Ctrl Pts',(18.9147523404561,-20.0089827363207,32.6676077583878));
#4742=CARTESIAN_POINT('Ctrl Pts',(20.4313749622562,-19.9982591083849,32.7990414862568));
#4743=CARTESIAN_POINT('Ctrl Pts',(21.6705723864885,-20.0279767868236,32.2918859253603));
#4744=CARTESIAN_POINT('Ctrl Pts',(22.2883408493987,-20.0550924574639,31.6930322212717));
#4745=CARTESIAN_POINT('Ctrl Pts',(22.4936403089548,-20.0679015053367,31.0002325512427));
#4746=CARTESIAN_POINT('Ctrl Pts',(22.2239142613361,-20.0508369536329,30.0751455365096));
#4747=CARTESIAN_POINT('Ctrl Pts',(20.8211148722062,-19.9943630479318,29.161573917426));
#4748=CARTESIAN_POINT('Ctrl Pts',(18.9115536215079,-20.0094814519759,29.3349506907662));
#4749=CARTESIAN_POINT('Ctrl Pts',(17.9074918610097,-20.0510143525128,30.1362712347058));
#4750=CARTESIAN_POINT('Ctrl Pts',(17.7008369439657,-20.0635786437627,30.7095645062085));
#4751=CARTESIAN_POINT('Ctrl Pts',(17.7008369439657,-20.0635786437627,31.000000461936));
#4752=CARTESIAN_POINT('Ctrl Pts',(17.7301262658471,-19.992867965644,31.000000461936));
#4753=CARTESIAN_POINT('Ctrl Pts',(17.7301262658471,-19.992867965644,31.2842397972608));
#4754=CARTESIAN_POINT('Ctrl Pts',(17.9373902644511,-19.9741192387109,31.844029447573));
#4755=CARTESIAN_POINT('Ctrl Pts',(18.9463864125649,-19.9109741044811,32.607392241064));
#4756=CARTESIAN_POINT('Ctrl Pts',(20.4338728020368,-19.8948886625773,32.681460901074));
#4757=CARTESIAN_POINT('Ctrl Pts',(21.6009736702702,-19.9394651802355,32.1565804604033));
#4758=CARTESIAN_POINT('Ctrl Pts',(22.1486867380538,-19.9801386861959,31.5869463479686));
#4759=CARTESIAN_POINT('Ctrl Pts',(22.3064524399036,-19.9993522580051,31.0003915167492));
#4760=CARTESIAN_POINT('Ctrl Pts',(22.1014259998163,-19.9737554304494,30.2159741108046));
#4761=CARTESIAN_POINT('Ctrl Pts',(20.8218748810236,-19.8890445718977,29.2914174377313));
#4762=CARTESIAN_POINT('Ctrl Pts',(18.9414396487638,-19.9117221779638,29.3958932232927));
#4763=CARTESIAN_POINT('Ctrl Pts',(17.9397461146242,-19.9740215287692,30.1552928497705));
#4764=CARTESIAN_POINT('Ctrl Pts',(17.7301262658471,-19.992867965644,30.7157611266112));
#4765=CARTESIAN_POINT('Ctrl Pts',(17.7301262658471,-19.992867965644,31.000000461936));
#4766=CARTESIAN_POINT('',(17.7301262658471,-19.992867965644,31.000000461936));
#4767=CARTESIAN_POINT('',(17.6422583002031,-20.205,31.000000461936));
#4768=CARTESIAN_POINT('Ctrl Pts',(17.7301262658471,-19.992867965644,31.000000461936));
#4769=CARTESIAN_POINT('Ctrl Pts',(17.7301262658471,-19.992867965644,31.2842397972608));
#4770=CARTESIAN_POINT('Ctrl Pts',(17.9373902644511,-19.9741192387109,31.844029447573));
#4771=CARTESIAN_POINT('Ctrl Pts',(18.9463864125649,-19.9109741044811,32.607392241064));
#4772=CARTESIAN_POINT('Ctrl Pts',(20.4338728020368,-19.8948886625773,32.681460901074));
#4773=CARTESIAN_POINT('Ctrl Pts',(21.6009736702702,-19.9394651802355,32.1565804604033));
#4774=CARTESIAN_POINT('Ctrl Pts',(22.1486867380538,-19.9801386861959,31.5869463479686));
#4775=CARTESIAN_POINT('Ctrl Pts',(22.3064524399036,-19.9993522580051,31.0003915167492));
#4776=CARTESIAN_POINT('Ctrl Pts',(22.1014259998163,-19.9737554304494,30.2159741108046));
#4777=CARTESIAN_POINT('Ctrl Pts',(20.8218748810236,-19.8890445718977,29.2914174377313));
#4778=CARTESIAN_POINT('Ctrl Pts',(18.9414396487638,-19.9117221779638,29.3958932232927));
#4779=CARTESIAN_POINT('Ctrl Pts',(17.9397461146242,-19.9740215287692,30.1552928497705));
#4780=CARTESIAN_POINT('Ctrl Pts',(17.7301262658471,-19.992867965644,30.7157611266112));
#4781=CARTESIAN_POINT('Ctrl Pts',(17.7301262658471,-19.992867965644,31.000000461936));
#4782=CARTESIAN_POINT('Origin',(3.18198051533946,-3.18198051533946,31.000000461936));
#4783=CARTESIAN_POINT('',(2.05060966544099,-4.31335136523794,31.000000461936));
#4784=CARTESIAN_POINT('Ctrl Pts',(-15.7693075112572,13.096758190325,31.000000461936));
#4785=CARTESIAN_POINT('Ctrl Pts',(-15.7693075112572,13.096758190325,30.4283554087372));
#4786=CARTESIAN_POINT('Ctrl Pts',(-15.4843067473213,13.590393993658,29.2943784069281));
#4787=CARTESIAN_POINT('Ctrl Pts',(-14.5452170446403,15.2169450715661,28.8839771778968));
#4788=CARTESIAN_POINT('Ctrl Pts',(-13.7812390376021,16.5401937956215,30.0466285033397));
#4789=CARTESIAN_POINT('Ctrl Pts',(-13.7838080451335,16.5357441440521,31.9511670415372));
#4790=CARTESIAN_POINT('Ctrl Pts',(-14.5442746446471,15.2185773562354,33.1207457894272));
#4791=CARTESIAN_POINT('Ctrl Pts',(-15.4846856009024,13.5897378000068,32.7023570690435));
#4792=CARTESIAN_POINT('Ctrl Pts',(-15.7693075112572,13.096758190325,31.5716455151348));
#4793=CARTESIAN_POINT('Ctrl Pts',(-15.7693075112572,13.096758190325,31.000000461936));
#4794=CARTESIAN_POINT('Ctrl Pts',(-15.6485968331386,13.1126500525847,31.000000461936));
#4795=CARTESIAN_POINT('Ctrl Pts',(-15.6485968331386,13.1126500525847,30.4513137785309));
#4796=CARTESIAN_POINT('Ctrl Pts',(-15.3677985886337,13.5938675736275,29.3639636438221));
#4797=CARTESIAN_POINT('Ctrl Pts',(-14.4663201931532,15.1519374927166,29.0048087205125));
#4798=CARTESIAN_POINT('Ctrl Pts',(-13.7626878057901,16.3794428578564,30.1175108228689));
#4799=CARTESIAN_POINT('Ctrl Pts',(-13.7649813119444,16.3754279843632,31.8808013368321));
#4800=CARTESIAN_POINT('Ctrl Pts',(-14.465069260545,15.1539641136459,32.9995679659429));
#4801=CARTESIAN_POINT('Ctrl Pts',(-15.3683036832455,13.5931050357195,32.6326849167669));
#4802=CARTESIAN_POINT('Ctrl Pts',(-15.6485968331386,13.1126500525847,31.5486871453411));
#4803=CARTESIAN_POINT('Ctrl Pts',(-15.6485968331386,13.1126500525847,31.000000461936));
#4804=CARTESIAN_POINT('Ctrl Pts',(-15.5278861550199,13.1285419148445,31.000000461936));
#4805=CARTESIAN_POINT('Ctrl Pts',(-15.5278861550199,13.1285419148445,30.4742721483245));
#4806=CARTESIAN_POINT('Ctrl Pts',(-15.2512904299462,13.597341153597,29.4335488807162));
#4807=CARTESIAN_POINT('Ctrl Pts',(-14.387423341666,15.086929913867,29.1256402631281));
#4808=CARTESIAN_POINT('Ctrl Pts',(-13.7441365739781,16.2186919200913,30.1883931423981));
#4809=CARTESIAN_POINT('Ctrl Pts',(-13.7461545787552,16.2151118246743,31.8104356321269));
#4810=CARTESIAN_POINT('Ctrl Pts',(-14.3858638764429,15.0893508710565,32.8783901424586));
#4811=CARTESIAN_POINT('Ctrl Pts',(-15.2519217655886,13.5964722714322,32.5630127644904));
#4812=CARTESIAN_POINT('Ctrl Pts',(-15.5278861550199,13.1285419148445,31.5257287755475));
#4813=CARTESIAN_POINT('Ctrl Pts',(-15.5278861550199,13.1285419148445,31.000000461936));
#4814=CARTESIAN_POINT('Ctrl Pts',(-15.4071754769013,13.1444337771043,31.000000461936));
#4815=CARTESIAN_POINT('Ctrl Pts',(-15.4071754769013,13.1444337771043,30.4972305181182));
#4816=CARTESIAN_POINT('Ctrl Pts',(-15.1347822712586,13.6008147335665,29.5031341176102));
#4817=CARTESIAN_POINT('Ctrl Pts',(-14.3085264901789,15.0219223350175,29.2464718057438));
#4818=CARTESIAN_POINT('Ctrl Pts',(-13.725585342166,16.0579409823263,30.2592754619273));
#4819=CARTESIAN_POINT('Ctrl Pts',(-13.7273278455661,16.0547956649854,31.7400699274218));
#4820=CARTESIAN_POINT('Ctrl Pts',(-14.3066584923408,15.024737628467,32.7572123189743));
#4821=CARTESIAN_POINT('Ctrl Pts',(-15.1355398479317,13.5998395071448,32.4933406122138));
#4822=CARTESIAN_POINT('Ctrl Pts',(-15.4071754769013,13.1444337771043,31.5027704057538));
#4823=CARTESIAN_POINT('Ctrl Pts',(-15.4071754769013,13.1444337771043,31.000000461936));
#4824=CARTESIAN_POINT('',(-15.4071754769013,13.1444337771043,31.000000461936));
#4825=CARTESIAN_POINT('',(-15.7693075112572,13.096758190325,31.000000461936));
#4826=CARTESIAN_POINT('Ctrl Pts',(-15.4071754769013,13.1444337771043,31.000000461936));
#4827=CARTESIAN_POINT('Ctrl Pts',(-15.4071754769013,13.1444337771043,30.4972305181182));
#4828=CARTESIAN_POINT('Ctrl Pts',(-15.1347822712586,13.6008147335665,29.5031341176102));
#4829=CARTESIAN_POINT('Ctrl Pts',(-14.3085264901789,15.0219223350175,29.2464718057438));
#4830=CARTESIAN_POINT('Ctrl Pts',(-13.725585342166,16.0579409823263,30.2592754619273));
#4831=CARTESIAN_POINT('Ctrl Pts',(-13.7273278455661,16.0547956649854,31.7400699274218));
#4832=CARTESIAN_POINT('Ctrl Pts',(-14.3066584923408,15.024737628467,32.7572123189743));
#4833=CARTESIAN_POINT('Ctrl Pts',(-15.1355398479317,13.5998395071448,32.4933406122138));
#4834=CARTESIAN_POINT('Ctrl Pts',(-15.4071754769013,13.1444337771043,31.5027704057538));
#4835=CARTESIAN_POINT('Ctrl Pts',(-15.4071754769013,13.1444337771043,31.000000461936));
#4836=CARTESIAN_POINT('Origin',(3.18198051533946,-3.18198051533946,31.000000461936));
#4837=CARTESIAN_POINT('',(2.05060966544099,-4.31335136523794,31.000000461936));
#4838=CARTESIAN_POINT('Ctrl Pts',(13.8128656226011,16.4854149435334,31.000000461936));
#4839=CARTESIAN_POINT('Ctrl Pts',(13.8128656226011,16.4854149435334,30.7141779353366));
#4840=CARTESIAN_POINT('Ctrl Pts',(13.8808268921077,16.367702571801,30.144116102843));
#4841=CARTESIAN_POINT('Ctrl Pts',(14.2558932430179,15.7180685958151,29.228215312061));
#4842=CARTESIAN_POINT('Ctrl Pts',(15.0365034547092,14.3660120482586,28.8819127824596));
#4843=CARTESIAN_POINT('Ctrl Pts',(15.800226485459,13.0432049560896,30.0481849275606));
#4844=CARTESIAN_POINT('Ctrl Pts',(15.7996946857637,13.0441260601813,31.9515914363245));
#4845=CARTESIAN_POINT('Ctrl Pts',(15.0365199067572,14.3659835524757,33.1187930303195));
#4846=CARTESIAN_POINT('Ctrl Pts',(14.2558430449141,15.7181555414814,32.7718288907373));
#4847=CARTESIAN_POINT('Ctrl Pts',(13.8809027159053,16.3675712411312,31.855619832762));
#4848=CARTESIAN_POINT('Ctrl Pts',(13.8128656226011,16.4854149435334,31.2858229885354));
#4849=CARTESIAN_POINT('Ctrl Pts',(13.8128656226011,16.4854149435334,31.000000461936));
#4850=CARTESIAN_POINT('Ctrl Pts',(13.7921549444824,16.3281017250363,31.000000461936));
#4851=CARTESIAN_POINT('Ctrl Pts',(13.7921549444824,16.3281017250363,30.7336741413237));
#4852=CARTESIAN_POINT('Ctrl Pts',(13.8541930868735,16.2197201253664,30.2022800085422));
#4853=CARTESIAN_POINT('Ctrl Pts',(14.1989180600312,15.6182829611072,29.3387654539393));
#4854=CARTESIAN_POINT('Ctrl Pts',(14.9336431324115,14.342124332705,28.9841473006167));
#4855=CARTESIAN_POINT('Ctrl Pts',(15.6785863612927,13.0609586077239,30.0823082687046));
#4856=CARTESIAN_POINT('Ctrl Pts',(15.6780344947382,13.0618762075839,31.9174756279966));
#4857=CARTESIAN_POINT('Ctrl Pts',(14.933617921855,14.3421685544362,33.0164378578505));
#4858=CARTESIAN_POINT('Ctrl Pts',(14.1988617711431,15.6183703802689,32.661304492866));
#4859=CARTESIAN_POINT('Ctrl Pts',(13.8542865106434,16.2195643359628,31.7974944351728));
#4860=CARTESIAN_POINT('Ctrl Pts',(13.7921549444824,16.3281017250363,31.2663267825483));
#4861=CARTESIAN_POINT('Ctrl Pts',(13.7921549444824,16.3281017250363,31.000000461936));
#4862=CARTESIAN_POINT('Ctrl Pts',(13.7714442663638,16.1707885065392,31.000000461936));
#4863=CARTESIAN_POINT('Ctrl Pts',(13.7714442663638,16.1707885065392,30.7531703473108));
#4864=CARTESIAN_POINT('Ctrl Pts',(13.8275592816393,16.0717376789317,30.2604439142413));
#4865=CARTESIAN_POINT('Ctrl Pts',(14.1419428770446,15.5184973263993,29.4493155958176));
#4866=CARTESIAN_POINT('Ctrl Pts',(14.8307828101137,14.3182366171513,29.0863818187739));
#4867=CARTESIAN_POINT('Ctrl Pts',(15.5569462371264,13.0787122593582,30.1164316098485));
#4868=CARTESIAN_POINT('Ctrl Pts',(15.5563743037128,13.0796263549865,31.8833598196688));
#4869=CARTESIAN_POINT('Ctrl Pts',(14.8307159369527,14.3183535563967,32.9140826853815));
#4870=CARTESIAN_POINT('Ctrl Pts',(14.1418804973722,15.5185852190563,32.5507800949946));
#4871=CARTESIAN_POINT('Ctrl Pts',(13.8276703053815,16.0715574307945,31.7393690375837));
#4872=CARTESIAN_POINT('Ctrl Pts',(13.7714442663638,16.1707885065392,31.2468305765612));
#4873=CARTESIAN_POINT('Ctrl Pts',(13.7714442663638,16.1707885065392,31.000000461936));
#4874=CARTESIAN_POINT('Ctrl Pts',(13.7507335882451,16.0134752880421,31.000000461936));
#4875=CARTESIAN_POINT('Ctrl Pts',(13.7507335882451,16.0134752880421,30.7726665532979));
#4876=CARTESIAN_POINT('Ctrl Pts',(13.8009254764051,15.923755232497,30.3186078199405));
#4877=CARTESIAN_POINT('Ctrl Pts',(14.0849676940579,15.4187116916915,29.5598657376959));
#4878=CARTESIAN_POINT('Ctrl Pts',(14.7279224878159,14.2943489015977,29.1886163369311));
#4879=CARTESIAN_POINT('Ctrl Pts',(15.4353061129601,13.0964659109925,30.1505549509926));
#4880=CARTESIAN_POINT('Ctrl Pts',(15.4347141126873,13.0973765023891,31.8492440113408));
#4881=CARTESIAN_POINT('Ctrl Pts',(14.7278139520505,14.2945385583572,32.8117275129125));
#4882=CARTESIAN_POINT('Ctrl Pts',(14.0848992236012,15.4188000578438,32.4402556971232));
#4883=CARTESIAN_POINT('Ctrl Pts',(13.8010541001196,15.9235505256261,31.6812436399945));
#4884=CARTESIAN_POINT('Ctrl Pts',(13.7507335882451,16.0134752880421,31.2273343705741));
#4885=CARTESIAN_POINT('Ctrl Pts',(13.7507335882451,16.0134752880421,31.000000461936));
#4886=CARTESIAN_POINT('',(13.7507335882451,16.0134752880421,31.000000461936));
#4887=CARTESIAN_POINT('',(13.8128656226011,16.4854149435334,31.000000461936));
#4888=CARTESIAN_POINT('Ctrl Pts',(13.7507335882451,16.0134752880421,31.000000461936));
#4889=CARTESIAN_POINT('Ctrl Pts',(13.7507335882451,16.0134752880421,30.7726665532979));
#4890=CARTESIAN_POINT('Ctrl Pts',(13.8009254764051,15.923755232497,30.3186078199405));
#4891=CARTESIAN_POINT('Ctrl Pts',(14.0849676940579,15.4187116916915,29.5598657376959));
#4892=CARTESIAN_POINT('Ctrl Pts',(14.7279224878159,14.2943489015977,29.1886163369311));
#4893=CARTESIAN_POINT('Ctrl Pts',(15.4353061129601,13.0964659109925,30.1505549509926));
#4894=CARTESIAN_POINT('Ctrl Pts',(15.4347141126873,13.0973765023891,31.8492440113408));
#4895=CARTESIAN_POINT('Ctrl Pts',(14.7278139520505,14.2945385583572,32.8117275129125));
#4896=CARTESIAN_POINT('Ctrl Pts',(14.0848992236012,15.4188000578438,32.4402556971232));
#4897=CARTESIAN_POINT('Ctrl Pts',(13.8010541001196,15.9235505256261,31.6812436399945));
#4898=CARTESIAN_POINT('Ctrl Pts',(13.7507335882451,16.0134752880421,31.2273343705741));
#4899=CARTESIAN_POINT('Ctrl Pts',(13.7507335882451,16.0134752880421,31.000000461936));
#4900=CARTESIAN_POINT('Origin',(3.18198051533946,3.18198051533946,31.000000461936));
#4901=CARTESIAN_POINT('',(2.05060966544099,4.31335136523794,31.000000461936));
#4902=CARTESIAN_POINT('Origin',(-17.4980432834646,-19.705,0.5));
#4903=CARTESIAN_POINT('',(31.5319849517914,-19.205,0.));
#4904=CARTESIAN_POINT('',(31.5319849517914,-19.205,0.));
#4905=CARTESIAN_POINT('',(-31.5319849517914,-19.205,0.));
#4906=CARTESIAN_POINT('',(-31.5319849517914,-20.205,1.));
#4907=CARTESIAN_POINT('',(-17.4980432834646,-19.205,0.));
#4908=CARTESIAN_POINT('Origin',(31.5319849517914,-18.205,0.5));
#4909=CARTESIAN_POINT('',(32.3980103555758,-17.705,0.));
#4910=CARTESIAN_POINT('',(32.3980103555758,-17.705,0.));
#4911=CARTESIAN_POINT('Origin',(31.5319849517914,-18.205,0.));
#4912=CARTESIAN_POINT('Origin',(23.6267968128716,-1.51281250000001,0.5));
#4913=CARTESIAN_POINT('',(0.866025403784443,36.91,0.));
#4914=CARTESIAN_POINT('',(0.866025403784443,36.91,0.));
#4915=CARTESIAN_POINT('',(23.1937841109794,-1.76281250000001,0.));
#4916=CARTESIAN_POINT('Origin',(0.,36.41,0.5));
#4917=CARTESIAN_POINT('',(-0.866025403784438,36.91,0.));
#4918=CARTESIAN_POINT('',(-0.866025403784438,36.91,0.));
#4919=CARTESIAN_POINT('Origin',(0.,36.41,0.));
#4920=CARTESIAN_POINT('Origin',(-6.128753529407,28.7946875,0.5));
#4921=CARTESIAN_POINT('',(-32.3980103555758,-17.705,0.));
#4922=CARTESIAN_POINT('',(-32.3980103555758,-17.705,0.));
#4923=CARTESIAN_POINT('',(-5.69574082751478,28.5446875,0.));
#4924=CARTESIAN_POINT('Origin',(-31.5319849517914,-18.205,0.5));
#4925=CARTESIAN_POINT('Origin',(-31.5319849517914,-18.205,0.));
#4926=CARTESIAN_POINT('Origin',(-1.33226762955019E-14,10.1025,0.));
#4927=CARTESIAN_POINT('Origin',(23.6267968128716,-1.51281250000001,34.5));
#4928=CARTESIAN_POINT('',(1.73205080756888,37.41,34.));
#4929=CARTESIAN_POINT('',(32.3980103555758,-17.705,35.));
#4930=CARTESIAN_POINT('Origin',(0.,36.41,34.5));
#4931=CARTESIAN_POINT('',(-1.73205080756888,37.41,34.));
#4932=CARTESIAN_POINT('Origin',(-6.128753529407,28.7946875,34.5));
#4933=CARTESIAN_POINT('',(-33.2640357593603,-17.205,34.));
#4934=CARTESIAN_POINT('Origin',(-31.5319849517914,-18.205,34.5));
#4935=CARTESIAN_POINT('',(-31.5319849517914,-20.205,34.));
#4936=CARTESIAN_POINT('Origin',(-17.4980432834646,-19.705,34.5));
#4937=CARTESIAN_POINT('',(31.5319849517914,-20.205,34.));
#4938=CARTESIAN_POINT('Origin',(31.5319849517914,-18.205,34.5));
#4939=UNCERTAINTY_MEASURE_WITH_UNIT(LENGTH_MEASURE(0.01),#4943,
'DISTANCE_ACCURACY_VALUE',
'Maximum model space distance between geometric entities at asserted c
onnectivities');
#4940=UNCERTAINTY_MEASURE_WITH_UNIT(LENGTH_MEASURE(0.01),#4943,
'DISTANCE_ACCURACY_VALUE',
'Maximum model space distance between geometric entities at asserted c
onnectivities');
#4941=(
GEOMETRIC_REPRESENTATION_CONTEXT(3)
GLOBAL_UNCERTAINTY_ASSIGNED_CONTEXT((#4939))
GLOBAL_UNIT_ASSIGNED_CONTEXT((#4943,#4945,#4946))
REPRESENTATION_CONTEXT('','3D')
);
#4942=(
GEOMETRIC_REPRESENTATION_CONTEXT(3)
GLOBAL_UNCERTAINTY_ASSIGNED_CONTEXT((#4940))
GLOBAL_UNIT_ASSIGNED_CONTEXT((#4943,#4945,#4946))
REPRESENTATION_CONTEXT('','3D')
);
#4943=(
LENGTH_UNIT()
NAMED_UNIT(*)
SI_UNIT(.MILLI.,.METRE.)
);
#4944=(
LENGTH_UNIT()
NAMED_UNIT(*)
SI_UNIT($,.METRE.)
);
#4945=(
NAMED_UNIT(*)
PLANE_ANGLE_UNIT()
SI_UNIT($,.RADIAN.)
);
#4946=(
NAMED_UNIT(*)
SI_UNIT($,.STERADIAN.)
SOLID_ANGLE_UNIT()
);
#4947=SHAPE_DEFINITION_REPRESENTATION(#4948,#4949);
#4948=PRODUCT_DEFINITION_SHAPE('',$,#4951);
#4949=SHAPE_REPRESENTATION('',(#2499),#4941);
#4950=PRODUCT_DEFINITION_CONTEXT('part definition',#4955,'design');
#4951=PRODUCT_DEFINITION('2026-06-20-16-40-00-085','Middle Section',#4952,
#4950);
#4952=PRODUCT_DEFINITION_FORMATION('',$,#4957);
#4953=PRODUCT_RELATED_PRODUCT_CATEGORY('Middle Section',
'Middle Section',(#4957));
#4954=APPLICATION_PROTOCOL_DEFINITION('international standard',
'automotive_design',2009,#4955);
#4955=APPLICATION_CONTEXT(
'Core Data for Automotive Mechanical Design Process');
#4956=PRODUCT_CONTEXT('part definition',#4955,'mechanical');
#4957=PRODUCT('2026-06-20-16-40-00-085','Middle Section',$,(#4956));
#4958=PRESENTATION_STYLE_ASSIGNMENT((#4959));
#4959=SURFACE_STYLE_USAGE(.BOTH.,#4960);
#4960=SURFACE_SIDE_STYLE('',(#4961));
#4961=SURFACE_STYLE_FILL_AREA(#4962);
#4962=FILL_AREA_STYLE('Steel - Satin',(#4963));
#4963=FILL_AREA_STYLE_COLOUR('Steel - Satin',#4964);
#4964=COLOUR_RGB('Steel - Satin',0.627450980392157,0.627450980392157,0.627450980392157);
ENDSEC;
END-ISO-10303-21;
